{ "type": "FeatureCollection", "features": [{"type":"Feature","geometry":{"type":"Point","coordinates":[-74.15796802047609,40.59164028413836]},"properties":{"tpcondition":"Excellent","stumpdiameter":null,"riskratingdate":null,"riskrating":null,"objectid":"10113204","globalid":"1A646B1C-F7BC-4ED7-8D33-BF00D2289B60","tpstructure":"Full","plantingspaceglobalid":"3B056A22-4F54-46B9-A03F-455211CF586C","createddate":"2019-11-19 18:45:00.0000000","dbh":"2","planteddate":"2019-06-21 04:00:00.0000000","updateddate":null,"geometry":"POINT(-74.15796802047609 40.59164028413836)","genusspecies":"Syringa reticulata 'Ivory Silk' - 'Ivory Silk' Japanese tree lilac"}},{"type":"Feature","geometry":{"type":"Point","coordinates":[-74.2237141484571,40.50536078299506]},"properties":{"tpcondition":"Good","stumpdiameter":null,"riskratingdate":"2023-04-05 15:27:43.0000000","riskrating":"3","objectid":"10113205","globalid":"41FE8AB7-49F9-4C8E-B9F5-FB0E3B966FBB","tpstructure":"Full","plantingspaceglobalid":"011FF078-5764-4594-8941-BAF5B51AAB79","createddate":"2019-11-19 18:51:00.0000000","dbh":"3","planteddate":"2019-06-19 04:00:00.0000000","updateddate":"2023-04-05 15:27:43.0000000","geometry":"POINT(-74.2237141484571 40.50536078299506)","genusspecies":"Acer campestre - hedge maple"}},{"type":"Feature","geometry":{"type":"Point","coordinates":[-73.94566196223415,40.651224587492294]},"properties":{"tpcondition":"Good","stumpdiameter":null,"riskratingdate":null,"riskrating":null,"objectid":"10113206","globalid":"1DD50EF6-5771-48CF-A943-73DA7A12D2CF","tpstructure":"Retired","plantingspaceglobalid":"9208824F-B836-4B4F-94AD-87447C81096C","createddate":"2019-11-19 18:57:00.0000000","dbh":"1","planteddate":null,"updateddate":"2023-04-21 12:23:00.0000000","geometry":"POINT(-73.94566196223415 40.651224587492294)","genusspecies":"Ailanthus altissima - tree of heaven"}},{"type":"Feature","geometry":{"type":"Point","coordinates":[-74.16699797152454,40.59397046114399]},"properties":{"tpcondition":"Excellent","stumpdiameter":null,"riskratingdate":null,"riskrating":null,"objectid":"10113207","globalid":"64D2F148-F952-4350-A046-5328BF80294F","tpstructure":"Full","plantingspaceglobalid":"C1D45D04-DFE3-421B-9E30-AEFEF3AB6151","createddate":"2019-11-19 18:58:00.0000000","dbh":"3","planteddate":"2019-05-28 04:00:00.0000000","updateddate":null,"geometry":"POINT(-74.16699797152454 40.59397046114399)","genusspecies":"Acer griseum - paperbark maple"}},{"type":"Feature","geometry":{"type":"Point","coordinates":[-73.94105033684136,40.79827209687989]},"properties":{"tpcondition":"Fair","stumpdiameter":null,"riskratingdate":"2019-11-19 18:58:43.0000000","riskrating":"5","objectid":"10113208","globalid":"7BFEA04F-43D1-46BA-97E7-4A2EE04F5BAC","tpstructure":"Full","plantingspaceglobalid":"0C35984E-698E-40FD-B784-AAA21D330C6F","createddate":"2019-11-19 18:58:00.0000000","dbh":"4","planteddate":null,"updateddate":"2019-11-19 18:58:43.0000000","geometry":"POINT(-73.94105033684136 40.79827209687989)","genusspecies":"Zelkova serrata - Japanese zelkova"}},{"type":"Feature","geometry":{"type":"Point","coordinates":[-74.16676652385885,40.593910039884044]},"properties":{"tpcondition":"Excellent","stumpdiameter":null,"riskratingdate":null,"riskrating":null,"objectid":"10113209","globalid":"9B9BB7A2-EF67-4E1C-977E-D21946EE71BE","tpstructure":"Full","plantingspaceglobalid":"95FA773D-1F08-4BEB-8F96-A52FE7D84584","createddate":"2019-11-19 19:01:00.0000000","dbh":"3","planteddate":"2019-05-28 04:00:00.0000000","updateddate":"2019-11-19 19:02:00.0000000","geometry":"POINT(-74.16676652385885 40.593910039884044)","genusspecies":"Acer griseum - paperbark maple"}},{"type":"Feature","geometry":{"type":"Point","coordinates":[-73.94560548935016,40.65061353547465]},"properties":{"tpcondition":"Fair","stumpdiameter":null,"riskratingdate":null,"riskrating":null,"objectid":"10113210","globalid":"34FC35F0-CB56-4ADA-BF07-11BE3340762D","tpstructure":"Full","plantingspaceglobalid":"13978161-4E0F-47BD-9133-A28E91F8C01B","createddate":"2019-11-19 19:06:00.0000000","dbh":"4","planteddate":null,"updateddate":null,"geometry":"POINT(-73.94560548935016 40.65061353547465)","genusspecies":"Prunus serrulata 'Green leaf' - 'Green leaf' Japanese flowering cherry"}},{"type":"Feature","geometry":{"type":"Point","coordinates":[-74.09063969341598,40.599212980736176]},"properties":{"tpcondition":"Excellent","stumpdiameter":null,"riskratingdate":"2023-09-05 14:29:09.0000000","riskrating":"3","objectid":"10113211","globalid":"4BFBBB95-AF0A-4516-8EED-7D97FB2461D8","tpstructure":"Full","plantingspaceglobalid":"B3DA1F6D-684B-453A-928B-5D7656DFA131","createddate":"2019-11-19 19:13:00.0000000","dbh":"4","planteddate":"2019-06-27 04:00:00.0000000","updateddate":"2023-09-05 14:29:09.0000000","geometry":"POINT(-74.09063969341598 40.599212980736176)","genusspecies":"Celtis occidentalis - common hackberry"}},{"type":"Feature","geometry":{"type":"Point","coordinates":[-73.945557360006,40.6501738310116]},"properties":{"tpcondition":"Good","stumpdiameter":null,"riskratingdate":"2019-11-19 19:18:09.0000000","riskrating":"6","objectid":"10113212","globalid":"E46DA2DC-BF05-4883-B72D-FCC546E6E2EE","tpstructure":"Full","plantingspaceglobalid":"E6F56DFD-E4E3-4B93-A1E1-2FC11065E466","createddate":"2019-11-19 19:17:00.0000000","dbh":"7","planteddate":null,"updateddate":"2019-11-19 19:18:08.0000000","geometry":"POINT(-73.945557360006 40.6501738310116)","genusspecies":"Maackia amurensis - Amur maackia"}},{"type":"Feature","geometry":{"type":"Point","coordinates":[-73.94099014703977,40.79845322958526]},"properties":{"tpcondition":"Fair","stumpdiameter":null,"riskratingdate":"2019-11-19 19:21:36.0000000","riskrating":"6","objectid":"10113213","globalid":"ABC94CE9-93D0-458C-9059-C69D30107A20","tpstructure":"Full","plantingspaceglobalid":"81CAF8AA-4E18-405C-A3C8-F0A6A26FC83B","createddate":"2019-11-19 19:21:00.0000000","dbh":"7","planteddate":null,"updateddate":"2019-11-19 19:21:35.0000000","geometry":"POINT(-73.94099014703977 40.79845322958526)","genusspecies":"Zelkova serrata - Japanese zelkova"}},{"type":"Feature","geometry":{"type":"Point","coordinates":[-73.94548119073833,40.64952065311742]},"properties":{"tpcondition":"Good","stumpdiameter":null,"riskratingdate":null,"riskrating":null,"objectid":"10113214","globalid":"DAEC867A-0EB6-4F21-B083-002961957605","tpstructure":"Full","plantingspaceglobalid":"D8098ECA-ABBB-4BCD-8053-8EDC425567FD","createddate":"2019-11-19 19:22:00.0000000","dbh":"3","planteddate":null,"updateddate":null,"geometry":"POINT(-73.94548119073833 40.64952065311742)","genusspecies":"Cercidiphyllum japonicum - katsura tree"}},{"type":"Feature","geometry":{"type":"Point","coordinates":[-73.94088042414496,40.79842253190247]},"properties":{"tpcondition":"Fair","stumpdiameter":null,"riskratingdate":"2019-11-19 19:24:04.0000000","riskrating":"6","objectid":"10113215","globalid":"CE22D812-DE1D-4F54-A9CB-16643F36826D","tpstructure":"Full","plantingspaceglobalid":"9B392DA8-45AB-40B9-BF59-E6D90D5D372D","createddate":"2019-11-19 19:23:00.0000000","dbh":"5","planteddate":null,"updateddate":"2019-11-19 19:24:03.0000000","geometry":"POINT(-73.94088042414496 40.79842253190247)","genusspecies":"Zelkova serrata - Japanese zelkova"}},{"type":"Feature","geometry":{"type":"Point","coordinates":[-74.15855976411744,40.55386300876961]},"properties":{"tpcondition":"Dead","stumpdiameter":"3","riskratingdate":"2025-05-08 16:18:55.0000000","riskrating":"6","objectid":"10113216","globalid":"EDFE55EE-396C-41A2-9884-C0C51D6E3B5F","tpstructure":"Stump","plantingspaceglobalid":"45911E1C-0167-4D14-8975-F80909E9286C","createddate":"2019-11-19 19:39:00.0000000","dbh":"2","planteddate":"2019-06-20 04:00:00.0000000","updateddate":"2025-05-22 16:53:14.0000000","geometry":"POINT(-74.15855976411744 40.55386300876961)","genusspecies":"Cladrastis kentukea - Kentucky yellowwood"}},{"type":"Feature","geometry":{"type":"Point","coordinates":[-74.14731873144868,40.5542544262753]},"properties":{"tpcondition":"Good","stumpdiameter":null,"riskratingdate":"2025-08-27 14:07:04.0000000","riskrating":"4","objectid":"10113217","globalid":"604D2064-D5F4-4567-B57B-876971664311","tpstructure":"Full","plantingspaceglobalid":"DE0FB3F5-3570-4FEE-9B13-1D3ED6EEE22E","createddate":"2019-11-19 21:36:00.0000000","dbh":"2","planteddate":"2019-06-20 04:00:00.0000000","updateddate":"2025-08-27 14:07:04.0000000","geometry":"POINT(-74.14731873144868 40.5542544262753)","genusspecies":"Carpinus caroliniana - American hornbeam"}},{"type":"Feature","geometry":{"type":"Point","coordinates":[-73.96044564340814,40.71584601837573]},"properties":{"tpcondition":"Dead","stumpdiameter":"3","riskratingdate":"2020-04-17 17:04:00.0000000","riskrating":"6","objectid":"10113856","globalid":"0B377E54-C295-4038-97AB-94DC5FAE6FD4","tpstructure":"Retired","plantingspaceglobalid":"6EDBCDB5-DDF5-4936-9292-5839441E88C3","createddate":"2019-11-19 18:36:00.0000000","dbh":"3","planteddate":null,"updateddate":"2022-04-06 16:49:52.0000000","geometry":"POINT(-73.96044564340814 40.71584601837573)","genusspecies":"Carpinus betulus - European hornbeam"}},{"type":"Feature","geometry":{"type":"Point","coordinates":[-73.94561981267235,40.650777757480604]},"properties":{"tpcondition":"Good","stumpdiameter":null,"riskratingdate":"2019-11-19 19:04:35.0000000","riskrating":"6","objectid":"10113857","globalid":"A9A242E2-47A7-4F86-81D0-19315CAD3FF5","tpstructure":"Full","plantingspaceglobalid":"594B9F63-ABBB-4945-BA4E-B812137F3F7C","createddate":"2019-11-19 19:03:00.0000000","dbh":"4","planteddate":null,"updateddate":"2019-11-19 19:04:35.0000000","geometry":"POINT(-73.94561981267235 40.650777757480604)","genusspecies":"Prunus serrulata 'Green leaf' - 'Green leaf' Japanese flowering cherry"}},{"type":"Feature","geometry":{"type":"Point","coordinates":[-74.09551958912868,40.60301566842941]},"properties":{"tpcondition":"Excellent","stumpdiameter":null,"riskratingdate":null,"riskrating":null,"objectid":"10113858","globalid":"81B71CA4-2787-481C-B193-FCF2E1BC0CDF","tpstructure":"Full","plantingspaceglobalid":"E272E814-8971-4C9A-A9E4-5D9AB956AC2A","createddate":"2019-11-19 19:05:00.0000000","dbh":"3","planteddate":"2019-06-27 04:00:00.0000000","updateddate":null,"geometry":"POINT(-74.09551958912868 40.60301566842941)","genusspecies":"Acer griseum - paperbark maple"}},{"type":"Feature","geometry":{"type":"Point","coordinates":[-73.94545718400775,40.64930473991554]},"properties":{"tpcondition":"Good","stumpdiameter":null,"riskratingdate":"2019-11-19 19:27:03.0000000","riskrating":"5","objectid":"10113859","globalid":"E0ED5C9F-6123-4AD7-8D6F-78C5E3873A46","tpstructure":"Full","plantingspaceglobalid":"D3D7170F-8A26-4A56-8412-4018FEC53ABF","createddate":"2019-11-19 19:26:00.0000000","dbh":"5","planteddate":null,"updateddate":"2019-11-19 19:27:03.0000000","geometry":"POINT(-73.94545718400775 40.64930473991554)","genusspecies":"Cercidiphyllum japonicum - katsura tree"}},{"type":"Feature","geometry":{"type":"Point","coordinates":[-73.96035357317145,40.71577217894039]},"properties":{"tpcondition":"Dead","stumpdiameter":"3","riskratingdate":"2020-04-17 17:04:00.0000000","riskrating":"6","objectid":"10114287","globalid":"AA207ADB-3C24-4CB4-A666-6E67EAD9D7D0","tpstructure":"Retired","plantingspaceglobalid":"EDD08BAE-5551-4967-97EB-34489E803812","createddate":"2019-11-19 18:42:00.0000000","dbh":"3","planteddate":null,"updateddate":"2022-04-06 16:47:13.0000000","geometry":"POINT(-73.96035357317145 40.71577217894039)","genusspecies":"Carpinus betulus - European hornbeam"}},{"type":"Feature","geometry":{"type":"Point","coordinates":[-74.15494395562528,40.55008050725101]},"properties":{"tpcondition":"Excellent","stumpdiameter":null,"riskratingdate":null,"riskrating":null,"objectid":"10114288","globalid":"D03E3A73-DB74-473E-A07D-2130CEE0B960","tpstructure":"Full","plantingspaceglobalid":"B22A7EC6-1199-491F-B9EB-88962B24D064","createddate":"2019-11-19 19:19:00.0000000","dbh":"2","planteddate":"2019-06-20 04:00:00.0000000","updateddate":null,"geometry":"POINT(-74.15494395562528 40.55008050725101)","genusspecies":"Betula nigra 'Heritage' - 'Heritage' River birch"}},{"type":"Feature","geometry":{"type":"Point","coordinates":[-74.12703506121572,40.61293529950063]},"properties":{"tpcondition":"Excellent","stumpdiameter":null,"riskratingdate":null,"riskrating":null,"objectid":"10114289","globalid":"280F4ACA-C146-4DA1-BBDB-DBB3D600CD17","tpstructure":"Retired","plantingspaceglobalid":"6338D63E-302D-4C40-B6F4-4E8E8E305A95","createddate":"2019-11-19 20:01:00.0000000","dbh":"2","planteddate":"2019-06-27 04:00:00.0000000","updateddate":"2023-01-23 13:16:00.0000000","geometry":"POINT(-74.12703506121572 40.61293529950063)","genusspecies":"Quercus rubra - northern red oak"}},{"type":"Feature","geometry":{"type":"Point","coordinates":[-74.13727178103136,40.57512243289855]},"properties":{"tpcondition":"Dead","stumpdiameter":"32","riskratingdate":null,"riskrating":null,"objectid":"10115187","globalid":"31AF6254-7607-4D1C-AC9F-1690F633C89A","tpstructure":"Stump","plantingspaceglobalid":"FFE2BAD6-4127-49F4-BF3C-6582189B5F61","createddate":"2019-11-20 13:43:00.0000000","dbh":null,"planteddate":null,"updateddate":"2024-03-06 20:58:52.0000000","geometry":"POINT(-74.13727178103136 40.57512243289855)","genusspecies":"Unknown - Unknown"}},{"type":"Feature","geometry":{"type":"Point","coordinates":[-73.88216097935694,40.85779684698535]},"properties":{"tpcondition":"Fair","stumpdiameter":null,"riskratingdate":"2019-11-20 14:08:26.0000000","riskrating":"6","objectid":"10115188","globalid":"23C62C01-9AD0-4280-9C62-6068C2D29C28","tpstructure":"Retired","plantingspaceglobalid":"394798B9-5ACC-4D46-B9CC-4975982D8964","createddate":"2019-11-20 14:06:00.0000000","dbh":"8","planteddate":null,"updateddate":"2024-10-29 18:37:19.0000000","geometry":"POINT(-73.88216097935694 40.85779684698535)","genusspecies":"Acer - maple"}},{"type":"Feature","geometry":{"type":"Point","coordinates":[-74.12736697733814,40.577606689946585]},"properties":{"tpcondition":"Dead","stumpdiameter":null,"riskratingdate":"2019-11-20 14:11:00.0000000","riskrating":"10","objectid":"10115189","globalid":"998BCBFF-D57F-4F1E-A973-137E6E5085F4","tpstructure":"Retired","plantingspaceglobalid":"B04872B2-70C8-429E-99A2-33012E2CBCB1","createddate":"2019-11-20 14:09:00.0000000","dbh":"27","planteddate":null,"updateddate":"2019-11-25 14:35:00.0000000","geometry":"POINT(-74.12736697733814 40.577606689946585)","genusspecies":"Unknown - Unknown"}},{"type":"Feature","geometry":{"type":"Point","coordinates":[-73.93861156387821,40.85029707131976]},"properties":{"tpcondition":"Good","stumpdiameter":null,"riskratingdate":"2024-11-19 17:27:31.0000000","riskrating":"3","objectid":"10115190","globalid":"7B1BE6D1-B580-4F47-A9F7-423A9F79AAC0","tpstructure":"Full","plantingspaceglobalid":"58B94D04-AD6F-4A32-9B56-18A25B7EF473","createddate":"2019-11-20 14:49:00.0000000","dbh":"3","planteddate":null,"updateddate":"2024-11-19 17:27:31.0000000","geometry":"POINT(-73.93861156387821 40.85029707131976)","genusspecies":"Prunus serrulata - Japanese flowering cherry"}},{"type":"Feature","geometry":{"type":"Point","coordinates":[-73.83667336667467,40.77171289282189]},"properties":{"tpcondition":"Dead","stumpdiameter":null,"riskratingdate":"2019-11-20 15:13:00.0000000","riskrating":"5","objectid":"10115191","globalid":"70D1E6B0-6C8D-4D13-AF5F-930C4FAF4E64","tpstructure":"Retired","plantingspaceglobalid":"AF014E0F-9B3D-4511-8F9B-5DB18319E0A4","createddate":"2019-11-20 15:10:00.0000000","dbh":"2","planteddate":null,"updateddate":"2024-01-23 13:50:31.0000000","geometry":"POINT(-73.83667336667467 40.77171289282189)","genusspecies":"Unknown - Unknown"}},{"type":"Feature","geometry":{"type":"Point","coordinates":[-73.97011012446,40.614358715436076]},"properties":{"tpcondition":"Dead","stumpdiameter":"30","riskratingdate":"2019-11-20 16:09:48.0000000","riskrating":"6","objectid":"10115192","globalid":"EB0607EF-5D92-45F8-AC9F-425738C4EE6D","tpstructure":"Stump","plantingspaceglobalid":"C64F6CBB-A237-43B4-880C-022D5209CC86","createddate":"2019-11-20 16:07:00.0000000","dbh":null,"planteddate":null,"updateddate":"2024-01-25 16:18:35.0000000","geometry":"POINT(-73.97011012446 40.614358715436076)","genusspecies":"Ailanthus altissima - tree of heaven"}},{"type":"Feature","geometry":{"type":"Point","coordinates":[-73.87970348892023,40.760386627499486]},"properties":{"tpcondition":"Fair","stumpdiameter":null,"riskratingdate":"2023-02-07 16:00:36.0000000","riskrating":"8","objectid":"10115193","globalid":"FD4912A5-35FC-44BF-A677-E8C56FDBFC0E","tpstructure":"Full","plantingspaceglobalid":"409516BB-D4AD-40E8-9D64-D002EE363BBC","createddate":"2019-11-20 16:36:00.0000000","dbh":"30","planteddate":null,"updateddate":"2023-02-07 16:00:36.0000000","geometry":"POINT(-73.87970348892023 40.760386627499486)","genusspecies":"Acer saccharinum - silver maple"}},{"type":"Feature","geometry":{"type":"Point","coordinates":[-74.20034205949916,40.54685277683457]},"properties":{"tpcondition":"Fair","stumpdiameter":null,"riskratingdate":"2020-02-25 20:18:25.0000000","riskrating":"3","objectid":"10115194","globalid":"700479E8-0E39-4304-98D1-4BAD20CC5683","tpstructure":"Full","plantingspaceglobalid":"B9779506-CBCC-4420-91AA-40DBE77F385A","createddate":"2019-11-20 16:53:00.0000000","dbh":"2","planteddate":null,"updateddate":"2020-02-25 20:18:25.0000000","geometry":"POINT(-74.20034205949916 40.54685277683457)","genusspecies":"Prunus - Cherry"}},{"type":"Feature","geometry":{"type":"Point","coordinates":[-73.88056975371956,40.761046788771914]},"properties":{"tpcondition":"Fair","stumpdiameter":null,"riskratingdate":"2024-07-18 10:43:30.0000000","riskrating":"7","objectid":"10115195","globalid":"9B5BDAD5-A4F1-4293-83BE-6E42ED257C8D","tpstructure":"Full","plantingspaceglobalid":"FCF0E3C9-BC6C-4F48-8260-16C1ADA389E3","createddate":"2019-11-20 16:55:00.0000000","dbh":"40","planteddate":null,"updateddate":"2024-07-18 10:43:30.0000000","geometry":"POINT(-73.88056975371956 40.761046788771914)","genusspecies":"Acer saccharinum - silver maple"}},{"type":"Feature","geometry":{"type":"Point","coordinates":[-73.95314419587838,40.77430231986757]},"properties":{"tpcondition":"Good","stumpdiameter":null,"riskratingdate":"2019-11-20 14:01:00.0000000","riskrating":"3","objectid":"10115613","globalid":"EA9EA1D6-15B2-475B-BAFE-5D851A07FF75","tpstructure":"Retired","plantingspaceglobalid":"048B17B8-9EFB-4F17-88F4-B46562B03722","createddate":"2019-11-20 14:00:00.0000000","dbh":"2","planteddate":null,"updateddate":"2023-08-15 13:25:00.0000000","geometry":"POINT(-73.95314419587838 40.77430231986757)","genusspecies":"Platanus x acerifolia - London planetree"}},{"type":"Feature","geometry":{"type":"Point","coordinates":[-73.89452502068977,40.83223371545677]},"properties":{"tpcondition":"Good","stumpdiameter":null,"riskratingdate":"2019-11-20 15:17:06.0000000","riskrating":"3","objectid":"10115614","globalid":"66717EB4-AF2E-47C2-86CF-062887D07636","tpstructure":"Full","plantingspaceglobalid":"1E459D82-513D-4FA6-8D7B-EB6B05E21F81","createddate":"2019-11-20 15:16:00.0000000","dbh":"2","planteddate":null,"updateddate":"2019-11-20 15:17:06.0000000","geometry":"POINT(-73.89452502068977 40.83223371545677)","genusspecies":"Prunus - Cherry"}},{"type":"Feature","geometry":{"type":"Point","coordinates":[-73.8542940190792,40.719190541015195]},"properties":{"tpcondition":"Dead","stumpdiameter":"27","riskratingdate":null,"riskrating":null,"objectid":"10115615","globalid":"8CA8D9EC-AF20-4171-9CE0-248B84545334","tpstructure":"Retired","plantingspaceglobalid":"6EC98F32-45D3-41E0-84B3-797FC70B2846","createddate":"2019-11-20 15:29:00.0000000","dbh":"27","planteddate":null,"updateddate":"2020-04-06 17:45:00.0000000","geometry":"POINT(-73.8542940190792 40.719190541015195)","genusspecies":"Unknown - Unknown"}},{"type":"Feature","geometry":{"type":"Point","coordinates":[-73.93096226097244,40.62153081426938]},"properties":{"tpcondition":"Good","stumpdiameter":null,"riskratingdate":"2025-10-29 16:15:56.0000000","riskrating":"7","objectid":"10115616","globalid":"AFF5DB93-3CE8-4138-9E2A-87DC418D7669","tpstructure":"Full","plantingspaceglobalid":"1ADABDA7-17AC-425D-9FE2-0ACFEC68CED1","createddate":"2019-11-20 17:00:00.0000000","dbh":"30","planteddate":null,"updateddate":"2025-10-29 16:15:56.0000000","geometry":"POINT(-73.93096226097244 40.62153081426938)","genusspecies":"Gleditsia triacanthos var. inermis - Thornless honeylocust"}},{"type":"Feature","geometry":{"type":"Point","coordinates":[-73.94253550098298,40.651052687193314]},"properties":{"tpcondition":"Good","stumpdiameter":null,"riskratingdate":"2019-11-20 17:14:50.0000000","riskrating":"4","objectid":"10116490","globalid":"8E312845-3573-4F02-8299-A97AB9E6C331","tpstructure":"Full","plantingspaceglobalid":"8BF326B5-235B-464F-ACA1-2654247D2F04","createddate":"2019-11-20 17:12:00.0000000","dbh":"5","planteddate":null,"updateddate":"2019-11-20 17:14:50.0000000","geometry":"POINT(-73.94253550098298 40.651052687193314)","genusspecies":"Maackia amurensis - Amur maackia"}},{"type":"Feature","geometry":{"type":"Point","coordinates":[-73.8918853796291,40.83267239420463]},"properties":{"tpcondition":"Good","stumpdiameter":null,"riskratingdate":"2019-11-20 17:46:30.0000000","riskrating":"3","objectid":"10116491","globalid":"6A9864E1-3297-4A4F-91C2-3570C86CC9CA","tpstructure":"Full","plantingspaceglobalid":"AAEF744C-FEF5-46F4-87D6-025933E9AD8C","createddate":"2019-11-20 17:45:00.0000000","dbh":"3","planteddate":null,"updateddate":"2019-11-20 17:46:30.0000000","geometry":"POINT(-73.8918853796291 40.83267239420463)","genusspecies":"Acer rubrum - red maple"}},{"type":"Feature","geometry":{"type":"Point","coordinates":[-73.9425138195104,40.64928218011067]},"properties":{"tpcondition":"Good","stumpdiameter":null,"riskratingdate":"2019-11-20 17:47:09.0000000","riskrating":"5","objectid":"10116492","globalid":"EC09DDFE-22E4-4BA9-9EBD-B1D2CDD02494","tpstructure":"Full","plantingspaceglobalid":"FD63BA78-BF34-40DD-95F0-CF6E805493B7","createddate":"2019-11-20 17:45:00.0000000","dbh":"10","planteddate":null,"updateddate":"2019-11-20 17:47:09.0000000","geometry":"POINT(-73.9425138195104 40.64928218011067)","genusspecies":"Gleditsia triacanthos var. inermis - Thornless honeylocust"}},{"type":"Feature","geometry":{"type":"Point","coordinates":[-73.94120462303674,40.60949654843281]},"properties":{"tpcondition":"Unknown","stumpdiameter":"18","riskratingdate":"2020-03-22 16:12:05.0000000","riskrating":"8","objectid":"10116493","globalid":"81B356D4-1969-4CAE-89B0-33036A30BBD7","tpstructure":"Retired","plantingspaceglobalid":"8F7C9E4F-C3FC-426F-BAD8-426BE50D0853","createddate":"2019-11-20 18:32:00.0000000","dbh":null,"planteddate":null,"updateddate":"2021-09-21 17:29:36.0000000","geometry":"POINT(-73.94120462303674 40.60949654843281)","genusspecies":"Acer platanoides - Norway maple"}},{"type":"Feature","geometry":{"type":"Point","coordinates":[-73.79011662710153,40.719709970478654]},"properties":{"tpcondition":"Dead","stumpdiameter":"17","riskratingdate":null,"riskrating":null,"objectid":"10116494","globalid":"EEFE5BB6-84BB-4772-AAE4-3B19CB5FA9B8","tpstructure":"Retired","plantingspaceglobalid":"33284299-CBE8-4EB4-9B8B-D7898B6DC510","createddate":"2019-11-20 18:40:00.0000000","dbh":"17","planteddate":null,"updateddate":"2019-12-03 19:45:00.0000000","geometry":"POINT(-73.79011662710153 40.719709970478654)","genusspecies":"Unknown - Unknown"}},{"type":"Feature","geometry":{"type":"Point","coordinates":[-73.79009127517791,40.71968945287153]},"properties":{"tpcondition":"Dead","stumpdiameter":"10","riskratingdate":null,"riskrating":null,"objectid":"10116495","globalid":"481F9C94-1B99-4B4D-9403-ADA2A4F60237","tpstructure":"Retired","plantingspaceglobalid":"2BCD1675-8A8C-4952-9697-F0C6078605FF","createddate":"2019-11-20 18:43:00.0000000","dbh":"10","planteddate":null,"updateddate":"2019-12-03 19:49:00.0000000","geometry":"POINT(-73.79009127517791 40.71968945287153)","genusspecies":"Unknown - Unknown"}},{"type":"Feature","geometry":{"type":"Point","coordinates":[-73.8156254865676,40.75050630621667]},"properties":{"tpcondition":"Good","stumpdiameter":null,"riskratingdate":"2024-10-31 14:23:06.0000000","riskrating":"8","objectid":"10116496","globalid":"ACCCBA71-4C6C-43C5-8501-71F7EA163C4E","tpstructure":"Full","plantingspaceglobalid":"54D79762-E0BB-48DF-B36C-2ED2C420CF0F","createddate":"2019-11-20 19:08:00.0000000","dbh":"32","planteddate":null,"updateddate":"2024-10-31 14:23:06.0000000","geometry":"POINT(-73.8156254865676 40.75050630621667)","genusspecies":"Acer saccharinum - silver maple"}},{"type":"Feature","geometry":{"type":"Point","coordinates":[-73.81528934290972,40.75067790774589]},"properties":{"tpcondition":"Good","stumpdiameter":null,"riskratingdate":"2019-11-20 19:22:13.0000000","riskrating":"6","objectid":"10116497","globalid":"92A546F1-D756-4E31-936E-E60AA7E54AA2","tpstructure":"Full","plantingspaceglobalid":"DC2EB3E7-5CB7-4FDD-9A55-E33248ADF71A","createddate":"2019-11-20 19:14:00.0000000","dbh":"8","planteddate":null,"updateddate":"2019-11-20 19:22:13.0000000","geometry":"POINT(-73.81528934290972 40.75067790774589)","genusspecies":"Prunus - Cherry"}},{"type":"Feature","geometry":{"type":"Point","coordinates":[-73.92449596294797,40.61034028348826]},"properties":{"tpcondition":"Unknown","stumpdiameter":"33","riskratingdate":"2019-11-20 19:45:00.0000000","riskrating":"9","objectid":"10116498","globalid":"E64CC7F9-7CEA-40FC-8238-900279A60F88","tpstructure":"Retired","plantingspaceglobalid":"3993AE5F-68C8-4B37-B0F0-667F37DEE61F","createddate":"2019-11-20 19:43:00.0000000","dbh":"28","planteddate":null,"updateddate":"2021-12-13 16:59:04.0000000","geometry":"POINT(-73.92449596294797 40.61034028348826)","genusspecies":"Tilia americana - American basswood"}},{"type":"Feature","geometry":{"type":"Point","coordinates":[-73.81880265731826,40.76026593551317]},"properties":{"tpcondition":"Dead","stumpdiameter":null,"riskratingdate":"2019-11-20 20:06:23.0000000","riskrating":"7","objectid":"10116499","globalid":"34AEF243-BD2C-45F9-BA72-7106906B44E5","tpstructure":"Full","plantingspaceglobalid":"E272C0B8-49D8-4DF0-8934-DED8295871BD","createddate":"2019-11-20 20:04:00.0000000","dbh":"6","planteddate":null,"updateddate":"2019-12-17 22:25:51.0000000","geometry":"POINT(-73.81880265731826 40.76026593551317)","genusspecies":"Unknown - Unknown"}},{"type":"Feature","geometry":{"type":"Point","coordinates":[-73.88253677069278,40.876943953519365]},"properties":{"tpcondition":"Dead","stumpdiameter":"10","riskratingdate":"2023-03-21 16:58:03.0000000","riskrating":"3","objectid":"10116500","globalid":"BD768D5D-ED6E-4B21-8689-85200E93C6AD","tpstructure":"Stump","plantingspaceglobalid":"2E52C1B8-EFC8-42D0-A1EE-DBF281A16884","createddate":"2019-11-20 20:13:00.0000000","dbh":null,"planteddate":null,"updateddate":"2023-03-21 16:58:03.0000000","geometry":"POINT(-73.88253677069278 40.876943953519365)","genusspecies":"Crataegus - Hawthorn"}},{"type":"Feature","geometry":{"type":"Point","coordinates":[-73.89442379254574,40.88565908101987]},"properties":{"tpcondition":"Fair","stumpdiameter":null,"riskratingdate":"2022-03-25 12:39:51.0000000","riskrating":"8","objectid":"10116914","globalid":"275DFD07-EC2A-4A72-AE28-340A6C86F4F0","tpstructure":"Full","plantingspaceglobalid":"2EFCB429-763D-42E6-9F1E-F63B615240EE","createddate":"2019-11-20 17:21:00.0000000","dbh":"32","planteddate":null,"updateddate":"2022-03-25 12:39:51.0000000","geometry":"POINT(-73.89442379254574 40.88565908101987)","genusspecies":"Acer platanoides - Norway maple"}},{"type":"Feature","geometry":{"type":"Point","coordinates":[-73.92466528909542,40.61593199274457]},"properties":{"tpcondition":"Fair","stumpdiameter":null,"riskratingdate":"2025-10-24 12:45:38.0000000","riskrating":"4","objectid":"10116915","globalid":"2BC37CEF-E2D4-43C7-86C9-A26E80D080FD","tpstructure":"Full","plantingspaceglobalid":"53F40250-DDD9-4B4D-8594-0E4E1B33761D","createddate":"2019-11-20 17:38:00.0000000","dbh":"7","planteddate":null,"updateddate":"2025-10-24 12:45:38.0000000","geometry":"POINT(-73.92466528909542 40.61593199274457)","genusspecies":"Chamaecyparis thyoides - Atlantic white cedar"}},{"type":"Feature","geometry":{"type":"Point","coordinates":[-73.94281050291703,40.64926247923334]},"properties":{"tpcondition":"Good","stumpdiameter":null,"riskratingdate":"2019-11-20 17:43:03.0000000","riskrating":"6","objectid":"10116916","globalid":"D5E8784F-BC96-4657-A297-68F8AD0F92E2","tpstructure":"Full","plantingspaceglobalid":"9CEE4B8A-FEDD-483A-BBB5-206629644E1E","createddate":"2019-11-20 17:42:00.0000000","dbh":"17","planteddate":null,"updateddate":"2019-11-20 17:43:03.0000000","geometry":"POINT(-73.94281050291703 40.64926247923334)","genusspecies":"Gleditsia triacanthos var. inermis - Thornless honeylocust"}},{"type":"Feature","geometry":{"type":"Point","coordinates":[-73.93237235115126,40.62433944921342]},"properties":{"tpcondition":"Fair","stumpdiameter":null,"riskratingdate":"2019-11-20 17:58:18.0000000","riskrating":"8","objectid":"10116917","globalid":"989D7253-FACA-47B3-8D33-CF581B4366F0","tpstructure":"Retired","plantingspaceglobalid":"97001F43-F67B-4D06-87C8-76415518D1E4","createddate":"2019-11-20 17:56:00.0000000","dbh":"32","planteddate":null,"updateddate":"2024-09-06 13:47:01.0000000","geometry":"POINT(-73.93237235115126 40.62433944921342)","genusspecies":"Quercus palustris - pin oak"}},{"type":"Feature","geometry":{"type":"Point","coordinates":[-73.8916479907692,40.83262210382829]},"properties":{"tpcondition":"Good","stumpdiameter":null,"riskratingdate":"2023-04-12 17:50:33.0000000","riskrating":"5","objectid":"10116918","globalid":"E78F4233-EB9E-4B94-9528-4E4036FAE3C4","tpstructure":"Full","plantingspaceglobalid":"49725161-E90E-4649-9DBF-5FA6575A9C02","createddate":"2019-11-20 17:59:00.0000000","dbh":"3","planteddate":null,"updateddate":"2023-04-12 17:50:33.0000000","geometry":"POINT(-73.8916479907692 40.83262210382829)","genusspecies":"Ginkgo biloba - maidenhair tree"}},{"type":"Feature","geometry":{"type":"Point","coordinates":[-73.93241655940302,40.624742912075426]},"properties":{"tpcondition":"Dead","stumpdiameter":"21","riskratingdate":"2019-11-20 18:08:00.0000000","riskrating":"8","objectid":"10116919","globalid":"D674BF22-7635-4117-8FDC-4E3C86D6CE2E","tpstructure":"Retired","plantingspaceglobalid":"BD312071-7490-4CE3-BE47-5E43BFF5C3F9","createddate":"2019-11-20 18:06:00.0000000","dbh":null,"planteddate":null,"updateddate":"2021-08-05 16:13:10.0000000","geometry":"POINT(-73.93241655940302 40.624742912075426)","genusspecies":"Acer platanoides - Norway maple"}},{"type":"Feature","geometry":{"type":"Point","coordinates":[-73.78473626393466,40.729805402327045]},"properties":{"tpcondition":"Good","stumpdiameter":null,"riskratingdate":"2019-11-20 18:09:46.0000000","riskrating":"6","objectid":"10116920","globalid":"5B461D89-0FE0-4196-A474-B38F8F61199C","tpstructure":"Full","plantingspaceglobalid":"D944A49A-BDA8-4AC5-AD75-7A904DE7F634","createddate":"2019-11-20 18:06:00.0000000","dbh":"22","planteddate":null,"updateddate":"2019-12-11 18:57:08.0000000","geometry":"POINT(-73.78473626393466 40.729805402327045)","genusspecies":"Tilia tomentosa 'Green Mountain' - 'Green Mountain' Silver linden"}},{"type":"Feature","geometry":{"type":"Point","coordinates":[-73.94185582639045,40.650023624246735]},"properties":{"tpcondition":"Good","stumpdiameter":null,"riskratingdate":null,"riskrating":null,"objectid":"10116921","globalid":"247768BC-5872-4608-82BD-372FB06AC00F","tpstructure":"Full","plantingspaceglobalid":"BDE6C199-8AE4-412A-84B2-8934C38655AF","createddate":"2019-11-20 18:08:00.0000000","dbh":"3","planteddate":null,"updateddate":null,"geometry":"POINT(-73.94185582639045 40.650023624246735)","genusspecies":"Styphnolobium japonicum - Japanese pagoda tree"}},{"type":"Feature","geometry":{"type":"Point","coordinates":[-73.81542609015158,40.750751531380985]},"properties":{"tpcondition":"Good","stumpdiameter":null,"riskratingdate":"2019-11-20 18:17:25.0000000","riskrating":"6","objectid":"10116922","globalid":"0EED4EDB-9F42-4D55-86BA-F80174522473","tpstructure":"Full","plantingspaceglobalid":"25CC1080-9919-47DB-9006-8573CAAFEBD3","createddate":"2019-11-20 18:16:00.0000000","dbh":"9","planteddate":null,"updateddate":"2019-11-20 18:17:25.0000000","geometry":"POINT(-73.81542609015158 40.750751531380985)","genusspecies":"Quercus - Oak"}},{"type":"Feature","geometry":{"type":"Point","coordinates":[-73.81567031949,40.750639473357005]},"properties":{"tpcondition":"Good","stumpdiameter":null,"riskratingdate":"2019-11-20 18:20:01.0000000","riskrating":"6","objectid":"10116923","globalid":"D2ECF740-60AC-4956-8C5E-DDD8DBC2D5F0","tpstructure":"Full","plantingspaceglobalid":"82431F8C-2B4A-46B0-B79A-4CC14B2ADF09","createddate":"2019-11-20 18:18:00.0000000","dbh":"35","planteddate":null,"updateddate":"2019-11-20 18:20:01.0000000","geometry":"POINT(-73.81567031949 40.750639473357005)","genusspecies":"Quercus - Oak"}},{"type":"Feature","geometry":{"type":"Point","coordinates":[-73.7911978261926,40.71981499784276]},"properties":{"tpcondition":"Dead","stumpdiameter":"58","riskratingdate":null,"riskrating":null,"objectid":"10116924","globalid":"B31EEFD1-EAB0-49DB-B7DC-B935B70F2A4C","tpstructure":"Retired","plantingspaceglobalid":"B7B8765C-6C70-4B6C-A837-74D1277FCFBE","createddate":"2019-11-20 18:28:00.0000000","dbh":"58","planteddate":null,"updateddate":"2019-12-03 19:47:00.0000000","geometry":"POINT(-73.7911978261926 40.71981499784276)","genusspecies":"Unknown - Unknown"}},{"type":"Feature","geometry":{"type":"Point","coordinates":[-73.92917175788217,40.61232681926652]},"properties":{"tpcondition":"Fair","stumpdiameter":null,"riskratingdate":"2025-05-28 18:33:51.0000000","riskrating":"7","objectid":"10116925","globalid":"415ADD12-9243-4130-8DBB-125F6F8C6DBD","tpstructure":"Full","plantingspaceglobalid":"C357047E-E809-4BEE-9C23-6C2A1CC84DAE","createddate":"2019-11-20 19:01:00.0000000","dbh":"32","planteddate":null,"updateddate":"2025-05-28 18:33:51.0000000","geometry":"POINT(-73.92917175788217 40.61232681926652)","genusspecies":"Platanus x acerifolia - London planetree"}},{"type":"Feature","geometry":{"type":"Point","coordinates":[-73.81534609266959,40.750649860437335]},"properties":{"tpcondition":"Good","stumpdiameter":null,"riskratingdate":"2024-10-31 14:27:22.0000000","riskrating":"4","objectid":"10116926","globalid":"58D65737-93B7-4917-A919-98B89DFB6F16","tpstructure":"Full","plantingspaceglobalid":"C3B87AA0-94CB-4315-B3E8-83C5C1C99269","createddate":"2019-11-20 19:12:00.0000000","dbh":"10","planteddate":null,"updateddate":"2024-10-31 14:27:22.0000000","geometry":"POINT(-73.81534609266959 40.750649860437335)","genusspecies":"Prunus serrulata - Japanese flowering cherry"}},{"type":"Feature","geometry":{"type":"Point","coordinates":[-73.94893988740046,40.7724231419673]},"properties":{"tpcondition":"Good","stumpdiameter":null,"riskratingdate":"2025-08-20 12:57:37.0000000","riskrating":"5","objectid":"10116927","globalid":"89309CE3-506D-4E0F-8939-C28420D2C64F","tpstructure":"Full","plantingspaceglobalid":"25862EED-6083-4CF8-A576-02556EA7E9AB","createddate":"2019-11-20 19:25:00.0000000","dbh":"5","planteddate":null,"updateddate":"2025-08-20 12:57:37.0000000","geometry":"POINT(-73.94893988740046 40.7724231419673)","genusspecies":"Zelkova serrata - Japanese zelkova"}},{"type":"Feature","geometry":{"type":"Point","coordinates":[-73.9470905678212,40.77193545778255]},"properties":{"tpcondition":"Excellent","stumpdiameter":null,"riskratingdate":"2020-02-14 21:29:36.0000000","riskrating":"3","objectid":"10116928","globalid":"3891F8A8-6C82-4E7A-A73B-7D96E0CEE8AA","tpstructure":"Full","plantingspaceglobalid":"753CE4F6-FC01-42F4-99FD-34BDC60293BB","createddate":"2019-11-20 20:44:00.0000000","dbh":"3","planteddate":null,"updateddate":"2020-02-14 21:29:35.0000000","geometry":"POINT(-73.9470905678212 40.77193545778255)","genusspecies":"Styphnolobium japonicum - Japanese pagoda tree"}},{"type":"Feature","geometry":{"type":"Point","coordinates":[-73.94746551047518,40.772626137105064]},"properties":{"tpcondition":"Fair","stumpdiameter":null,"riskratingdate":"2019-11-20 21:24:15.0000000","riskrating":"6","objectid":"10116929","globalid":"BB9F1BB6-F121-45FF-AB45-052D664DEF04","tpstructure":"Full","plantingspaceglobalid":"55E99BA9-C98C-4B1D-A7ED-2DADC47D1EA0","createddate":"2019-11-20 21:23:00.0000000","dbh":"15","planteddate":null,"updateddate":"2019-11-20 21:24:15.0000000","geometry":"POINT(-73.94746551047518 40.772626137105064)","genusspecies":"Ginkgo biloba - maidenhair tree"}},{"type":"Feature","geometry":{"type":"Point","coordinates":[-73.95008609906523,40.77373215839921]},"properties":{"tpcondition":"Unknown","stumpdiameter":null,"riskratingdate":"2019-11-21 13:10:48.0000000","riskrating":"6","objectid":"10117867","globalid":"2A69615E-54DF-4008-83AF-A536E5636893","tpstructure":"Retired","plantingspaceglobalid":"FD55150D-F5B9-49A0-8170-7C043AE928CC","createddate":"2019-11-21 13:10:00.0000000","dbh":"1","planteddate":null,"updateddate":"2020-03-10 16:24:28.0000000","geometry":"POINT(-73.95008609906523 40.77373215839921)","genusspecies":"Quercus rubra - northern red oak"}},{"type":"Feature","geometry":{"type":"Point","coordinates":[-73.93455045700625,40.65484129782259]},"properties":{"tpcondition":"Good","stumpdiameter":null,"riskratingdate":"2019-11-21 13:40:56.0000000","riskrating":"6","objectid":"10117868","globalid":"69FD2095-9990-4952-8B1C-FCF706BA4B00","tpstructure":"Full","plantingspaceglobalid":"1CF0228D-E1B8-4B25-8F4A-45977C5AE4B8","createddate":"2019-11-21 13:39:00.0000000","dbh":"18","planteddate":null,"updateddate":"2019-11-21 13:40:56.0000000","geometry":"POINT(-73.93455045700625 40.65484129782259)","genusspecies":"Platanus x acerifolia - London planetree"}},{"type":"Feature","geometry":{"type":"Point","coordinates":[-73.94385884425317,40.779519233915146]},"properties":{"tpcondition":"Dead","stumpdiameter":"14","riskratingdate":"2022-10-04 12:01:00.0000000","riskrating":"7","objectid":"10117869","globalid":"6EF57397-AC58-4B56-B943-93FF06987DDF","tpstructure":"Stump","plantingspaceglobalid":"FBE90C1C-849E-4225-9868-73DBA9E9ED15","createddate":"2019-11-21 13:40:00.0000000","dbh":null,"planteddate":null,"updateddate":"2023-06-29 12:59:37.0000000","geometry":"POINT(-73.94385884425317 40.779519233915146)","genusspecies":"Styphnolobium japonicum - Japanese pagoda tree"}},{"type":"Feature","geometry":{"type":"Point","coordinates":[-73.93452844117336,40.65462307396577]},"properties":{"tpcondition":"Fair","stumpdiameter":null,"riskratingdate":"2024-02-29 16:50:56.0000000","riskrating":"7","objectid":"10117870","globalid":"56B0597C-FA9B-4721-A524-F2752E4A4F80","tpstructure":"Full","plantingspaceglobalid":"FBA12BF7-1E10-4499-8497-E20F450A6B1B","createddate":"2019-11-21 13:47:00.0000000","dbh":"20","planteddate":null,"updateddate":"2024-02-29 16:50:56.0000000","geometry":"POINT(-73.93452844117336 40.65462307396577)","genusspecies":"Platanus x acerifolia - London planetree"}},{"type":"Feature","geometry":{"type":"Point","coordinates":[-73.93446091462907,40.65401429196875]},"properties":{"tpcondition":"Fair","stumpdiameter":null,"riskratingdate":"2023-12-06 19:38:26.0000000","riskrating":"7","objectid":"10117871","globalid":"E21FC46B-30BD-4308-8118-CC5D757DDFBF","tpstructure":"Full","plantingspaceglobalid":"85C6E97B-1115-411B-9A37-CAFD95F91973","createddate":"2019-11-21 13:56:00.0000000","dbh":"27","planteddate":null,"updateddate":"2023-12-06 19:38:26.0000000","geometry":"POINT(-73.93446091462907 40.65401429196875)","genusspecies":"Platanus x acerifolia - London planetree"}},{"type":"Feature","geometry":{"type":"Point","coordinates":[-73.93457898569525,40.653826092844696]},"properties":{"tpcondition":"Good","stumpdiameter":null,"riskratingdate":"2019-11-21 14:01:58.0000000","riskrating":"6","objectid":"10117872","globalid":"D1F011E1-F5E4-4E62-8C36-A07393A60F19","tpstructure":"Full","plantingspaceglobalid":"9B19E7D5-3B3A-4A7F-AFFA-BA0F385C50B5","createddate":"2019-11-21 14:00:00.0000000","dbh":"23","planteddate":null,"updateddate":"2019-11-21 14:01:58.0000000","geometry":"POINT(-73.93457898569525 40.653826092844696)","genusspecies":"Platanus x acerifolia - London planetree"}},{"type":"Feature","geometry":{"type":"Point","coordinates":[-73.81587285745923,40.75038317141908]},"properties":{"tpcondition":"Good","stumpdiameter":null,"riskratingdate":"2019-11-21 14:35:27.0000000","riskrating":"6","objectid":"10117873","globalid":"31AA4077-3280-4C13-8851-C67CB3D32795","tpstructure":"Full","plantingspaceglobalid":"5A001D60-FBEB-4509-8329-B503D0B75DD2","createddate":"2019-11-21 14:33:00.0000000","dbh":"7","planteddate":null,"updateddate":"2019-11-21 14:35:27.0000000","geometry":"POINT(-73.81587285745923 40.75038317141908)","genusspecies":"Prunus serrulata - Japanese flowering cherry"}},{"type":"Feature","geometry":{"type":"Point","coordinates":[-73.8970158451891,40.72759749699223]},"properties":{"tpcondition":"Poor","stumpdiameter":null,"riskratingdate":"2020-11-30 12:29:00.0000000","riskrating":"7","objectid":"10117874","globalid":"0C3DE901-1F8F-4A2B-8432-2190FCFCBFE6","tpstructure":"Retired","plantingspaceglobalid":"09D6314D-DCA4-4FF9-842F-F38B343EFD97","createddate":"2019-11-21 14:39:00.0000000","dbh":"16","planteddate":null,"updateddate":"2024-06-14 17:38:42.0000000","geometry":"POINT(-73.8970158451891 40.72759749699223)","genusspecies":"Tilia cordata - littleleaf linden"}},{"type":"Feature","geometry":{"type":"Point","coordinates":[-73.93384363029656,40.65369159074642]},"properties":{"tpcondition":"Good","stumpdiameter":null,"riskratingdate":"2019-11-21 14:53:38.0000000","riskrating":"6","objectid":"10117875","globalid":"76CFCFB2-1794-4F31-847B-4F06FAE3DB1C","tpstructure":"Full","plantingspaceglobalid":"2EC9D8EF-EF41-497B-AACE-842C090AA6D6","createddate":"2019-11-21 14:52:00.0000000","dbh":"11","planteddate":null,"updateddate":"2019-11-21 14:53:38.0000000","geometry":"POINT(-73.93384363029656 40.65369159074642)","genusspecies":"Gleditsia triacanthos var. inermis - Thornless honeylocust"}},{"type":"Feature","geometry":{"type":"Point","coordinates":[-73.89496006190178,40.8879101286656]},"properties":{"tpcondition":"Good","stumpdiameter":null,"riskratingdate":"2019-11-21 15:29:21.0000000","riskrating":"6","objectid":"10117877","globalid":"CE67AB8F-641A-446E-9E31-7ACC204033EA","tpstructure":"Full","plantingspaceglobalid":"31EB1C6A-3E86-411A-A3FE-E0CFA38227A4","createddate":"2019-11-21 15:28:00.0000000","dbh":"20","planteddate":null,"updateddate":"2019-11-21 15:29:21.0000000","geometry":"POINT(-73.89496006190178 40.8879101286656)","genusspecies":"Ulmus americana - American elm"}},{"type":"Feature","geometry":{"type":"Point","coordinates":[-73.89499718291268,40.887877767123726]},"properties":{"tpcondition":"Good","stumpdiameter":null,"riskratingdate":"2019-11-21 15:36:42.0000000","riskrating":"6","objectid":"10117878","globalid":"A5D58AEB-B2DF-441D-8B60-72C6BA01FA1E","tpstructure":"Full","plantingspaceglobalid":"C7F12B4B-32C5-4892-8F53-8B22788F38E0","createddate":"2019-11-21 15:35:00.0000000","dbh":"22","planteddate":null,"updateddate":"2019-11-21 15:36:42.0000000","geometry":"POINT(-73.89499718291268 40.887877767123726)","genusspecies":"Robinia hispida - bristly locust"}},{"type":"Feature","geometry":{"type":"Point","coordinates":[-73.8922896149574,40.72924239226072]},"properties":{"tpcondition":"Good","stumpdiameter":null,"riskratingdate":"2024-06-21 12:37:53.0000000","riskrating":"5","objectid":"10117879","globalid":"4A99D8CF-71BA-457A-BB26-AE8F09F7B70D","tpstructure":"Full","plantingspaceglobalid":"7A8B89F2-5F2C-4796-B314-61FA415926B1","createddate":"2019-11-21 15:38:00.0000000","dbh":"8","planteddate":null,"updateddate":"2024-06-21 12:37:53.0000000","geometry":"POINT(-73.8922896149574 40.72924239226072)","genusspecies":"Liquidambar styraciflua - sweetgum"}},{"type":"Feature","geometry":{"type":"Point","coordinates":[-73.89507082813023,40.88780537434694]},"properties":{"tpcondition":"Good","stumpdiameter":null,"riskratingdate":"2019-11-21 15:48:27.0000000","riskrating":"6","objectid":"10117880","globalid":"63961024-49DA-4D68-A5D2-74CF8F08D91C","tpstructure":"Full","plantingspaceglobalid":"4FD7FEF2-74E0-4B68-B8C2-854E89360F22","createddate":"2019-11-21 15:46:00.0000000","dbh":"8","planteddate":null,"updateddate":"2019-11-21 15:48:26.0000000","geometry":"POINT(-73.89507082813023 40.88780537434694)","genusspecies":"Robinia hispida - bristly locust"}},{"type":"Feature","geometry":{"type":"Point","coordinates":[-73.89025165781494,40.733629445283285]},"properties":{"tpcondition":"Good","stumpdiameter":null,"riskratingdate":"2020-09-16 17:16:56.0000000","riskrating":"4","objectid":"10117881","globalid":"8FC18CBB-90A1-4E6D-AF37-C6AFEBD5A25C","tpstructure":"Retired","plantingspaceglobalid":"900DD543-ACB7-424F-913A-27A31C3188C6","createddate":"2019-11-21 15:52:00.0000000","dbh":"10","planteddate":null,"updateddate":"2024-06-25 15:01:30.0000000","geometry":"POINT(-73.89025165781494 40.733629445283285)","genusspecies":"Betula populifolia - gray birch"}},{"type":"Feature","geometry":{"type":"Point","coordinates":[-73.89509891864162,40.887774977306314]},"properties":{"tpcondition":"Good","stumpdiameter":null,"riskratingdate":"2019-11-21 15:57:04.0000000","riskrating":"6","objectid":"10117882","globalid":"6CFF2483-C743-48EA-81DD-74558586A702","tpstructure":"Full","plantingspaceglobalid":"3522EB70-58E3-4A78-B32A-4C5D8782A806","createddate":"2019-11-21 15:55:00.0000000","dbh":"14","planteddate":null,"updateddate":"2019-11-21 15:57:04.0000000","geometry":"POINT(-73.89509891864162 40.887774977306314)","genusspecies":"Robinia pseudoacacia - black locust"}},{"type":"Feature","geometry":{"type":"Point","coordinates":[-73.93427333770289,40.653490927030084]},"properties":{"tpcondition":"Good","stumpdiameter":null,"riskratingdate":"2019-11-21 15:57:29.0000000","riskrating":"5","objectid":"10117883","globalid":"6D558144-B2FD-4FB2-8A88-F5C4476443B3","tpstructure":"Full","plantingspaceglobalid":"F6AD4386-B0E6-46A7-9389-5146B1E76C52","createddate":"2019-11-21 15:56:00.0000000","dbh":"11","planteddate":null,"updateddate":"2019-11-21 15:57:29.0000000","geometry":"POINT(-73.93427333770289 40.653490927030084)","genusspecies":"Prunus serrulata 'Green leaf' - 'Green leaf' Japanese flowering cherry"}},{"type":"Feature","geometry":{"type":"Point","coordinates":[-73.93417842380389,40.65349819731861]},"properties":{"tpcondition":"Good","stumpdiameter":null,"riskratingdate":"2019-11-21 16:00:38.0000000","riskrating":"3","objectid":"10117884","globalid":"2FCF1729-2572-4D90-B91D-C44E9CC3694D","tpstructure":"Full","plantingspaceglobalid":"7182C022-89AB-4A4B-A622-563692651945","createddate":"2019-11-21 15:59:00.0000000","dbh":"6","planteddate":null,"updateddate":"2019-11-21 16:00:38.0000000","geometry":"POINT(-73.93417842380389 40.65349819731861)","genusspecies":"Prunus - Cherry"}},{"type":"Feature","geometry":{"type":"Point","coordinates":[-73.93373121098499,40.6535208720331]},"properties":{"tpcondition":"Good","stumpdiameter":null,"riskratingdate":"2019-11-21 16:05:03.0000000","riskrating":"6","objectid":"10117885","globalid":"1514EA53-4884-4F19-AC3E-B6867CF02FB1","tpstructure":"Full","plantingspaceglobalid":"D31F3300-692D-4576-8282-A7844B113DFA","createddate":"2019-11-21 16:04:00.0000000","dbh":"10","planteddate":null,"updateddate":"2019-11-21 16:05:03.0000000","geometry":"POINT(-73.93373121098499 40.6535208720331)","genusspecies":"Prunus serrulata 'Green leaf' - 'Green leaf' Japanese flowering cherry"}},{"type":"Feature","geometry":{"type":"Point","coordinates":[-73.89632974848111,40.73142389325703]},"properties":{"tpcondition":"Dead","stumpdiameter":null,"riskratingdate":"2019-11-21 16:18:00.0000000","riskrating":"9","objectid":"10117887","globalid":"D8B80CB8-B80D-4D88-B094-90D843AF0DCB","tpstructure":"Retired","plantingspaceglobalid":"88005DA2-9BE4-44DB-9EC8-08B1F46A142F","createddate":"2019-11-21 16:13:00.0000000","dbh":"11","planteddate":null,"updateddate":"2024-06-20 12:30:28.0000000","geometry":"POINT(-73.89632974848111 40.73142389325703)","genusspecies":"Acer platanoides - Norway maple"}},{"type":"Feature","geometry":{"type":"Point","coordinates":[-73.93436272273283,40.65306067792846]},"properties":{"tpcondition":"Good","stumpdiameter":null,"riskratingdate":"2019-11-21 16:15:09.0000000","riskrating":"3","objectid":"10117888","globalid":"C675E827-D83E-4E3E-B279-38C100FEEFDC","tpstructure":"Full","plantingspaceglobalid":"70318EA8-FDB7-43DA-AA36-0C7D0BD1B40D","createddate":"2019-11-21 16:14:00.0000000","dbh":"7","planteddate":null,"updateddate":"2019-11-21 16:15:09.0000000","geometry":"POINT(-73.93436272273283 40.65306067792846)","genusspecies":"Prunus - Cherry"}},{"type":"Feature","geometry":{"type":"Point","coordinates":[-73.93431153508783,40.652578015249624]},"properties":{"tpcondition":"Good","stumpdiameter":null,"riskratingdate":"2019-11-21 16:25:04.0000000","riskrating":"3","objectid":"10117889","globalid":"6F6F6A11-C4E0-49B4-8015-A2607710EB5C","tpstructure":"Full","plantingspaceglobalid":"7A944955-BFB4-455E-AB7E-57C9FE24A256","createddate":"2019-11-21 16:23:00.0000000","dbh":"4","planteddate":null,"updateddate":"2019-11-21 16:25:04.0000000","geometry":"POINT(-73.93431153508783 40.652578015249624)","genusspecies":"Prunus serrulata 'Green leaf' - 'Green leaf' Japanese flowering cherry"}},{"type":"Feature","geometry":{"type":"Point","coordinates":[-73.81730190531165,40.74907133660666]},"properties":{"tpcondition":"Dead","stumpdiameter":null,"riskratingdate":"2020-08-09 21:48:00.0000000","riskrating":"7","objectid":"10117890","globalid":"EE9D9B2D-45C5-47C7-B6C3-37FB13315412","tpstructure":"Retired","plantingspaceglobalid":"6662E130-8DDB-4F39-A3CF-1938BCB1EA07","createddate":"2019-11-21 16:34:00.0000000","dbh":"13","planteddate":null,"updateddate":"2021-04-08 15:30:00.0000000","geometry":"POINT(-73.81730190531165 40.74907133660666)","genusspecies":"Platanus x acerifolia - London planetree"}},{"type":"Feature","geometry":{"type":"Point","coordinates":[-73.93437096121052,40.65187712023789]},"properties":{"tpcondition":"Fair","stumpdiameter":null,"riskratingdate":"2019-11-21 16:41:13.0000000","riskrating":"6","objectid":"10117891","globalid":"3D175EEC-96C4-4E72-BF4C-C50001A434CA","tpstructure":"Full","plantingspaceglobalid":"4AC166F3-698E-4F15-B8B4-F295E06CA53F","createddate":"2019-11-21 16:40:00.0000000","dbh":"6","planteddate":null,"updateddate":"2019-11-21 16:41:13.0000000","geometry":"POINT(-73.93437096121052 40.65187712023789)","genusspecies":"Styphnolobium japonicum - Japanese pagoda tree"}},{"type":"Feature","geometry":{"type":"Point","coordinates":[-73.93438050619949,40.65198547771085]},"properties":{"tpcondition":"Good","stumpdiameter":null,"riskratingdate":"2019-11-21 16:44:11.0000000","riskrating":"5","objectid":"10117892","globalid":"23A06032-7599-4837-BE47-6FC60B66B775","tpstructure":"Full","plantingspaceglobalid":"72D842E4-8220-48C5-B8F5-A64F815796A5","createddate":"2019-11-21 16:43:00.0000000","dbh":"9","planteddate":null,"updateddate":"2019-11-21 16:44:11.0000000","geometry":"POINT(-73.93438050619949 40.65198547771085)","genusspecies":"Zelkova serrata - Japanese zelkova"}},{"type":"Feature","geometry":{"type":"Point","coordinates":[-73.93442574137046,40.652368178294566]},"properties":{"tpcondition":"Good","stumpdiameter":null,"riskratingdate":"2019-11-21 16:49:44.0000000","riskrating":"5","objectid":"10117893","globalid":"D0EB04EA-A0E6-4C1C-BD39-4927AB94FF22","tpstructure":"Full","plantingspaceglobalid":"2D7CD47F-36AB-4E8A-8107-4F1263BAB1D9","createddate":"2019-11-21 16:48:00.0000000","dbh":"7","planteddate":null,"updateddate":"2019-11-21 16:49:44.0000000","geometry":"POINT(-73.93442574137046 40.652368178294566)","genusspecies":"Zelkova serrata - Japanese zelkova"}},{"type":"Feature","geometry":{"type":"Point","coordinates":[-73.93443917935068,40.65250033638726]},"properties":{"tpcondition":"Good","stumpdiameter":null,"riskratingdate":"2025-02-25 17:58:05.0000000","riskrating":"3","objectid":"10117894","globalid":"EE54146E-84B1-4BD0-B979-73B47F9597A2","tpstructure":"Full","plantingspaceglobalid":"10D77853-05A4-46B9-8583-E9E6C975C7EB","createddate":"2019-11-21 16:51:00.0000000","dbh":"9","planteddate":null,"updateddate":"2025-02-25 17:58:05.0000000","geometry":"POINT(-73.93443917935068 40.65250033638726)","genusspecies":"Zelkova serrata - Japanese zelkova"}},{"type":"Feature","geometry":{"type":"Point","coordinates":[-73.93447084107231,40.65278460528496]},"properties":{"tpcondition":"Dead","stumpdiameter":"11","riskratingdate":"2023-09-25 21:05:00.0000000","riskrating":"8","objectid":"10117895","globalid":"7F7974B0-C1A7-4D5E-97B1-EDCB5B2C9C11","tpstructure":"Stump","plantingspaceglobalid":"C5EEE065-8858-4ED4-9BE5-B587BAF1079A","createddate":"2019-11-21 16:53:00.0000000","dbh":null,"planteddate":null,"updateddate":"2024-07-12 18:49:45.0000000","geometry":"POINT(-73.93447084107231 40.65278460528496)","genusspecies":"Zelkova serrata - Japanese zelkova"}},{"type":"Feature","geometry":{"type":"Point","coordinates":[-73.93449348151806,40.652996733278044]},"properties":{"tpcondition":"Good","stumpdiameter":null,"riskratingdate":"2019-11-21 16:58:50.0000000","riskrating":"5","objectid":"10117896","globalid":"CBFF2E6B-81F4-4B2E-9977-272DFF0F30CF","tpstructure":"Full","plantingspaceglobalid":"32D35A7D-88F0-4EB0-B043-D2E096710E97","createddate":"2019-11-21 16:57:00.0000000","dbh":"11","planteddate":null,"updateddate":"2019-11-21 16:58:50.0000000","geometry":"POINT(-73.93449348151806 40.652996733278044)","genusspecies":"Tilia americana - American basswood"}},{"type":"Feature","geometry":{"type":"Point","coordinates":[-73.93450317054355,40.653098696037]},"properties":{"tpcondition":"Good","stumpdiameter":null,"riskratingdate":"2019-11-21 17:01:13.0000000","riskrating":"5","objectid":"10117897","globalid":"0A3EA1B1-F1CB-4A24-B75F-82568DF09E35","tpstructure":"Full","plantingspaceglobalid":"DF0ADB7B-65D9-4D5C-BAB1-45690F342469","createddate":"2019-11-21 16:59:00.0000000","dbh":"11","planteddate":null,"updateddate":"2019-11-21 17:01:12.0000000","geometry":"POINT(-73.93450317054355 40.653098696037)","genusspecies":"Pyrus calleryana - Callery pear"}},{"type":"Feature","geometry":{"type":"Point","coordinates":[-74.12061649316469,40.62398079131658]},"properties":{"tpcondition":"Dead","stumpdiameter":null,"riskratingdate":"2019-11-21 13:15:00.0000000","riskrating":"8","objectid":"10118271","globalid":"CBB0359E-CF02-413A-9D7B-C5F7C2CB5159","tpstructure":"Retired","plantingspaceglobalid":"161B5336-8C50-44B9-9E4C-8413880C4F03","createddate":"2019-11-21 13:14:00.0000000","dbh":"8","planteddate":null,"updateddate":"2019-12-10 14:45:00.0000000","geometry":"POINT(-74.12061649316469 40.62398079131658)","genusspecies":"Ailanthus altissima - tree of heaven"}},{"type":"Feature","geometry":{"type":"Point","coordinates":[-73.93455916788736,40.654909743349734]},"properties":{"tpcondition":"Good","stumpdiameter":null,"riskratingdate":"2019-11-21 13:38:34.0000000","riskrating":"6","objectid":"10118272","globalid":"54582C94-02E4-4D90-B968-D28877E91DF4","tpstructure":"Full","plantingspaceglobalid":"0E7A8BC8-9424-492C-8052-81BAFF70BA6C","createddate":"2019-11-21 13:37:00.0000000","dbh":"21","planteddate":null,"updateddate":"2019-11-21 13:38:34.0000000","geometry":"POINT(-73.93455916788736 40.654909743349734)","genusspecies":"Platanus x acerifolia - London planetree"}},{"type":"Feature","geometry":{"type":"Point","coordinates":[-73.93454504809866,40.6547700121802]},"properties":{"tpcondition":"Good","stumpdiameter":null,"riskratingdate":"2019-11-21 13:46:16.0000000","riskrating":"6","objectid":"10118273","globalid":"C2A0A220-7C34-4725-968B-0EE9A2AD9D31","tpstructure":"Full","plantingspaceglobalid":"79443331-F150-4F15-A05E-0BEF0A1C349E","createddate":"2019-11-21 13:45:00.0000000","dbh":"13","planteddate":null,"updateddate":"2019-11-21 13:46:16.0000000","geometry":"POINT(-73.93454504809866 40.6547700121802)","genusspecies":"Platanus x acerifolia - London planetree"}},{"type":"Feature","geometry":{"type":"Point","coordinates":[-73.934493689705,40.65429569200377]},"properties":{"tpcondition":"Fair","stumpdiameter":null,"riskratingdate":"2024-07-18 18:31:09.0000000","riskrating":"8","objectid":"10118274","globalid":"53EF7E8D-9BAA-461F-8109-7CC7F00298F4","tpstructure":"Full","plantingspaceglobalid":"AAC449B1-7B80-4D7C-AB56-B78B4A272AFB","createddate":"2019-11-21 13:52:00.0000000","dbh":"24","planteddate":null,"updateddate":"2024-07-18 18:31:09.0000000","geometry":"POINT(-73.934493689705 40.65429569200377)","genusspecies":"Platanus x acerifolia - London planetree"}},{"type":"Feature","geometry":{"type":"Point","coordinates":[-73.94387004809133,40.78341279011572]},"properties":{"tpcondition":"Fair","stumpdiameter":null,"riskratingdate":"2023-10-06 15:04:37.0000000","riskrating":"8","objectid":"10118275","globalid":"FB24A9A8-FBF8-4D08-8309-DCE539E01EE5","tpstructure":"Full","plantingspaceglobalid":"F111DF6A-F6D6-4D96-8A93-E74C289D8551","createddate":"2019-11-21 13:55:00.0000000","dbh":"19","planteddate":null,"updateddate":"2023-10-06 15:04:37.0000000","geometry":"POINT(-73.94387004809133 40.78341279011572)","genusspecies":"Platanus x acerifolia - London planetree"}},{"type":"Feature","geometry":{"type":"Point","coordinates":[-73.93460427871904,40.6540466865218]},"properties":{"tpcondition":"Good","stumpdiameter":null,"riskratingdate":"2019-11-21 14:06:32.0000000","riskrating":"6","objectid":"10118276","globalid":"B5E8021C-EA94-41FA-B29E-1603952E3AD6","tpstructure":"Full","plantingspaceglobalid":"0C2B7267-0EB1-479E-A032-01C6919C0F0C","createddate":"2019-11-21 14:04:00.0000000","dbh":"25","planteddate":null,"updateddate":"2019-11-21 14:06:32.0000000","geometry":"POINT(-73.93460427871904 40.6540466865218)","genusspecies":"Platanus x acerifolia - London planetree"}},{"type":"Feature","geometry":{"type":"Point","coordinates":[-73.93460710635188,40.65410718084591]},"properties":{"tpcondition":"Good","stumpdiameter":null,"riskratingdate":"2019-11-21 14:13:31.0000000","riskrating":"6","objectid":"10118277","globalid":"4F64F816-A7AD-4FEA-8138-AAC9E7D324D2","tpstructure":"Full","plantingspaceglobalid":"6D93C7C2-663E-4510-AFA1-71DDC82F6FB1","createddate":"2019-11-21 14:10:00.0000000","dbh":"25","planteddate":null,"updateddate":"2019-11-21 14:13:31.0000000","geometry":"POINT(-73.93460710635188 40.65410718084591)","genusspecies":"Platanus x acerifolia - London planetree"}},{"type":"Feature","geometry":{"type":"Point","coordinates":[-73.93465343690201,40.65450196176967]},"properties":{"tpcondition":"Fair","stumpdiameter":null,"riskratingdate":"2022-01-10 15:18:24.0000000","riskrating":"7","objectid":"10118278","globalid":"78200696-3C52-43AE-90DB-8E4F608C4348","tpstructure":"Full","plantingspaceglobalid":"87F8F22F-757B-4069-A4B8-2C132FDC770C","createddate":"2019-11-21 14:15:00.0000000","dbh":"28","planteddate":null,"updateddate":"2022-01-10 15:18:24.0000000","geometry":"POINT(-73.93465343690201 40.65450196176967)","genusspecies":"Platanus x acerifolia - London planetree"}},{"type":"Feature","geometry":{"type":"Point","coordinates":[-73.93467822742161,40.654740138888535]},"properties":{"tpcondition":"Good","stumpdiameter":null,"riskratingdate":"2019-11-21 14:36:33.0000000","riskrating":"5","objectid":"10118279","globalid":"6C24A761-9572-4BDF-8382-E21E68B5B47C","tpstructure":"Full","plantingspaceglobalid":"F75B426A-7CDF-4188-8AD7-C799EAA71009","createddate":"2019-11-21 14:35:00.0000000","dbh":"15","planteddate":null,"updateddate":"2019-11-21 14:36:33.0000000","geometry":"POINT(-73.93467822742161 40.654740138888535)","genusspecies":"Ginkgo biloba - maidenhair tree"}},{"type":"Feature","geometry":{"type":"Point","coordinates":[-73.8944587189503,40.888378612034764]},"properties":{"tpcondition":"Good","stumpdiameter":null,"riskratingdate":"2019-11-21 14:36:31.0000000","riskrating":"6","objectid":"10118280","globalid":"692D4D78-B7CC-454A-9887-F72C48A4DA08","tpstructure":"Full","plantingspaceglobalid":"D8666DAC-4DC0-4B72-A118-EF99C4165E91","createddate":"2019-11-21 14:35:00.0000000","dbh":"5","planteddate":null,"updateddate":"2019-11-21 14:36:31.0000000","geometry":"POINT(-73.8944587189503 40.888378612034764)","genusspecies":"Acer - maple"}},{"type":"Feature","geometry":{"type":"Point","coordinates":[-73.81596592809765,40.75033709450479]},"properties":{"tpcondition":"Good","stumpdiameter":null,"riskratingdate":"2019-11-21 14:41:34.0000000","riskrating":"6","objectid":"10118281","globalid":"E8945B90-DA95-45B3-B397-EB51C5C3751E","tpstructure":"Full","plantingspaceglobalid":"5C386E9E-A2D2-4FB4-B944-6DA305D8720E","createddate":"2019-11-21 14:36:00.0000000","dbh":"8","planteddate":null,"updateddate":"2019-11-21 14:41:34.0000000","geometry":"POINT(-73.81596592809765 40.75033709450479)","genusspecies":"Prunus serrulata - Japanese flowering cherry"}},{"type":"Feature","geometry":{"type":"Point","coordinates":[-73.9346935251104,40.654901023259924]},"properties":{"tpcondition":"Good","stumpdiameter":null,"riskratingdate":"2019-11-21 14:39:00.0000000","riskrating":"5","objectid":"10118282","globalid":"88C647ED-E35F-4EC5-9860-3472EFCE9006","tpstructure":"Full","plantingspaceglobalid":"C0308BA4-0D3A-4F57-8064-F10A412D2ED8","createddate":"2019-11-21 14:38:00.0000000","dbh":"19","planteddate":null,"updateddate":"2019-11-21 14:39:00.0000000","geometry":"POINT(-73.9346935251104 40.654901023259924)","genusspecies":"Ginkgo biloba - maidenhair tree"}},{"type":"Feature","geometry":{"type":"Point","coordinates":[-73.89452232430308,40.888326781292015]},"properties":{"tpcondition":"Good","stumpdiameter":null,"riskratingdate":"2019-11-21 14:42:06.0000000","riskrating":"6","objectid":"10118283","globalid":"4F9EA192-CBE9-440A-AAAD-5835BB5CA1A8","tpstructure":"Full","plantingspaceglobalid":"C141EFE5-6F5A-4268-9799-BD8AF2E79100","createddate":"2019-11-21 14:40:00.0000000","dbh":"10","planteddate":null,"updateddate":"2019-11-21 14:42:06.0000000","geometry":"POINT(-73.89452232430308 40.888326781292015)","genusspecies":"Acer - maple"}},{"type":"Feature","geometry":{"type":"Point","coordinates":[-73.93424052940323,40.653670382173985]},"properties":{"tpcondition":"Fair","stumpdiameter":null,"riskratingdate":"2024-05-18 14:30:23.0000000","riskrating":"8","objectid":"10118284","globalid":"642C6673-A17C-48E6-9C4B-0F79BA00D633","tpstructure":"Full","plantingspaceglobalid":"F4D8CC25-E5E4-4D39-B04A-1A2A8D44A48D","createddate":"2019-11-21 14:47:00.0000000","dbh":"13","planteddate":null,"updateddate":"2024-05-18 14:30:23.0000000","geometry":"POINT(-73.93424052940323 40.653670382173985)","genusspecies":"Gleditsia triacanthos var. inermis - Thornless honeylocust"}},{"type":"Feature","geometry":{"type":"Point","coordinates":[-73.81649348370595,40.75020788347148]},"properties":{"tpcondition":"Good","stumpdiameter":null,"riskratingdate":"2019-11-21 14:54:11.0000000","riskrating":"6","objectid":"10118285","globalid":"F556B1A4-20FE-4849-B79F-6F3BC25A2FE8","tpstructure":"Full","plantingspaceglobalid":"ED961F53-8DB6-4A8E-8BD0-E7D9A75CDB6D","createddate":"2019-11-21 14:52:00.0000000","dbh":"37","planteddate":null,"updateddate":"2019-11-21 14:54:11.0000000","geometry":"POINT(-73.81649348370595 40.75020788347148)","genusspecies":"Quercus - Oak"}},{"type":"Feature","geometry":{"type":"Point","coordinates":[-73.89456521262713,40.88829027896807]},"properties":{"tpcondition":"Good","stumpdiameter":null,"riskratingdate":"2019-11-21 14:54:18.0000000","riskrating":"6","objectid":"10118286","globalid":"D15A1269-BB40-461C-9003-1C5CA14B6CA0","tpstructure":"Full","plantingspaceglobalid":"2D8F69A2-AF84-4391-B5A2-A2A6F1183C7B","createddate":"2019-11-21 14:52:00.0000000","dbh":"10","planteddate":null,"updateddate":"2019-11-21 14:54:18.0000000","geometry":"POINT(-73.89456521262713 40.88829027896807)","genusspecies":"Acer - maple"}},{"type":"Feature","geometry":{"type":"Point","coordinates":[-73.9337241273188,40.653698907128]},"properties":{"tpcondition":"Good","stumpdiameter":null,"riskratingdate":"2019-11-21 15:03:57.0000000","riskrating":"6","objectid":"10118287","globalid":"8068D5AA-F64E-4170-B956-EDFE5331BD8B","tpstructure":"Full","plantingspaceglobalid":"0379110E-57E8-430B-AB97-1B3334EF2AC7","createddate":"2019-11-21 14:54:00.0000000","dbh":"10","planteddate":null,"updateddate":"2019-11-21 15:03:57.0000000","geometry":"POINT(-73.9337241273188 40.653698907128)","genusspecies":"Gleditsia triacanthos var. inermis - Thornless honeylocust"}},{"type":"Feature","geometry":{"type":"Point","coordinates":[-73.89461447110939,40.888240247705205]},"properties":{"tpcondition":"Good","stumpdiameter":null,"riskratingdate":"2019-11-21 14:58:14.0000000","riskrating":"6","objectid":"10118288","globalid":"60158563-9BC6-4F86-9DBF-BDB2C4C1D2C4","tpstructure":"Full","plantingspaceglobalid":"839C0523-EDF0-4567-9FA9-6EC6442017F9","createddate":"2019-11-21 14:56:00.0000000","dbh":"12","planteddate":null,"updateddate":"2019-11-21 14:58:14.0000000","geometry":"POINT(-73.89461447110939 40.888240247705205)","genusspecies":"Acer - maple"}},{"type":"Feature","geometry":{"type":"Point","coordinates":[-73.89486527207801,40.888011908579095]},"properties":{"tpcondition":"Good","stumpdiameter":null,"riskratingdate":"2019-11-21 15:03:56.0000000","riskrating":"6","objectid":"10118289","globalid":"2628C3D9-5E90-45D8-AD4D-8036B192809B","tpstructure":"Full","plantingspaceglobalid":"615810BE-E008-41CC-8103-C46457CB9F08","createddate":"2019-11-21 15:02:00.0000000","dbh":"10","planteddate":null,"updateddate":"2019-11-21 15:03:56.0000000","geometry":"POINT(-73.89486527207801 40.888011908579095)","genusspecies":"Quercus - Oak"}},{"type":"Feature","geometry":{"type":"Point","coordinates":[-73.89488877672491,40.88799608055984]},"properties":{"tpcondition":"Good","stumpdiameter":null,"riskratingdate":"2019-11-21 15:07:48.0000000","riskrating":"6","objectid":"10118290","globalid":"6339E7D7-4CB9-462B-9750-51BFE2546A2A","tpstructure":"Full","plantingspaceglobalid":"80CDF41B-A518-4278-A202-5907CB3FB06C","createddate":"2019-11-21 15:06:00.0000000","dbh":"10","planteddate":null,"updateddate":"2019-11-21 15:07:48.0000000","geometry":"POINT(-73.89488877672491 40.88799608055984)","genusspecies":"Quercus - Oak"}},{"type":"Feature","geometry":{"type":"Point","coordinates":[-73.89490983643726,40.88796304054809]},"properties":{"tpcondition":"Good","stumpdiameter":null,"riskratingdate":"2019-11-21 15:12:24.0000000","riskrating":"6","objectid":"10118291","globalid":"9641F12E-99AA-4FAF-97AB-605A0D2DF8BF","tpstructure":"Full","plantingspaceglobalid":"11723CA8-671A-40BF-A04D-4FE6332E20D6","createddate":"2019-11-21 15:11:00.0000000","dbh":"8","planteddate":null,"updateddate":"2019-11-21 15:12:24.0000000","geometry":"POINT(-73.89490983643726 40.88796304054809)","genusspecies":"Ulmus americana - American elm"}},{"type":"Feature","geometry":{"type":"Point","coordinates":[-73.89492963716529,40.887943296253084]},"properties":{"tpcondition":"Good","stumpdiameter":null,"riskratingdate":"2019-11-21 15:17:57.0000000","riskrating":"6","objectid":"10118292","globalid":"72D520C3-5E10-4D8C-AC8C-AF596459CD62","tpstructure":"Full","plantingspaceglobalid":"E11CD93E-1679-41A5-892C-38C21D2255A4","createddate":"2019-11-21 15:16:00.0000000","dbh":"14","planteddate":null,"updateddate":"2019-11-21 15:17:57.0000000","geometry":"POINT(-73.89492963716529 40.887943296253084)","genusspecies":"Robinia hispida - bristly locust"}},{"type":"Feature","geometry":{"type":"Point","coordinates":[-73.81605150120525,40.75043509481251]},"properties":{"tpcondition":"Good","stumpdiameter":null,"riskratingdate":"2019-11-21 15:20:42.0000000","riskrating":"6","objectid":"10118293","globalid":"CBBA1FEF-BD08-47D8-A509-E84A594C0C8D","tpstructure":"Full","plantingspaceglobalid":"E90E402D-17B3-4C0E-84E2-01A091800494","createddate":"2019-11-21 15:18:00.0000000","dbh":"38","planteddate":null,"updateddate":"2019-11-21 15:20:42.0000000","geometry":"POINT(-73.81605150120525 40.75043509481251)","genusspecies":"Quercus - Oak"}},{"type":"Feature","geometry":{"type":"Point","coordinates":[-73.89494539131567,40.88792287639514]},"properties":{"tpcondition":"Fair","stumpdiameter":null,"riskratingdate":"2019-11-21 15:22:37.0000000","riskrating":"6","objectid":"10118294","globalid":"D3EE7004-C29A-4B5C-B8C0-73081BF75F2C","tpstructure":"Full","plantingspaceglobalid":"DF116616-C83F-4285-94E1-BDB7805A2B0E","createddate":"2019-11-21 15:21:00.0000000","dbh":"28","planteddate":null,"updateddate":"2019-11-21 15:22:37.0000000","geometry":"POINT(-73.89494539131567 40.88792287639514)","genusspecies":"Robinia hispida - bristly locust"}},{"type":"Feature","geometry":{"type":"Point","coordinates":[-73.89498335954832,40.887892703945234]},"properties":{"tpcondition":"Good","stumpdiameter":null,"riskratingdate":"2023-03-21 16:24:49.0000000","riskrating":"3","objectid":"10118295","globalid":"8B720294-F4E8-4353-811A-D512C85071FF","tpstructure":"Full","plantingspaceglobalid":"169FF91F-F834-4993-BD86-12FACEBC3FFE","createddate":"2019-11-21 15:32:00.0000000","dbh":"14","planteddate":null,"updateddate":"2023-03-21 16:24:49.0000000","geometry":"POINT(-73.89498335954832 40.887892703945234)","genusspecies":"Robinia hispida - bristly locust"}},{"type":"Feature","geometry":{"type":"Point","coordinates":[-73.89503131718975,40.887838694380115]},"properties":{"tpcondition":"Good","stumpdiameter":null,"riskratingdate":"2019-11-21 15:40:45.0000000","riskrating":"6","objectid":"10118296","globalid":"63570490-D3B3-4BC1-8A86-C7452DBE4193","tpstructure":"Full","plantingspaceglobalid":"ECF10BC1-353C-440A-BC18-650F2BFA9AFD","createddate":"2019-11-21 15:39:00.0000000","dbh":"18","planteddate":null,"updateddate":"2019-11-21 15:40:45.0000000","geometry":"POINT(-73.89503131718975 40.887838694380115)","genusspecies":"Robinia hispida - bristly locust"}},{"type":"Feature","geometry":{"type":"Point","coordinates":[-73.89505058106548,40.88782153301279]},"properties":{"tpcondition":"Good","stumpdiameter":null,"riskratingdate":"2019-11-21 15:44:43.0000000","riskrating":"6","objectid":"10118297","globalid":"56F4C6EF-5208-49CC-BD98-1BA4857ABE7D","tpstructure":"Full","plantingspaceglobalid":"157796B7-EFA0-49F8-BCF4-08B8D5595E53","createddate":"2019-11-21 15:43:00.0000000","dbh":"22","planteddate":null,"updateddate":"2019-11-21 15:44:43.0000000","geometry":"POINT(-73.89505058106548 40.88782153301279)","genusspecies":"Robinia hispida - bristly locust"}},{"type":"Feature","geometry":{"type":"Point","coordinates":[-73.89508756955858,40.88779000845057]},"properties":{"tpcondition":"Good","stumpdiameter":null,"riskratingdate":"2019-11-21 15:52:41.0000000","riskrating":"6","objectid":"10118298","globalid":"182E9B0D-4CA3-47B3-8A2F-8C273B3B8089","tpstructure":"Full","plantingspaceglobalid":"F69FC96A-DE77-4382-A013-52EDF2CAA704","createddate":"2019-11-21 15:51:00.0000000","dbh":"22","planteddate":null,"updateddate":"2019-11-21 15:52:40.0000000","geometry":"POINT(-73.89508756955858 40.88779000845057)","genusspecies":"Robinia hispida - bristly locust"}},{"type":"Feature","geometry":{"type":"Point","coordinates":[-73.89511436339642,40.88775957534712]},"properties":{"tpcondition":"Good","stumpdiameter":null,"riskratingdate":"2019-11-21 16:00:42.0000000","riskrating":"6","objectid":"10118299","globalid":"6CDFE440-299C-4113-BFB2-D9BC1C9D60AF","tpstructure":"Full","plantingspaceglobalid":"F48164C7-3157-4E02-AF59-7502495528EA","createddate":"2019-11-21 15:59:00.0000000","dbh":"28","planteddate":null,"updateddate":"2019-11-21 16:00:41.0000000","geometry":"POINT(-73.89511436339642 40.88775957534712)","genusspecies":"Robinia hispida - bristly locust"}},{"type":"Feature","geometry":{"type":"Point","coordinates":[-73.93399432885052,40.653508549439074]},"properties":{"tpcondition":"Good","stumpdiameter":null,"riskratingdate":"2019-11-21 16:02:52.0000000","riskrating":"5","objectid":"10118300","globalid":"3F52BDDF-C858-4734-A693-E7179A73A850","tpstructure":"Full","plantingspaceglobalid":"75BD24BD-7F69-4AD4-ABA8-09ABDD299252","createddate":"2019-11-21 16:01:00.0000000","dbh":"10","planteddate":null,"updateddate":"2019-11-21 16:02:52.0000000","geometry":"POINT(-73.93399432885052 40.653508549439074)","genusspecies":"Prunus serrulata 'Green leaf' - 'Green leaf' Japanese flowering cherry"}},{"type":"Feature","geometry":{"type":"Point","coordinates":[-73.93439821882592,40.65339534265303]},"properties":{"tpcondition":"Good","stumpdiameter":null,"riskratingdate":"2019-11-21 16:08:47.0000000","riskrating":"3","objectid":"10118301","globalid":"B524F179-66DE-474D-9D10-8FB18E0F069A","tpstructure":"Full","plantingspaceglobalid":"B2EA3D9A-D8E7-43C4-A149-714BAB0B1A08","createddate":"2019-11-21 16:07:00.0000000","dbh":"6","planteddate":null,"updateddate":"2019-11-21 16:08:47.0000000","geometry":"POINT(-73.93439821882592 40.65339534265303)","genusspecies":"Prunus - Cherry"}},{"type":"Feature","geometry":{"type":"Point","coordinates":[-73.9343823355772,40.65324156114874]},"properties":{"tpcondition":"Good","stumpdiameter":null,"riskratingdate":"2019-11-21 16:12:40.0000000","riskrating":"8","objectid":"10118302","globalid":"69F89479-D463-43BD-A11A-AC772219AE08","tpstructure":"Full","plantingspaceglobalid":"891DFB00-0B79-4ABA-8C0A-D5353620E169","createddate":"2019-11-21 16:11:00.0000000","dbh":"22","planteddate":null,"updateddate":"2019-11-21 16:12:40.0000000","geometry":"POINT(-73.9343823355772 40.65324156114874)","genusspecies":"Platanus x acerifolia - London planetree"}},{"type":"Feature","geometry":{"type":"Point","coordinates":[-73.93434982545561,40.65296201221163]},"properties":{"tpcondition":"Good","stumpdiameter":null,"riskratingdate":"2019-11-21 16:19:25.0000000","riskrating":"5","objectid":"10118303","globalid":"A0903DB0-48E4-4B9F-A7E0-FD78FA01CB8E","tpstructure":"Full","plantingspaceglobalid":"6E3E8E0B-4F69-429A-ABDA-B92E20B1228A","createddate":"2019-11-21 16:18:00.0000000","dbh":"6","planteddate":null,"updateddate":"2019-11-21 16:19:25.0000000","geometry":"POINT(-73.93434982545561 40.65296201221163)","genusspecies":"Syringa reticulata - Japanese tree lilac"}},{"type":"Feature","geometry":{"type":"Point","coordinates":[-73.93431787619829,40.65263621169849]},"properties":{"tpcondition":"Good","stumpdiameter":null,"riskratingdate":"2019-11-21 16:21:38.0000000","riskrating":"5","objectid":"10118304","globalid":"D33432C2-E499-405A-812E-5B08E61AB8D1","tpstructure":"Full","plantingspaceglobalid":"AAFFCC22-AA24-4E3B-9336-C7AD0DEEFD01","createddate":"2019-11-21 16:20:00.0000000","dbh":"6","planteddate":null,"updateddate":"2019-11-21 16:21:38.0000000","geometry":"POINT(-73.93431787619829 40.65263621169849)","genusspecies":"Pyrus calleryana - Callery pear"}},{"type":"Feature","geometry":{"type":"Point","coordinates":[-73.93429650115054,40.652450405709004]},"properties":{"tpcondition":"Fair","stumpdiameter":null,"riskratingdate":"2019-11-21 16:27:48.0000000","riskrating":"6","objectid":"10118305","globalid":"9460717E-D9E8-45A6-9829-79FF2887EECD","tpstructure":"Full","plantingspaceglobalid":"8919F010-32EC-43D6-9549-5EAB270E54C6","createddate":"2019-11-21 16:26:00.0000000","dbh":"4","planteddate":null,"updateddate":"2019-11-21 16:27:48.0000000","geometry":"POINT(-73.93429650115054 40.652450405709004)","genusspecies":"Prunus - Cherry"}},{"type":"Feature","geometry":{"type":"Point","coordinates":[-73.9342637803859,40.65215755869986]},"properties":{"tpcondition":"Dead","stumpdiameter":null,"riskratingdate":"2025-11-03 17:43:25.0000000","riskrating":"7","objectid":"10118306","globalid":"BC517529-3149-4EDB-9203-A4A5A9B90F12","tpstructure":"Full","plantingspaceglobalid":"593B8BC5-37F9-45D4-A370-A926EC75380B","createddate":"2019-11-21 16:29:00.0000000","dbh":"3","planteddate":null,"updateddate":"2025-11-03 17:43:25.0000000","geometry":"POINT(-73.9342637803859 40.65215755869986)","genusspecies":"Prunus - Cherry"}},{"type":"Feature","geometry":{"type":"Point","coordinates":[-73.93436249518076,40.6517672091451]},"properties":{"tpcondition":"Fair","stumpdiameter":null,"riskratingdate":"2020-01-29 19:58:03.0000000","riskrating":"5","objectid":"10118307","globalid":"7173A85E-DCE3-4755-85ED-39D2639D1B10","tpstructure":"Full","plantingspaceglobalid":"06ED6758-E805-4CCE-9926-CDBA81A93326","createddate":"2019-11-21 16:36:00.0000000","dbh":"6","planteddate":null,"updateddate":"2020-01-29 19:58:03.0000000","geometry":"POINT(-73.93436249518076 40.6517672091451)","genusspecies":"Styphnolobium japonicum - Japanese pagoda tree"}},{"type":"Feature","geometry":{"type":"Point","coordinates":[-73.81681111762806,40.74861405759129]},"properties":{"tpcondition":"Fair","stumpdiameter":null,"riskratingdate":null,"riskrating":null,"objectid":"10118309","globalid":"667A53EA-392F-42B2-87B5-E761E9640EBA","tpstructure":"Retired","plantingspaceglobalid":"0E8C793A-C6E5-45EB-B256-1555C9E58970","createddate":"2019-11-21 16:41:00.0000000","dbh":"5","planteddate":null,"updateddate":"2020-02-12 18:16:00.0000000","geometry":"POINT(-73.81681111762806 40.74861405759129)","genusspecies":"Fraxinus - Ash"}},{"type":"Feature","geometry":{"type":"Point","coordinates":[-73.93439621730579,40.65211778349975]},"properties":{"tpcondition":"Good","stumpdiameter":null,"riskratingdate":"2019-11-21 16:47:00.0000000","riskrating":"5","objectid":"10118310","globalid":"ADBE0446-C8AD-49E7-A500-7C366469A217","tpstructure":"Full","plantingspaceglobalid":"CD22FFE8-1526-4306-A38C-623DBCE40A71","createddate":"2019-11-21 16:46:00.0000000","dbh":"6","planteddate":null,"updateddate":"2019-11-21 16:47:00.0000000","geometry":"POINT(-73.93439621730579 40.65211778349975)","genusspecies":"Carpinus betulus - European hornbeam"}},{"type":"Feature","geometry":{"type":"Point","coordinates":[-73.94773514339131,40.773573620060965]},"properties":{"tpcondition":"Good","stumpdiameter":null,"riskratingdate":"2019-11-21 16:54:31.0000000","riskrating":"5","objectid":"10118312","globalid":"8C1090A2-3DB1-4A8D-9169-5322DD31D031","tpstructure":"Full","plantingspaceglobalid":"D5E744C4-DC7E-497B-A841-87AAE6416A31","createddate":"2019-11-21 16:53:00.0000000","dbh":"3","planteddate":null,"updateddate":"2019-11-21 16:54:31.0000000","geometry":"POINT(-73.94773514339131 40.773573620060965)","genusspecies":"Acer rubrum - red maple"}},{"type":"Feature","geometry":{"type":"Point","coordinates":[-73.8169503723377,40.74979722677765]},"properties":{"tpcondition":"Fair","stumpdiameter":null,"riskratingdate":"2024-06-28 15:14:59.0000000","riskrating":"7","objectid":"10118824","globalid":"52F4C4F0-4845-4773-8C7B-536321DA2826","tpstructure":"Full","plantingspaceglobalid":"6C503E6B-9455-475F-9846-BD32B77A4CAF","createddate":"2019-11-21 14:28:00.0000000","dbh":"33","planteddate":null,"updateddate":"2024-06-28 15:15:34.0000000","geometry":"POINT(-73.8169503723377 40.74979722677765)","genusspecies":"Acer saccharinum - silver maple"}},{"type":"Feature","geometry":{"type":"Point","coordinates":[-73.81681111762806,40.74861405759129]},"properties":{"tpcondition":"Dead","stumpdiameter":"8","riskratingdate":"2020-02-07 18:07:00.0000000","riskrating":"9","objectid":"10118825","globalid":"23548361-0257-4296-B638-E4D954646B26","tpstructure":"Stump","plantingspaceglobalid":"0E8C793A-C6E5-45EB-B256-1555C9E58970","createddate":"2019-11-21 16:41:00.0000000","dbh":null,"planteddate":null,"updateddate":"2024-07-31 23:30:32.0000000","geometry":"POINT(-73.81681111762806 40.74861405759129)","genusspecies":"Fraxinus - Ash"}},{"type":"Feature","geometry":{"type":"Point","coordinates":[-73.93448117811549,40.652866557235654]},"properties":{"tpcondition":"Good","stumpdiameter":null,"riskratingdate":"2025-10-16 14:42:41.0000000","riskrating":"5","objectid":"10119492","globalid":"D3A6D034-139F-4569-97E3-E1A0EE58EA0E","tpstructure":"Full","plantingspaceglobalid":"DC54FD7C-8045-428D-A208-7C1ED0EE4EB3","createddate":"2019-11-21 16:55:00.0000000","dbh":"15","planteddate":null,"updateddate":"2025-10-16 14:42:41.0000000","geometry":"POINT(-73.93448117811549 40.652866557235654)","genusspecies":"Zelkova serrata - Japanese zelkova"}},{"type":"Feature","geometry":{"type":"Point","coordinates":[-73.95944932611705,40.804521922509466]},"properties":{"tpcondition":"Good","stumpdiameter":null,"riskratingdate":"2019-11-21 17:18:52.0000000","riskrating":"8","objectid":"10119918","globalid":"691BB7BB-ABAB-41B2-930F-213371374A00","tpstructure":"Full","plantingspaceglobalid":"6A25BFC8-1F8D-4E04-9C43-CE70D1536C68","createddate":"2019-11-21 17:17:00.0000000","dbh":"29","planteddate":null,"updateddate":"2019-11-21 17:18:52.0000000","geometry":"POINT(-73.95944932611705 40.804521922509466)","genusspecies":"Platanus x acerifolia - London planetree"}},{"type":"Feature","geometry":{"type":"Point","coordinates":[-73.81719118481006,40.749809345904964]},"properties":{"tpcondition":"Good","stumpdiameter":null,"riskratingdate":"2019-11-21 17:47:00.0000000","riskrating":"6","objectid":"10119919","globalid":"EBF34DF0-177C-42F9-9797-4A5D1AA2ADF3","tpstructure":"Full","plantingspaceglobalid":"B1FF16F8-44B2-43AB-AE3E-7C6DD0B41E13","createddate":"2019-11-21 17:46:00.0000000","dbh":"16","planteddate":null,"updateddate":"2019-12-12 15:48:00.0000000","geometry":"POINT(-73.81719118481006 40.749809345904964)","genusspecies":"Quercus - Oak"}},{"type":"Feature","geometry":{"type":"Point","coordinates":[-73.89611968886236,40.82918339189828]},"properties":{"tpcondition":"Good","stumpdiameter":null,"riskratingdate":"2019-11-21 17:47:48.0000000","riskrating":"3","objectid":"10119920","globalid":"70F93F61-DCBB-4881-8D86-7FAC174B95BA","tpstructure":"Full","plantingspaceglobalid":"2B05D787-D5E8-4009-8692-374BDDB878B8","createddate":"2019-11-21 17:47:00.0000000","dbh":"2","planteddate":null,"updateddate":"2019-11-21 17:47:48.0000000","geometry":"POINT(-73.89611968886236 40.82918339189828)","genusspecies":"Tilia cordata - littleleaf linden"}},{"type":"Feature","geometry":{"type":"Point","coordinates":[-73.89642614165771,40.82926120918859]},"properties":{"tpcondition":"Good","stumpdiameter":null,"riskratingdate":"2019-11-21 17:52:00.0000000","riskrating":"3","objectid":"10119921","globalid":"37763889-33C8-47AC-ABEC-39CAC0426410","tpstructure":"Retired","plantingspaceglobalid":"3F2017A7-9ABF-4FB5-AA11-D4A648641282","createddate":"2019-11-21 17:51:00.0000000","dbh":"6","planteddate":null,"updateddate":"2024-03-26 12:35:00.0000000","geometry":"POINT(-73.89642614165771 40.82926120918859)","genusspecies":"Quercus imbricaria - shingle oak"}},{"type":"Feature","geometry":{"type":"Point","coordinates":[-73.81676860592401,40.75005102648525]},"properties":{"tpcondition":"Good","stumpdiameter":null,"riskratingdate":"2021-09-29 13:56:01.0000000","riskrating":"8","objectid":"10119922","globalid":"E0FA43F8-6284-420E-B4B3-9889D374A149","tpstructure":"Full","plantingspaceglobalid":"716D0B73-345E-44C0-9563-0B542391791C","createddate":"2019-11-21 17:53:00.0000000","dbh":"35","planteddate":null,"updateddate":"2021-09-29 13:56:01.0000000","geometry":"POINT(-73.81676860592401 40.75005102648525)","genusspecies":"Quercus - Oak"}},{"type":"Feature","geometry":{"type":"Point","coordinates":[-73.71258121968516,40.746529886696486]},"properties":{"tpcondition":"Dead","stumpdiameter":null,"riskratingdate":"2020-04-09 15:23:00.0000000","riskrating":"5","objectid":"10119923","globalid":"20629396-CAA8-4C87-9534-6A61E716F112","tpstructure":"Retired","plantingspaceglobalid":"7CC38F05-C6F6-483B-A31A-6EE3BD475E26","createddate":"2019-11-21 17:57:00.0000000","dbh":"4","planteddate":null,"updateddate":"2020-04-16 22:48:00.0000000","geometry":"POINT(-73.71258121968516 40.746529886696486)","genusspecies":"Pyrus calleryana - Callery pear"}},{"type":"Feature","geometry":{"type":"Point","coordinates":[-73.93374986870315,40.65494854243872]},"properties":{"tpcondition":"Fair","stumpdiameter":null,"riskratingdate":"2019-11-21 18:07:07.0000000","riskrating":"6","objectid":"10119924","globalid":"A1D96C68-A620-43DD-A588-436E14101B5B","tpstructure":"Full","plantingspaceglobalid":"CEBDFC8B-D335-4B7E-BC9A-DB9FD433B0E3","createddate":"2019-11-21 18:06:00.0000000","dbh":"13","planteddate":null,"updateddate":"2019-11-21 18:07:07.0000000","geometry":"POINT(-73.93374986870315 40.65494854243872)","genusspecies":"Acer platanoides - Norway maple"}},{"type":"Feature","geometry":{"type":"Point","coordinates":[-73.93364884688533,40.6539441826622]},"properties":{"tpcondition":"Good","stumpdiameter":null,"riskratingdate":"2019-11-21 18:15:14.0000000","riskrating":"4","objectid":"10119926","globalid":"6E2AFDA2-E3B0-4182-BC4A-9BE0799BC075","tpstructure":"Full","plantingspaceglobalid":"333E5865-A6C0-4084-9702-38C67E75DAC6","createddate":"2019-11-21 18:14:00.0000000","dbh":"5","planteddate":null,"updateddate":"2019-11-21 18:15:14.0000000","geometry":"POINT(-73.93364884688533 40.6539441826622)","genusspecies":"Quercus palustris - pin oak"}},{"type":"Feature","geometry":{"type":"Point","coordinates":[-73.93302208191288,40.65373074706736]},"properties":{"tpcondition":"Good","stumpdiameter":null,"riskratingdate":null,"riskrating":null,"objectid":"10119927","globalid":"FF305CC1-E9D8-418C-96B5-C649654AD67B","tpstructure":"Full","plantingspaceglobalid":"C59A16F1-97DB-4CF2-B59A-2E6901F51A65","createddate":"2019-11-21 18:35:00.0000000","dbh":"1","planteddate":null,"updateddate":null,"geometry":"POINT(-73.93302208191288 40.65373074706736)","genusspecies":"Prunus - Cherry"}},{"type":"Feature","geometry":{"type":"Point","coordinates":[-73.89812708518387,40.90818685584143]},"properties":{"tpcondition":"Fair","stumpdiameter":null,"riskratingdate":"2021-05-10 14:03:00.0000000","riskrating":"9","objectid":"10119928","globalid":"670A6813-D33A-4E89-BD42-B4D247615411","tpstructure":"Retired","plantingspaceglobalid":"0BBADC33-EBF3-4A41-B186-8104753C177A","createddate":"2019-11-21 18:47:00.0000000","dbh":"36","planteddate":null,"updateddate":"2021-12-06 18:08:00.0000000","geometry":"POINT(-73.89812708518387 40.90818685584143)","genusspecies":"Ulmus americana - American elm"}},{"type":"Feature","geometry":{"type":"Point","coordinates":[-73.79989545021314,40.86672314147503]},"properties":{"tpcondition":"Dead","stumpdiameter":null,"riskratingdate":"2020-03-16 20:07:58.0000000","riskrating":"10","objectid":"10119929","globalid":"CCED3961-A1F0-41FF-BF46-E1A5C5E8B3F0","tpstructure":"Retired","plantingspaceglobalid":"6B127EA8-D249-4384-94EC-2B962E543396","createddate":"2019-11-21 18:50:00.0000000","dbh":"13","planteddate":null,"updateddate":"2023-07-06 15:03:07.0000000","geometry":"POINT(-73.79989545021314 40.86672314147503)","genusspecies":"Quercus - Oak"}},{"type":"Feature","geometry":{"type":"Point","coordinates":[-73.90108214747754,40.63915642830025]},"properties":{"tpcondition":"Poor","stumpdiameter":null,"riskratingdate":"2019-11-21 19:01:42.0000000","riskrating":"8","objectid":"10119930","globalid":"718E86E9-CCBB-4958-9569-843D5C09CB0F","tpstructure":"Retired","plantingspaceglobalid":"E09920BB-5F8A-4633-935B-1ACB27CEEB10","createddate":"2019-11-21 18:58:00.0000000","dbh":"13","planteddate":null,"updateddate":"2021-10-26 17:22:11.0000000","geometry":"POINT(-73.90108214747754 40.63915642830025)","genusspecies":"Acer platanoides - Norway maple"}},{"type":"Feature","geometry":{"type":"Point","coordinates":[-73.92171722204013,40.880407442571986]},"properties":{"tpcondition":"Dead","stumpdiameter":"16","riskratingdate":"2019-11-21 19:34:57.0000000","riskrating":"9","objectid":"10119931","globalid":"D55EA85F-2287-4DA4-BBAC-F33FCE498D63","tpstructure":"Stump","plantingspaceglobalid":"AD113E32-B208-4F6A-A6F1-37221C74CB36","createddate":"2019-11-21 19:32:00.0000000","dbh":null,"planteddate":null,"updateddate":"2023-07-19 19:14:10.0000000","geometry":"POINT(-73.92171722204013 40.880407442571986)","genusspecies":"Morus - mulberry"}},{"type":"Feature","geometry":{"type":"Point","coordinates":[-73.81790314119549,40.749218792222486]},"properties":{"tpcondition":"Dead","stumpdiameter":null,"riskratingdate":"2020-01-16 13:17:00.0000000","riskrating":"8","objectid":"10119932","globalid":"5229F68D-39DE-45F4-BEF6-7FB287A86E8D","tpstructure":"Retired","plantingspaceglobalid":"F1DE2E14-C736-4D3C-905B-C333665CF7B0","createddate":"2019-11-21 20:50:00.0000000","dbh":"10","planteddate":null,"updateddate":"2024-07-31 23:35:17.0000000","geometry":"POINT(-73.81790314119549 40.749218792222486)","genusspecies":"Unknown - Unknown"}},{"type":"Feature","geometry":{"type":"Point","coordinates":[-73.81798422790536,40.749168628489464]},"properties":{"tpcondition":"Good","stumpdiameter":null,"riskratingdate":"2019-11-21 21:01:21.0000000","riskrating":"6","objectid":"10119933","globalid":"A6B1A17E-5C53-4FAA-839D-8F50F67370D4","tpstructure":"Full","plantingspaceglobalid":"84E45CA6-C92D-4CD3-B899-72CC88F3A89C","createddate":"2019-11-21 20:57:00.0000000","dbh":"8","planteddate":null,"updateddate":"2019-11-21 21:01:21.0000000","geometry":"POINT(-73.81798422790536 40.749168628489464)","genusspecies":"Acer - maple"}},{"type":"Feature","geometry":{"type":"Point","coordinates":[-73.81828181612474,40.74897278898678]},"properties":{"tpcondition":"Good","stumpdiameter":null,"riskratingdate":"2020-02-07 18:58:38.0000000","riskrating":"6","objectid":"10119934","globalid":"BCE71FD2-1FCE-4EC4-B8BC-3F4659EE0865","tpstructure":"Full","plantingspaceglobalid":"8FE8DCDF-B4BB-4DB9-9344-E0A3EF552BC5","createddate":"2019-11-21 21:18:00.0000000","dbh":"9","planteddate":null,"updateddate":"2020-02-07 18:58:38.0000000","geometry":"POINT(-73.81828181612474 40.74897278898678)","genusspecies":"Pyrus calleryana - Callery pear"}},{"type":"Feature","geometry":{"type":"Point","coordinates":[-73.8188772117795,40.74859202241159]},"properties":{"tpcondition":"Good","stumpdiameter":null,"riskratingdate":"2019-11-21 21:23:02.0000000","riskrating":"6","objectid":"10119935","globalid":"9017D1BB-97FC-4C39-8618-19DD19715159","tpstructure":"Full","plantingspaceglobalid":"C01677D6-504D-41FB-9876-FD8EC0E72C59","createddate":"2019-11-21 21:21:00.0000000","dbh":"17","planteddate":null,"updateddate":"2019-11-21 21:23:02.0000000","geometry":"POINT(-73.8188772117795 40.74859202241159)","genusspecies":"Tilia tomentosa - silver linden"}},{"type":"Feature","geometry":{"type":"Point","coordinates":[-73.9345371234789,40.6534075451578]},"properties":{"tpcondition":"Good","stumpdiameter":null,"riskratingdate":"2019-11-21 17:35:19.0000000","riskrating":"6","objectid":"10120352","globalid":"F75C605F-E530-4AFB-BC3A-6C25106C6B22","tpstructure":"Full","plantingspaceglobalid":"6A219B53-6C3E-41D9-8C3E-480016129453","createddate":"2019-11-21 17:34:00.0000000","dbh":"10","planteddate":null,"updateddate":"2019-11-21 17:35:19.0000000","geometry":"POINT(-73.9345371234789 40.6534075451578)","genusspecies":"Gleditsia triacanthos var. inermis - Thornless honeylocust"}},{"type":"Feature","geometry":{"type":"Point","coordinates":[-73.9345155502548,40.65318640346731]},"properties":{"tpcondition":"Good","stumpdiameter":null,"riskratingdate":"2019-11-21 17:46:01.0000000","riskrating":"6","objectid":"10120353","globalid":"9B710A10-237B-4E94-A777-CD7D3AC3E643","tpstructure":"Full","plantingspaceglobalid":"B0AF917B-F91D-481B-8750-AD3E72929CC9","createddate":"2019-11-21 17:38:00.0000000","dbh":"10","planteddate":null,"updateddate":"2019-11-21 17:46:01.0000000","geometry":"POINT(-73.9345155502548 40.65318640346731)","genusspecies":"Gleditsia triacanthos var. inermis - Thornless honeylocust"}},{"type":"Feature","geometry":{"type":"Point","coordinates":[-73.81724208145631,40.74978110767531]},"properties":{"tpcondition":"Good","stumpdiameter":null,"riskratingdate":"2019-11-21 17:45:02.0000000","riskrating":"6","objectid":"10120354","globalid":"26D42A89-0787-4785-920A-7AA487C74067","tpstructure":"Full","plantingspaceglobalid":"1141F01A-724F-4364-B426-20D7BECB1E13","createddate":"2019-11-21 17:43:00.0000000","dbh":"18","planteddate":null,"updateddate":"2019-11-21 17:45:02.0000000","geometry":"POINT(-73.81724208145631 40.74978110767531)","genusspecies":"Quercus - Oak"}},{"type":"Feature","geometry":{"type":"Point","coordinates":[-73.81682882826776,40.750016445737565]},"properties":{"tpcondition":"Good","stumpdiameter":null,"riskratingdate":"2019-11-21 17:52:44.0000000","riskrating":"6","objectid":"10120355","globalid":"61522960-0283-46B1-BA5E-1B26CE3BAA77","tpstructure":"Full","plantingspaceglobalid":"F7EE3336-4F77-4E1A-A031-8107B7B3EF4B","createddate":"2019-11-21 17:51:00.0000000","dbh":"26","planteddate":null,"updateddate":"2019-11-21 17:52:44.0000000","geometry":"POINT(-73.81682882826776 40.750016445737565)","genusspecies":"Quercus - Oak"}},{"type":"Feature","geometry":{"type":"Point","coordinates":[-73.7124909458494,40.74655397713728]},"properties":{"tpcondition":"Dead","stumpdiameter":"0","riskratingdate":"2021-06-28 16:21:00.0000000","riskrating":"8","objectid":"10120356","globalid":"78B229B0-2B87-43F6-9F0B-C9511B5C3128","tpstructure":"Retired","plantingspaceglobalid":"CD59C911-2CF4-4A93-A50C-6C2616D02A89","createddate":"2019-11-21 17:53:00.0000000","dbh":null,"planteddate":null,"updateddate":"2024-03-22 12:18:07.0000000","geometry":"POINT(-73.7124909458494 40.74655397713728)","genusspecies":"Pyrus calleryana - Callery pear"}},{"type":"Feature","geometry":{"type":"Point","coordinates":[-73.9336638395045,40.65406184640898]},"properties":{"tpcondition":"Good","stumpdiameter":null,"riskratingdate":"2019-11-21 18:13:33.0000000","riskrating":"5","objectid":"10120357","globalid":"E354F9D4-5737-4211-9565-E4D2C613622F","tpstructure":"Full","plantingspaceglobalid":"C85E5ECF-1F4B-4F23-9861-F64658C37FE6","createddate":"2019-11-21 18:12:00.0000000","dbh":"7","planteddate":null,"updateddate":"2019-11-21 18:13:33.0000000","geometry":"POINT(-73.9336638395045 40.65406184640898)","genusspecies":"Quercus bicolor - swamp white oak"}},{"type":"Feature","geometry":{"type":"Point","coordinates":[-73.90274582013453,40.64285645633599]},"properties":{"tpcondition":"Unknown","stumpdiameter":"38","riskratingdate":"2019-11-21 18:22:00.0000000","riskrating":"8","objectid":"10120359","globalid":"C6754D52-CC5C-47A3-B01D-D06FD1511B5F","tpstructure":"Retired","plantingspaceglobalid":"07F732B8-FC66-43AB-9C2A-0A9F7622CEE4","createddate":"2019-11-21 18:20:00.0000000","dbh":"38","planteddate":null,"updateddate":"2020-05-26 15:00:00.0000000","geometry":"POINT(-73.90274582013453 40.64285645633599)","genusspecies":"Quercus palustris - pin oak"}},{"type":"Feature","geometry":{"type":"Point","coordinates":[-73.90480906035584,40.64200057692885]},"properties":{"tpcondition":"Unknown","stumpdiameter":"4","riskratingdate":"2019-11-21 19:15:00.0000000","riskrating":"5","objectid":"10120360","globalid":"DBE8757B-4E78-4E08-8D66-389C8769092F","tpstructure":"Retired","plantingspaceglobalid":"A1FF446B-BB27-4CA2-9CEE-623B6D70AA6C","createddate":"2019-11-21 19:14:00.0000000","dbh":"4","planteddate":null,"updateddate":"2020-05-26 15:00:00.0000000","geometry":"POINT(-73.90480906035584 40.64200057692885)","genusspecies":"Malus - apple"}},{"type":"Feature","geometry":{"type":"Point","coordinates":[-73.9788076676219,40.72546445309761]},"properties":{"tpcondition":"Dead","stumpdiameter":"13","riskratingdate":"2025-04-22 15:22:15.0000000","riskrating":"3","objectid":"10120361","globalid":"9F9396E4-2646-4A5C-84DB-A5AD1E72B2BB","tpstructure":"Stump","plantingspaceglobalid":"31DFE76B-C114-4BF7-BEA4-F5D9D28CE4DF","createddate":"2019-11-21 19:17:00.0000000","dbh":null,"planteddate":null,"updateddate":"2025-04-22 15:22:15.0000000","geometry":"POINT(-73.9788076676219 40.72546445309761)","genusspecies":"Betula pendula - European white birch"}},{"type":"Feature","geometry":{"type":"Point","coordinates":[-73.92140370099011,40.88059916339363]},"properties":{"tpcondition":"Poor","stumpdiameter":null,"riskratingdate":"2019-11-21 19:21:57.0000000","riskrating":"6","objectid":"10120362","globalid":"F472D366-4372-4DBB-A978-1B7E64954299","tpstructure":"Full","plantingspaceglobalid":"F419FB35-1A23-47E2-93FA-9C0F86B4CFDD","createddate":"2019-11-21 19:20:00.0000000","dbh":"10","planteddate":null,"updateddate":"2019-11-21 19:21:57.0000000","geometry":"POINT(-73.92140370099011 40.88059916339363)","genusspecies":"Ailanthus altissima - tree of heaven"}},{"type":"Feature","geometry":{"type":"Point","coordinates":[-73.92191470986648,40.88081629389356]},"properties":{"tpcondition":"Poor","stumpdiameter":"15","riskratingdate":"2019-11-21 19:59:28.0000000","riskrating":"9","objectid":"10120363","globalid":"6A7C6966-38C0-4CE4-BA38-064BF0C11940","tpstructure":"Stump","plantingspaceglobalid":"45DF2600-8EE6-44E3-987B-59CDC0BD6636","createddate":"2019-11-21 19:56:00.0000000","dbh":null,"planteddate":null,"updateddate":"2023-07-19 13:06:13.0000000","geometry":"POINT(-73.92191470986648 40.88081629389356)","genusspecies":"Robinia pseudoacacia - black locust"}},{"type":"Feature","geometry":{"type":"Point","coordinates":[-73.94924257222515,40.60818007125146]},"properties":{"tpcondition":"Unknown","stumpdiameter":null,"riskratingdate":"2020-02-03 15:28:00.0000000","riskrating":"7","objectid":"10120364","globalid":"058045D1-5C8B-4494-AFE7-EBE4872EE356","tpstructure":"Retired","plantingspaceglobalid":"581A3D2C-5DFE-4E30-976F-0B96036BA2AF","createddate":"2019-11-21 20:06:00.0000000","dbh":"3","planteddate":null,"updateddate":"2020-05-26 15:00:00.0000000","geometry":"POINT(-73.94924257222515 40.60818007125146)","genusspecies":"Unknown - Unknown"}},{"type":"Feature","geometry":{"type":"Point","coordinates":[-73.95323191922131,40.77517513989791]},"properties":{"tpcondition":"Fair","stumpdiameter":null,"riskratingdate":"2019-11-21 20:19:57.0000000","riskrating":"6","objectid":"10120365","globalid":"9D992C8B-8117-43FA-A154-8BE3B574A486","tpstructure":"Full","plantingspaceglobalid":"E9F88E9C-4473-4B01-97F9-69E02C3F7B8F","createddate":"2019-11-21 20:19:00.0000000","dbh":"3","planteddate":null,"updateddate":"2019-11-21 20:19:57.0000000","geometry":"POINT(-73.95323191922131 40.77517513989791)","genusspecies":"Gleditsia triacanthos var. inermis - Thornless honeylocust"}},{"type":"Feature","geometry":{"type":"Point","coordinates":[-73.81805304648803,40.74912259733283]},"properties":{"tpcondition":"Good","stumpdiameter":null,"riskratingdate":"2019-11-21 21:04:00.0000000","riskrating":"6","objectid":"10120366","globalid":"FC23D240-1C6C-4243-9666-9D34EE1FF253","tpstructure":"Full","plantingspaceglobalid":"BA28261A-9DB5-46EC-91C9-44B015F91953","createddate":"2019-11-21 21:02:00.0000000","dbh":"18","planteddate":null,"updateddate":"2019-11-21 21:03:59.0000000","geometry":"POINT(-73.81805304648803 40.74912259733283)","genusspecies":"Acer - maple"}},{"type":"Feature","geometry":{"type":"Point","coordinates":[-73.95124418200255,40.60871518760429]},"properties":{"tpcondition":"Fair","stumpdiameter":null,"riskratingdate":"2022-01-13 16:51:10.0000000","riskrating":"8","objectid":"10120367","globalid":"C96556C1-733A-425C-B29E-852BA900F64D","tpstructure":"Full","plantingspaceglobalid":"A0474FEB-1F83-49DD-96F4-40F5894A5A7F","createddate":"2019-11-21 21:17:00.0000000","dbh":"36","planteddate":null,"updateddate":"2022-01-13 16:51:10.0000000","geometry":"POINT(-73.95124418200255 40.60871518760429)","genusspecies":"Platanus x acerifolia - London planetree"}},{"type":"Feature","geometry":{"type":"Point","coordinates":[-73.93452602927589,40.65329058651483]},"properties":{"tpcondition":"Good","stumpdiameter":null,"riskratingdate":"2019-11-21 17:37:16.0000000","riskrating":"6","objectid":"10120756","globalid":"F8769401-9B09-4A5D-89D5-9B0DFFC98289","tpstructure":"Full","plantingspaceglobalid":"7DC86E27-DD1A-4B0E-B49C-3DDF4D17EA40","createddate":"2019-11-21 17:36:00.0000000","dbh":"10","planteddate":null,"updateddate":"2019-11-21 17:37:16.0000000","geometry":"POINT(-73.93452602927589 40.65329058651483)","genusspecies":"Gleditsia triacanthos var. inermis - Thornless honeylocust"}},{"type":"Feature","geometry":{"type":"Point","coordinates":[-73.93368614683949,40.6543523933422]},"properties":{"tpcondition":"Good","stumpdiameter":null,"riskratingdate":"2019-11-21 18:10:56.0000000","riskrating":"7","objectid":"10120757","globalid":"65D31CBE-5BC3-44C1-93FF-99DAF4036544","tpstructure":"Full","plantingspaceglobalid":"21340F1B-D5C4-4BC5-B8C6-9874AB145AE7","createddate":"2019-11-21 18:09:00.0000000","dbh":"30","planteddate":null,"updateddate":"2019-11-21 18:10:56.0000000","geometry":"POINT(-73.93368614683949 40.6543523933422)","genusspecies":"Quercus palustris - pin oak"}},{"type":"Feature","geometry":{"type":"Point","coordinates":[-73.93336723660643,40.6532273577056]},"properties":{"tpcondition":"Good","stumpdiameter":null,"riskratingdate":"2019-11-21 18:56:12.0000000","riskrating":"6","objectid":"10120758","globalid":"E12B17CC-BE5D-4284-87E9-AC0B2790BD2E","tpstructure":"Full","plantingspaceglobalid":"BF6B3E16-D1FB-4860-B0AE-788F515F2C97","createddate":"2019-11-21 18:55:00.0000000","dbh":"6","planteddate":null,"updateddate":"2019-11-21 18:56:12.0000000","geometry":"POINT(-73.93336723660643 40.6532273577056)","genusspecies":"Quercus palustris - pin oak"}},{"type":"Feature","geometry":{"type":"Point","coordinates":[-73.90433233164242,40.642069030295936]},"properties":{"tpcondition":"Good","stumpdiameter":null,"riskratingdate":"2021-10-26 18:36:25.0000000","riskrating":"5","objectid":"10120759","globalid":"1FAF4F90-9CF1-4786-8386-102FB94682BB","tpstructure":"Full","plantingspaceglobalid":"2349510B-CEC4-470A-BEBB-3ED1BEB1D369","createddate":"2019-11-21 19:18:00.0000000","dbh":"9","planteddate":null,"updateddate":"2021-10-26 18:36:25.0000000","geometry":"POINT(-73.90433233164242 40.642069030295936)","genusspecies":"Styphnolobium japonicum - Japanese pagoda tree"}},{"type":"Feature","geometry":{"type":"Point","coordinates":[-73.81814365847345,40.749065384222895]},"properties":{"tpcondition":"Good","stumpdiameter":null,"riskratingdate":"2019-11-21 21:15:06.0000000","riskrating":"6","objectid":"10120760","globalid":"FDD6D882-2B5D-4366-934F-E5CC84B4DCA6","tpstructure":"Full","plantingspaceglobalid":"D447393A-D2C8-4F6D-A1F8-E101D1E4D6BF","createddate":"2019-11-21 21:13:00.0000000","dbh":"12","planteddate":null,"updateddate":"2019-11-21 21:15:06.0000000","geometry":"POINT(-73.81814365847345 40.749065384222895)","genusspecies":"Morus - mulberry"}},{"type":"Feature","geometry":{"type":"Point","coordinates":[-73.90287036183322,40.64296759336483]},"properties":{"tpcondition":"Unknown","stumpdiameter":"43","riskratingdate":"2019-11-21 18:32:00.0000000","riskrating":"8","objectid":"10121295","globalid":"CDEC9278-5425-46E1-84D8-33B454464340","tpstructure":"Retired","plantingspaceglobalid":"B319C832-09EA-44F2-B46E-A7DEAFED0BBA","createddate":"2019-11-21 18:29:00.0000000","dbh":"43","planteddate":null,"updateddate":"2021-09-03 15:24:12.0000000","geometry":"POINT(-73.90287036183322 40.64296759336483)","genusspecies":"Platanus x acerifolia - London planetree"}},{"type":"Feature","geometry":{"type":"Point","coordinates":[-73.92090970318696,40.880721389493964]},"properties":{"tpcondition":"Fair","stumpdiameter":null,"riskratingdate":"2024-08-05 14:20:56.0000000","riskrating":"6","objectid":"10121296","globalid":"60129CEA-2BC0-46D3-9299-2EB15441B64C","tpstructure":"Full","plantingspaceglobalid":"B72A0230-E460-4AF0-B633-7444F163F873","createddate":"2019-11-21 19:11:00.0000000","dbh":"25","planteddate":null,"updateddate":"2024-08-05 14:20:56.0000000","geometry":"POINT(-73.92090970318696 40.880721389493964)","genusspecies":"Gleditsia triacanthos var. inermis - Thornless honeylocust"}},{"type":"Feature","geometry":{"type":"Point","coordinates":[-73.94708049020782,40.77340192033279]},"properties":{"tpcondition":"Good","stumpdiameter":null,"riskratingdate":"2022-07-21 19:02:31.0000000","riskrating":"3","objectid":"10121297","globalid":"D58841AF-EBD4-4AEE-B47F-DACCBA942173","tpstructure":"Full","plantingspaceglobalid":"4FC183D8-E01F-4016-9EF6-C024191BCB53","createddate":"2019-11-21 19:23:00.0000000","dbh":"3","planteddate":null,"updateddate":"2022-07-21 19:02:31.0000000","geometry":"POINT(-73.94708049020782 40.77340192033279)","genusspecies":"Quercus rubra - northern red oak"}},{"type":"Feature","geometry":{"type":"Point","coordinates":[-73.93334295362445,40.65294559511939]},"properties":{"tpcondition":"Good","stumpdiameter":null,"riskratingdate":"2019-11-22 13:39:56.0000000","riskrating":"7","objectid":"10122134","globalid":"5663D7CE-639D-442A-855B-9FE50DFEB2C3","tpstructure":"Full","plantingspaceglobalid":"223BFEDC-3E8D-4D90-89C6-B582D1FCE25D","createddate":"2019-11-22 13:38:00.0000000","dbh":"10","planteddate":null,"updateddate":"2019-11-22 13:39:56.0000000","geometry":"POINT(-73.93334295362445 40.65294559511939)","genusspecies":"Quercus bicolor - swamp white oak"}},{"type":"Feature","geometry":{"type":"Point","coordinates":[-73.93327841438267,40.6522894282168]},"properties":{"tpcondition":"Good","stumpdiameter":null,"riskratingdate":"2019-11-22 13:47:31.0000000","riskrating":"5","objectid":"10122137","globalid":"61BEBFAB-D6FD-4323-9BCE-E8230FD8BFB1","tpstructure":"Full","plantingspaceglobalid":"DCE8DE53-FBB3-4EE0-8773-E1C9148CA20B","createddate":"2019-11-22 13:46:00.0000000","dbh":"8","planteddate":null,"updateddate":"2019-11-22 13:47:30.0000000","geometry":"POINT(-73.93327841438267 40.6522894282168)","genusspecies":"Zelkova serrata - Japanese zelkova"}},{"type":"Feature","geometry":{"type":"Point","coordinates":[-73.81892075714171,40.748561803088506]},"properties":{"tpcondition":"Good","stumpdiameter":null,"riskratingdate":"2019-11-22 14:24:47.0000000","riskrating":"6","objectid":"10122138","globalid":"AE14DB51-E0FB-471F-8061-A76285A83652","tpstructure":"Full","plantingspaceglobalid":"C96CFCC6-B016-4616-BE7D-5BEA704D233E","createddate":"2019-11-22 14:20:00.0000000","dbh":"12","planteddate":null,"updateddate":"2019-11-22 14:24:46.0000000","geometry":"POINT(-73.81892075714171 40.748561803088506)","genusspecies":"Tilia tomentosa - silver linden"}},{"type":"Feature","geometry":{"type":"Point","coordinates":[-73.93349894496536,40.652550272576036]},"properties":{"tpcondition":"Good","stumpdiameter":null,"riskratingdate":"2023-12-06 19:08:29.0000000","riskrating":"6","objectid":"10122139","globalid":"AE1A12CE-C568-42D4-A07E-8F8C4844E7B2","tpstructure":"Full","plantingspaceglobalid":"E979525A-FD6A-4FA2-990F-037C722B96E0","createddate":"2019-11-22 15:21:00.0000000","dbh":"7","planteddate":null,"updateddate":"2023-12-06 19:08:29.0000000","geometry":"POINT(-73.93349894496536 40.652550272576036)","genusspecies":"Zelkova serrata - Japanese zelkova"}},{"type":"Feature","geometry":{"type":"Point","coordinates":[-73.81910925843238,40.748441036181625]},"properties":{"tpcondition":"Good","stumpdiameter":null,"riskratingdate":"2019-11-22 16:03:26.0000000","riskrating":"6","objectid":"10122140","globalid":"E8EB6CC9-CAB5-4802-B6BD-EB06D1C04C09","tpstructure":"Full","plantingspaceglobalid":"62F8A258-F416-44C5-857E-1FD7D43A679D","createddate":"2019-11-22 16:02:00.0000000","dbh":"8","planteddate":null,"updateddate":"2019-11-22 16:03:26.0000000","geometry":"POINT(-73.81910925843238 40.748441036181624)","genusspecies":"Pyrus calleryana - Callery pear"}},{"type":"Feature","geometry":{"type":"Point","coordinates":[-73.81897902784375,40.748386476301484]},"properties":{"tpcondition":"Good","stumpdiameter":null,"riskratingdate":"2019-11-22 16:32:06.0000000","riskrating":"4","objectid":"10122141","globalid":"67663D87-BE8F-4527-A59F-6BB7925F5656","tpstructure":"Full","plantingspaceglobalid":"29D6B506-2A7F-45B2-96D9-0972EAE756D8","createddate":"2019-11-22 16:30:00.0000000","dbh":"6","planteddate":null,"updateddate":"2019-11-22 16:32:06.0000000","geometry":"POINT(-73.81897902784375 40.748386476301484)","genusspecies":"Ostrya virginiana - hophornbeam"}},{"type":"Feature","geometry":{"type":"Point","coordinates":[-73.81866568419342,40.748597107621755]},"properties":{"tpcondition":"Good","stumpdiameter":null,"riskratingdate":"2019-11-22 16:36:36.0000000","riskrating":"6","objectid":"10122142","globalid":"503853B1-8498-47A7-87E6-CC32167B844F","tpstructure":"Full","plantingspaceglobalid":"54E7A4E4-D26F-48E4-8BBF-5F3E3F21BB29","createddate":"2019-11-22 16:34:00.0000000","dbh":"34","planteddate":null,"updateddate":"2019-11-22 16:36:36.0000000","geometry":"POINT(-73.81866568419342 40.748597107621755)","genusspecies":"Ostrya virginiana - hophornbeam"}},{"type":"Feature","geometry":{"type":"Point","coordinates":[-73.81822893981021,40.74887820767627]},"properties":{"tpcondition":"Good","stumpdiameter":null,"riskratingdate":"2019-11-22 16:57:56.0000000","riskrating":"6","objectid":"10122143","globalid":"C3B5472D-D603-4ACC-8F66-C0B529F5C29B","tpstructure":"Full","plantingspaceglobalid":"59FA0FDA-5999-46C3-ACB8-BC431C1ADC9A","createddate":"2019-11-22 16:56:00.0000000","dbh":"10","planteddate":null,"updateddate":"2019-11-22 16:57:55.0000000","geometry":"POINT(-73.81822893981021 40.74887820767627)","genusspecies":"Pyrus calleryana - Callery pear"}},{"type":"Feature","geometry":{"type":"Point","coordinates":[-73.81813872258442,40.7489349851761]},"properties":{"tpcondition":"Good","stumpdiameter":null,"riskratingdate":"2019-11-22 17:06:46.0000000","riskrating":"6","objectid":"10122144","globalid":"F054F316-DF19-4070-8C42-4D3331E5F0DB","tpstructure":"Full","plantingspaceglobalid":"6B486134-C0AD-4EC8-A117-5237BA890E10","createddate":"2019-11-22 16:59:00.0000000","dbh":"12","planteddate":null,"updateddate":"2019-11-22 17:06:46.0000000","geometry":"POINT(-73.81813872258442 40.7489349851761)","genusspecies":"Pyrus calleryana - Callery pear"}},{"type":"Feature","geometry":{"type":"Point","coordinates":[-73.9332998429011,40.65253601707721]},"properties":{"tpcondition":"Good","stumpdiameter":null,"riskratingdate":"2019-11-22 13:43:54.0000000","riskrating":"6","objectid":"10122538","globalid":"9C8B3040-CFD1-4462-B1E6-B062B94BADB8","tpstructure":"Full","plantingspaceglobalid":"FDB9136F-58C3-45F8-8B48-46F61B4D423E","createddate":"2019-11-22 13:42:00.0000000","dbh":"8","planteddate":null,"updateddate":"2019-11-22 13:43:54.0000000","geometry":"POINT(-73.9332998429011 40.65253601707721)","genusspecies":"Zelkova serrata - Japanese zelkova"}},{"type":"Feature","geometry":{"type":"Point","coordinates":[-73.89776559320897,40.830978211141705]},"properties":{"tpcondition":"Good","stumpdiameter":null,"riskratingdate":"2019-11-22 13:46:24.0000000","riskrating":"3","objectid":"10122539","globalid":"996C5DFD-84CC-4319-8AE4-E161DA9CD0DF","tpstructure":"Full","plantingspaceglobalid":"A8EAEC93-6E95-47A4-A40F-9415CCA3C78B","createddate":"2019-11-22 13:45:00.0000000","dbh":"2","planteddate":null,"updateddate":"2019-11-22 13:46:24.0000000","geometry":"POINT(-73.89776559320897 40.830978211141705)","genusspecies":"Styphnolobium japonicum - Japanese pagoda tree"}},{"type":"Feature","geometry":{"type":"Point","coordinates":[-73.90853103553411,40.86327636370057]},"properties":{"tpcondition":"Good","stumpdiameter":null,"riskratingdate":"2019-11-22 14:15:01.0000000","riskrating":"6","objectid":"10122541","globalid":"7B2F084A-8C3F-4017-B731-503FF0216B33","tpstructure":"Retired","plantingspaceglobalid":"CD977694-0EB0-4F19-A1C6-D85BBF92A6F0","createddate":"2019-11-22 14:13:00.0000000","dbh":"5","planteddate":null,"updateddate":"2024-01-03 15:09:40.0000000","geometry":"POINT(-73.90853103553411 40.86327636370057)","genusspecies":"Quercus - Oak"}},{"type":"Feature","geometry":{"type":"Point","coordinates":[-73.93324445783757,40.65198907778572]},"properties":{"tpcondition":"Good","stumpdiameter":null,"riskratingdate":"2019-11-22 14:37:34.0000000","riskrating":"6","objectid":"10122542","globalid":"540A36C5-B012-464A-96FA-F8242ADF52DD","tpstructure":"Full","plantingspaceglobalid":"DA8C58B6-D8F3-446F-9D44-406F73B9D576","createddate":"2019-11-22 14:36:00.0000000","dbh":"15","planteddate":null,"updateddate":"2019-11-22 14:37:34.0000000","geometry":"POINT(-73.93324445783757 40.65198907778572)","genusspecies":"Quercus palustris - pin oak"}},{"type":"Feature","geometry":{"type":"Point","coordinates":[-73.93345846019001,40.65222166033027]},"properties":{"tpcondition":"Good","stumpdiameter":null,"riskratingdate":"2019-11-22 15:18:29.0000000","riskrating":"4","objectid":"10122543","globalid":"1CFDD1E3-D62E-424E-A9B8-24E7624B91A0","tpstructure":"Full","plantingspaceglobalid":"3D8E037C-FB02-4A65-99E6-6B942C518174","createddate":"2019-11-22 15:17:00.0000000","dbh":"7","planteddate":null,"updateddate":"2019-11-22 15:18:29.0000000","geometry":"POINT(-73.93345846019001 40.65222166033027)","genusspecies":"Zelkova serrata - Japanese zelkova"}},{"type":"Feature","geometry":{"type":"Point","coordinates":[-73.8191758852551,40.74839997977931]},"properties":{"tpcondition":"Good","stumpdiameter":null,"riskratingdate":"2019-11-22 16:07:26.0000000","riskrating":"6","objectid":"10122544","globalid":"BEB15137-DF86-4CAE-9CB7-21ED84B388D3","tpstructure":"Full","plantingspaceglobalid":"3BF5EC2D-D7EE-4737-92AE-27A6D526DB96","createddate":"2019-11-22 16:06:00.0000000","dbh":"5","planteddate":null,"updateddate":"2019-11-22 16:07:26.0000000","geometry":"POINT(-73.8191758852551 40.74839997977931)","genusspecies":"Quercus - Oak"}},{"type":"Feature","geometry":{"type":"Point","coordinates":[-73.81931326110623,40.74830656150711]},"properties":{"tpcondition":"Good","stumpdiameter":null,"riskratingdate":"2019-11-22 16:09:42.0000000","riskrating":"4","objectid":"10122545","globalid":"6BFD2666-9810-4025-BD8A-BB0ACB198737","tpstructure":"Full","plantingspaceglobalid":"8B03CE97-7598-4CBF-88CE-B1488439D13C","createddate":"2019-11-22 16:08:00.0000000","dbh":"5","planteddate":null,"updateddate":"2019-11-22 16:09:42.0000000","geometry":"POINT(-73.81931326110623 40.74830656150711)","genusspecies":"Quercus - Oak"}},{"type":"Feature","geometry":{"type":"Point","coordinates":[-73.81840465645108,40.74876739435464]},"properties":{"tpcondition":"Good","stumpdiameter":null,"riskratingdate":"2019-11-22 16:46:37.0000000","riskrating":"4","objectid":"10122546","globalid":"13AC05C9-B109-42F2-8A31-13A82D7CF0AB","tpstructure":"Full","plantingspaceglobalid":"272B4093-DFEC-458C-B7E0-8E3B200F7B77","createddate":"2019-11-22 16:39:00.0000000","dbh":"5","planteddate":null,"updateddate":"2019-11-22 16:46:37.0000000","geometry":"POINT(-73.81840465645108 40.74876739435464)","genusspecies":"Ostrya virginiana - hophornbeam"}},{"type":"Feature","geometry":{"type":"Point","coordinates":[-73.81837661359903,40.74878371973791]},"properties":{"tpcondition":"Good","stumpdiameter":null,"riskratingdate":"2019-11-22 16:49:14.0000000","riskrating":"6","objectid":"10122547","globalid":"E60F8827-4B6D-46DD-A32B-B0C138D21EAB","tpstructure":"Full","plantingspaceglobalid":"CCDCE1E7-345C-461A-B641-1F81EE7D871D","createddate":"2019-11-22 16:48:00.0000000","dbh":"18","planteddate":null,"updateddate":"2019-11-22 16:49:14.0000000","geometry":"POINT(-73.81837661359903 40.74878371973791)","genusspecies":"Pyrus calleryana - Callery pear"}},{"type":"Feature","geometry":{"type":"Point","coordinates":[-73.80224548355729,40.767844638175106]},"properties":{"tpcondition":"Good","stumpdiameter":null,"riskratingdate":"2025-09-19 17:40:26.0000000","riskrating":"4","objectid":"10122548","globalid":"1B469E62-0262-496C-8E42-96F20DDCF396","tpstructure":"Full","plantingspaceglobalid":"50C2E1B1-88A3-4DAA-B836-E521A739B099","createddate":"2019-11-22 16:55:00.0000000","dbh":"46","planteddate":null,"updateddate":"2025-09-19 17:40:26.0000000","geometry":"POINT(-73.80224548355729 40.767844638175106)","genusspecies":"Quercus palustris - pin oak"}},{"type":"Feature","geometry":{"type":"Point","coordinates":[-73.9332625736717,40.6521575121893]},"properties":{"tpcondition":"Dead","stumpdiameter":"26","riskratingdate":"2023-06-14 10:16:01.0000000","riskrating":"8","objectid":"10123421","globalid":"E84BF1AD-B5AF-4AFE-AE66-503BE45DB3AB","tpstructure":"Stump","plantingspaceglobalid":"7F5098DD-55F0-4704-90A1-C7B388046CE3","createddate":"2019-11-22 14:34:00.0000000","dbh":"26","planteddate":null,"updateddate":"2025-07-22 19:07:00.0000000","geometry":"POINT(-73.9332625736717 40.6521575121893)","genusspecies":"Quercus palustris - pin oak"}},{"type":"Feature","geometry":{"type":"Point","coordinates":[-73.93322600282919,40.65182204702133]},"properties":{"tpcondition":"Good","stumpdiameter":null,"riskratingdate":"2019-11-22 14:39:02.0000000","riskrating":"5","objectid":"10123830","globalid":"59458206-5FCE-470F-BCA9-933C9E9C7314","tpstructure":"Full","plantingspaceglobalid":"E627BD9A-CD3F-4DB9-A248-DE89FA12C823","createddate":"2019-11-22 14:38:00.0000000","dbh":"5","planteddate":null,"updateddate":"2019-11-22 14:39:02.0000000","geometry":"POINT(-73.93322600282919 40.65182204702133)","genusspecies":"Liquidambar styraciflua - sweetgum"}},{"type":"Feature","geometry":{"type":"Point","coordinates":[-73.93342015683182,40.651846466348445]},"properties":{"tpcondition":"Good","stumpdiameter":null,"riskratingdate":"2019-11-22 15:16:20.0000000","riskrating":"6","objectid":"10123831","globalid":"FC542E28-9F5A-4802-9B2B-8E0F113FF175","tpstructure":"Full","plantingspaceglobalid":"C98FB047-B2F7-49BA-AB6A-040D279A156B","createddate":"2019-11-22 15:14:00.0000000","dbh":"16","planteddate":null,"updateddate":"2019-11-22 15:16:20.0000000","geometry":"POINT(-73.93342015683182 40.651846466348445)","genusspecies":"Quercus palustris - pin oak"}},{"type":"Feature","geometry":{"type":"Point","coordinates":[-73.81913463174463,40.74828872959055]},"properties":{"tpcondition":"Good","stumpdiameter":null,"riskratingdate":"2019-11-22 16:19:41.0000000","riskrating":"6","objectid":"10123832","globalid":"37DF9AA2-6ABD-4D63-9B4E-686D64D52369","tpstructure":"Full","plantingspaceglobalid":"D48435C6-33DD-41B7-A7DC-A6C343A2DC95","createddate":"2019-11-22 16:17:00.0000000","dbh":"7","planteddate":null,"updateddate":"2019-11-22 16:19:41.0000000","geometry":"POINT(-73.81913463174463 40.74828872959055)","genusspecies":"Acer - maple"}},{"type":"Feature","geometry":{"type":"Point","coordinates":[-73.81907375712251,40.74832668542744]},"properties":{"tpcondition":"Good","stumpdiameter":null,"riskratingdate":"2019-11-22 16:27:29.0000000","riskrating":"6","objectid":"10123833","globalid":"19C4A1AD-E334-4B3E-9D56-6A4A9DFC7CAD","tpstructure":"Full","plantingspaceglobalid":"C6F1FC13-7AE1-493A-828A-8B90F727578F","createddate":"2019-11-22 16:25:00.0000000","dbh":"8","planteddate":null,"updateddate":"2019-11-22 16:27:29.0000000","geometry":"POINT(-73.81907375712251 40.74832668542744)","genusspecies":"Prunus serrulata - Japanese flowering cherry"}},{"type":"Feature","geometry":{"type":"Point","coordinates":[-73.8191286386936,40.74829555461766]},"properties":{"tpcondition":"Dead","stumpdiameter":"28","riskratingdate":"2025-05-12 15:26:01.0000000","riskrating":"7","objectid":"10124309","globalid":"6599CC34-5D11-49AE-B138-C5E3EBE78ACB","tpstructure":"Stump","plantingspaceglobalid":"81C8B00E-BF6B-4ADC-A328-E88725B05CE7","createddate":"2019-11-22 16:22:00.0000000","dbh":null,"planteddate":null,"updateddate":"2025-07-30 15:15:34.0000000","geometry":"POINT(-73.8191286386936 40.74829555461766)","genusspecies":"Ailanthus altissima - tree of heaven"}},{"type":"Feature","geometry":{"type":"Point","coordinates":[-73.81791438169736,40.749076997705394]},"properties":{"tpcondition":"Good","stumpdiameter":null,"riskratingdate":"2019-11-22 17:11:43.0000000","riskrating":"4","objectid":"10124830","globalid":"53C3D75C-9495-44AC-AB72-DEC3F4326CBC","tpstructure":"Full","plantingspaceglobalid":"65218A6D-7A33-4751-9AAA-579E2B849A9A","createddate":"2019-11-22 17:10:00.0000000","dbh":"6","planteddate":null,"updateddate":"2019-11-22 17:11:42.0000000","geometry":"POINT(-73.81791438169736 40.749076997705394)","genusspecies":"Tilia tomentosa - silver linden"}},{"type":"Feature","geometry":{"type":"Point","coordinates":[-73.81784726318091,40.74911997850113]},"properties":{"tpcondition":"Good","stumpdiameter":null,"riskratingdate":"2019-11-22 17:16:09.0000000","riskrating":"6","objectid":"10124831","globalid":"9F3DC95D-5D09-4321-B4BD-378360823C1A","tpstructure":"Full","plantingspaceglobalid":"4E69B7CA-A167-46B2-BC41-ABFDB821CE14","createddate":"2019-11-22 17:14:00.0000000","dbh":"32","planteddate":null,"updateddate":"2019-11-22 17:16:09.0000000","geometry":"POINT(-73.81784726318091 40.74911997850113)","genusspecies":"Gleditsia triacanthos var. inermis - Thornless honeylocust"}},{"type":"Feature","geometry":{"type":"Point","coordinates":[-73.9335311856204,40.65288776111881]},"properties":{"tpcondition":"Good","stumpdiameter":null,"riskratingdate":"2019-11-22 17:52:08.0000000","riskrating":"8","objectid":"10124832","globalid":"51ECD6B3-ACB3-42AC-A0A3-0432F26BEC3A","tpstructure":"Full","plantingspaceglobalid":"B0AD3662-81A1-4B58-B7F7-324F4FEC7D4A","createddate":"2019-11-22 17:51:00.0000000","dbh":"23","planteddate":null,"updateddate":"2019-11-22 17:52:08.0000000","geometry":"POINT(-73.9335311856204 40.65288776111881)","genusspecies":"Quercus palustris - pin oak"}},{"type":"Feature","geometry":{"type":"Point","coordinates":[-73.93356570872803,40.65317207708335]},"properties":{"tpcondition":"Good","stumpdiameter":null,"riskratingdate":"2019-11-22 17:55:34.0000000","riskrating":"6","objectid":"10124833","globalid":"18FB3483-0992-40D1-8DB4-9B9BF4740D1D","tpstructure":"Full","plantingspaceglobalid":"BA53F2F8-9139-4B90-91DD-813F8BC860EC","createddate":"2019-11-22 17:54:00.0000000","dbh":"13","planteddate":null,"updateddate":"2019-11-22 17:55:34.0000000","geometry":"POINT(-73.93356570872803 40.65317207708335)","genusspecies":"Quercus phellos - willow oak"}},{"type":"Feature","geometry":{"type":"Point","coordinates":[-73.9335689561006,40.653236079857365]},"properties":{"tpcondition":"Good","stumpdiameter":null,"riskratingdate":"2019-11-22 17:58:26.0000000","riskrating":"6","objectid":"10124834","globalid":"C4903442-2C4A-4060-8007-BF1AF6991C55","tpstructure":"Full","plantingspaceglobalid":"6DF69207-D103-45FD-BD79-41C3D760A3F5","createddate":"2019-11-22 17:56:00.0000000","dbh":"14","planteddate":null,"updateddate":"2019-11-22 17:58:26.0000000","geometry":"POINT(-73.9335689561006 40.653236079857365)","genusspecies":"Quercus phellos - willow oak"}},{"type":"Feature","geometry":{"type":"Point","coordinates":[-73.8164237552462,40.74921546265795]},"properties":{"tpcondition":"Good","stumpdiameter":null,"riskratingdate":"2022-06-09 19:11:34.0000000","riskrating":"8","objectid":"10124835","globalid":"F23114B6-B0BF-4E45-8B21-618C3C1081EB","tpstructure":"Full","plantingspaceglobalid":"A0ECE9E1-87CE-4F56-AFD5-C42566804B8E","createddate":"2019-11-22 18:39:00.0000000","dbh":"39","planteddate":null,"updateddate":"2022-06-09 19:11:34.0000000","geometry":"POINT(-73.8164237552462 40.74921546265795)","genusspecies":"Platanus x acerifolia - London planetree"}},{"type":"Feature","geometry":{"type":"Point","coordinates":[-73.81693550491377,40.74803701407596]},"properties":{"tpcondition":"Good","stumpdiameter":null,"riskratingdate":"2019-11-22 19:14:46.0000000","riskrating":"4","objectid":"10124836","globalid":"074209CC-3131-4088-9047-F59B8ED9E3FD","tpstructure":"Full","plantingspaceglobalid":"ABBAB9E2-4974-4C9A-A1D3-7A299A245902","createddate":"2019-11-22 19:13:00.0000000","dbh":"6","planteddate":null,"updateddate":"2019-11-22 19:14:46.0000000","geometry":"POINT(-73.81693550491377 40.74803701407596)","genusspecies":"Pyrus calleryana - Callery pear"}},{"type":"Feature","geometry":{"type":"Point","coordinates":[-73.81787640476705,40.74910340109461]},"properties":{"tpcondition":"Good","stumpdiameter":null,"riskratingdate":"2019-11-22 17:13:40.0000000","riskrating":"6","objectid":"10125234","globalid":"8B64E034-62D3-4A30-B26D-55524D83CF12","tpstructure":"Full","plantingspaceglobalid":"0A6B3894-DFA5-45E1-A227-7DD6E177B104","createddate":"2019-11-22 17:12:00.0000000","dbh":"23","planteddate":null,"updateddate":"2019-11-22 17:13:39.0000000","geometry":"POINT(-73.81787640476705 40.74910340109461)","genusspecies":"Gleditsia triacanthos var. inermis - Thornless honeylocust"}},{"type":"Feature","geometry":{"type":"Point","coordinates":[-73.96145769254935,40.77863751824637]},"properties":{"tpcondition":"Good","stumpdiameter":null,"riskratingdate":"2022-02-28 19:25:27.0000000","riskrating":"3","objectid":"10125235","globalid":"A46F31DB-545E-41EA-ACB6-588CBCCBD3E4","tpstructure":"Full","plantingspaceglobalid":"116F48E7-2C60-490C-9C59-02DD8E06D991","createddate":"2019-11-22 17:30:00.0000000","dbh":"3","planteddate":null,"updateddate":"2022-02-28 19:25:27.0000000","geometry":"POINT(-73.96145769254935 40.77863751824637)","genusspecies":"Carpinus betulus - European hornbeam"}},{"type":"Feature","geometry":{"type":"Point","coordinates":[-74.14166449663757,40.56436009917042]},"properties":{"tpcondition":"Fair","stumpdiameter":null,"riskratingdate":"2023-12-05 14:44:38.0000000","riskrating":"4","objectid":"10125236","globalid":"0D8A07E9-530E-4ADE-B98F-F6DCA4848926","tpstructure":"Full","plantingspaceglobalid":"B2D6A258-1893-4812-992D-0FB32452532D","createddate":"2019-11-22 17:45:00.0000000","dbh":"12","planteddate":null,"updateddate":"2023-12-05 14:44:38.0000000","geometry":"POINT(-74.14166449663757 40.56436009917042)","genusspecies":"Liquidambar styraciflua - sweetgum"}},{"type":"Feature","geometry":{"type":"Point","coordinates":[-73.93351228751342,40.652707073151795]},"properties":{"tpcondition":"Fair","stumpdiameter":null,"riskratingdate":"2023-12-06 19:14:40.0000000","riskrating":"7","objectid":"10125237","globalid":"7CE71554-73CD-4EDC-A5EB-31B6E24AACE9","tpstructure":"Full","plantingspaceglobalid":"CE4D94FF-EEEF-4712-A24C-00FB8EAB7A85","createddate":"2019-11-22 17:49:00.0000000","dbh":"37","planteddate":null,"updateddate":"2023-12-06 19:14:40.0000000","geometry":"POINT(-73.93351228751342 40.652707073151795)","genusspecies":"Quercus palustris - pin oak"}},{"type":"Feature","geometry":{"type":"Point","coordinates":[-73.9335515169332,40.65304453141276]},"properties":{"tpcondition":"Good","stumpdiameter":null,"riskratingdate":"2019-11-22 17:53:51.0000000","riskrating":"6","objectid":"10125238","globalid":"3CCA6C30-0279-41CE-B63C-61854A41C56B","tpstructure":"Full","plantingspaceglobalid":"2D186BF3-5D14-4379-BDDC-DA9ACF4BDC0C","createddate":"2019-11-22 17:52:00.0000000","dbh":"11","planteddate":null,"updateddate":"2019-11-22 17:53:51.0000000","geometry":"POINT(-73.9335515169332 40.65304453141276)","genusspecies":"Quercus acutissima - sawtooth oak"}},{"type":"Feature","geometry":{"type":"Point","coordinates":[-74.1143288299562,40.62076647887432]},"properties":{"tpcondition":"Fair","stumpdiameter":null,"riskratingdate":"2019-11-22 18:46:19.0000000","riskrating":"8","objectid":"10125239","globalid":"0E1C5F9B-453D-427D-8D41-FF0A982154BA","tpstructure":"Full","plantingspaceglobalid":"CF3817EA-E29A-4C3E-B0F0-BAAE5CD4A336","createddate":"2019-11-22 18:41:00.0000000","dbh":"26","planteddate":null,"updateddate":"2019-11-22 18:46:19.0000000","geometry":"POINT(-74.1143288299562 40.62076647887432)","genusspecies":"Quercus rubra - northern red oak"}},{"type":"Feature","geometry":{"type":"Point","coordinates":[-73.9645444933284,40.63146559950595]},"properties":{"tpcondition":"Good","stumpdiameter":null,"riskratingdate":"2020-01-08 18:43:07.0000000","riskrating":"3","objectid":"10125240","globalid":"120CBA94-3BDC-4FC0-9DDB-7AE6245FA3BE","tpstructure":"Full","plantingspaceglobalid":"E6F4B37C-4768-4EC4-A638-1E8EAA4E6EFC","createddate":"2019-11-22 19:02:00.0000000","dbh":"14","planteddate":null,"updateddate":"2020-01-08 18:43:07.0000000","geometry":"POINT(-73.9645444933284 40.63146559950595)","genusspecies":"Acer platanoides - Norway maple"}},{"type":"Feature","geometry":{"type":"Point","coordinates":[-73.8130531516208,40.76411393385367]},"properties":{"tpcondition":"Unknown","stumpdiameter":null,"riskratingdate":"2019-11-22 20:10:39.0000000","riskrating":"6","objectid":"10125241","globalid":"98957218-F4E2-4877-8097-771CC39373C8","tpstructure":"Full","plantingspaceglobalid":"5A3FF2A4-A961-497D-9EAC-4395796DC879","createddate":"2019-11-22 20:08:00.0000000","dbh":"22","planteddate":null,"updateddate":"2020-08-12 17:51:59.0000000","geometry":"POINT(-73.8130531516208 40.76411393385367)","genusspecies":"Platanus x acerifolia - London planetree"}},{"type":"Feature","geometry":{"type":"Point","coordinates":[-73.93829192594039,40.80909538941151]},"properties":{"tpcondition":"Dead","stumpdiameter":null,"riskratingdate":"2022-05-05 18:28:16.0000000","riskrating":"3","objectid":"10125242","globalid":"881FF472-6F8C-469B-A074-69EC2CF87B2A","tpstructure":"Full","plantingspaceglobalid":"1643229B-2101-4704-8BB5-594E7F5EE6A5","createddate":"2019-11-22 20:39:00.0000000","dbh":"5","planteddate":null,"updateddate":"2025-01-08 15:59:29.0000000","geometry":"POINT(-73.93829192594039 40.80909538941151)","genusspecies":"Celtis occidentalis - common hackberry"}},{"type":"Feature","geometry":{"type":"Point","coordinates":[-73.93809647792514,40.809362728209585]},"properties":{"tpcondition":"Good","stumpdiameter":null,"riskratingdate":"2022-05-05 18:29:21.0000000","riskrating":"3","objectid":"10125243","globalid":"7CE5DF72-226F-4E4F-BF1A-BFE4BD071699","tpstructure":"Full","plantingspaceglobalid":"30309905-EA8F-41DC-9F1F-F85E067EE3A1","createddate":"2019-11-22 20:40:00.0000000","dbh":"4","planteddate":null,"updateddate":"2022-05-05 18:29:21.0000000","geometry":"POINT(-73.93809647792514 40.809362728209585)","genusspecies":"Ginkgo biloba - maidenhair tree"}},{"type":"Feature","geometry":{"type":"Point","coordinates":[-73.93804819950998,40.80943358361735]},"properties":{"tpcondition":"Dead","stumpdiameter":null,"riskratingdate":"2022-05-05 18:29:59.0000000","riskrating":"3","objectid":"10125244","globalid":"7C2111FD-8B0B-4300-A590-48BE372AFAF3","tpstructure":"Full","plantingspaceglobalid":"EDAE6ACA-8554-46B4-BA01-3DE3B81854CB","createddate":"2019-11-22 20:42:00.0000000","dbh":"3","planteddate":null,"updateddate":"2025-01-08 16:00:41.0000000","geometry":"POINT(-73.93804819950998 40.80943358361735)","genusspecies":"Prunus serrulata 'Green leaf' - 'Green leaf' Japanese flowering cherry"}},{"type":"Feature","geometry":{"type":"Point","coordinates":[-74.11430712503032,40.62075752383825]},"properties":{"tpcondition":"Dead","stumpdiameter":"14","riskratingdate":"2019-11-22 18:37:00.0000000","riskrating":"8","objectid":"10125727","globalid":"6D479A67-55D9-4258-BB11-EC7BDFE66149","tpstructure":"Stump","plantingspaceglobalid":"3FEFE9AF-0F3D-49BF-9568-1F039077C329","createddate":"2019-11-22 18:22:00.0000000","dbh":"14","planteddate":null,"updateddate":"2020-04-06 14:52:38.0000000","geometry":"POINT(-74.11430712503032 40.62075752383825)","genusspecies":"Prunus serotina - black cherry"}},{"type":"Feature","geometry":{"type":"Point","coordinates":[-73.88776944044643,40.6741354220267]},"properties":{"tpcondition":"Dead","stumpdiameter":null,"riskratingdate":"2019-12-17 17:32:07.0000000","riskrating":"5","objectid":"10126270","globalid":"E388E549-E479-411D-BD2D-4CE75D84D639","tpstructure":"Shaft","plantingspaceglobalid":"A5F11C13-53DF-446C-B4C4-FFE35EDD93C6","createddate":"2019-11-23 16:37:00.0000000","dbh":"16","planteddate":null,"updateddate":"2019-12-17 17:32:07.0000000","geometry":"POINT(-73.88776944044643 40.6741354220267)","genusspecies":"Fraxinus pennsylvanica - Green ash"}},{"type":"Feature","geometry":{"type":"Point","coordinates":[-73.88700275209494,40.6738611802429]},"properties":{"tpcondition":"Fair","stumpdiameter":null,"riskratingdate":"2025-03-18 18:40:34.0000000","riskrating":"6","objectid":"10126681","globalid":"0B3C6887-1FBF-40C2-BFF8-BAACFC554A36","tpstructure":"Full","plantingspaceglobalid":"28D34605-0044-4DC0-A390-446BCD5E38D2","createddate":"2019-11-23 17:07:00.0000000","dbh":"11","planteddate":null,"updateddate":"2025-03-18 18:40:34.0000000","geometry":"POINT(-73.88700275209494 40.6738611802429)","genusspecies":"Morus - mulberry"}},{"type":"Feature","geometry":{"type":"Point","coordinates":[-73.94440299507785,40.84646860889023]},"properties":{"tpcondition":"Good","stumpdiameter":null,"riskratingdate":"2022-08-10 11:42:52.0000000","riskrating":"10","objectid":"10126682","globalid":"ED8A0E4A-76A2-4DDE-ABB2-916F70BCFA1D","tpstructure":"Full","plantingspaceglobalid":"56CFBDDB-1AD7-4555-9C7B-F08781803D17","createddate":"2019-11-23 18:58:00.0000000","dbh":"35","planteddate":null,"updateddate":"2022-08-10 11:42:52.0000000","geometry":"POINT(-73.94440299507785 40.84646860889023)","genusspecies":"Quercus rubra - northern red oak"}},{"type":"Feature","geometry":{"type":"Point","coordinates":[-73.87786067723826,40.67428263623179]},"properties":{"tpcondition":"Fair","stumpdiameter":null,"riskratingdate":"2020-02-13 15:32:18.0000000","riskrating":"3","objectid":"10127104","globalid":"60561ACD-1E86-4B25-9117-FCCA8B89BF80","tpstructure":"Full","plantingspaceglobalid":"501EF51C-FA58-4840-8B4D-A233E7D16E92","createddate":"2019-11-25 13:04:00.0000000","dbh":"4","planteddate":null,"updateddate":"2020-02-13 15:32:18.0000000","geometry":"POINT(-73.87786067723826 40.67428263623179)","genusspecies":"Prunus - Cherry"}},{"type":"Feature","geometry":{"type":"Point","coordinates":[-73.8778455972954,40.67418887290835]},"properties":{"tpcondition":"Dead","stumpdiameter":"6","riskratingdate":"2019-11-25 13:11:42.0000000","riskrating":"3","objectid":"10127105","globalid":"11E5433D-EF68-409D-B95D-B2D472690B10","tpstructure":"Stump","plantingspaceglobalid":"F3C90AE1-3F91-45C3-953B-85C8AA0059AD","createddate":"2019-11-25 13:11:00.0000000","dbh":"6","planteddate":null,"updateddate":"2019-11-25 13:11:42.0000000","geometry":"POINT(-73.8778455972954 40.67418887290835)","genusspecies":"Pinus resinosa - red pine"}},{"type":"Feature","geometry":{"type":"Point","coordinates":[-73.90755903003667,40.86333684330808]},"properties":{"tpcondition":"Good","stumpdiameter":null,"riskratingdate":"2019-11-25 14:33:43.0000000","riskrating":"6","objectid":"10127106","globalid":"B2CE3752-EDA7-4A53-8D88-922B8DEC58BD","tpstructure":"Full","plantingspaceglobalid":"E0E0C4A3-9B2A-4AA7-9644-7991549FB532","createddate":"2019-11-25 14:32:00.0000000","dbh":"28","planteddate":null,"updateddate":"2019-11-25 14:33:42.0000000","geometry":"POINT(-73.90755903003667 40.86333684330808)","genusspecies":"Platanus x acerifolia - London planetree"}},{"type":"Feature","geometry":{"type":"Point","coordinates":[-73.80590379048925,40.76288998400739]},"properties":{"tpcondition":"Good","stumpdiameter":null,"riskratingdate":"2019-11-25 15:13:11.0000000","riskrating":"7","objectid":"10127107","globalid":"B528AF8A-B653-4F2A-AE00-CB1D34EF4D91","tpstructure":"Full","plantingspaceglobalid":"37A83A54-7B42-4C73-A363-770D2DC549A4","createddate":"2019-11-25 15:11:00.0000000","dbh":"7","planteddate":null,"updateddate":"2020-09-11 16:58:42.0000000","geometry":"POINT(-73.80590379048925 40.76288998400739)","genusspecies":"Zelkova serrata - Japanese zelkova"}},{"type":"Feature","geometry":{"type":"Point","coordinates":[-73.87869197168725,40.674680941236474]},"properties":{"tpcondition":"Fair","stumpdiameter":null,"riskratingdate":"2025-03-07 14:10:39.0000000","riskrating":"5","objectid":"10127108","globalid":"FAE39197-EC7A-46F0-A6B9-98AC407BE28A","tpstructure":"Full","plantingspaceglobalid":"F7FDBE54-91B6-4B90-AC08-5D67B155469C","createddate":"2019-11-25 15:13:00.0000000","dbh":"5","planteddate":null,"updateddate":"2025-03-07 14:10:39.0000000","geometry":"POINT(-73.87869197168725 40.674680941236474)","genusspecies":"Malus - apple"}},{"type":"Feature","geometry":{"type":"Point","coordinates":[-73.80644930936108,40.76250760269145]},"properties":{"tpcondition":"Good","stumpdiameter":null,"riskratingdate":"2019-11-25 15:23:27.0000000","riskrating":"5","objectid":"10127109","globalid":"12E2367B-727E-45A7-AC3F-975EE3567EAC","tpstructure":"Full","plantingspaceglobalid":"985F1080-FB14-426A-977D-C10670C128CD","createddate":"2019-11-25 15:22:00.0000000","dbh":"7","planteddate":null,"updateddate":"2019-11-25 15:23:27.0000000","geometry":"POINT(-73.80644930936108 40.76250760269145)","genusspecies":"Zelkova serrata - Japanese zelkova"}},{"type":"Feature","geometry":{"type":"Point","coordinates":[-73.80660967051371,40.7625283969998]},"properties":{"tpcondition":"Good","stumpdiameter":null,"riskratingdate":"2019-11-25 15:31:40.0000000","riskrating":"3","objectid":"10127110","globalid":"D8684860-DF94-488C-988D-C413B9DA97AD","tpstructure":"Full","plantingspaceglobalid":"EA2AD551-D9E0-4741-9EF2-FA1703E78A72","createddate":"2019-11-25 15:30:00.0000000","dbh":"6","planteddate":null,"updateddate":"2019-11-25 15:31:40.0000000","geometry":"POINT(-73.80660967051371 40.7625283969998)","genusspecies":"Prunus serrulata 'Green leaf' - 'Green leaf' Japanese flowering cherry"}},{"type":"Feature","geometry":{"type":"Point","coordinates":[-73.80655195910684,40.762791641078906]},"properties":{"tpcondition":"Dead","stumpdiameter":null,"riskratingdate":"2019-11-25 15:46:06.0000000","riskrating":"6","objectid":"10127111","globalid":"096F5EE9-7DB6-4A9F-9F69-333C21C23D23","tpstructure":"Stump - Uprooted","plantingspaceglobalid":"2C7882C4-D668-4DC7-9B93-CF1F645A7B36","createddate":"2019-11-25 15:44:00.0000000","dbh":"10","planteddate":null,"updateddate":"2022-11-30 14:58:37.0000000","geometry":"POINT(-73.80655195910684 40.762791641078906)","genusspecies":"Pyrus calleryana - Callery pear"}},{"type":"Feature","geometry":{"type":"Point","coordinates":[-73.94229900612788,40.79745981160441]},"properties":{"tpcondition":"Good","stumpdiameter":null,"riskratingdate":"2025-07-10 11:49:09.0000000","riskrating":"4","objectid":"10127112","globalid":"0DF472EA-3D54-4BF2-A100-AA429136061B","tpstructure":"Full","plantingspaceglobalid":"98B376D0-58B9-46FD-AEEE-8B9040308E71","createddate":"2019-11-25 16:18:00.0000000","dbh":"3","planteddate":null,"updateddate":"2025-07-10 11:49:09.0000000","geometry":"POINT(-73.94229900612788 40.79745981160441)","genusspecies":"Platanus x acerifolia - London planetree"}},{"type":"Feature","geometry":{"type":"Point","coordinates":[-73.94215761718512,40.797531848764514]},"properties":{"tpcondition":"Excellent","stumpdiameter":null,"riskratingdate":null,"riskrating":null,"objectid":"10127113","globalid":"C4F11916-7604-4E94-A522-04AAB138375C","tpstructure":"Full","plantingspaceglobalid":"9611A7DA-0325-43B6-9766-06F2E1920CAF","createddate":"2019-11-25 16:21:00.0000000","dbh":"3","planteddate":null,"updateddate":null,"geometry":"POINT(-73.94215761718512 40.797531848764514)","genusspecies":"Cercis canadensis - eastern redbud"}},{"type":"Feature","geometry":{"type":"Point","coordinates":[-73.9419827054249,40.79747126360938]},"properties":{"tpcondition":"Good","stumpdiameter":null,"riskratingdate":"2025-07-10 12:07:23.0000000","riskrating":"3","objectid":"10127114","globalid":"793A00F6-68DE-42E6-94B3-C51AAE2DF71A","tpstructure":"Full","plantingspaceglobalid":"F018D6FD-3AD1-4736-8C56-AA7FCD882671","createddate":"2019-11-25 16:23:00.0000000","dbh":"7","planteddate":null,"updateddate":"2025-07-10 12:07:23.0000000","geometry":"POINT(-73.9419827054249 40.79747126360938)","genusspecies":"Acer rubrum - red maple"}},{"type":"Feature","geometry":{"type":"Point","coordinates":[-73.9419288514847,40.79745313386154]},"properties":{"tpcondition":"Excellent","stumpdiameter":null,"riskratingdate":"2025-07-10 12:08:58.0000000","riskrating":"3","objectid":"10127115","globalid":"C3B68065-53AF-4DAD-BB24-F889C0A36D4E","tpstructure":"Full","plantingspaceglobalid":"91BFE9A7-5E5C-4A43-B05E-9964DDD7A665","createddate":"2019-11-25 16:23:00.0000000","dbh":"3","planteddate":null,"updateddate":"2025-07-10 12:08:58.0000000","geometry":"POINT(-73.9419288514847 40.79745313386154)","genusspecies":"Ilex - holly"}},{"type":"Feature","geometry":{"type":"Point","coordinates":[-73.94211938474062,40.79742535297156]},"properties":{"tpcondition":"Good","stumpdiameter":null,"riskratingdate":"2025-07-10 12:11:35.0000000","riskrating":"4","objectid":"10127116","globalid":"CDC1139A-B27F-4CE5-90EE-A48C67575383","tpstructure":"Full","plantingspaceglobalid":"F9785F7E-07D7-4A98-B941-8525C091D990","createddate":"2019-11-25 16:25:00.0000000","dbh":"7","planteddate":null,"updateddate":"2025-07-10 12:11:35.0000000","geometry":"POINT(-73.94211938474062 40.79742535297156)","genusspecies":"Acer rubrum - red maple"}},{"type":"Feature","geometry":{"type":"Point","coordinates":[-73.96917737742405,40.78962831470135]},"properties":{"tpcondition":"Good","stumpdiameter":null,"riskratingdate":"2023-05-03 18:06:31.0000000","riskrating":"8","objectid":"10127713","globalid":"E4653D62-421A-48FA-AF22-C7D8103BBF65","tpstructure":"Full","plantingspaceglobalid":"58CBA6D0-C0C8-4B99-AFD8-D63CDB45EA31","createddate":"2019-11-25 14:33:00.0000000","dbh":"20","planteddate":null,"updateddate":"2023-05-03 18:06:31.0000000","geometry":"POINT(-73.96917737742405 40.78962831470135)","genusspecies":"Gleditsia triacanthos var. inermis - Thornless honeylocust"}},{"type":"Feature","geometry":{"type":"Point","coordinates":[-73.80532433416296,40.76268975293954]},"properties":{"tpcondition":"Good","stumpdiameter":null,"riskratingdate":"2019-11-25 15:08:43.0000000","riskrating":"6","objectid":"10127714","globalid":"196D8604-6E15-4FFF-AC4D-E3FED76F692E","tpstructure":"Full","plantingspaceglobalid":"C16B22DE-B3B9-4EB1-AAAC-13273AD5E4F1","createddate":"2019-11-25 15:07:00.0000000","dbh":"5","planteddate":null,"updateddate":"2019-11-25 15:08:42.0000000","geometry":"POINT(-73.80532433416296 40.76268975293954)","genusspecies":"Quercus bicolor - swamp white oak"}},{"type":"Feature","geometry":{"type":"Point","coordinates":[-73.80645884019415,40.762451928309794]},"properties":{"tpcondition":"Good","stumpdiameter":null,"riskratingdate":"2019-11-25 15:26:10.0000000","riskrating":"3","objectid":"10127715","globalid":"C5BA593C-5C70-4EEF-8A4F-7A8A34431163","tpstructure":"Full","plantingspaceglobalid":"BD565D7F-C247-4FAE-979C-0AA5F806389B","createddate":"2019-11-25 15:24:00.0000000","dbh":"7","planteddate":null,"updateddate":"2019-11-25 15:26:10.0000000","geometry":"POINT(-73.80645884019415 40.762451928309794)","genusspecies":"Zelkova serrata - Japanese zelkova"}},{"type":"Feature","geometry":{"type":"Point","coordinates":[-73.80659677041203,40.76258361914342]},"properties":{"tpcondition":"Good","stumpdiameter":null,"riskratingdate":"2019-11-25 15:29:40.0000000","riskrating":"5","objectid":"10127716","globalid":"B9111E40-6F6D-4519-B11D-CAA05484B234","tpstructure":"Full","plantingspaceglobalid":"16AE2020-755D-4A90-A96A-195E939FE796","createddate":"2019-11-25 15:28:00.0000000","dbh":"6","planteddate":null,"updateddate":"2019-11-25 15:29:40.0000000","geometry":"POINT(-73.80659677041203 40.76258361914342)","genusspecies":"Prunus serrulata 'Green leaf' - 'Green leaf' Japanese flowering cherry"}},{"type":"Feature","geometry":{"type":"Point","coordinates":[-73.80663103470947,40.76236756138301]},"properties":{"tpcondition":"Good","stumpdiameter":null,"riskratingdate":"2019-11-25 15:40:52.0000000","riskrating":"6","objectid":"10127717","globalid":"D996B037-F422-42B1-8521-39C15DC0102B","tpstructure":"Full","plantingspaceglobalid":"D020A4ED-6D22-4EFD-A0A2-64F58D551385","createddate":"2019-11-25 15:39:00.0000000","dbh":"6","planteddate":null,"updateddate":"2019-11-25 15:40:51.0000000","geometry":"POINT(-73.80663103470947 40.76236756138301)","genusspecies":"Prunus serrulata 'Green leaf' - 'Green leaf' Japanese flowering cherry"}},{"type":"Feature","geometry":{"type":"Point","coordinates":[-73.8065290634103,40.762936938247336]},"properties":{"tpcondition":"Good","stumpdiameter":null,"riskratingdate":"2019-11-25 15:49:53.0000000","riskrating":"6","objectid":"10127718","globalid":"4A0A810A-AD6D-47EE-B588-E4214C3697AD","tpstructure":"Full","plantingspaceglobalid":"213DBE28-CAD9-4900-A6BB-DE219FAFE3A9","createddate":"2019-11-25 15:48:00.0000000","dbh":"11","planteddate":null,"updateddate":"2019-11-25 15:49:53.0000000","geometry":"POINT(-73.8065290634103 40.762936938247336)","genusspecies":"Pyrus calleryana - Callery pear"}},{"type":"Feature","geometry":{"type":"Point","coordinates":[-73.81946403361012,40.74898034627357]},"properties":{"tpcondition":"Good","stumpdiameter":null,"riskratingdate":"2019-11-25 15:57:37.0000000","riskrating":"4","objectid":"10127719","globalid":"D3F46A74-06C1-46DF-85AD-F12B3DFE1416","tpstructure":"Full","plantingspaceglobalid":"74044633-FCE3-4116-B247-A9CB4EC79333","createddate":"2019-11-25 15:56:00.0000000","dbh":"9","planteddate":null,"updateddate":"2019-11-25 15:57:37.0000000","geometry":"POINT(-73.81946403361012 40.74898034627357)","genusspecies":"Prunus serrulata - Japanese flowering cherry"}},{"type":"Feature","geometry":{"type":"Point","coordinates":[-73.8786575323713,40.673791474555514]},"properties":{"tpcondition":"Fair","stumpdiameter":null,"riskratingdate":"2025-03-06 16:54:37.0000000","riskrating":"6","objectid":"10127720","globalid":"C53D31AF-DBEC-461A-B489-795A48B054DC","tpstructure":"Full","plantingspaceglobalid":"47EF4E64-6ED3-4C21-AFA8-6338519EE1D1","createddate":"2019-11-25 16:00:00.0000000","dbh":"13","planteddate":null,"updateddate":"2025-03-06 16:54:37.0000000","geometry":"POINT(-73.8786575323713 40.673791474555514)","genusspecies":"Prunus - Cherry"}},{"type":"Feature","geometry":{"type":"Point","coordinates":[-73.94208854149205,40.79706533199633]},"properties":{"tpcondition":"Fair","stumpdiameter":null,"riskratingdate":"2025-07-10 10:50:07.0000000","riskrating":"6","objectid":"10127721","globalid":"43A4F89B-4E41-4953-B8D1-E26BA0DBAAC2","tpstructure":"Full","plantingspaceglobalid":"6AE9F81E-266E-49EC-8561-725DD9FF4BCB","createddate":"2019-11-25 16:03:00.0000000","dbh":"8","planteddate":null,"updateddate":"2025-07-10 10:50:07.0000000","geometry":"POINT(-73.94208854149205 40.79706533199633)","genusspecies":"Cercis canadensis - eastern redbud"}},{"type":"Feature","geometry":{"type":"Point","coordinates":[-73.94233955963037,40.79727331386003]},"properties":{"tpcondition":"Good","stumpdiameter":null,"riskratingdate":"2025-07-10 11:37:24.0000000","riskrating":"5","objectid":"10127722","globalid":"AB53272B-2B6F-489B-B8E8-FA2BA241F3B5","tpstructure":"Full","plantingspaceglobalid":"8083B976-24F8-422C-9E2E-714C2266E447","createddate":"2019-11-25 16:16:00.0000000","dbh":"6","planteddate":null,"updateddate":"2025-07-10 11:37:24.0000000","geometry":"POINT(-73.94233955963037 40.79727331386003)","genusspecies":"Acer rubrum - red maple"}},{"type":"Feature","geometry":{"type":"Point","coordinates":[-73.94221971596414,40.79748996733168]},"properties":{"tpcondition":"Fair","stumpdiameter":null,"riskratingdate":"2025-07-10 11:52:41.0000000","riskrating":"5","objectid":"10127723","globalid":"0FDF793E-EAD1-4E5A-B056-AB5450E9AA54","tpstructure":"Full","plantingspaceglobalid":"8EFC1CA0-F304-4299-91C1-C49FC0F91AC6","createddate":"2019-11-25 16:20:00.0000000","dbh":"8","planteddate":null,"updateddate":"2025-07-10 11:52:41.0000000","geometry":"POINT(-73.94221971596414 40.79748996733168)","genusspecies":"Cercis canadensis - eastern redbud"}},{"type":"Feature","geometry":{"type":"Point","coordinates":[-73.9419537101427,40.79734767618045]},"properties":{"tpcondition":"Excellent","stumpdiameter":null,"riskratingdate":"2025-07-10 12:09:37.0000000","riskrating":"3","objectid":"10127724","globalid":"EAB9966B-6E2F-4F1B-B4AF-04951E228461","tpstructure":"Full","plantingspaceglobalid":"49548436-A85C-47E2-AFA9-62D469573E13","createddate":"2019-11-25 16:25:00.0000000","dbh":"3","planteddate":null,"updateddate":"2025-07-10 12:09:37.0000000","geometry":"POINT(-73.9419537101427 40.79734767618045)","genusspecies":"Ilex - holly"}},{"type":"Feature","geometry":{"type":"Point","coordinates":[-73.94222093350926,40.797317347381444]},"properties":{"tpcondition":"Excellent","stumpdiameter":null,"riskratingdate":"2025-07-10 11:44:03.0000000","riskrating":"3","objectid":"10127725","globalid":"820224DA-8FB6-4A66-9BF4-1ED196A91297","tpstructure":"Full","plantingspaceglobalid":"7FDC2AE2-E5AD-406F-BD6F-228AE7CDA134","createddate":"2019-11-25 16:27:00.0000000","dbh":"3","planteddate":null,"updateddate":"2025-07-10 11:44:03.0000000","geometry":"POINT(-73.94222093350926 40.797317347381444)","genusspecies":"Cercis canadensis - eastern redbud"}},{"type":"Feature","geometry":{"type":"Point","coordinates":[-73.80661200271958,40.76248381417655]},"properties":{"tpcondition":"Critical","stumpdiameter":null,"riskratingdate":"2019-11-25 15:35:00.0000000","riskrating":"6","objectid":"10128319","globalid":"D68CB758-9D43-41BA-A555-BBD9B6B870F2","tpstructure":"Retired","plantingspaceglobalid":"A9EB984B-D033-435C-99CE-37755981A22D","createddate":"2019-11-25 15:32:00.0000000","dbh":"15","planteddate":null,"updateddate":"2025-09-05 15:34:41.0000000","geometry":"POINT(-73.80661200271958 40.76248381417655)","genusspecies":"Pyrus calleryana - Callery pear"}},{"type":"Feature","geometry":{"type":"Point","coordinates":[-73.80662108847177,40.762431931363125]},"properties":{"tpcondition":"Good","stumpdiameter":null,"riskratingdate":"2019-11-25 15:38:37.0000000","riskrating":"5","objectid":"10128320","globalid":"F3FCF0A0-5D3C-4836-BD4E-83DB136C732D","tpstructure":"Full","plantingspaceglobalid":"DFB00EF4-7E3F-48BC-AC57-E144F86D1F40","createddate":"2019-11-25 15:37:00.0000000","dbh":"6","planteddate":null,"updateddate":"2019-11-25 15:38:37.0000000","geometry":"POINT(-73.80662108847177 40.762431931363125)","genusspecies":"Prunus serrulata 'Green leaf' - 'Green leaf' Japanese flowering cherry"}},{"type":"Feature","geometry":{"type":"Point","coordinates":[-73.8779792021842,40.673847400202696]},"properties":{"tpcondition":"Dead","stumpdiameter":"11","riskratingdate":"2019-11-25 16:32:08.0000000","riskrating":"3","objectid":"10128883","globalid":"AA757CFD-D9B8-4D3F-B497-1CAABA85C749","tpstructure":"Stump","plantingspaceglobalid":"F9EA9D6B-4CE9-41E7-AB81-4D654E76B3F5","createddate":"2019-11-25 16:31:00.0000000","dbh":"11","planteddate":null,"updateddate":"2019-11-25 16:32:08.0000000","geometry":"POINT(-73.8779792021842 40.673847400202696)","genusspecies":"Ailanthus altissima - tree of heaven"}},{"type":"Feature","geometry":{"type":"Point","coordinates":[-73.87799792573722,40.67382899573709]},"properties":{"tpcondition":"Dead","stumpdiameter":"12","riskratingdate":"2019-11-25 16:34:58.0000000","riskrating":"3","objectid":"10128884","globalid":"C63901E6-AF77-4F13-9CE9-239B3E0AFDDF","tpstructure":"Stump","plantingspaceglobalid":"99F32C54-C3E1-4A94-B570-316D4B02F95F","createddate":"2019-11-25 16:34:00.0000000","dbh":"12","planteddate":null,"updateddate":"2019-11-25 16:34:58.0000000","geometry":"POINT(-73.87799792573722 40.67382899573709)","genusspecies":"Ailanthus altissima - tree of heaven"}},{"type":"Feature","geometry":{"type":"Point","coordinates":[-73.8189354843916,40.74931319577505]},"properties":{"tpcondition":"Good","stumpdiameter":null,"riskratingdate":"2019-11-25 17:03:53.0000000","riskrating":"6","objectid":"10129387","globalid":"3C79C2AB-A495-4A66-A694-63F290543735","tpstructure":"Full","plantingspaceglobalid":"E9784FB9-75DC-4814-8EFA-F9C8702EC360","createddate":"2019-11-25 17:02:00.0000000","dbh":"9","planteddate":null,"updateddate":"2019-11-25 17:03:53.0000000","geometry":"POINT(-73.8189354843916 40.74931319577505)","genusspecies":"Ginkgo biloba - maidenhair tree"}},{"type":"Feature","geometry":{"type":"Point","coordinates":[-73.81878034962327,40.749417438290386]},"properties":{"tpcondition":"Dead","stumpdiameter":"30","riskratingdate":"2021-09-02 17:47:00.0000000","riskrating":"9","objectid":"10129795","globalid":"E6FFA2B4-51D0-4068-B1E9-F0D544B2E000","tpstructure":"Stump","plantingspaceglobalid":"62623642-E5EA-4606-94DB-8437BD5E302C","createddate":"2019-11-25 17:04:00.0000000","dbh":null,"planteddate":null,"updateddate":"2024-07-31 23:39:51.0000000","geometry":"POINT(-73.81878034962327 40.749417438290386)","genusspecies":"Acer - maple"}},{"type":"Feature","geometry":{"type":"Point","coordinates":[-73.81967949766772,40.74896780345878]},"properties":{"tpcondition":"Fair","stumpdiameter":null,"riskratingdate":"2019-11-25 17:37:35.0000000","riskrating":"7","objectid":"10129796","globalid":"6CEE69F7-5D2F-42BD-B914-2342F7C59FB6","tpstructure":"Full","plantingspaceglobalid":"8F674AE5-DF22-4D7E-A23C-65D9D58AEE7F","createddate":"2019-11-25 17:36:00.0000000","dbh":"24","planteddate":null,"updateddate":"2019-11-25 17:37:35.0000000","geometry":"POINT(-73.81967949766772 40.74896780345878)","genusspecies":"Acer - maple"}},{"type":"Feature","geometry":{"type":"Point","coordinates":[-73.84475897354992,40.86190890209908]},"properties":{"tpcondition":"Poor","stumpdiameter":null,"riskratingdate":null,"riskrating":null,"objectid":"10129797","globalid":"5E1C8C2C-729B-4594-8715-97E1B4087DFB","tpstructure":"Full","plantingspaceglobalid":"4390A13F-7465-41A1-9A02-F71B5C1B5E31","createddate":"2019-11-25 17:37:00.0000000","dbh":"40","planteddate":null,"updateddate":"2020-03-17 15:05:34.0000000","geometry":"POINT(-73.84475897354992 40.86190890209908)","genusspecies":"Prunus serotina - black cherry"}},{"type":"Feature","geometry":{"type":"Point","coordinates":[-73.81974988437115,40.74892861161231]},"properties":{"tpcondition":"Good","stumpdiameter":null,"riskratingdate":"2019-11-25 17:39:39.0000000","riskrating":"6","objectid":"10129798","globalid":"963DA965-7645-48C6-AC99-7082094DB570","tpstructure":"Full","plantingspaceglobalid":"2F0151E6-405F-42CC-9B49-61D05559090B","createddate":"2019-11-25 17:38:00.0000000","dbh":"7","planteddate":null,"updateddate":"2019-11-25 17:39:39.0000000","geometry":"POINT(-73.81974988437115 40.74892861161231)","genusspecies":"Zelkova serrata - Japanese zelkova"}},{"type":"Feature","geometry":{"type":"Point","coordinates":[-73.81993268494419,40.74880677771336]},"properties":{"tpcondition":"Good","stumpdiameter":null,"riskratingdate":"2023-09-05 12:40:04.0000000","riskrating":"5","objectid":"10129799","globalid":"C8067C2D-DB7F-4E81-B9DE-D9B06F831661","tpstructure":"Full","plantingspaceglobalid":"36251172-6A09-4CD4-A83F-6035E1D29559","createddate":"2019-11-25 17:42:00.0000000","dbh":"13","planteddate":null,"updateddate":"2023-09-05 12:40:04.0000000","geometry":"POINT(-73.81993268494419 40.74880677771336)","genusspecies":"Zelkova serrata - Japanese zelkova"}},{"type":"Feature","geometry":{"type":"Point","coordinates":[-73.8201425832168,40.748675445532264]},"properties":{"tpcondition":"Good","stumpdiameter":null,"riskratingdate":"2019-11-25 17:47:35.0000000","riskrating":"6","objectid":"10129800","globalid":"702EB2FE-0E88-4644-BDA7-5A12C3ACEE2B","tpstructure":"Full","plantingspaceglobalid":"D7107FE3-E016-4B99-9CC4-F82568838990","createddate":"2019-11-25 17:46:00.0000000","dbh":"10","planteddate":null,"updateddate":"2019-11-25 17:47:35.0000000","geometry":"POINT(-73.8201425832168 40.748675445532264)","genusspecies":"Zelkova serrata - Japanese zelkova"}},{"type":"Feature","geometry":{"type":"Point","coordinates":[-73.82022897190177,40.74861424257834]},"properties":{"tpcondition":"Good","stumpdiameter":null,"riskratingdate":"2019-11-25 17:51:34.0000000","riskrating":"6","objectid":"10129801","globalid":"C35A453A-1958-4239-9AC3-523E1D5A9CC3","tpstructure":"Full","plantingspaceglobalid":"FDC498B8-7D01-4035-B146-5A12C85F6EB1","createddate":"2019-11-25 17:49:00.0000000","dbh":"9","planteddate":null,"updateddate":"2019-11-25 17:51:33.0000000","geometry":"POINT(-73.82022897190177 40.74861424257834)","genusspecies":"Zelkova serrata - Japanese zelkova"}},{"type":"Feature","geometry":{"type":"Point","coordinates":[-73.82032842206503,40.74854839442463]},"properties":{"tpcondition":"Good","stumpdiameter":null,"riskratingdate":"2019-11-25 17:53:29.0000000","riskrating":"6","objectid":"10129802","globalid":"431B2BA4-2C00-4CF6-BEE5-A4B711B6D600","tpstructure":"Full","plantingspaceglobalid":"5075EB27-CC14-4D18-B92C-6CB613DF086C","createddate":"2019-11-25 17:52:00.0000000","dbh":"7","planteddate":null,"updateddate":"2019-11-25 17:53:29.0000000","geometry":"POINT(-73.82032842206503 40.74854839442463)","genusspecies":"Acer - maple"}},{"type":"Feature","geometry":{"type":"Point","coordinates":[-73.80488621786976,40.76120544539048]},"properties":{"tpcondition":"Dead","stumpdiameter":null,"riskratingdate":"2019-11-25 17:53:00.0000000","riskrating":"5","objectid":"10129803","globalid":"A250E509-62EE-4C30-B66B-98D78C9A75CF","tpstructure":"Retired","plantingspaceglobalid":"3AD3C299-9D4C-4E67-8E6D-708112F78152","createddate":"2019-11-25 17:52:00.0000000","dbh":"10","planteddate":null,"updateddate":"2019-12-27 12:57:00.0000000","geometry":"POINT(-73.80488621786976 40.76120544539048)","genusspecies":"Unknown - Unknown"}},{"type":"Feature","geometry":{"type":"Point","coordinates":[-73.93492529834658,40.65160213461575]},"properties":{"tpcondition":"Good","stumpdiameter":null,"riskratingdate":"2019-11-25 18:06:17.0000000","riskrating":"7","objectid":"10129805","globalid":"A545DECF-42CD-4333-BBAF-79B2078B35A3","tpstructure":"Full","plantingspaceglobalid":"E4610EAE-C7A0-4392-8340-587F8F58FF54","createddate":"2019-11-25 18:01:00.0000000","dbh":"8","planteddate":null,"updateddate":"2019-11-25 18:06:17.0000000","geometry":"POINT(-73.93492529834658 40.65160213461575)","genusspecies":"Zelkova serrata - Japanese zelkova"}},{"type":"Feature","geometry":{"type":"Point","coordinates":[-73.9348392085917,40.651606849788]},"properties":{"tpcondition":"Good","stumpdiameter":null,"riskratingdate":"2019-11-25 18:04:23.0000000","riskrating":"7","objectid":"10129806","globalid":"9B3AE0D4-ED44-4CE8-8A30-3DEF76D0CEEE","tpstructure":"Full","plantingspaceglobalid":"2A80ECE3-886D-4220-946E-0D44C51095B8","createddate":"2019-11-25 18:03:00.0000000","dbh":"16","planteddate":null,"updateddate":"2019-11-25 18:04:23.0000000","geometry":"POINT(-73.9348392085917 40.651606849788)","genusspecies":"Zelkova serrata - Japanese zelkova"}},{"type":"Feature","geometry":{"type":"Point","coordinates":[-73.80650223268896,40.762008513724794]},"properties":{"tpcondition":"Good","stumpdiameter":null,"riskratingdate":"2019-11-25 18:39:50.0000000","riskrating":"6","objectid":"10129807","globalid":"103F2398-90F0-454A-88E4-300FA4E9A072","tpstructure":"Full","plantingspaceglobalid":"23C6872C-058B-4F8B-9F50-C6A09FEC988C","createddate":"2019-11-25 18:38:00.0000000","dbh":"6","planteddate":null,"updateddate":"2019-11-25 18:39:50.0000000","geometry":"POINT(-73.80650223268896 40.762008513724794)","genusspecies":"Morus - mulberry"}},{"type":"Feature","geometry":{"type":"Point","coordinates":[-73.80658796027569,40.76201406769603]},"properties":{"tpcondition":"Good","stumpdiameter":null,"riskratingdate":"2019-11-25 18:43:00.0000000","riskrating":"6","objectid":"10129808","globalid":"9D0C7923-2568-46E8-9660-B1B5421B2C9B","tpstructure":"Full","plantingspaceglobalid":"6587D2AB-E6CE-46FF-ADBB-E98385C94987","createddate":"2019-11-25 18:41:00.0000000","dbh":"4","planteddate":null,"updateddate":"2019-11-25 18:43:00.0000000","geometry":"POINT(-73.80658796027569 40.76201406769603)","genusspecies":"Ailanthus altissima - tree of heaven"}},{"type":"Feature","geometry":{"type":"Point","coordinates":[-73.93404742455871,40.648910648730904]},"properties":{"tpcondition":"Good","stumpdiameter":null,"riskratingdate":"2019-11-25 18:53:06.0000000","riskrating":"6","objectid":"10129809","globalid":"2A799947-D3FC-4D4B-B024-A5B9947697B1","tpstructure":"Full","plantingspaceglobalid":"9CCCC4F7-904B-41F0-AD0F-279C2918F4B2","createddate":"2019-11-25 18:52:00.0000000","dbh":"12","planteddate":null,"updateddate":"2019-11-25 18:53:06.0000000","geometry":"POINT(-73.93404742455871 40.648910648730904)","genusspecies":"Gleditsia triacanthos var. inermis - Thornless honeylocust"}},{"type":"Feature","geometry":{"type":"Point","coordinates":[-73.80711191712962,40.76206628096977]},"properties":{"tpcondition":"Fair","stumpdiameter":null,"riskratingdate":"2020-04-13 15:10:16.0000000","riskrating":"10","objectid":"10129810","globalid":"B0C3E5E3-D4C3-44CE-9AFC-F5C5D8238451","tpstructure":"Full","plantingspaceglobalid":"56299847-FE08-4C69-B7D0-9961A3CE1B30","createddate":"2019-11-25 18:56:00.0000000","dbh":"22","planteddate":null,"updateddate":"2020-04-13 15:10:16.0000000","geometry":"POINT(-73.80711191712962 40.76206628096977)","genusspecies":"Acer platanoides - Norway maple"}},{"type":"Feature","geometry":{"type":"Point","coordinates":[-73.93390464505168,40.86161384704456]},"properties":{"tpcondition":"Poor","stumpdiameter":null,"riskratingdate":"2019-12-03 16:48:00.0000000","riskrating":"8","objectid":"10129811","globalid":"EA273925-B7A0-4B0F-AC98-E5CDD22DC2EE","tpstructure":"Retired","plantingspaceglobalid":"7A6C3627-08E3-46CA-845D-061CAC5B2EC0","createddate":"2019-11-25 18:57:00.0000000","dbh":"10","planteddate":null,"updateddate":"2019-12-23 14:06:00.0000000","geometry":"POINT(-73.93390464505168 40.86161384704456)","genusspecies":"Prunus serotina - black cherry"}},{"type":"Feature","geometry":{"type":"Point","coordinates":[-73.93387711491512,40.861545930840286]},"properties":{"tpcondition":"Poor","stumpdiameter":null,"riskratingdate":"2019-11-25 19:08:00.0000000","riskrating":"7","objectid":"10129812","globalid":"B821FDB3-6CE0-4543-A788-3D2E30A6F427","tpstructure":"Retired","plantingspaceglobalid":"ED07B87E-707F-4EBA-8BC1-78146B195021","createddate":"2019-11-25 19:07:00.0000000","dbh":"20","planteddate":null,"updateddate":"2019-12-23 14:02:00.0000000","geometry":"POINT(-73.93387711491512 40.861545930840286)","genusspecies":"Prunus serotina - black cherry"}},{"type":"Feature","geometry":{"type":"Point","coordinates":[-73.93463429952232,40.8597642876363]},"properties":{"tpcondition":"Poor","stumpdiameter":null,"riskratingdate":"2019-11-25 19:31:00.0000000","riskrating":"8","objectid":"10129813","globalid":"B1464B86-ACD1-4123-940A-8AF686CDEF61","tpstructure":"Retired","plantingspaceglobalid":"16ABC7D6-45AD-4707-827D-029C2D61CD9F","createddate":"2019-11-25 19:29:00.0000000","dbh":"12","planteddate":null,"updateddate":"2019-12-23 13:55:00.0000000","geometry":"POINT(-73.93463429952232 40.8597642876363)","genusspecies":"Pinus strobus - eastern white pine"}},{"type":"Feature","geometry":{"type":"Point","coordinates":[-73.94042243633665,40.65435715894584]},"properties":{"tpcondition":"Good","stumpdiameter":null,"riskratingdate":"2019-11-27 17:22:34.0000000","riskrating":"7","objectid":"10129815","globalid":"17D1B5CB-E311-4725-9302-99688C0039AF","tpstructure":"Full","plantingspaceglobalid":"097BB24B-CF0C-49EB-9211-56CCBF61BFCE","createddate":"2019-11-25 19:37:00.0000000","dbh":"25","planteddate":null,"updateddate":"2019-11-27 17:22:34.0000000","geometry":"POINT(-73.94042243633665 40.65435715894584)","genusspecies":"Platanus x acerifolia - London planetree"}},{"type":"Feature","geometry":{"type":"Point","coordinates":[-73.82018288576968,40.749411871589196]},"properties":{"tpcondition":"Good","stumpdiameter":null,"riskratingdate":"2019-11-25 20:27:03.0000000","riskrating":"6","objectid":"10129817","globalid":"088AEA53-02B7-45D7-8B5C-A3C66BEB7A8B","tpstructure":"Full","plantingspaceglobalid":"E761F120-EC06-4582-8543-A0FD412D262B","createddate":"2019-11-25 20:24:00.0000000","dbh":"7","planteddate":null,"updateddate":"2020-01-03 16:41:53.0000000","geometry":"POINT(-73.82018288576968 40.749411871589196)","genusspecies":"Pyrus calleryana - Callery pear"}},{"type":"Feature","geometry":{"type":"Point","coordinates":[-73.92244701169317,40.86965036670576]},"properties":{"tpcondition":"Dead","stumpdiameter":"32","riskratingdate":null,"riskrating":null,"objectid":"10129820","globalid":"8AEE4BE2-E99E-4860-95B3-B38F8CE7C9E1","tpstructure":"Stump","plantingspaceglobalid":"FF9AB9B3-4177-4A76-A8F3-A0AFA9006246","createddate":"2019-11-25 20:57:00.0000000","dbh":"0","planteddate":null,"updateddate":null,"geometry":"POINT(-73.92244701169317 40.86965036670576)","genusspecies":"Unknown - Unknown"}},{"type":"Feature","geometry":{"type":"Point","coordinates":[-73.81963160033112,40.74977535738634]},"properties":{"tpcondition":"Good","stumpdiameter":null,"riskratingdate":"2022-06-07 16:28:18.0000000","riskrating":"5","objectid":"10129821","globalid":"7B238B2A-3316-4C14-8D8D-45561E672891","tpstructure":"Full","plantingspaceglobalid":"022BB350-0D20-4D1D-9545-5FEDEFFD457A","createddate":"2019-11-25 21:05:00.0000000","dbh":"8","planteddate":null,"updateddate":"2022-06-07 16:28:18.0000000","geometry":"POINT(-73.81963160033112 40.74977535738634)","genusspecies":"Quercus velutina - black oak"}},{"type":"Feature","geometry":{"type":"Point","coordinates":[-73.81930004845783,40.74999209755131]},"properties":{"tpcondition":"Fair","stumpdiameter":null,"riskratingdate":"2025-07-30 14:52:08.0000000","riskrating":"9","objectid":"10129824","globalid":"4A3C9CB5-511D-4A1A-9355-9FB09F127B0F","tpstructure":"Full","plantingspaceglobalid":"D433E4F6-565A-42AF-BF95-FF74FF602FC6","createddate":"2019-11-25 21:25:00.0000000","dbh":"25","planteddate":null,"updateddate":"2025-07-30 14:52:08.0000000","geometry":"POINT(-73.81930004845783 40.74999209755131)","genusspecies":"Quercus palustris - pin oak"}},{"type":"Feature","geometry":{"type":"Point","coordinates":[-73.81871033342544,40.74945767885119]},"properties":{"tpcondition":"Fair","stumpdiameter":null,"riskratingdate":"2019-11-25 17:09:46.0000000","riskrating":"7","objectid":"10130209","globalid":"0637E668-D995-4C55-9473-0108C5C86C25","tpstructure":"Full","plantingspaceglobalid":"1A9E0F91-CB3A-4E13-B4E4-4FA2C7752A92","createddate":"2019-11-25 17:08:00.0000000","dbh":"8","planteddate":null,"updateddate":"2019-11-25 17:09:46.0000000","geometry":"POINT(-73.81871033342544 40.74945767885119)","genusspecies":"Acer - maple"}},{"type":"Feature","geometry":{"type":"Point","coordinates":[-73.81954134224979,40.74905890905561]},"properties":{"tpcondition":"Good","stumpdiameter":null,"riskratingdate":"2019-11-25 17:14:14.0000000","riskrating":"4","objectid":"10130210","globalid":"997E2CC9-B6B2-4236-AF3D-423044FD32EF","tpstructure":"Full","plantingspaceglobalid":"5D136E50-923D-4F2C-A43F-E457453AB947","createddate":"2019-11-25 17:13:00.0000000","dbh":"5","planteddate":null,"updateddate":"2019-11-25 17:14:13.0000000","geometry":"POINT(-73.81954134224979 40.74905890905561)","genusspecies":"Carpinus caroliniana - American hornbeam"}},{"type":"Feature","geometry":{"type":"Point","coordinates":[-73.81960724956193,40.749012963330316]},"properties":{"tpcondition":"Fair","stumpdiameter":null,"riskratingdate":"2019-11-25 17:33:36.0000000","riskrating":"6","objectid":"10130212","globalid":"B4EDAE07-C614-4382-BD98-EDF2BDF36CEB","tpstructure":"Full","plantingspaceglobalid":"86FB801D-52D4-40B1-B38B-77F81E4EA532","createddate":"2019-11-25 17:31:00.0000000","dbh":"5","planteddate":null,"updateddate":"2019-11-25 17:33:36.0000000","geometry":"POINT(-73.81960724956193 40.749012963330316)","genusspecies":"Prunus - Cherry"}},{"type":"Feature","geometry":{"type":"Point","coordinates":[-73.81982616882799,40.74887108770214]},"properties":{"tpcondition":"Fair","stumpdiameter":null,"riskratingdate":"2023-09-05 12:46:33.0000000","riskrating":"6","objectid":"10130213","globalid":"EE65783F-A0B7-4A19-8B78-B5F19476DA45","tpstructure":"Full","plantingspaceglobalid":"B151BDC1-6650-4FC8-BB87-F24E3039DCB5","createddate":"2019-11-25 17:40:00.0000000","dbh":"19","planteddate":null,"updateddate":"2023-09-05 12:46:33.0000000","geometry":"POINT(-73.81982616882799 40.74887108770214)","genusspecies":"Acer rubrum - red maple"}},{"type":"Feature","geometry":{"type":"Point","coordinates":[-73.82000816592833,40.7487559885097]},"properties":{"tpcondition":"Good","stumpdiameter":null,"riskratingdate":"2019-11-25 17:45:48.0000000","riskrating":"6","objectid":"10130214","globalid":"5B557747-0E5D-4ECD-B140-3BCEEDED2465","tpstructure":"Full","plantingspaceglobalid":"66B10B49-B050-4F93-BE92-C5A99B0D172A","createddate":"2019-11-25 17:44:00.0000000","dbh":"9","planteddate":null,"updateddate":"2019-11-25 17:45:48.0000000","geometry":"POINT(-73.82000816592833 40.7487559885097)","genusspecies":"Pyrus calleryana - Callery pear"}},{"type":"Feature","geometry":{"type":"Point","coordinates":[-73.95137035876216,40.775930077953156]},"properties":{"tpcondition":"Fair","stumpdiameter":null,"riskratingdate":"2019-11-25 17:47:53.0000000","riskrating":"8","objectid":"10130215","globalid":"3B8410CE-D5D3-4EE2-A74F-C5FF5B67FF99","tpstructure":"Full","plantingspaceglobalid":"B6B79362-B32F-4C69-853C-B6463B667D00","createddate":"2019-11-25 17:47:00.0000000","dbh":"18","planteddate":null,"updateddate":"2019-11-25 17:47:52.0000000","geometry":"POINT(-73.95137035876216 40.775930077953156)","genusspecies":"Tilia x. europaea - Common linden"}},{"type":"Feature","geometry":{"type":"Point","coordinates":[-73.8379913457543,40.77474266249378]},"properties":{"tpcondition":"Fair","stumpdiameter":null,"riskratingdate":"2021-07-26 17:55:07.0000000","riskrating":"6","objectid":"10130216","globalid":"0B14F62C-EBC7-434D-826C-B3BAF6DB1E62","tpstructure":"Retired","plantingspaceglobalid":"52BB9884-78DF-4294-B6D7-5CA7C3679AAB","createddate":"2019-11-25 17:49:00.0000000","dbh":"11","planteddate":null,"updateddate":"2022-05-03 15:23:41.0000000","geometry":"POINT(-73.8379913457543 40.77474266249378)","genusspecies":"Fraxinus pennsylvanica - Green ash"}},{"type":"Feature","geometry":{"type":"Point","coordinates":[-73.8783846588602,40.67379430462021]},"properties":{"tpcondition":"Dead","stumpdiameter":"6","riskratingdate":"2019-11-25 18:07:00.0000000","riskrating":"3","objectid":"10130218","globalid":"AD7DFFEE-5460-436B-8F91-E57E0A9F153A","tpstructure":"Stump","plantingspaceglobalid":"6EC44595-5562-4346-B016-2121D3460978","createddate":"2019-11-25 18:06:00.0000000","dbh":"6","planteddate":null,"updateddate":"2020-06-16 18:23:00.0000000","geometry":"POINT(-73.8783846588602 40.67379430462021)","genusspecies":"Prunus - Cherry"}},{"type":"Feature","geometry":{"type":"Point","coordinates":[-73.93361512203717,40.65166620733789]},"properties":{"tpcondition":"Good","stumpdiameter":null,"riskratingdate":"2019-11-25 18:09:51.0000000","riskrating":"7","objectid":"10130219","globalid":"396F5921-2357-4A6D-A5BD-7741FC7E5A5D","tpstructure":"Full","plantingspaceglobalid":"6BC3E526-217E-4F60-AEE6-9260C2474BE9","createddate":"2019-11-25 18:08:00.0000000","dbh":"10","planteddate":null,"updateddate":"2019-11-25 18:09:51.0000000","geometry":"POINT(-73.93361512203717 40.65166620733789)","genusspecies":"Gleditsia triacanthos var. inermis - Thornless honeylocust"}},{"type":"Feature","geometry":{"type":"Point","coordinates":[-73.80666615550545,40.76202476280221]},"properties":{"tpcondition":"Fair","stumpdiameter":null,"riskratingdate":"2019-11-25 18:47:26.0000000","riskrating":"7","objectid":"10130220","globalid":"B09D12E4-E4EC-47B3-9E12-B1A45CC95536","tpstructure":"Full","plantingspaceglobalid":"2DCC7E00-75A2-47CF-8E66-8F49FAAB678C","createddate":"2019-11-25 18:45:00.0000000","dbh":"24","planteddate":null,"updateddate":"2019-11-25 18:47:26.0000000","geometry":"POINT(-73.80666615550545 40.76202476280221)","genusspecies":"Morus - mulberry"}},{"type":"Feature","geometry":{"type":"Point","coordinates":[-73.80739131483048,40.76209210362122]},"properties":{"tpcondition":"Good","stumpdiameter":null,"riskratingdate":"2019-11-25 18:53:46.0000000","riskrating":"5","objectid":"10130221","globalid":"DBF59CBB-4620-4422-8C45-6C50786043CA","tpstructure":"Full","plantingspaceglobalid":"DDCF0D71-D134-4266-BD81-EE08CE3E5D0F","createddate":"2019-11-25 18:51:00.0000000","dbh":"12","planteddate":null,"updateddate":"2019-11-25 18:53:46.0000000","geometry":"POINT(-73.80739131483048 40.76209210362122)","genusspecies":"Acer platanoides - Norway maple"}},{"type":"Feature","geometry":{"type":"Point","coordinates":[-73.93458210459158,40.859779784479734]},"properties":{"tpcondition":"Poor","stumpdiameter":null,"riskratingdate":"2019-12-03 16:46:00.0000000","riskrating":"8","objectid":"10130223","globalid":"59E993A7-2416-4540-B174-3CDE2A35868A","tpstructure":"Retired","plantingspaceglobalid":"CFD90083-CD3E-4757-B3F2-5A93EA6CA3FF","createddate":"2019-11-25 19:16:00.0000000","dbh":"18","planteddate":null,"updateddate":"2019-12-23 13:57:00.0000000","geometry":"POINT(-73.93458210459158 40.859779784479734)","genusspecies":"Pinus strobus - eastern white pine"}},{"type":"Feature","geometry":{"type":"Point","coordinates":[-73.80595786190113,40.75922357856418]},"properties":{"tpcondition":"Good","stumpdiameter":null,"riskratingdate":"2019-11-25 19:30:03.0000000","riskrating":"3","objectid":"10130224","globalid":"098B5998-A1D2-4404-AB16-247ECE526EE1","tpstructure":"Full","plantingspaceglobalid":"5CE5FE5F-3C9D-4B15-B78A-91A0125856AB","createddate":"2019-11-25 19:28:00.0000000","dbh":"14","planteddate":null,"updateddate":"2019-11-25 19:30:03.0000000","geometry":"POINT(-73.80595786190113 40.75922357856418)","genusspecies":"Lagerstroemia - lagerstroemia"}},{"type":"Feature","geometry":{"type":"Point","coordinates":[-73.82070958619227,40.74907107830153]},"properties":{"tpcondition":"Good","stumpdiameter":null,"riskratingdate":"2020-01-09 18:04:46.0000000","riskrating":"4","objectid":"10130226","globalid":"5E81A5EB-FA10-4BD3-8166-80541FA36803","tpstructure":"Full","plantingspaceglobalid":"C3BB716C-0BAF-409C-92F5-75034C8375D0","createddate":"2019-11-25 20:13:00.0000000","dbh":"6","planteddate":null,"updateddate":"2020-01-09 18:04:46.0000000","geometry":"POINT(-73.82070958619227 40.74907107830153)","genusspecies":"Pyrus calleryana - Callery pear"}},{"type":"Feature","geometry":{"type":"Point","coordinates":[-73.91868350515504,40.869970446986926]},"properties":{"tpcondition":"Dead","stumpdiameter":"15","riskratingdate":null,"riskrating":null,"objectid":"10130227","globalid":"73FC285E-E7E6-453E-83CE-79579AFC0BA9","tpstructure":"Retired","plantingspaceglobalid":"FFA6C3A9-C8EF-45DD-9AA5-A8E15DDEECF6","createddate":"2019-11-25 20:25:00.0000000","dbh":"0","planteddate":null,"updateddate":"2020-01-08 18:07:00.0000000","geometry":"POINT(-73.91868350515504 40.869970446986926)","genusspecies":"Unknown - Unknown"}},{"type":"Feature","geometry":{"type":"Point","coordinates":[-73.81967188625497,40.74974693506785]},"properties":{"tpcondition":"Good","stumpdiameter":null,"riskratingdate":"2022-06-07 16:25:09.0000000","riskrating":"4","objectid":"10130228","globalid":"297A61BD-1786-4B73-B5FB-C48678EEE961","tpstructure":"Full","plantingspaceglobalid":"18DA8C61-3915-45F9-804E-0D07AA6AA087","createddate":"2019-11-25 21:02:00.0000000","dbh":"6","planteddate":null,"updateddate":"2022-06-07 16:25:09.0000000","geometry":"POINT(-73.81967188625497 40.74974693506785)","genusspecies":"Pyrus calleryana - Callery pear"}},{"type":"Feature","geometry":{"type":"Point","coordinates":[-73.8193117127329,40.750113001083534]},"properties":{"tpcondition":"Good","stumpdiameter":null,"riskratingdate":"2019-11-25 21:31:55.0000000","riskrating":"6","objectid":"10130229","globalid":"0E790CFE-E127-48C9-AF52-0E39B79FA61B","tpstructure":"Full","plantingspaceglobalid":"4CC5B728-1994-4B8F-897D-7E3683389B21","createddate":"2019-11-25 21:30:00.0000000","dbh":"34","planteddate":null,"updateddate":"2019-11-25 21:31:55.0000000","geometry":"POINT(-73.8193117127329 40.750113001083534)","genusspecies":"Quercus - Oak"}},{"type":"Feature","geometry":{"type":"Point","coordinates":[-73.81985828083835,40.74975809881361]},"properties":{"tpcondition":"Good","stumpdiameter":null,"riskratingdate":"2019-11-25 21:35:05.0000000","riskrating":"4","objectid":"10130230","globalid":"AFCDC86E-8963-4CA0-8F67-048E9A1E3CA2","tpstructure":"Full","plantingspaceglobalid":"55327DDD-49AE-4940-AF78-394FB368C363","createddate":"2019-11-25 21:33:00.0000000","dbh":"6","planteddate":null,"updateddate":"2019-11-25 21:35:05.0000000","geometry":"POINT(-73.81985828083835 40.74975809881361)","genusspecies":"Prunus cerasifera - cherry plum"}},{"type":"Feature","geometry":{"type":"Point","coordinates":[-73.81863650461777,40.749508551002485]},"properties":{"tpcondition":"Good","stumpdiameter":null,"riskratingdate":"2020-09-11 19:43:25.0000000","riskrating":"7","objectid":"10130611","globalid":"75F21DAE-BB77-489B-A447-B3234AE25AAA","tpstructure":"Full","plantingspaceglobalid":"0DECEEAC-C224-40BF-A191-4DA0F8FD0F8F","createddate":"2019-11-25 17:10:00.0000000","dbh":"28","planteddate":null,"updateddate":"2020-09-11 19:43:25.0000000","geometry":"POINT(-73.81863650461777 40.749508551002485)","genusspecies":"Quercus phellos - willow oak"}},{"type":"Feature","geometry":{"type":"Point","coordinates":[-73.93530761378707,40.79952178921736]},"properties":{"tpcondition":"Good","stumpdiameter":null,"riskratingdate":"2019-11-26 12:05:08.0000000","riskrating":"7","objectid":"10131471","globalid":"95D1A3C6-0BBD-4E07-9C40-35D3EC09CA05","tpstructure":"Full","plantingspaceglobalid":"CAAD0B2C-BB45-4791-9D7F-23345BEE9AFD","createddate":"2019-11-26 12:04:00.0000000","dbh":"21","planteddate":null,"updateddate":"2019-11-26 12:05:08.0000000","geometry":"POINT(-73.93530761378707 40.79952178921736)","genusspecies":"Platanus x acerifolia - London planetree"}},{"type":"Feature","geometry":{"type":"Point","coordinates":[-73.93270282054354,40.7982802531541]},"properties":{"tpcondition":"Poor","stumpdiameter":null,"riskratingdate":"2025-03-14 16:54:59.0000000","riskrating":"7","objectid":"10131473","globalid":"0A777CFE-489D-4BD7-BE85-AEA4667F19D4","tpstructure":"Full","plantingspaceglobalid":"1073C655-912E-4402-BD28-F9454D639051","createddate":"2019-11-26 13:00:00.0000000","dbh":"14","planteddate":null,"updateddate":"2025-03-14 16:54:59.0000000","geometry":"POINT(-73.93270282054354 40.7982802531541)","genusspecies":"Styphnolobium japonicum - Japanese pagoda tree"}},{"type":"Feature","geometry":{"type":"Point","coordinates":[-73.79445154194416,40.75554241487411]},"properties":{"tpcondition":"Good","stumpdiameter":null,"riskratingdate":"2019-11-26 13:22:36.0000000","riskrating":"6","objectid":"10131474","globalid":"2C8BD4EE-C7B0-462B-A14A-E7BA5ED8EB78","tpstructure":"Full","plantingspaceglobalid":"DC39AEB7-45E9-4CDD-91FF-A1346C73DAB1","createddate":"2019-11-26 13:20:00.0000000","dbh":"16","planteddate":null,"updateddate":"2019-11-26 13:22:36.0000000","geometry":"POINT(-73.79445154194416 40.75554241487411)","genusspecies":"Koelreuteria paniculata - goldenrain tree"}},{"type":"Feature","geometry":{"type":"Point","coordinates":[-73.79330860294745,40.75545608984696]},"properties":{"tpcondition":"Fair","stumpdiameter":null,"riskratingdate":"2025-03-18 15:09:23.0000000","riskrating":"7","objectid":"10131475","globalid":"98E6B409-8974-44F3-8741-1CAD94C1F07C","tpstructure":"Full","plantingspaceglobalid":"94ED91A0-8712-4779-B4CA-EC7434FE5CA8","createddate":"2019-11-26 13:30:00.0000000","dbh":"18","planteddate":null,"updateddate":"2025-03-18 15:09:23.0000000","geometry":"POINT(-73.79330860294745 40.75545608984696)","genusspecies":"Koelreuteria paniculata - goldenrain tree"}},{"type":"Feature","geometry":{"type":"Point","coordinates":[-73.93862827195515,40.800047039448934]},"properties":{"tpcondition":"Dead","stumpdiameter":null,"riskratingdate":"2019-11-26 14:09:00.0000000","riskrating":"5","objectid":"10131476","globalid":"CE5E70CE-A25E-47E9-8172-D81AD10A0254","tpstructure":"Retired","plantingspaceglobalid":"DA952397-8589-4107-A7EF-3F2442CCC554","createddate":"2019-11-26 14:09:00.0000000","dbh":"4","planteddate":null,"updateddate":"2025-01-10 19:52:00.0000000","geometry":"POINT(-73.93862827195515 40.800047039448934)","genusspecies":"Unknown - Unknown"}},{"type":"Feature","geometry":{"type":"Point","coordinates":[-73.80138965182798,40.75620534685867]},"properties":{"tpcondition":"Good","stumpdiameter":null,"riskratingdate":"2019-11-26 15:31:05.0000000","riskrating":"6","objectid":"10131477","globalid":"31A542D2-301D-4345-B122-F250FEC2F24C","tpstructure":"Full","plantingspaceglobalid":"A879C288-976C-4C3A-A03C-E9372B994357","createddate":"2019-11-26 15:29:00.0000000","dbh":"23","planteddate":null,"updateddate":"2019-11-26 15:31:05.0000000","geometry":"POINT(-73.80138965182798 40.75620534685867)","genusspecies":"Gleditsia triacanthos var. inermis - Thornless honeylocust"}},{"type":"Feature","geometry":{"type":"Point","coordinates":[-73.8015234355258,40.756217569720405]},"properties":{"tpcondition":"Good","stumpdiameter":null,"riskratingdate":"2019-11-26 15:34:08.0000000","riskrating":"6","objectid":"10131478","globalid":"28DCB575-A945-4999-B785-12E1C8D1F912","tpstructure":"Full","plantingspaceglobalid":"0947FB9C-0019-4C17-84D5-800023432005","createddate":"2019-11-26 15:32:00.0000000","dbh":"22","planteddate":null,"updateddate":"2019-11-26 15:34:08.0000000","geometry":"POINT(-73.8015234355258 40.756217569720405)","genusspecies":"Gleditsia triacanthos var. inermis - Thornless honeylocust"}},{"type":"Feature","geometry":{"type":"Point","coordinates":[-73.80239294842757,40.75628332265394]},"properties":{"tpcondition":"Good","stumpdiameter":null,"riskratingdate":"2024-12-24 14:31:58.0000000","riskrating":"3","objectid":"10131479","globalid":"8AFCEEB8-FE9E-4BD0-9965-0EB660AE0DE7","tpstructure":"Full","plantingspaceglobalid":"A4BC6AF3-6087-4828-9A89-3C395E0F269F","createddate":"2019-11-26 15:41:00.0000000","dbh":"17","planteddate":null,"updateddate":"2024-12-24 14:31:58.0000000","geometry":"POINT(-73.80239294842757 40.75628332265394)","genusspecies":"Liquidambar styraciflua - sweetgum"}},{"type":"Feature","geometry":{"type":"Point","coordinates":[-73.80249756550545,40.75629245739336]},"properties":{"tpcondition":"Good","stumpdiameter":null,"riskratingdate":"2024-12-24 14:31:06.0000000","riskrating":"3","objectid":"10131480","globalid":"A8D9D89C-7B93-4906-84F3-753CB0139A0B","tpstructure":"Full","plantingspaceglobalid":"3D95D43E-B170-4712-A8F2-6565475509DD","createddate":"2019-11-26 15:44:00.0000000","dbh":"13","planteddate":null,"updateddate":"2024-12-24 14:31:06.0000000","geometry":"POINT(-73.80249756550545 40.75629245739336)","genusspecies":"Liquidambar styraciflua - sweetgum"}},{"type":"Feature","geometry":{"type":"Point","coordinates":[-73.81825915718537,40.74994257425103]},"properties":{"tpcondition":"Dead","stumpdiameter":"19","riskratingdate":"2023-08-16 15:01:16.0000000","riskrating":"10","objectid":"10131481","globalid":"A45AF885-1B42-41EC-B4E7-0D058853CA90","tpstructure":"Retired","plantingspaceglobalid":"7F01BB7C-3AD6-46F4-835E-46470F032B0A","createddate":"2019-11-26 16:00:00.0000000","dbh":null,"planteddate":null,"updateddate":"2025-02-13 13:16:27.0000000","geometry":"POINT(-73.81825915718537 40.74994257425103)","genusspecies":"Platanus x acerifolia - London planetree"}},{"type":"Feature","geometry":{"type":"Point","coordinates":[-73.81860450704222,40.750263618930106]},"properties":{"tpcondition":"Good","stumpdiameter":null,"riskratingdate":"2019-12-11 16:40:01.0000000","riskrating":"3","objectid":"10131483","globalid":"E0CCBEA2-F032-4A16-AE24-43D790A97612","tpstructure":"Full","plantingspaceglobalid":"65C72839-133F-454C-B8F0-F29BB60A9EA0","createddate":"2019-11-26 16:11:00.0000000","dbh":"7","planteddate":null,"updateddate":"2019-12-11 16:40:01.0000000","geometry":"POINT(-73.81860450704222 40.750263618930106)","genusspecies":"Zelkova serrata - Japanese zelkova"}},{"type":"Feature","geometry":{"type":"Point","coordinates":[-73.8024718646776,40.756175426841835]},"properties":{"tpcondition":"Good","stumpdiameter":null,"riskratingdate":"2019-11-26 16:18:27.0000000","riskrating":"3","objectid":"10131484","globalid":"F16A174B-7870-4239-9DF2-9DD223BB5A63","tpstructure":"Full","plantingspaceglobalid":"E1867A27-8BC1-4BED-A2FE-1C19556B99E3","createddate":"2019-11-26 16:17:00.0000000","dbh":"5","planteddate":null,"updateddate":"2019-11-26 16:18:27.0000000","geometry":"POINT(-73.8024718646776 40.756175426841835)","genusspecies":"Prunus serrulata 'Green leaf' - 'Green leaf' Japanese flowering cherry"}},{"type":"Feature","geometry":{"type":"Point","coordinates":[-73.95313214756104,40.77667794039463]},"properties":{"tpcondition":"Fair","stumpdiameter":null,"riskratingdate":"2019-11-26 16:39:46.0000000","riskrating":"6","objectid":"10131485","globalid":"BFBD50FF-4220-409A-8551-FBFF870656F3","tpstructure":"Full","plantingspaceglobalid":"EF4A1BC0-9499-4A78-9435-7264CD979378","createddate":"2019-11-26 16:39:00.0000000","dbh":"4","planteddate":null,"updateddate":"2019-11-26 16:39:46.0000000","geometry":"POINT(-73.95313214756104 40.77667794039463)","genusspecies":"Zelkova serrata - Japanese zelkova"}},{"type":"Feature","geometry":{"type":"Point","coordinates":[-73.95306989368797,40.77665270464548]},"properties":{"tpcondition":"Fair","stumpdiameter":null,"riskratingdate":"2019-11-26 16:44:55.0000000","riskrating":"6","objectid":"10131486","globalid":"0D6ECE0E-EE2E-4201-9253-33DD6EAF74A0","tpstructure":"Full","plantingspaceglobalid":"4898A079-8481-449F-83F4-2AF32975A389","createddate":"2019-11-26 16:40:00.0000000","dbh":"5","planteddate":null,"updateddate":"2019-11-26 16:44:55.0000000","geometry":"POINT(-73.95306989368797 40.77665270464548)","genusspecies":"Zelkova serrata - Japanese zelkova"}},{"type":"Feature","geometry":{"type":"Point","coordinates":[-73.7965391041677,40.75571121324852]},"properties":{"tpcondition":"Fair","stumpdiameter":null,"riskratingdate":"2019-11-26 16:54:12.0000000","riskrating":"6","objectid":"10131487","globalid":"9DB1A4D9-4825-48A0-9E05-C7635AFB5298","tpstructure":"Full","plantingspaceglobalid":"27C4ED48-3219-4AFE-98B9-90C6EA07F527","createddate":"2019-11-26 16:52:00.0000000","dbh":"11","planteddate":null,"updateddate":"2019-11-26 16:54:12.0000000","geometry":"POINT(-73.7965391041677 40.75571121324852)","genusspecies":"Acer campestre - hedge maple"}},{"type":"Feature","geometry":{"type":"Point","coordinates":[-73.77601130247074,40.75235777636555]},"properties":{"tpcondition":"Dead","stumpdiameter":"4","riskratingdate":null,"riskrating":null,"objectid":"10131884","globalid":"C862D151-D961-466F-948E-15A49475144C","tpstructure":"Retired","plantingspaceglobalid":"35E90106-15EB-4341-9FB3-8BE3B644AE95","createddate":"2019-11-26 12:25:00.0000000","dbh":"4","planteddate":null,"updateddate":"2019-12-27 13:12:00.0000000","geometry":"POINT(-73.77601130247074 40.75235777636555)","genusspecies":"Unknown - Unknown"}},{"type":"Feature","geometry":{"type":"Point","coordinates":[-73.93281597356034,40.798321467786934]},"properties":{"tpcondition":"Good","stumpdiameter":null,"riskratingdate":"2025-03-14 16:56:00.0000000","riskrating":"7","objectid":"10131885","globalid":"188368FF-858E-46F8-83B9-F73B8E7C87E5","tpstructure":"Full","plantingspaceglobalid":"685CC62E-B27E-4250-A04A-3A2CE2079891","createddate":"2019-11-26 12:57:00.0000000","dbh":"16","planteddate":null,"updateddate":"2025-03-14 16:56:00.0000000","geometry":"POINT(-73.93281597356034 40.798321467786934)","genusspecies":"Styphnolobium japonicum - Japanese pagoda tree"}},{"type":"Feature","geometry":{"type":"Point","coordinates":[-73.93262281597413,40.79824153090546]},"properties":{"tpcondition":"Good","stumpdiameter":null,"riskratingdate":"2025-03-14 16:54:24.0000000","riskrating":"6","objectid":"10131886","globalid":"D755562B-7647-4A19-87E5-C6C7E3BD3DC3","tpstructure":"Full","plantingspaceglobalid":"C75172DA-BC8B-4D22-88D5-B57CE6ADFDCA","createddate":"2019-11-26 13:02:00.0000000","dbh":"18","planteddate":null,"updateddate":"2025-03-14 16:54:24.0000000","geometry":"POINT(-73.93262281597413 40.79824153090546)","genusspecies":"Styphnolobium japonicum - Japanese pagoda tree"}},{"type":"Feature","geometry":{"type":"Point","coordinates":[-73.93205044043037,40.79801392853213]},"properties":{"tpcondition":"Fair","stumpdiameter":null,"riskratingdate":"2025-03-14 16:51:37.0000000","riskrating":"6","objectid":"10131887","globalid":"E2C4CB7F-29DA-4EF4-A106-B8EC4A4B0E2D","tpstructure":"Full","plantingspaceglobalid":"5DFB7DF9-0E65-427A-9872-108D545E856B","createddate":"2019-11-26 13:09:00.0000000","dbh":"9","planteddate":null,"updateddate":"2025-03-14 16:51:37.0000000","geometry":"POINT(-73.93205044043037 40.79801392853213)","genusspecies":"Pyrus calleryana - Callery pear"}},{"type":"Feature","geometry":{"type":"Point","coordinates":[-73.7945663178023,40.75554728970229]},"properties":{"tpcondition":"Poor","stumpdiameter":null,"riskratingdate":"2023-01-10 14:26:00.0000000","riskrating":"8","objectid":"10131888","globalid":"2D698462-FBE7-4CBC-BC72-A7D42F0E790B","tpstructure":"Stump","plantingspaceglobalid":"99EF203C-84A0-42B5-92D4-946863F26B45","createddate":"2019-11-26 13:17:00.0000000","dbh":"12","planteddate":null,"updateddate":"2025-04-19 18:10:00.0000000","geometry":"POINT(-73.7945663178023 40.75554728970229)","genusspecies":"Koelreuteria paniculata - goldenrain tree"}},{"type":"Feature","geometry":{"type":"Point","coordinates":[-73.79341890934492,40.75546492911395]},"properties":{"tpcondition":"Good","stumpdiameter":null,"riskratingdate":"2019-11-26 13:29:03.0000000","riskrating":"5","objectid":"10131889","globalid":"75E80CD4-D438-4395-824B-FEA809C6E688","tpstructure":"Full","plantingspaceglobalid":"0C77233B-A954-48E6-B87C-18108F5470C9","createddate":"2019-11-26 13:27:00.0000000","dbh":"15","planteddate":null,"updateddate":"2019-11-26 13:29:03.0000000","geometry":"POINT(-73.79341890934492 40.75546492911395)","genusspecies":"Koelreuteria paniculata - goldenrain tree"}},{"type":"Feature","geometry":{"type":"Point","coordinates":[-73.79402675397974,40.75562974267172]},"properties":{"tpcondition":"Good","stumpdiameter":null,"riskratingdate":"2019-11-26 13:44:15.0000000","riskrating":"6","objectid":"10131890","globalid":"C1953D4B-74E3-491D-A380-3D61CA789C60","tpstructure":"Full","plantingspaceglobalid":"3ECA5A5E-E207-4867-9396-6EE01840DFFB","createddate":"2019-11-26 13:42:00.0000000","dbh":"21","planteddate":null,"updateddate":"2019-11-26 13:44:15.0000000","geometry":"POINT(-73.79402675397974 40.75562974267172)","genusspecies":"Quercus palustris - pin oak"}},{"type":"Feature","geometry":{"type":"Point","coordinates":[-73.79413650602004,40.75563510471594]},"properties":{"tpcondition":"Good","stumpdiameter":null,"riskratingdate":"2019-11-26 13:48:32.0000000","riskrating":"6","objectid":"10131891","globalid":"AF63777A-EE4C-4E33-B38A-DDC5974A6EBB","tpstructure":"Full","plantingspaceglobalid":"2F85D6B7-3377-41F8-A7DF-3A337031CCAF","createddate":"2019-11-26 13:45:00.0000000","dbh":"23","planteddate":null,"updateddate":"2019-11-26 13:48:32.0000000","geometry":"POINT(-73.79413650602004 40.75563510471594)","genusspecies":"Quercus palustris - pin oak"}},{"type":"Feature","geometry":{"type":"Point","coordinates":[-73.79765187360972,40.7559192436081]},"properties":{"tpcondition":"Good","stumpdiameter":null,"riskratingdate":"2019-11-26 14:49:23.0000000","riskrating":"3","objectid":"10131892","globalid":"FC469815-3395-4339-8C0C-0A1BCA594934","tpstructure":"Full","plantingspaceglobalid":"B3F98178-D6E7-4702-B6A1-32097C77D3B8","createddate":"2019-11-26 14:14:00.0000000","dbh":"8","planteddate":null,"updateddate":"2019-11-26 14:49:23.0000000","geometry":"POINT(-73.79765187360972 40.7559192436081)","genusspecies":"Quercus phellos - willow oak"}},{"type":"Feature","geometry":{"type":"Point","coordinates":[-73.940105501907,40.79974161866109]},"properties":{"tpcondition":"Dead","stumpdiameter":"8","riskratingdate":"2022-01-19 15:30:00.0000000","riskrating":"7","objectid":"10131893","globalid":"28291E92-5E2A-4422-8B9D-A8BD57D37BDF","tpstructure":"Retired","plantingspaceglobalid":"B9AE51D1-2F14-4CD5-8588-F12496719D90","createddate":"2019-11-26 14:18:00.0000000","dbh":"10","planteddate":null,"updateddate":"2024-12-24 17:42:00.0000000","geometry":"POINT(-73.940105501907 40.79974161866109)","genusspecies":"Carpinus betulus - European hornbeam"}},{"type":"Feature","geometry":{"type":"Point","coordinates":[-73.7985787573817,40.75597045769486]},"properties":{"tpcondition":"Good","stumpdiameter":null,"riskratingdate":"2019-11-26 14:54:47.0000000","riskrating":"3","objectid":"10131895","globalid":"7027DE6A-C9ED-46E0-8576-5CE7E7716D26","tpstructure":"Full","plantingspaceglobalid":"6A492CC2-CC69-4271-B5E6-5DA3C41EE5F1","createddate":"2019-11-26 14:53:00.0000000","dbh":"5","planteddate":null,"updateddate":"2019-11-26 14:54:47.0000000","geometry":"POINT(-73.7985787573817 40.75597045769486)","genusspecies":"Ginkgo biloba - maidenhair tree"}},{"type":"Feature","geometry":{"type":"Point","coordinates":[-73.79915608009401,40.75602697776132]},"properties":{"tpcondition":"Poor","stumpdiameter":null,"riskratingdate":"2019-12-09 16:24:50.0000000","riskrating":"6","objectid":"10131896","globalid":"F1FC4D30-DC6F-400F-B3AC-95F9FCE3C82B","tpstructure":"Full","plantingspaceglobalid":"5349F0EC-7539-4FD6-B8F2-237346900D64","createddate":"2019-11-26 14:57:00.0000000","dbh":"10","planteddate":null,"updateddate":"2019-12-09 16:24:49.0000000","geometry":"POINT(-73.79915608009401 40.75602697776132)","genusspecies":"Acer platanoides - Norway maple"}},{"type":"Feature","geometry":{"type":"Point","coordinates":[-73.80195419618724,40.756255733507466]},"properties":{"tpcondition":"Good","stumpdiameter":null,"riskratingdate":"2019-11-26 15:36:34.0000000","riskrating":"3","objectid":"10131897","globalid":"86905D63-3653-4A0E-9F2B-750E0CF2C9A3","tpstructure":"Full","plantingspaceglobalid":"E6800EE5-7986-4D7E-82A4-52C4ABB71EAE","createddate":"2019-11-26 15:35:00.0000000","dbh":"6","planteddate":null,"updateddate":"2019-11-26 15:36:33.0000000","geometry":"POINT(-73.80195419618724 40.756255733507466)","genusspecies":"Juniperus virginiana - eastern redcedar"}},{"type":"Feature","geometry":{"type":"Point","coordinates":[-73.80223780951354,40.75626913309537]},"properties":{"tpcondition":"Good","stumpdiameter":null,"riskratingdate":"2019-11-26 15:39:35.0000000","riskrating":"3","objectid":"10131898","globalid":"01E3487B-2990-4EA0-AC39-55CDC77C7C16","tpstructure":"Full","plantingspaceglobalid":"638106F9-DB35-4BB6-89E2-AE853DAC504E","createddate":"2019-11-26 15:38:00.0000000","dbh":"9","planteddate":null,"updateddate":"2019-11-26 15:39:35.0000000","geometry":"POINT(-73.80223780951354 40.75626913309537)","genusspecies":"Juniperus virginiana - eastern redcedar"}},{"type":"Feature","geometry":{"type":"Point","coordinates":[-74.18403997949694,40.52459318110657]},"properties":{"tpcondition":"Good","stumpdiameter":null,"riskratingdate":"2019-11-26 15:40:18.0000000","riskrating":"7","objectid":"10131899","globalid":"2553595B-8DBB-4A79-9E93-E8F307CD2695","tpstructure":"Full","plantingspaceglobalid":"A3BDFFC7-6BD5-4155-9B9B-DDAF22464F58","createddate":"2019-11-26 15:38:00.0000000","dbh":"10","planteddate":null,"updateddate":"2019-11-26 15:40:18.0000000","geometry":"POINT(-74.18403997949694 40.52459318110657)","genusspecies":"Ailanthus altissima - tree of heaven"}},{"type":"Feature","geometry":{"type":"Point","coordinates":[-74.18400974726914,40.52461324389409]},"properties":{"tpcondition":"Good","stumpdiameter":null,"riskratingdate":"2019-11-26 16:01:55.0000000","riskrating":"3","objectid":"10131900","globalid":"F00B8847-AFE4-47D6-B03B-EF3950FFBE49","tpstructure":"Full","plantingspaceglobalid":"4E45AF38-2873-404D-971A-1919DFCF0F73","createddate":"2019-11-26 15:55:00.0000000","dbh":"8","planteddate":null,"updateddate":"2019-11-26 16:01:55.0000000","geometry":"POINT(-74.18400974726914 40.52461324389409)","genusspecies":"Ailanthus altissima - tree of heaven"}},{"type":"Feature","geometry":{"type":"Point","coordinates":[-74.18398742570538,40.52461435186852]},"properties":{"tpcondition":"Good","stumpdiameter":null,"riskratingdate":"2019-11-26 16:18:40.0000000","riskrating":"7","objectid":"10131902","globalid":"2D89A640-AE39-42DA-AF01-0279BBD4EA5C","tpstructure":"Full","plantingspaceglobalid":"00D9DDBF-3F6A-4BA8-A019-CEDF0395B7CB","createddate":"2019-11-26 16:16:00.0000000","dbh":"6","planteddate":null,"updateddate":"2019-11-26 16:18:40.0000000","geometry":"POINT(-74.18398742570538 40.52461435186852)","genusspecies":"Ailanthus altissima - tree of heaven"}},{"type":"Feature","geometry":{"type":"Point","coordinates":[-74.18396589833422,40.524620581088676]},"properties":{"tpcondition":"Good","stumpdiameter":null,"riskratingdate":"2019-11-27 18:41:20.0000000","riskrating":"3","objectid":"10131903","globalid":"46BD9465-F14E-48DE-9A2B-8CDDFC547E69","tpstructure":"Full","plantingspaceglobalid":"C7827BEF-0AE6-4D97-A8EF-544939099EF7","createddate":"2019-11-26 16:28:00.0000000","dbh":"6","planteddate":null,"updateddate":"2019-11-27 18:41:20.0000000","geometry":"POINT(-74.18396589833422 40.524620581088676)","genusspecies":"Ailanthus altissima - tree of heaven"}},{"type":"Feature","geometry":{"type":"Point","coordinates":[-73.8011000528685,40.75607368805764]},"properties":{"tpcondition":"Fair","stumpdiameter":null,"riskratingdate":"2019-11-26 16:34:54.0000000","riskrating":"8","objectid":"10131904","globalid":"B93E62B1-0994-43F4-836E-17C13D493CB3","tpstructure":"Full","plantingspaceglobalid":"1236A5A1-B3E7-4731-8569-235B15A42839","createddate":"2019-11-26 16:33:00.0000000","dbh":"25","planteddate":null,"updateddate":"2019-11-26 16:34:54.0000000","geometry":"POINT(-73.8011000528685 40.75607368805764)","genusspecies":"Quercus palustris - pin oak"}},{"type":"Feature","geometry":{"type":"Point","coordinates":[-73.95327079391937,40.77673815676881]},"properties":{"tpcondition":"Dead","stumpdiameter":"5","riskratingdate":"2022-07-18 16:18:00.0000000","riskrating":"5","objectid":"10131905","globalid":"67CD7308-FA53-4509-8C1A-2558BA7A7DD6","tpstructure":"Retired","plantingspaceglobalid":"78D34B8B-7448-4886-81F3-036443588397","createddate":"2019-11-26 16:37:00.0000000","dbh":"4","planteddate":null,"updateddate":"2023-11-13 19:45:00.0000000","geometry":"POINT(-73.95327079391937 40.77673815676881)","genusspecies":"Betula nigra - river birch"}},{"type":"Feature","geometry":{"type":"Point","coordinates":[-73.80098930612121,40.756064577483265]},"properties":{"tpcondition":"Poor","stumpdiameter":null,"riskratingdate":"2022-12-07 17:55:00.0000000","riskrating":"9","objectid":"10131906","globalid":"DC6C0D88-906B-47D3-B73F-4C18B8FA29B5","tpstructure":"Retired","plantingspaceglobalid":"71EB34C1-6A95-476B-A798-91C716E20635","createddate":"2019-11-26 16:37:00.0000000","dbh":"38","planteddate":null,"updateddate":"2025-11-12 19:57:00.0000000","geometry":"POINT(-73.80098930612121 40.756064577483265)","genusspecies":"Quercus palustris - pin oak"}},{"type":"Feature","geometry":{"type":"Point","coordinates":[-73.95298519547745,40.77661145445801]},"properties":{"tpcondition":"Fair","stumpdiameter":null,"riskratingdate":"2019-11-26 16:47:49.0000000","riskrating":"5","objectid":"10131907","globalid":"B7998674-5B14-485C-9FAF-090E11DC8D3C","tpstructure":"Full","plantingspaceglobalid":"6E5A901C-31B3-49E2-B5CD-52FC1C13EF60","createddate":"2019-11-26 16:47:00.0000000","dbh":"4","planteddate":null,"updateddate":"2019-11-26 16:47:49.0000000","geometry":"POINT(-73.95298519547745 40.77661145445801)","genusspecies":"Pyrus calleryana - Callery pear"}},{"type":"Feature","geometry":{"type":"Point","coordinates":[-73.7964257969531,40.75570545036574]},"properties":{"tpcondition":"Good","stumpdiameter":null,"riskratingdate":"2019-11-26 16:56:49.0000000","riskrating":"6","objectid":"10131908","globalid":"6E38F2CF-3494-4BD1-B27F-C4DA454E24A1","tpstructure":"Full","plantingspaceglobalid":"33314D5B-B368-4139-81B0-F67757505E9A","createddate":"2019-11-26 16:55:00.0000000","dbh":"9","planteddate":null,"updateddate":"2019-11-26 16:56:49.0000000","geometry":"POINT(-73.7964257969531 40.75570545036574)","genusspecies":"Acer campestre - hedge maple"}},{"type":"Feature","geometry":{"type":"Point","coordinates":[-73.79632225574782,40.75569596662917]},"properties":{"tpcondition":"Fair","stumpdiameter":null,"riskratingdate":"2019-11-26 16:59:14.0000000","riskrating":"6","objectid":"10131909","globalid":"8EB82243-8E15-4E74-90D8-D275367D0D97","tpstructure":"Full","plantingspaceglobalid":"7986E075-96C0-4892-AE78-405F979DFE21","createddate":"2019-11-26 16:57:00.0000000","dbh":"10","planteddate":null,"updateddate":"2019-11-26 16:59:14.0000000","geometry":"POINT(-73.79632225574782 40.75569596662917)","genusspecies":"Acer campestre - hedge maple"}},{"type":"Feature","geometry":{"type":"Point","coordinates":[-73.81726636119868,40.79617089772198]},"properties":{"tpcondition":"Good","stumpdiameter":null,"riskratingdate":"2019-11-26 15:25:00.0000000","riskrating":"8","objectid":"10132523","globalid":"4B124DD2-C51F-41A3-8F66-609A429B49A9","tpstructure":"Stump","plantingspaceglobalid":"30C8116D-108C-4EDB-A412-9CA989D4025E","createddate":"2019-11-26 15:22:00.0000000","dbh":"10","planteddate":null,"updateddate":"2019-12-13 18:35:00.0000000","geometry":"POINT(-73.81726636119868 40.79617089772198)","genusspecies":"Prunus - Cherry"}},{"type":"Feature","geometry":{"type":"Point","coordinates":[-73.80191176225779,40.75613171496894]},"properties":{"tpcondition":"Poor","stumpdiameter":null,"riskratingdate":"2022-10-18 11:32:00.0000000","riskrating":"9","objectid":"10132524","globalid":"71463024-82D7-4DCD-8BCD-AD71772E0025","tpstructure":"Retired","plantingspaceglobalid":"7F3FF8B9-CE96-4099-AF10-41A7BE6268F4","createddate":"2019-11-26 16:21:00.0000000","dbh":"20","planteddate":null,"updateddate":"2023-10-30 19:06:00.0000000","geometry":"POINT(-73.80191176225779 40.75613171496894)","genusspecies":"Quercus palustris - pin oak"}},{"type":"Feature","geometry":{"type":"Point","coordinates":[-73.79720290907935,40.75576626041353]},"properties":{"tpcondition":"Fair","stumpdiameter":null,"riskratingdate":"2019-11-26 16:47:07.0000000","riskrating":"6","objectid":"10133117","globalid":"CD46FA01-2782-4FF6-A499-1D17E2CA1A46","tpstructure":"Full","plantingspaceglobalid":"77E82D7A-02ED-4E0E-9A2E-5994E714873A","createddate":"2019-11-26 16:45:00.0000000","dbh":"14","planteddate":null,"updateddate":"2019-11-26 16:47:07.0000000","geometry":"POINT(-73.79720290907935 40.75576626041353)","genusspecies":"Platanus x acerifolia - London planetree"}},{"type":"Feature","geometry":{"type":"Point","coordinates":[-73.79599029979694,40.7556686636167]},"properties":{"tpcondition":"Dead","stumpdiameter":"13","riskratingdate":"2019-12-09 16:29:00.0000000","riskrating":"8","objectid":"10133561","globalid":"8FDC6725-B232-4683-AA3C-3201FC0DAD2D","tpstructure":"Stump","plantingspaceglobalid":"3D849825-FC7F-4E8A-B6CB-B6A7CAB4394A","createddate":"2019-11-26 17:01:00.0000000","dbh":null,"planteddate":null,"updateddate":"2024-03-12 17:14:58.0000000","geometry":"POINT(-73.79599029979694 40.7556686636167)","genusspecies":"Acer platanoides - Norway maple"}},{"type":"Feature","geometry":{"type":"Point","coordinates":[-73.77994118121126,40.79143648472717]},"properties":{"tpcondition":"Dead","stumpdiameter":null,"riskratingdate":null,"riskrating":null,"objectid":"10133562","globalid":"53657CA4-17BA-4771-BD1B-99EF171A09F9","tpstructure":"Full","plantingspaceglobalid":"5DCB7246-CC46-4FE7-97C1-B0C31401AE97","createddate":"2019-11-26 17:16:00.0000000","dbh":"24","planteddate":null,"updateddate":null,"geometry":"POINT(-73.77994118121126 40.79143648472717)","genusspecies":"Acer palmatum - Japanese maple"}},{"type":"Feature","geometry":{"type":"Point","coordinates":[-73.93563247904481,40.654917458567645]},"properties":{"tpcondition":"Good","stumpdiameter":null,"riskratingdate":"2019-11-26 17:36:28.0000000","riskrating":"6","objectid":"10133564","globalid":"F6D8456D-2347-4B8D-AA87-0DC54FDF2531","tpstructure":"Full","plantingspaceglobalid":"5741E78C-2B13-40E9-BAF0-5329377499A6","createddate":"2019-11-26 17:34:00.0000000","dbh":"25","planteddate":null,"updateddate":"2019-11-26 17:36:28.0000000","geometry":"POINT(-73.93563247904481 40.654917458567645)","genusspecies":"Platanus x acerifolia - London planetree"}},{"type":"Feature","geometry":{"type":"Point","coordinates":[-73.93558170526309,40.65442209131145]},"properties":{"tpcondition":"Fair","stumpdiameter":null,"riskratingdate":"2019-11-26 17:55:29.0000000","riskrating":"9","objectid":"10133565","globalid":"1B772D5A-9BC3-41D1-B62A-A97A35A669BE","tpstructure":"Full","plantingspaceglobalid":"737AAE2D-4ACB-4879-AF53-834CE0BEE5A0","createddate":"2019-11-26 17:53:00.0000000","dbh":"25","planteddate":null,"updateddate":"2019-11-26 17:55:29.0000000","geometry":"POINT(-73.93558170526309 40.65442209131145)","genusspecies":"Platanus x acerifolia - London planetree"}},{"type":"Feature","geometry":{"type":"Point","coordinates":[-73.93544717040132,40.654437818395614]},"properties":{"tpcondition":"Fair","stumpdiameter":null,"riskratingdate":"2025-01-06 20:27:35.0000000","riskrating":"8","objectid":"10133566","globalid":"13925A2C-DB0E-4B5A-B251-43A9D0BCE039","tpstructure":"Full","plantingspaceglobalid":"83A1BC6C-0851-4DCF-85BC-5FDC3F229465","createddate":"2019-11-26 18:04:00.0000000","dbh":"21","planteddate":null,"updateddate":"2025-01-06 20:27:35.0000000","geometry":"POINT(-73.93544717040132 40.654437818395614)","genusspecies":"Ulmus americana - American elm"}},{"type":"Feature","geometry":{"type":"Point","coordinates":[-73.93536945204815,40.65369591897473]},"properties":{"tpcondition":"Good","stumpdiameter":null,"riskratingdate":"2023-12-20 17:21:28.0000000","riskrating":"4","objectid":"10133567","globalid":"8F8B65E1-1E22-4EC0-98AC-9811B4E37E4F","tpstructure":"Full","plantingspaceglobalid":"65E0B96A-D940-4A60-8540-57C972342B6D","createddate":"2019-11-26 18:11:00.0000000","dbh":"28","planteddate":null,"updateddate":"2023-12-20 17:21:28.0000000","geometry":"POINT(-73.93536945204815 40.65369591897473)","genusspecies":"Platanus x acerifolia - London planetree"}},{"type":"Feature","geometry":{"type":"Point","coordinates":[-73.79574431638392,40.75376906030511]},"properties":{"tpcondition":"Good","stumpdiameter":null,"riskratingdate":"2019-11-26 18:18:28.0000000","riskrating":"6","objectid":"10133568","globalid":"0C948B70-E748-4ECD-8F39-F8C1C8DD7EBA","tpstructure":"Full","plantingspaceglobalid":"98DA5A13-72C9-4E99-ADEF-049684D3398D","createddate":"2019-11-26 18:16:00.0000000","dbh":"16","planteddate":null,"updateddate":"2019-11-26 18:18:28.0000000","geometry":"POINT(-73.79574431638392 40.75376906030511)","genusspecies":"Acer rubrum - red maple"}},{"type":"Feature","geometry":{"type":"Point","coordinates":[-73.93506434644287,40.65345032239423]},"properties":{"tpcondition":"Good","stumpdiameter":null,"riskratingdate":"2019-11-26 18:25:03.0000000","riskrating":"5","objectid":"10133569","globalid":"66BD6A02-9185-43AE-AAAB-776FA02B345F","tpstructure":"Full","plantingspaceglobalid":"42D9E347-301D-40BF-AA6B-6EA67BD306DF","createddate":"2019-11-26 18:24:00.0000000","dbh":"6","planteddate":null,"updateddate":"2019-11-26 18:25:03.0000000","geometry":"POINT(-73.93506434644287 40.65345032239423)","genusspecies":"Carpinus caroliniana - American hornbeam"}},{"type":"Feature","geometry":{"type":"Point","coordinates":[-73.93527560607312,40.65285841815766]},"properties":{"tpcondition":"Good","stumpdiameter":null,"riskratingdate":"2019-11-26 18:30:36.0000000","riskrating":"6","objectid":"10133570","globalid":"11A0619C-E5E7-4D46-805A-F9D0FAFCFE1B","tpstructure":"Full","plantingspaceglobalid":"5334DCAA-D91D-4F44-BC27-C61F1DEC9741","createddate":"2019-11-26 18:29:00.0000000","dbh":"25","planteddate":null,"updateddate":"2019-11-26 18:30:35.0000000","geometry":"POINT(-73.93527560607312 40.65285841815766)","genusspecies":"Platanus x acerifolia - London planetree"}},{"type":"Feature","geometry":{"type":"Point","coordinates":[-73.93523628250651,40.652511620733975]},"properties":{"tpcondition":"Unknown","stumpdiameter":"17","riskratingdate":"2022-10-13 15:15:00.0000000","riskrating":"8","objectid":"10133571","globalid":"5AE571DB-AB6B-456B-960A-4D982ECF7A6F","tpstructure":"Retired","plantingspaceglobalid":"4BB621E9-590E-4D81-B3E4-2248B5B184F2","createddate":"2019-11-26 18:32:00.0000000","dbh":"17","planteddate":null,"updateddate":"2023-07-12 16:05:00.0000000","geometry":"POINT(-73.93523628250651 40.652511620733975)","genusspecies":"Acer platanoides - Norway maple"}},{"type":"Feature","geometry":{"type":"Point","coordinates":[-73.93535632358838,40.65230070309477]},"properties":{"tpcondition":"Fair","stumpdiameter":null,"riskratingdate":"2025-10-07 19:38:24.0000000","riskrating":"7","objectid":"10133572","globalid":"A6957EEA-902B-4D89-BFAC-B8B1E18D16E8","tpstructure":"Full","plantingspaceglobalid":"39E3C1F7-512F-4468-A8B7-B2C2AAEAA9D8","createddate":"2019-11-26 18:39:00.0000000","dbh":"17","planteddate":null,"updateddate":"2025-10-07 19:38:24.0000000","geometry":"POINT(-73.93535632358838 40.65230070309477)","genusspecies":"Fraxinus pennsylvanica - Green ash"}},{"type":"Feature","geometry":{"type":"Point","coordinates":[-73.79606209534447,40.75366442895145]},"properties":{"tpcondition":"Good","stumpdiameter":null,"riskratingdate":"2019-11-26 18:47:32.0000000","riskrating":"3","objectid":"10133573","globalid":"205F3A48-B44C-4E3F-8E3A-4BBB8CA231B9","tpstructure":"Full","plantingspaceglobalid":"50065EFC-DBDF-4A3F-BF88-73D2D47A94D7","createddate":"2019-11-26 18:46:00.0000000","dbh":"4","planteddate":null,"updateddate":"2019-11-26 18:47:32.0000000","geometry":"POINT(-73.79606209534447 40.75366442895145)","genusspecies":"Acer ginnala - Amur maple"}},{"type":"Feature","geometry":{"type":"Point","coordinates":[-73.79627817347894,40.75368816057784]},"properties":{"tpcondition":"Good","stumpdiameter":null,"riskratingdate":"2019-11-26 18:53:48.0000000","riskrating":"3","objectid":"10133574","globalid":"CD31067B-8017-4435-AD1C-676913573BA8","tpstructure":"Full","plantingspaceglobalid":"FB280CE8-4123-4028-B720-57643FBAD60E","createddate":"2019-11-26 18:52:00.0000000","dbh":"4","planteddate":null,"updateddate":"2019-11-26 18:53:48.0000000","geometry":"POINT(-73.79627817347894 40.75368816057784)","genusspecies":"Acer ginnala - Amur maple"}},{"type":"Feature","geometry":{"type":"Point","coordinates":[-73.79638515624353,40.75370674816042]},"properties":{"tpcondition":"Good","stumpdiameter":null,"riskratingdate":"2021-04-17 15:53:40.0000000","riskrating":"4","objectid":"10133575","globalid":"EFD08C94-5B0C-4567-9A90-5B789E950985","tpstructure":"Full","plantingspaceglobalid":"421C8CE5-63AF-4061-B31C-3D813F73CA0B","createddate":"2019-11-26 18:54:00.0000000","dbh":"4","planteddate":null,"updateddate":"2021-04-17 15:53:39.0000000","geometry":"POINT(-73.79638515624353 40.75370674816042)","genusspecies":"Prunus cerasifera - cherry plum"}},{"type":"Feature","geometry":{"type":"Point","coordinates":[-73.79843733196388,40.75382168971822]},"properties":{"tpcondition":"Good","stumpdiameter":null,"riskratingdate":"2019-11-26 19:15:15.0000000","riskrating":"3","objectid":"10133576","globalid":"FBA88BCB-9775-4B84-AE32-0072785027B5","tpstructure":"Full","plantingspaceglobalid":"A70452C2-3879-4A5B-B7F4-44257E55A75A","createddate":"2019-11-26 19:14:00.0000000","dbh":"5","planteddate":null,"updateddate":"2019-11-26 19:15:15.0000000","geometry":"POINT(-73.79843733196388 40.75382168971822)","genusspecies":"Syringa reticulata - Japanese tree lilac"}},{"type":"Feature","geometry":{"type":"Point","coordinates":[-73.79852351164962,40.75381851361451]},"properties":{"tpcondition":"Good","stumpdiameter":null,"riskratingdate":"2019-11-26 19:17:38.0000000","riskrating":"3","objectid":"10133577","globalid":"420E5FC7-8533-4C43-A306-ED9D3E63B251","tpstructure":"Full","plantingspaceglobalid":"45EDA91D-64EC-4EA4-9560-2D51B3F933E5","createddate":"2019-11-26 19:16:00.0000000","dbh":"6","planteddate":null,"updateddate":"2019-11-26 19:17:38.0000000","geometry":"POINT(-73.79852351164962 40.75381851361451)","genusspecies":"Syringa reticulata - Japanese tree lilac"}},{"type":"Feature","geometry":{"type":"Point","coordinates":[-73.79861285832156,40.75381267828502]},"properties":{"tpcondition":"Good","stumpdiameter":null,"riskratingdate":"2019-11-26 19:20:49.0000000","riskrating":"3","objectid":"10133578","globalid":"8151C218-4496-4A1C-A9F2-8A6E4E5C29F4","tpstructure":"Full","plantingspaceglobalid":"5010B5C9-B7F9-4B31-8820-F1858E82CDDC","createddate":"2019-11-26 19:19:00.0000000","dbh":"7","planteddate":null,"updateddate":"2019-11-26 19:20:49.0000000","geometry":"POINT(-73.79861285832156 40.75381267828502)","genusspecies":"Syringa reticulata - Japanese tree lilac"}},{"type":"Feature","geometry":{"type":"Point","coordinates":[-73.82039395750448,40.75031248863403]},"properties":{"tpcondition":"Good","stumpdiameter":null,"riskratingdate":"2019-11-26 19:26:05.0000000","riskrating":"6","objectid":"10133579","globalid":"BA0C4E13-80E2-4C9A-957F-A973CC26382A","tpstructure":"Full","plantingspaceglobalid":"1CF1EB66-22AE-401C-BFA5-0AD2373A4377","createddate":"2019-11-26 19:25:00.0000000","dbh":"33","planteddate":null,"updateddate":"2019-11-26 19:26:05.0000000","geometry":"POINT(-73.82039395750448 40.75031248863403)","genusspecies":"Quercus - Oak"}},{"type":"Feature","geometry":{"type":"Point","coordinates":[-73.79946011508048,40.75386551075485]},"properties":{"tpcondition":"Fair","stumpdiameter":null,"riskratingdate":"2024-09-25 18:22:21.0000000","riskrating":"7","objectid":"10133581","globalid":"6D572ECF-4D0D-4128-93D8-38C0C0B64F09","tpstructure":"Full","plantingspaceglobalid":"442314B4-C93E-425E-A3C6-B324F6D215B3","createddate":"2019-11-26 19:28:00.0000000","dbh":"33","planteddate":null,"updateddate":"2024-09-25 18:22:21.0000000","geometry":"POINT(-73.79946011508048 40.75386551075485)","genusspecies":"Robinia pseudoacacia - black locust"}},{"type":"Feature","geometry":{"type":"Point","coordinates":[-73.7998065181675,40.753741464900195]},"properties":{"tpcondition":"Good","stumpdiameter":null,"riskratingdate":"2019-11-26 19:38:21.0000000","riskrating":"3","objectid":"10133585","globalid":"B103AE09-4740-43FC-9931-AC0B40A3CEF7","tpstructure":"Full","plantingspaceglobalid":"25A93419-2762-4A03-A051-B4CF787FA29C","createddate":"2019-11-26 19:36:00.0000000","dbh":"4","planteddate":null,"updateddate":"2019-11-26 19:38:21.0000000","geometry":"POINT(-73.7998065181675 40.753741464900195)","genusspecies":"Syringa reticulata - Japanese tree lilac"}},{"type":"Feature","geometry":{"type":"Point","coordinates":[-73.91572757245203,40.89518864955849]},"properties":{"tpcondition":"Fair","stumpdiameter":null,"riskratingdate":"2019-11-26 19:47:58.0000000","riskrating":"5","objectid":"10133586","globalid":"4E6B7E83-D1B1-43F8-9FAE-839ACCC9EEA4","tpstructure":"Full","plantingspaceglobalid":"FD58EF02-2B39-4AD9-8A31-01E7E3975506","createddate":"2019-11-26 19:40:00.0000000","dbh":"25","planteddate":null,"updateddate":"2019-11-26 19:47:58.0000000","geometry":"POINT(-73.91572757245203 40.89518864955849)","genusspecies":"Robinia pseudoacacia - black locust"}},{"type":"Feature","geometry":{"type":"Point","coordinates":[-73.93207903360536,40.86387036789228]},"properties":{"tpcondition":"Dead","stumpdiameter":"6","riskratingdate":null,"riskrating":null,"objectid":"10133587","globalid":"78B56D4A-EFAE-455B-87A6-78181B778B0B","tpstructure":"Retired","plantingspaceglobalid":"6667116D-AC58-45D4-B9E5-3FDE573F6B3F","createddate":"2019-11-26 20:07:00.0000000","dbh":"6","planteddate":null,"updateddate":"2019-12-16 14:40:00.0000000","geometry":"POINT(-73.93207903360536 40.86387036789228)","genusspecies":"Unknown - Unknown"}},{"type":"Feature","geometry":{"type":"Point","coordinates":[-73.9358953601879,40.65156089921421]},"properties":{"tpcondition":"Good","stumpdiameter":null,"riskratingdate":"2019-11-26 20:55:26.0000000","riskrating":"7","objectid":"10133588","globalid":"B8CBFFC2-C41E-4014-AB5B-43017BF8767E","tpstructure":"Full","plantingspaceglobalid":"9B5A7A82-A92A-4004-ACCA-84B7FDCDA025","createddate":"2019-11-26 20:54:00.0000000","dbh":"13","planteddate":null,"updateddate":"2019-11-26 20:55:26.0000000","geometry":"POINT(-73.9358953601879 40.65156089921421)","genusspecies":"Platanus x acerifolia - London planetree"}},{"type":"Feature","geometry":{"type":"Point","coordinates":[-73.93577072766305,40.651566268925706]},"properties":{"tpcondition":"Good","stumpdiameter":null,"riskratingdate":"2019-11-26 20:56:41.0000000","riskrating":"7","objectid":"10133589","globalid":"462760B7-EBE0-4C87-94B5-8875A58EA5C7","tpstructure":"Full","plantingspaceglobalid":"911FDE2A-FE13-49F2-BB6E-88AE855B141B","createddate":"2019-11-26 20:55:00.0000000","dbh":"13","planteddate":null,"updateddate":"2019-11-26 20:56:41.0000000","geometry":"POINT(-73.93577072766305 40.651566268925706)","genusspecies":"Platanus x acerifolia - London planetree"}},{"type":"Feature","geometry":{"type":"Point","coordinates":[-73.93561418356335,40.65157433054359]},"properties":{"tpcondition":"Good","stumpdiameter":null,"riskratingdate":"2019-11-26 20:57:53.0000000","riskrating":"7","objectid":"10133590","globalid":"AE6C41DB-EEC9-40B3-A515-A925A5F9B090","tpstructure":"Full","plantingspaceglobalid":"4B0D7293-BED3-4D1A-91DA-E4DC7B2C387E","createddate":"2019-11-26 20:57:00.0000000","dbh":"14","planteddate":null,"updateddate":"2019-11-26 20:57:53.0000000","geometry":"POINT(-73.93561418356335 40.65157433054359)","genusspecies":"Platanus x acerifolia - London planetree"}},{"type":"Feature","geometry":{"type":"Point","coordinates":[-73.93546718196441,40.651582513956335]},"properties":{"tpcondition":"Good","stumpdiameter":null,"riskratingdate":"2019-11-26 20:59:13.0000000","riskrating":"7","objectid":"10133591","globalid":"B4E7F563-90B5-4F86-9CA1-A9C4BF304E66","tpstructure":"Full","plantingspaceglobalid":"D2659002-C592-4F40-ADC8-D81586EB9DD7","createddate":"2019-11-26 20:58:00.0000000","dbh":"12","planteddate":null,"updateddate":"2019-11-26 20:59:13.0000000","geometry":"POINT(-73.93546718196441 40.651582513956335)","genusspecies":"Platanus x acerifolia - London planetree"}},{"type":"Feature","geometry":{"type":"Point","coordinates":[-73.93534796822713,40.65159062645858]},"properties":{"tpcondition":"Good","stumpdiameter":null,"riskratingdate":"2019-11-26 21:00:29.0000000","riskrating":"7","objectid":"10133592","globalid":"C1B45AB9-3F2A-44E1-A1F2-ED206A2CD659","tpstructure":"Full","plantingspaceglobalid":"66FE8341-DBC6-4144-87F7-45F7CD38F5A1","createddate":"2019-11-26 20:59:00.0000000","dbh":"14","planteddate":null,"updateddate":"2019-11-26 21:00:29.0000000","geometry":"POINT(-73.93534796822713 40.65159062645858)","genusspecies":"Platanus x acerifolia - London planetree"}},{"type":"Feature","geometry":{"type":"Point","coordinates":[-73.93830544370772,40.852366087878]},"properties":{"tpcondition":"Good","stumpdiameter":null,"riskratingdate":"2019-11-26 21:45:39.0000000","riskrating":"3","objectid":"10133970","globalid":"37733B5C-6B56-4054-A523-1B323A561A6F","tpstructure":"Retired","plantingspaceglobalid":"F64ED48B-8C69-4932-A362-B25645CBED31","createddate":"2019-11-26 17:11:00.0000000","dbh":"3","planteddate":null,"updateddate":"2025-09-05 13:23:43.0000000","geometry":"POINT(-73.93830544370772 40.852366087878)","genusspecies":"Malus - apple"}},{"type":"Feature","geometry":{"type":"Point","coordinates":[-73.93809024980156,40.85222873512238]},"properties":{"tpcondition":"Dead","stumpdiameter":"3","riskratingdate":null,"riskrating":null,"objectid":"10133971","globalid":"2C277E0F-BD9A-499B-9ED9-8686308122F1","tpstructure":"Retired","plantingspaceglobalid":"69F88AD3-91D6-4CCB-9798-588CABA21821","createddate":"2019-11-26 17:14:00.0000000","dbh":"3","planteddate":null,"updateddate":"2024-12-19 15:24:00.0000000","geometry":"POINT(-73.93809024980156 40.85222873512238)","genusspecies":"Unknown - Unknown"}},{"type":"Feature","geometry":{"type":"Point","coordinates":[-73.95600104478369,40.8214150996507]},"properties":{"tpcondition":"Good","stumpdiameter":null,"riskratingdate":null,"riskrating":null,"objectid":"10133972","globalid":"BA0DC69A-FE8A-4910-932D-E8E9805D44B4","tpstructure":"Full","plantingspaceglobalid":"D6996382-947E-4EE4-BFD9-E8C4F02C4AD0","createddate":"2019-11-26 17:26:00.0000000","dbh":"2","planteddate":null,"updateddate":null,"geometry":"POINT(-73.95600104478369 40.8214150996507)","genusspecies":"Styphnolobium japonicum - Japanese pagoda tree"}},{"type":"Feature","geometry":{"type":"Point","coordinates":[-73.93562447571227,40.65484915647589]},"properties":{"tpcondition":"Fair","stumpdiameter":null,"riskratingdate":"2020-08-06 18:23:13.0000000","riskrating":"9","objectid":"10133973","globalid":"817F63B1-175E-417C-8624-8E1104902EE3","tpstructure":"Full","plantingspaceglobalid":"EB64512E-7E69-4446-9D3A-3CF8D40A9C45","createddate":"2019-11-26 17:37:00.0000000","dbh":"24","planteddate":null,"updateddate":"2020-08-06 18:23:13.0000000","geometry":"POINT(-73.93562447571227 40.65484915647589)","genusspecies":"Platanus x acerifolia - London planetree"}},{"type":"Feature","geometry":{"type":"Point","coordinates":[-73.93560066274115,40.65463469903418]},"properties":{"tpcondition":"Unknown","stumpdiameter":"24","riskratingdate":"2020-08-06 18:49:00.0000000","riskrating":"8","objectid":"10133974","globalid":"E9893850-669C-4DE5-B24B-8C654138C839","tpstructure":"Retired","plantingspaceglobalid":"1E7C4435-6386-4FD2-A1E4-EA24C19D6AFA","createddate":"2019-11-26 17:46:00.0000000","dbh":"24","planteddate":null,"updateddate":"2021-09-07 13:54:04.0000000","geometry":"POINT(-73.93560066274115 40.65463469903418)","genusspecies":"Platanus x acerifolia - London planetree"}},{"type":"Feature","geometry":{"type":"Point","coordinates":[-73.93558543266073,40.65449179600035]},"properties":{"tpcondition":"Good","stumpdiameter":null,"riskratingdate":null,"riskrating":null,"objectid":"10133976","globalid":"4128D54A-BDED-4429-B5B2-C42EF5E42C69","tpstructure":"Full","plantingspaceglobalid":"4E8D543D-ED45-4EAA-A0F9-97C2719882E3","createddate":"2019-11-26 17:51:00.0000000","dbh":"20","planteddate":null,"updateddate":null,"geometry":"POINT(-73.93558543266073 40.65449179600035)","genusspecies":"Platanus x acerifolia - London planetree"}},{"type":"Feature","geometry":{"type":"Point","coordinates":[-73.93557440837517,40.65434699684363]},"properties":{"tpcondition":"Fair","stumpdiameter":null,"riskratingdate":"2020-08-16 17:41:38.0000000","riskrating":"8","objectid":"10133977","globalid":"220C25B5-A95B-4834-8C1B-22667E39FDF6","tpstructure":"Full","plantingspaceglobalid":"37CF1442-DE90-4A18-AAD6-5B5390DE337F","createddate":"2019-11-26 17:58:00.0000000","dbh":"27","planteddate":null,"updateddate":"2020-08-16 17:41:38.0000000","geometry":"POINT(-73.93557440837517 40.65434699684363)","genusspecies":"Platanus x acerifolia - London planetree"}},{"type":"Feature","geometry":{"type":"Point","coordinates":[-73.93547020167405,40.65464634270338]},"properties":{"tpcondition":"Good","stumpdiameter":null,"riskratingdate":"2025-02-25 17:26:50.0000000","riskrating":"8","objectid":"10133978","globalid":"1CB5FDDF-E7C6-4336-8E15-D7A9188A79C3","tpstructure":"Full","plantingspaceglobalid":"870F4EB1-512C-4CE8-8932-4400F2163E99","createddate":"2019-11-26 18:02:00.0000000","dbh":"37","planteddate":null,"updateddate":"2025-02-25 17:26:50.0000000","geometry":"POINT(-73.93547020167405 40.65464634270338)","genusspecies":"Ulmus americana - American elm"}},{"type":"Feature","geometry":{"type":"Point","coordinates":[-73.93542279662516,40.654145692401165]},"properties":{"tpcondition":"Fair","stumpdiameter":null,"riskratingdate":"2025-11-03 17:08:49.0000000","riskrating":"8","objectid":"10133979","globalid":"44FA4364-F7E3-4007-BE26-162A493356EB","tpstructure":"Full","plantingspaceglobalid":"F6DEB24F-671E-42AB-A0A8-AA6FEE1108A6","createddate":"2019-11-26 18:08:00.0000000","dbh":"20","planteddate":null,"updateddate":"2025-11-03 17:08:49.0000000","geometry":"POINT(-73.93542279662516 40.654145692401165)","genusspecies":"Ulmus americana - American elm"}},{"type":"Feature","geometry":{"type":"Point","coordinates":[-73.9346254675438,40.65346846210342]},"properties":{"tpcondition":"Good","stumpdiameter":null,"riskratingdate":null,"riskrating":null,"objectid":"10133981","globalid":"A78DF1C2-B6AC-4C96-9715-68BBEA195F9E","tpstructure":"Full","plantingspaceglobalid":"C01AC51E-780F-4E07-89BA-E51F0C75D961","createddate":"2019-11-26 18:20:00.0000000","dbh":"2","planteddate":null,"updateddate":null,"geometry":"POINT(-73.9346254675438 40.65346846210342)","genusspecies":"Prunus - Cherry"}},{"type":"Feature","geometry":{"type":"Point","coordinates":[-73.93495023382205,40.653453376099556]},"properties":{"tpcondition":"Good","stumpdiameter":null,"riskratingdate":"2019-11-26 18:23:13.0000000","riskrating":"5","objectid":"10133982","globalid":"FCFA5E6E-BE4D-40F5-997B-3130D145AE3B","tpstructure":"Full","plantingspaceglobalid":"616868B3-B66D-4F10-BB95-D25347F97F1D","createddate":"2019-11-26 18:22:00.0000000","dbh":"6","planteddate":null,"updateddate":"2019-11-26 18:23:13.0000000","geometry":"POINT(-73.93495023382205 40.653453376099556)","genusspecies":"Syringa reticulata - Japanese tree lilac"}},{"type":"Feature","geometry":{"type":"Point","coordinates":[-73.95602172544584,40.778010589071805]},"properties":{"tpcondition":"Good","stumpdiameter":null,"riskratingdate":"2022-01-24 17:08:06.0000000","riskrating":"5","objectid":"10133984","globalid":"2DD5A226-0058-498A-B58F-7024D89307F2","tpstructure":"Full","plantingspaceglobalid":"96CEF15C-FADA-4F37-94CB-B9E2E6DAACB9","createddate":"2019-11-26 18:46:00.0000000","dbh":"4","planteddate":null,"updateddate":"2022-01-24 17:08:06.0000000","geometry":"POINT(-73.95602172544584 40.778010589071805)","genusspecies":"Gleditsia triacanthos var. inermis - Thornless honeylocust"}},{"type":"Feature","geometry":{"type":"Point","coordinates":[-73.79614683578254,40.75367720081199]},"properties":{"tpcondition":"Good","stumpdiameter":null,"riskratingdate":"2019-11-26 18:49:57.0000000","riskrating":"3","objectid":"10133985","globalid":"D94B43FF-B41B-4215-AD3A-5EE35502004E","tpstructure":"Full","plantingspaceglobalid":"C85668E0-E81F-43B6-A32C-E103E38433E3","createddate":"2019-11-26 18:48:00.0000000","dbh":"5","planteddate":null,"updateddate":"2019-11-26 18:49:57.0000000","geometry":"POINT(-73.79614683578254 40.75367720081199)","genusspecies":"Acer ginnala - Amur maple"}},{"type":"Feature","geometry":{"type":"Point","coordinates":[-73.79621210793756,40.75368465794995]},"properties":{"tpcondition":"Good","stumpdiameter":null,"riskratingdate":"2019-11-26 18:51:54.0000000","riskrating":"3","objectid":"10133986","globalid":"6FBA37CC-9ED1-48AC-970F-F9592A5FDCFA","tpstructure":"Full","plantingspaceglobalid":"F3F3703B-8D1B-4508-97BE-31DCE2654BC9","createddate":"2019-11-26 18:50:00.0000000","dbh":"4","planteddate":null,"updateddate":"2019-11-26 18:51:54.0000000","geometry":"POINT(-73.79621210793756 40.75368465794995)","genusspecies":"Acer ginnala - Amur maple"}},{"type":"Feature","geometry":{"type":"Point","coordinates":[-73.93554687949948,40.65341251967244]},"properties":{"tpcondition":"Good","stumpdiameter":null,"riskratingdate":"2023-02-24 14:36:58.0000000","riskrating":"6","objectid":"10133987","globalid":"B78F3008-C459-4C21-A50B-08D016C72644","tpstructure":"Full","plantingspaceglobalid":"9E7B1128-31C4-45AC-9F5D-3335FBB316B4","createddate":"2019-11-26 19:00:00.0000000","dbh":"30","planteddate":null,"updateddate":"2023-02-24 14:36:58.0000000","geometry":"POINT(-73.93554687949948 40.65341251967244)","genusspecies":"Quercus palustris - pin oak"}},{"type":"Feature","geometry":{"type":"Point","coordinates":[-73.7972097596287,40.75391667369644]},"properties":{"tpcondition":"Fair","stumpdiameter":null,"riskratingdate":"2024-09-25 18:50:30.0000000","riskrating":"7","objectid":"10133988","globalid":"C1829E6D-2931-4BCF-B3DF-7E45E3D4A66E","tpstructure":"Full","plantingspaceglobalid":"790F9E26-9886-4C93-A1B4-14AA6D803B68","createddate":"2019-11-26 19:05:00.0000000","dbh":"35","planteddate":null,"updateddate":"2024-09-25 18:50:30.0000000","geometry":"POINT(-73.7972097596287 40.75391667369644)","genusspecies":"Prunus serotina - black cherry"}},{"type":"Feature","geometry":{"type":"Point","coordinates":[-73.8200622951545,40.75052579871915]},"properties":{"tpcondition":"Good","stumpdiameter":null,"riskratingdate":"2019-11-26 19:24:17.0000000","riskrating":"6","objectid":"10133990","globalid":"6DE6C874-B02B-4D85-A9A6-19093CC6D424","tpstructure":"Full","plantingspaceglobalid":"EF2303F3-0FDD-4B53-A5A4-5EBECC12B6CE","createddate":"2019-11-26 19:22:00.0000000","dbh":"8","planteddate":null,"updateddate":"2019-11-26 19:24:17.0000000","geometry":"POINT(-73.8200622951545 40.75052579871915)","genusspecies":"Crataegus - Hawthorn"}},{"type":"Feature","geometry":{"type":"Point","coordinates":[-74.19007326700928,40.55142797005904]},"properties":{"tpcondition":"Dead","stumpdiameter":"0","riskratingdate":"2021-09-21 17:18:26.0000000","riskrating":"6","objectid":"10133992","globalid":"CEAF91BB-2C82-4620-82E6-6C87AFCE55F3","tpstructure":"Retired","plantingspaceglobalid":"26D10EEA-85E0-44D0-AD52-2840CBB0F4EA","createddate":"2019-11-26 19:53:00.0000000","dbh":"3","planteddate":null,"updateddate":"2022-03-21 18:43:25.0000000","geometry":"POINT(-74.19007326700928 40.55142797005904)","genusspecies":"Prunus cerasifera - cherry plum"}},{"type":"Feature","geometry":{"type":"Point","coordinates":[-73.93208138034515,40.863877219011236]},"properties":{"tpcondition":"Dead","stumpdiameter":"19","riskratingdate":null,"riskrating":null,"objectid":"10133993","globalid":"87568F53-6929-4B8E-A9A7-FFC8EFCB0579","tpstructure":"Retired","plantingspaceglobalid":"9853AF2B-2FE0-4A21-AE64-AACD13CC885B","createddate":"2019-11-26 20:04:00.0000000","dbh":"0","planteddate":null,"updateddate":"2019-12-16 14:40:00.0000000","geometry":"POINT(-73.93208138034515 40.863877219011236)","genusspecies":"Unknown - Unknown"}},{"type":"Feature","geometry":{"type":"Point","coordinates":[-73.93602678023593,40.65155519347638]},"properties":{"tpcondition":"Good","stumpdiameter":null,"riskratingdate":null,"riskrating":null,"objectid":"10133994","globalid":"2909B9F9-69F8-41AF-995E-3C45882DF9BD","tpstructure":"Full","plantingspaceglobalid":"A10E03F2-8A7F-467D-8E11-2D0E6C703BA2","createddate":"2019-11-26 20:53:00.0000000","dbh":"13","planteddate":null,"updateddate":null,"geometry":"POINT(-73.93602678023593 40.65155519347638)","genusspecies":"Platanus x acerifolia - London planetree"}},{"type":"Feature","geometry":{"type":"Point","coordinates":[-73.81149149170568,40.7603884291851]},"properties":{"tpcondition":"Good","stumpdiameter":null,"riskratingdate":"2025-10-02 15:57:10.0000000","riskrating":"4","objectid":"10133995","globalid":"145095E5-1C6B-4A77-AF99-BCD71E779F8A","tpstructure":"Full","plantingspaceglobalid":"AC760D05-761D-4D5C-AB9E-D9181256B850","createddate":"2019-11-26 21:04:00.0000000","dbh":"15","planteddate":null,"updateddate":"2025-10-02 15:57:10.0000000","geometry":"POINT(-73.81149149170568 40.7603884291851)","genusspecies":"Catalpa - catalpa"}},{"type":"Feature","geometry":{"type":"Point","coordinates":[-73.93562007076058,40.654764139530336]},"properties":{"tpcondition":"Unknown","stumpdiameter":"27","riskratingdate":"2020-08-06 18:57:00.0000000","riskrating":"8","objectid":"10134450","globalid":"8937953B-73E1-4EEE-95DB-45337F4D5E33","tpstructure":"Retired","plantingspaceglobalid":"D6533357-69F6-4235-9032-8E2F2CEF262C","createddate":"2019-11-26 17:40:00.0000000","dbh":"27","planteddate":null,"updateddate":"2021-09-07 13:51:50.0000000","geometry":"POINT(-73.93562007076058 40.654764139530336)","genusspecies":"Platanus x acerifolia - London planetree"}},{"type":"Feature","geometry":{"type":"Point","coordinates":[-73.93560792220498,40.654700400031764]},"properties":{"tpcondition":"Fair","stumpdiameter":null,"riskratingdate":"2021-01-21 18:15:15.0000000","riskrating":"6","objectid":"10134451","globalid":"4BB91CFF-8C48-48F3-A93A-5EB3E199605D","tpstructure":"Full","plantingspaceglobalid":"593590AD-7153-4C2D-9EC1-7BDD72A77791","createddate":"2019-11-26 17:43:00.0000000","dbh":"20","planteddate":null,"updateddate":"2021-01-21 18:15:15.0000000","geometry":"POINT(-73.93560792220498 40.654700400031764)","genusspecies":"Platanus x acerifolia - London planetree"}},{"type":"Feature","geometry":{"type":"Point","coordinates":[-73.79597317314325,40.7536590856169]},"properties":{"tpcondition":"Good","stumpdiameter":null,"riskratingdate":"2019-11-26 18:45:19.0000000","riskrating":"3","objectid":"10134452","globalid":"FE9A5713-78B6-4F80-BF56-D8D460F3CCD6","tpstructure":"Full","plantingspaceglobalid":"05677F8D-DCB6-4E4A-B761-050BF7711D0A","createddate":"2019-11-26 18:43:00.0000000","dbh":"4","planteddate":null,"updateddate":"2019-11-26 18:45:19.0000000","geometry":"POINT(-73.79597317314325 40.7536590856169)","genusspecies":"Acer ginnala - Amur maple"}},{"type":"Feature","geometry":{"type":"Point","coordinates":[-73.79834181408272,40.753823766376115]},"properties":{"tpcondition":"Good","stumpdiameter":null,"riskratingdate":"2019-11-26 19:13:25.0000000","riskrating":"5","objectid":"10134453","globalid":"48A9F7B3-D0CB-4CE6-A7B0-B5801D4AE3D7","tpstructure":"Full","plantingspaceglobalid":"41DC3EFD-8962-4596-BA99-FB55530F7579","createddate":"2019-11-26 19:11:00.0000000","dbh":"5","planteddate":null,"updateddate":"2019-11-26 19:13:25.0000000","geometry":"POINT(-73.79834181408272 40.753823766376115)","genusspecies":"Prunus serrulata 'Not Green leaf' - 'Not Green leaf' Japanese flowering cherry"}},{"type":"Feature","geometry":{"type":"Point","coordinates":[-73.934812834242,40.65345669612049]},"properties":{"tpcondition":"Good","stumpdiameter":null,"riskratingdate":"2019-11-26 18:21:39.0000000","riskrating":"5","objectid":"10134949","globalid":"61DE0626-3047-4AD9-ACFB-EA09F7E3E894","tpstructure":"Full","plantingspaceglobalid":"28C12C75-E729-4B7D-990C-261F015B49CA","createddate":"2019-11-26 18:20:00.0000000","dbh":"6","planteddate":null,"updateddate":"2019-11-26 18:21:39.0000000","geometry":"POINT(-73.934812834242 40.65345669612049)","genusspecies":"Malus floribunda - Japanese flowering crabapple"}},{"type":"Feature","geometry":{"type":"Point","coordinates":[-73.80000768789228,40.753730969136605]},"properties":{"tpcondition":"Good","stumpdiameter":null,"riskratingdate":"2019-11-26 19:40:51.0000000","riskrating":"3","objectid":"10134950","globalid":"EDC2D2C0-D646-4FE0-AAFB-F9A1367C5EEC","tpstructure":"Full","plantingspaceglobalid":"BC5439C6-9801-4E34-B2D6-B16CE50868DC","createddate":"2019-11-26 19:39:00.0000000","dbh":"5","planteddate":null,"updateddate":"2019-11-26 19:40:51.0000000","geometry":"POINT(-73.80000768789228 40.753730969136605)","genusspecies":"Prunus cerasifera - cherry plum"}},{"type":"Feature","geometry":{"type":"Point","coordinates":[-73.81379346860041,40.75591861940741]},"properties":{"tpcondition":"Fair","stumpdiameter":null,"riskratingdate":"2019-11-27 11:51:08.0000000","riskrating":"3","objectid":"10135728","globalid":"2DE35370-B054-42B1-A98E-7BAE311F550E","tpstructure":"Full","plantingspaceglobalid":"902D759A-190B-41FD-A050-702D40E72415","createddate":"2019-11-27 11:49:00.0000000","dbh":"13","planteddate":null,"updateddate":"2019-11-27 11:51:08.0000000","geometry":"POINT(-73.81379346860041 40.75591861940741)","genusspecies":"Gleditsia triacanthos var. inermis - Thornless honeylocust"}},{"type":"Feature","geometry":{"type":"Point","coordinates":[-73.8191500682913,40.67570897740171]},"properties":{"tpcondition":"Poor","stumpdiameter":null,"riskratingdate":"2025-09-08 13:28:40.0000000","riskrating":"5","objectid":"10135729","globalid":"F512991F-3133-4C45-90A6-930BB7B3F0A9","tpstructure":"Full","plantingspaceglobalid":"BE2F36F6-7AEC-41E3-A820-A803F5982EC6","createddate":"2019-11-27 12:33:00.0000000","dbh":"2","planteddate":null,"updateddate":"2025-09-08 13:28:40.0000000","geometry":"POINT(-73.8191500682913 40.67570897740171)","genusspecies":"Prunus serrulata 'Not Green leaf' - 'Not Green leaf' Japanese flowering cherry"}},{"type":"Feature","geometry":{"type":"Point","coordinates":[-73.793846236401,40.755779988328385]},"properties":{"tpcondition":"Poor","stumpdiameter":null,"riskratingdate":"2023-10-12 17:02:57.0000000","riskrating":"9","objectid":"10135730","globalid":"28B2BDAD-6DB3-4F8B-8E64-C68AEEFA9C48","tpstructure":"Full","plantingspaceglobalid":"DCCC0DF3-336C-43F2-959B-3D68790C63D6","createddate":"2019-11-27 13:21:00.0000000","dbh":"24","planteddate":null,"updateddate":"2023-10-12 17:02:56.0000000","geometry":"POINT(-73.793846236401 40.755779988328385)","genusspecies":"Acer platanoides - Norway maple"}},{"type":"Feature","geometry":{"type":"Point","coordinates":[-73.79385430822653,40.755861348674316]},"properties":{"tpcondition":"Fair","stumpdiameter":null,"riskratingdate":"2023-10-12 17:06:26.0000000","riskrating":"8","objectid":"10135731","globalid":"E8D5C470-4912-486F-949C-5CEF4A8CCE9D","tpstructure":"Full","plantingspaceglobalid":"EB166E7D-9E95-4318-9230-383252555D7A","createddate":"2019-11-27 13:25:00.0000000","dbh":"33","planteddate":null,"updateddate":"2023-10-12 17:06:26.0000000","geometry":"POINT(-73.79385430822653 40.755861348674316)","genusspecies":"Acer platanoides - Norway maple"}},{"type":"Feature","geometry":{"type":"Point","coordinates":[-73.94310335478585,40.65437911596702]},"properties":{"tpcondition":"Good","stumpdiameter":null,"riskratingdate":null,"riskrating":null,"objectid":"10135732","globalid":"DDC7FD5A-0F6A-4F2F-955E-C42A54687628","tpstructure":"Full","plantingspaceglobalid":"4BDB90CC-98C3-4803-BC75-6E34B8636C97","createddate":"2019-11-27 14:17:00.0000000","dbh":"3","planteddate":null,"updateddate":null,"geometry":"POINT(-73.94310335478585 40.65437911596702)","genusspecies":"Syringa reticulata - Japanese tree lilac"}},{"type":"Feature","geometry":{"type":"Point","coordinates":[-73.88970084450484,40.668285023964856]},"properties":{"tpcondition":"Poor","stumpdiameter":null,"riskratingdate":"2025-03-10 14:25:55.0000000","riskrating":"8","objectid":"10135733","globalid":"DE0BA595-7D33-401C-A9C1-436498EC6293","tpstructure":"Full","plantingspaceglobalid":"88F208F4-2CD2-4613-B7AA-EE0C266221F9","createddate":"2019-11-27 14:40:00.0000000","dbh":"27","planteddate":null,"updateddate":"2025-03-10 14:25:55.0000000","geometry":"POINT(-73.88970084450484 40.668285023964856)","genusspecies":"Ailanthus altissima - tree of heaven"}},{"type":"Feature","geometry":{"type":"Point","coordinates":[-73.94215701119275,40.65425590242923]},"properties":{"tpcondition":"Poor","stumpdiameter":null,"riskratingdate":"2025-10-08 15:16:53.0000000","riskrating":"8","objectid":"10135734","globalid":"7A452682-21E7-484C-9960-BA4404D39DA6","tpstructure":"Full","plantingspaceglobalid":"6884B9BE-0902-4CBE-8AE1-66CF5C427F0F","createddate":"2019-11-27 14:44:00.0000000","dbh":"18","planteddate":null,"updateddate":"2025-10-08 15:16:53.0000000","geometry":"POINT(-73.94215701119275 40.65425590242923)","genusspecies":"Fraxinus pennsylvanica - Green ash"}},{"type":"Feature","geometry":{"type":"Point","coordinates":[-73.96083114078685,40.779916439188675]},"properties":{"tpcondition":"Good","stumpdiameter":null,"riskratingdate":"2019-11-27 14:47:26.0000000","riskrating":"7","objectid":"10135735","globalid":"692C3D29-1232-4B4E-BF16-9F3580BBEAD3","tpstructure":"Full","plantingspaceglobalid":"6164C4CB-689D-4A0A-B2E7-A0914FBD00B8","createddate":"2019-11-27 14:46:00.0000000","dbh":"4","planteddate":null,"updateddate":"2019-11-27 14:47:25.0000000","geometry":"POINT(-73.96083114078685 40.779916439188675)","genusspecies":"Ulmus americana - American elm"}},{"type":"Feature","geometry":{"type":"Point","coordinates":[-73.94211914494417,40.65392235288461]},"properties":{"tpcondition":"Fair","stumpdiameter":null,"riskratingdate":"2019-11-27 14:52:39.0000000","riskrating":"7","objectid":"10135736","globalid":"CB968BE6-E044-4399-925B-6971DE103463","tpstructure":"Full","plantingspaceglobalid":"0B9B1AF0-AA14-4DE3-81EA-A97A33480A3E","createddate":"2019-11-27 14:51:00.0000000","dbh":"16","planteddate":null,"updateddate":"2019-11-27 14:52:39.0000000","geometry":"POINT(-73.94211914494417 40.65392235288461)","genusspecies":"Pyrus calleryana - Callery pear"}},{"type":"Feature","geometry":{"type":"Point","coordinates":[-73.79394398310993,40.75653804493947]},"properties":{"tpcondition":"Good","stumpdiameter":null,"riskratingdate":"2019-11-27 14:54:02.0000000","riskrating":"6","objectid":"10135737","globalid":"3C54760F-DB44-4DDE-97EE-F2A2E8EBC1E8","tpstructure":"Full","plantingspaceglobalid":"D730C19D-3AA0-4AC5-B24D-A69BF2E03AD1","createddate":"2019-11-27 14:52:00.0000000","dbh":"23","planteddate":null,"updateddate":"2019-11-27 14:54:02.0000000","geometry":"POINT(-73.79394398310993 40.75653804493947)","genusspecies":"Ginkgo biloba - maidenhair tree"}},{"type":"Feature","geometry":{"type":"Point","coordinates":[-73.79396992610442,40.75664224669977]},"properties":{"tpcondition":"Good","stumpdiameter":null,"riskratingdate":"2025-10-25 13:56:25.0000000","riskrating":"3","objectid":"10135738","globalid":"57B099B7-B5F5-41EC-A4AE-17A807A94F9A","tpstructure":"Full","plantingspaceglobalid":"DEDA3446-17E8-426E-B259-688D229839A8","createddate":"2019-11-27 14:55:00.0000000","dbh":"19","planteddate":null,"updateddate":"2025-10-25 13:56:25.0000000","geometry":"POINT(-73.79396992610442 40.75664224669977)","genusspecies":"Ginkgo biloba - maidenhair tree"}},{"type":"Feature","geometry":{"type":"Point","coordinates":[-73.79402442374429,40.75705427490413]},"properties":{"tpcondition":"Good","stumpdiameter":null,"riskratingdate":"2019-11-27 15:16:34.0000000","riskrating":"6","objectid":"10135740","globalid":"81F3E622-32E2-4F73-9803-1C352E33A174","tpstructure":"Full","plantingspaceglobalid":"4A8B178F-EFAC-448F-B71C-BC2ECEB886AF","createddate":"2019-11-27 15:15:00.0000000","dbh":"8","planteddate":null,"updateddate":"2019-11-27 15:16:34.0000000","geometry":"POINT(-73.79402442374429 40.75705427490413)","genusspecies":"Ginkgo biloba - maidenhair tree"}},{"type":"Feature","geometry":{"type":"Point","coordinates":[-73.94096597696884,40.65075405242972]},"properties":{"tpcondition":"Good","stumpdiameter":null,"riskratingdate":"2019-11-27 15:40:15.0000000","riskrating":"5","objectid":"10135741","globalid":"CDA90F99-657E-4A08-8CBF-029EC2E19096","tpstructure":"Full","plantingspaceglobalid":"42B467A5-24ED-4003-BC5F-8BAE1A759F06","createddate":"2019-11-27 15:39:00.0000000","dbh":"6","planteddate":null,"updateddate":"2019-11-27 15:40:15.0000000","geometry":"POINT(-73.94096597696884 40.65075405242972)","genusspecies":"Metasequoia glyptostroboides - dawn redwood"}},{"type":"Feature","geometry":{"type":"Point","coordinates":[-73.81485287121444,40.75936967131677]},"properties":{"tpcondition":"Fair","stumpdiameter":null,"riskratingdate":"2019-11-27 15:51:55.0000000","riskrating":"3","objectid":"10135742","globalid":"9D714FE3-472E-4C0C-BD86-AD8E412BDCDB","tpstructure":"Full","plantingspaceglobalid":"AF1F3E58-3987-458E-81B0-5A9CBEAB2A9E","createddate":"2019-11-27 15:50:00.0000000","dbh":"5","planteddate":null,"updateddate":"2019-11-27 15:51:55.0000000","geometry":"POINT(-73.81485287121444 40.75936967131677)","genusspecies":"Syringa pekinensis - Peking tree lilac"}},{"type":"Feature","geometry":{"type":"Point","coordinates":[-73.81459035783776,40.75910024758773]},"properties":{"tpcondition":"Dead","stumpdiameter":null,"riskratingdate":"2025-10-02 19:40:40.0000000","riskrating":"8","objectid":"10135743","globalid":"38C50437-9C48-4EE6-A059-0E6C31FD1D23","tpstructure":"Full","plantingspaceglobalid":"AE18D12C-3029-49F8-AF7F-02DBC50BC340","createddate":"2019-11-27 16:00:00.0000000","dbh":"11","planteddate":null,"updateddate":"2025-10-02 19:40:40.0000000","geometry":"POINT(-73.81459035783776 40.75910024758773)","genusspecies":"Prunus cerasifera - cherry plum"}},{"type":"Feature","geometry":{"type":"Point","coordinates":[-73.9775457772021,40.61901789360562]},"properties":{"tpcondition":"Good","stumpdiameter":null,"riskratingdate":"2019-11-27 16:17:58.0000000","riskrating":"6","objectid":"10135744","globalid":"EB6EC0E4-5347-4A2B-9019-6D54C9841A71","tpstructure":"Full","plantingspaceglobalid":"21B08DEA-5FF7-4606-88B8-6971D536356F","createddate":"2019-11-27 16:12:00.0000000","dbh":"20","planteddate":null,"updateddate":"2019-11-27 16:17:58.0000000","geometry":"POINT(-73.9775457772021 40.61901789360562)","genusspecies":"Platanus x acerifolia - London planetree"}},{"type":"Feature","geometry":{"type":"Point","coordinates":[-73.94088527150174,40.65325550431862]},"properties":{"tpcondition":"Good","stumpdiameter":null,"riskratingdate":"2019-11-27 16:30:18.0000000","riskrating":"5","objectid":"10135745","globalid":"7A051BB6-C491-4C3E-926B-BA25256895D5","tpstructure":"Full","plantingspaceglobalid":"0F7BAF13-F9A7-43E9-B63C-99B470EA9CC7","createddate":"2019-11-27 16:29:00.0000000","dbh":"4","planteddate":null,"updateddate":"2019-11-27 16:30:18.0000000","geometry":"POINT(-73.94088527150174 40.65325550431862)","genusspecies":"Tilia cordata - littleleaf linden"}},{"type":"Feature","geometry":{"type":"Point","coordinates":[-73.94080172774659,40.65326001368548]},"properties":{"tpcondition":"Good","stumpdiameter":null,"riskratingdate":"2019-11-27 16:32:09.0000000","riskrating":"5","objectid":"10135746","globalid":"D52FEB61-9EA2-4C39-AE5C-4A21B4885636","tpstructure":"Full","plantingspaceglobalid":"6C2DDDAD-BD9C-4B76-AE5F-E217725076C3","createddate":"2019-11-27 16:31:00.0000000","dbh":"5","planteddate":null,"updateddate":"2019-11-27 16:32:09.0000000","geometry":"POINT(-73.94080172774659 40.65326001368548)","genusspecies":"Tilia americana - American basswood"}},{"type":"Feature","geometry":{"type":"Point","coordinates":[-73.94115862197782,40.653751572346785]},"properties":{"tpcondition":"Good","stumpdiameter":null,"riskratingdate":"2019-11-27 16:40:54.0000000","riskrating":"5","objectid":"10135748","globalid":"D83EEB40-716E-4251-A6C9-2967AFB4A9A0","tpstructure":"Full","plantingspaceglobalid":"7BAE820A-719F-4B98-9A7B-D53CF5EA0FBA","createddate":"2019-11-27 16:40:00.0000000","dbh":"9","planteddate":null,"updateddate":"2019-11-27 16:40:54.0000000","geometry":"POINT(-73.94115862197782 40.653751572346785)","genusspecies":"Zelkova serrata - Japanese zelkova"}},{"type":"Feature","geometry":{"type":"Point","coordinates":[-73.94116473108267,40.653818371465434]},"properties":{"tpcondition":"Good","stumpdiameter":null,"riskratingdate":"2025-02-26 16:53:49.0000000","riskrating":"3","objectid":"10135749","globalid":"3C4E3B69-71E4-4316-B1FD-B2AB58B480C2","tpstructure":"Full","plantingspaceglobalid":"C67656F3-9E05-41EA-A970-E8DE4201936D","createddate":"2019-11-27 16:41:00.0000000","dbh":"7","planteddate":null,"updateddate":"2025-02-26 16:53:49.0000000","geometry":"POINT(-73.94116473108267 40.653818371465434)","genusspecies":"Quercus palustris - pin oak"}},{"type":"Feature","geometry":{"type":"Point","coordinates":[-73.94119296475274,40.65406745945697]},"properties":{"tpcondition":"Fair","stumpdiameter":null,"riskratingdate":"2023-12-04 15:56:43.0000000","riskrating":"8","objectid":"10135750","globalid":"99226B05-1F44-463E-B57E-9AAE5A502300","tpstructure":"Full","plantingspaceglobalid":"57B790A0-F345-4271-8385-ADF8D6A6833A","createddate":"2019-11-27 16:43:00.0000000","dbh":"30","planteddate":null,"updateddate":"2023-12-04 15:56:43.0000000","geometry":"POINT(-73.94119296475274 40.65406745945697)","genusspecies":"Platanus x acerifolia - London planetree"}},{"type":"Feature","geometry":{"type":"Point","coordinates":[-73.94120358225828,40.65412361855488]},"properties":{"tpcondition":"Good","stumpdiameter":null,"riskratingdate":"2019-11-27 16:47:07.0000000","riskrating":"6","objectid":"10135751","globalid":"88775318-14E5-494D-9AFD-CFB2F4BD657F","tpstructure":"Full","plantingspaceglobalid":"96A0C0AE-ABEC-4C04-973E-3A255284365A","createddate":"2019-11-27 16:46:00.0000000","dbh":"24","planteddate":null,"updateddate":"2019-11-27 16:47:07.0000000","geometry":"POINT(-73.94120358225828 40.65412361855488)","genusspecies":"Platanus x acerifolia - London planetree"}},{"type":"Feature","geometry":{"type":"Point","coordinates":[-73.94123445131986,40.654435268321336]},"properties":{"tpcondition":"Fair","stumpdiameter":null,"riskratingdate":"2025-02-26 16:56:38.0000000","riskrating":"8","objectid":"10135752","globalid":"1DDB461B-11A4-4130-B74D-FB598EBB182F","tpstructure":"Full","plantingspaceglobalid":"96361D91-3669-487F-B55E-48EB888FE5E0","createddate":"2019-11-27 16:54:00.0000000","dbh":"24","planteddate":null,"updateddate":"2025-02-26 16:56:38.0000000","geometry":"POINT(-73.94123445131986 40.654435268321336)","genusspecies":"Platanus x acerifolia - London planetree"}},{"type":"Feature","geometry":{"type":"Point","coordinates":[-73.9412408034941,40.65450756684017]},"properties":{"tpcondition":"Fair","stumpdiameter":null,"riskratingdate":"2024-11-02 12:54:48.0000000","riskrating":"7","objectid":"10135753","globalid":"C2B5FFA2-42C8-44D5-9B9A-34408745497D","tpstructure":"Full","plantingspaceglobalid":"8026C790-6478-4372-8757-BE2CA37ECC07","createddate":"2019-11-27 16:56:00.0000000","dbh":"26","planteddate":null,"updateddate":"2024-11-02 12:54:48.0000000","geometry":"POINT(-73.9412408034941 40.65450756684017)","genusspecies":"Platanus x acerifolia - London planetree"}},{"type":"Feature","geometry":{"type":"Point","coordinates":[-73.79359493004897,40.7550463472696]},"properties":{"tpcondition":"Good","stumpdiameter":null,"riskratingdate":"2019-11-27 17:00:00.0000000","riskrating":"3","objectid":"10135754","globalid":"152480FD-E0D6-443A-82C2-7E7BC966BE3F","tpstructure":"Full","plantingspaceglobalid":"8EC4C83D-FCA8-404C-A8CF-DF2E3F6D4DF4","createddate":"2019-11-27 16:59:00.0000000","dbh":"4","planteddate":null,"updateddate":"2019-12-16 15:42:00.0000000","geometry":"POINT(-73.79359493004897 40.7550463472696)","genusspecies":"Thuja occidentalis - arborvitae"}},{"type":"Feature","geometry":{"type":"Point","coordinates":[-73.9413734797062,40.654444688684414]},"properties":{"tpcondition":"Good","stumpdiameter":null,"riskratingdate":"2019-11-27 17:02:21.0000000","riskrating":"5","objectid":"10135755","globalid":"3EE85EF4-B4B1-49F3-9118-8D472F6F8572","tpstructure":"Full","plantingspaceglobalid":"D1F0B9C0-560A-48B1-93DA-F2C27056DF9B","createddate":"2019-11-27 17:01:00.0000000","dbh":"7","planteddate":null,"updateddate":"2019-11-27 17:02:21.0000000","geometry":"POINT(-73.9413734797062 40.654444688684414)","genusspecies":"Quercus rubra - northern red oak"}},{"type":"Feature","geometry":{"type":"Point","coordinates":[-73.94136874845653,40.65437236812558]},"properties":{"tpcondition":"Good","stumpdiameter":null,"riskratingdate":"2019-11-27 17:04:38.0000000","riskrating":"5","objectid":"10135756","globalid":"97644F5E-456B-4CFD-B596-525C4BF48201","tpstructure":"Full","plantingspaceglobalid":"D0AD3B7F-1637-48BB-ABA1-3175DE16EBC9","createddate":"2019-11-27 17:03:00.0000000","dbh":"12","planteddate":null,"updateddate":"2022-05-03 17:11:50.0000000","geometry":"POINT(-73.94136874845653 40.65437236812558)","genusspecies":"Quercus palustris - pin oak"}},{"type":"Feature","geometry":{"type":"Point","coordinates":[-73.9413318091351,40.65405556883038]},"properties":{"tpcondition":"Good","stumpdiameter":null,"riskratingdate":"2019-11-27 17:07:18.0000000","riskrating":"5","objectid":"10135757","globalid":"9CFF752D-6BD6-4D30-BA4F-C3AA57D1D8F3","tpstructure":"Full","plantingspaceglobalid":"E8A2C713-C2C5-447E-882B-24C36AD0E62E","createddate":"2019-11-27 17:06:00.0000000","dbh":"5","planteddate":null,"updateddate":"2019-11-27 17:07:18.0000000","geometry":"POINT(-73.9413318091351 40.65405556883038)","genusspecies":"Ginkgo biloba - maidenhair tree"}},{"type":"Feature","geometry":{"type":"Point","coordinates":[-73.8139344428005,40.75768447243463]},"properties":{"tpcondition":"Good","stumpdiameter":null,"riskratingdate":null,"riskrating":null,"objectid":"10135758","globalid":"60DEF60A-EC53-474B-A55D-BD7DB9E62350","tpstructure":"Full","plantingspaceglobalid":"2EAF37C0-E211-4676-9AED-DAC802ACA0C8","createddate":"2019-11-27 17:06:00.0000000","dbh":"2","planteddate":null,"updateddate":null,"geometry":"POINT(-73.8139344428005 40.75768447243463)","genusspecies":"Ilex - holly"}},{"type":"Feature","geometry":{"type":"Point","coordinates":[-73.81583080324174,40.75597492895865]},"properties":{"tpcondition":"Good","stumpdiameter":null,"riskratingdate":null,"riskrating":null,"objectid":"10136194","globalid":"2C752D44-36C6-4123-9752-5C78204C6F51","tpstructure":"Full","plantingspaceglobalid":"32836F89-9D58-4937-ACA6-FCE3CA688DF7","createddate":"2019-11-27 13:19:00.0000000","dbh":"3","planteddate":null,"updateddate":null,"geometry":"POINT(-73.81583080324174 40.75597492895865)","genusspecies":"Prunus serrulata 'Green leaf' - 'Green leaf' Japanese flowering cherry"}},{"type":"Feature","geometry":{"type":"Point","coordinates":[-73.81499152695814,40.75932748196982]},"properties":{"tpcondition":"Fair","stumpdiameter":null,"riskratingdate":"2019-11-27 15:49:35.0000000","riskrating":"5","objectid":"10136196","globalid":"16CAA722-3D51-4CF2-8A02-77E3D677DF27","tpstructure":"Full","plantingspaceglobalid":"8C8B99D3-005F-4E5E-A849-DD6A70DAEE61","createddate":"2019-11-27 15:47:00.0000000","dbh":"10","planteddate":null,"updateddate":"2019-11-27 15:49:35.0000000","geometry":"POINT(-73.81499152695814 40.75932748196982)","genusspecies":"Syringa pekinensis - Peking tree lilac"}},{"type":"Feature","geometry":{"type":"Point","coordinates":[-73.81550902033084,40.75582174068702]},"properties":{"tpcondition":"Fair","stumpdiameter":null,"riskratingdate":"2019-11-27 13:38:20.0000000","riskrating":"6","objectid":"10136625","globalid":"2BA83557-CF8D-4C42-ABEF-FFE0D9946B87","tpstructure":"Full","plantingspaceglobalid":"46B9F7DA-1FC4-4011-859D-E64A34D218FF","createddate":"2019-11-27 13:35:00.0000000","dbh":"5","planteddate":null,"updateddate":"2019-11-27 13:38:20.0000000","geometry":"POINT(-73.81550902033084 40.75582174068702)","genusspecies":"Prunus serrulata 'Green leaf' - 'Green leaf' Japanese flowering cherry"}},{"type":"Feature","geometry":{"type":"Point","coordinates":[-73.88955252100382,40.6684440376845]},"properties":{"tpcondition":"Fair","stumpdiameter":null,"riskratingdate":"2025-03-10 16:22:26.0000000","riskrating":"7","objectid":"10136626","globalid":"DBAF7509-C0B5-44E5-9308-2654389C306A","tpstructure":"Full","plantingspaceglobalid":"0E426A41-9605-4CC8-BBFA-2221DBBB0130","createddate":"2019-11-27 13:40:00.0000000","dbh":"5","planteddate":null,"updateddate":"2025-03-10 16:22:26.0000000","geometry":"POINT(-73.88955252100382 40.6684440376845)","genusspecies":"Prunus - Cherry"}},{"type":"Feature","geometry":{"type":"Point","coordinates":[-73.79393011607186,40.75642929476118]},"properties":{"tpcondition":"Good","stumpdiameter":null,"riskratingdate":"2024-01-04 13:14:45.0000000","riskrating":"6","objectid":"10136627","globalid":"E1FC23C5-EC46-4D7E-8AFF-0F317AA48685","tpstructure":"Full","plantingspaceglobalid":"B4A91B83-8E36-4928-9E75-033E7D02DD1A","createddate":"2019-11-27 13:44:00.0000000","dbh":"16","planteddate":null,"updateddate":"2024-01-04 13:14:45.0000000","geometry":"POINT(-73.79393011607186 40.75642929476118)","genusspecies":"Pyrus calleryana - Callery pear"}},{"type":"Feature","geometry":{"type":"Point","coordinates":[-73.81612183595063,40.75667847505975]},"properties":{"tpcondition":"Dead","stumpdiameter":"29","riskratingdate":"2019-11-27 13:56:00.0000000","riskrating":"3","objectid":"10136628","globalid":"C23DEA1C-5004-4BFF-AE50-2968B2B3DC6B","tpstructure":"Retired","plantingspaceglobalid":"3A33CBF3-9908-4884-9932-A77EDB0324FA","createddate":"2019-11-27 13:53:00.0000000","dbh":"29","planteddate":null,"updateddate":"2019-12-26 18:33:00.0000000","geometry":"POINT(-73.81612183595063 40.75667847505975)","genusspecies":"Unknown - Unknown"}},{"type":"Feature","geometry":{"type":"Point","coordinates":[-73.94310910240385,40.654443378161716]},"properties":{"tpcondition":"Good","stumpdiameter":null,"riskratingdate":"2019-11-27 14:15:50.0000000","riskrating":"5","objectid":"10136629","globalid":"B16F7921-9E7E-4689-A4B5-237EF5DEF63C","tpstructure":"Full","plantingspaceglobalid":"5BD1D007-0D3B-4487-865A-D1DBA47C2B54","createddate":"2019-11-27 14:14:00.0000000","dbh":"4","planteddate":null,"updateddate":"2019-11-27 14:15:50.0000000","geometry":"POINT(-73.94310910240385 40.654443378161716)","genusspecies":"Syringa reticulata - Japanese tree lilac"}},{"type":"Feature","geometry":{"type":"Point","coordinates":[-73.99515431984521,40.72435608024256]},"properties":{"tpcondition":"Fair","stumpdiameter":null,"riskratingdate":"2024-08-16 14:58:11.0000000","riskrating":"6","objectid":"10136630","globalid":"E0249707-5D5C-425A-A65B-0CB8BBE228A0","tpstructure":"Full","plantingspaceglobalid":"7C39C07F-834A-4366-90C6-8D90F2333E96","createddate":"2019-11-27 14:19:00.0000000","dbh":"10","planteddate":null,"updateddate":"2024-08-16 14:58:11.0000000","geometry":"POINT(-73.99515431984521 40.72435608024256)","genusspecies":"Tilia tomentosa - silver linden"}},{"type":"Feature","geometry":{"type":"Point","coordinates":[-73.7939818644149,40.7567466178272]},"properties":{"tpcondition":"Poor","stumpdiameter":null,"riskratingdate":"2019-12-09 16:34:00.0000000","riskrating":"8","objectid":"10136632","globalid":"20EE751F-16F3-4879-8EB7-0CF17FE687F8","tpstructure":"Full","plantingspaceglobalid":"EC24EACE-A27E-45D0-9971-AFE8DFB1A3AD","createddate":"2019-11-27 14:57:00.0000000","dbh":"2","planteddate":null,"updateddate":"2024-03-13 13:42:59.0000000","geometry":"POINT(-73.7939818644149 40.7567466178272)","genusspecies":"Hamamelis vernalis - Ozark witchhazel"}},{"type":"Feature","geometry":{"type":"Point","coordinates":[-73.94206553824813,40.653382853791506]},"properties":{"tpcondition":"Good","stumpdiameter":null,"riskratingdate":"2019-11-27 14:59:53.0000000","riskrating":"6","objectid":"10136633","globalid":"3B538386-F57A-44B0-AD9A-76F6281B6993","tpstructure":"Full","plantingspaceglobalid":"9BECACCD-2CA1-491E-907B-7FD0E7B5BF45","createddate":"2019-11-27 14:58:00.0000000","dbh":"16","planteddate":null,"updateddate":"2019-11-27 14:59:53.0000000","geometry":"POINT(-73.94206553824813 40.653382853791506)","genusspecies":"Acer platanoides - Norway maple"}},{"type":"Feature","geometry":{"type":"Point","coordinates":[-73.81622849807167,40.75733952353823]},"properties":{"tpcondition":"Fair","stumpdiameter":null,"riskratingdate":"2019-11-27 15:02:20.0000000","riskrating":"6","objectid":"10136634","globalid":"713EA5FD-02FD-48DD-BBD3-E022C44BF2A2","tpstructure":"Full","plantingspaceglobalid":"DF1B7FCC-D4CC-45DF-A7F3-24355EB350BF","createddate":"2019-11-27 15:00:00.0000000","dbh":"22","planteddate":null,"updateddate":"2019-11-27 15:02:20.0000000","geometry":"POINT(-73.81622849807167 40.75733952353823)","genusspecies":"Acer platanoides - Norway maple"}},{"type":"Feature","geometry":{"type":"Point","coordinates":[-73.81652034059537,40.75798017838487]},"properties":{"tpcondition":"Good","stumpdiameter":null,"riskratingdate":"2019-11-27 15:26:34.0000000","riskrating":"3","objectid":"10136635","globalid":"055600A5-81C1-4812-A7A8-FB5A30D9A010","tpstructure":"Full","plantingspaceglobalid":"71A382D6-C732-49CB-A72A-BA38D112BB29","createddate":"2019-11-27 15:24:00.0000000","dbh":"10","planteddate":null,"updateddate":"2019-11-27 15:26:34.0000000","geometry":"POINT(-73.81652034059537 40.75798017838487)","genusspecies":"Quercus - Oak"}},{"type":"Feature","geometry":{"type":"Point","coordinates":[-73.81534061826753,40.75923067892295]},"properties":{"tpcondition":"Dead","stumpdiameter":"24","riskratingdate":null,"riskrating":null,"objectid":"10136636","globalid":"79A16DCF-D00E-4F41-9DE6-E7341D571E9B","tpstructure":"Retired","plantingspaceglobalid":"063ABEC3-A015-439D-8DC7-85E734B1A375","createddate":"2019-11-27 15:43:00.0000000","dbh":"24","planteddate":null,"updateddate":"2019-12-26 18:34:00.0000000","geometry":"POINT(-73.81534061826753 40.75923067892295)","genusspecies":"Unknown - Unknown"}},{"type":"Feature","geometry":{"type":"Point","coordinates":[-73.85298367338235,40.6908294095693]},"properties":{"tpcondition":"Good","stumpdiameter":null,"riskratingdate":"2022-11-10 15:17:47.0000000","riskrating":"9","objectid":"10136637","globalid":"04FD862B-E8BA-448F-8DCE-479CB2452174","tpstructure":"Full","plantingspaceglobalid":"AAC980D6-7655-43F5-93D9-3DBAC9A7CCD1","createddate":"2019-11-27 15:49:00.0000000","dbh":"26","planteddate":null,"updateddate":"2022-11-10 15:17:47.0000000","geometry":"POINT(-73.85298367338235 40.6908294095693)","genusspecies":"Platanus x acerifolia - London planetree"}},{"type":"Feature","geometry":{"type":"Point","coordinates":[-73.81468009440388,40.75929876022045]},"properties":{"tpcondition":"Fair","stumpdiameter":null,"riskratingdate":"2019-11-27 15:59:03.0000000","riskrating":"6","objectid":"10136638","globalid":"B95F5E4C-5992-4C43-AE52-DE73861A0C9B","tpstructure":"Full","plantingspaceglobalid":"CF9E0280-4346-41A7-B063-C9D38A6A867F","createddate":"2019-11-27 15:57:00.0000000","dbh":"20","planteddate":null,"updateddate":"2019-11-27 15:59:03.0000000","geometry":"POINT(-73.81468009440388 40.75929876022045)","genusspecies":"Morus - mulberry"}},{"type":"Feature","geometry":{"type":"Point","coordinates":[-73.94100652970383,40.65324660600653]},"properties":{"tpcondition":"Good","stumpdiameter":null,"riskratingdate":"2021-02-22 15:24:43.0000000","riskrating":"5","objectid":"10136639","globalid":"5C2AF955-87F6-4930-AAB1-A10192748E97","tpstructure":"Full","plantingspaceglobalid":"13C54411-BBB1-4E83-8A40-CF2D6205FF0D","createddate":"2019-11-27 16:27:00.0000000","dbh":"5","planteddate":null,"updateddate":"2022-05-03 16:36:31.0000000","geometry":"POINT(-73.94100652970383 40.65324660600653)","genusspecies":"Tilia cordata - littleleaf linden"}},{"type":"Feature","geometry":{"type":"Point","coordinates":[-73.94069967464509,40.6532672479396]},"properties":{"tpcondition":"Good","stumpdiameter":null,"riskratingdate":"2019-11-27 16:33:53.0000000","riskrating":"5","objectid":"10136640","globalid":"7A421DFC-F33C-4426-A0EB-499186510406","tpstructure":"Full","plantingspaceglobalid":"A0336FCC-E17E-46A6-AB2B-25B47FFDD491","createddate":"2019-11-27 16:33:00.0000000","dbh":"5","planteddate":null,"updateddate":"2019-11-27 16:33:53.0000000","geometry":"POINT(-73.94069967464509 40.6532672479396)","genusspecies":"Tilia americana - American basswood"}},{"type":"Feature","geometry":{"type":"Point","coordinates":[-73.94057095047232,40.653277558492896]},"properties":{"tpcondition":"Good","stumpdiameter":null,"riskratingdate":"2019-11-27 16:36:08.0000000","riskrating":"6","objectid":"10136641","globalid":"C2224227-F0ED-405A-B823-AD7B6302C71C","tpstructure":"Full","plantingspaceglobalid":"8193E166-50CA-455E-BB2E-F154E6C801ED","createddate":"2019-11-27 16:35:00.0000000","dbh":"17","planteddate":null,"updateddate":"2019-11-27 16:36:08.0000000","geometry":"POINT(-73.94057095047232 40.653277558492896)","genusspecies":"Platanus x acerifolia - London planetree"}},{"type":"Feature","geometry":{"type":"Point","coordinates":[-73.9411480670612,40.653634786178245]},"properties":{"tpcondition":"Good","stumpdiameter":null,"riskratingdate":"2019-11-27 16:39:11.0000000","riskrating":"5","objectid":"10136642","globalid":"757DEA18-B315-42B4-80A2-AE49D30BA87A","tpstructure":"Full","plantingspaceglobalid":"82592378-6D9B-450A-ACBF-DB6F0259E40A","createddate":"2019-11-27 16:38:00.0000000","dbh":"6","planteddate":null,"updateddate":"2019-11-27 16:39:11.0000000","geometry":"POINT(-73.9411480670612 40.653634786178245)","genusspecies":"Parrotia persica - Persian ironwood"}},{"type":"Feature","geometry":{"type":"Point","coordinates":[-73.97186067101487,40.61834397916762]},"properties":{"tpcondition":"Fair","stumpdiameter":null,"riskratingdate":"2020-07-16 14:52:34.0000000","riskrating":"8","objectid":"10136643","globalid":"ABC90D1F-B953-45E2-9E9A-85C148CE048F","tpstructure":"Full","plantingspaceglobalid":"313E006C-8B51-4C7F-8F28-AA0CBDADECD9","createddate":"2019-11-27 16:42:00.0000000","dbh":"37","planteddate":null,"updateddate":"2020-07-16 14:52:34.0000000","geometry":"POINT(-73.97186067101487 40.61834397916762)","genusspecies":"Quercus rubra - northern red oak"}},{"type":"Feature","geometry":{"type":"Point","coordinates":[-73.94120880650883,40.6541841208]},"properties":{"tpcondition":"Unknown","stumpdiameter":"26","riskratingdate":"2022-05-03 16:10:00.0000000","riskrating":"8","objectid":"10136644","globalid":"5D66B3E9-EB99-48FD-8A23-56AC4186F62B","tpstructure":"Retired","plantingspaceglobalid":"76D608CF-64B7-447D-B9D1-6CE1158EBE5F","createddate":"2019-11-27 16:48:00.0000000","dbh":"23","planteddate":null,"updateddate":"2023-07-12 16:00:00.0000000","geometry":"POINT(-73.94120880650883 40.6541841208)","genusspecies":"Platanus x acerifolia - London planetree"}},{"type":"Feature","geometry":{"type":"Point","coordinates":[-73.94121267037744,40.654254722003905]},"properties":{"tpcondition":"Fair","stumpdiameter":null,"riskratingdate":"2025-11-03 20:03:39.0000000","riskrating":"8","objectid":"10136645","globalid":"7D83A8C9-095E-4CDE-BE84-6D735FCEC9D3","tpstructure":"Full","plantingspaceglobalid":"E79BA1B6-CB74-433A-8917-F69FFA8FCD43","createddate":"2019-11-27 16:50:00.0000000","dbh":"24","planteddate":null,"updateddate":"2025-11-03 20:03:39.0000000","geometry":"POINT(-73.94121267037744 40.654254722003905)","genusspecies":"Platanus x acerifolia - London planetree"}},{"type":"Feature","geometry":{"type":"Point","coordinates":[-73.87966034921627,40.67076518712499]},"properties":{"tpcondition":"Fair","stumpdiameter":null,"riskratingdate":"2025-03-05 18:38:49.0000000","riskrating":"4","objectid":"10136646","globalid":"6267E694-00D8-4060-8F53-E35CDF0735E6","tpstructure":"Full","plantingspaceglobalid":"78F6E8E9-F2A6-4EDC-A8E0-6CED4E4ACE6B","createddate":"2019-11-27 16:52:00.0000000","dbh":"3","planteddate":null,"updateddate":"2025-03-05 18:38:49.0000000","geometry":"POINT(-73.87966034921627 40.67076518712499)","genusspecies":"Cornus kousa - kousa dogwood"}},{"type":"Feature","geometry":{"type":"Point","coordinates":[-73.94122058023311,40.65431537372403]},"properties":{"tpcondition":"Critical","stumpdiameter":"27","riskratingdate":"2024-06-25 16:13:00.0000000","riskrating":"11","objectid":"10136647","globalid":"23907CD8-BB54-4F52-9019-04E471EB6855","tpstructure":"Stump","plantingspaceglobalid":"AD129E9C-934E-4BB5-A17C-EA81F63B194E","createddate":"2019-11-27 16:52:00.0000000","dbh":"27","planteddate":null,"updateddate":"2024-10-08 16:35:00.0000000","geometry":"POINT(-73.94122058023311 40.65431537372403)","genusspecies":"Platanus x acerifolia - London planetree"}},{"type":"Feature","geometry":{"type":"Point","coordinates":[-73.87968764848992,40.67075902048243]},"properties":{"tpcondition":"Fair","stumpdiameter":null,"riskratingdate":"2025-03-05 18:36:31.0000000","riskrating":"4","objectid":"10136648","globalid":"C8CEB22F-B6A3-44E6-8974-EAAC4933DB56","tpstructure":"Full","plantingspaceglobalid":"A14AF0F4-3170-4A9B-ADEE-F0105241488C","createddate":"2019-11-27 16:54:00.0000000","dbh":"5","planteddate":null,"updateddate":"2025-03-05 18:36:31.0000000","geometry":"POINT(-73.87968764848992 40.67075902048243)","genusspecies":"Pyrus calleryana - Callery pear"}},{"type":"Feature","geometry":{"type":"Point","coordinates":[-74.2370825557973,40.51252258148965]},"properties":{"tpcondition":"Excellent","stumpdiameter":null,"riskratingdate":null,"riskrating":null,"objectid":"10136649","globalid":"F92A4E55-5325-44E5-80A4-2C9E7220C236","tpstructure":"Full","plantingspaceglobalid":"F7432E71-E150-4A56-A155-01770AA55D40","createddate":"2019-11-27 16:55:00.0000000","dbh":"2","planteddate":"2019-11-26 05:00:00.0000000","updateddate":"2019-11-27 16:55:00.0000000","geometry":"POINT(-74.2370825557973 40.51252258148965)","genusspecies":"Prunus serrulata 'Green leaf' - 'Green leaf' Japanese flowering cherry"}},{"type":"Feature","geometry":{"type":"Point","coordinates":[-74.23710229234263,40.51258597940637]},"properties":{"tpcondition":"Excellent","stumpdiameter":null,"riskratingdate":null,"riskrating":null,"objectid":"10136650","globalid":"82EF90F7-E8C4-41F1-BA84-DEAAEFB13C4F","tpstructure":"Full","plantingspaceglobalid":"A91245FF-B21B-405B-B082-298DCA0EA1B1","createddate":"2019-11-27 16:56:00.0000000","dbh":"2","planteddate":"2019-11-26 05:00:00.0000000","updateddate":null,"geometry":"POINT(-74.23710229234263 40.51258597940637)","genusspecies":"Prunus serrulata 'Green leaf' - 'Green leaf' Japanese flowering cherry"}},{"type":"Feature","geometry":{"type":"Point","coordinates":[-73.94124897853965,40.65457919953585]},"properties":{"tpcondition":"Fair","stumpdiameter":null,"riskratingdate":"2022-05-03 16:48:52.0000000","riskrating":"7","objectid":"10136651","globalid":"8461ED84-676F-4148-9200-F345B05D65A1","tpstructure":"Full","plantingspaceglobalid":"33B1B6FC-E1F8-490D-8CF3-0D8CD95FCAF5","createddate":"2019-11-27 16:59:00.0000000","dbh":"23","planteddate":null,"updateddate":"2022-05-03 16:48:52.0000000","geometry":"POINT(-73.94124897853965 40.65457919953585)","genusspecies":"Platanus x acerifolia - London planetree"}},{"type":"Feature","geometry":{"type":"Point","coordinates":[-73.88963676753782,40.668233106769584]},"properties":{"tpcondition":"Good","stumpdiameter":null,"riskratingdate":"2025-04-07 16:35:57.0000000","riskrating":"7","objectid":"10137188","globalid":"4AD82854-3D9A-498D-A17C-17CE78A20E34","tpstructure":"Full","plantingspaceglobalid":"E94315C2-2DDE-404C-906E-048778FBA4BF","createddate":"2019-11-27 14:45:00.0000000","dbh":"20","planteddate":null,"updateddate":"2025-04-07 16:35:57.0000000","geometry":"POINT(-73.88963676753782 40.668233106769584)","genusspecies":"Ailanthus altissima - tree of heaven"}},{"type":"Feature","geometry":{"type":"Point","coordinates":[-73.88968915140912,40.66822476370477]},"properties":{"tpcondition":"Fair","stumpdiameter":null,"riskratingdate":"2025-04-07 16:37:41.0000000","riskrating":"7","objectid":"10137189","globalid":"438C1103-D989-45F8-A5D8-A7C58D81BD3B","tpstructure":"Full","plantingspaceglobalid":"232150C2-C74B-4D34-996B-7FFC43A45303","createddate":"2019-11-27 14:49:00.0000000","dbh":"24","planteddate":null,"updateddate":"2025-04-07 16:37:41.0000000","geometry":"POINT(-73.88968915140912 40.66822476370477)","genusspecies":"Ailanthus altissima - tree of heaven"}},{"type":"Feature","geometry":{"type":"Point","coordinates":[-73.79352996306822,40.75458055998366]},"properties":{"tpcondition":"Dead","stumpdiameter":"17","riskratingdate":"2019-12-09 16:19:00.0000000","riskrating":"8","objectid":"10138061","globalid":"1493D22C-E3DB-4C16-BE8C-5B7E8432731C","tpstructure":"Stump","plantingspaceglobalid":"469FC1F4-25D0-4F06-804D-D47FFB9D24B8","createddate":"2019-11-27 17:03:00.0000000","dbh":null,"planteddate":null,"updateddate":"2024-03-13 13:24:35.0000000","geometry":"POINT(-73.79352996306822 40.75458055998366)","genusspecies":"Malus - apple"}},{"type":"Feature","geometry":{"type":"Point","coordinates":[-73.94125907358698,40.65335028847214]},"properties":{"tpcondition":"Good","stumpdiameter":null,"riskratingdate":"2019-11-27 17:13:40.0000000","riskrating":"5","objectid":"10138062","globalid":"05745D4C-724F-422D-B50B-1919F05839C1","tpstructure":"Full","plantingspaceglobalid":"80AC3A4F-1153-45E9-B1C5-8FC02CE788DB","createddate":"2019-11-27 17:12:00.0000000","dbh":"5","planteddate":null,"updateddate":"2019-11-27 17:13:40.0000000","geometry":"POINT(-73.94125907358698 40.65335028847214)","genusspecies":"Carpinus betulus - European hornbeam"}},{"type":"Feature","geometry":{"type":"Point","coordinates":[-73.94041892280818,40.654289501676146]},"properties":{"tpcondition":"Good","stumpdiameter":null,"riskratingdate":"2019-11-27 17:19:51.0000000","riskrating":"7","objectid":"10138063","globalid":"C9286F3F-6772-464D-96C2-4B042C48740C","tpstructure":"Full","plantingspaceglobalid":"5EB2A16E-2F12-47E2-8D8C-D709A6D72F3C","createddate":"2019-11-27 17:18:00.0000000","dbh":"23","planteddate":null,"updateddate":"2019-11-27 17:19:51.0000000","geometry":"POINT(-73.94041892280818 40.654289501676146)","genusspecies":"Platanus x acerifolia - London planetree"}},{"type":"Feature","geometry":{"type":"Point","coordinates":[-73.94043695779578,40.654424828206096]},"properties":{"tpcondition":"Good","stumpdiameter":null,"riskratingdate":"2019-11-27 17:25:42.0000000","riskrating":"7","objectid":"10138064","globalid":"B31978A3-89AF-4F3B-AC6F-5EA0DD69E9C0","tpstructure":"Full","plantingspaceglobalid":"DF8715E8-6E8A-41B4-BA9F-5CD9727525A5","createddate":"2019-11-27 17:24:00.0000000","dbh":"19","planteddate":null,"updateddate":"2019-11-27 17:25:42.0000000","geometry":"POINT(-73.94043695779578 40.654424828206096)","genusspecies":"Platanus x acerifolia - London planetree"}},{"type":"Feature","geometry":{"type":"Point","coordinates":[-73.94045376791269,40.654600067803216]},"properties":{"tpcondition":"Fair","stumpdiameter":null,"riskratingdate":"2019-11-27 17:34:11.0000000","riskrating":"6","objectid":"10138065","globalid":"79FFECAD-549C-4738-A1D7-023DD20DEC7E","tpstructure":"Full","plantingspaceglobalid":"2ABE37A3-5C63-4224-BCC5-07C5E96C58E8","createddate":"2019-11-27 17:30:00.0000000","dbh":"26","planteddate":null,"updateddate":"2019-11-27 17:34:11.0000000","geometry":"POINT(-73.94045376791269 40.654600067803216)","genusspecies":"Platanus x acerifolia - London planetree"}},{"type":"Feature","geometry":{"type":"Point","coordinates":[-73.79367171849151,40.75456936664068]},"properties":{"tpcondition":"Good","stumpdiameter":null,"riskratingdate":"2019-11-27 17:35:00.0000000","riskrating":"5","objectid":"10138066","globalid":"C53D921F-72EF-497D-8E0A-D25127B76C05","tpstructure":"Full","plantingspaceglobalid":"FFA53244-680B-4C82-81F3-14ABED95BF7E","createddate":"2019-11-27 17:33:00.0000000","dbh":"6","planteddate":null,"updateddate":"2019-12-16 15:45:00.0000000","geometry":"POINT(-73.79367171849151 40.75456936664068)","genusspecies":"Pyrus calleryana - Callery pear"}},{"type":"Feature","geometry":{"type":"Point","coordinates":[-73.76482588167985,40.69064091905711]},"properties":{"tpcondition":"Fair","stumpdiameter":null,"riskratingdate":"2019-11-27 17:53:42.0000000","riskrating":"4","objectid":"10138067","globalid":"41A53DD7-2045-4A9E-BA99-C0AB1A0D522D","tpstructure":"Full","plantingspaceglobalid":"BC199C84-F5EC-46ED-9478-074002AC9981","createddate":"2019-11-27 17:48:00.0000000","dbh":"40","planteddate":null,"updateddate":"2019-11-27 17:53:42.0000000","geometry":"POINT(-73.76482588167985 40.69064091905711)","genusspecies":"Acer saccharinum - silver maple"}},{"type":"Feature","geometry":{"type":"Point","coordinates":[-73.89265621904104,40.832589022490424]},"properties":{"tpcondition":"Good","stumpdiameter":null,"riskratingdate":null,"riskrating":null,"objectid":"10138068","globalid":"626540C0-7DF0-4D53-8C21-C82AB0AB1345","tpstructure":"Full","plantingspaceglobalid":"CB65BE73-DF68-44E5-82CE-99B51B0AFA73","createddate":"2019-11-27 18:04:00.0000000","dbh":"4","planteddate":null,"updateddate":null,"geometry":"POINT(-73.89265621904104 40.832589022490424)","genusspecies":"Acer rubrum - red maple"}},{"type":"Feature","geometry":{"type":"Point","coordinates":[-73.79487987353232,40.75639209440714]},"properties":{"tpcondition":"Dead","stumpdiameter":null,"riskratingdate":"2022-02-28 17:48:00.0000000","riskrating":"8","objectid":"10138069","globalid":"1B3EEDF1-CF7D-4F83-90CE-7571E46DE0DE","tpstructure":"Stump","plantingspaceglobalid":"FC97261D-AE9A-419E-BDCD-F4F63B729B61","createddate":"2019-11-27 18:07:00.0000000","dbh":"11","planteddate":null,"updateddate":"2024-11-25 11:47:00.0000000","geometry":"POINT(-73.79487987353232 40.75639209440714)","genusspecies":"Acer ginnala - Amur maple"}},{"type":"Feature","geometry":{"type":"Point","coordinates":[-73.79489692684206,40.75661047327365]},"properties":{"tpcondition":"Good","stumpdiameter":null,"riskratingdate":"2019-11-27 18:21:03.0000000","riskrating":"3","objectid":"10138070","globalid":"A05AAE8F-B623-4E03-9282-72396832BB80","tpstructure":"Full","plantingspaceglobalid":"C7E2E507-4522-4BCF-89C3-4F475CBAB562","createddate":"2019-11-27 18:19:00.0000000","dbh":"6","planteddate":null,"updateddate":"2019-11-27 18:21:03.0000000","geometry":"POINT(-73.79489692684206 40.75661047327365)","genusspecies":"Prunus serrulata 'Green leaf' - 'Green leaf' Japanese flowering cherry"}},{"type":"Feature","geometry":{"type":"Point","coordinates":[-73.79563144300391,40.75013501516728]},"properties":{"tpcondition":"Dead","stumpdiameter":null,"riskratingdate":"2020-12-12 13:41:00.0000000","riskrating":"7","objectid":"10138071","globalid":"9E965C12-3A5A-4218-88AD-46D329A8183B","tpstructure":"Shaft","plantingspaceglobalid":"63A619E0-DBE3-4BF7-A455-1EC8438EA6A3","createddate":"2019-11-27 19:02:00.0000000","dbh":"21","planteddate":null,"updateddate":"2024-08-22 01:39:10.0000000","geometry":"POINT(-73.79563144300391 40.75013501516728)","genusspecies":"Acer platanoides - Norway maple"}},{"type":"Feature","geometry":{"type":"Point","coordinates":[-73.79554509271411,40.75006886772027]},"properties":{"tpcondition":"Good","stumpdiameter":null,"riskratingdate":"2019-11-27 19:06:22.0000000","riskrating":"5","objectid":"10138072","globalid":"D705D2E1-BAE1-45CC-A5B1-734E63C04F67","tpstructure":"Full","plantingspaceglobalid":"176574CF-8CA8-4C58-8576-D0ACB6BEE7E1","createddate":"2019-11-27 19:05:00.0000000","dbh":"10","planteddate":null,"updateddate":"2019-11-27 19:06:21.0000000","geometry":"POINT(-73.79554509271411 40.75006886772027)","genusspecies":"Tilia tomentosa - silver linden"}},{"type":"Feature","geometry":{"type":"Point","coordinates":[-73.95626731781684,40.77718003825639]},"properties":{"tpcondition":"Good","stumpdiameter":null,"riskratingdate":"2019-11-27 19:09:24.0000000","riskrating":"5","objectid":"10138073","globalid":"E78E5A1E-D15B-4CA2-AE11-B2785E227AB8","tpstructure":"Full","plantingspaceglobalid":"2273AEE9-1C1B-404C-A353-54EA16C37EBF","createddate":"2019-11-27 19:08:00.0000000","dbh":"2","planteddate":null,"updateddate":"2019-11-27 19:09:24.0000000","geometry":"POINT(-73.95626731781684 40.77718003825639)","genusspecies":"Gleditsia triacanthos var. inermis - Thornless honeylocust"}},{"type":"Feature","geometry":{"type":"Point","coordinates":[-73.79512952305664,40.749762438502636]},"properties":{"tpcondition":"Fair","stumpdiameter":null,"riskratingdate":"2019-11-27 19:22:44.0000000","riskrating":"6","objectid":"10138074","globalid":"72563135-53D1-433B-86FF-1D619BC8A816","tpstructure":"Full","plantingspaceglobalid":"BD9C0F33-320C-4A10-B14C-A6EA377E2977","createddate":"2019-11-27 19:11:00.0000000","dbh":"27","planteddate":null,"updateddate":"2019-11-27 19:22:43.0000000","geometry":"POINT(-73.79512952305664 40.749762438502636)","genusspecies":"Quercus palustris - pin oak"}},{"type":"Feature","geometry":{"type":"Point","coordinates":[-73.82369991865734,40.8354503965272]},"properties":{"tpcondition":"Dead","stumpdiameter":null,"riskratingdate":"2019-11-27 19:13:58.0000000","riskrating":"5","objectid":"10138075","globalid":"08C99928-8F33-4CAC-B8D5-68EDE9EB3C51","tpstructure":"Shaft","plantingspaceglobalid":"62CFE5DE-5952-44B8-AD06-52C4A73F65D4","createddate":"2019-11-27 19:11:00.0000000","dbh":"5","planteddate":null,"updateddate":"2019-11-27 19:13:58.0000000","geometry":"POINT(-73.82369991865734 40.8354503965272)","genusspecies":"Unknown - Unknown"}},{"type":"Feature","geometry":{"type":"Point","coordinates":[-74.09848441574265,40.59590262750113]},"properties":{"tpcondition":"Excellent","stumpdiameter":null,"riskratingdate":null,"riskrating":null,"objectid":"10138076","globalid":"FDC491EA-66BA-4845-A43D-D82699042BC1","tpstructure":"Full","plantingspaceglobalid":"3E2C1D12-6EF7-477E-B87B-A2B04F059AA2","createddate":"2019-11-27 19:16:00.0000000","dbh":"2","planteddate":"2019-06-27 04:00:00.0000000","updateddate":null,"geometry":"POINT(-74.09848441574265 40.59590262750113)","genusspecies":"Acer rubrum 'Red Sunset' - 'Red Sunset' Red maple"}},{"type":"Feature","geometry":{"type":"Point","coordinates":[-74.24230990780538,40.50094374475446]},"properties":{"tpcondition":"Excellent","stumpdiameter":null,"riskratingdate":null,"riskrating":null,"objectid":"10138077","globalid":"73DFD57F-A0B2-4487-B68D-F2C0CD5F494E","tpstructure":"Full","plantingspaceglobalid":"E98A049E-802A-413F-8098-16DA0EA4A332","createddate":"2019-11-27 19:22:00.0000000","dbh":"2","planteddate":"2019-06-19 04:00:00.0000000","updateddate":null,"geometry":"POINT(-74.24230990780538 40.50094374475446)","genusspecies":"Acer griseum - paperbark maple"}},{"type":"Feature","geometry":{"type":"Point","coordinates":[-73.81346600877427,40.759337935985144]},"properties":{"tpcondition":"Fair","stumpdiameter":null,"riskratingdate":"2019-11-27 19:45:35.0000000","riskrating":"5","objectid":"10138078","globalid":"72CD0F8C-5803-471D-ACC5-456614832A6F","tpstructure":"Full","plantingspaceglobalid":"34422E72-17FA-4D57-B437-39242FB9EA51","createddate":"2019-11-27 19:43:00.0000000","dbh":"10","planteddate":null,"updateddate":"2019-11-27 19:45:35.0000000","geometry":"POINT(-73.81346600877427 40.759337935985144)","genusspecies":"Pyrus calleryana - Callery pear"}},{"type":"Feature","geometry":{"type":"Point","coordinates":[-74.23844682177057,40.500983528348165]},"properties":{"tpcondition":"Excellent","stumpdiameter":null,"riskratingdate":null,"riskrating":null,"objectid":"10138079","globalid":"7BB23612-F53E-4670-B06F-3ACAAAC20A02","tpstructure":"Full","plantingspaceglobalid":"03C164BF-91F0-4B55-B691-9FD9EB0ECEFF","createddate":"2019-11-27 19:51:00.0000000","dbh":"2","planteddate":"2019-06-19 04:00:00.0000000","updateddate":null,"geometry":"POINT(-74.23844682177057 40.500983528348165)","genusspecies":"Malus 'Donald Wyman' - 'Donald Wyman' Crabapple"}},{"type":"Feature","geometry":{"type":"Point","coordinates":[-74.1569975203893,40.54709181397484]},"properties":{"tpcondition":"Excellent","stumpdiameter":null,"riskratingdate":null,"riskrating":null,"objectid":"10138080","globalid":"AF043780-8E69-43A0-A13F-06B250BB7389","tpstructure":"Full","plantingspaceglobalid":"BB5CC3EC-3B8E-495E-894E-E5694A3B3B9E","createddate":"2019-11-27 19:55:00.0000000","dbh":"2","planteddate":"2019-06-20 04:00:00.0000000","updateddate":"2019-11-27 20:15:00.0000000","geometry":"POINT(-74.1569975203893 40.54709181397484)","genusspecies":"Cornus mas - Cornelian cherry"}},{"type":"Feature","geometry":{"type":"Point","coordinates":[-73.81456668723008,40.759465279555]},"properties":{"tpcondition":"Fair","stumpdiameter":null,"riskratingdate":"2019-11-27 20:05:29.0000000","riskrating":"5","objectid":"10138081","globalid":"4948DA87-660B-4CC4-80F9-85D6B0FC3917","tpstructure":"Full","plantingspaceglobalid":"42FDF8AD-E9A9-4025-8E3E-AAD515BAA161","createddate":"2019-11-27 20:03:00.0000000","dbh":"12","planteddate":null,"updateddate":"2019-11-27 20:05:29.0000000","geometry":"POINT(-73.81456668723008 40.759465279555)","genusspecies":"Acer platanoides - Norway maple"}},{"type":"Feature","geometry":{"type":"Point","coordinates":[-73.95345207776333,40.77608969959244]},"properties":{"tpcondition":"Good","stumpdiameter":null,"riskratingdate":"2019-11-27 20:10:53.0000000","riskrating":"6","objectid":"10138082","globalid":"46ED738B-C5DD-4C9E-92E4-C4F12A9C3958","tpstructure":"Full","plantingspaceglobalid":"9633C6E4-1C43-438C-99A4-9272376960D2","createddate":"2019-11-27 20:09:00.0000000","dbh":"4","planteddate":null,"updateddate":"2019-11-27 20:10:53.0000000","geometry":"POINT(-73.95345207776333 40.77608969959244)","genusspecies":"Quercus rubra - northern red oak"}},{"type":"Feature","geometry":{"type":"Point","coordinates":[-73.95337609239579,40.776064055897045]},"properties":{"tpcondition":"Good","stumpdiameter":null,"riskratingdate":"2019-11-27 20:12:17.0000000","riskrating":"6","objectid":"10138083","globalid":"30C7C18A-1FAA-41E7-8859-97311C0FFDE4","tpstructure":"Full","plantingspaceglobalid":"C46A3F4A-D02C-4462-987D-68B9DEAD00F2","createddate":"2019-11-27 20:11:00.0000000","dbh":"4","planteddate":null,"updateddate":"2019-11-27 20:12:17.0000000","geometry":"POINT(-73.95337609239579 40.776064055897045)","genusspecies":"Quercus rubra - northern red oak"}},{"type":"Feature","geometry":{"type":"Point","coordinates":[-74.10270722744487,40.57822066971775]},"properties":{"tpcondition":"Excellent","stumpdiameter":null,"riskratingdate":"2022-02-10 16:32:40.0000000","riskrating":"3","objectid":"10138084","globalid":"7C5A5F75-EEF7-4B36-ADB2-46F6D02438E8","tpstructure":"Full","plantingspaceglobalid":"DB0A5C68-B6E3-4AF7-A250-A2C1E579FBE6","createddate":"2019-11-27 20:22:00.0000000","dbh":"3","planteddate":"2019-06-24 04:00:00.0000000","updateddate":"2022-02-10 16:32:40.0000000","geometry":"POINT(-74.10270722744487 40.57822066971775)","genusspecies":"Parrotia persica 'Ruby Vase' - 'Ruby Vase' Persian ironwood"}},{"type":"Feature","geometry":{"type":"Point","coordinates":[-74.10278335981666,40.57826026520537]},"properties":{"tpcondition":"Excellent","stumpdiameter":null,"riskratingdate":"2022-02-10 16:32:23.0000000","riskrating":"3","objectid":"10138085","globalid":"0BBD3F6E-2EB5-4AF9-9B51-CE8F9008204A","tpstructure":"Full","plantingspaceglobalid":"EC0E18C9-107D-4D6C-AB66-58C98F58F078","createddate":"2019-11-27 20:24:00.0000000","dbh":"3","planteddate":"2019-06-24 04:00:00.0000000","updateddate":"2022-02-10 16:32:23.0000000","geometry":"POINT(-74.10278335981666 40.57826026520537)","genusspecies":"Parrotia persica 'Ruby Vase' - 'Ruby Vase' Persian ironwood"}},{"type":"Feature","geometry":{"type":"Point","coordinates":[-73.81472442013319,40.75046557094142]},"properties":{"tpcondition":"Dead","stumpdiameter":"9","riskratingdate":"2023-03-12 18:53:00.0000000","riskrating":"9","objectid":"10138086","globalid":"5FD75F74-64FB-4F7A-8BD5-F9DE7A7C991C","tpstructure":"Stump","plantingspaceglobalid":"8CC68E5C-56A2-4605-84EC-05E18C6973BB","createddate":"2019-11-27 21:25:00.0000000","dbh":null,"planteddate":null,"updateddate":"2024-08-01 21:04:14.0000000","geometry":"POINT(-73.81472442013319 40.75046557094142)","genusspecies":"Cercis canadensis - eastern redbud"}},{"type":"Feature","geometry":{"type":"Point","coordinates":[-73.8148160780672,40.750545277307715]},"properties":{"tpcondition":"Good","stumpdiameter":null,"riskratingdate":"2020-06-29 18:29:33.0000000","riskrating":"3","objectid":"10138087","globalid":"A50BE69B-553F-4915-A53C-BE58D74C6292","tpstructure":"Full","plantingspaceglobalid":"B70BD0B8-5E5D-4636-9F37-61EABDBF6C34","createddate":"2019-11-27 21:28:00.0000000","dbh":"11","planteddate":null,"updateddate":"2020-06-29 18:29:33.0000000","geometry":"POINT(-73.8148160780672 40.750545277307715)","genusspecies":"Quercus - Oak"}},{"type":"Feature","geometry":{"type":"Point","coordinates":[-73.94130190901026,40.65377389716887]},"properties":{"tpcondition":"Fair","stumpdiameter":null,"riskratingdate":"2022-08-30 14:35:56.0000000","riskrating":"6","objectid":"10138473","globalid":"A0E6FEEF-89C3-4A78-9663-3AFD5616004C","tpstructure":"Full","plantingspaceglobalid":"9FDD640B-1641-48C6-B537-C4BB93D4DE0A","createddate":"2019-11-27 17:08:00.0000000","dbh":"5","planteddate":null,"updateddate":"2022-08-30 14:35:56.0000000","geometry":"POINT(-73.94130190901026 40.65377389716887)","genusspecies":"Crataegus - Hawthorn"}},{"type":"Feature","geometry":{"type":"Point","coordinates":[-73.94044644686134,40.654555970232074]},"properties":{"tpcondition":"Fair","stumpdiameter":null,"riskratingdate":"2019-11-27 17:29:55.0000000","riskrating":"7","objectid":"10138474","globalid":"DBFFD1B3-683A-4AD9-9128-3074F0D5BD73","tpstructure":"Full","plantingspaceglobalid":"F3DC6AD3-65E9-47EE-AF8F-25CF13EE2920","createddate":"2019-11-27 17:29:00.0000000","dbh":"23","planteddate":null,"updateddate":"2019-11-27 17:29:55.0000000","geometry":"POINT(-73.94044644686134 40.654555970232074)","genusspecies":"Platanus x acerifolia - London planetree"}},{"type":"Feature","geometry":{"type":"Point","coordinates":[-73.95364894007932,40.81959334581601]},"properties":{"tpcondition":"Good","stumpdiameter":null,"riskratingdate":"2019-11-27 17:43:56.0000000","riskrating":"5","objectid":"10138475","globalid":"622AA00F-8934-472A-9727-B64B94361CC9","tpstructure":"Full","plantingspaceglobalid":"9B94063A-39FC-46F2-A5C4-F0D69AD2C3F1","createddate":"2019-11-27 17:43:00.0000000","dbh":"8","planteddate":null,"updateddate":"2019-11-27 17:43:56.0000000","geometry":"POINT(-73.95364894007932 40.81959334581601)","genusspecies":"Pyrus calleryana - Callery pear"}},{"type":"Feature","geometry":{"type":"Point","coordinates":[-73.79484911480178,40.75604917598565]},"properties":{"tpcondition":"Fair","stumpdiameter":null,"riskratingdate":"2019-11-27 17:57:07.0000000","riskrating":"6","objectid":"10138476","globalid":"7DA649EA-8D9C-484C-8A38-04C696FF8C4D","tpstructure":"Full","plantingspaceglobalid":"2C441180-50C1-4B07-B15D-7EE7FC50BFCF","createddate":"2019-11-27 17:55:00.0000000","dbh":"12","planteddate":null,"updateddate":"2019-11-27 17:57:07.0000000","geometry":"POINT(-73.79484911480178 40.75604917598565)","genusspecies":"Acer ginnala - Amur maple"}},{"type":"Feature","geometry":{"type":"Point","coordinates":[-73.8927758764568,40.83288475439772]},"properties":{"tpcondition":"Excellent","stumpdiameter":"3","riskratingdate":"2019-11-27 17:58:00.0000000","riskrating":"3","objectid":"10138477","globalid":"3B320133-804F-4A0B-A4A9-88278656D51D","tpstructure":"Full","plantingspaceglobalid":"CC2AD0AA-F9AE-4465-B50B-A67B24AF8063","createddate":"2019-11-27 17:58:00.0000000","dbh":"3","planteddate":"2021-04-07 04:00:00.0000000","updateddate":"2021-04-08 19:52:00.0000000","geometry":"POINT(-73.8927758764568 40.83288475439772)","genusspecies":"Gymnocladus dioicus 'Espresso' - 'Espresso' Kentucky coffee tree"}},{"type":"Feature","geometry":{"type":"Point","coordinates":[-73.79489345660858,40.75649954249307]},"properties":{"tpcondition":"Fair","stumpdiameter":null,"riskratingdate":"2025-11-04 14:52:05.0000000","riskrating":"8","objectid":"10138479","globalid":"87BFC763-FAEE-4E8D-8D40-403042DE8DEC","tpstructure":"Full","plantingspaceglobalid":"B1271A5F-4EC3-4E2A-A884-B8DB0875E035","createddate":"2019-11-27 18:16:00.0000000","dbh":"20","planteddate":null,"updateddate":"2025-11-04 14:52:05.0000000","geometry":"POINT(-73.79489345660858 40.75649954249307)","genusspecies":"Fraxinus pennsylvanica - Green ash"}},{"type":"Feature","geometry":{"type":"Point","coordinates":[-73.7949523671367,40.75716492962573]},"properties":{"tpcondition":"Good","stumpdiameter":null,"riskratingdate":"2019-11-27 18:25:29.0000000","riskrating":"5","objectid":"10138480","globalid":"659A5CF4-6A0C-4877-B492-F4D086C1796A","tpstructure":"Full","plantingspaceglobalid":"88CB699C-07FE-4802-BC5C-D64FDFDB4424","createddate":"2019-11-27 18:24:00.0000000","dbh":"13","planteddate":null,"updateddate":"2019-11-27 18:25:29.0000000","geometry":"POINT(-73.7949523671367 40.75716492962573)","genusspecies":"Acer ginnala - Amur maple"}},{"type":"Feature","geometry":{"type":"Point","coordinates":[-74.25086248881036,40.513121874566444]},"properties":{"tpcondition":"Excellent","stumpdiameter":null,"riskratingdate":null,"riskrating":null,"objectid":"10138481","globalid":"5AF07A73-9EB2-4D86-8B49-DB8F34C6F99D","tpstructure":"Full","plantingspaceglobalid":"444D62F7-C6E6-4793-A752-ED8AF88576BE","createddate":"2019-11-27 18:53:00.0000000","dbh":"2","planteddate":"2019-06-19 04:00:00.0000000","updateddate":null,"geometry":"POINT(-74.25086248881036 40.513121874566444)","genusspecies":"Acer griseum - paperbark maple"}},{"type":"Feature","geometry":{"type":"Point","coordinates":[-74.15884909439738,40.5458827458046]},"properties":{"tpcondition":"Excellent","stumpdiameter":null,"riskratingdate":null,"riskrating":null,"objectid":"10138482","globalid":"6BDF2BE0-6F91-4B4A-BA3C-713EFC8D884F","tpstructure":"Full","plantingspaceglobalid":"DCB3D9CF-15C7-4D4F-909A-70A3EBCA23BA","createddate":"2019-11-27 18:58:00.0000000","dbh":"2","planteddate":"2019-06-20 04:00:00.0000000","updateddate":null,"geometry":"POINT(-74.15884909439738 40.5458827458046)","genusspecies":"Maackia amurensis - Amur maackia"}},{"type":"Feature","geometry":{"type":"Point","coordinates":[-73.95686099032895,40.77742110469868]},"properties":{"tpcondition":"Good","stumpdiameter":null,"riskratingdate":"2023-04-21 14:47:34.0000000","riskrating":"5","objectid":"10138483","globalid":"AB07E657-5670-4275-871C-4F1EB03E3A5A","tpstructure":"Full","plantingspaceglobalid":"24166608-F6F3-407E-BBC7-BDE7EF576CE8","createddate":"2019-11-27 18:59:00.0000000","dbh":"13","planteddate":null,"updateddate":"2023-04-21 14:47:34.0000000","geometry":"POINT(-73.95686099032895 40.77742110469868)","genusspecies":"Zelkova serrata - Japanese zelkova"}},{"type":"Feature","geometry":{"type":"Point","coordinates":[-74.1632957640108,40.5361093892356]},"properties":{"tpcondition":"Excellent","stumpdiameter":null,"riskratingdate":null,"riskrating":null,"objectid":"10138484","globalid":"5240BD99-A0AE-4747-A381-DC1E18926EBB","tpstructure":"Full","plantingspaceglobalid":"DB966FA1-684B-4FA6-AF60-946BE522E99A","createddate":"2019-11-27 19:12:00.0000000","dbh":"2","planteddate":"2019-06-14 04:00:00.0000000","updateddate":null,"geometry":"POINT(-74.1632957640108 40.5361093892356)","genusspecies":"Platanus x acerifolia - London planetree"}},{"type":"Feature","geometry":{"type":"Point","coordinates":[-74.12608264646859,40.60105897740156]},"properties":{"tpcondition":"Excellent","stumpdiameter":null,"riskratingdate":null,"riskrating":null,"objectid":"10138485","globalid":"7983F621-8D84-4BE0-85E6-82FC0449117B","tpstructure":"Retired","plantingspaceglobalid":"26337F85-44E4-4A4E-A86F-1807261688AD","createddate":"2019-11-27 19:19:00.0000000","dbh":"2","planteddate":"2019-06-27 04:00:00.0000000","updateddate":"2024-05-28 14:36:56.0000000","geometry":"POINT(-74.12608264646859 40.60105897740156)","genusspecies":"Cornus mas - Cornelian cherry"}},{"type":"Feature","geometry":{"type":"Point","coordinates":[-73.81360674686981,40.750687698466024]},"properties":{"tpcondition":"Good","stumpdiameter":null,"riskratingdate":"2019-11-27 19:44:45.0000000","riskrating":"6","objectid":"10138486","globalid":"6422E0D4-C90F-404F-A309-8B715B0849BD","tpstructure":"Full","plantingspaceglobalid":"E654A439-713C-4F82-8FCD-04EF35D76EC6","createddate":"2019-11-27 19:43:00.0000000","dbh":"11","planteddate":null,"updateddate":"2019-11-27 19:44:45.0000000","geometry":"POINT(-73.81360674686981 40.750687698466024)","genusspecies":"Prunus serrulata - Japanese flowering cherry"}},{"type":"Feature","geometry":{"type":"Point","coordinates":[-73.81348106095493,40.75938498822013]},"properties":{"tpcondition":"Fair","stumpdiameter":null,"riskratingdate":"2019-11-27 19:47:46.0000000","riskrating":"5","objectid":"10138487","globalid":"DDE49A9C-BD66-4397-A779-857218793C14","tpstructure":"Full","plantingspaceglobalid":"78F5D5E6-C22A-40C1-A3B4-4754050E392B","createddate":"2019-11-27 19:46:00.0000000","dbh":"9","planteddate":null,"updateddate":"2019-11-27 19:47:46.0000000","geometry":"POINT(-73.81348106095493 40.75938498822013)","genusspecies":"Pyrus calleryana - Callery pear"}},{"type":"Feature","geometry":{"type":"Point","coordinates":[-74.10450387169217,40.60456244168165]},"properties":{"tpcondition":"Excellent","stumpdiameter":null,"riskratingdate":null,"riskrating":null,"objectid":"10138488","globalid":"CBDAF2E7-C847-4610-888E-A07BF3A0B1C0","tpstructure":"Full","plantingspaceglobalid":"FDFBEF00-9DC6-44FA-9249-461B9C4E5301","createddate":"2019-11-27 19:46:00.0000000","dbh":"2","planteddate":"2019-06-21 04:00:00.0000000","updateddate":null,"geometry":"POINT(-74.10450387169217 40.60456244168165)","genusspecies":"Quercus rubra - northern red oak"}},{"type":"Feature","geometry":{"type":"Point","coordinates":[-73.81342365311079,40.75926112189157]},"properties":{"tpcondition":"Good","stumpdiameter":null,"riskratingdate":"2025-10-10 14:06:03.0000000","riskrating":"3","objectid":"10138489","globalid":"27E9773F-6362-47EB-8CAE-6D435A4CDFDE","tpstructure":"Full","plantingspaceglobalid":"69D0F487-93BD-4E6B-BBE2-635D90264B70","createddate":"2019-11-27 19:49:00.0000000","dbh":"8","planteddate":null,"updateddate":"2025-10-10 14:06:03.0000000","geometry":"POINT(-73.81342365311079 40.75926112189157)","genusspecies":"Pyrus calleryana - Callery pear"}},{"type":"Feature","geometry":{"type":"Point","coordinates":[-73.81336867299974,40.75914207878893]},"properties":{"tpcondition":"Good","stumpdiameter":null,"riskratingdate":"2025-10-10 14:19:41.0000000","riskrating":"3","objectid":"10138490","globalid":"B7EF29F3-EE76-4C65-B07C-ED1D5B1A0B60","tpstructure":"Full","plantingspaceglobalid":"44246AFE-BD60-4FB6-8FD9-0DB4B3F6C285","createddate":"2019-11-27 19:52:00.0000000","dbh":"12","planteddate":null,"updateddate":"2025-10-10 14:19:41.0000000","geometry":"POINT(-73.81336867299974 40.75914207878893)","genusspecies":"Acer platanoides - Norway maple"}},{"type":"Feature","geometry":{"type":"Point","coordinates":[-74.10251072295783,40.56302593110583]},"properties":{"tpcondition":"Good","stumpdiameter":null,"riskratingdate":"2025-05-22 14:42:44.0000000","riskrating":"3","objectid":"10138491","globalid":"4E469F97-3D31-4C5A-B1ED-83B15BD026E6","tpstructure":"Full","plantingspaceglobalid":"EB510F7B-7DC0-4F8E-B873-DAAF1E682FA5","createddate":"2019-11-27 19:53:00.0000000","dbh":"4","planteddate":"2019-11-26 05:00:00.0000000","updateddate":"2025-05-22 14:42:44.0000000","geometry":"POINT(-74.10251072295783 40.56302593110583)","genusspecies":"Quercus bicolor - swamp white oak"}},{"type":"Feature","geometry":{"type":"Point","coordinates":[-74.16236515344471,40.53878604184908]},"properties":{"tpcondition":"Fair","stumpdiameter":null,"riskratingdate":"2021-12-28 16:43:06.0000000","riskrating":"4","objectid":"10138492","globalid":"E42A4ED1-85CB-49F0-B48E-B750028E64B3","tpstructure":"Full","plantingspaceglobalid":"B968749C-C38E-4501-89EF-AFDD8CF2125C","createddate":"2019-11-27 19:54:00.0000000","dbh":"2","planteddate":"2019-11-26 05:00:00.0000000","updateddate":"2021-12-28 16:43:06.0000000","geometry":"POINT(-74.16236515344471 40.53878604184908)","genusspecies":"Quercus bicolor - swamp white oak"}},{"type":"Feature","geometry":{"type":"Point","coordinates":[-74.10389816321931,40.57884299779767]},"properties":{"tpcondition":"Dead","stumpdiameter":null,"riskratingdate":"2023-09-11 12:44:00.0000000","riskrating":"5","objectid":"10138493","globalid":"89F0B8B2-B36D-4519-A513-486BAAA5B667","tpstructure":"Retired","plantingspaceglobalid":"7CAD0AF1-3A6D-4AFE-90D7-A8821D69F75F","createddate":"2019-11-27 20:26:00.0000000","dbh":"3","planteddate":null,"updateddate":"2024-01-18 18:53:00.0000000","geometry":"POINT(-74.10389816321931 40.57884299779767)","genusspecies":"Parrotia persica - Persian ironwood"}},{"type":"Feature","geometry":{"type":"Point","coordinates":[-74.10352129900923,40.57864081428928]},"properties":{"tpcondition":"Excellent","stumpdiameter":null,"riskratingdate":"2022-02-10 16:28:37.0000000","riskrating":"3","objectid":"10138494","globalid":"CE6592CB-AFF2-4A94-9989-0096830AB4D0","tpstructure":"Full","plantingspaceglobalid":"7CF7F360-34E0-41C1-A031-7D94A486E9B2","createddate":"2019-11-27 20:27:00.0000000","dbh":"3","planteddate":"2019-06-24 04:00:00.0000000","updateddate":"2022-02-10 16:28:37.0000000","geometry":"POINT(-74.10352129900923 40.57864081428928)","genusspecies":"Betula nigra 'Heritage' - 'Heritage' River birch"}},{"type":"Feature","geometry":{"type":"Point","coordinates":[-74.10339307685793,40.57857659839176]},"properties":{"tpcondition":"Excellent","stumpdiameter":null,"riskratingdate":"2022-02-10 16:28:59.0000000","riskrating":"3","objectid":"10138495","globalid":"2A139827-F0AF-4F6E-96A6-5E266D98CD4E","tpstructure":"Full","plantingspaceglobalid":"3038CF49-D0F3-44BF-A71D-36DDF042BA79","createddate":"2019-11-27 20:39:00.0000000","dbh":"3","planteddate":"2019-06-24 04:00:00.0000000","updateddate":"2022-02-10 16:28:59.0000000","geometry":"POINT(-74.10339307685793 40.57857659839176)","genusspecies":"Betula nigra - river birch"}},{"type":"Feature","geometry":{"type":"Point","coordinates":[-73.94126878137824,40.65344700240829]},"properties":{"tpcondition":"Good","stumpdiameter":null,"riskratingdate":"2019-11-27 17:12:26.0000000","riskrating":"5","objectid":"10138884","globalid":"1DB8DCF3-3B7C-4302-89FD-BDD4076413F0","tpstructure":"Full","plantingspaceglobalid":"9C1E3F7E-E7C0-4B75-8195-F7F0399A23EA","createddate":"2019-11-27 17:11:00.0000000","dbh":"5","planteddate":null,"updateddate":"2019-11-27 17:12:26.0000000","geometry":"POINT(-73.94126878137824 40.65344700240829)","genusspecies":"Carpinus betulus - European hornbeam"}},{"type":"Feature","geometry":{"type":"Point","coordinates":[-74.06636466993733,40.61300531780673]},"properties":{"tpcondition":"Fair","stumpdiameter":null,"riskratingdate":"2022-01-20 15:04:17.0000000","riskrating":"3","objectid":"10138885","globalid":"41D6A4C3-C016-4FAC-B203-B97229EF287B","tpstructure":"Full","plantingspaceglobalid":"681B4B1E-BF9C-4E7D-B421-E39B63555BC4","createddate":"2019-11-27 19:35:00.0000000","dbh":"3","planteddate":"2019-06-26 04:00:00.0000000","updateddate":"2022-01-20 15:04:17.0000000","geometry":"POINT(-74.06636466993733 40.61300531780673)","genusspecies":"Quercus nuttallii - Nuttall oak"}},{"type":"Feature","geometry":{"type":"Point","coordinates":[-73.79493072469869,40.75694807167211]},"properties":{"tpcondition":"Good","stumpdiameter":null,"riskratingdate":"2019-11-27 18:23:26.0000000","riskrating":"5","objectid":"10139429","globalid":"0BA3E6DF-F2DF-4D93-B008-DFB707D60E5B","tpstructure":"Full","plantingspaceglobalid":"E03FA69D-E602-4F62-8833-B802FC706487","createddate":"2019-11-27 18:22:00.0000000","dbh":"10","planteddate":null,"updateddate":"2019-11-27 18:23:26.0000000","geometry":"POINT(-73.79493072469869 40.75694807167211)","genusspecies":"Ginkgo biloba - maidenhair tree"}},{"type":"Feature","geometry":{"type":"Point","coordinates":[-73.94097739253561,40.80913564424027]},"properties":{"tpcondition":"Good","stumpdiameter":null,"riskratingdate":"2025-01-07 15:46:58.0000000","riskrating":"5","objectid":"10139431","globalid":"9B2120DD-396A-489D-BF4C-5A77818A8C28","tpstructure":"Full","plantingspaceglobalid":"98DB1919-9BFF-4934-B03C-32B69BADD161","createddate":"2019-11-27 20:07:00.0000000","dbh":"7","planteddate":null,"updateddate":"2025-01-07 15:46:58.0000000","geometry":"POINT(-73.94097739253561 40.80913564424027)","genusspecies":"Quercus acutissima - sawtooth oak"}},{"type":"Feature","geometry":{"type":"Point","coordinates":[-74.1589805749529,40.54878335857075]},"properties":{"tpcondition":"Excellent","stumpdiameter":null,"riskratingdate":null,"riskrating":null,"objectid":"10139980","globalid":"3914A95D-589A-407F-AAC1-20C172D50807","tpstructure":"Full","plantingspaceglobalid":"98AE8FD0-C886-4D1F-865F-6BBBB3030225","createddate":"2019-11-27 19:29:00.0000000","dbh":"2","planteddate":"2019-06-20 04:00:00.0000000","updateddate":null,"geometry":"POINT(-74.1589805749529 40.54878335857075)","genusspecies":"Acer griseum - paperbark maple"}},{"type":"Feature","geometry":{"type":"Point","coordinates":[-73.89813718735982,40.669155567767746]},"properties":{"tpcondition":"Excellent","stumpdiameter":null,"riskratingdate":"2024-08-30 18:08:18.0000000","riskrating":"4","objectid":"10140521","globalid":"F943DD09-78CC-4FC9-9EB8-9D720C3E0943","tpstructure":"Full","plantingspaceglobalid":"66876969-FCF8-4E0E-B325-8CB4F5C3F831","createddate":"2019-11-29 11:52:00.0000000","dbh":"4","planteddate":"2019-11-27 05:00:00.0000000","updateddate":"2024-08-30 18:08:18.0000000","geometry":"POINT(-73.89813718735982 40.669155567767746)","genusspecies":"Ulmus propinqua 'Emerald Sunshine' - 'Emerald Sunshine' Elm"}},{"type":"Feature","geometry":{"type":"Point","coordinates":[-73.89175697918432,40.65784097060046]},"properties":{"tpcondition":"Excellent","stumpdiameter":null,"riskratingdate":null,"riskrating":null,"objectid":"10140522","globalid":"B9D14365-C67F-4A6F-AE67-0F7221193054","tpstructure":"Full","plantingspaceglobalid":"4B980F10-43C8-4951-BC90-56C41791AB99","createddate":"2019-11-29 11:56:00.0000000","dbh":"3","planteddate":"2019-11-27 05:00:00.0000000","updateddate":null,"geometry":"POINT(-73.89175697918432 40.65784097060046)","genusspecies":"Zelkova serrata 'Green Vase' - 'Green Vase' Zelkova"}},{"type":"Feature","geometry":{"type":"Point","coordinates":[-73.88909212339111,40.65347970290856]},"properties":{"tpcondition":"Excellent","stumpdiameter":null,"riskratingdate":null,"riskrating":null,"objectid":"10140523","globalid":"CD4A1220-C553-4195-9600-C38FBA256602","tpstructure":"Retired","plantingspaceglobalid":"E64B4DA9-794D-4404-A28D-4946BF0F0FD0","createddate":"2019-11-29 11:57:00.0000000","dbh":"3","planteddate":"2019-11-27 05:00:00.0000000","updateddate":"2022-04-13 19:26:00.0000000","geometry":"POINT(-73.88909212339111 40.65347970290856)","genusspecies":"Syringa pekinensis 'China Snow' - 'China Snow' Peking lilac"}},{"type":"Feature","geometry":{"type":"Point","coordinates":[-73.8891124023963,40.653513079592635]},"properties":{"tpcondition":"Excellent","stumpdiameter":null,"riskratingdate":null,"riskrating":null,"objectid":"10140524","globalid":"7D55599E-AFA4-4D02-A752-59E0771E7D86","tpstructure":"Retired","plantingspaceglobalid":"F7E74744-1B8E-4EAD-97DC-64BA37F924E0","createddate":"2019-11-29 11:58:00.0000000","dbh":"3","planteddate":"2019-11-27 05:00:00.0000000","updateddate":"2022-04-13 19:26:00.0000000","geometry":"POINT(-73.8891124023963 40.653513079592635)","genusspecies":"Cercis canadensis - eastern redbud"}},{"type":"Feature","geometry":{"type":"Point","coordinates":[-73.88914519534637,40.653546467762986]},"properties":{"tpcondition":"Excellent","stumpdiameter":null,"riskratingdate":null,"riskrating":null,"objectid":"10140525","globalid":"E6F70E2F-BBAC-4DE9-9808-120FE00F95A9","tpstructure":"Full","plantingspaceglobalid":"162BE587-CCE2-438D-B439-5BEED10DD212","createddate":"2019-11-29 11:59:00.0000000","dbh":"3","planteddate":"2019-11-27 05:00:00.0000000","updateddate":null,"geometry":"POINT(-73.88914519534637 40.653546467762986)","genusspecies":"Styrax japonicus 'Emerald Pagoda' - 'Emerald Pagoda' Japanese snowbell"}},{"type":"Feature","geometry":{"type":"Point","coordinates":[-73.88923103869297,40.65365972477294]},"properties":{"tpcondition":"Excellent","stumpdiameter":null,"riskratingdate":null,"riskrating":null,"objectid":"10140526","globalid":"15F421B2-6795-470F-94A6-502F6CCEA716","tpstructure":"Full","plantingspaceglobalid":"9BB7AACA-32BA-4E04-BDE7-5FB2710128E8","createddate":"2019-11-29 12:00:00.0000000","dbh":"3","planteddate":"2019-11-27 05:00:00.0000000","updateddate":null,"geometry":"POINT(-73.88923103869297 40.65365972477294)","genusspecies":"Syringa pekinensis 'China Snow' - 'China Snow' Peking lilac"}},{"type":"Feature","geometry":{"type":"Point","coordinates":[-73.88928096445953,40.65373720834517]},"properties":{"tpcondition":"Excellent","stumpdiameter":null,"riskratingdate":null,"riskrating":null,"objectid":"10140527","globalid":"2C365803-D5BA-484B-8FD2-A49B1FDF7323","tpstructure":"Full","plantingspaceglobalid":"59111FDE-77D5-45B3-ACC4-01048994CDC0","createddate":"2019-11-29 12:01:00.0000000","dbh":"3","planteddate":"2019-11-27 05:00:00.0000000","updateddate":null,"geometry":"POINT(-73.88928096445953 40.65373720834517)","genusspecies":"Styrax japonicus 'Emerald Pagoda' - 'Emerald Pagoda' Japanese snowbell"}},{"type":"Feature","geometry":{"type":"Point","coordinates":[-73.88933089109385,40.653814691323994]},"properties":{"tpcondition":"Excellent","stumpdiameter":null,"riskratingdate":null,"riskrating":null,"objectid":"10140528","globalid":"EC987E2D-B0EE-4E2E-9255-CDA940F63FA5","tpstructure":"Retired","plantingspaceglobalid":"3EC29EAB-6779-4C46-8358-38F2E6B2F973","createddate":"2019-11-29 12:02:00.0000000","dbh":"3","planteddate":"2019-11-27 05:00:00.0000000","updateddate":"2022-04-13 19:27:00.0000000","geometry":"POINT(-73.88933089109385 40.653814691323994)","genusspecies":"Syringa pekinensis 'China Snow' - 'China Snow' Peking lilac"}},{"type":"Feature","geometry":{"type":"Point","coordinates":[-73.88924245863669,40.65337620415922]},"properties":{"tpcondition":"Excellent","stumpdiameter":null,"riskratingdate":null,"riskrating":null,"objectid":"10140529","globalid":"A7F404BA-799C-4EDC-A5FE-DD990468375E","tpstructure":"Full","plantingspaceglobalid":"96F57C36-6383-4211-9AC4-69A16BF6C9FE","createddate":"2019-11-29 12:03:00.0000000","dbh":"3","planteddate":"2019-11-27 05:00:00.0000000","updateddate":null,"geometry":"POINT(-73.88924245863669 40.65337620415922)","genusspecies":"Ulmus 'Homestead' - 'Homestead' Elm"}},{"type":"Feature","geometry":{"type":"Point","coordinates":[-73.88932229832074,40.65333696770202]},"properties":{"tpcondition":"Excellent","stumpdiameter":null,"riskratingdate":null,"riskrating":null,"objectid":"10140530","globalid":"62993197-8A33-49DB-BD2F-F83BA6B7AF7E","tpstructure":"Full","plantingspaceglobalid":"DBC65B02-19FE-4266-838A-2611F888E1F3","createddate":"2019-11-29 12:04:00.0000000","dbh":"3","planteddate":"2019-11-27 05:00:00.0000000","updateddate":null,"geometry":"POINT(-73.88932229832074 40.65333696770202)","genusspecies":"Ulmus 'Homestead' - 'Homestead' Elm"}},{"type":"Feature","geometry":{"type":"Point","coordinates":[-73.89291156611333,40.661464287972706]},"properties":{"tpcondition":"Excellent","stumpdiameter":null,"riskratingdate":null,"riskrating":null,"objectid":"10140531","globalid":"430F1FAF-4D2D-4254-9D22-5E9FBE925812","tpstructure":"Full","plantingspaceglobalid":"2809D044-F0D5-460C-9165-86C45BC8C392","createddate":"2019-11-29 12:06:00.0000000","dbh":"3","planteddate":"2019-11-27 05:00:00.0000000","updateddate":null,"geometry":"POINT(-73.89291156611333 40.661464287972706)","genusspecies":"Ulmus propinqua 'Emerald Sunshine' - 'Emerald Sunshine' Elm"}},{"type":"Feature","geometry":{"type":"Point","coordinates":[-73.89599719495506,40.65988825112086]},"properties":{"tpcondition":"Excellent","stumpdiameter":null,"riskratingdate":null,"riskrating":null,"objectid":"10140532","globalid":"A5AC68AD-DC6F-4A19-AB9D-27A73E345BD6","tpstructure":"Full","plantingspaceglobalid":"5CF9A0BB-258A-4BB3-8373-6C5AB907FCE6","createddate":"2019-11-29 12:08:00.0000000","dbh":"3","planteddate":"2019-11-27 05:00:00.0000000","updateddate":null,"geometry":"POINT(-73.89599719495506 40.65988825112086)","genusspecies":"Syringa pekinensis 'China Snow' - 'China Snow' Peking lilac"}},{"type":"Feature","geometry":{"type":"Point","coordinates":[-73.89597191671103,40.660047268347554]},"properties":{"tpcondition":"Excellent","stumpdiameter":null,"riskratingdate":null,"riskrating":null,"objectid":"10140533","globalid":"C6A5EF92-25E8-41FD-9BCB-FA464CE78C5C","tpstructure":"Full","plantingspaceglobalid":"CDA2B698-DB9A-48CA-AB24-E5729E75038C","createddate":"2019-11-29 12:09:00.0000000","dbh":"3","planteddate":"2019-11-27 05:00:00.0000000","updateddate":null,"geometry":"POINT(-73.89597191671103 40.660047268347554)","genusspecies":"Aesculus sp. - Horsechestnut"}},{"type":"Feature","geometry":{"type":"Point","coordinates":[-73.89066784032622,40.65559040220067]},"properties":{"tpcondition":"Excellent","stumpdiameter":null,"riskratingdate":null,"riskrating":null,"objectid":"10140534","globalid":"5709F74E-3D63-42C6-B9EA-98968E8D390E","tpstructure":"Retired","plantingspaceglobalid":"CA879521-EBBC-4C71-808F-B6E39A987A80","createddate":"2019-11-29 12:17:00.0000000","dbh":"3","planteddate":"2019-11-27 05:00:00.0000000","updateddate":"2022-04-14 13:42:00.0000000","geometry":"POINT(-73.89066784032622 40.65559040220067)","genusspecies":"Syringa pekinensis 'China Snow' - 'China Snow' Peking lilac"}},{"type":"Feature","geometry":{"type":"Point","coordinates":[-73.89188071486359,40.65724250592564]},"properties":{"tpcondition":"Excellent","stumpdiameter":null,"riskratingdate":null,"riskrating":null,"objectid":"10140535","globalid":"0FC27DF7-4686-4C84-A2C4-F0885D9C4570","tpstructure":"Retired","plantingspaceglobalid":"8EBDB5B8-D482-4641-BACA-F71AD6CD54DF","createddate":"2019-11-29 12:18:00.0000000","dbh":"3","planteddate":"2019-11-27 05:00:00.0000000","updateddate":"2022-04-13 19:25:00.0000000","geometry":"POINT(-73.89188071486359 40.65724250592564)","genusspecies":"Koelreuteria paniculata - goldenrain tree"}},{"type":"Feature","geometry":{"type":"Point","coordinates":[-73.89183198227,40.65717494016804]},"properties":{"tpcondition":"Fair","stumpdiameter":null,"riskratingdate":"2020-03-20 15:30:00.0000000","riskrating":"6","objectid":"10140536","globalid":"F472754D-D8BA-4662-B672-18502277BD0A","tpstructure":"Retired","plantingspaceglobalid":"0831EEC2-7B9E-4CD4-A8A0-D3229EC1F767","createddate":"2019-11-29 12:18:00.0000000","dbh":"3","planteddate":"2019-11-27 05:00:00.0000000","updateddate":"2022-04-13 19:25:00.0000000","geometry":"POINT(-73.89183198227 40.65717494016804)","genusspecies":"Koelreuteria paniculata - goldenrain tree"}},{"type":"Feature","geometry":{"type":"Point","coordinates":[-73.89113129180441,40.65644609163428]},"properties":{"tpcondition":"Excellent","stumpdiameter":null,"riskratingdate":null,"riskrating":null,"objectid":"10140537","globalid":"A45B46FF-10AF-459A-9BE9-A3373A85D296","tpstructure":"Full","plantingspaceglobalid":"4AC9AC18-BC7A-4135-A854-C40E72192800","createddate":"2019-11-29 12:19:00.0000000","dbh":"3","planteddate":"2019-11-27 05:00:00.0000000","updateddate":null,"geometry":"POINT(-73.89113129180441 40.65644609163428)","genusspecies":"Ginkgo biloba 'Shangri La' - 'Shangri La' Ginkgo"}},{"type":"Feature","geometry":{"type":"Point","coordinates":[-73.89117810546563,40.65651642353623]},"properties":{"tpcondition":"Excellent","stumpdiameter":null,"riskratingdate":null,"riskrating":null,"objectid":"10140538","globalid":"C5783C52-F3ED-4812-9F46-77801E329208","tpstructure":"Full","plantingspaceglobalid":"2B4FDB7F-E3CE-4E09-B723-C8F746A01D52","createddate":"2019-11-29 12:20:00.0000000","dbh":"3","planteddate":"2019-11-27 05:00:00.0000000","updateddate":null,"geometry":"POINT(-73.89117810546563 40.65651642353623)","genusspecies":"Tilia tomentosa 'Sterling' - 'Sterling' Silver linden"}},{"type":"Feature","geometry":{"type":"Point","coordinates":[-73.89124992998617,40.65659750030483]},"properties":{"tpcondition":"Excellent","stumpdiameter":null,"riskratingdate":null,"riskrating":null,"objectid":"10140539","globalid":"17F60604-7AD6-4D34-AB89-013FBD3F885D","tpstructure":"Full","plantingspaceglobalid":"D5C2CA28-3265-40D8-9C80-99BA71369503","createddate":"2019-11-29 12:20:00.0000000","dbh":"3","planteddate":"2019-11-27 05:00:00.0000000","updateddate":null,"geometry":"POINT(-73.89124992998617 40.65659750030483)","genusspecies":"Ginkgo biloba 'Shangri La' - 'Shangri La' Ginkgo"}},{"type":"Feature","geometry":{"type":"Point","coordinates":[-73.89156832919093,40.65703620276691]},"properties":{"tpcondition":"Excellent","stumpdiameter":null,"riskratingdate":null,"riskrating":null,"objectid":"10140540","globalid":"6991B888-55E3-41F8-B8C2-1901EA7E12B9","tpstructure":"Retired","plantingspaceglobalid":"DDE2AAD6-CF3B-46A4-AE31-D5D9ABD37C1A","createddate":"2019-11-29 12:23:00.0000000","dbh":"3","planteddate":"2019-11-27 05:00:00.0000000","updateddate":"2022-04-14 13:33:00.0000000","geometry":"POINT(-73.89156832919093 40.65703620276691)","genusspecies":"Ginkgo biloba 'Shangri La' - 'Shangri La' Ginkgo"}},{"type":"Feature","geometry":{"type":"Point","coordinates":[-73.89171818207737,40.657232909836864]},"properties":{"tpcondition":"Excellent","stumpdiameter":null,"riskratingdate":null,"riskrating":null,"objectid":"10140541","globalid":"FE033566-EB4C-44E2-BBFC-2A3CC4D3B2B4","tpstructure":"Full","plantingspaceglobalid":"7B98B5F3-2017-4A44-AB95-19EF11C00546","createddate":"2019-11-29 12:25:00.0000000","dbh":"3","planteddate":"2019-11-27 05:00:00.0000000","updateddate":null,"geometry":"POINT(-73.89171818207737 40.657232909836864)","genusspecies":"Tilia tomentosa 'Sterling' - 'Sterling' Silver linden"}},{"type":"Feature","geometry":{"type":"Point","coordinates":[-73.89189144436449,40.65746418694688]},"properties":{"tpcondition":"Excellent","stumpdiameter":null,"riskratingdate":null,"riskrating":null,"objectid":"10140542","globalid":"B3209394-FB01-4247-B497-1A98B91C688E","tpstructure":"Retired","plantingspaceglobalid":"3C92EF60-2497-4264-A7EC-B6FD5CCCAD09","createddate":"2019-11-29 12:26:00.0000000","dbh":"3","planteddate":"2019-11-27 05:00:00.0000000","updateddate":"2022-04-14 13:08:00.0000000","geometry":"POINT(-73.89189144436449 40.65746418694688)","genusspecies":"Tilia tomentosa 'Sterling' - 'Sterling' Silver linden"}},{"type":"Feature","geometry":{"type":"Point","coordinates":[-73.89197416780611,40.657577438916995]},"properties":{"tpcondition":"Excellent","stumpdiameter":null,"riskratingdate":null,"riskrating":null,"objectid":"10140543","globalid":"9E959AF7-7603-456C-9098-30541905289C","tpstructure":"Retired","plantingspaceglobalid":"36813B7D-F20B-4CD0-A28E-990B82FFBC47","createddate":"2019-11-29 12:27:00.0000000","dbh":"3","planteddate":"2019-11-27 05:00:00.0000000","updateddate":"2022-04-14 13:27:00.0000000","geometry":"POINT(-73.89197416780611 40.657577438916995)","genusspecies":"Ginkgo biloba 'Shangri La' - 'Shangri La' Ginkgo"}},{"type":"Feature","geometry":{"type":"Point","coordinates":[-73.88917738676649,40.656904333626485]},"properties":{"tpcondition":"Excellent","stumpdiameter":null,"riskratingdate":null,"riskrating":null,"objectid":"10140544","globalid":"136942CA-9101-4C51-8359-A7BFC624A432","tpstructure":"Full","plantingspaceglobalid":"F5F46E71-25E3-4167-B720-F0070637FDC0","createddate":"2019-11-29 12:27:00.0000000","dbh":"3","planteddate":"2019-11-27 05:00:00.0000000","updateddate":null,"geometry":"POINT(-73.88917738676649 40.656904333626485)","genusspecies":"Ulmus 'Homestead' - 'Homestead' Elm"}},{"type":"Feature","geometry":{"type":"Point","coordinates":[-73.8895223284186,40.657366893748325]},"properties":{"tpcondition":"Poor","stumpdiameter":null,"riskratingdate":"2025-10-13 18:07:35.0000000","riskrating":"5","objectid":"10140545","globalid":"6A4774D2-E3B3-46E1-9A56-5D761EE6E916","tpstructure":"Full","plantingspaceglobalid":"6EF8A639-D849-4452-97BD-C742A17C26D9","createddate":"2019-11-29 12:28:00.0000000","dbh":"3","planteddate":"2019-11-27 05:00:00.0000000","updateddate":"2025-10-13 18:07:35.0000000","geometry":"POINT(-73.8895223284186 40.657366893748325)","genusspecies":"Ulmus propinqua 'Emerald Sunshine' - 'Emerald Sunshine' Elm"}},{"type":"Feature","geometry":{"type":"Point","coordinates":[-73.88930831414712,40.658385428926216]},"properties":{"tpcondition":"Excellent","stumpdiameter":null,"riskratingdate":null,"riskrating":null,"objectid":"10140546","globalid":"D02DF244-631C-4FDA-8330-855535497A35","tpstructure":"Full","plantingspaceglobalid":"8843C528-785B-4512-AE76-EBD849D68A1C","createddate":"2019-11-29 12:29:00.0000000","dbh":"3","planteddate":"2019-11-27 05:00:00.0000000","updateddate":null,"geometry":"POINT(-73.88930831414712 40.658385428926216)","genusspecies":"Eucommia ulmoides - Hardy Rubber Tree"}},{"type":"Feature","geometry":{"type":"Point","coordinates":[-73.88936849290248,40.65841407830602]},"properties":{"tpcondition":"Excellent","stumpdiameter":null,"riskratingdate":null,"riskrating":null,"objectid":"10140547","globalid":"070FB496-5705-4D2E-B39B-6CF9ED6575A2","tpstructure":"Full","plantingspaceglobalid":"AA9C4820-94CF-418D-9001-0448C3B99B89","createddate":"2019-11-29 12:29:00.0000000","dbh":"3","planteddate":"2019-11-27 05:00:00.0000000","updateddate":null,"geometry":"POINT(-73.88936849290248 40.65841407830602)","genusspecies":"Eucommia ulmoides - Hardy Rubber Tree"}},{"type":"Feature","geometry":{"type":"Point","coordinates":[-73.88884363975498,40.65748911636835]},"properties":{"tpcondition":"Excellent","stumpdiameter":null,"riskratingdate":null,"riskrating":null,"objectid":"10140548","globalid":"E9FE2541-A158-4D6E-BB20-1B44790FCB19","tpstructure":"Full","plantingspaceglobalid":"8BEEE3AA-D883-4FC1-884D-C80EEC84D282","createddate":"2019-11-29 12:30:00.0000000","dbh":"3","planteddate":"2019-11-27 05:00:00.0000000","updateddate":null,"geometry":"POINT(-73.88884363975498 40.65748911636835)","genusspecies":"Prunus virginiana 'Canada Red' - 'Canada Red' Chokecherry"}},{"type":"Feature","geometry":{"type":"Point","coordinates":[-73.89056197335934,40.65460137491695]},"properties":{"tpcondition":"Excellent","stumpdiameter":null,"riskratingdate":null,"riskrating":null,"objectid":"10140549","globalid":"226D79BF-C246-469D-9EA2-3A72EA26E6AA","tpstructure":"Full","plantingspaceglobalid":"9F766F11-7313-48B8-98BF-05175D46CD92","createddate":"2019-11-29 12:32:00.0000000","dbh":"3","planteddate":"2019-11-27 05:00:00.0000000","updateddate":null,"geometry":"POINT(-73.89056197335934 40.65460137491695)","genusspecies":"Prunus x yedoensis - Yoshino cherry"}},{"type":"Feature","geometry":{"type":"Point","coordinates":[-73.89904884435784,40.662007702232884]},"properties":{"tpcondition":"Excellent","stumpdiameter":null,"riskratingdate":null,"riskrating":null,"objectid":"10140550","globalid":"3B488F12-7960-4D26-96F3-181643CB4D9E","tpstructure":"Full","plantingspaceglobalid":"BC0FEDEB-F2A4-45FB-A2E5-7279117BF37A","createddate":"2019-11-29 12:35:00.0000000","dbh":"3","planteddate":"2019-11-27 05:00:00.0000000","updateddate":null,"geometry":"POINT(-73.89904884435784 40.662007702232884)","genusspecies":"Aesculus sp. - Horsechestnut"}},{"type":"Feature","geometry":{"type":"Point","coordinates":[-73.9535013713803,40.77599775706355]},"properties":{"tpcondition":"Good","stumpdiameter":null,"riskratingdate":"2022-10-26 16:54:17.0000000","riskrating":"5","objectid":"10140551","globalid":"5720FAC5-4B45-4B6E-ACD6-AB52319AFF0A","tpstructure":"Full","plantingspaceglobalid":"8C9DEE16-28F2-44D3-8DF9-BB42AB496627","createddate":"2019-11-29 13:20:00.0000000","dbh":"6","planteddate":null,"updateddate":"2022-10-26 16:54:17.0000000","geometry":"POINT(-73.9535013713803 40.77599775706355)","genusspecies":"Quercus palustris - pin oak"}},{"type":"Feature","geometry":{"type":"Point","coordinates":[-73.96266979422121,40.75478795457913]},"properties":{"tpcondition":"Fair","stumpdiameter":null,"riskratingdate":"2020-08-05 22:17:00.0000000","riskrating":"11","objectid":"10140552","globalid":"B5759FF8-C624-4C3A-8010-32E08408F747","tpstructure":"Retired","plantingspaceglobalid":"DC2ED419-5905-488B-8581-4448F2EB83FE","createddate":"2019-11-29 15:12:00.0000000","dbh":"35","planteddate":null,"updateddate":"2022-12-29 15:32:07.0000000","geometry":"POINT(-73.96266979422121 40.75478795457913)","genusspecies":"Morus - mulberry"}},{"type":"Feature","geometry":{"type":"Point","coordinates":[-73.9866936347972,40.699272477323014]},"properties":{"tpcondition":"Dead","stumpdiameter":"18","riskratingdate":"2019-11-29 16:44:00.0000000","riskrating":"8","objectid":"10140553","globalid":"F444265D-6A85-4D42-8D98-D7D447111F41","tpstructure":"Retired","plantingspaceglobalid":"70F351B0-353A-4918-A3A2-4A0F06FAF46C","createddate":"2019-11-29 16:41:00.0000000","dbh":"18","planteddate":null,"updateddate":"2020-02-19 16:08:00.0000000","geometry":"POINT(-73.9866936347972 40.699272477323014)","genusspecies":"Tilia americana - American basswood"}},{"type":"Feature","geometry":{"type":"Point","coordinates":[-73.88694719823764,40.65341434789956]},"properties":{"tpcondition":"Excellent","stumpdiameter":null,"riskratingdate":null,"riskrating":null,"objectid":"10140921","globalid":"6279C029-BBCE-4AD7-87F7-DCA9B3BE51F0","tpstructure":"Full","plantingspaceglobalid":"AB8F4A69-719D-44FF-9593-BB9C5E52168E","createddate":"2019-11-29 11:53:00.0000000","dbh":"3","planteddate":"2019-11-27 05:00:00.0000000","updateddate":null,"geometry":"POINT(-73.88694719823764 40.65341434789956)","genusspecies":"Carpinus betulus - European hornbeam"}},{"type":"Feature","geometry":{"type":"Point","coordinates":[-73.89158606109842,40.65791524698967]},"properties":{"tpcondition":"Excellent","stumpdiameter":null,"riskratingdate":null,"riskrating":null,"objectid":"10140922","globalid":"ECD6A04B-57B5-4252-8158-E6AAF0DCA3B5","tpstructure":"Full","plantingspaceglobalid":"84486679-25EB-4C6E-99C5-4C35285F066A","createddate":"2019-11-29 11:55:00.0000000","dbh":"3","planteddate":"2019-11-27 05:00:00.0000000","updateddate":null,"geometry":"POINT(-73.89158606109842 40.65791524698967)","genusspecies":"Zelkova serrata 'Green Vase' - 'Green Vase' Zelkova"}},{"type":"Feature","geometry":{"type":"Point","coordinates":[-73.8891826453399,40.65360130403571]},"properties":{"tpcondition":"Excellent","stumpdiameter":null,"riskratingdate":null,"riskrating":null,"objectid":"10140923","globalid":"4F27F02E-6660-4B46-8653-5BFDC73C8473","tpstructure":"Full","plantingspaceglobalid":"BB7C5380-4046-4B85-ACE5-86A3C2180BA6","createddate":"2019-11-29 12:00:00.0000000","dbh":"3","planteddate":"2019-11-27 05:00:00.0000000","updateddate":null,"geometry":"POINT(-73.8891826453399 40.65360130403571)","genusspecies":"Cercis canadensis - eastern redbud"}},{"type":"Feature","geometry":{"type":"Point","coordinates":[-73.88940582137192,40.65390649407447]},"properties":{"tpcondition":"Excellent","stumpdiameter":null,"riskratingdate":null,"riskrating":null,"objectid":"10140924","globalid":"C7A8554C-8D20-4A1A-8027-9E0377FB6553","tpstructure":"Full","plantingspaceglobalid":"97129A8F-F1B2-4B0D-A112-9472AEA99FA3","createddate":"2019-11-29 12:02:00.0000000","dbh":"3","planteddate":"2019-11-27 05:00:00.0000000","updateddate":null,"geometry":"POINT(-73.88940582137192 40.65390649407447)","genusspecies":"Cercis canadensis - eastern redbud"}},{"type":"Feature","geometry":{"type":"Point","coordinates":[-73.88955240126592,40.6532371186436]},"properties":{"tpcondition":"Excellent","stumpdiameter":null,"riskratingdate":null,"riskrating":null,"objectid":"10140925","globalid":"1B453EA5-A57D-4E0F-A343-3441B451CA5E","tpstructure":"Full","plantingspaceglobalid":"1E27A5B4-774C-4A13-B720-83EB7B758B13","createddate":"2019-11-29 12:05:00.0000000","dbh":"3","planteddate":"2019-11-27 05:00:00.0000000","updateddate":null,"geometry":"POINT(-73.88955240126592 40.6532371186436)","genusspecies":"Ulmus 'Homestead' - 'Homestead' Elm"}},{"type":"Feature","geometry":{"type":"Point","coordinates":[-73.88963379741905,40.653202649095846]},"properties":{"tpcondition":"Excellent","stumpdiameter":null,"riskratingdate":null,"riskrating":null,"objectid":"10140926","globalid":"16F4911D-B2C7-4D95-89DD-94E1DF334772","tpstructure":"Full","plantingspaceglobalid":"543C6859-68FA-49DF-B813-BECE1CCEE8A3","createddate":"2019-11-29 12:06:00.0000000","dbh":"3","planteddate":"2019-11-27 05:00:00.0000000","updateddate":null,"geometry":"POINT(-73.88963379741905 40.653202649095846)","genusspecies":"Ulmus 'Homestead' - 'Homestead' Elm"}},{"type":"Feature","geometry":{"type":"Point","coordinates":[-73.89621283031026,40.66017304314804]},"properties":{"tpcondition":"Excellent","stumpdiameter":null,"riskratingdate":null,"riskrating":null,"objectid":"10140927","globalid":"2C263724-61AD-4AD0-AA65-F4871835F8B5","tpstructure":"Retired","plantingspaceglobalid":"C5DF952B-CB32-43CD-B361-B5EC6743ADD3","createddate":"2019-11-29 12:07:00.0000000","dbh":"3","planteddate":"2019-11-27 05:00:00.0000000","updateddate":"2022-04-14 13:35:00.0000000","geometry":"POINT(-73.89621283031026 40.66017304314804)","genusspecies":"Syringa pekinensis 'China Snow' - 'China Snow' Peking lilac"}},{"type":"Feature","geometry":{"type":"Point","coordinates":[-73.89593806089603,40.65999590801962]},"properties":{"tpcondition":"Good","stumpdiameter":null,"riskratingdate":"2021-11-24 18:27:49.0000000","riskrating":"3","objectid":"10140928","globalid":"D586A916-E107-48FF-BA61-9D1A95A9C220","tpstructure":"Full","plantingspaceglobalid":"EA8796ED-3FB9-4BCB-AF73-0CB2B024E1F8","createddate":"2019-11-29 12:09:00.0000000","dbh":"3","planteddate":"2019-11-27 05:00:00.0000000","updateddate":"2021-11-24 18:27:49.0000000","geometry":"POINT(-73.89593806089603 40.65999590801962)","genusspecies":"Aesculus sp. - Horsechestnut"}},{"type":"Feature","geometry":{"type":"Point","coordinates":[-73.89199093208569,40.656147857397514]},"properties":{"tpcondition":"Excellent","stumpdiameter":null,"riskratingdate":null,"riskrating":null,"objectid":"10140929","globalid":"3F8F6B66-827D-475B-B259-D0D0A9143BDB","tpstructure":"Full","plantingspaceglobalid":"C86E594C-2CAC-4101-AFCB-16948F187F3F","createddate":"2019-11-29 12:10:00.0000000","dbh":"3","planteddate":"2019-11-27 05:00:00.0000000","updateddate":null,"geometry":"POINT(-73.89199093208569 40.656147857397514)","genusspecies":"Styphnolobium japonicum 'Millstone' - 'Millstone' Japanese pagodatree"}},{"type":"Feature","geometry":{"type":"Point","coordinates":[-73.89206428727555,40.6562503787152]},"properties":{"tpcondition":"Excellent","stumpdiameter":null,"riskratingdate":null,"riskrating":null,"objectid":"10140930","globalid":"B40047E4-0FB5-4B3F-967B-5FEBCB10E19A","tpstructure":"Full","plantingspaceglobalid":"6E098AE1-3040-4E46-9230-2914CF06E2BA","createddate":"2019-11-29 12:11:00.0000000","dbh":"3","planteddate":"2019-11-27 05:00:00.0000000","updateddate":null,"geometry":"POINT(-73.89206428727555 40.6562503787152)","genusspecies":"Styphnolobium japonicum 'Millstone' - 'Millstone' Japanese pagodatree"}},{"type":"Feature","geometry":{"type":"Point","coordinates":[-73.89212359428687,40.65633382600765]},"properties":{"tpcondition":"Excellent","stumpdiameter":null,"riskratingdate":null,"riskrating":null,"objectid":"10140931","globalid":"37F4CA9C-AF26-40B5-846D-7B0519F39B1B","tpstructure":"Full","plantingspaceglobalid":"F957E191-698D-4172-B5DB-316736D89CA9","createddate":"2019-11-29 12:11:00.0000000","dbh":"3","planteddate":"2019-11-27 05:00:00.0000000","updateddate":null,"geometry":"POINT(-73.89212359428687 40.65633382600765)","genusspecies":"Styphnolobium japonicum 'Millstone' - 'Millstone' Japanese pagodatree"}},{"type":"Feature","geometry":{"type":"Point","coordinates":[-73.89221099875444,40.65645423008551]},"properties":{"tpcondition":"Excellent","stumpdiameter":null,"riskratingdate":null,"riskrating":null,"objectid":"10140932","globalid":"6C4D6CD8-B98A-4D7A-9170-CCFAC18534CF","tpstructure":"Full","plantingspaceglobalid":"00A2EF57-CDA1-4BB2-BC15-BF445C2DFC02","createddate":"2019-11-29 12:12:00.0000000","dbh":"3","planteddate":"2019-11-27 05:00:00.0000000","updateddate":null,"geometry":"POINT(-73.89221099875444 40.65645423008551)","genusspecies":"Styphnolobium japonicum 'Millstone' - 'Millstone' Japanese pagodatree"}},{"type":"Feature","geometry":{"type":"Point","coordinates":[-73.89237530667053,40.656672995038264]},"properties":{"tpcondition":"Excellent","stumpdiameter":null,"riskratingdate":null,"riskrating":null,"objectid":"10140933","globalid":"46ECA0BA-7DD0-408F-8E95-75FB4609C555","tpstructure":"Full","plantingspaceglobalid":"8C19680D-8121-415B-9A16-8FBB85DB3835","createddate":"2019-11-29 12:12:00.0000000","dbh":"3","planteddate":"2019-11-27 05:00:00.0000000","updateddate":null,"geometry":"POINT(-73.89237530667053 40.656672995038264)","genusspecies":"Styphnolobium japonicum 'Millstone' - 'Millstone' Japanese pagodatree"}},{"type":"Feature","geometry":{"type":"Point","coordinates":[-73.89255417895194,40.656686402414294]},"properties":{"tpcondition":"Excellent","stumpdiameter":null,"riskratingdate":null,"riskrating":null,"objectid":"10140934","globalid":"C7B17BA7-C0E5-4D9E-9518-55699E902154","tpstructure":"Full","plantingspaceglobalid":"9E024FAB-E893-4D07-9900-440942E6E607","createddate":"2019-11-29 12:13:00.0000000","dbh":"3","planteddate":"2019-11-27 05:00:00.0000000","updateddate":null,"geometry":"POINT(-73.89255417895194 40.656686402414294)","genusspecies":"Styphnolobium japonicum 'Millstone' - 'Millstone' Japanese pagodatree"}},{"type":"Feature","geometry":{"type":"Point","coordinates":[-73.89094410061601,40.65596533137897]},"properties":{"tpcondition":"Excellent","stumpdiameter":null,"riskratingdate":null,"riskrating":null,"objectid":"10140935","globalid":"78F9FC0A-EAE6-49B5-B858-68AA0D8EDD38","tpstructure":"Full","plantingspaceglobalid":"F4EDE43B-83DD-4799-910E-E23429B3F2A4","createddate":"2019-11-29 12:14:00.0000000","dbh":"3","planteddate":"2019-11-27 05:00:00.0000000","updateddate":null,"geometry":"POINT(-73.89094410061601 40.65596533137897)","genusspecies":"Cercis canadensis - eastern redbud"}},{"type":"Feature","geometry":{"type":"Point","coordinates":[-73.89088712913815,40.655889629408264]},"properties":{"tpcondition":"Excellent","stumpdiameter":null,"riskratingdate":null,"riskrating":null,"objectid":"10140936","globalid":"346085AA-22CF-4869-8EED-87C8B0A66336","tpstructure":"Retired","plantingspaceglobalid":"7D679313-8C2A-44F2-BC0F-D1D065454761","createddate":"2019-11-29 12:15:00.0000000","dbh":"3","planteddate":"2019-11-27 05:00:00.0000000","updateddate":"2022-04-14 13:41:00.0000000","geometry":"POINT(-73.89088712913815 40.655889629408264)","genusspecies":"Syringa pekinensis 'China Snow' - 'China Snow' Peking lilac"}},{"type":"Feature","geometry":{"type":"Point","coordinates":[-73.89085591571884,40.655845521435]},"properties":{"tpcondition":"Excellent","stumpdiameter":null,"riskratingdate":null,"riskrating":null,"objectid":"10140937","globalid":"342BB932-D2DD-41E2-BA39-ABF17F7804CE","tpstructure":"Full","plantingspaceglobalid":"25375FE2-FD26-49E9-93E5-2C632EE44954","createddate":"2019-11-29 12:15:00.0000000","dbh":"3","planteddate":"2019-11-27 05:00:00.0000000","updateddate":null,"geometry":"POINT(-73.89085591571884 40.655845521435)","genusspecies":"Cercis canadensis - eastern redbud"}},{"type":"Feature","geometry":{"type":"Point","coordinates":[-73.89082469356771,40.65580677434936]},"properties":{"tpcondition":"Excellent","stumpdiameter":null,"riskratingdate":null,"riskrating":null,"objectid":"10140938","globalid":"CBC665D4-B933-4190-AF71-0810697469ED","tpstructure":"Retired","plantingspaceglobalid":"1D576041-698A-4A77-88EB-DC353D12BC53","createddate":"2019-11-29 12:16:00.0000000","dbh":"3","planteddate":"2019-11-27 05:00:00.0000000","updateddate":"2022-04-14 13:41:00.0000000","geometry":"POINT(-73.89082469356771 40.65580677434936)","genusspecies":"Syringa pekinensis 'China Snow' - 'China Snow' Peking lilac"}},{"type":"Feature","geometry":{"type":"Point","coordinates":[-73.89071387247095,40.65565954186324]},"properties":{"tpcondition":"Excellent","stumpdiameter":null,"riskratingdate":null,"riskrating":null,"objectid":"10140939","globalid":"8903CD80-CA57-4F17-B9E9-03E642921DFF","tpstructure":"Full","plantingspaceglobalid":"7AEA6B90-60BA-4DF8-BFB0-0E46434AE70C","createddate":"2019-11-29 12:17:00.0000000","dbh":"3","planteddate":"2019-11-27 05:00:00.0000000","updateddate":null,"geometry":"POINT(-73.89071387247095 40.65565954186324)","genusspecies":"Cercis canadensis - eastern redbud"}},{"type":"Feature","geometry":{"type":"Point","coordinates":[-73.89131549003784,40.65668333616604]},"properties":{"tpcondition":"Excellent","stumpdiameter":null,"riskratingdate":null,"riskrating":null,"objectid":"10140940","globalid":"7745883D-D332-4C88-8A52-57C31D700539","tpstructure":"Retired","plantingspaceglobalid":"880E9B81-7DB7-401D-A9E0-84C15F8CD43E","createddate":"2019-11-29 12:21:00.0000000","dbh":"3","planteddate":"2019-11-27 05:00:00.0000000","updateddate":"2022-04-14 13:07:00.0000000","geometry":"POINT(-73.89131549003784 40.65668333616604)","genusspecies":"Tilia tomentosa 'Sterling' - 'Sterling' Silver linden"}},{"type":"Feature","geometry":{"type":"Point","coordinates":[-73.89136699616121,40.65675367299449]},"properties":{"tpcondition":"Excellent","stumpdiameter":null,"riskratingdate":null,"riskrating":null,"objectid":"10140941","globalid":"4107BDB8-9409-4877-8530-C63519D00909","tpstructure":"Retired","plantingspaceglobalid":"7E0D72C8-8A2F-4941-92D4-AF77FE7DEC90","createddate":"2019-11-29 12:22:00.0000000","dbh":"3","planteddate":"2019-11-27 05:00:00.0000000","updateddate":"2022-04-14 13:34:00.0000000","geometry":"POINT(-73.89136699616121 40.65675367299449)","genusspecies":"Ginkgo biloba 'Shangri La' - 'Shangri La' Ginkgo"}},{"type":"Feature","geometry":{"type":"Point","coordinates":[-73.8914856152971,40.65691699375503]},"properties":{"tpcondition":"Excellent","stumpdiameter":null,"riskratingdate":null,"riskrating":null,"objectid":"10140942","globalid":"8F599DE3-665F-46FB-B8FF-62877697865F","tpstructure":"Retired","plantingspaceglobalid":"23D0392E-2E54-4C6D-82E1-7544BC5D0E63","createddate":"2019-11-29 12:22:00.0000000","dbh":"3","planteddate":"2019-11-27 05:00:00.0000000","updateddate":"2025-08-06 11:49:15.0000000","geometry":"POINT(-73.8914856152971 40.65691699375503)","genusspecies":"Tilia tomentosa 'Sterling' - 'Sterling' Silver linden"}},{"type":"Feature","geometry":{"type":"Point","coordinates":[-73.8916401586139,40.65711489761976]},"properties":{"tpcondition":"Dead","stumpdiameter":null,"riskratingdate":null,"riskrating":null,"objectid":"10140943","globalid":"D3F6A353-A1AE-46A6-92EA-4DD4DA8A83EE","tpstructure":"Retired","plantingspaceglobalid":"D8332643-7B04-4770-9ECA-5CAC14144445","createddate":"2019-11-29 12:24:00.0000000","dbh":"3","planteddate":"2019-11-27 05:00:00.0000000","updateddate":"2022-04-14 13:33:00.0000000","geometry":"POINT(-73.8916401586139 40.65711489761976)","genusspecies":"Tilia tomentosa 'Sterling' - 'Sterling' Silver linden"}},{"type":"Feature","geometry":{"type":"Point","coordinates":[-73.89167761803233,40.65716735024817]},"properties":{"tpcondition":"Dead","stumpdiameter":null,"riskratingdate":"2023-04-10 14:50:00.0000000","riskrating":"6","objectid":"10140944","globalid":"4F0796C2-D2C6-4E29-9C26-83F7BFA846F5","tpstructure":"Retired","plantingspaceglobalid":"8043AA0E-9857-4B17-9FE0-AD49F1302354","createddate":"2019-11-29 12:24:00.0000000","dbh":"3","planteddate":"2019-11-27 05:00:00.0000000","updateddate":"2025-08-06 14:08:43.0000000","geometry":"POINT(-73.89167761803233 40.65716735024817)","genusspecies":"Ginkgo biloba 'Shangri La' - 'Shangri La' Ginkgo"}},{"type":"Feature","geometry":{"type":"Point","coordinates":[-73.89176657448593,40.65729490398513]},"properties":{"tpcondition":"Excellent","stumpdiameter":null,"riskratingdate":null,"riskrating":null,"objectid":"10140945","globalid":"CFAA01F2-1152-4340-81D5-E8CE72EF7A50","tpstructure":"Retired","plantingspaceglobalid":"CC69A5DC-461A-4248-AA9F-AA65B60C1E99","createddate":"2019-11-29 12:25:00.0000000","dbh":"3","planteddate":"2019-11-27 05:00:00.0000000","updateddate":"2022-04-14 13:34:00.0000000","geometry":"POINT(-73.89176657448593 40.65729490398513)","genusspecies":"Ginkgo biloba 'Shangri La' - 'Shangri La' Ginkgo"}},{"type":"Feature","geometry":{"type":"Point","coordinates":[-73.88833833285918,40.65528584527615]},"properties":{"tpcondition":"Excellent","stumpdiameter":null,"riskratingdate":null,"riskrating":null,"objectid":"10140946","globalid":"98565287-DE78-4E8A-9CF8-A430D54F0034","tpstructure":"Full","plantingspaceglobalid":"4DA21F61-1A66-46A9-8C65-559597413689","createddate":"2019-11-29 12:31:00.0000000","dbh":"3","planteddate":"2019-11-27 05:00:00.0000000","updateddate":null,"geometry":"POINT(-73.88833833285918 40.65528584527615)","genusspecies":"Zelkova serrata 'Green Vase' - 'Green Vase' Zelkova"}},{"type":"Feature","geometry":{"type":"Point","coordinates":[-73.89068719333332,40.65455205472261]},"properties":{"tpcondition":"Excellent","stumpdiameter":null,"riskratingdate":null,"riskrating":null,"objectid":"10140947","globalid":"C77A8599-E0D4-48AA-8502-CCCEF1D5E1A1","tpstructure":"Full","plantingspaceglobalid":"78D793F2-8A59-48EA-8085-94B15B988B60","createddate":"2019-11-29 12:31:00.0000000","dbh":"3","planteddate":"2019-11-27 05:00:00.0000000","updateddate":null,"geometry":"POINT(-73.89068719333332 40.65455205472261)","genusspecies":"Cercis canadensis - eastern redbud"}},{"type":"Feature","geometry":{"type":"Point","coordinates":[-73.89031386504236,40.65470954780895]},"properties":{"tpcondition":"Excellent","stumpdiameter":null,"riskratingdate":null,"riskrating":null,"objectid":"10140948","globalid":"39146DE4-0BBB-4603-AEB3-7F8F5D4712BA","tpstructure":"Full","plantingspaceglobalid":"B6F5EDB4-B5EF-4E78-965A-E6FA96D5B48B","createddate":"2019-11-29 12:32:00.0000000","dbh":"3","planteddate":"2019-11-27 05:00:00.0000000","updateddate":null,"geometry":"POINT(-73.89031386504236 40.65470954780895)","genusspecies":"Prunus x yedoensis - Yoshino cherry"}},{"type":"Feature","geometry":{"type":"Point","coordinates":[-73.89025046838928,40.65473688770774]},"properties":{"tpcondition":"Excellent","stumpdiameter":null,"riskratingdate":null,"riskrating":null,"objectid":"10140949","globalid":"B6BE73E3-C34D-43A9-A500-0E1F3DBA8BCB","tpstructure":"Full","plantingspaceglobalid":"BB1FF53A-9806-4F7D-852D-173803607DE0","createddate":"2019-11-29 12:33:00.0000000","dbh":"3","planteddate":"2019-11-27 05:00:00.0000000","updateddate":null,"geometry":"POINT(-73.89025046838928 40.65473688770774)","genusspecies":"Prunus x yedoensis - Yoshino cherry"}},{"type":"Feature","geometry":{"type":"Point","coordinates":[-73.89018629225748,40.65476243928707]},"properties":{"tpcondition":"Excellent","stumpdiameter":null,"riskratingdate":null,"riskrating":null,"objectid":"10140950","globalid":"BA852FD5-E360-4E2F-887C-F682A64BBFA9","tpstructure":"Full","plantingspaceglobalid":"E35A1220-6A2D-4C7E-8D85-14D995EF6109","createddate":"2019-11-29 12:33:00.0000000","dbh":"3","planteddate":"2019-11-27 05:00:00.0000000","updateddate":null,"geometry":"POINT(-73.89018629225748 40.65476243928707)","genusspecies":"Prunus x yedoensis - Yoshino cherry"}},{"type":"Feature","geometry":{"type":"Point","coordinates":[-73.89576859411595,40.661260123880176]},"properties":{"tpcondition":"Excellent","stumpdiameter":null,"riskratingdate":null,"riskrating":null,"objectid":"10140951","globalid":"8D395314-4A75-4306-AD8F-B19657E8152A","tpstructure":"Full","plantingspaceglobalid":"2097C2BC-6EDE-4DF6-ADC3-FE395BC825C2","createddate":"2019-11-29 12:34:00.0000000","dbh":"3","planteddate":"2019-11-27 05:00:00.0000000","updateddate":null,"geometry":"POINT(-73.89576859411595 40.661260123880176)","genusspecies":"Ulmus 'Homestead' - 'Homestead' Elm"}},{"type":"Feature","geometry":{"type":"Point","coordinates":[-73.95298302274264,40.77578737245015]},"properties":{"tpcondition":"Good","stumpdiameter":null,"riskratingdate":"2022-10-26 17:02:00.0000000","riskrating":"5","objectid":"10140952","globalid":"97169562-EE84-480E-893C-D79932858107","tpstructure":"Retired","plantingspaceglobalid":"6178299E-137C-435C-A17C-04872CB61475","createddate":"2019-11-29 13:29:00.0000000","dbh":"5","planteddate":null,"updateddate":"2023-04-12 11:30:00.0000000","geometry":"POINT(-73.95298302274264 40.77578737245015)","genusspecies":"Gleditsia triacanthos var. inermis - Thornless honeylocust"}},{"type":"Feature","geometry":{"type":"Point","coordinates":[-73.95257909531865,40.77560691540232]},"properties":{"tpcondition":"Good","stumpdiameter":null,"riskratingdate":"2019-11-29 13:33:04.0000000","riskrating":"6","objectid":"10140953","globalid":"79D54587-E619-479A-B2DD-599ABEE9B02C","tpstructure":"Full","plantingspaceglobalid":"21CDE0B4-A0D0-4D05-9757-CC5FF6A9FA5D","createddate":"2019-11-29 13:32:00.0000000","dbh":"4","planteddate":null,"updateddate":"2019-11-29 13:33:04.0000000","geometry":"POINT(-73.95257909531865 40.77560691540232)","genusspecies":"Gleditsia triacanthos var. inermis - Thornless honeylocust"}},{"type":"Feature","geometry":{"type":"Point","coordinates":[-74.24512940852307,40.50082575594714]},"properties":{"tpcondition":"Dead","stumpdiameter":null,"riskratingdate":null,"riskrating":null,"objectid":"10140954","globalid":"4579D614-B86D-47C2-ACCA-3B9BF133972A","tpstructure":"Retired","plantingspaceglobalid":"35051BCB-10EA-417E-A450-B1B68B549FC9","createddate":"2019-11-29 14:22:00.0000000","dbh":"11","planteddate":null,"updateddate":"2019-12-05 13:33:00.0000000","geometry":"POINT(-74.24512940852307 40.50082575594714)","genusspecies":"Acer rubrum - red maple"}},{"type":"Feature","geometry":{"type":"Point","coordinates":[-73.94952426869274,40.774329422624604]},"properties":{"tpcondition":"Good","stumpdiameter":null,"riskratingdate":"2019-11-29 15:39:14.0000000","riskrating":"5","objectid":"10140955","globalid":"B3816AEF-B51A-4F0F-A6ED-EDB61CE5BB70","tpstructure":"Full","plantingspaceglobalid":"5618E2E8-E2BF-4656-A4F7-750753104B3D","createddate":"2019-11-29 15:38:00.0000000","dbh":"4","planteddate":null,"updateddate":"2019-11-29 15:39:14.0000000","geometry":"POINT(-73.94952426869274 40.774329422624604)","genusspecies":"Gleditsia triacanthos var. inermis - Thornless honeylocust"}},{"type":"Feature","geometry":{"type":"Point","coordinates":[-73.9674696659058,40.63702054314699]},"properties":{"tpcondition":"Dead","stumpdiameter":"20","riskratingdate":"2020-05-14 19:39:00.0000000","riskrating":"10","objectid":"10140956","globalid":"F3314B1A-D944-435A-B303-2C7D81B3C2C6","tpstructure":"Retired","plantingspaceglobalid":"486FBECF-CB5D-40BE-B77F-FD07DEF8737B","createddate":"2019-11-29 16:46:00.0000000","dbh":"20","planteddate":null,"updateddate":"2021-11-22 15:50:53.0000000","geometry":"POINT(-73.9674696659058 40.63702054314699)","genusspecies":"Platanus x acerifolia - London planetree"}},{"type":"Feature","geometry":{"type":"Point","coordinates":[-73.89175507603534,40.65807586043303]},"properties":{"tpcondition":"Excellent","stumpdiameter":null,"riskratingdate":null,"riskrating":null,"objectid":"10141322","globalid":"868886BA-AE58-46F8-8EE8-1072FACF45FC","tpstructure":"Full","plantingspaceglobalid":"C796BFC1-1822-4178-98EE-34A77EC0C42E","createddate":"2019-11-29 11:54:00.0000000","dbh":"3","planteddate":"2019-11-27 05:00:00.0000000","updateddate":null,"geometry":"POINT(-73.89175507603534 40.65807586043303)","genusspecies":"Zelkova serrata 'Green Vase' - 'Green Vase' Zelkova"}},{"type":"Feature","geometry":{"type":"Point","coordinates":[-73.95287989930544,40.77574897833615]},"properties":{"tpcondition":"Good","stumpdiameter":null,"riskratingdate":"2022-10-26 17:02:00.0000000","riskrating":"5","objectid":"10141740","globalid":"0B358849-145B-4B87-824C-D80FD8EF090A","tpstructure":"Retired","plantingspaceglobalid":"6D69C7A1-62D8-4E4B-AF65-52B03C366194","createddate":"2019-11-29 13:31:00.0000000","dbh":"6","planteddate":null,"updateddate":"2023-04-12 11:30:00.0000000","geometry":"POINT(-73.95287989930544 40.77574897833615)","genusspecies":"Gleditsia triacanthos var. inermis - Thornless honeylocust"}},{"type":"Feature","geometry":{"type":"Point","coordinates":[-73.85529301006602,40.70234220893186]},"properties":{"tpcondition":"Excellent","stumpdiameter":null,"riskratingdate":null,"riskrating":null,"objectid":"10142432","globalid":"9BA8D4DC-B5D6-4927-BA22-202DB095C258","tpstructure":"Full","plantingspaceglobalid":"F9A2C84D-6A2A-4D0B-8BC6-9125FF3ED013","createddate":"2019-11-29 19:37:00.0000000","dbh":"3","planteddate":"2019-11-25 05:00:00.0000000","updateddate":null,"geometry":"POINT(-73.85529301006602 40.70234220893186)","genusspecies":"Zelkova serrata 'Mushashino' - 'Mushashino' Zelkova"}},{"type":"Feature","geometry":{"type":"Point","coordinates":[-73.85529470704813,40.70228145445417]},"properties":{"tpcondition":"Excellent","stumpdiameter":null,"riskratingdate":null,"riskrating":null,"objectid":"10142433","globalid":"0B00F839-1B86-4A38-ACB3-91A344E02E11","tpstructure":"Full","plantingspaceglobalid":"E689714A-6A64-4027-ADE1-6E6F40FE40C9","createddate":"2019-11-29 19:48:00.0000000","dbh":"3","planteddate":"2019-11-25 05:00:00.0000000","updateddate":null,"geometry":"POINT(-73.85529470704813 40.70228145445417)","genusspecies":"Zelkova serrata 'Mushashino' - 'Mushashino' Zelkova"}},{"type":"Feature","geometry":{"type":"Point","coordinates":[-73.84135628834241,40.69179676133838]},"properties":{"tpcondition":"Excellent","stumpdiameter":null,"riskratingdate":null,"riskrating":null,"objectid":"10142434","globalid":"3A57C81B-E09F-41EF-B420-FE544BA4F7FD","tpstructure":"Full","plantingspaceglobalid":"CC1A082D-9893-4AF6-8322-1252427BF484","createddate":"2019-11-29 20:02:00.0000000","dbh":"3","planteddate":"2019-11-25 05:00:00.0000000","updateddate":null,"geometry":"POINT(-73.84135628834241 40.69179676133838)","genusspecies":"Tilia americana 'Redmond' - 'Redmond' American linden"}},{"type":"Feature","geometry":{"type":"Point","coordinates":[-73.83203331028633,40.69849858197474]},"properties":{"tpcondition":"Excellent","stumpdiameter":null,"riskratingdate":null,"riskrating":null,"objectid":"10142435","globalid":"1919E998-074C-4352-8007-E61AF6C4C98E","tpstructure":"Full","plantingspaceglobalid":"D924A4BD-CECB-40F5-98B7-2C55F80D731E","createddate":"2019-11-29 20:08:00.0000000","dbh":"3","planteddate":"2019-11-25 05:00:00.0000000","updateddate":null,"geometry":"POINT(-73.83203331028633 40.69849858197474)","genusspecies":"Quercus bicolor - swamp white oak"}},{"type":"Feature","geometry":{"type":"Point","coordinates":[-73.84137393731923,40.692526610091726]},"properties":{"tpcondition":"Excellent","stumpdiameter":null,"riskratingdate":null,"riskrating":null,"objectid":"10142436","globalid":"344EDEAC-2A78-4848-B194-1D115699F6D7","tpstructure":"Full","plantingspaceglobalid":"E5909AEF-3D60-4B98-B3AD-D263B278A148","createddate":"2019-11-29 20:10:00.0000000","dbh":"3","planteddate":"2019-11-25 05:00:00.0000000","updateddate":null,"geometry":"POINT(-73.84137393731923 40.692526610091726)","genusspecies":"Acer x freemanii 'Autumn Blaze' - 'Autumn Blaze' Freeman maple"}},{"type":"Feature","geometry":{"type":"Point","coordinates":[-73.84062208066652,40.69272951884702]},"properties":{"tpcondition":"Excellent","stumpdiameter":null,"riskratingdate":null,"riskrating":null,"objectid":"10142437","globalid":"2BB36FB0-2ABC-4D5C-9083-080DC6016312","tpstructure":"Full","plantingspaceglobalid":"EF8DB47A-0097-4A03-A6DA-5E67F8D6D29E","createddate":"2019-11-29 20:16:00.0000000","dbh":"3","planteddate":"2019-11-25 05:00:00.0000000","updateddate":null,"geometry":"POINT(-73.84062208066652 40.69272951884702)","genusspecies":"Ostrya virginiana - hophornbeam"}},{"type":"Feature","geometry":{"type":"Point","coordinates":[-73.84046083994997,40.692789817689096]},"properties":{"tpcondition":"Excellent","stumpdiameter":null,"riskratingdate":null,"riskrating":null,"objectid":"10142438","globalid":"BF84580B-91FB-4EE5-887B-E940290A07AB","tpstructure":"Full","plantingspaceglobalid":"77D0F547-AF3E-4315-9756-E79F92664CE3","createddate":"2019-11-29 20:17:00.0000000","dbh":"3","planteddate":"2019-11-25 05:00:00.0000000","updateddate":null,"geometry":"POINT(-73.84046083994997 40.692789817689096)","genusspecies":"Styrax japonicus 'Emerald Pagoda' - 'Emerald Pagoda' Japanese snowbell"}},{"type":"Feature","geometry":{"type":"Point","coordinates":[-73.84036685808277,40.69282066156177]},"properties":{"tpcondition":"Excellent","stumpdiameter":null,"riskratingdate":null,"riskrating":null,"objectid":"10142439","globalid":"32B5A308-4FC1-426E-8580-34B87E87F4BE","tpstructure":"Full","plantingspaceglobalid":"9E935034-55D4-4039-AF5E-26349D750C0D","createddate":"2019-11-29 20:18:00.0000000","dbh":"3","planteddate":"2019-11-25 05:00:00.0000000","updateddate":null,"geometry":"POINT(-73.84036685808277 40.69282066156177)","genusspecies":"Styrax japonicus 'Emerald Pagoda' - 'Emerald Pagoda' Japanese snowbell"}},{"type":"Feature","geometry":{"type":"Point","coordinates":[-73.83838600493578,40.69317645922214]},"properties":{"tpcondition":"Excellent","stumpdiameter":null,"riskratingdate":null,"riskrating":null,"objectid":"10142440","globalid":"BAB27193-BA8E-4880-9283-5C7783C57EAC","tpstructure":"Full","plantingspaceglobalid":"1B0036A5-9E95-4DBE-BADC-8ACE6DB6E2B8","createddate":"2019-11-29 20:22:00.0000000","dbh":"3","planteddate":"2019-11-25 05:00:00.0000000","updateddate":null,"geometry":"POINT(-73.83838600493578 40.69317645922214)","genusspecies":"Carpinus betulus 'Fastigiata' - 'Fastigiata' European hornbeam"}},{"type":"Feature","geometry":{"type":"Point","coordinates":[-73.81446685834382,40.689687344322]},"properties":{"tpcondition":"Excellent","stumpdiameter":null,"riskratingdate":null,"riskrating":null,"objectid":"10142441","globalid":"761B7563-07F1-44F2-A6D1-BFCF914F3AF4","tpstructure":"Full","plantingspaceglobalid":"B9555043-B041-447B-B35A-D1335BF64F00","createddate":"2019-11-29 20:35:00.0000000","dbh":"3","planteddate":"2019-11-26 05:00:00.0000000","updateddate":null,"geometry":"POINT(-73.81446685834382 40.689687344322)","genusspecies":"Ostrya virginiana - hophornbeam"}},{"type":"Feature","geometry":{"type":"Point","coordinates":[-73.83564290152252,40.66198062722354]},"properties":{"tpcondition":"Excellent","stumpdiameter":null,"riskratingdate":"2021-11-29 13:35:55.0000000","riskrating":"6","objectid":"10142442","globalid":"E3A57AC6-844F-4CC5-8C2D-C4A4B092791E","tpstructure":"Full","plantingspaceglobalid":"4F7A8C7A-9803-42E0-B815-726F948EECD8","createddate":"2019-11-29 20:37:00.0000000","dbh":"3","planteddate":"2019-11-26 05:00:00.0000000","updateddate":"2021-11-29 13:35:55.0000000","geometry":"POINT(-73.83564290152252 40.66198062722354)","genusspecies":"Platanus x acerifolia 'Bloodgood' - 'Bloodgood' London planetree"}},{"type":"Feature","geometry":{"type":"Point","coordinates":[-73.83197432202483,40.65091589894353]},"properties":{"tpcondition":"Good","stumpdiameter":null,"riskratingdate":"2021-12-27 18:38:45.0000000","riskrating":"4","objectid":"10142443","globalid":"9305D0F3-3260-46FD-9E1F-5F5B5578C16E","tpstructure":"Full","plantingspaceglobalid":"6A914588-81F6-4B9B-B4D4-7A797D3B8AD6","createddate":"2019-11-29 20:39:00.0000000","dbh":"3","planteddate":"2019-11-26 05:00:00.0000000","updateddate":"2021-12-27 18:38:45.0000000","geometry":"POINT(-73.83197432202483 40.65091589894353)","genusspecies":"Styphnolobium japonicum 'Millstone' - 'Millstone' Japanese pagodatree"}},{"type":"Feature","geometry":{"type":"Point","coordinates":[-73.83071061637835,40.6916633528363]},"properties":{"tpcondition":"Excellent","stumpdiameter":null,"riskratingdate":null,"riskrating":null,"objectid":"10142444","globalid":"34425A7E-2AE7-4F2A-BFDE-574B548F1D45","tpstructure":"Full","plantingspaceglobalid":"D18DD824-A7DB-4E37-897E-3B80F3DB4521","createddate":"2019-11-29 20:41:00.0000000","dbh":"3","planteddate":"2019-11-26 05:00:00.0000000","updateddate":null,"geometry":"POINT(-73.83071061637835 40.6916633528363)","genusspecies":"Ostrya virginiana - hophornbeam"}},{"type":"Feature","geometry":{"type":"Point","coordinates":[-73.83069431847827,40.69143060973206]},"properties":{"tpcondition":"Excellent","stumpdiameter":null,"riskratingdate":null,"riskrating":null,"objectid":"10142445","globalid":"C922A181-4430-43C9-AFA5-08A8F4851FBC","tpstructure":"Full","plantingspaceglobalid":"30891A18-6989-44D5-A6B1-FE693043559F","createddate":"2019-11-29 20:43:00.0000000","dbh":"3","planteddate":"2019-11-26 05:00:00.0000000","updateddate":null,"geometry":"POINT(-73.83069431847827 40.69143060973206)","genusspecies":"Cercis canadensis - eastern redbud"}},{"type":"Feature","geometry":{"type":"Point","coordinates":[-73.82058105641161,40.69536571442951]},"properties":{"tpcondition":"Unknown","stumpdiameter":null,"riskratingdate":null,"riskrating":null,"objectid":"10142446","globalid":"CF6AAA86-A6BB-4A6C-8FB3-C9EEE4961E2F","tpstructure":"Retired","plantingspaceglobalid":"349019F1-4577-4EAC-8FF8-885177A610E5","createddate":"2019-11-29 20:44:00.0000000","dbh":"0","planteddate":"2019-11-26 05:00:00.0000000","updateddate":"2019-12-09 14:12:00.0000000","geometry":"POINT(-73.82058105641161 40.69536571442951)","genusspecies":"Ostrya virginiana - hophornbeam"}},{"type":"Feature","geometry":{"type":"Point","coordinates":[-73.82071812820789,40.69519815317102]},"properties":{"tpcondition":"Excellent","stumpdiameter":null,"riskratingdate":null,"riskrating":null,"objectid":"10142447","globalid":"79062627-D865-4777-A412-4873F716B25E","tpstructure":"Full","plantingspaceglobalid":"AA028DBE-4E06-40EF-92AB-CEFA174707AB","createddate":"2019-11-29 20:45:00.0000000","dbh":"3","planteddate":"2019-11-26 05:00:00.0000000","updateddate":null,"geometry":"POINT(-73.82071812820789 40.69519815317102)","genusspecies":"Carpinus betulus - European hornbeam"}},{"type":"Feature","geometry":{"type":"Point","coordinates":[-73.82381359335011,40.6738044565136]},"properties":{"tpcondition":"Good","stumpdiameter":null,"riskratingdate":"2025-08-29 12:14:04.0000000","riskrating":"3","objectid":"10142448","globalid":"DC5B1023-9492-46EF-A3FE-7F013F659258","tpstructure":"Full","plantingspaceglobalid":"E6E068BD-85B3-4241-9097-F1D01D5C8DA9","createddate":"2019-11-29 20:48:00.0000000","dbh":"4","planteddate":"2019-11-26 05:00:00.0000000","updateddate":"2025-08-29 12:14:04.0000000","geometry":"POINT(-73.82381359335011 40.6738044565136)","genusspecies":"Cercis canadensis - eastern redbud"}},{"type":"Feature","geometry":{"type":"Point","coordinates":[-73.80553330727054,40.67044205119337]},"properties":{"tpcondition":"Good","stumpdiameter":null,"riskratingdate":"2025-07-24 18:31:55.0000000","riskrating":"5","objectid":"10142449","globalid":"95190888-2BE6-403F-B1B1-40BA71DFDC8C","tpstructure":"Full","plantingspaceglobalid":"14FE56A4-5670-479B-BEC1-907E96B6B472","createddate":"2019-11-29 20:49:00.0000000","dbh":"6","planteddate":"2019-11-26 05:00:00.0000000","updateddate":"2025-07-24 18:31:55.0000000","geometry":"POINT(-73.80553330727054 40.67044205119337)","genusspecies":"Cercis canadensis - eastern redbud"}},{"type":"Feature","geometry":{"type":"Point","coordinates":[-73.80571534302905,40.6702559187848]},"properties":{"tpcondition":"Dead","stumpdiameter":null,"riskratingdate":null,"riskrating":null,"objectid":"10142450","globalid":"ACB1E05A-32C2-4B60-BD51-86FE3744E05A","tpstructure":"Retired","plantingspaceglobalid":"FE1784E0-733E-4443-BC0A-73A5393EE63B","createddate":"2019-11-29 20:50:00.0000000","dbh":"3","planteddate":"2019-11-26 05:00:00.0000000","updateddate":"2023-12-20 14:19:00.0000000","geometry":"POINT(-73.80571534302905 40.6702559187848)","genusspecies":"Quercus bicolor - swamp white oak"}},{"type":"Feature","geometry":{"type":"Point","coordinates":[-73.80263178698247,40.673865472960514]},"properties":{"tpcondition":"Good","stumpdiameter":null,"riskratingdate":"2025-07-14 12:26:03.0000000","riskrating":"4","objectid":"10142451","globalid":"C0DF6A44-8B31-4311-92B2-5F479852EFAB","tpstructure":"Full","plantingspaceglobalid":"7C0590A7-F88B-4A29-B17F-FF6AA3EBC9FD","createddate":"2019-11-29 20:51:00.0000000","dbh":"3","planteddate":"2019-11-26 05:00:00.0000000","updateddate":"2025-07-14 12:26:03.0000000","geometry":"POINT(-73.80263178698247 40.673865472960514)","genusspecies":"Carpinus betulus - European hornbeam"}},{"type":"Feature","geometry":{"type":"Point","coordinates":[-73.8026260686605,40.673683192454945]},"properties":{"tpcondition":"Good","stumpdiameter":null,"riskratingdate":"2025-07-14 12:28:32.0000000","riskrating":"3","objectid":"10142452","globalid":"76E57DD4-7D64-4BFF-8109-87DF64375E9D","tpstructure":"Full","plantingspaceglobalid":"A534226B-62F7-4133-B77F-5D9FF73C6D49","createddate":"2019-11-29 20:51:00.0000000","dbh":"3","planteddate":"2019-11-26 05:00:00.0000000","updateddate":"2025-07-14 12:28:32.0000000","geometry":"POINT(-73.8026260686605 40.673683192454945)","genusspecies":"Carpinus betulus - European hornbeam"}},{"type":"Feature","geometry":{"type":"Point","coordinates":[-73.83580491252417,40.66188855665412]},"properties":{"tpcondition":"Good","stumpdiameter":null,"riskratingdate":"2021-11-29 13:22:00.0000000","riskrating":"5","objectid":"10142453","globalid":"C53EE5D1-1B5E-4084-B356-0CF068D03C0A","tpstructure":"Full","plantingspaceglobalid":"54A625AD-226C-4B0C-A7FC-5A0DD65C5985","createddate":"2019-11-29 20:53:00.0000000","dbh":"2","planteddate":"2019-11-26 05:00:00.0000000","updateddate":"2021-11-29 13:22:00.0000000","geometry":"POINT(-73.83580491252417 40.66188855665412)","genusspecies":"Cercis canadensis - eastern redbud"}},{"type":"Feature","geometry":{"type":"Point","coordinates":[-73.83206380685907,40.651276770784435]},"properties":{"tpcondition":"Good","stumpdiameter":null,"riskratingdate":"2021-12-27 19:02:30.0000000","riskrating":"4","objectid":"10142454","globalid":"DB6D33B4-B0BB-4732-8B3E-99C5901BC1AF","tpstructure":"Full","plantingspaceglobalid":"E011DD4E-3928-4BBA-AA66-4310532CB1BA","createddate":"2019-11-29 20:54:00.0000000","dbh":"3","planteddate":"2019-11-26 05:00:00.0000000","updateddate":"2021-12-27 19:02:30.0000000","geometry":"POINT(-73.83206380685907 40.651276770784435)","genusspecies":"Styphnolobium japonicum 'Millstone' - 'Millstone' Japanese pagodatree"}},{"type":"Feature","geometry":{"type":"Point","coordinates":[-73.83184583790775,40.65046080777138]},"properties":{"tpcondition":"Excellent","stumpdiameter":null,"riskratingdate":null,"riskrating":null,"objectid":"10142455","globalid":"B43332BC-6140-4C02-B2E4-97B7EA10139F","tpstructure":"Retired","plantingspaceglobalid":"22CDBEF1-0681-442E-8D75-3CD539A34378","createddate":"2019-11-29 20:56:00.0000000","dbh":"3","planteddate":"2019-11-26 05:00:00.0000000","updateddate":"2021-12-27 18:30:32.0000000","geometry":"POINT(-73.83184583790775 40.65046080777138)","genusspecies":"Styphnolobium japonicum 'Millstone' - 'Millstone' Japanese pagodatree"}},{"type":"Feature","geometry":{"type":"Point","coordinates":[-73.83177622980752,40.65015215636968]},"properties":{"tpcondition":"Good","stumpdiameter":null,"riskratingdate":"2021-12-27 18:24:52.0000000","riskrating":"4","objectid":"10142456","globalid":"08128B79-A6DF-4BF6-B381-4EA3D3EC20BE","tpstructure":"Full","plantingspaceglobalid":"BB0DA87D-8AAA-4EF6-9E6A-2C8E7E641A42","createddate":"2019-11-29 20:57:00.0000000","dbh":"3","planteddate":"2019-11-26 05:00:00.0000000","updateddate":"2021-12-27 18:24:52.0000000","geometry":"POINT(-73.83177622980752 40.65015215636968)","genusspecies":"Styphnolobium japonicum 'Millstone' - 'Millstone' Japanese pagodatree"}},{"type":"Feature","geometry":{"type":"Point","coordinates":[-73.8315418632829,40.650051743505514]},"properties":{"tpcondition":"Good","stumpdiameter":null,"riskratingdate":"2021-12-29 14:37:07.0000000","riskrating":"4","objectid":"10142457","globalid":"4AD79F0C-B51C-46BB-90B0-B56459C3F9D2","tpstructure":"Full","plantingspaceglobalid":"C7078F8D-789A-4472-A642-236847D553BB","createddate":"2019-11-29 20:58:00.0000000","dbh":"2","planteddate":"2019-11-26 05:00:00.0000000","updateddate":"2021-12-29 14:37:07.0000000","geometry":"POINT(-73.8315418632829 40.650051743505514)","genusspecies":"Zelkova serrata 'Wireless' - 'Wireless' Zelkova"}},{"type":"Feature","geometry":{"type":"Point","coordinates":[-73.84167097394096,40.69788338945871]},"properties":{"tpcondition":"Excellent","stumpdiameter":null,"riskratingdate":null,"riskrating":null,"objectid":"10142836","globalid":"48E7FD63-C5BF-4E62-89D4-C7E0653DC7D1","tpstructure":"Full","plantingspaceglobalid":"8366A8D9-A271-40B5-99E5-26DEA717A3CC","createddate":"2019-11-29 19:50:00.0000000","dbh":"3","planteddate":"2019-11-25 05:00:00.0000000","updateddate":null,"geometry":"POINT(-73.84167097394096 40.69788338945871)","genusspecies":"Ostrya virginiana - hophornbeam"}},{"type":"Feature","geometry":{"type":"Point","coordinates":[-73.83212537585027,40.69836490466276]},"properties":{"tpcondition":"Excellent","stumpdiameter":null,"riskratingdate":null,"riskrating":null,"objectid":"10142837","globalid":"C970B8A4-4F13-48D6-91B9-12EB6A338A27","tpstructure":"Full","plantingspaceglobalid":"2F176A49-0CF0-454F-AD82-C7842F8882B1","createddate":"2019-11-29 19:54:00.0000000","dbh":"3","planteddate":"2019-11-25 05:00:00.0000000","updateddate":null,"geometry":"POINT(-73.83212537585027 40.69836490466276)","genusspecies":"Cercis canadensis - eastern redbud"}},{"type":"Feature","geometry":{"type":"Point","coordinates":[-73.84250848365971,40.72732173833361]},"properties":{"tpcondition":"Excellent","stumpdiameter":null,"riskratingdate":null,"riskrating":null,"objectid":"10142838","globalid":"F69BFB9F-0AE4-4A84-919B-21F82F226268","tpstructure":"Full","plantingspaceglobalid":"BF82EF39-FB65-4552-A9AC-7ABC76ABB356","createddate":"2019-11-29 19:56:00.0000000","dbh":"3","planteddate":"2019-11-25 05:00:00.0000000","updateddate":null,"geometry":"POINT(-73.84250848365971 40.72732173833361)","genusspecies":"Quercus bicolor - swamp white oak"}},{"type":"Feature","geometry":{"type":"Point","coordinates":[-73.8416440868518,40.72528651658257]},"properties":{"tpcondition":"Excellent","stumpdiameter":null,"riskratingdate":null,"riskrating":null,"objectid":"10142839","globalid":"A3C686E6-4BD9-48F4-A838-F83327D01AE7","tpstructure":"Full","plantingspaceglobalid":"C7D89250-B5CE-4CCF-BFFD-443E7EBFF17D","createddate":"2019-11-29 19:57:00.0000000","dbh":"3","planteddate":"2019-11-25 05:00:00.0000000","updateddate":null,"geometry":"POINT(-73.8416440868518 40.72528651658257)","genusspecies":"Ostrya virginiana - hophornbeam"}},{"type":"Feature","geometry":{"type":"Point","coordinates":[-73.84149677786313,40.72533515692491]},"properties":{"tpcondition":"Excellent","stumpdiameter":null,"riskratingdate":null,"riskrating":null,"objectid":"10142840","globalid":"B3AC51D3-39EE-45FB-968C-573756CFB380","tpstructure":"Full","plantingspaceglobalid":"DC718AB0-4D17-413B-9BB4-07B37ACAB8A9","createddate":"2019-11-29 19:59:00.0000000","dbh":"3","planteddate":"2019-11-25 05:00:00.0000000","updateddate":null,"geometry":"POINT(-73.84149677786313 40.72533515692491)","genusspecies":"Ostrya virginiana - hophornbeam"}},{"type":"Feature","geometry":{"type":"Point","coordinates":[-73.85532405507739,40.70282353522417]},"properties":{"tpcondition":"Dead","stumpdiameter":null,"riskratingdate":null,"riskrating":null,"objectid":"10142841","globalid":"A82C34BF-A8A4-488E-98F5-39A060B0A726","tpstructure":"Stump - Uprooted","plantingspaceglobalid":"FC527DD7-9CF9-4498-82AD-5B21B3B92D45","createddate":"2019-11-29 20:00:00.0000000","dbh":"3","planteddate":"2019-11-25 05:00:00.0000000","updateddate":"2020-12-29 17:59:03.0000000","geometry":"POINT(-73.85532405507739 40.70282353522417)","genusspecies":"Zelkova serrata 'Mushashino' - 'Mushashino' Zelkova"}},{"type":"Feature","geometry":{"type":"Point","coordinates":[-73.83164242526249,40.69770817582425]},"properties":{"tpcondition":"Dead","stumpdiameter":null,"riskratingdate":"2023-07-06 16:00:13.0000000","riskrating":"5","objectid":"10142842","globalid":"53D3C817-D5FE-41C0-80D6-09757E88CFFC","tpstructure":"Full","plantingspaceglobalid":"E1FA7BF9-19B6-4540-A2EF-E83BC4C8DA09","createddate":"2019-11-29 20:04:00.0000000","dbh":"2","planteddate":"2019-11-25 05:00:00.0000000","updateddate":"2023-07-06 16:00:13.0000000","geometry":"POINT(-73.83164242526249 40.69770817582425)","genusspecies":"Carpinus betulus - European hornbeam"}},{"type":"Feature","geometry":{"type":"Point","coordinates":[-73.83221550755752,40.698871726121546]},"properties":{"tpcondition":"Excellent","stumpdiameter":null,"riskratingdate":null,"riskrating":null,"objectid":"10142843","globalid":"CBB61408-9269-429F-8E58-1D0D734E0677","tpstructure":"Full","plantingspaceglobalid":"54BADDE5-5529-4D03-9793-BDD89BA2ACC4","createddate":"2019-11-29 20:07:00.0000000","dbh":"3","planteddate":"2019-11-25 05:00:00.0000000","updateddate":null,"geometry":"POINT(-73.83221550755752 40.698871726121546)","genusspecies":"Carpinus betulus - European hornbeam"}},{"type":"Feature","geometry":{"type":"Point","coordinates":[-73.83220231962761,40.69851431587489]},"properties":{"tpcondition":"Excellent","stumpdiameter":null,"riskratingdate":null,"riskrating":null,"objectid":"10142844","globalid":"6672D55D-3230-441E-A921-AE5566AE3F3B","tpstructure":"Full","plantingspaceglobalid":"13E5BAB8-539E-4805-98A7-CB2AF4197A80","createddate":"2019-11-29 20:09:00.0000000","dbh":"3","planteddate":"2019-11-25 05:00:00.0000000","updateddate":null,"geometry":"POINT(-73.83220231962761 40.69851431587489)","genusspecies":"Cercis canadensis - eastern redbud"}},{"type":"Feature","geometry":{"type":"Point","coordinates":[-73.84129092887197,40.69255032142435]},"properties":{"tpcondition":"Excellent","stumpdiameter":null,"riskratingdate":null,"riskrating":null,"objectid":"10142845","globalid":"F9EFC6DD-2103-471D-A4EE-EF2207354673","tpstructure":"Full","plantingspaceglobalid":"648E4BA9-F64F-4C6B-A43B-30BDD0B6FD49","createddate":"2019-11-29 20:11:00.0000000","dbh":"3","planteddate":"2019-11-25 05:00:00.0000000","updateddate":null,"geometry":"POINT(-73.84129092887197 40.69255032142435)","genusspecies":"Acer x freemanii 'Autumn Blaze' - 'Autumn Blaze' Freeman maple"}},{"type":"Feature","geometry":{"type":"Point","coordinates":[-73.84014447003355,40.69287872677033]},"properties":{"tpcondition":"Excellent","stumpdiameter":null,"riskratingdate":null,"riskrating":null,"objectid":"10142846","globalid":"FCEE76DE-2A09-4A22-97E5-FBED7A8BFE5B","tpstructure":"Full","plantingspaceglobalid":"CBBE146B-280E-4E88-A167-4156CC30CF0E","createddate":"2019-11-29 20:19:00.0000000","dbh":"3","planteddate":"2019-11-25 05:00:00.0000000","updateddate":null,"geometry":"POINT(-73.84014447003355 40.69287872677033)","genusspecies":"Styrax japonicus 'Emerald Pagoda' - 'Emerald Pagoda' Japanese snowbell"}},{"type":"Feature","geometry":{"type":"Point","coordinates":[-73.84003950650478,40.69292027632062]},"properties":{"tpcondition":"Poor","stumpdiameter":null,"riskratingdate":"2025-03-28 14:37:00.0000000","riskrating":"8","objectid":"10142847","globalid":"C2C60C98-D75F-469D-B66B-5E37486C3BB1","tpstructure":"Stump","plantingspaceglobalid":"72301A80-D3B5-4969-AE5E-14ADA5C3B856","createddate":"2019-11-29 20:20:00.0000000","dbh":"5","planteddate":"2019-11-25 05:00:00.0000000","updateddate":"2025-04-29 18:29:00.0000000","geometry":"POINT(-73.84003950650478 40.69292027632062)","genusspecies":"Cladrastis kentukea - Kentucky yellowwood"}},{"type":"Feature","geometry":{"type":"Point","coordinates":[-73.82732219166324,40.700475231119945]},"properties":{"tpcondition":"Excellent","stumpdiameter":null,"riskratingdate":null,"riskrating":null,"objectid":"10142848","globalid":"5C85CF74-8C85-4432-BE0D-4F7E150DF6A2","tpstructure":"Full","plantingspaceglobalid":"44E0B53B-FBE3-436C-9C7B-938293EB614C","createddate":"2019-11-29 20:46:00.0000000","dbh":"3","planteddate":"2019-11-26 05:00:00.0000000","updateddate":null,"geometry":"POINT(-73.82732219166324 40.700475231119945)","genusspecies":"Platanus x acerifolia 'Bloodgood' - 'Bloodgood' London planetree"}},{"type":"Feature","geometry":{"type":"Point","coordinates":[-73.81442231279335,40.68960902750729]},"properties":{"tpcondition":"Excellent","stumpdiameter":null,"riskratingdate":null,"riskrating":null,"objectid":"10142849","globalid":"F8215914-816B-492B-9F91-E05C6109470F","tpstructure":"Full","plantingspaceglobalid":"49CB6479-8F0A-4B35-8E9E-0F074BA3E951","createddate":"2019-11-29 20:48:00.0000000","dbh":"3","planteddate":"2019-11-26 05:00:00.0000000","updateddate":null,"geometry":"POINT(-73.81442231279335 40.68960902750729)","genusspecies":"Ostrya virginiana - hophornbeam"}},{"type":"Feature","geometry":{"type":"Point","coordinates":[-73.84524886227462,40.67371717942773]},"properties":{"tpcondition":"Good","stumpdiameter":null,"riskratingdate":"2023-12-19 17:07:15.0000000","riskrating":"3","objectid":"10142850","globalid":"385D9648-721F-49D7-9CF4-85CDE5BD9897","tpstructure":"Full","plantingspaceglobalid":"F1D1109A-1ACF-4E26-A339-4B902244CBCF","createddate":"2019-11-29 20:58:00.0000000","dbh":"3","planteddate":"2019-11-26 05:00:00.0000000","updateddate":"2023-12-19 17:07:15.0000000","geometry":"POINT(-73.84524886227462 40.67371717942773)","genusspecies":"Cladrastis kentukea - Kentucky yellowwood"}},{"type":"Feature","geometry":{"type":"Point","coordinates":[-73.81328744449931,40.67332295647357]},"properties":{"tpcondition":"Good","stumpdiameter":null,"riskratingdate":"2025-08-29 15:24:08.0000000","riskrating":"3","objectid":"10142851","globalid":"7EBE2650-C82D-4A05-93DC-86F4FD643976","tpstructure":"Full","plantingspaceglobalid":"11BC2927-303A-4C3A-AE48-9B0DC2A839E7","createddate":"2019-11-29 21:00:00.0000000","dbh":"4","planteddate":"2019-11-26 05:00:00.0000000","updateddate":"2025-08-29 15:24:08.0000000","geometry":"POINT(-73.81328744449931 40.67332295647357)","genusspecies":"Quercus bicolor - swamp white oak"}},{"type":"Feature","geometry":{"type":"Point","coordinates":[-73.84310279002737,40.69265903200119]},"properties":{"tpcondition":"Excellent","stumpdiameter":null,"riskratingdate":null,"riskrating":null,"objectid":"10143251","globalid":"384B61A5-8832-42FE-9E44-C5B872ACEE5A","tpstructure":"Full","plantingspaceglobalid":"8056BDD5-4F06-427A-9AF9-6E4CF89276FB","createddate":"2019-11-29 20:06:00.0000000","dbh":"3","planteddate":"2019-11-25 05:00:00.0000000","updateddate":null,"geometry":"POINT(-73.84310279002737 40.69265903200119)","genusspecies":"Tilia americana 'Redmond' - 'Redmond' American linden"}},{"type":"Feature","geometry":{"type":"Point","coordinates":[-73.82728326907244,40.70039416421891]},"properties":{"tpcondition":"Excellent","stumpdiameter":null,"riskratingdate":null,"riskrating":null,"objectid":"10143252","globalid":"3EA0BBF0-2127-43DF-901F-B0754EC2E8AD","tpstructure":"Full","plantingspaceglobalid":"58D75F79-BA59-409A-AFFB-7D8DF36AC782","createddate":"2019-11-29 20:47:00.0000000","dbh":"3","planteddate":"2019-11-26 05:00:00.0000000","updateddate":null,"geometry":"POINT(-73.82728326907244 40.70039416421891)","genusspecies":"Platanus x acerifolia 'Bloodgood' - 'Bloodgood' London planetree"}},{"type":"Feature","geometry":{"type":"Point","coordinates":[-73.81333625161464,40.67321680461454]},"properties":{"tpcondition":"Excellent","stumpdiameter":null,"riskratingdate":null,"riskrating":null,"objectid":"10143253","globalid":"85C02BB9-EF72-4E3B-98B9-329DE778AC84","tpstructure":"Retired","plantingspaceglobalid":"FF1F2963-ADE7-42D3-815A-047193B1F2AC","createddate":"2019-11-29 21:01:00.0000000","dbh":"3","planteddate":"2019-11-26 05:00:00.0000000","updateddate":"2025-08-29 15:18:57.0000000","geometry":"POINT(-73.81333625161464 40.67321680461454)","genusspecies":"Quercus bicolor - swamp white oak"}},{"type":"Feature","geometry":{"type":"Point","coordinates":[-73.83203943863332,40.651222339229506]},"properties":{"tpcondition":"Good","stumpdiameter":null,"riskratingdate":"2021-12-27 18:40:17.0000000","riskrating":"4","objectid":"10143694","globalid":"988404BF-A538-4E7B-962D-A44394E61C0E","tpstructure":"Full","plantingspaceglobalid":"3543A5A3-0F09-4C0D-A9D5-F430233B923D","createddate":"2019-11-29 20:55:00.0000000","dbh":"3","planteddate":"2019-11-26 05:00:00.0000000","updateddate":"2021-12-27 18:40:17.0000000","geometry":"POINT(-73.83203943863332 40.651222339229506)","genusspecies":"Styphnolobium japonicum 'Millstone' - 'Millstone' Japanese pagodatree"}},{"type":"Feature","geometry":{"type":"Point","coordinates":[-73.953248573015,40.77755973504896]},"properties":{"tpcondition":"Fair","stumpdiameter":null,"riskratingdate":"2019-11-30 13:23:42.0000000","riskrating":"6","objectid":"10144112","globalid":"F9D5D765-A65C-4CD2-9E4F-2CF0BDC73DF1","tpstructure":"Full","plantingspaceglobalid":"6A8C388C-EF45-42F8-B3AF-F878E44C47A0","createddate":"2019-11-30 13:23:00.0000000","dbh":"5","planteddate":null,"updateddate":"2019-11-30 13:23:42.0000000","geometry":"POINT(-73.953248573015 40.77755973504896)","genusspecies":"Prunus - Cherry"}},{"type":"Feature","geometry":{"type":"Point","coordinates":[-73.95294022769305,40.77742251392949]},"properties":{"tpcondition":"Fair","stumpdiameter":null,"riskratingdate":"2019-11-30 14:03:10.0000000","riskrating":"5","objectid":"10144113","globalid":"6A4E0305-D13D-4FC3-AF30-DF03F4F47C34","tpstructure":"Full","plantingspaceglobalid":"43A76DB8-C793-4443-8AEB-0FB852745B0D","createddate":"2019-11-30 14:02:00.0000000","dbh":"4","planteddate":null,"updateddate":"2019-11-30 14:03:10.0000000","geometry":"POINT(-73.95294022769305 40.77742251392949)","genusspecies":"Carpinus caroliniana - American hornbeam"}},{"type":"Feature","geometry":{"type":"Point","coordinates":[-73.95283534721045,40.77737720347511]},"properties":{"tpcondition":"Good","stumpdiameter":null,"riskratingdate":"2019-11-30 14:28:58.0000000","riskrating":"5","objectid":"10144114","globalid":"36903F0D-A9C9-48D6-A7AF-34E62959E60F","tpstructure":"Full","plantingspaceglobalid":"E6DCBD96-97D1-4A0F-A697-2B2A07BDF222","createddate":"2019-11-30 14:28:00.0000000","dbh":"4","planteddate":null,"updateddate":"2019-11-30 14:28:58.0000000","geometry":"POINT(-73.95283534721045 40.77737720347511)","genusspecies":"Carpinus caroliniana - American hornbeam"}},{"type":"Feature","geometry":{"type":"Point","coordinates":[-73.9567766427508,40.77915922667959]},"properties":{"tpcondition":"Fair","stumpdiameter":null,"riskratingdate":"2019-11-30 15:23:52.0000000","riskrating":"6","objectid":"10144115","globalid":"15A3120B-117A-4B58-A9EF-7AA85DC0F7DA","tpstructure":"Full","plantingspaceglobalid":"DD8B2DAB-B58E-4EF9-BA6B-E7B1383E82B7","createddate":"2019-11-30 15:23:00.0000000","dbh":"11","planteddate":null,"updateddate":"2019-11-30 15:23:52.0000000","geometry":"POINT(-73.9567766427508 40.77915922667959)","genusspecies":"Gleditsia triacanthos var. inermis - Thornless honeylocust"}},{"type":"Feature","geometry":{"type":"Point","coordinates":[-73.94735232077822,40.841376544042916]},"properties":{"tpcondition":"Poor","stumpdiameter":null,"riskratingdate":"2019-12-03 17:40:00.0000000","riskrating":"9","objectid":"10144116","globalid":"16C42873-9D52-44A1-AF03-5396402B365B","tpstructure":"Stump","plantingspaceglobalid":"5C5B7921-8700-4DEB-B514-36AFFA31BE91","createddate":"2019-11-30 16:25:00.0000000","dbh":"24","planteddate":null,"updateddate":"2020-01-09 19:10:00.0000000","geometry":"POINT(-73.94735232077822 40.841376544042916)","genusspecies":"Ailanthus altissima - tree of heaven"}},{"type":"Feature","geometry":{"type":"Point","coordinates":[-73.95289295303171,40.77740128465842]},"properties":{"tpcondition":"Good","stumpdiameter":null,"riskratingdate":"2019-11-30 14:27:57.0000000","riskrating":"5","objectid":"10144519","globalid":"9D5C1766-4152-4353-8778-015F33FBE8FD","tpstructure":"Full","plantingspaceglobalid":"70C696EC-5ECC-4D84-840A-FDD866CEDEE2","createddate":"2019-11-30 14:27:00.0000000","dbh":"4","planteddate":null,"updateddate":"2019-11-30 14:27:57.0000000","geometry":"POINT(-73.95289295303171 40.77740128465842)","genusspecies":"Carpinus caroliniana - American hornbeam"}},{"type":"Feature","geometry":{"type":"Point","coordinates":[-73.81629723536925,40.758244817045984]},"properties":{"tpcondition":"Fair","stumpdiameter":null,"riskratingdate":"2020-04-17 15:53:03.0000000","riskrating":"5","objectid":"10145010","globalid":"A1F77264-D546-4010-8FAD-9100FEBF1C4D","tpstructure":"Full","plantingspaceglobalid":"C2DCF7AC-D26D-4131-9978-4E00FBA65FB5","createddate":"2019-12-01 22:30:00.0000000","dbh":"9","planteddate":null,"updateddate":"2020-04-17 15:53:03.0000000","geometry":"POINT(-73.81629723536925 40.758244817045984)","genusspecies":"Prunus serrulata 'Not Green leaf' - 'Not Green leaf' Japanese flowering cherry"}},{"type":"Feature","geometry":{"type":"Point","coordinates":[-73.81595271518461,40.758347373116706]},"properties":{"tpcondition":"Dead","stumpdiameter":"30","riskratingdate":"2019-12-01 22:35:00.0000000","riskrating":"3","objectid":"10145011","globalid":"307CDF63-2522-46E7-B500-A693CD5CEE6D","tpstructure":"Retired","plantingspaceglobalid":"3786A61F-D86A-4BC7-9C5E-4C2C30254739","createddate":"2019-12-01 22:33:00.0000000","dbh":"31","planteddate":null,"updateddate":"2021-02-03 13:22:00.0000000","geometry":"POINT(-73.81595271518461 40.758347373116706)","genusspecies":"Platanus x acerifolia - London planetree"}},{"type":"Feature","geometry":{"type":"Point","coordinates":[-73.81591931918209,40.75835617386422]},"properties":{"tpcondition":"Dead","stumpdiameter":"34","riskratingdate":"2019-12-01 22:37:00.0000000","riskrating":"5","objectid":"10145012","globalid":"9ED36E35-4310-45B5-9B94-3DB52F5FB5F4","tpstructure":"Retired","plantingspaceglobalid":"73038D49-1E80-4EE0-9D7B-F1238E955B6D","createddate":"2019-12-01 22:36:00.0000000","dbh":"34","planteddate":null,"updateddate":"2021-02-03 13:22:00.0000000","geometry":"POINT(-73.81591931918209 40.75835617386422)","genusspecies":"Platanus x acerifolia - London planetree"}},{"type":"Feature","geometry":{"type":"Point","coordinates":[-73.81564836326771,40.7584340889038]},"properties":{"tpcondition":"Fair","stumpdiameter":null,"riskratingdate":"2019-12-01 22:44:21.0000000","riskrating":"3","objectid":"10145013","globalid":"B1B7F369-D1E4-4774-8E99-3C1BF9B43B51","tpstructure":"Full","plantingspaceglobalid":"47FE6FDB-FE07-4078-BA76-44FE6CEC26B9","createddate":"2019-12-01 22:42:00.0000000","dbh":"5","planteddate":null,"updateddate":"2019-12-01 22:44:21.0000000","geometry":"POINT(-73.81564836326771 40.7584340889038)","genusspecies":"Prunus serrulata 'Green leaf' - 'Green leaf' Japanese flowering cherry"}},{"type":"Feature","geometry":{"type":"Point","coordinates":[-73.81515996806472,40.758555604940135]},"properties":{"tpcondition":"Fair","stumpdiameter":null,"riskratingdate":"2019-12-01 22:53:18.0000000","riskrating":"5","objectid":"10145014","globalid":"BAB7C4B6-CB8F-4EFC-81B3-12CDA8F422F5","tpstructure":"Full","plantingspaceglobalid":"5D6A50FA-BF1E-4F9C-8E49-CBBD74012FAE","createddate":"2019-12-01 22:51:00.0000000","dbh":"9","planteddate":null,"updateddate":"2019-12-01 22:53:17.0000000","geometry":"POINT(-73.81515996806472 40.758555604940135)","genusspecies":"Zelkova serrata - Japanese zelkova"}},{"type":"Feature","geometry":{"type":"Point","coordinates":[-73.8148954405836,40.758634972376704]},"properties":{"tpcondition":"Fair","stumpdiameter":null,"riskratingdate":"2019-12-01 22:56:05.0000000","riskrating":"3","objectid":"10145015","globalid":"2654D3A8-2A75-435C-9A4E-76ED9BE0BF0F","tpstructure":"Full","plantingspaceglobalid":"6191F0C2-89F2-4B7E-BB2C-A84FF803ECB3","createddate":"2019-12-01 22:54:00.0000000","dbh":"19","planteddate":null,"updateddate":"2019-12-01 22:56:05.0000000","geometry":"POINT(-73.8148954405836 40.758634972376704)","genusspecies":"Gleditsia triacanthos var. inermis - Thornless honeylocust"}},{"type":"Feature","geometry":{"type":"Point","coordinates":[-73.81453893050926,40.758733005850665]},"properties":{"tpcondition":"Fair","stumpdiameter":null,"riskratingdate":"2019-12-01 22:59:23.0000000","riskrating":"3","objectid":"10145016","globalid":"0A6DE84B-7FBD-47F3-866A-03C0D9AE3846","tpstructure":"Full","plantingspaceglobalid":"2E7FF3FD-A1F5-497B-BA5A-C09DD54DE0C4","createddate":"2019-12-01 22:57:00.0000000","dbh":"5","planteddate":null,"updateddate":"2019-12-01 22:59:23.0000000","geometry":"POINT(-73.81453893050926 40.758733005850665)","genusspecies":"Platanus x acerifolia - London planetree"}},{"type":"Feature","geometry":{"type":"Point","coordinates":[-73.81466943768767,40.75870061339392]},"properties":{"tpcondition":"Fair","stumpdiameter":null,"riskratingdate":"2019-12-01 23:03:56.0000000","riskrating":"3","objectid":"10145017","globalid":"F5737A56-5B30-4E46-80DF-DD56AA375F4D","tpstructure":"Full","plantingspaceglobalid":"49CA5678-E99A-4A1D-9335-F4BB7DA5A4A1","createddate":"2019-12-01 23:02:00.0000000","dbh":"4","planteddate":null,"updateddate":"2019-12-01 23:03:56.0000000","geometry":"POINT(-73.81466943768767 40.75870061339392)","genusspecies":"Platanus x acerifolia - London planetree"}},{"type":"Feature","geometry":{"type":"Point","coordinates":[-73.81554211982667,40.75845777872122]},"properties":{"tpcondition":"Good","stumpdiameter":null,"riskratingdate":"2019-12-01 22:46:31.0000000","riskrating":"3","objectid":"10145413","globalid":"F5125B4E-6AF2-4A49-9540-0718C53BB674","tpstructure":"Full","plantingspaceglobalid":"B68F4F2C-71C4-4EA1-82CF-26021073FD64","createddate":"2019-12-01 22:45:00.0000000","dbh":"4","planteddate":null,"updateddate":"2019-12-01 22:46:31.0000000","geometry":"POINT(-73.81554211982667 40.75845777872122)","genusspecies":"Prunus serrulata 'Green leaf' - 'Green leaf' Japanese flowering cherry"}},{"type":"Feature","geometry":{"type":"Point","coordinates":[-73.81545790288965,40.75847863203287]},"properties":{"tpcondition":"Dead","stumpdiameter":"13","riskratingdate":"2019-12-10 14:39:00.0000000","riskrating":"4","objectid":"10145414","globalid":"1560047E-AAE4-436B-8479-2CE36E440CA0","tpstructure":"Stump","plantingspaceglobalid":"B61D97CC-9A8F-4987-B65F-54E7A5F05857","createddate":"2019-12-01 22:48:00.0000000","dbh":null,"planteddate":null,"updateddate":"2024-04-24 17:30:03.0000000","geometry":"POINT(-73.81545790288965 40.75847863203287)","genusspecies":"Acer platanoides - Norway maple"}},{"type":"Feature","geometry":{"type":"Point","coordinates":[-73.81526987258131,40.75853706089099]},"properties":{"tpcondition":"Fair","stumpdiameter":null,"riskratingdate":"2019-12-01 22:51:07.0000000","riskrating":"3","objectid":"10145415","globalid":"715D4608-15BC-47C1-8C79-3F3CC49DA414","tpstructure":"Full","plantingspaceglobalid":"87FC3644-D0B1-42D8-BA52-E40DF8CE9989","createddate":"2019-12-01 22:49:00.0000000","dbh":"14","planteddate":null,"updateddate":"2019-12-01 22:51:07.0000000","geometry":"POINT(-73.81526987258131 40.75853706089099)","genusspecies":"Zelkova serrata - Japanese zelkova"}},{"type":"Feature","geometry":{"type":"Point","coordinates":[-73.81461867411298,40.75870791852474]},"properties":{"tpcondition":"Fair","stumpdiameter":null,"riskratingdate":"2019-12-01 23:01:42.0000000","riskrating":"3","objectid":"10145416","globalid":"95185820-D1C0-4C32-90E2-29645CC1D1A9","tpstructure":"Full","plantingspaceglobalid":"48578FCB-D7DF-4889-970F-88CEA5411F9D","createddate":"2019-12-01 23:00:00.0000000","dbh":"4","planteddate":null,"updateddate":"2019-12-01 23:01:42.0000000","geometry":"POINT(-73.81461867411298 40.75870791852474)","genusspecies":"Platanus x acerifolia - London planetree"}},{"type":"Feature","geometry":{"type":"Point","coordinates":[-73.81660727348081,40.758479932867694]},"properties":{"tpcondition":"Fair","stumpdiameter":null,"riskratingdate":"2019-12-01 23:12:14.0000000","riskrating":"3","objectid":"10145822","globalid":"34493C8D-E319-43F6-9A8A-71E55EDF957E","tpstructure":"Full","plantingspaceglobalid":"5AD59BE6-AA40-4073-AC2D-123D63708CB4","createddate":"2019-12-01 23:10:00.0000000","dbh":"15","planteddate":null,"updateddate":"2019-12-01 23:12:14.0000000","geometry":"POINT(-73.81660727348081 40.758479932867694)","genusspecies":"Quercus palustris - pin oak"}},{"type":"Feature","geometry":{"type":"Point","coordinates":[-73.81675393766946,40.758779864966705]},"properties":{"tpcondition":"Fair","stumpdiameter":null,"riskratingdate":null,"riskrating":null,"objectid":"10145823","globalid":"8580EA74-BFE2-4F71-B6BC-8AB566ADFFE3","tpstructure":"Full","plantingspaceglobalid":"78DAD988-DD24-4A4E-8416-FA1056FF5FFB","createddate":"2019-12-01 23:19:00.0000000","dbh":"13","planteddate":null,"updateddate":null,"geometry":"POINT(-73.81675393766946 40.758779864966705)","genusspecies":"Koelreuteria paniculata - goldenrain tree"}},{"type":"Feature","geometry":{"type":"Point","coordinates":[-73.81659238204907,40.758896774964875]},"properties":{"tpcondition":"Fair","stumpdiameter":null,"riskratingdate":"2019-12-01 23:24:07.0000000","riskrating":"3","objectid":"10145824","globalid":"3F5D8DE0-C9CE-4D15-8FD1-5DCD2F00A507","tpstructure":"Full","plantingspaceglobalid":"E22BCBB4-DBCE-4B3F-907A-81B23ED1B0BE","createddate":"2019-12-01 23:22:00.0000000","dbh":"12","planteddate":null,"updateddate":"2019-12-01 23:24:07.0000000","geometry":"POINT(-73.81659238204907 40.758896774964875)","genusspecies":"Prunus serrulata 'Green leaf' - 'Green leaf' Japanese flowering cherry"}},{"type":"Feature","geometry":{"type":"Point","coordinates":[-73.81599712216529,40.75905256353884]},"properties":{"tpcondition":"Fair","stumpdiameter":null,"riskratingdate":"2019-12-01 23:33:50.0000000","riskrating":"5","objectid":"10145825","globalid":"F39BA8A1-8475-44AA-8894-7207652852C4","tpstructure":"Full","plantingspaceglobalid":"713EE6EB-D058-4564-867D-0F93A5288D7B","createddate":"2019-12-01 23:31:00.0000000","dbh":"4","planteddate":null,"updateddate":"2019-12-01 23:33:50.0000000","geometry":"POINT(-73.81599712216529 40.75905256353884)","genusspecies":"Crataegus - Hawthorn"}},{"type":"Feature","geometry":{"type":"Point","coordinates":[-73.81571322826959,40.759134507711636]},"properties":{"tpcondition":"Fair","stumpdiameter":null,"riskratingdate":"2019-12-01 23:38:37.0000000","riskrating":"5","objectid":"10145826","globalid":"2CF44292-5C4F-48F0-8300-4647341169B2","tpstructure":"Full","plantingspaceglobalid":"52F648E9-3F2E-4DCD-B13B-DFABD613189B","createddate":"2019-12-01 23:37:00.0000000","dbh":"19","planteddate":null,"updateddate":"2019-12-01 23:38:37.0000000","geometry":"POINT(-73.81571322826959 40.759134507711636)","genusspecies":"Gleditsia triacanthos var. inermis - Thornless honeylocust"}},{"type":"Feature","geometry":{"type":"Point","coordinates":[-73.81538994615259,40.75921836772259]},"properties":{"tpcondition":"Fair","stumpdiameter":null,"riskratingdate":"2019-12-01 23:48:56.0000000","riskrating":"5","objectid":"10145827","globalid":"D827C86A-D4E7-40A2-9F7F-3E87F13E3F3B","tpstructure":"Full","plantingspaceglobalid":"AF460A65-2794-47D1-B498-24C23F20A55E","createddate":"2019-12-01 23:46:00.0000000","dbh":"20","planteddate":null,"updateddate":"2019-12-01 23:48:56.0000000","geometry":"POINT(-73.81538994615259 40.75921836772259)","genusspecies":"Pyrus calleryana - Callery pear"}},{"type":"Feature","geometry":{"type":"Point","coordinates":[-73.81553053140523,40.75918034254638]},"properties":{"tpcondition":"Fair","stumpdiameter":null,"riskratingdate":"2019-12-02 00:04:02.0000000","riskrating":"3","objectid":"10145828","globalid":"55BD7502-5AAC-40E6-8CD5-241D780508FE","tpstructure":"Full","plantingspaceglobalid":"44FF7578-60A3-47D0-A591-AE71F3E063F9","createddate":"2019-12-02 00:02:00.0000000","dbh":"7","planteddate":null,"updateddate":"2019-12-02 00:04:01.0000000","geometry":"POINT(-73.81553053140523 40.75918034254638)","genusspecies":"Acer palmatum - Japanese maple"}},{"type":"Feature","geometry":{"type":"Point","coordinates":[-73.81522777724106,40.759376192183844]},"properties":{"tpcondition":"Fair","stumpdiameter":null,"riskratingdate":"2019-12-02 00:07:45.0000000","riskrating":"5","objectid":"10145829","globalid":"7AE8F1FB-91A3-4451-B34F-84446F83B654","tpstructure":"Full","plantingspaceglobalid":"CC1CD8FF-ACFF-4BCA-BE94-8E0A7AC81D2A","createddate":"2019-12-02 00:06:00.0000000","dbh":"9","planteddate":null,"updateddate":"2019-12-02 00:07:45.0000000","geometry":"POINT(-73.81522777724106 40.759376192183844)","genusspecies":"Zelkova serrata - Japanese zelkova"}},{"type":"Feature","geometry":{"type":"Point","coordinates":[-73.81534106275045,40.75934513399841]},"properties":{"tpcondition":"Fair","stumpdiameter":null,"riskratingdate":"2019-12-02 00:10:17.0000000","riskrating":"5","objectid":"10145830","globalid":"CF3CE5D8-FEE8-41E8-A71E-0AC806CF3F26","tpstructure":"Full","plantingspaceglobalid":"94D60998-935B-457D-BD3D-AC727D2D012E","createddate":"2019-12-02 00:08:00.0000000","dbh":"9","planteddate":null,"updateddate":"2019-12-02 00:10:17.0000000","geometry":"POINT(-73.81534106275045 40.75934513399841)","genusspecies":"Zelkova serrata - Japanese zelkova"}},{"type":"Feature","geometry":{"type":"Point","coordinates":[-73.81585710131452,40.759231274068306]},"properties":{"tpcondition":"Fair","stumpdiameter":null,"riskratingdate":"2019-12-02 00:14:56.0000000","riskrating":"5","objectid":"10145831","globalid":"97132C38-1F70-46EA-B42C-C9AC1F84B172","tpstructure":"Full","plantingspaceglobalid":"1760D434-063B-4E39-AE49-DD7B78C9AB1E","createddate":"2019-12-02 00:13:00.0000000","dbh":"14","planteddate":null,"updateddate":"2019-12-02 00:14:55.0000000","geometry":"POINT(-73.81585710131452 40.759231274068306)","genusspecies":"Acer palmatum - Japanese maple"}},{"type":"Feature","geometry":{"type":"Point","coordinates":[-73.81595904221665,40.7592001942818]},"properties":{"tpcondition":"Fair","stumpdiameter":null,"riskratingdate":"2022-07-07 17:26:21.0000000","riskrating":"8","objectid":"10145832","globalid":"894A7966-DCA1-441C-A6E7-9DABC4723ED7","tpstructure":"Full","plantingspaceglobalid":"C40BC016-3B34-488B-9E46-6E9189DDC194","createddate":"2019-12-02 00:15:00.0000000","dbh":"17","planteddate":null,"updateddate":"2022-07-07 17:26:21.0000000","geometry":"POINT(-73.81595904221665 40.7592001942818)","genusspecies":"Acer platanoides - Norway maple"}},{"type":"Feature","geometry":{"type":"Point","coordinates":[-73.81661414472475,40.75901795716339]},"properties":{"tpcondition":"Fair","stumpdiameter":null,"riskratingdate":"2019-12-02 00:26:19.0000000","riskrating":"6","objectid":"10145833","globalid":"0F191E16-D02D-44AD-A1EA-1286691E2991","tpstructure":"Full","plantingspaceglobalid":"89706262-7A1F-436A-9C52-88C9E15D493A","createddate":"2019-12-02 00:24:00.0000000","dbh":"29","planteddate":null,"updateddate":"2019-12-02 00:26:19.0000000","geometry":"POINT(-73.81661414472475 40.75901795716339)","genusspecies":"Prunus serotina - black cherry"}},{"type":"Feature","geometry":{"type":"Point","coordinates":[-73.8171929063299,40.75801318452427]},"properties":{"tpcondition":"Dead","stumpdiameter":"20","riskratingdate":"2021-01-12 16:27:00.0000000","riskrating":"8","objectid":"10145834","globalid":"E81D9123-CF8C-45A9-BC3A-F9464AFCBEEE","tpstructure":"Retired","plantingspaceglobalid":"A3265EE1-CA21-49D7-A9BD-510164B1E0D9","createddate":"2019-12-02 00:33:00.0000000","dbh":null,"planteddate":null,"updateddate":"2023-08-16 16:11:04.0000000","geometry":"POINT(-73.8171929063299 40.75801318452427)","genusspecies":"Acer pseudoplatanus - sycamore maple"}},{"type":"Feature","geometry":{"type":"Point","coordinates":[-73.81727249186248,40.75800364526588]},"properties":{"tpcondition":"Fair","stumpdiameter":null,"riskratingdate":"2024-07-15 12:43:04.0000000","riskrating":"7","objectid":"10145835","globalid":"206DB542-1D7F-4C54-A0A0-76EA2039E9E0","tpstructure":"Full","plantingspaceglobalid":"344133F2-2730-4F03-AB57-DD858EB1178A","createddate":"2019-12-02 00:37:00.0000000","dbh":"19","planteddate":null,"updateddate":"2024-07-15 12:43:04.0000000","geometry":"POINT(-73.81727249186248 40.75800364526588)","genusspecies":"Acer pseudoplatanus - sycamore maple"}},{"type":"Feature","geometry":{"type":"Point","coordinates":[-73.81175105633066,40.75948632891213]},"properties":{"tpcondition":"Fair","stumpdiameter":null,"riskratingdate":"2019-12-02 01:22:32.0000000","riskrating":"5","objectid":"10145836","globalid":"2AD4FDCA-4E09-4F4D-B841-2FAD6DEE9560","tpstructure":"Full","plantingspaceglobalid":"F592F136-2FC9-455E-A8E0-57FF7FC5FC88","createddate":"2019-12-02 01:19:00.0000000","dbh":"19","planteddate":null,"updateddate":"2019-12-02 01:22:32.0000000","geometry":"POINT(-73.81175105633066 40.75948632891213)","genusspecies":"Quercus palustris - pin oak"}},{"type":"Feature","geometry":{"type":"Point","coordinates":[-73.81270902486952,40.75922993185047]},"properties":{"tpcondition":"Fair","stumpdiameter":null,"riskratingdate":"2019-12-02 01:34:24.0000000","riskrating":"3","objectid":"10145839","globalid":"020EC7B4-B81D-4956-B8B2-A840CA474D15","tpstructure":"Full","plantingspaceglobalid":"D6E90009-ED6B-47DC-8F6B-432E2C42BEF4","createddate":"2019-12-02 01:32:00.0000000","dbh":"11","planteddate":null,"updateddate":"2019-12-02 01:34:24.0000000","geometry":"POINT(-73.81270902486952 40.75922993185047)","genusspecies":"Quercus palustris - pin oak"}},{"type":"Feature","geometry":{"type":"Point","coordinates":[-73.81676279066669,40.75879777996629]},"properties":{"tpcondition":"Fair","stumpdiameter":null,"riskratingdate":"2020-04-17 15:53:27.0000000","riskrating":"5","objectid":"10146225","globalid":"869B870E-3C5E-49E4-B2E2-F174588CA9CE","tpstructure":"Full","plantingspaceglobalid":"8D287C3C-6CB1-4E29-923C-85EFF519F00C","createddate":"2019-12-01 23:20:00.0000000","dbh":"13","planteddate":null,"updateddate":"2020-04-17 15:53:27.0000000","geometry":"POINT(-73.81676279066669 40.75879777996629)","genusspecies":"Koelreuteria paniculata - goldenrain tree"}},{"type":"Feature","geometry":{"type":"Point","coordinates":[-73.81633383694617,40.7589631353874]},"properties":{"tpcondition":"Fair","stumpdiameter":null,"riskratingdate":"2019-12-01 23:28:27.0000000","riskrating":"3","objectid":"10146226","globalid":"7D2A5AAB-ED13-4C8D-BE02-7CB103F12E82","tpstructure":"Full","plantingspaceglobalid":"25A2368B-F295-4EB8-ACFC-85D9C3AFE3F7","createddate":"2019-12-01 23:26:00.0000000","dbh":"21","planteddate":null,"updateddate":"2019-12-01 23:28:27.0000000","geometry":"POINT(-73.81633383694617 40.7589631353874)","genusspecies":"Aesculus hippocastanum - horse chestnut"}},{"type":"Feature","geometry":{"type":"Point","coordinates":[-73.8160495942273,40.75903607019047]},"properties":{"tpcondition":"Fair","stumpdiameter":null,"riskratingdate":"2019-12-01 23:30:51.0000000","riskrating":"6","objectid":"10146227","globalid":"019440F9-9433-4FE8-8622-EF08710035D8","tpstructure":"Full","plantingspaceglobalid":"D4172857-37E2-4047-8E00-A8917C6E0506","createddate":"2019-12-01 23:29:00.0000000","dbh":"4","planteddate":null,"updateddate":"2019-12-01 23:30:51.0000000","geometry":"POINT(-73.8160495942273 40.75903607019047)","genusspecies":"Crataegus - Hawthorn"}},{"type":"Feature","geometry":{"type":"Point","coordinates":[-73.81567931791575,40.75913770999164]},"properties":{"tpcondition":"Fair","stumpdiameter":null,"riskratingdate":"2019-12-01 23:41:36.0000000","riskrating":"5","objectid":"10146228","globalid":"D7C23562-1374-495C-8B7F-617F6B61ED53","tpstructure":"Full","plantingspaceglobalid":"F45088A8-A0C5-4566-B8D9-8A2451B39892","createddate":"2019-12-01 23:39:00.0000000","dbh":"10","planteddate":null,"updateddate":"2019-12-01 23:41:36.0000000","geometry":"POINT(-73.81567931791575 40.75913770999164)","genusspecies":"Acer - maple"}},{"type":"Feature","geometry":{"type":"Point","coordinates":[-73.81547765228912,40.75919764013308]},"properties":{"tpcondition":"Fair","stumpdiameter":null,"riskratingdate":"2019-12-01 23:45:56.0000000","riskrating":"3","objectid":"10146229","globalid":"1356B1D5-8A20-4FF5-8B2B-96EA2D863837","tpstructure":"Full","plantingspaceglobalid":"18ED1E55-F3E2-41EA-8D55-400CAF64EB07","createddate":"2019-12-01 23:44:00.0000000","dbh":"7","planteddate":null,"updateddate":"2019-12-01 23:45:56.0000000","geometry":"POINT(-73.81547765228912 40.75919764013308)","genusspecies":"Acer palmatum - Japanese maple"}},{"type":"Feature","geometry":{"type":"Point","coordinates":[-73.81581363490398,40.75925031204415]},"properties":{"tpcondition":"Fair","stumpdiameter":null,"riskratingdate":"2019-12-02 00:12:55.0000000","riskrating":"5","objectid":"10146230","globalid":"1B9AB703-6476-493F-B138-27344992CE3A","tpstructure":"Full","plantingspaceglobalid":"6FB2CBB4-52D2-4640-BD66-54732F8DECA9","createddate":"2019-12-02 00:11:00.0000000","dbh":"31","planteddate":null,"updateddate":"2019-12-02 00:12:55.0000000","geometry":"POINT(-73.81581363490398 40.75925031204415)","genusspecies":"Gleditsia triacanthos var. inermis - Thornless honeylocust"}},{"type":"Feature","geometry":{"type":"Point","coordinates":[-73.8167324867963,40.7581364127622]},"properties":{"tpcondition":"Fair","stumpdiameter":null,"riskratingdate":"2019-12-02 00:30:43.0000000","riskrating":"5","objectid":"10146232","globalid":"47A85F46-E3A9-4512-8C01-BC2FB6863BD6","tpstructure":"Full","plantingspaceglobalid":"AB117A10-89C5-4DC3-ACC7-62E00FFD8F07","createddate":"2019-12-02 00:29:00.0000000","dbh":"38","planteddate":null,"updateddate":"2019-12-02 00:30:43.0000000","geometry":"POINT(-73.8167324867963 40.7581364127622)","genusspecies":"Acer saccharinum - silver maple"}},{"type":"Feature","geometry":{"type":"Point","coordinates":[-73.81722426497522,40.75801035744115]},"properties":{"tpcondition":"Good","stumpdiameter":null,"riskratingdate":"2019-12-02 00:37:05.0000000","riskrating":"5","objectid":"10146233","globalid":"9CB9473B-0510-4839-A041-D9A529111166","tpstructure":"Full","plantingspaceglobalid":"88A5D5B9-8176-4DD0-BB1F-76F388B0648F","createddate":"2019-12-02 00:35:00.0000000","dbh":"6","planteddate":null,"updateddate":"2019-12-02 00:37:05.0000000","geometry":"POINT(-73.81722426497522 40.75801035744115)","genusspecies":"Platanus x acerifolia - London planetree"}},{"type":"Feature","geometry":{"type":"Point","coordinates":[-73.8184446082259,40.75772658211946]},"properties":{"tpcondition":"Poor","stumpdiameter":null,"riskratingdate":"2019-12-11 14:00:49.0000000","riskrating":"3","objectid":"10146234","globalid":"55F54D60-15D1-410C-A7A0-5BBD7B4EA6FA","tpstructure":"Full","plantingspaceglobalid":"80EFEB32-3123-40C0-815D-F73494B8A0FF","createddate":"2019-12-02 00:44:00.0000000","dbh":"12","planteddate":null,"updateddate":"2019-12-11 14:00:48.0000000","geometry":"POINT(-73.8184446082259 40.75772658211946)","genusspecies":"Acer palmatum - Japanese maple"}},{"type":"Feature","geometry":{"type":"Point","coordinates":[-73.81167063417703,40.75950440087909]},"properties":{"tpcondition":"Fair","stumpdiameter":null,"riskratingdate":"2023-06-14 14:34:49.0000000","riskrating":"6","objectid":"10146235","globalid":"2CFEE3DE-E977-46CD-B92E-4EF90C4B14FA","tpstructure":"Full","plantingspaceglobalid":"83B7CC06-A130-4C33-848D-32781D844974","createddate":"2019-12-02 01:17:00.0000000","dbh":"20","planteddate":null,"updateddate":"2023-06-14 14:34:49.0000000","geometry":"POINT(-73.81167063417703 40.75950440087909)","genusspecies":"Acer platanoides - Norway maple"}},{"type":"Feature","geometry":{"type":"Point","coordinates":[-73.8121336372115,40.7593837502689]},"properties":{"tpcondition":"Fair","stumpdiameter":null,"riskratingdate":"2019-12-02 01:37:21.0000000","riskrating":"3","objectid":"10146237","globalid":"4B07396D-154E-4138-8A0C-722D94C489BB","tpstructure":"Full","plantingspaceglobalid":"B3DDE7AF-204E-4202-8253-C1803DEAA68F","createddate":"2019-12-02 01:35:00.0000000","dbh":"21","planteddate":null,"updateddate":"2019-12-02 01:37:21.0000000","geometry":"POINT(-73.8121336372115 40.7593837502689)","genusspecies":"Ginkgo biloba - maidenhair tree"}},{"type":"Feature","geometry":{"type":"Point","coordinates":[-73.81187757771525,40.75945311596893]},"properties":{"tpcondition":"Fair","stumpdiameter":null,"riskratingdate":"2019-12-02 12:02:27.0000000","riskrating":"3","objectid":"10146664","globalid":"58A6D606-7B1D-4EA8-B82D-45FA8C7A4DFE","tpstructure":"Full","plantingspaceglobalid":"CFB97F79-21E2-4B31-9CE1-85975AAB17EB","createddate":"2019-12-02 12:00:00.0000000","dbh":"12","planteddate":null,"updateddate":"2019-12-02 12:02:27.0000000","geometry":"POINT(-73.81187757771525 40.75945311596893)","genusspecies":"Quercus alba - white oak"}},{"type":"Feature","geometry":{"type":"Point","coordinates":[-73.81238378742106,40.758564761307305]},"properties":{"tpcondition":"Fair","stumpdiameter":null,"riskratingdate":"2019-12-02 17:02:00.0000000","riskrating":"3","objectid":"10146665","globalid":"811C22E0-72A3-4C7A-B937-1E66F1195345","tpstructure":"Retired","plantingspaceglobalid":"E53281B2-A04B-4094-B1E3-63A8BFF5FEA0","createddate":"2019-12-02 17:00:00.0000000","dbh":"7","planteddate":null,"updateddate":"2022-10-26 19:34:00.0000000","geometry":"POINT(-73.81238378742106 40.758564761307305)","genusspecies":"Liriodendron tulipifera - tuliptree"}},{"type":"Feature","geometry":{"type":"Point","coordinates":[-73.81201623254195,40.75940532290264]},"properties":{"tpcondition":"Fair","stumpdiameter":null,"riskratingdate":"2019-12-02 12:06:46.0000000","riskrating":"5","objectid":"10147066","globalid":"8969A761-60B6-47FE-90B2-28A68D0BC098","tpstructure":"Full","plantingspaceglobalid":"D2D7F234-1496-4418-8F1B-DDE911EC79D5","createddate":"2019-12-02 12:04:00.0000000","dbh":"28","planteddate":null,"updateddate":"2019-12-02 12:06:46.0000000","geometry":"POINT(-73.81201623254195 40.75940532290264)","genusspecies":"Quercus palustris - pin oak"}},{"type":"Feature","geometry":{"type":"Point","coordinates":[-73.81071896228498,40.75960821727351]},"properties":{"tpcondition":"Fair","stumpdiameter":null,"riskratingdate":"2019-12-02 14:00:14.0000000","riskrating":"3","objectid":"10147067","globalid":"B198895D-A5CB-4265-BE62-2C8267978B84","tpstructure":"Full","plantingspaceglobalid":"814FE557-CD40-49A9-ABA9-35EBA9B55615","createddate":"2019-12-02 13:58:00.0000000","dbh":"5","planteddate":null,"updateddate":"2019-12-02 14:00:14.0000000","geometry":"POINT(-73.81071896228498 40.75960821727351)","genusspecies":"Thuja occidentalis - arborvitae"}},{"type":"Feature","geometry":{"type":"Point","coordinates":[-73.81059309306555,40.75976959041109]},"properties":{"tpcondition":"Good","stumpdiameter":null,"riskratingdate":"2019-12-02 14:12:38.0000000","riskrating":"3","objectid":"10147068","globalid":"F2109C04-6A97-4F8C-B2ED-387C9BA3991A","tpstructure":"Full","plantingspaceglobalid":"6BC51A16-95EF-4EC9-B0A1-8EFB652C2AEE","createddate":"2019-12-02 14:10:00.0000000","dbh":"5","planteddate":null,"updateddate":"2019-12-02 14:12:38.0000000","geometry":"POINT(-73.81059309306555 40.75976959041109)","genusspecies":"Prunus serrulata 'Green leaf' - 'Green leaf' Japanese flowering cherry"}},{"type":"Feature","geometry":{"type":"Point","coordinates":[-73.81532224762093,40.75010939108409]},"properties":{"tpcondition":"Good","stumpdiameter":null,"riskratingdate":"2019-12-02 14:19:17.0000000","riskrating":"6","objectid":"10147069","globalid":"463D3B82-028A-4402-A961-83EAE0627BFA","tpstructure":"Full","plantingspaceglobalid":"D647A13F-4A38-40CF-A8CD-682CD7AB6F7B","createddate":"2019-12-02 14:17:00.0000000","dbh":"9","planteddate":null,"updateddate":"2019-12-02 14:19:17.0000000","geometry":"POINT(-73.81532224762093 40.75010939108409)","genusspecies":"Pyrus calleryana - Callery pear"}},{"type":"Feature","geometry":{"type":"Point","coordinates":[-73.81520672325041,40.749992026546984]},"properties":{"tpcondition":"Good","stumpdiameter":null,"riskratingdate":"2019-12-02 14:24:00.0000000","riskrating":"4","objectid":"10147070","globalid":"CFEDD354-9FE6-464A-A3D5-C5846937C74D","tpstructure":"Full","plantingspaceglobalid":"5D298E31-039A-45BF-B129-23A595CE22D0","createddate":"2019-12-02 14:22:00.0000000","dbh":"5","planteddate":null,"updateddate":"2019-12-02 14:24:00.0000000","geometry":"POINT(-73.81520672325041 40.749992026546984)","genusspecies":"Quercus - Oak"}},{"type":"Feature","geometry":{"type":"Point","coordinates":[-74.23494321107135,40.500954597697294]},"properties":{"tpcondition":"Dead","stumpdiameter":null,"riskratingdate":"2019-12-02 14:47:00.0000000","riskrating":"8","objectid":"10147072","globalid":"3E0C38AB-CF51-4A43-8C6F-E04688DD47B8","tpstructure":"Retired","plantingspaceglobalid":"FE94A356-4F59-40AD-8F05-381579D14A85","createddate":"2019-12-02 14:45:00.0000000","dbh":"30","planteddate":null,"updateddate":"2020-01-08 19:28:00.0000000","geometry":"POINT(-74.23494321107135 40.500954597697294)","genusspecies":"Acer rubrum - red maple"}},{"type":"Feature","geometry":{"type":"Point","coordinates":[-73.96901294040168,40.59535289377494]},"properties":{"tpcondition":"Fair","stumpdiameter":null,"riskratingdate":"2024-01-25 19:15:25.0000000","riskrating":"6","objectid":"10147073","globalid":"5DFF8452-657D-4F43-9B22-69C1061DE555","tpstructure":"Full","plantingspaceglobalid":"72D37F61-C6E1-4B17-955E-726B6307E3EF","createddate":"2019-12-02 15:14:00.0000000","dbh":"27","planteddate":null,"updateddate":"2024-01-25 19:15:25.0000000","geometry":"POINT(-73.96901294040168 40.59535289377494)","genusspecies":"Platanus x acerifolia - London planetree"}},{"type":"Feature","geometry":{"type":"Point","coordinates":[-73.97374701319134,40.596473951204274]},"properties":{"tpcondition":"Fair","stumpdiameter":null,"riskratingdate":"2020-01-24 19:17:32.0000000","riskrating":"3","objectid":"10147074","globalid":"0399FB42-8DD2-45C7-839C-0FA49FD364E0","tpstructure":"Full","plantingspaceglobalid":"4EAA6150-BE4E-4C42-A7B0-6555ED2FBB6D","createddate":"2019-12-02 15:43:00.0000000","dbh":"15","planteddate":null,"updateddate":"2020-01-24 19:17:32.0000000","geometry":"POINT(-73.97374701319134 40.596473951204274)","genusspecies":"Morus - mulberry"}},{"type":"Feature","geometry":{"type":"Point","coordinates":[-73.8523461474411,40.69988765052125]},"properties":{"tpcondition":"Fair","stumpdiameter":null,"riskratingdate":"2020-03-13 13:30:36.0000000","riskrating":"6","objectid":"10147075","globalid":"26A69477-59AF-47C8-A84F-9DC33598721D","tpstructure":"Full","plantingspaceglobalid":"DFC39C06-4BAB-4992-A801-2C27065C8B8B","createddate":"2019-12-02 16:01:00.0000000","dbh":"20","planteddate":"2020-01-02 05:00:00.0000000","updateddate":"2020-03-13 13:30:36.0000000","geometry":"POINT(-73.8523461474411 40.69988765052125)","genusspecies":"Quercus alba - white oak"}},{"type":"Feature","geometry":{"type":"Point","coordinates":[-73.90764523244187,40.89948271137228]},"properties":{"tpcondition":"Dead","stumpdiameter":"28","riskratingdate":"2020-03-16 20:32:36.0000000","riskrating":"8","objectid":"10147497","globalid":"D16C80BF-B0B3-41AE-AA11-894356B8F449","tpstructure":"Retired","plantingspaceglobalid":"52FAAF9D-9989-4C68-A040-EED3DB8A8B94","createddate":"2019-12-02 13:33:00.0000000","dbh":"24","planteddate":null,"updateddate":"2021-12-15 13:59:30.0000000","geometry":"POINT(-73.90764523244187 40.89948271137228)","genusspecies":"Quercus - Oak"}},{"type":"Feature","geometry":{"type":"Point","coordinates":[-73.81063083364472,40.759599352711575]},"properties":{"tpcondition":"Fair","stumpdiameter":null,"riskratingdate":"2022-03-14 18:38:22.0000000","riskrating":"8","objectid":"10147498","globalid":"A2DB5574-C4C4-4BFC-A4F7-C2527FBE8EAF","tpstructure":"Full","plantingspaceglobalid":"125C1961-F752-4102-AE29-E52003003939","createddate":"2019-12-02 13:52:00.0000000","dbh":"13","planteddate":null,"updateddate":"2022-03-14 18:38:21.0000000","geometry":"POINT(-73.81063083364472 40.759599352711575)","genusspecies":"Ulmus pumila - Siberian elm"}},{"type":"Feature","geometry":{"type":"Point","coordinates":[-73.81067188291668,40.76022625135218]},"properties":{"tpcondition":"Fair","stumpdiameter":null,"riskratingdate":"2019-12-02 14:22:01.0000000","riskrating":"5","objectid":"10147499","globalid":"3296FC98-CFD3-4F41-80BE-B1FEF92B1FDD","tpstructure":"Full","plantingspaceglobalid":"BE23A0F5-A2DC-4F0E-95A9-94EAAE728356","createddate":"2019-12-02 14:20:00.0000000","dbh":"11","planteddate":null,"updateddate":"2019-12-02 14:22:01.0000000","geometry":"POINT(-73.81067188291668 40.76022625135218)","genusspecies":"Koelreuteria paniculata - goldenrain tree"}},{"type":"Feature","geometry":{"type":"Point","coordinates":[-73.81527598482985,40.75006788998929]},"properties":{"tpcondition":"Good","stumpdiameter":null,"riskratingdate":"2019-12-02 14:21:27.0000000","riskrating":"6","objectid":"10147500","globalid":"3209A21C-1423-493F-A44D-1DE8A726B4F1","tpstructure":"Full","plantingspaceglobalid":"FA40478B-6E8E-4238-80AB-3CD1B9852CC2","createddate":"2019-12-02 14:20:00.0000000","dbh":"8","planteddate":null,"updateddate":"2019-12-02 14:21:27.0000000","geometry":"POINT(-73.81527598482985 40.75006788998929)","genusspecies":"Crataegus - Hawthorn"}},{"type":"Feature","geometry":{"type":"Point","coordinates":[-73.81066371837015,40.76037989075371]},"properties":{"tpcondition":"Fair","stumpdiameter":null,"riskratingdate":"2019-12-02 14:28:03.0000000","riskrating":"5","objectid":"10147501","globalid":"786019C8-011A-45A1-B094-7B33CC8DF60F","tpstructure":"Full","plantingspaceglobalid":"0AA6ED22-6E79-4F63-BD05-0985889F5745","createddate":"2019-12-02 14:25:00.0000000","dbh":"11","planteddate":null,"updateddate":"2019-12-02 14:28:02.0000000","geometry":"POINT(-73.81066371837015 40.76037989075371)","genusspecies":"Gleditsia triacanthos var. inermis - Thornless honeylocust"}},{"type":"Feature","geometry":{"type":"Point","coordinates":[-74.2352671782977,40.501066016788535]},"properties":{"tpcondition":"Dead","stumpdiameter":"17","riskratingdate":"2019-12-02 14:51:00.0000000","riskrating":"8","objectid":"10147502","globalid":"42339691-73F3-4288-BF2A-E14E2E0CA27E","tpstructure":"Retired","plantingspaceglobalid":"95AA805E-2C6B-4248-9801-D043286AA3CB","createddate":"2019-12-02 14:50:00.0000000","dbh":"16","planteddate":null,"updateddate":"2020-01-08 16:24:00.0000000","geometry":"POINT(-74.2352671782977 40.501066016788535)","genusspecies":"Acer rubrum - red maple"}},{"type":"Feature","geometry":{"type":"Point","coordinates":[-73.80952433131425,40.760713574792014]},"properties":{"tpcondition":"Fair","stumpdiameter":null,"riskratingdate":"2019-12-02 15:06:09.0000000","riskrating":"3","objectid":"10147503","globalid":"4C725279-8D27-4B96-A5C7-F1DF68FF64EF","tpstructure":"Full","plantingspaceglobalid":"D45121B2-A740-47D4-8D38-EBAEDD1338EE","createddate":"2019-12-02 15:04:00.0000000","dbh":"7","planteddate":null,"updateddate":"2019-12-02 15:06:09.0000000","geometry":"POINT(-73.80952433131425 40.760713574792014)","genusspecies":"Aesculus glabra - Ohio buckeye"}},{"type":"Feature","geometry":{"type":"Point","coordinates":[-73.96941939488958,40.595077892043136]},"properties":{"tpcondition":"Dead","stumpdiameter":"24","riskratingdate":"2019-12-02 15:20:00.0000000","riskrating":"9","objectid":"10147504","globalid":"D4708B11-5940-4983-BDE3-A1966CAB6814","tpstructure":"Retired","plantingspaceglobalid":"248B36CB-FD82-460E-93A4-513965B17B6F","createddate":"2019-12-02 15:16:00.0000000","dbh":"26","planteddate":null,"updateddate":"2021-12-20 16:29:00.0000000","geometry":"POINT(-73.96941939488958 40.595077892043136)","genusspecies":"Platanus x acerifolia - London planetree"}},{"type":"Feature","geometry":{"type":"Point","coordinates":[-73.88576008996074,40.67268771565585]},"properties":{"tpcondition":"Dead","stumpdiameter":null,"riskratingdate":"2020-02-13 18:44:33.0000000","riskrating":"3","objectid":"10147926","globalid":"D1FBD08E-A328-429F-825E-D80A54C14AD8","tpstructure":"Full","plantingspaceglobalid":"67454F53-C6F7-4266-905A-005866C5C328","createddate":"2019-12-02 14:20:00.0000000","dbh":"15","planteddate":null,"updateddate":"2020-02-13 18:44:33.0000000","geometry":"POINT(-73.88576008996074 40.67268771565585)","genusspecies":"Unknown - Unknown"}},{"type":"Feature","geometry":{"type":"Point","coordinates":[-73.84173740245542,40.65842733299663]},"properties":{"tpcondition":"Excellent","stumpdiameter":null,"riskratingdate":null,"riskrating":null,"objectid":"10148543","globalid":"F2690F86-6913-495B-B360-A5BC57E97222","tpstructure":"Full","plantingspaceglobalid":"8C3E7FAC-559A-49FE-9647-86BC9156EDD4","createddate":"2019-12-02 18:47:00.0000000","dbh":"3","planteddate":"2019-11-27 05:00:00.0000000","updateddate":null,"geometry":"POINT(-73.84173740245542 40.65842733299663)","genusspecies":"Cladrastis kentukea - Kentucky yellowwood"}},{"type":"Feature","geometry":{"type":"Point","coordinates":[-73.81685219707049,40.751318486985944]},"properties":{"tpcondition":"Dead","stumpdiameter":null,"riskratingdate":"2019-12-02 17:12:00.0000000","riskrating":"4","objectid":"10148946","globalid":"B7AF7B14-9616-4307-8DD5-BA4EDF1C4289","tpstructure":"Retired","plantingspaceglobalid":"F05F0C83-FE65-4803-B825-10B2DE125A6E","createddate":"2019-12-02 17:10:00.0000000","dbh":"5","planteddate":null,"updateddate":"2019-12-26 18:21:00.0000000","geometry":"POINT(-73.81685219707049 40.751318486985944)","genusspecies":"Betula nigra - river birch"}},{"type":"Feature","geometry":{"type":"Point","coordinates":[-73.88456063911548,40.674601838570865]},"properties":{"tpcondition":"Dead","stumpdiameter":"6","riskratingdate":"2019-12-02 17:48:16.0000000","riskrating":"3","objectid":"10148947","globalid":"E9EAB7FC-681F-4725-B034-9A2B73635ADF","tpstructure":"Stump","plantingspaceglobalid":"86F13C44-DFFC-4B81-92CC-F12800C42B36","createddate":"2019-12-02 17:47:00.0000000","dbh":"6","planteddate":null,"updateddate":"2019-12-02 17:48:16.0000000","geometry":"POINT(-73.88456063911548 40.674601838570865)","genusspecies":"Unknown - Unknown"}},{"type":"Feature","geometry":{"type":"Point","coordinates":[-73.88462372046881,40.67459536470191]},"properties":{"tpcondition":"Dead","stumpdiameter":null,"riskratingdate":"2020-02-13 17:05:06.0000000","riskrating":"3","objectid":"10148948","globalid":"D0F17E1D-14DB-4DBB-A9C8-FB6368A97F55","tpstructure":"Full","plantingspaceglobalid":"8D524AAB-050A-4A24-BF7B-312EFA8B7E48","createddate":"2019-12-02 17:50:00.0000000","dbh":"5","planteddate":null,"updateddate":"2020-02-13 17:05:06.0000000","geometry":"POINT(-73.88462372046881 40.67459536470191)","genusspecies":"Unknown - Unknown"}},{"type":"Feature","geometry":{"type":"Point","coordinates":[-73.84237540824151,40.65767715759448]},"properties":{"tpcondition":"Excellent","stumpdiameter":null,"riskratingdate":null,"riskrating":null,"objectid":"10148949","globalid":"6F2E5494-7321-4FAF-8E3C-BE1FA494DED4","tpstructure":"Full","plantingspaceglobalid":"C618EE90-60DC-4F51-AC8A-463C46C08B81","createddate":"2019-12-02 18:42:00.0000000","dbh":"3","planteddate":"2019-11-27 05:00:00.0000000","updateddate":"2019-12-02 18:45:00.0000000","geometry":"POINT(-73.84237540824151 40.65767715759448)","genusspecies":"Prunus x yedoensis - Yoshino cherry"}},{"type":"Feature","geometry":{"type":"Point","coordinates":[-73.83732051001414,40.66039518009966]},"properties":{"tpcondition":"Good","stumpdiameter":null,"riskratingdate":"2021-11-24 14:27:07.0000000","riskrating":"6","objectid":"10148950","globalid":"80F5DEFA-4761-4A4A-A90C-EEC671C6E9B0","tpstructure":"Full","plantingspaceglobalid":"DBBE55FF-2AD4-4158-B275-2C5F16FAAFD8","createddate":"2019-12-02 18:50:00.0000000","dbh":"3","planteddate":"2019-11-27 05:00:00.0000000","updateddate":"2021-11-24 14:27:07.0000000","geometry":"POINT(-73.83732051001414 40.66039518009966)","genusspecies":"Platanus x acerifolia 'Bloodgood' - 'Bloodgood' London planetree"}},{"type":"Feature","geometry":{"type":"Point","coordinates":[-73.84247332152634,40.65813028015687]},"properties":{"tpcondition":"Excellent","stumpdiameter":null,"riskratingdate":null,"riskrating":null,"objectid":"10148951","globalid":"77216997-96BE-4F4A-A10F-1B783A4598C1","tpstructure":"Full","plantingspaceglobalid":"1F409247-75B8-45E2-B074-DF67A8B7360E","createddate":"2019-12-02 19:11:00.0000000","dbh":"3","planteddate":"2019-11-27 05:00:00.0000000","updateddate":null,"geometry":"POINT(-73.84247332152634 40.65813028015687)","genusspecies":"Prunus x yedoensis - Yoshino cherry"}},{"type":"Feature","geometry":{"type":"Point","coordinates":[-73.84195860674555,40.659848676684334]},"properties":{"tpcondition":"Excellent","stumpdiameter":null,"riskratingdate":null,"riskrating":null,"objectid":"10148952","globalid":"0D04532E-D1DF-4A00-8FBF-35CCF0ADF633","tpstructure":"Full","plantingspaceglobalid":"F0B97F37-B41D-4722-B0C3-2DC435AF6AAB","createddate":"2019-12-02 19:15:00.0000000","dbh":"3","planteddate":"2019-11-27 05:00:00.0000000","updateddate":null,"geometry":"POINT(-73.84195860674555 40.659848676684334)","genusspecies":"Cercis canadensis - eastern redbud"}},{"type":"Feature","geometry":{"type":"Point","coordinates":[-73.88486209400408,40.67455560294255]},"properties":{"tpcondition":"Fair","stumpdiameter":null,"riskratingdate":"2025-03-12 17:00:54.0000000","riskrating":"6","objectid":"10149346","globalid":"3B66D178-CE01-455A-B3C6-B9F5DF4B458F","tpstructure":"Full","plantingspaceglobalid":"C68B6FA8-DC24-451A-9184-064A024EFE2C","createddate":"2019-12-02 17:05:00.0000000","dbh":"6","planteddate":null,"updateddate":"2025-03-12 17:00:54.0000000","geometry":"POINT(-73.88486209400408 40.67455560294255)","genusspecies":"Celtis occidentalis - common hackberry"}},{"type":"Feature","geometry":{"type":"Point","coordinates":[-73.77469710616856,40.71388449464058]},"properties":{"tpcondition":"Dead","stumpdiameter":"28","riskratingdate":null,"riskrating":null,"objectid":"10149347","globalid":"CCA87774-44FA-4DEB-A3FE-4207683C5E8D","tpstructure":"Retired","plantingspaceglobalid":"3A464B4A-2624-49D6-8C7D-97BE1B180C89","createddate":"2019-12-02 17:15:00.0000000","dbh":"18","planteddate":null,"updateddate":"2019-12-04 14:55:00.0000000","geometry":"POINT(-73.77469710616856 40.71388449464058)","genusspecies":"Unknown - Unknown"}},{"type":"Feature","geometry":{"type":"Point","coordinates":[-73.84205970535629,40.65975010338051]},"properties":{"tpcondition":"Excellent","stumpdiameter":null,"riskratingdate":null,"riskrating":null,"objectid":"10149348","globalid":"54247CDA-8B29-49C4-A5C9-F703F5E76BC9","tpstructure":"Full","plantingspaceglobalid":"2ACB8413-E00B-426C-9DCF-3C052DE4D360","createddate":"2019-12-02 18:44:00.0000000","dbh":"3","planteddate":"2019-11-27 05:00:00.0000000","updateddate":null,"geometry":"POINT(-73.84205970535629 40.65975010338051)","genusspecies":"Metasequoia glyptostroboides - dawn redwood"}},{"type":"Feature","geometry":{"type":"Point","coordinates":[-73.84138604393216,40.657533535911476]},"properties":{"tpcondition":"Excellent","stumpdiameter":null,"riskratingdate":null,"riskrating":null,"objectid":"10149349","globalid":"88CF198E-423B-4434-A784-2B095EC172A6","tpstructure":"Full","plantingspaceglobalid":"2ABEE052-7B1D-49FE-904C-A71F8E18C172","createddate":"2019-12-02 18:48:00.0000000","dbh":"3","planteddate":"2019-11-27 05:00:00.0000000","updateddate":null,"geometry":"POINT(-73.84138604393216 40.657533535911476)","genusspecies":"Cercis canadensis - eastern redbud"}},{"type":"Feature","geometry":{"type":"Point","coordinates":[-73.8426676544244,40.654490617098794]},"properties":{"tpcondition":"Excellent","stumpdiameter":null,"riskratingdate":null,"riskrating":null,"objectid":"10149350","globalid":"D1468B96-3580-45AE-AE30-C491AA234879","tpstructure":"Full","plantingspaceglobalid":"ADC438D3-676D-41F6-8927-4879B70F72AF","createddate":"2019-12-02 18:52:00.0000000","dbh":"3","planteddate":"2019-11-27 05:00:00.0000000","updateddate":null,"geometry":"POINT(-73.8426676544244 40.654490617098794)","genusspecies":"Metasequoia glyptostroboides - dawn redwood"}},{"type":"Feature","geometry":{"type":"Point","coordinates":[-73.84279383155004,40.654965199553665]},"properties":{"tpcondition":"Excellent","stumpdiameter":null,"riskratingdate":null,"riskrating":null,"objectid":"10149351","globalid":"EF5642C9-6BC7-48C0-B2D4-B1E05767EFE6","tpstructure":"Full","plantingspaceglobalid":"2FD95530-5B6F-4BA6-8A6F-B49C085E991F","createddate":"2019-12-02 18:55:00.0000000","dbh":"3","planteddate":"2019-11-27 05:00:00.0000000","updateddate":null,"geometry":"POINT(-73.84279383155004 40.654965199553665)","genusspecies":"Metasequoia glyptostroboides - dawn redwood"}},{"type":"Feature","geometry":{"type":"Point","coordinates":[-73.93861195523964,40.614094183027774]},"properties":{"tpcondition":"Good","stumpdiameter":null,"riskratingdate":"2019-12-02 18:58:18.0000000","riskrating":"3","objectid":"10149352","globalid":"BD9DF1AD-622B-4ED1-B8B4-665913554258","tpstructure":"Full","plantingspaceglobalid":"E4C295D9-FC75-423C-8F71-6FDE9DF97D79","createddate":"2019-12-02 18:57:00.0000000","dbh":"8","planteddate":null,"updateddate":"2019-12-02 18:58:18.0000000","geometry":"POINT(-73.93861195523964 40.614094183027774)","genusspecies":"Zelkova serrata - Japanese zelkova"}},{"type":"Feature","geometry":{"type":"Point","coordinates":[-73.84255688272515,40.65461939554923]},"properties":{"tpcondition":"Excellent","stumpdiameter":null,"riskratingdate":null,"riskrating":null,"objectid":"10149353","globalid":"24687818-4440-47BD-A9DB-3AD9D923ECE8","tpstructure":"Full","plantingspaceglobalid":"97AAE466-C86B-472F-A259-1FEDAAEE93B2","createddate":"2019-12-02 18:57:00.0000000","dbh":"3","planteddate":"2019-11-27 05:00:00.0000000","updateddate":null,"geometry":"POINT(-73.84255688272515 40.65461939554923)","genusspecies":"Cornus 'Venus' - 'Venus' Dogwood"}},{"type":"Feature","geometry":{"type":"Point","coordinates":[-73.84277438405947,40.65935189418595]},"properties":{"tpcondition":"Excellent","stumpdiameter":null,"riskratingdate":null,"riskrating":null,"objectid":"10149354","globalid":"E2E0E040-BB6B-4671-A5C7-98A5E71DADF6","tpstructure":"Retired","plantingspaceglobalid":"12134279-FE6F-4603-836B-8636C19C0071","createddate":"2019-12-02 18:58:00.0000000","dbh":"3","planteddate":"2019-12-04 05:00:00.0000000","updateddate":"2025-01-23 21:07:00.0000000","geometry":"POINT(-73.84277438405947 40.65935189418595)","genusspecies":"Styrax japonicus 'Emerald Pagoda' - 'Emerald Pagoda' Japanese snowbell"}},{"type":"Feature","geometry":{"type":"Point","coordinates":[-73.84235406059175,40.65762619256374]},"properties":{"tpcondition":"Excellent","stumpdiameter":null,"riskratingdate":null,"riskrating":null,"objectid":"10149355","globalid":"8D8785AA-B0C7-421D-B65A-0272919C7D55","tpstructure":"Full","plantingspaceglobalid":"66F8836C-32CF-4909-AC01-AFAB1DFCC1BC","createddate":"2019-12-02 19:12:00.0000000","dbh":"3","planteddate":"2019-11-27 05:00:00.0000000","updateddate":null,"geometry":"POINT(-73.84235406059175 40.65762619256374)","genusspecies":"Prunus x yedoensis - Yoshino cherry"}},{"type":"Feature","geometry":{"type":"Point","coordinates":[-73.84284833677044,40.65896364713304]},"properties":{"tpcondition":"Excellent","stumpdiameter":null,"riskratingdate":null,"riskrating":null,"objectid":"10149876","globalid":"7D24B595-3976-45C8-8C7F-307069CD9352","tpstructure":"Full","plantingspaceglobalid":"B1ECE508-DA2C-40A3-A2B7-2596419099D3","createddate":"2019-12-02 19:09:00.0000000","dbh":"3","planteddate":"2019-11-27 05:00:00.0000000","updateddate":null,"geometry":"POINT(-73.84284833677044 40.65896364713304)","genusspecies":"Metasequoia glyptostroboides - dawn redwood"}},{"type":"Feature","geometry":{"type":"Point","coordinates":[-73.83753666768195,40.788712520965824]},"properties":{"tpcondition":"Dead","stumpdiameter":null,"riskratingdate":"2019-12-16 13:15:50.0000000","riskrating":"7","objectid":"10150395","globalid":"E8FAF393-6E85-4744-A842-10ED016210B9","tpstructure":"Full","plantingspaceglobalid":"7C88FA5C-8CA0-4A5C-B93F-487B989EAEC5","createddate":"2019-12-03 13:54:00.0000000","dbh":"17","planteddate":null,"updateddate":"2019-12-16 13:15:50.0000000","geometry":"POINT(-73.83753666768195 40.788712520965824)","genusspecies":"Robinia pseudoacacia - black locust"}},{"type":"Feature","geometry":{"type":"Point","coordinates":[-73.94212077434477,40.689303716172006]},"properties":{"tpcondition":"Excellent","stumpdiameter":null,"riskratingdate":null,"riskrating":null,"objectid":"10150396","globalid":"303E2F33-1888-4D04-B496-6C47754C114E","tpstructure":"Full","plantingspaceglobalid":"4869857A-4CE2-437E-8677-769970A5CD0F","createddate":"2019-12-03 14:48:00.0000000","dbh":"3","planteddate":"2019-12-03 05:00:00.0000000","updateddate":"2020-01-09 20:59:44.0000000","geometry":"POINT(-73.94212077434477 40.689303716172006)","genusspecies":"Tilia americana 'Continental Appeal' - 'Continental Appeal' American linden"}},{"type":"Feature","geometry":{"type":"Point","coordinates":[-73.94209436759598,40.68919094999602]},"properties":{"tpcondition":"Excellent","stumpdiameter":null,"riskratingdate":null,"riskrating":null,"objectid":"10150397","globalid":"5F474985-A4E6-40D7-9C08-83E76C31D2D7","tpstructure":"Full","plantingspaceglobalid":"ED23A785-11CC-4275-893E-B77BC0C2BD52","createddate":"2019-12-03 14:49:00.0000000","dbh":"3","planteddate":"2019-12-03 05:00:00.0000000","updateddate":"2020-01-09 21:00:32.0000000","geometry":"POINT(-73.94209436759598 40.68919094999602)","genusspecies":"Tilia americana 'Continental Appeal' - 'Continental Appeal' American linden"}},{"type":"Feature","geometry":{"type":"Point","coordinates":[-73.82055350508935,40.75113822124211]},"properties":{"tpcondition":"Good","stumpdiameter":null,"riskratingdate":"2019-12-03 15:20:36.0000000","riskrating":"7","objectid":"10150400","globalid":"BDAED496-2F0C-4925-A137-D0DFCEF87001","tpstructure":"Full","plantingspaceglobalid":"EFCFAA1E-B80A-432A-811A-20574CB35002","createddate":"2019-12-03 15:19:00.0000000","dbh":"12","planteddate":null,"updateddate":"2019-12-03 15:20:35.0000000","geometry":"POINT(-73.82055350508935 40.75113822124211)","genusspecies":"Gleditsia triacanthos var. inermis - Thornless honeylocust"}},{"type":"Feature","geometry":{"type":"Point","coordinates":[-73.82119406925924,40.750572390995565]},"properties":{"tpcondition":"Good","stumpdiameter":null,"riskratingdate":"2020-12-29 14:44:52.0000000","riskrating":"7","objectid":"10150401","globalid":"5CF51694-8673-4004-A45B-E4E0392D121E","tpstructure":"Full","plantingspaceglobalid":"DD90D440-03DE-47CB-B92B-1F2A1F79EDE6","createddate":"2019-12-03 15:35:00.0000000","dbh":"37","planteddate":null,"updateddate":"2020-12-29 14:44:52.0000000","geometry":"POINT(-73.82119406925923 40.750572390995565)","genusspecies":"Quercus palustris - pin oak"}},{"type":"Feature","geometry":{"type":"Point","coordinates":[-73.78076552639632,40.78971141892025]},"properties":{"tpcondition":"Dead","stumpdiameter":null,"riskratingdate":"2019-12-03 15:39:00.0000000","riskrating":"8","objectid":"10150402","globalid":"2B96CDF1-504D-45B5-A1F8-F86BA0992267","tpstructure":"Stump","plantingspaceglobalid":"561B28BD-912A-40BD-A946-14055F752579","createddate":"2019-12-03 15:37:00.0000000","dbh":"10","planteddate":null,"updateddate":"2022-03-15 18:41:00.0000000","geometry":"POINT(-73.78076552639632 40.78971141892025)","genusspecies":"Betula nigra 'Heritage' - 'Heritage' River birch"}},{"type":"Feature","geometry":{"type":"Point","coordinates":[-73.8207765649439,40.75084568164896]},"properties":{"tpcondition":"Good","stumpdiameter":null,"riskratingdate":"2019-12-03 15:40:41.0000000","riskrating":"6","objectid":"10150403","globalid":"391FF663-14A1-4C93-B71A-A2717A53A85F","tpstructure":"Full","plantingspaceglobalid":"2B2F5EA9-4437-4A7A-8074-919AF576678B","createddate":"2019-12-03 15:39:00.0000000","dbh":"14","planteddate":null,"updateddate":"2019-12-03 15:40:41.0000000","geometry":"POINT(-73.8207765649439 40.75084568164896)","genusspecies":"Gleditsia triacanthos var. inermis - Thornless honeylocust"}},{"type":"Feature","geometry":{"type":"Point","coordinates":[-73.82058930557045,40.75096290844888]},"properties":{"tpcondition":"Good","stumpdiameter":null,"riskratingdate":"2019-12-03 15:43:37.0000000","riskrating":"6","objectid":"10150404","globalid":"67DFE700-0333-4FFE-B186-4CB97BC8D981","tpstructure":"Full","plantingspaceglobalid":"8557E131-8F44-4947-A30B-B1FB2498BD84","createddate":"2019-12-03 15:42:00.0000000","dbh":"7","planteddate":null,"updateddate":"2019-12-03 15:43:37.0000000","geometry":"POINT(-73.82058930557045 40.75096290844888)","genusspecies":"Liquidambar styraciflua - sweetgum"}},{"type":"Feature","geometry":{"type":"Point","coordinates":[-73.78076077441166,40.78972172610057]},"properties":{"tpcondition":"Dead","stumpdiameter":null,"riskratingdate":"2019-12-03 15:45:51.0000000","riskrating":"8","objectid":"10150405","globalid":"A84C7612-537A-48EA-A9C8-7678972E687A","tpstructure":"Full","plantingspaceglobalid":"4F0C603A-EB87-42BF-9D9F-8DC798192F3B","createddate":"2019-12-03 15:44:00.0000000","dbh":"10","planteddate":null,"updateddate":"2019-12-03 15:45:51.0000000","geometry":"POINT(-73.78076077441166 40.78972172610057)","genusspecies":"Betula nigra 'Heritage' - 'Heritage' River birch"}},{"type":"Feature","geometry":{"type":"Point","coordinates":[-73.92438562056364,40.684789970933565]},"properties":{"tpcondition":"Fair","stumpdiameter":null,"riskratingdate":"2021-09-15 14:30:18.0000000","riskrating":"6","objectid":"10150406","globalid":"4ED4A7DE-8B4E-4FAB-9441-0BB53C4D7CF5","tpstructure":"Full","plantingspaceglobalid":"C04F4B6C-8590-4DF9-8F24-7F7D7610D2B1","createddate":"2019-12-03 15:50:00.0000000","dbh":"9","planteddate":null,"updateddate":"2021-09-15 14:30:18.0000000","geometry":"POINT(-73.92438562056364 40.684789970933565)","genusspecies":"Tilia cordata - littleleaf linden"}},{"type":"Feature","geometry":{"type":"Point","coordinates":[-74.1348114941024,40.610071131123846]},"properties":{"tpcondition":"Fair","stumpdiameter":null,"riskratingdate":"2020-11-25 18:55:54.0000000","riskrating":"6","objectid":"10150407","globalid":"E4C58A01-C88A-44E7-8FC2-007B7E18B871","tpstructure":"Full","plantingspaceglobalid":"C59378F8-5A0A-4618-82D6-4947450A2F26","createddate":"2019-12-03 15:55:00.0000000","dbh":"24","planteddate":null,"updateddate":"2020-11-25 18:55:54.0000000","geometry":"POINT(-74.1348114941024 40.610071131123846)","genusspecies":"Platanus x acerifolia - London planetree"}},{"type":"Feature","geometry":{"type":"Point","coordinates":[-73.78069331649576,40.78965842814108]},"properties":{"tpcondition":"Dead","stumpdiameter":null,"riskratingdate":"2019-12-03 15:10:00.0000000","riskrating":"9","objectid":"10151263","globalid":"208E1FCB-A1F1-4330-BA4B-6AA2AC0E259B","tpstructure":"Stump","plantingspaceglobalid":"F0D91A77-9F74-4067-99DF-B28C17E5B4B1","createddate":"2019-12-03 15:08:00.0000000","dbh":"21","planteddate":null,"updateddate":"2022-03-15 18:42:00.0000000","geometry":"POINT(-73.78069331649576 40.78965842814108)","genusspecies":"Carya cordiformis - bitternut hickory"}},{"type":"Feature","geometry":{"type":"Point","coordinates":[-73.78074992928971,40.78970660711295]},"properties":{"tpcondition":"Dead","stumpdiameter":null,"riskratingdate":"2019-12-03 15:32:25.0000000","riskrating":"8","objectid":"10151266","globalid":"D943AACB-5493-459B-9BEC-0B7E32A9F12D","tpstructure":"Full","plantingspaceglobalid":"121F2F92-3882-4D96-B35A-65744CFA9B35","createddate":"2019-12-03 15:29:00.0000000","dbh":"13","planteddate":null,"updateddate":"2019-12-03 15:32:25.0000000","geometry":"POINT(-73.78074992928971 40.78970660711295)","genusspecies":"Betula nigra 'Duraheat' - 'Duraheat' River birch"}},{"type":"Feature","geometry":{"type":"Point","coordinates":[-73.82176716682639,40.75035210013502]},"properties":{"tpcondition":"Good","stumpdiameter":null,"riskratingdate":"2019-12-03 15:31:12.0000000","riskrating":"6","objectid":"10151267","globalid":"3BD393DA-24D5-4602-9BAB-5A7837BD34CB","tpstructure":"Full","plantingspaceglobalid":"6B903A04-3731-4A1A-AFA7-C78B2F369D30","createddate":"2019-12-03 15:30:00.0000000","dbh":"29","planteddate":null,"updateddate":"2019-12-03 15:31:12.0000000","geometry":"POINT(-73.82176716682639 40.75035210013502)","genusspecies":"Populus deltoides - eastern cottonwood"}},{"type":"Feature","geometry":{"type":"Point","coordinates":[-73.82809329665896,40.78555074824574]},"properties":{"tpcondition":"Unknown","stumpdiameter":null,"riskratingdate":null,"riskrating":null,"objectid":"10151268","globalid":"FBC584FD-3519-4D1D-A54D-F19AF50234DD","tpstructure":"Retired","plantingspaceglobalid":"2221F77E-29DB-42AF-B9E5-FD7D8DD183D0","createddate":"2019-12-03 15:59:00.0000000","dbh":"0","planteddate":null,"updateddate":"2019-12-03 16:05:00.0000000","geometry":"POINT(-73.82809329665896 40.78555074824574)","genusspecies":"Unknown - Unknown"}},{"type":"Feature","geometry":{"type":"Point","coordinates":[-73.92819399655308,40.684977669431376]},"properties":{"tpcondition":"Good","stumpdiameter":null,"riskratingdate":null,"riskrating":null,"objectid":"10151269","globalid":"80308068-E736-438E-A003-1F0C1B0D212E","tpstructure":"Retired","plantingspaceglobalid":"1E4321A6-F3B4-4E43-91E1-359EEF9403B7","createddate":"2019-12-03 16:18:00.0000000","dbh":"7","planteddate":null,"updateddate":"2021-09-15 18:30:42.0000000","geometry":"POINT(-73.92819399655308 40.684977669431376)","genusspecies":"Zelkova serrata - Japanese zelkova"}},{"type":"Feature","geometry":{"type":"Point","coordinates":[-73.80899962350172,40.75170240601537]},"properties":{"tpcondition":"Good","stumpdiameter":null,"riskratingdate":"2019-12-03 16:41:01.0000000","riskrating":"3","objectid":"10151270","globalid":"CCA841D9-D24E-4A70-BA36-B7189ADA9B17","tpstructure":"Full","plantingspaceglobalid":"C560BF74-AA6D-46CF-8284-4C47DB296E73","createddate":"2019-12-03 16:39:00.0000000","dbh":"2","planteddate":null,"updateddate":"2019-12-03 16:41:01.0000000","geometry":"POINT(-73.80899962350172 40.75170240601537)","genusspecies":"Prunus virginiana - chokecherry"}},{"type":"Feature","geometry":{"type":"Point","coordinates":[-73.93350128252357,40.8517027289662]},"properties":{"tpcondition":"Good","stumpdiameter":null,"riskratingdate":"2025-09-04 12:55:26.0000000","riskrating":"8","objectid":"10151670","globalid":"603BFFF8-B546-4EDD-8E52-0115AFEDFBC3","tpstructure":"Full","plantingspaceglobalid":"BDC0C3C7-E87B-4794-97B1-7D748ED74843","createddate":"2019-12-03 16:53:00.0000000","dbh":"11","planteddate":null,"updateddate":"2025-09-04 12:55:26.0000000","geometry":"POINT(-73.93350128252357 40.8517027289662)","genusspecies":"Pyrus calleryana - Callery pear"}},{"type":"Feature","geometry":{"type":"Point","coordinates":[-74.1926216060925,40.591233254509724]},"properties":{"tpcondition":"Dead","stumpdiameter":null,"riskratingdate":"2019-12-03 17:31:00.0000000","riskrating":"10","objectid":"10152309","globalid":"B826B2CB-960E-4045-97E9-720D56A4FFCE","tpstructure":"Retired","plantingspaceglobalid":"5C3610E3-A5C8-4A8B-9543-14A57B34A341","createddate":"2019-12-03 17:29:00.0000000","dbh":"22","planteddate":null,"updateddate":"2019-12-17 20:22:00.0000000","geometry":"POINT(-74.1926216060925 40.591233254509724)","genusspecies":"Robinia pseudoacacia - black locust"}},{"type":"Feature","geometry":{"type":"Point","coordinates":[-73.81606062402982,40.74970533769792]},"properties":{"tpcondition":"Good","stumpdiameter":null,"riskratingdate":"2019-12-03 17:45:17.0000000","riskrating":"6","objectid":"10152311","globalid":"FB64589A-4EEA-4AD8-AA5A-057A87BC3380","tpstructure":"Full","plantingspaceglobalid":"9A8B0A63-F6AB-432C-8CDC-90190BB24DB8","createddate":"2019-12-03 17:44:00.0000000","dbh":"13","planteddate":null,"updateddate":"2019-12-03 17:45:17.0000000","geometry":"POINT(-73.81606062402982 40.74970533769792)","genusspecies":"Liquidambar styraciflua - sweetgum"}},{"type":"Feature","geometry":{"type":"Point","coordinates":[-73.81813290096072,40.75155109603743]},"properties":{"tpcondition":"Fair","stumpdiameter":null,"riskratingdate":"2019-12-03 17:49:09.0000000","riskrating":"6","objectid":"10152312","globalid":"0DB50986-79D9-4C78-B345-D0C582B0F89E","tpstructure":"Retired","plantingspaceglobalid":"BE57157F-862D-4D57-A808-6C6B71FCFA0B","createddate":"2019-12-03 17:47:00.0000000","dbh":"22","planteddate":null,"updateddate":"2023-11-17 19:24:27.0000000","geometry":"POINT(-73.81813290096072 40.75155109603743)","genusspecies":"Quercus - Oak"}},{"type":"Feature","geometry":{"type":"Point","coordinates":[-73.991444680155,40.758920935191945]},"properties":{"tpcondition":"Good","stumpdiameter":null,"riskratingdate":"2019-12-03 20:05:11.0000000","riskrating":"9","objectid":"10152313","globalid":"F41A9600-411B-4BAE-8016-DFDA27079458","tpstructure":"Full","plantingspaceglobalid":"A86DC31A-2C4E-4BB1-9A6F-C12F62F27A81","createddate":"2019-12-03 18:11:00.0000000","dbh":"18","planteddate":null,"updateddate":"2019-12-03 20:05:11.0000000","geometry":"POINT(-73.991444680155 40.758920935191945)","genusspecies":"Platanus x acerifolia - London planetree"}},{"type":"Feature","geometry":{"type":"Point","coordinates":[-73.81958724100359,40.75267941958835]},"properties":{"tpcondition":"Good","stumpdiameter":null,"riskratingdate":"2019-12-03 18:55:29.0000000","riskrating":"4","objectid":"10152314","globalid":"278DA61B-22C4-4310-A8D9-A1A734BD4ACF","tpstructure":"Full","plantingspaceglobalid":"EC172629-81A6-489A-B488-B8A4DC1394A0","createddate":"2019-12-03 18:53:00.0000000","dbh":"7","planteddate":null,"updateddate":"2019-12-03 18:55:29.0000000","geometry":"POINT(-73.81958724100359 40.75267941958835)","genusspecies":"Quercus - Oak"}},{"type":"Feature","geometry":{"type":"Point","coordinates":[-73.81940474150358,40.75250964456921]},"properties":{"tpcondition":"Good","stumpdiameter":null,"riskratingdate":"2019-12-03 18:59:42.0000000","riskrating":"6","objectid":"10152315","globalid":"A67D73DC-FFC8-47A2-89C9-6EA05304BBD1","tpstructure":"Full","plantingspaceglobalid":"ED9818E0-604D-4557-A410-79583EDF1CBA","createddate":"2019-12-03 18:58:00.0000000","dbh":"11","planteddate":null,"updateddate":"2019-12-03 18:59:42.0000000","geometry":"POINT(-73.81940474150358 40.75250964456921)","genusspecies":"Platanus x acerifolia - London planetree"}},{"type":"Feature","geometry":{"type":"Point","coordinates":[-73.81882088786676,40.68930982943866]},"properties":{"tpcondition":"Good","stumpdiameter":null,"riskratingdate":"2019-12-03 19:06:36.0000000","riskrating":"3","objectid":"10152316","globalid":"49F75EB7-F998-41A7-94F5-BF7257BC52F8","tpstructure":"Full","plantingspaceglobalid":"025EA6A1-D0BE-4999-B83B-D7A492039401","createddate":"2019-12-03 19:05:00.0000000","dbh":"3","planteddate":null,"updateddate":"2019-12-03 19:06:36.0000000","geometry":"POINT(-73.81882088786676 40.68930982943866)","genusspecies":"Gleditsia triacanthos var. inermis - Thornless honeylocust"}},{"type":"Feature","geometry":{"type":"Point","coordinates":[-73.81518488794389,40.666830310847175]},"properties":{"tpcondition":"Poor","stumpdiameter":null,"riskratingdate":"2019-12-26 18:18:00.0000000","riskrating":"6","objectid":"10152317","globalid":"4170C4C6-EBC4-4DC9-A127-640572845153","tpstructure":"Retired","plantingspaceglobalid":"CF0169B2-0CF2-4879-B25B-FAE7FDCD1EBB","createddate":"2019-12-03 19:15:00.0000000","dbh":"7","planteddate":null,"updateddate":"2022-02-01 19:37:00.0000000","geometry":"POINT(-73.81518488794389 40.666830310847175)","genusspecies":"Pyrus calleryana - Callery pear"}},{"type":"Feature","geometry":{"type":"Point","coordinates":[-73.8184780559094,40.75168960091196]},"properties":{"tpcondition":"Good","stumpdiameter":null,"riskratingdate":"2019-12-03 20:39:53.0000000","riskrating":"6","objectid":"10152318","globalid":"DEDF0ED4-7BC7-4D44-81FE-00E6E36AAB2C","tpstructure":"Full","plantingspaceglobalid":"05F9EA05-DB02-4F94-B7B7-8FB05D0F1E00","createddate":"2019-12-03 20:34:00.0000000","dbh":"6","planteddate":null,"updateddate":"2019-12-03 20:39:53.0000000","geometry":"POINT(-73.8184780559094 40.75168960091196)","genusspecies":"Pyrus calleryana - Callery pear"}},{"type":"Feature","geometry":{"type":"Point","coordinates":[-73.81715558616463,40.751798886760106]},"properties":{"tpcondition":"Good","stumpdiameter":null,"riskratingdate":"2019-12-03 21:16:59.0000000","riskrating":"5","objectid":"10152319","globalid":"102BCED9-1DDF-43DC-8076-0AFE76AD1C5A","tpstructure":"Full","plantingspaceglobalid":"C618C691-5B25-4B05-9212-D98CD13B2C73","createddate":"2019-12-03 21:14:00.0000000","dbh":"7","planteddate":null,"updateddate":"2019-12-03 21:16:59.0000000","geometry":"POINT(-73.81715558616463 40.751798886760106)","genusspecies":"Ailanthus altissima - tree of heaven"}},{"type":"Feature","geometry":{"type":"Point","coordinates":[-73.81601355352085,40.74966410608]},"properties":{"tpcondition":"Good","stumpdiameter":null,"riskratingdate":"2019-12-03 17:42:33.0000000","riskrating":"6","objectid":"10152722","globalid":"24BF15EA-5759-4906-99A0-F6032B74E613","tpstructure":"Full","plantingspaceglobalid":"6DC9AFC7-B8A8-4996-BFDE-BC5BEF48331A","createddate":"2019-12-03 17:40:00.0000000","dbh":"13","planteddate":null,"updateddate":"2019-12-03 17:42:33.0000000","geometry":"POINT(-73.81601355352085 40.74966410608)","genusspecies":"Liquidambar styraciflua - sweetgum"}},{"type":"Feature","geometry":{"type":"Point","coordinates":[-73.81824100155366,40.75165920750598]},"properties":{"tpcondition":"Good","stumpdiameter":null,"riskratingdate":"2019-12-03 17:52:07.0000000","riskrating":"6","objectid":"10152723","globalid":"0E1BCEAB-D812-431D-B8C8-3B821017D657","tpstructure":"Retired","plantingspaceglobalid":"76B4377F-C0E8-4F4D-BD9E-1A81E892E3D9","createddate":"2019-12-03 17:50:00.0000000","dbh":"20","planteddate":null,"updateddate":"2023-11-17 19:33:22.0000000","geometry":"POINT(-73.81824100155366 40.75165920750598)","genusspecies":"Quercus - Oak"}},{"type":"Feature","geometry":{"type":"Point","coordinates":[-73.81854663166261,40.75192209002853]},"properties":{"tpcondition":"Fair","stumpdiameter":null,"riskratingdate":"2019-12-03 17:54:29.0000000","riskrating":"7","objectid":"10152724","globalid":"1C780BEE-3B61-431E-B6B8-711C9CAE894F","tpstructure":"Retired","plantingspaceglobalid":"C56EB1A9-684D-4241-827A-DA810CAEDA3B","createddate":"2019-12-03 17:53:00.0000000","dbh":"19","planteddate":null,"updateddate":"2023-11-17 19:36:49.0000000","geometry":"POINT(-73.81854663166261 40.75192209002853)","genusspecies":"Quercus - Oak"}},{"type":"Feature","geometry":{"type":"Point","coordinates":[-73.8186477924125,40.752003142923954]},"properties":{"tpcondition":"Good","stumpdiameter":null,"riskratingdate":"2019-12-03 17:57:56.0000000","riskrating":"6","objectid":"10152725","globalid":"2AEAF438-4FFD-4A79-A6D3-89105D9EC062","tpstructure":"Retired","plantingspaceglobalid":"7DD6604B-E889-43A5-B157-301D0FFDC9F3","createddate":"2019-12-03 17:55:00.0000000","dbh":"23","planteddate":null,"updateddate":"2023-11-17 19:35:29.0000000","geometry":"POINT(-73.8186477924125 40.752003142923954)","genusspecies":"Quercus - Oak"}},{"type":"Feature","geometry":{"type":"Point","coordinates":[-73.81918606768082,40.75248848714682]},"properties":{"tpcondition":"Good","stumpdiameter":null,"riskratingdate":"2019-12-03 17:59:45.0000000","riskrating":"6","objectid":"10152726","globalid":"AB1506E1-CB57-4130-855C-450907253078","tpstructure":"Full","plantingspaceglobalid":"6792A89B-08B6-4469-BC93-95DF6BE0BFF2","createddate":"2019-12-03 17:58:00.0000000","dbh":"8","planteddate":null,"updateddate":"2019-12-03 17:59:45.0000000","geometry":"POINT(-73.81918606768082 40.75248848714682)","genusspecies":"Prunus serrulata - Japanese flowering cherry"}},{"type":"Feature","geometry":{"type":"Point","coordinates":[-73.81928364072535,40.75257770291247]},"properties":{"tpcondition":"Fair","stumpdiameter":null,"riskratingdate":"2023-05-26 17:57:51.0000000","riskrating":"7","objectid":"10152727","globalid":"052CDB6E-5680-4030-80D9-C915715A9874","tpstructure":"Full","plantingspaceglobalid":"B61BC53E-AE4C-4015-99E3-B933415987F1","createddate":"2019-12-03 18:00:00.0000000","dbh":"10","planteddate":null,"updateddate":"2023-05-26 17:57:51.0000000","geometry":"POINT(-73.81928364072535 40.75257770291247)","genusspecies":"Prunus serrulata - Japanese flowering cherry"}},{"type":"Feature","geometry":{"type":"Point","coordinates":[-73.81949271177594,40.75259916818143]},"properties":{"tpcondition":"Good","stumpdiameter":null,"riskratingdate":"2024-04-04 14:57:35.0000000","riskrating":"5","objectid":"10152729","globalid":"91FD038E-3268-4BDC-A972-9939F86A98F2","tpstructure":"Full","plantingspaceglobalid":"0B7AA9D1-3C4F-46D4-B6CE-6E24C49D90A0","createddate":"2019-12-03 18:56:00.0000000","dbh":"11","planteddate":null,"updateddate":"2024-04-04 14:57:35.0000000","geometry":"POINT(-73.81949271177594 40.75259916818143)","genusspecies":"Platanus x acerifolia - London planetree"}},{"type":"Feature","geometry":{"type":"Point","coordinates":[-73.92419213325246,40.871030965026016]},"properties":{"tpcondition":"Good","stumpdiameter":null,"riskratingdate":"2019-12-03 20:25:28.0000000","riskrating":"9","objectid":"10152730","globalid":"16FA8EB1-2BF8-4A39-BE1B-AE90B1596542","tpstructure":"Full","plantingspaceglobalid":"4EC7AE0C-8A8B-4DE2-85D1-A6129EB570B1","createddate":"2019-12-03 20:24:00.0000000","dbh":"45","planteddate":null,"updateddate":"2019-12-03 20:25:28.0000000","geometry":"POINT(-73.92419213325246 40.871030965026016)","genusspecies":"Quercus rubra - northern red oak"}},{"type":"Feature","geometry":{"type":"Point","coordinates":[-73.92400914197876,40.87117528652385]},"properties":{"tpcondition":"Good","stumpdiameter":null,"riskratingdate":"2019-12-03 20:28:09.0000000","riskrating":"9","objectid":"10152731","globalid":"39A1C33A-B2D0-4D16-A871-ADFBAAA0463B","tpstructure":"Full","plantingspaceglobalid":"D932CE60-5F5E-42BD-AF70-87018E757050","createddate":"2019-12-03 20:27:00.0000000","dbh":"36","planteddate":null,"updateddate":"2019-12-03 20:28:09.0000000","geometry":"POINT(-73.92400914197876 40.87117528652385)","genusspecies":"Quercus rubra - northern red oak"}},{"type":"Feature","geometry":{"type":"Point","coordinates":[-73.81892973588619,40.752085971940794]},"properties":{"tpcondition":"Good","stumpdiameter":null,"riskratingdate":"2019-12-03 20:30:19.0000000","riskrating":"6","objectid":"10152732","globalid":"2FD9E152-4000-4139-B3EE-31B0357FE859","tpstructure":"Full","plantingspaceglobalid":"359E2DC1-D978-43C9-8487-3857C1CD6FBD","createddate":"2019-12-03 20:28:00.0000000","dbh":"12","planteddate":null,"updateddate":"2019-12-03 20:30:19.0000000","geometry":"POINT(-73.81892973588619 40.752085971940794)","genusspecies":"Pyrus calleryana - Callery pear"}},{"type":"Feature","geometry":{"type":"Point","coordinates":[-73.81873438128433,40.75190970258943]},"properties":{"tpcondition":"Good","stumpdiameter":null,"riskratingdate":"2019-12-03 20:33:44.0000000","riskrating":"6","objectid":"10152733","globalid":"70BE3E84-5278-49EB-BBCC-68F5E9543CEB","tpstructure":"Full","plantingspaceglobalid":"676FE600-ADBC-4630-8A97-75C198951946","createddate":"2019-12-03 20:32:00.0000000","dbh":"6","planteddate":null,"updateddate":"2019-12-03 20:33:44.0000000","geometry":"POINT(-73.81873438128433 40.75190970258943)","genusspecies":"Quercus - Oak"}},{"type":"Feature","geometry":{"type":"Point","coordinates":[-73.81714081010323,40.751810075619936]},"properties":{"tpcondition":"Good","stumpdiameter":null,"riskratingdate":"2019-12-03 21:14:22.0000000","riskrating":"4","objectid":"10152734","globalid":"E5A5EFF3-39F5-40FB-B825-9AB7AF464698","tpstructure":"Full","plantingspaceglobalid":"6F86F52D-DAF6-4CC6-BB76-7F720AACE274","createddate":"2019-12-03 21:12:00.0000000","dbh":"5","planteddate":null,"updateddate":"2019-12-03 21:14:22.0000000","geometry":"POINT(-73.81714081010323 40.751810075619936)","genusspecies":"Quercus - Oak"}},{"type":"Feature","geometry":{"type":"Point","coordinates":[-73.81466013922646,40.76192991255365]},"properties":{"tpcondition":"Dead","stumpdiameter":null,"riskratingdate":"2025-01-20 17:53:00.0000000","riskrating":"10","objectid":"10152735","globalid":"3FB11DE8-B6E8-4A1D-9B18-906F41ACB9D6","tpstructure":"Stump","plantingspaceglobalid":"56D90175-14C8-4B64-A3AC-7107A3D10F63","createddate":"2019-12-03 21:34:00.0000000","dbh":"12","planteddate":null,"updateddate":"2025-01-21 19:20:00.0000000","geometry":"POINT(-73.81466013922646 40.76192991255365)","genusspecies":"Acer platanoides - Norway maple"}},{"type":"Feature","geometry":{"type":"Point","coordinates":[-73.81931069743838,40.75243033442048]},"properties":{"tpcondition":"Good","stumpdiameter":null,"riskratingdate":"2019-12-03 19:01:37.0000000","riskrating":"6","objectid":"10153185","globalid":"3DC51FD0-43D8-499A-A524-4EF5C3D23100","tpstructure":"Full","plantingspaceglobalid":"461B2D0B-E0AD-4B83-A225-4D17A7104A80","createddate":"2019-12-03 19:00:00.0000000","dbh":"9","planteddate":null,"updateddate":"2019-12-03 19:01:37.0000000","geometry":"POINT(-73.81931069743838 40.75243033442048)","genusspecies":"Platanus x acerifolia - London planetree"}},{"type":"Feature","geometry":{"type":"Point","coordinates":[-73.92413479994285,40.87107708911337]},"properties":{"tpcondition":"Good","stumpdiameter":null,"riskratingdate":"2019-12-03 20:22:43.0000000","riskrating":"9","objectid":"10153186","globalid":"E40CFB17-9793-42E9-B8CD-E09D952AFC15","tpstructure":"Full","plantingspaceglobalid":"C908F79A-D9C8-4E2F-BE05-A33BB44BE03B","createddate":"2019-12-03 20:21:00.0000000","dbh":"38","planteddate":null,"updateddate":"2019-12-03 20:22:43.0000000","geometry":"POINT(-73.92413479994285 40.87107708911337)","genusspecies":"Quercus rubra - northern red oak"}},{"type":"Feature","geometry":{"type":"Point","coordinates":[-73.94720306437402,40.81994518359188]},"properties":{"tpcondition":"Dead","stumpdiameter":"0","riskratingdate":null,"riskrating":null,"objectid":"10153955","globalid":"9ADD4866-947B-454D-BF97-5C1FF36E7C00","tpstructure":"Stump","plantingspaceglobalid":"2C879BF8-B653-451D-804D-5BC28F1D1408","createddate":"2019-12-04 14:07:00.0000000","dbh":"20","planteddate":null,"updateddate":"2022-12-08 16:16:48.0000000","geometry":"POINT(-73.94720306437402 40.81994518359188)","genusspecies":"Unknown - Unknown"}},{"type":"Feature","geometry":{"type":"Point","coordinates":[-73.77481601362257,40.67577183017971]},"properties":{"tpcondition":"Good","stumpdiameter":null,"riskratingdate":"2019-12-04 15:35:23.0000000","riskrating":"8","objectid":"10153956","globalid":"D6EBC3F0-FFD6-4764-8821-FB0B15B84BA5","tpstructure":"Full","plantingspaceglobalid":"EECF6954-7F1C-4E68-BC32-2D8102A2BB8E","createddate":"2019-12-04 15:32:00.0000000","dbh":"15","planteddate":null,"updateddate":"2019-12-04 15:35:23.0000000","geometry":"POINT(-73.77481601362257 40.67577183017971)","genusspecies":"Platanus x acerifolia - London planetree"}},{"type":"Feature","geometry":{"type":"Point","coordinates":[-73.93119297000565,40.84787287195292]},"properties":{"tpcondition":"Fair","stumpdiameter":null,"riskratingdate":"2019-12-04 19:35:00.0000000","riskrating":"3","objectid":"10153957","globalid":"AE0C69C5-3447-4D67-B559-87319CAE3309","tpstructure":"Retired","plantingspaceglobalid":"DC36E13F-3F2E-4B31-B518-9A81AF246A68","createddate":"2019-12-04 16:21:00.0000000","dbh":"3","planteddate":null,"updateddate":"2024-01-24 19:27:00.0000000","geometry":"POINT(-73.93119297000565 40.84787287195292)","genusspecies":"Quercus bicolor - swamp white oak"}},{"type":"Feature","geometry":{"type":"Point","coordinates":[-73.81036147908281,40.75199111463034]},"properties":{"tpcondition":"Good","stumpdiameter":null,"riskratingdate":"2019-12-04 14:09:00.0000000","riskrating":"3","objectid":"10154356","globalid":"7AFF6F53-63E5-4EBD-8749-DEC16CBC17F7","tpstructure":"Full","plantingspaceglobalid":"54359D8B-27C1-49C4-8A7D-24A642BF462C","createddate":"2019-12-04 14:08:00.0000000","dbh":"2","planteddate":"2019-11-25 05:00:00.0000000","updateddate":"2019-12-16 20:38:00.0000000","geometry":"POINT(-73.81036147908281 40.75199111463034)","genusspecies":"Carpinus betulus - European hornbeam"}},{"type":"Feature","geometry":{"type":"Point","coordinates":[-73.81018847886506,40.751979815788275]},"properties":{"tpcondition":"Good","stumpdiameter":null,"riskratingdate":"2019-12-04 14:12:00.0000000","riskrating":"3","objectid":"10154357","globalid":"DB6261A2-E7CB-47D2-9305-2CDE3ADD6224","tpstructure":"Full","plantingspaceglobalid":"8F708E98-A6BA-4BFA-A689-8B09C120BC0A","createddate":"2019-12-04 14:11:00.0000000","dbh":"2","planteddate":"2019-11-25 05:00:00.0000000","updateddate":"2019-12-16 20:39:00.0000000","geometry":"POINT(-73.81018847886506 40.751979815788275)","genusspecies":"Carpinus betulus - European hornbeam"}},{"type":"Feature","geometry":{"type":"Point","coordinates":[-73.81009763465138,40.751974901049074]},"properties":{"tpcondition":"Good","stumpdiameter":null,"riskratingdate":"2019-12-04 14:13:00.0000000","riskrating":"3","objectid":"10154358","globalid":"AD203898-2A3B-4D67-8396-08BA85995B14","tpstructure":"Full","plantingspaceglobalid":"0CEA2B7B-6B59-46F8-941E-155DE6BC43D2","createddate":"2019-12-04 14:12:00.0000000","dbh":"2","planteddate":"2019-11-25 05:00:00.0000000","updateddate":"2019-12-16 20:40:00.0000000","geometry":"POINT(-73.81009763465138 40.751974901049074)","genusspecies":"Carpinus betulus - European hornbeam"}},{"type":"Feature","geometry":{"type":"Point","coordinates":[-73.81005533526876,40.75197602298555]},"properties":{"tpcondition":"Good","stumpdiameter":null,"riskratingdate":"2019-12-04 14:14:00.0000000","riskrating":"3","objectid":"10154359","globalid":"921D4A0B-BC60-4912-8EDB-87ECB672FED9","tpstructure":"Full","plantingspaceglobalid":"16860997-7B26-41BC-A4F8-F4E6B3E6DACA","createddate":"2019-12-04 14:13:00.0000000","dbh":"2","planteddate":"2019-11-25 05:00:00.0000000","updateddate":"2019-12-16 20:40:00.0000000","geometry":"POINT(-73.81005533526876 40.75197602298555)","genusspecies":"Carpinus betulus - European hornbeam"}},{"type":"Feature","geometry":{"type":"Point","coordinates":[-73.95276181890043,40.799910790144835]},"properties":{"tpcondition":"Good","stumpdiameter":null,"riskratingdate":"2023-06-08 14:40:09.0000000","riskrating":"3","objectid":"10154360","globalid":"3A1840E3-2561-46F8-9B3E-6FA9BF9C1BFD","tpstructure":"Full","plantingspaceglobalid":"F8817B85-6F39-4A1A-AF5C-6D45609ED932","createddate":"2019-12-04 15:31:00.0000000","dbh":"8","planteddate":null,"updateddate":"2023-06-08 14:40:09.0000000","geometry":"POINT(-73.95276181890043 40.799910790144835)","genusspecies":"Tilia americana - American basswood"}},{"type":"Feature","geometry":{"type":"Point","coordinates":[-73.8117481541561,40.751047117758816]},"properties":{"tpcondition":"Fair","stumpdiameter":null,"riskratingdate":"2020-02-03 16:05:00.0000000","riskrating":"3","objectid":"10154361","globalid":"073EC9CA-24A5-4B30-B5A5-6724EC29FCBA","tpstructure":"Full","plantingspaceglobalid":"B5F81386-B2DE-428D-B75B-D66E34000D9C","createddate":"2019-12-04 15:33:00.0000000","dbh":"10","planteddate":null,"updateddate":"2020-04-27 13:21:00.0000000","geometry":"POINT(-73.8117481541561 40.751047117758816)","genusspecies":"Cornus canadensis - bunchberry dogwood"}},{"type":"Feature","geometry":{"type":"Point","coordinates":[-73.81668818950406,40.75342006683352]},"properties":{"tpcondition":"Good","stumpdiameter":null,"riskratingdate":"2019-12-04 16:02:31.0000000","riskrating":"4","objectid":"10154362","globalid":"F6D131F4-1D17-469A-B4F8-0EA88D1CFA5A","tpstructure":"Full","plantingspaceglobalid":"51137412-F7B4-4EEC-96A8-D70F31E9784E","createddate":"2019-12-04 16:01:00.0000000","dbh":"5","planteddate":null,"updateddate":"2019-12-04 16:02:31.0000000","geometry":"POINT(-73.81668818950406 40.75342006683352)","genusspecies":"Prunus - Cherry"}},{"type":"Feature","geometry":{"type":"Point","coordinates":[-73.81198408317042,40.751544756940156]},"properties":{"tpcondition":"Dead","stumpdiameter":null,"riskratingdate":"2019-12-04 16:11:01.0000000","riskrating":"6","objectid":"10154363","globalid":"BD36EB8C-7B1E-4618-A0EA-927E66EFC463","tpstructure":"Retired","plantingspaceglobalid":"AFB8B569-45CB-4C48-88D2-FF439435EF7D","createddate":"2019-12-04 16:10:00.0000000","dbh":"10","planteddate":null,"updateddate":"2024-08-01 21:41:18.0000000","geometry":"POINT(-73.81198408317042 40.751544756940156)","genusspecies":"Morus - mulberry"}},{"type":"Feature","geometry":{"type":"Point","coordinates":[-73.90132003723693,40.732367705598314]},"properties":{"tpcondition":"Good","stumpdiameter":null,"riskratingdate":"2025-08-29 13:35:39.0000000","riskrating":"9","objectid":"10154364","globalid":"492A687B-48F4-49DA-91E2-FF8F79799984","tpstructure":"Full","plantingspaceglobalid":"97F616C2-9309-4500-8C89-D5BD59159552","createddate":"2019-12-04 16:22:00.0000000","dbh":"32","planteddate":null,"updateddate":"2025-08-29 13:35:39.0000000","geometry":"POINT(-73.90132003723693 40.732367705598314)","genusspecies":"Platanus x acerifolia - London planetree"}},{"type":"Feature","geometry":{"type":"Point","coordinates":[-73.81207009566997,40.75179679646896]},"properties":{"tpcondition":"Fair","stumpdiameter":null,"riskratingdate":"2024-07-25 13:40:54.0000000","riskrating":"8","objectid":"10154365","globalid":"683A5F69-F92E-47A7-A1AE-05E99004684A","tpstructure":"Full","plantingspaceglobalid":"2CC9A63A-88A4-4F56-B018-19E99F959CE8","createddate":"2019-12-04 16:30:00.0000000","dbh":"47","planteddate":null,"updateddate":"2024-07-25 13:40:54.0000000","geometry":"POINT(-73.81207009566997 40.75179679646896)","genusspecies":"Platanus x acerifolia - London planetree"}},{"type":"Feature","geometry":{"type":"Point","coordinates":[-73.81211925431305,40.75188834556402]},"properties":{"tpcondition":"Good","stumpdiameter":null,"riskratingdate":"2024-12-10 14:12:03.0000000","riskrating":"8","objectid":"10154366","globalid":"6AACF333-5D2B-47FC-8A74-4B1CAFA22A9B","tpstructure":"Full","plantingspaceglobalid":"26C5FD1F-8BA0-45CE-8184-F7148F441938","createddate":"2019-12-04 16:34:00.0000000","dbh":"30","planteddate":null,"updateddate":"2024-12-10 14:12:03.0000000","geometry":"POINT(-73.81211925431305 40.75188834556402)","genusspecies":"Platanus x acerfolia 'Exclamation' - 'Exclamation' London planetree"}},{"type":"Feature","geometry":{"type":"Point","coordinates":[-73.81223477549304,40.75206103652339]},"properties":{"tpcondition":"Poor","stumpdiameter":null,"riskratingdate":"2020-02-03 16:26:00.0000000","riskrating":"9","objectid":"10154367","globalid":"EE0D6FEF-856D-41B3-8E22-EEEA08142C5A","tpstructure":"Retired","plantingspaceglobalid":"CCA5526C-3A66-487C-B1D9-9A9E8EAE16E3","createddate":"2019-12-04 16:38:00.0000000","dbh":"31","planteddate":null,"updateddate":"2025-08-26 17:06:12.0000000","geometry":"POINT(-73.81223477549304 40.75206103652339)","genusspecies":"Platanus x acerifolia - London planetree"}},{"type":"Feature","geometry":{"type":"Point","coordinates":[-73.87442021144487,40.83175612793656]},"properties":{"tpcondition":"Poor","stumpdiameter":null,"riskratingdate":"2019-12-04 16:42:19.0000000","riskrating":"7","objectid":"10154368","globalid":"292D42AB-D462-4019-8C74-650FF40AB8C7","tpstructure":"Full","plantingspaceglobalid":"EEABC7D0-0E02-43F1-9783-B0E0DC958D5F","createddate":"2019-12-04 16:40:00.0000000","dbh":"26","planteddate":null,"updateddate":"2019-12-04 16:42:19.0000000","geometry":"POINT(-73.87442021144487 40.83175612793656)","genusspecies":"Morus - mulberry"}},{"type":"Feature","geometry":{"type":"Point","coordinates":[-73.81223427293726,40.7521179521637]},"properties":{"tpcondition":"Fair","stumpdiameter":null,"riskratingdate":"2019-12-04 16:55:23.0000000","riskrating":"6","objectid":"10154369","globalid":"89B65846-DC24-4CBC-A76E-82171D4E871B","tpstructure":"Full","plantingspaceglobalid":"5465D348-5B96-4BD3-9748-4E6F82223C16","createddate":"2019-12-04 16:50:00.0000000","dbh":"16","planteddate":null,"updateddate":"2019-12-04 16:55:22.0000000","geometry":"POINT(-73.81223427293726 40.7521179521637)","genusspecies":"Aesculus hippocastanum - horse chestnut"}},{"type":"Feature","geometry":{"type":"Point","coordinates":[-73.81089862807005,40.75179082101397]},"properties":{"tpcondition":"Good","stumpdiameter":null,"riskratingdate":"2019-12-04 15:04:53.0000000","riskrating":"8","objectid":"10154845","globalid":"257919DB-D905-4462-B339-14E95689B8CE","tpstructure":"Full","plantingspaceglobalid":"29C20E97-C14D-401B-8AB3-75BB63609901","createddate":"2019-12-04 15:04:00.0000000","dbh":"24","planteddate":null,"updateddate":"2019-12-04 15:04:53.0000000","geometry":"POINT(-73.81089862807005 40.75179082101397)","genusspecies":"Tilia tomentosa - silver linden"}},{"type":"Feature","geometry":{"type":"Point","coordinates":[-73.81207362486154,40.751730025238196]},"properties":{"tpcondition":"Dead","stumpdiameter":"33","riskratingdate":"2020-02-03 16:23:00.0000000","riskrating":"8","objectid":"10155374","globalid":"C09E8E3A-34C5-4222-88F4-3D1A89E5B83B","tpstructure":"Stump","plantingspaceglobalid":"F3812FC3-B4FE-460C-8BCB-4E849963316E","createddate":"2019-12-04 16:25:00.0000000","dbh":null,"planteddate":null,"updateddate":"2024-08-01 21:39:02.0000000","geometry":"POINT(-73.81207362486154 40.751730025238196)","genusspecies":"Aesculus x carnea - red horse-chestnut"}},{"type":"Feature","geometry":{"type":"Point","coordinates":[-73.81210381555613,40.75210324999621]},"properties":{"tpcondition":"Dead","stumpdiameter":"36","riskratingdate":null,"riskrating":null,"objectid":"10155859","globalid":"17EAB157-E3BC-4294-A425-660B98127DBF","tpstructure":"Retired","plantingspaceglobalid":"3D348EED-FD23-4CCF-B48F-4979003C10A0","createddate":"2019-12-04 17:03:00.0000000","dbh":"36","planteddate":null,"updateddate":"2023-08-17 18:22:07.0000000","geometry":"POINT(-73.81210381555613 40.75210324999621)","genusspecies":"Unknown - Unknown"}},{"type":"Feature","geometry":{"type":"Point","coordinates":[-73.97650669060295,40.725528100684215]},"properties":{"tpcondition":"Dead","stumpdiameter":null,"riskratingdate":"2021-10-07 13:34:21.0000000","riskrating":"7","objectid":"10155860","globalid":"68E0DB91-32D1-4E6A-A2EF-59BE4E5952DB","tpstructure":"Retired","plantingspaceglobalid":"E1F46580-6087-4BA4-B334-88544ECFFC5A","createddate":"2019-12-04 17:29:00.0000000","dbh":"3","planteddate":"2019-11-25 05:00:00.0000000","updateddate":"2023-01-09 17:26:01.0000000","geometry":"POINT(-73.97650669060295 40.725528100684215)","genusspecies":"Celtis occidentalis 'Chicagoland' - 'Chicagoland' Hackberry"}},{"type":"Feature","geometry":{"type":"Point","coordinates":[-73.97594662298503,40.725580995456895]},"properties":{"tpcondition":"Good","stumpdiameter":null,"riskratingdate":"2022-04-13 15:08:18.0000000","riskrating":"3","objectid":"10155861","globalid":"D6ABBD7A-8C93-46C8-B8E4-10C97B4AAEE9","tpstructure":"Full","plantingspaceglobalid":"9094949A-CDC0-4EC0-8BFF-AF5BCB8DC144","createddate":"2019-12-04 17:30:00.0000000","dbh":"3","planteddate":"2019-11-25 05:00:00.0000000","updateddate":"2022-04-13 15:08:18.0000000","geometry":"POINT(-73.97594662298503 40.725580995456895)","genusspecies":"Gleditsia triacanthos var. inermis 'Streetkeeper' - 'Streetkeeper' Thornless honeylocust"}},{"type":"Feature","geometry":{"type":"Point","coordinates":[-73.97589417356315,40.725653023498346]},"properties":{"tpcondition":"Unknown","stumpdiameter":null,"riskratingdate":"2023-06-23 15:51:00.0000000","riskrating":"6","objectid":"10155862","globalid":"2E8901D8-93D5-46AE-B32B-A1A434E238B1","tpstructure":"Retired","plantingspaceglobalid":"51F7695B-C07F-45B0-9A65-FBE35EB65DF2","createddate":"2019-12-04 17:32:00.0000000","dbh":"3","planteddate":"2019-11-25 05:00:00.0000000","updateddate":"2024-07-22 11:47:17.0000000","geometry":"POINT(-73.97589417356315 40.725653023498346)","genusspecies":"Gleditsia triacanthos var. inermis 'Streetkeeper' - 'Streetkeeper' Thornless honeylocust"}},{"type":"Feature","geometry":{"type":"Point","coordinates":[-73.77897651305048,40.72461351092651]},"properties":{"tpcondition":"Dead","stumpdiameter":"43","riskratingdate":null,"riskrating":null,"objectid":"10155863","globalid":"B59414E6-BA84-4423-B9D2-97BB557E6A42","tpstructure":"Retired","plantingspaceglobalid":"67CEF2DF-56F2-4788-8947-29C7B5F59052","createddate":"2019-12-04 17:59:00.0000000","dbh":"43","planteddate":null,"updateddate":"2019-12-17 13:41:00.0000000","geometry":"POINT(-73.77897651305048 40.72461351092651)","genusspecies":"Unknown - Unknown"}},{"type":"Feature","geometry":{"type":"Point","coordinates":[-73.92225660770109,40.63127103700308]},"properties":{"tpcondition":"Unknown","stumpdiameter":"28","riskratingdate":"2020-08-09 15:12:15.0000000","riskrating":"6","objectid":"10155864","globalid":"403B917A-8CFA-454F-8253-32847FED51DB","tpstructure":"Stump","plantingspaceglobalid":"25CB7744-5403-4D41-A5E5-675F7C3529F7","createddate":"2019-12-04 18:25:00.0000000","dbh":"24","planteddate":null,"updateddate":"2024-09-05 17:39:54.0000000","geometry":"POINT(-73.92225660770109 40.63127103700308)","genusspecies":"Ailanthus altissima - tree of heaven"}},{"type":"Feature","geometry":{"type":"Point","coordinates":[-73.81936156009799,40.75328352269162]},"properties":{"tpcondition":"Fair","stumpdiameter":null,"riskratingdate":"2020-02-04 15:42:00.0000000","riskrating":"6","objectid":"10155865","globalid":"6427A46B-17F4-4E5A-93A7-5D06F0EA7B7D","tpstructure":"Retired","plantingspaceglobalid":"780E2139-78DB-45EF-A72E-F00E2418BAC8","createddate":"2019-12-04 20:00:00.0000000","dbh":"12","planteddate":null,"updateddate":"2024-04-30 16:34:00.0000000","geometry":"POINT(-73.81936156009799 40.75328352269162)","genusspecies":"Ulmus pumila - Siberian elm"}},{"type":"Feature","geometry":{"type":"Point","coordinates":[-74.007167954365,40.67772419409909]},"properties":{"tpcondition":"Excellent","stumpdiameter":null,"riskratingdate":null,"riskrating":null,"objectid":"10155866","globalid":"DF7B60F0-F510-4A86-8E95-AA4FCAFC4FC5","tpstructure":"Full","plantingspaceglobalid":"8978AE60-B3EE-4CB2-938C-62E8CEC15E1A","createddate":"2019-12-04 20:07:00.0000000","dbh":"3","planteddate":"2019-12-02 05:00:00.0000000","updateddate":"2019-12-04 20:08:00.0000000","geometry":"POINT(-74.007167954365 40.67772419409909)","genusspecies":"Zelkova serrata 'Green Vase' - 'Green Vase' Zelkova"}},{"type":"Feature","geometry":{"type":"Point","coordinates":[-74.00774098583024,40.67722528342348]},"properties":{"tpcondition":"Excellent","stumpdiameter":null,"riskratingdate":null,"riskrating":null,"objectid":"10155867","globalid":"F7F49538-92E4-403B-9646-3D300C9941E4","tpstructure":"Full","plantingspaceglobalid":"2925C4D5-0A89-4D1E-A196-E440F7F3C7FE","createddate":"2019-12-04 20:08:00.0000000","dbh":"3","planteddate":"2019-12-02 05:00:00.0000000","updateddate":null,"geometry":"POINT(-74.00774098583024 40.67722528342348)","genusspecies":"Tilia americana 'Redmond' - 'Redmond' American linden"}},{"type":"Feature","geometry":{"type":"Point","coordinates":[-74.00779525448533,40.67717021901828]},"properties":{"tpcondition":"Excellent","stumpdiameter":null,"riskratingdate":null,"riskrating":null,"objectid":"10155868","globalid":"ACFCB223-A80A-4E95-86B6-1E532C46B60B","tpstructure":"Full","plantingspaceglobalid":"765E1591-EAF3-4A79-AE16-0779D001F997","createddate":"2019-12-04 20:14:00.0000000","dbh":"3","planteddate":"2019-12-02 05:00:00.0000000","updateddate":null,"geometry":"POINT(-74.00779525448533 40.67717021901828)","genusspecies":"Tilia americana 'Redmond' - 'Redmond' American linden"}},{"type":"Feature","geometry":{"type":"Point","coordinates":[-73.80857664786461,40.75388465349634]},"properties":{"tpcondition":"Good","stumpdiameter":null,"riskratingdate":"2019-12-04 20:15:37.0000000","riskrating":"3","objectid":"10155869","globalid":"47B8F0D3-133B-4577-A9D7-5DB60C10E269","tpstructure":"Full","plantingspaceglobalid":"EBD71A72-EFE9-4BE8-AA00-E4D29A28652F","createddate":"2019-12-04 20:15:00.0000000","dbh":"2","planteddate":null,"updateddate":"2019-12-04 20:15:37.0000000","geometry":"POINT(-73.80857664786461 40.75388465349634)","genusspecies":"Carpinus caroliniana - American hornbeam"}},{"type":"Feature","geometry":{"type":"Point","coordinates":[-74.00854099079824,40.678848205319305]},"properties":{"tpcondition":"Excellent","stumpdiameter":null,"riskratingdate":null,"riskrating":null,"objectid":"10155870","globalid":"B9C0C029-1CED-47AD-9475-3D8B34879F66","tpstructure":"Full","plantingspaceglobalid":"2A763024-D060-4562-AD4B-E469FBA0DF59","createddate":"2019-12-04 20:16:00.0000000","dbh":"3","planteddate":"2019-12-02 05:00:00.0000000","updateddate":null,"geometry":"POINT(-74.00854099079824 40.678848205319305)","genusspecies":"Prunus serrulata 'Kwanzan' - 'Kwanzan' Flowering cherry"}},{"type":"Feature","geometry":{"type":"Point","coordinates":[-74.00859731774825,40.67880174011275]},"properties":{"tpcondition":"Excellent","stumpdiameter":null,"riskratingdate":null,"riskrating":null,"objectid":"10155871","globalid":"E61176C2-983B-4DF1-A1F6-015C138F45E9","tpstructure":"Full","plantingspaceglobalid":"D1B12BD3-4231-4AD2-990E-2D758F640F82","createddate":"2019-12-04 20:16:00.0000000","dbh":"3","planteddate":"2019-12-02 05:00:00.0000000","updateddate":null,"geometry":"POINT(-74.00859731774825 40.67880174011275)","genusspecies":"Prunus serrulata 'Kwanzan' - 'Kwanzan' Flowering cherry"}},{"type":"Feature","geometry":{"type":"Point","coordinates":[-74.00863877983357,40.678763615532546]},"properties":{"tpcondition":"Excellent","stumpdiameter":null,"riskratingdate":null,"riskrating":null,"objectid":"10155872","globalid":"95B30FC7-8296-494D-84B1-8694472EB7B4","tpstructure":"Full","plantingspaceglobalid":"DFAB0BFB-8BFD-470B-A6CE-6C397B65BD9E","createddate":"2019-12-04 20:17:00.0000000","dbh":"3","planteddate":"2019-12-02 05:00:00.0000000","updateddate":null,"geometry":"POINT(-74.00863877983357 40.678763615532546)","genusspecies":"Prunus serrulata 'Kwanzan' - 'Kwanzan' Flowering cherry"}},{"type":"Feature","geometry":{"type":"Point","coordinates":[-74.01147578675456,40.67544790162521]},"properties":{"tpcondition":"Excellent","stumpdiameter":null,"riskratingdate":null,"riskrating":null,"objectid":"10155873","globalid":"F75A6F37-A6BA-4920-A0E8-D3C7EE2FBFA9","tpstructure":"Full","plantingspaceglobalid":"420C3134-AB04-45A1-94B7-66AD3D6FC342","createddate":"2019-12-04 20:19:00.0000000","dbh":"3","planteddate":"2019-12-02 05:00:00.0000000","updateddate":null,"geometry":"POINT(-74.01147578675456 40.67544790162521)","genusspecies":"Carpinus betulus - European hornbeam"}},{"type":"Feature","geometry":{"type":"Point","coordinates":[-74.01240739751253,40.67499199733251]},"properties":{"tpcondition":"Excellent","stumpdiameter":null,"riskratingdate":null,"riskrating":null,"objectid":"10155874","globalid":"D3563AA6-3521-48FE-B63F-5A31238F92C0","tpstructure":"Full","plantingspaceglobalid":"2680434C-A35F-401A-8F5B-1634446B8F49","createddate":"2019-12-04 20:20:00.0000000","dbh":"3","planteddate":"2019-12-02 05:00:00.0000000","updateddate":null,"geometry":"POINT(-74.01240739751253 40.67499199733251)","genusspecies":"Prunus x yedoensis - Yoshino cherry"}},{"type":"Feature","geometry":{"type":"Point","coordinates":[-74.01421390415375,40.67613814750044]},"properties":{"tpcondition":"Excellent","stumpdiameter":null,"riskratingdate":null,"riskrating":null,"objectid":"10155875","globalid":"F9D15AD8-DBEB-4AF5-B792-C4BAD00D4970","tpstructure":"Full","plantingspaceglobalid":"8C2EA8F8-563C-44AD-9D41-07B706FA958A","createddate":"2019-12-04 20:21:00.0000000","dbh":"3","planteddate":"2019-12-02 05:00:00.0000000","updateddate":null,"geometry":"POINT(-74.01421390415375 40.67613814750044)","genusspecies":"Zelkova serrata 'Green Vase' - 'Green Vase' Zelkova"}},{"type":"Feature","geometry":{"type":"Point","coordinates":[-74.01294379172698,40.67358176026251]},"properties":{"tpcondition":"Good","stumpdiameter":null,"riskratingdate":"2020-03-05 21:35:37.0000000","riskrating":"3","objectid":"10155876","globalid":"2C29A2B4-5B5D-4109-BF15-54CF9A110A97","tpstructure":"Full","plantingspaceglobalid":"5CE254F9-99FD-4102-B6C7-C9B68F6E2AC6","createddate":"2019-12-04 20:39:00.0000000","dbh":"3","planteddate":"2019-12-02 05:00:00.0000000","updateddate":"2020-03-05 21:35:37.0000000","geometry":"POINT(-74.01294379172698 40.67358176026251)","genusspecies":"Prunus x yedoensis - Yoshino cherry"}},{"type":"Feature","geometry":{"type":"Point","coordinates":[-74.01289779265102,40.67354821855507]},"properties":{"tpcondition":"Excellent","stumpdiameter":null,"riskratingdate":null,"riskrating":null,"objectid":"10155877","globalid":"327CB14C-07E3-400C-8974-A72DFB0A3E65","tpstructure":"Full","plantingspaceglobalid":"C2CF9F18-DDFC-42D8-92DC-C50AD282375F","createddate":"2019-12-04 20:39:00.0000000","dbh":"3","planteddate":"2019-12-02 05:00:00.0000000","updateddate":null,"geometry":"POINT(-74.01289779265102 40.67354821855507)","genusspecies":"Prunus x yedoensis - Yoshino cherry"}},{"type":"Feature","geometry":{"type":"Point","coordinates":[-74.01065399561186,40.672231777079055]},"properties":{"tpcondition":"Excellent","stumpdiameter":null,"riskratingdate":null,"riskrating":null,"objectid":"10155878","globalid":"7FDBF340-6517-464F-AE18-960D9AF73399","tpstructure":"Full","plantingspaceglobalid":"D23ED0EF-22F5-4201-B796-45E1C8677926","createddate":"2019-12-04 20:40:00.0000000","dbh":"3","planteddate":"2019-12-02 05:00:00.0000000","updateddate":null,"geometry":"POINT(-74.01065399561186 40.672231777079055)","genusspecies":"Taxodium distichum - bald cypress"}},{"type":"Feature","geometry":{"type":"Point","coordinates":[-74.19236413999371,40.53863105119262]},"properties":{"tpcondition":"Excellent","stumpdiameter":null,"riskratingdate":null,"riskrating":null,"objectid":"10155879","globalid":"DD5F6733-8B63-4938-B958-5EB377706EAA","tpstructure":"Full","plantingspaceglobalid":"78E6ACE8-CDA9-453A-8CA0-8FB08442C8E5","createddate":"2019-12-04 20:40:00.0000000","dbh":"3","planteddate":"2019-12-04 05:00:00.0000000","updateddate":null,"geometry":"POINT(-74.19236413999371 40.53863105119262)","genusspecies":"Prunus serrulata 'Green leaf' - 'Green leaf' Japanese flowering cherry"}},{"type":"Feature","geometry":{"type":"Point","coordinates":[-74.01021900296091,40.67210077236354]},"properties":{"tpcondition":"Excellent","stumpdiameter":null,"riskratingdate":null,"riskrating":null,"objectid":"10155880","globalid":"970F4D5C-B2A2-466B-BEC5-958F19D99C8F","tpstructure":"Full","plantingspaceglobalid":"33F33FD8-FF9B-48CE-801B-9544D3F0D52E","createddate":"2019-12-04 20:40:00.0000000","dbh":"3","planteddate":"2019-12-02 05:00:00.0000000","updateddate":null,"geometry":"POINT(-74.01021900296091 40.67210077236354)","genusspecies":"Taxodium distichum - bald cypress"}},{"type":"Feature","geometry":{"type":"Point","coordinates":[-74.19248613813645,40.53851675890531]},"properties":{"tpcondition":"Excellent","stumpdiameter":null,"riskratingdate":null,"riskrating":null,"objectid":"10155881","globalid":"D4CD893D-33D7-43C6-9C9F-586E47526840","tpstructure":"Full","plantingspaceglobalid":"83FC68A4-EC75-4C76-B3AB-45A9E32EE3E1","createddate":"2019-12-04 20:42:00.0000000","dbh":"3","planteddate":"2019-12-04 05:00:00.0000000","updateddate":null,"geometry":"POINT(-74.19248613813645 40.53851675890531)","genusspecies":"Prunus serrulata 'Green leaf' - 'Green leaf' Japanese flowering cherry"}},{"type":"Feature","geometry":{"type":"Point","coordinates":[-74.1925764883171,40.53849968787978]},"properties":{"tpcondition":"Excellent","stumpdiameter":null,"riskratingdate":null,"riskrating":null,"objectid":"10155882","globalid":"FEC978D9-B799-457D-8070-CC7DF3826CA7","tpstructure":"Full","plantingspaceglobalid":"C5C30AAD-6E68-4578-B285-DBF79FC860C9","createddate":"2019-12-04 20:43:00.0000000","dbh":"3","planteddate":null,"updateddate":null,"geometry":"POINT(-74.1925764883171 40.53849968787978)","genusspecies":"Prunus serrulata 'Green leaf' - 'Green leaf' Japanese flowering cherry"}},{"type":"Feature","geometry":{"type":"Point","coordinates":[-73.9768560450641,40.66872057653137]},"properties":{"tpcondition":"Excellent","stumpdiameter":null,"riskratingdate":null,"riskrating":null,"objectid":"10155883","globalid":"A831D431-5BCE-4DC5-8DFB-4B182A5FC988","tpstructure":"Full","plantingspaceglobalid":"CD2E12EB-45A4-48AA-B7E2-9C3224BA7649","createddate":"2019-12-04 20:56:00.0000000","dbh":"3","planteddate":"2019-12-03 05:00:00.0000000","updateddate":null,"geometry":"POINT(-73.9768560450641 40.66872057653137)","genusspecies":"Quercus rubra - northern red oak"}},{"type":"Feature","geometry":{"type":"Point","coordinates":[-73.97689674074854,40.668672336677346]},"properties":{"tpcondition":"Unknown","stumpdiameter":null,"riskratingdate":"2021-05-27 14:17:00.0000000","riskrating":"7","objectid":"10155884","globalid":"5C450A6F-C7F3-465A-BDAC-D3728ED23E90","tpstructure":"Retired","plantingspaceglobalid":"31ACEFB7-D1A1-42DB-951B-E4D86AE02CCA","createddate":"2019-12-04 20:57:00.0000000","dbh":"3","planteddate":"2019-12-03 05:00:00.0000000","updateddate":"2021-06-08 14:28:00.0000000","geometry":"POINT(-73.97689674074854 40.668672336677346)","genusspecies":"Quercus rubra - northern red oak"}},{"type":"Feature","geometry":{"type":"Point","coordinates":[-73.82264302793381,40.75118815605529]},"properties":{"tpcondition":"Fair","stumpdiameter":null,"riskratingdate":"2025-02-26 16:51:59.0000000","riskrating":"9","objectid":"10155885","globalid":"937777BD-FF8C-4C31-87DC-FD9D50DAB308","tpstructure":"Full","plantingspaceglobalid":"7170D5D9-D835-4469-B477-A4CA63252521","createddate":"2019-12-04 21:28:00.0000000","dbh":"40","planteddate":null,"updateddate":"2025-02-26 16:51:59.0000000","geometry":"POINT(-73.82264302793381 40.75118815605529)","genusspecies":"Quercus - Oak"}},{"type":"Feature","geometry":{"type":"Point","coordinates":[-73.97701316134338,40.673508711793694]},"properties":{"tpcondition":"Excellent","stumpdiameter":null,"riskratingdate":null,"riskrating":null,"objectid":"10155886","globalid":"221E4307-3E16-4B22-A311-699E718BCBDE","tpstructure":"Full","plantingspaceglobalid":"10A2D189-9DD2-47A7-916F-025995A31E56","createddate":"2019-12-04 21:28:00.0000000","dbh":"3","planteddate":"2019-12-03 05:00:00.0000000","updateddate":null,"geometry":"POINT(-73.97701316134338 40.673508711793694)","genusspecies":"Platanus x acerifolia 'Columbia' - 'Columbia' London planetree"}},{"type":"Feature","geometry":{"type":"Point","coordinates":[-74.00163358717403,40.65255036887918]},"properties":{"tpcondition":"Dead","stumpdiameter":null,"riskratingdate":"2025-08-12 12:48:00.0000000","riskrating":"6","objectid":"10155887","globalid":"1F5270FB-2B23-44A6-8277-87A717EC7B7D","tpstructure":"Retired","plantingspaceglobalid":"7370D422-8F22-4F8C-BAAE-BD1E19ED9BD2","createddate":"2019-12-04 21:29:00.0000000","dbh":"3","planteddate":"2019-12-03 05:00:00.0000000","updateddate":"2025-10-12 15:33:00.0000000","geometry":"POINT(-74.00163358717403 40.65255036887918)","genusspecies":"Celtis occidentalis 'Chicagoland' - 'Chicagoland' Hackberry"}},{"type":"Feature","geometry":{"type":"Point","coordinates":[-74.00151470755692,40.65247770068437]},"properties":{"tpcondition":"Dead","stumpdiameter":null,"riskratingdate":null,"riskrating":null,"objectid":"10155888","globalid":"21902314-6B66-4DE0-80FC-2AF01B655ECA","tpstructure":"Retired","plantingspaceglobalid":"F83DCC85-062B-40F1-B317-EEF97F57D2BC","createddate":"2019-12-04 21:30:00.0000000","dbh":"3","planteddate":"2019-12-03 05:00:00.0000000","updateddate":"2022-07-15 15:52:17.0000000","geometry":"POINT(-74.00151470755692 40.65247770068437)","genusspecies":"Celtis occidentalis 'Chicagoland' - 'Chicagoland' Hackberry"}},{"type":"Feature","geometry":{"type":"Point","coordinates":[-74.00083012453797,40.6520634662791]},"properties":{"tpcondition":"Excellent","stumpdiameter":null,"riskratingdate":null,"riskrating":null,"objectid":"10155889","globalid":"C15208A0-F738-4FA4-8B8E-981896F2CAA7","tpstructure":"Full","plantingspaceglobalid":"CEBCAF68-C5B7-47CE-A85E-4AB05D587E6B","createddate":"2019-12-04 21:31:00.0000000","dbh":"3","planteddate":"2019-12-03 05:00:00.0000000","updateddate":null,"geometry":"POINT(-74.00083012453797 40.6520634662791)","genusspecies":"Celtis occidentalis 'Chicagoland' - 'Chicagoland' Hackberry"}},{"type":"Feature","geometry":{"type":"Point","coordinates":[-74.00037651255168,40.6517894673353]},"properties":{"tpcondition":"Excellent","stumpdiameter":null,"riskratingdate":null,"riskrating":null,"objectid":"10155890","globalid":"E759FB78-CE26-4139-8979-36F9F2D0709C","tpstructure":"Full","plantingspaceglobalid":"15623160-0DB0-475E-B238-7C1634CBC2C4","createddate":"2019-12-04 21:33:00.0000000","dbh":"3","planteddate":"2019-12-03 05:00:00.0000000","updateddate":null,"geometry":"POINT(-74.00037651255168 40.6517894673353)","genusspecies":"Celtis occidentalis 'Chicagoland' - 'Chicagoland' Hackberry"}},{"type":"Feature","geometry":{"type":"Point","coordinates":[-74.00015049029173,40.6516536583095]},"properties":{"tpcondition":"Excellent","stumpdiameter":null,"riskratingdate":null,"riskrating":null,"objectid":"10155891","globalid":"E54AB237-189B-47CE-B369-1053C0927D1C","tpstructure":"Full","plantingspaceglobalid":"B3065B2B-424B-4CFE-B700-CB8892796573","createddate":"2019-12-04 21:34:00.0000000","dbh":"3","planteddate":"2019-12-03 05:00:00.0000000","updateddate":null,"geometry":"POINT(-74.00015049029173 40.6516536583095)","genusspecies":"Celtis occidentalis 'Chicagoland' - 'Chicagoland' Hackberry"}},{"type":"Feature","geometry":{"type":"Point","coordinates":[-74.00294441393847,40.65074609325987]},"properties":{"tpcondition":"Excellent","stumpdiameter":null,"riskratingdate":null,"riskrating":null,"objectid":"10155892","globalid":"57186346-FC1C-4926-84A7-34577BCAA620","tpstructure":"Full","plantingspaceglobalid":"D9A7AA33-9C83-45EA-BC57-113F13958B90","createddate":"2019-12-04 21:37:00.0000000","dbh":"3","planteddate":"2019-12-03 05:00:00.0000000","updateddate":null,"geometry":"POINT(-74.00294441393847 40.65074609325987)","genusspecies":"Styphnolobium japonicum 'Millstone' - 'Millstone' Japanese pagodatree"}},{"type":"Feature","geometry":{"type":"Point","coordinates":[-74.00237817813655,40.65027911360259]},"properties":{"tpcondition":"Excellent","stumpdiameter":null,"riskratingdate":null,"riskrating":null,"objectid":"10155893","globalid":"96B616D4-2CEC-4166-8CAE-5BD07E50723E","tpstructure":"Full","plantingspaceglobalid":"CEC9379D-E5E2-4D27-9E6F-E976E2DAD517","createddate":"2019-12-04 21:38:00.0000000","dbh":"3","planteddate":"2019-12-03 05:00:00.0000000","updateddate":null,"geometry":"POINT(-74.00237817813655 40.65027911360259)","genusspecies":"Gymnocladus dioicus - Kentucky coffeetree"}},{"type":"Feature","geometry":{"type":"Point","coordinates":[-74.00231873943473,40.65023980094897]},"properties":{"tpcondition":"Excellent","stumpdiameter":null,"riskratingdate":null,"riskrating":null,"objectid":"10155894","globalid":"9E2DAD1E-0AB3-444B-BBEF-3F1C19A7E587","tpstructure":"Full","plantingspaceglobalid":"312D6F4F-677D-4B09-BDDF-25623C4D47C5","createddate":"2019-12-04 21:38:00.0000000","dbh":"3","planteddate":"2019-12-03 05:00:00.0000000","updateddate":null,"geometry":"POINT(-74.00231873943473 40.65023980094897)","genusspecies":"Gymnocladus dioicus - Kentucky coffeetree"}},{"type":"Feature","geometry":{"type":"Point","coordinates":[-74.00225617291866,40.650196915533556]},"properties":{"tpcondition":"Fair","stumpdiameter":null,"riskratingdate":"2020-09-02 16:13:32.0000000","riskrating":"6","objectid":"10155895","globalid":"5F2F5189-6097-4949-B7E3-310494A198B5","tpstructure":"Full","plantingspaceglobalid":"AFB0F7FE-4D1D-4AE7-A988-75D05899828A","createddate":"2019-12-04 21:39:00.0000000","dbh":"3","planteddate":"2019-12-03 05:00:00.0000000","updateddate":"2020-09-02 16:13:32.0000000","geometry":"POINT(-74.00225617291866 40.650196915533556)","genusspecies":"Gymnocladus dioicus - Kentucky coffeetree"}},{"type":"Feature","geometry":{"type":"Point","coordinates":[-74.00266919868055,40.64911703586345]},"properties":{"tpcondition":"Dead","stumpdiameter":null,"riskratingdate":null,"riskrating":null,"objectid":"10155896","globalid":"87CFCC06-91AA-4196-8C5A-7293BB8CA9A0","tpstructure":"Retired","plantingspaceglobalid":"AA265A4B-5B7F-4CE1-ABFF-C91792B8C60F","createddate":"2019-12-04 21:40:00.0000000","dbh":"3","planteddate":"2019-12-03 05:00:00.0000000","updateddate":"2022-05-17 14:27:00.0000000","geometry":"POINT(-74.00266919868055 40.64911703586345)","genusspecies":"Corylus colurna - Turkish hazelnut"}},{"type":"Feature","geometry":{"type":"Point","coordinates":[-74.01150786106341,40.651368407004654]},"properties":{"tpcondition":"Excellent","stumpdiameter":null,"riskratingdate":null,"riskrating":null,"objectid":"10155897","globalid":"AF31A300-83CB-4CAF-B7C6-741388FA6D8B","tpstructure":"Full","plantingspaceglobalid":"A4BF3D87-26C8-4D50-BC03-DBDF49F856C2","createddate":"2019-12-04 21:41:00.0000000","dbh":"3","planteddate":"2019-12-03 05:00:00.0000000","updateddate":null,"geometry":"POINT(-74.01150786106341 40.651368407004654)","genusspecies":"Quercus bicolor - swamp white oak"}},{"type":"Feature","geometry":{"type":"Point","coordinates":[-74.0116486494219,40.65145297559092]},"properties":{"tpcondition":"Excellent","stumpdiameter":null,"riskratingdate":null,"riskrating":null,"objectid":"10155898","globalid":"5A28E452-F473-40A4-88DE-FB6887D6C8D1","tpstructure":"Full","plantingspaceglobalid":"328FD529-5427-44FC-A02A-F3F93142EB7C","createddate":"2019-12-04 21:41:00.0000000","dbh":"3","planteddate":"2019-12-03 05:00:00.0000000","updateddate":null,"geometry":"POINT(-74.0116486494219 40.65145297559092)","genusspecies":"Platanus x acerifolia 'Columbia' - 'Columbia' London planetree"}},{"type":"Feature","geometry":{"type":"Point","coordinates":[-74.01184103670873,40.65143151233175]},"properties":{"tpcondition":"Excellent","stumpdiameter":null,"riskratingdate":null,"riskrating":null,"objectid":"10155899","globalid":"A270A3E0-30AE-45E0-9EA3-D9E699C41CE8","tpstructure":"Full","plantingspaceglobalid":"1199C322-5E71-44F7-9808-86939F489F79","createddate":"2019-12-04 21:42:00.0000000","dbh":"3","planteddate":"2019-12-03 05:00:00.0000000","updateddate":null,"geometry":"POINT(-74.01184103670873 40.65143151233175)","genusspecies":"Ulmus 'Homestead' - 'Homestead' Elm"}},{"type":"Feature","geometry":{"type":"Point","coordinates":[-74.01209758655258,40.65158159035114]},"properties":{"tpcondition":"Excellent","stumpdiameter":null,"riskratingdate":null,"riskrating":null,"objectid":"10155900","globalid":"534B855E-B081-40F3-A2CE-E4ACCB638B39","tpstructure":"Full","plantingspaceglobalid":"7B305510-11CA-4F12-BA57-62222C9F1EE8","createddate":"2019-12-04 21:43:00.0000000","dbh":"3","planteddate":"2019-12-03 05:00:00.0000000","updateddate":null,"geometry":"POINT(-74.01209758655258 40.65158159035114)","genusspecies":"Ulmus 'Homestead' - 'Homestead' Elm"}},{"type":"Feature","geometry":{"type":"Point","coordinates":[-74.01223214481197,40.65180316011417]},"properties":{"tpcondition":"Excellent","stumpdiameter":null,"riskratingdate":null,"riskrating":null,"objectid":"10155901","globalid":"854BCECD-076C-4C22-9F6E-046CC1A4D602","tpstructure":"Full","plantingspaceglobalid":"46810622-82F7-42A5-9405-90332851322A","createddate":"2019-12-04 21:44:00.0000000","dbh":"3","planteddate":"2019-12-03 05:00:00.0000000","updateddate":null,"geometry":"POINT(-74.01223214481197 40.65180316011417)","genusspecies":"Ulmus 'Homestead' - 'Homestead' Elm"}},{"type":"Feature","geometry":{"type":"Point","coordinates":[-74.00173324278678,40.652603466945564]},"properties":{"tpcondition":"Dead","stumpdiameter":null,"riskratingdate":"2025-08-12 12:46:00.0000000","riskrating":"6","objectid":"10155902","globalid":"0DC0DA65-827B-43DC-939F-B703456536FF","tpstructure":"Retired","plantingspaceglobalid":"59834DB4-132E-4442-A0B8-ECF6A01AAB3E","createddate":"2019-12-04 21:50:00.0000000","dbh":"3","planteddate":"2019-12-03 05:00:00.0000000","updateddate":"2025-10-12 15:33:00.0000000","geometry":"POINT(-74.00173324278678 40.652603466945564)","genusspecies":"Celtis occidentalis 'Chicagoland' - 'Chicagoland' Hackberry"}},{"type":"Feature","geometry":{"type":"Point","coordinates":[-73.92312545266475,40.826957781730506]},"properties":{"tpcondition":"Good","stumpdiameter":null,"riskratingdate":null,"riskrating":null,"objectid":"10156295","globalid":"2A9674E8-09F6-47F6-A7D5-8500FE533553","tpstructure":"Full","plantingspaceglobalid":"ACF29444-E55F-40AB-93FD-BA5A3B4F8358","createddate":"2019-12-04 17:30:00.0000000","dbh":"15","planteddate":"2019-12-04 05:00:00.0000000","updateddate":"2019-12-04 17:30:54.0000000","geometry":"POINT(-73.92312545266475 40.826957781730506)","genusspecies":"Picea abies - Norway spruce"}},{"type":"Feature","geometry":{"type":"Point","coordinates":[-73.77380688922759,40.71665986436319]},"properties":{"tpcondition":"Dead","stumpdiameter":null,"riskratingdate":null,"riskrating":null,"objectid":"10156296","globalid":"2E90E166-7E34-4931-95AD-F7ABE9B3AE2E","tpstructure":"Retired","plantingspaceglobalid":"001FC00C-2AC0-425D-A356-884E8F4EF8B7","createddate":"2019-12-04 17:34:00.0000000","dbh":"33","planteddate":null,"updateddate":"2019-12-17 13:39:00.0000000","geometry":"POINT(-73.77380688922759 40.71665986436319)","genusspecies":"Unknown - Unknown"}},{"type":"Feature","geometry":{"type":"Point","coordinates":[-73.80591494193956,40.75261751761353]},"properties":{"tpcondition":"Good","stumpdiameter":null,"riskratingdate":"2019-12-04 19:07:56.0000000","riskrating":"3","objectid":"10156297","globalid":"081FF239-A3E3-48D8-A03F-56345DA5AB24","tpstructure":"Full","plantingspaceglobalid":"65B5235D-5688-4943-830A-E4968C70F638","createddate":"2019-12-04 19:06:00.0000000","dbh":"5","planteddate":null,"updateddate":"2019-12-04 19:07:56.0000000","geometry":"POINT(-73.80591494193956 40.75261751761353)","genusspecies":"Quercus bicolor - swamp white oak"}},{"type":"Feature","geometry":{"type":"Point","coordinates":[-73.8085772311567,40.75392816908859]},"properties":{"tpcondition":"Good","stumpdiameter":null,"riskratingdate":"2019-12-04 19:43:26.0000000","riskrating":"3","objectid":"10156298","globalid":"3B2913C1-08B3-4035-95CA-9498F301C2F4","tpstructure":"Full","plantingspaceglobalid":"09BE36A9-1EB6-4077-B848-A6B21753DA3F","createddate":"2019-12-04 19:42:00.0000000","dbh":"2","planteddate":null,"updateddate":"2019-12-04 19:43:26.0000000","geometry":"POINT(-73.8085772311567 40.75392816908859)","genusspecies":"Carpinus caroliniana - American hornbeam"}},{"type":"Feature","geometry":{"type":"Point","coordinates":[-74.00702378095161,40.677828119560665]},"properties":{"tpcondition":"Excellent","stumpdiameter":null,"riskratingdate":null,"riskrating":null,"objectid":"10156299","globalid":"78B32380-CD6C-47CE-A16E-7A1323345A80","tpstructure":"Full","plantingspaceglobalid":"6DAE69D9-E936-43E5-8695-186BEAD184C7","createddate":"2019-12-04 20:06:00.0000000","dbh":"3","planteddate":"2019-12-02 05:00:00.0000000","updateddate":"2019-12-04 20:08:00.0000000","geometry":"POINT(-74.00702378095161 40.677828119560665)","genusspecies":"Zelkova serrata 'Green Vase' - 'Green Vase' Zelkova"}},{"type":"Feature","geometry":{"type":"Point","coordinates":[-74.00792729195139,40.677057593627794]},"properties":{"tpcondition":"Dead","stumpdiameter":"3","riskratingdate":"2025-10-16 15:09:00.0000000","riskrating":"5","objectid":"10156300","globalid":"B9C41B3F-07D4-4A62-B607-D40F15CEEA6B","tpstructure":"Stump","plantingspaceglobalid":"E7480F45-BBC3-4D07-B6AE-744F7A61030C","createddate":"2019-12-04 20:14:00.0000000","dbh":"3","planteddate":"2019-12-02 05:00:00.0000000","updateddate":"2025-11-05 16:15:00.0000000","geometry":"POINT(-74.00792729195139 40.677057593627794)","genusspecies":"Tilia americana 'Redmond' - 'Redmond' American linden"}},{"type":"Feature","geometry":{"type":"Point","coordinates":[-74.01113640871755,40.67904238369208]},"properties":{"tpcondition":"Excellent","stumpdiameter":null,"riskratingdate":null,"riskrating":null,"objectid":"10156301","globalid":"AD0943A7-003F-49FB-9FED-67D158F33ABE","tpstructure":"Full","plantingspaceglobalid":"35ED2FBE-A607-4940-AF19-0B480F579487","createddate":"2019-12-04 20:15:00.0000000","dbh":"3","planteddate":"2019-12-02 05:00:00.0000000","updateddate":null,"geometry":"POINT(-74.01113640871755 40.67904238369208)","genusspecies":"Liquidambar styraciflua 'Moraine' - 'Moraine' Sweetgum"}},{"type":"Feature","geometry":{"type":"Point","coordinates":[-74.0119476670105,40.67768400869438]},"properties":{"tpcondition":"Excellent","stumpdiameter":null,"riskratingdate":null,"riskrating":null,"objectid":"10156302","globalid":"BB05E721-4DAD-4ACE-87C3-4385E3E72D02","tpstructure":"Full","plantingspaceglobalid":"D2C14A44-1F57-443D-A4BA-65BFB23D4B5B","createddate":"2019-12-04 20:18:00.0000000","dbh":"3","planteddate":"2019-12-02 05:00:00.0000000","updateddate":null,"geometry":"POINT(-74.0119476670105 40.67768400869438)","genusspecies":"Prunus subhirtella 'Autumnalis' - 'Autumnalis' Higan cherry"}},{"type":"Feature","geometry":{"type":"Point","coordinates":[-74.01215092048675,40.67590047538369]},"properties":{"tpcondition":"Excellent","stumpdiameter":null,"riskratingdate":null,"riskrating":null,"objectid":"10156303","globalid":"BD94DF92-83DB-443A-862A-61A3A1A4EB70","tpstructure":"Full","plantingspaceglobalid":"784FF304-687B-48B3-A506-BAC566EA90F2","createddate":"2019-12-04 20:19:00.0000000","dbh":"3","planteddate":"2019-12-02 05:00:00.0000000","updateddate":null,"geometry":"POINT(-74.01215092048675 40.67590047538369)","genusspecies":"Zelkova serrata 'Green Vase' - 'Green Vase' Zelkova"}},{"type":"Feature","geometry":{"type":"Point","coordinates":[-74.01501786858803,40.675447081519025]},"properties":{"tpcondition":"Excellent","stumpdiameter":null,"riskratingdate":null,"riskrating":null,"objectid":"10156304","globalid":"534B5AD4-BE8E-4841-BA98-7A4F33DF16AC","tpstructure":"Full","plantingspaceglobalid":"8A941E45-937F-44D9-890B-18FDD7D7618C","createddate":"2019-12-04 20:21:00.0000000","dbh":"3","planteddate":"2019-12-02 05:00:00.0000000","updateddate":null,"geometry":"POINT(-74.01501786858803 40.675447081519025)","genusspecies":"Tilia tomentosa 'Sterling' - 'Sterling' Silver linden"}},{"type":"Feature","geometry":{"type":"Point","coordinates":[-73.8196393091628,40.75310513788043]},"properties":{"tpcondition":"Good","stumpdiameter":null,"riskratingdate":"2019-12-04 20:29:25.0000000","riskrating":"6","objectid":"10156305","globalid":"4CC56CB0-9140-4789-8C66-E29999400B82","tpstructure":"Full","plantingspaceglobalid":"1C926148-291D-4F82-87BB-50E63CDE5FC1","createddate":"2019-12-04 20:26:00.0000000","dbh":"7","planteddate":null,"updateddate":"2019-12-04 20:29:24.0000000","geometry":"POINT(-73.8196393091628 40.75310513788043)","genusspecies":"Pyrus calleryana - Callery pear"}},{"type":"Feature","geometry":{"type":"Point","coordinates":[-73.8197101756102,40.75306006733767]},"properties":{"tpcondition":"Good","stumpdiameter":null,"riskratingdate":"2019-12-04 20:32:40.0000000","riskrating":"6","objectid":"10156306","globalid":"291C4664-66F6-4DB8-8B28-96A34E63F5A0","tpstructure":"Full","plantingspaceglobalid":"74038BF4-EF89-4E5D-8C05-13949ED96435","createddate":"2019-12-04 20:31:00.0000000","dbh":"6","planteddate":null,"updateddate":"2019-12-04 20:32:40.0000000","geometry":"POINT(-73.8197101756102 40.75306006733767)","genusspecies":"Pyrus calleryana - Callery pear"}},{"type":"Feature","geometry":{"type":"Point","coordinates":[-74.01593431981034,40.67548196384563]},"properties":{"tpcondition":"Excellent","stumpdiameter":null,"riskratingdate":null,"riskrating":null,"objectid":"10156307","globalid":"7617DAFA-6AFF-4BD4-A073-13B33C1B026B","tpstructure":"Full","plantingspaceglobalid":"9F7009F2-3A5B-4B05-BEDA-73582A55DFE5","createddate":"2019-12-04 20:38:00.0000000","dbh":"3","planteddate":"2019-12-02 05:00:00.0000000","updateddate":null,"geometry":"POINT(-74.01593431981034 40.67548196384563)","genusspecies":"Tilia tomentosa 'Sterling' - 'Sterling' Silver linden"}},{"type":"Feature","geometry":{"type":"Point","coordinates":[-74.01047170447288,40.67217401514103]},"properties":{"tpcondition":"Excellent","stumpdiameter":null,"riskratingdate":null,"riskrating":null,"objectid":"10156308","globalid":"F83483EB-BEB8-4387-A1C1-34DBD37E88F6","tpstructure":"Full","plantingspaceglobalid":"A5F63559-DBE9-4236-B6BC-418CCB248E2D","createddate":"2019-12-04 20:41:00.0000000","dbh":"3","planteddate":"2019-12-02 05:00:00.0000000","updateddate":null,"geometry":"POINT(-74.01047170447288 40.67217401514103)","genusspecies":"Taxodium distichum - bald cypress"}},{"type":"Feature","geometry":{"type":"Point","coordinates":[-74.01038329779315,40.67214602758402]},"properties":{"tpcondition":"Excellent","stumpdiameter":null,"riskratingdate":null,"riskrating":null,"objectid":"10156309","globalid":"F0372F59-C246-4128-BD2D-A6CD413CB4A9","tpstructure":"Full","plantingspaceglobalid":"6EE4095F-9394-4790-B77F-490FF0FEB4F5","createddate":"2019-12-04 20:41:00.0000000","dbh":"3","planteddate":"2019-12-02 05:00:00.0000000","updateddate":null,"geometry":"POINT(-74.01038329779315 40.67214602758402)","genusspecies":"Taxodium distichum - bald cypress"}},{"type":"Feature","geometry":{"type":"Point","coordinates":[-74.01056245904407,40.67220259825957]},"properties":{"tpcondition":"Excellent","stumpdiameter":null,"riskratingdate":null,"riskrating":null,"objectid":"10156310","globalid":"3F7BBC2F-521D-4A40-B7A7-E5977705EFEC","tpstructure":"Full","plantingspaceglobalid":"B1DD1943-7B40-4D0F-AFE5-74764110CBF5","createddate":"2019-12-04 20:42:00.0000000","dbh":"3","planteddate":"2019-12-02 05:00:00.0000000","updateddate":null,"geometry":"POINT(-74.01056245904407 40.67220259825957)","genusspecies":"Taxodium distichum - bald cypress"}},{"type":"Feature","geometry":{"type":"Point","coordinates":[-74.00177613219358,40.67466177515875]},"properties":{"tpcondition":"Unknown","stumpdiameter":null,"riskratingdate":null,"riskrating":null,"objectid":"10156311","globalid":"AA427102-72EF-49A8-9478-69B8585681D1","tpstructure":"Stump","plantingspaceglobalid":"C68A4DD2-3126-45CE-820E-A188281D3A8A","createddate":"2019-12-04 20:44:00.0000000","dbh":"3","planteddate":"2019-12-02 05:00:00.0000000","updateddate":"2024-01-17 14:55:00.0000000","geometry":"POINT(-74.00177613219358 40.67466177515875)","genusspecies":"Gleditsia triacanthos var. inermis 'Skyline' - 'Skyline' Thornless honeylocust"}},{"type":"Feature","geometry":{"type":"Point","coordinates":[-73.97707509899608,40.6684383486608]},"properties":{"tpcondition":"Excellent","stumpdiameter":null,"riskratingdate":"2024-10-05 13:34:09.0000000","riskrating":"4","objectid":"10156312","globalid":"6FC0CFE8-B474-40AE-AC7F-39F75D386166","tpstructure":"Full","plantingspaceglobalid":"FDB35E19-25BC-4BC7-A07E-D3C7FEC58FC0","createddate":"2019-12-04 20:55:00.0000000","dbh":"4","planteddate":"2019-12-03 05:00:00.0000000","updateddate":"2024-10-05 13:34:09.0000000","geometry":"POINT(-73.97707509899608 40.6684383486608)","genusspecies":"Quercus rubra - northern red oak"}},{"type":"Feature","geometry":{"type":"Point","coordinates":[-73.97692834540386,40.66880278282972]},"properties":{"tpcondition":"Excellent","stumpdiameter":null,"riskratingdate":null,"riskrating":null,"objectid":"10156313","globalid":"970553C3-1EF5-4388-B4CA-ADD5D369EAA0","tpstructure":"Full","plantingspaceglobalid":"44033A37-2092-4D12-B5D9-65579828D4AB","createddate":"2019-12-04 20:56:00.0000000","dbh":"3","planteddate":"2019-12-03 05:00:00.0000000","updateddate":null,"geometry":"POINT(-73.97692834540386 40.66880278282972)","genusspecies":"Platanus x acerifolia 'Columbia' - 'Columbia' London planetree"}},{"type":"Feature","geometry":{"type":"Point","coordinates":[-74.00139994257044,40.6524023132663]},"properties":{"tpcondition":"Dead","stumpdiameter":null,"riskratingdate":"2025-08-12 12:50:00.0000000","riskrating":"6","objectid":"10156315","globalid":"B0C73877-A366-4963-AF9C-45EEC23D026A","tpstructure":"Retired","plantingspaceglobalid":"79D0799D-8EAD-4178-9F34-ECBEDE13BB32","createddate":"2019-12-04 21:30:00.0000000","dbh":"3","planteddate":"2019-12-03 05:00:00.0000000","updateddate":"2025-10-12 15:24:00.0000000","geometry":"POINT(-74.00139994257044 40.6524023132663)","genusspecies":"Celtis occidentalis 'Chicagoland' - 'Chicagoland' Hackberry"}},{"type":"Feature","geometry":{"type":"Point","coordinates":[-74.00060175413003,40.651923488379474]},"properties":{"tpcondition":"Excellent","stumpdiameter":null,"riskratingdate":null,"riskrating":null,"objectid":"10156316","globalid":"8F9C19B1-468F-4C21-B26F-280E2239CF2F","tpstructure":"Full","plantingspaceglobalid":"EFCFE3D3-9FA1-4E53-A7BB-92519C2D76B3","createddate":"2019-12-04 21:31:00.0000000","dbh":"3","planteddate":"2019-12-03 05:00:00.0000000","updateddate":"2019-12-04 21:33:00.0000000","geometry":"POINT(-74.00060175413003 40.651923488379474)","genusspecies":"Celtis occidentalis 'Chicagoland' - 'Chicagoland' Hackberry"}},{"type":"Feature","geometry":{"type":"Point","coordinates":[-74.01186765630125,40.65159233668453]},"properties":{"tpcondition":"Excellent","stumpdiameter":null,"riskratingdate":"2025-07-23 18:35:47.0000000","riskrating":"5","objectid":"10156317","globalid":"7AF23B01-44EE-46A3-9411-19FADE7C3B7B","tpstructure":"Full","plantingspaceglobalid":"8F25C7D4-9A58-46C2-8B44-E8E65D7CEF51","createddate":"2019-12-04 21:42:00.0000000","dbh":"3","planteddate":"2019-12-03 05:00:00.0000000","updateddate":"2025-07-23 18:35:47.0000000","geometry":"POINT(-74.01186765630125 40.65159233668453)","genusspecies":"Quercus bicolor - swamp white oak"}},{"type":"Feature","geometry":{"type":"Point","coordinates":[-74.01192863976331,40.65148630343302]},"properties":{"tpcondition":"Dead","stumpdiameter":null,"riskratingdate":null,"riskrating":null,"objectid":"10156318","globalid":"23B226A5-38B0-405E-8761-0B4823A2A3BD","tpstructure":"Retired","plantingspaceglobalid":"2C79C696-63B3-4BC2-B57A-8D36B7DAD00B","createddate":"2019-12-04 21:43:00.0000000","dbh":"3","planteddate":"2019-12-03 05:00:00.0000000","updateddate":"2022-05-17 14:27:00.0000000","geometry":"POINT(-74.01192863976331 40.65148630343302)","genusspecies":"Ulmus 'Homestead' - 'Homestead' Elm"}},{"type":"Feature","geometry":{"type":"Point","coordinates":[-74.01199746796564,40.651517270571965]},"properties":{"tpcondition":"Excellent","stumpdiameter":null,"riskratingdate":null,"riskrating":null,"objectid":"10156319","globalid":"F440FEC9-29B1-4980-B06F-42084FD2765C","tpstructure":"Full","plantingspaceglobalid":"CA7AE8E0-5712-49B9-B673-48514A99ADC3","createddate":"2019-12-04 21:44:00.0000000","dbh":"3","planteddate":"2019-12-03 05:00:00.0000000","updateddate":null,"geometry":"POINT(-74.01199746796564 40.651517270571965)","genusspecies":"Ulmus 'Homestead' - 'Homestead' Elm"}},{"type":"Feature","geometry":{"type":"Point","coordinates":[-74.01287819088093,40.6520377770562]},"properties":{"tpcondition":"Excellent","stumpdiameter":null,"riskratingdate":null,"riskrating":null,"objectid":"10156320","globalid":"B21CA141-AD4E-4ECE-BFEF-FB1FB1C7D916","tpstructure":"Full","plantingspaceglobalid":"1489ABE2-52E6-43BA-A9C1-784A0A777D8D","createddate":"2019-12-04 21:45:00.0000000","dbh":"3","planteddate":"2019-12-03 05:00:00.0000000","updateddate":null,"geometry":"POINT(-74.01287819088093 40.6520377770562)","genusspecies":"Quercus bicolor - swamp white oak"}},{"type":"Feature","geometry":{"type":"Point","coordinates":[-74.0126044307903,40.65188055480214]},"properties":{"tpcondition":"Excellent","stumpdiameter":null,"riskratingdate":null,"riskrating":null,"objectid":"10156321","globalid":"C461AD80-71F0-46F8-8990-204434D98702","tpstructure":"Full","plantingspaceglobalid":"8BF6FD47-AF7B-4ED4-806C-8F372F0C5C86","createddate":"2019-12-04 21:45:00.0000000","dbh":"3","planteddate":"2019-12-03 05:00:00.0000000","updateddate":null,"geometry":"POINT(-74.0126044307903 40.65188055480214)","genusspecies":"Quercus bicolor - swamp white oak"}},{"type":"Feature","geometry":{"type":"Point","coordinates":[-73.97585728406376,40.72570512098037]},"properties":{"tpcondition":"Dead","stumpdiameter":null,"riskratingdate":"2022-12-21 17:21:11.0000000","riskrating":"3","objectid":"10156705","globalid":"04FB4B20-2631-452D-82D8-367DA7068214","tpstructure":"Retired","plantingspaceglobalid":"83795D6E-5313-42F2-84E4-83FB434B4AE3","createddate":"2019-12-04 17:33:00.0000000","dbh":"3","planteddate":"2019-11-25 05:00:00.0000000","updateddate":"2023-07-25 14:07:51.0000000","geometry":"POINT(-73.97585728406376 40.72570512098037)","genusspecies":"Metasequoia glyptostroboides - dawn redwood"}},{"type":"Feature","geometry":{"type":"Point","coordinates":[-74.01029176256445,40.672123996402476]},"properties":{"tpcondition":"Excellent","stumpdiameter":null,"riskratingdate":null,"riskrating":null,"objectid":"10156706","globalid":"ED82BABA-1EF2-460D-9E59-3458DC6CDA0E","tpstructure":"Full","plantingspaceglobalid":"F6A08AC2-A239-4C8A-8FB7-1BF6DEC1D860","createddate":"2019-12-04 20:42:00.0000000","dbh":"3","planteddate":"2019-12-02 05:00:00.0000000","updateddate":null,"geometry":"POINT(-74.01029176256445 40.672123996402476)","genusspecies":"Taxodium distichum - bald cypress"}},{"type":"Feature","geometry":{"type":"Point","coordinates":[-73.80637554489968,40.75022994123551]},"properties":{"tpcondition":"Good","stumpdiameter":null,"riskratingdate":"2019-12-04 23:47:53.0000000","riskrating":"3","objectid":"10157498","globalid":"BA774DF1-F492-42EC-B041-B73064CD4C61","tpstructure":"Full","plantingspaceglobalid":"19E4B881-CB00-4666-8B3C-E6B174AB2964","createddate":"2019-12-04 23:45:00.0000000","dbh":"5","planteddate":null,"updateddate":"2019-12-04 23:47:53.0000000","geometry":"POINT(-73.80637554489968 40.75022994123551)","genusspecies":"Prunus serrulata 'Not Green leaf' - 'Not Green leaf' Japanese flowering cherry"}},{"type":"Feature","geometry":{"type":"Point","coordinates":[-73.81058097408432,40.753844335554525]},"properties":{"tpcondition":"Good","stumpdiameter":null,"riskratingdate":"2019-12-05 12:39:04.0000000","riskrating":"3","objectid":"10157919","globalid":"C722DAB0-6FA9-4051-A587-573672709BEC","tpstructure":"Full","plantingspaceglobalid":"BBA18C99-EAF2-4E20-9CBF-A9420A8B8FF1","createddate":"2019-12-05 12:38:00.0000000","dbh":"4","planteddate":null,"updateddate":"2019-12-05 12:39:04.0000000","geometry":"POINT(-73.81058097408432 40.753844335554525)","genusspecies":"Prunus - Cherry"}},{"type":"Feature","geometry":{"type":"Point","coordinates":[-73.80708467746575,40.75096704427425]},"properties":{"tpcondition":"Good","stumpdiameter":null,"riskratingdate":"2019-12-05 12:44:14.0000000","riskrating":"3","objectid":"10157920","globalid":"C80D8BEF-CDBE-419D-9902-6E84CE748EB1","tpstructure":"Full","plantingspaceglobalid":"97C1817A-549F-481D-85CA-E146C15B0587","createddate":"2019-12-05 12:42:00.0000000","dbh":"7","planteddate":null,"updateddate":"2019-12-05 12:44:14.0000000","geometry":"POINT(-73.80708467746575 40.75096704427425)","genusspecies":"Prunus serrulata 'Green leaf' - 'Green leaf' Japanese flowering cherry"}},{"type":"Feature","geometry":{"type":"Point","coordinates":[-73.8070944511857,40.75193523364825]},"properties":{"tpcondition":"Good","stumpdiameter":null,"riskratingdate":"2019-12-05 13:05:13.0000000","riskrating":"3","objectid":"10157921","globalid":"E301379D-021A-4424-B076-1C31564A2C42","tpstructure":"Full","plantingspaceglobalid":"45FDAD11-B2DF-4FB2-A25A-826421F2E41C","createddate":"2019-12-05 13:03:00.0000000","dbh":"7","planteddate":null,"updateddate":"2019-12-05 13:05:13.0000000","geometry":"POINT(-73.8070944511857 40.75193523364825)","genusspecies":"Styphnolobium japonicum - Japanese pagoda tree"}},{"type":"Feature","geometry":{"type":"Point","coordinates":[-73.80708256918456,40.752011041568515]},"properties":{"tpcondition":"Good","stumpdiameter":null,"riskratingdate":"2019-12-05 13:07:25.0000000","riskrating":"3","objectid":"10157922","globalid":"E2A38D28-DB1C-4367-9332-BAA89BCDCCD8","tpstructure":"Full","plantingspaceglobalid":"8DB9D2A1-3661-459C-A578-A8915CAD07FD","createddate":"2019-12-05 13:05:00.0000000","dbh":"6","planteddate":null,"updateddate":"2019-12-05 13:07:25.0000000","geometry":"POINT(-73.80708256918456 40.752011041568515)","genusspecies":"Styphnolobium japonicum - Japanese pagoda tree"}},{"type":"Feature","geometry":{"type":"Point","coordinates":[-73.80707192623402,40.752080136636934]},"properties":{"tpcondition":"Fair","stumpdiameter":null,"riskratingdate":"2019-12-05 13:11:13.0000000","riskrating":"6","objectid":"10157923","globalid":"A5FEAE26-8596-48F0-A265-EAFD7897F44D","tpstructure":"Full","plantingspaceglobalid":"43188AF2-C953-4884-ADE5-112196E182D1","createddate":"2019-12-05 13:08:00.0000000","dbh":"4","planteddate":null,"updateddate":"2019-12-05 13:11:13.0000000","geometry":"POINT(-73.80707192623402 40.752080136636934)","genusspecies":"Styphnolobium japonicum - Japanese pagoda tree"}},{"type":"Feature","geometry":{"type":"Point","coordinates":[-74.1670743986477,40.55388846122414]},"properties":{"tpcondition":"Excellent","stumpdiameter":null,"riskratingdate":null,"riskrating":null,"objectid":"10157924","globalid":"75D4EBD7-FC71-4CB8-A766-241813DA624A","tpstructure":"Full","plantingspaceglobalid":"FD8F8879-B050-4E4B-B65E-8A52910EE6E9","createddate":"2019-12-05 13:18:00.0000000","dbh":"3","planteddate":"2019-12-05 05:00:00.0000000","updateddate":null,"geometry":"POINT(-74.1670743986477 40.55388846122414)","genusspecies":"Acer griseum - paperbark maple"}},{"type":"Feature","geometry":{"type":"Point","coordinates":[-73.80696059201627,40.75280536955732]},"properties":{"tpcondition":"Dead","stumpdiameter":"18","riskratingdate":"2019-12-18 11:55:00.0000000","riskrating":"9","objectid":"10157926","globalid":"50159E5B-DCD4-4575-BA7A-16611B1A8CA8","tpstructure":"Retired","plantingspaceglobalid":"C4B346FA-B9EA-4B98-A3B6-8EBC18B872F4","createddate":"2019-12-05 13:27:00.0000000","dbh":null,"planteddate":null,"updateddate":"2023-09-29 00:57:08.0000000","geometry":"POINT(-73.80696059201627 40.75280536955732)","genusspecies":"Acer platanoides - Norway maple"}},{"type":"Feature","geometry":{"type":"Point","coordinates":[-73.87840575462093,40.88818089341072]},"properties":{"tpcondition":"Fair","stumpdiameter":null,"riskratingdate":"2019-12-05 13:58:52.0000000","riskrating":"8","objectid":"10157927","globalid":"3D25834D-0FDB-4FE9-9AB3-F45755DD864D","tpstructure":"Full","plantingspaceglobalid":"C1F2A4CB-A837-4C23-9F0F-7A2A4D982FD7","createddate":"2019-12-05 13:50:00.0000000","dbh":"15","planteddate":null,"updateddate":"2019-12-05 13:58:52.0000000","geometry":"POINT(-73.87840575462093 40.88818089341072)","genusspecies":"Quercus - Oak"}},{"type":"Feature","geometry":{"type":"Point","coordinates":[-73.89274086785201,40.903598361302336]},"properties":{"tpcondition":"Dead","stumpdiameter":null,"riskratingdate":"2019-12-05 14:15:36.0000000","riskrating":"7","objectid":"10157928","globalid":"F7F53419-B1CC-4BB0-86CE-3AADE32FCCC3","tpstructure":"Full","plantingspaceglobalid":"1F62DA5E-B8BB-4557-B91B-24AD3DA3CC15","createddate":"2019-12-05 14:05:00.0000000","dbh":"33","planteddate":null,"updateddate":"2019-12-05 14:15:36.0000000","geometry":"POINT(-73.89274086785201 40.903598361302336)","genusspecies":"Liriodendron tulipifera - tuliptree"}},{"type":"Feature","geometry":{"type":"Point","coordinates":[-73.81247873623963,40.75263326549568]},"properties":{"tpcondition":"Fair","stumpdiameter":null,"riskratingdate":"2019-12-05 14:20:11.0000000","riskrating":"8","objectid":"10157929","globalid":"25269515-8C1B-4031-9535-AC33AA35A535","tpstructure":"Full","plantingspaceglobalid":"9AC9C3E4-0891-4C56-A5A6-2EA1E6D15B77","createddate":"2019-12-05 14:18:00.0000000","dbh":"38","planteddate":null,"updateddate":"2019-12-05 14:20:11.0000000","geometry":"POINT(-73.81247873623963 40.75263326549568)","genusspecies":"Platanus x acerifolia - London planetree"}},{"type":"Feature","geometry":{"type":"Point","coordinates":[-73.90531977067586,40.70405189408197]},"properties":{"tpcondition":"Good","stumpdiameter":null,"riskratingdate":"2020-01-09 12:03:00.0000000","riskrating":"6","objectid":"10157930","globalid":"4AD0B24C-4E52-424B-B856-478250B68367","tpstructure":"Retired","plantingspaceglobalid":"CBB23DFC-33A5-475D-81C3-32BD2C427E6F","createddate":"2019-12-05 14:44:00.0000000","dbh":"20","planteddate":null,"updateddate":"2020-01-13 12:20:00.0000000","geometry":"POINT(-73.90531977067586 40.70405189408197)","genusspecies":"Styphnolobium japonicum - Japanese pagoda tree"}},{"type":"Feature","geometry":{"type":"Point","coordinates":[-73.90731134594134,40.707513553674126]},"properties":{"tpcondition":"Dead","stumpdiameter":"14","riskratingdate":null,"riskrating":null,"objectid":"10157934","globalid":"0F30EFD5-33DA-4579-88FB-F946393832D7","tpstructure":"Retired","plantingspaceglobalid":"397CAE58-3786-452E-B979-4B14BD716315","createddate":"2019-12-05 15:57:00.0000000","dbh":"14","planteddate":null,"updateddate":"2022-02-24 19:28:00.0000000","geometry":"POINT(-73.90731134594134 40.707513553674126)","genusspecies":"Unknown - Unknown"}},{"type":"Feature","geometry":{"type":"Point","coordinates":[-73.9905241537305,40.677879520334926]},"properties":{"tpcondition":"Good","stumpdiameter":null,"riskratingdate":"2019-12-05 16:25:22.0000000","riskrating":"6","objectid":"10157935","globalid":"E5F3D3E8-BA48-4568-B0E9-9612EF6ECBD0","tpstructure":"Full","plantingspaceglobalid":"1E4D4324-1EE7-48E0-9323-F294FC394306","createddate":"2019-12-05 16:24:00.0000000","dbh":"4","planteddate":null,"updateddate":"2019-12-05 16:25:22.0000000","geometry":"POINT(-73.9905241537305 40.677879520334926)","genusspecies":"Zelkova serrata - Japanese zelkova"}},{"type":"Feature","geometry":{"type":"Point","coordinates":[-73.77503097228887,40.77514307184972]},"properties":{"tpcondition":"Poor","stumpdiameter":null,"riskratingdate":"2019-12-05 16:35:00.0000000","riskrating":"10","objectid":"10157936","globalid":"9041AC2C-7425-4BAF-844E-2D4CA15614D4","tpstructure":"Retired","plantingspaceglobalid":"700A1322-94DA-407E-9629-2DEAA11C1FE8","createddate":"2019-12-05 16:34:00.0000000","dbh":"28","planteddate":null,"updateddate":"2024-03-20 17:17:23.0000000","geometry":"POINT(-73.77503097228887 40.77514307184972)","genusspecies":"Acer - maple"}},{"type":"Feature","geometry":{"type":"Point","coordinates":[-73.77500310700201,40.77502092253702]},"properties":{"tpcondition":"Fair","stumpdiameter":null,"riskratingdate":"2019-12-05 16:41:59.0000000","riskrating":"6","objectid":"10157937","globalid":"C0B72589-A9E9-4961-B06E-6189058EC2BF","tpstructure":"Full","plantingspaceglobalid":"2AC57B24-5E71-4C6D-8341-00D67D540870","createddate":"2019-12-05 16:40:00.0000000","dbh":"9","planteddate":null,"updateddate":"2019-12-05 16:41:59.0000000","geometry":"POINT(-73.77500310700201 40.77502092253702)","genusspecies":"Acer - maple"}},{"type":"Feature","geometry":{"type":"Point","coordinates":[-73.81059090447283,40.753786122529235]},"properties":{"tpcondition":"Good","stumpdiameter":null,"riskratingdate":"2019-12-05 12:41:16.0000000","riskrating":"3","objectid":"10158321","globalid":"AC06159D-A059-462B-A809-AC5E78276D11","tpstructure":"Full","plantingspaceglobalid":"951235CC-841F-41BA-B436-CFEA9A38C067","createddate":"2019-12-05 12:40:00.0000000","dbh":"2","planteddate":null,"updateddate":"2019-12-05 12:41:15.0000000","geometry":"POINT(-73.81059090447283 40.753786122529235)","genusspecies":"Prunus - Cherry"}},{"type":"Feature","geometry":{"type":"Point","coordinates":[-74.16711876531701,40.5538297239868]},"properties":{"tpcondition":"Excellent","stumpdiameter":null,"riskratingdate":null,"riskrating":null,"objectid":"10158322","globalid":"383EF8C4-2ACF-4491-9FFF-DA4137D89307","tpstructure":"Full","plantingspaceglobalid":"C4D1642E-B74C-4B68-8F18-6F214A3D24CA","createddate":"2019-12-05 13:16:00.0000000","dbh":"3","planteddate":"2019-12-05 05:00:00.0000000","updateddate":null,"geometry":"POINT(-74.16711876531701 40.5538297239868)","genusspecies":"Acer griseum - paperbark maple"}},{"type":"Feature","geometry":{"type":"Point","coordinates":[-74.16702612150532,40.5539448218616]},"properties":{"tpcondition":"Excellent","stumpdiameter":null,"riskratingdate":null,"riskrating":null,"objectid":"10158323","globalid":"01E9E905-99E8-492D-8C65-E552AE72A4FA","tpstructure":"Full","plantingspaceglobalid":"EECD79C9-5760-4940-9264-2D4E5F0C2E25","createddate":"2019-12-05 13:20:00.0000000","dbh":"3","planteddate":"2019-12-05 05:00:00.0000000","updateddate":null,"geometry":"POINT(-74.16702612150532 40.5539448218616)","genusspecies":"Acer griseum - paperbark maple"}},{"type":"Feature","geometry":{"type":"Point","coordinates":[-73.8065198240759,40.756136534989125]},"properties":{"tpcondition":"Good","stumpdiameter":null,"riskratingdate":"2019-12-05 14:39:52.0000000","riskrating":"3","objectid":"10158325","globalid":"2B35D0FE-77B4-4A7D-9FCD-B7CA43790A03","tpstructure":"Full","plantingspaceglobalid":"8360C9F9-0E08-4E70-8FAC-21D0F9183EF1","createddate":"2019-12-05 14:38:00.0000000","dbh":"5","planteddate":null,"updateddate":"2019-12-05 14:39:52.0000000","geometry":"POINT(-73.8065198240759 40.756136534989125)","genusspecies":"Acer rubrum - red maple"}},{"type":"Feature","geometry":{"type":"Point","coordinates":[-73.80651744646936,40.75614606157498]},"properties":{"tpcondition":"Good","stumpdiameter":null,"riskratingdate":"2019-12-05 14:41:52.0000000","riskrating":"3","objectid":"10158326","globalid":"EDBB6909-1347-4944-8A7F-34730A19173A","tpstructure":"Full","plantingspaceglobalid":"318C9031-C9DB-4D79-8ABA-D1F1444E8CC6","createddate":"2019-12-05 14:40:00.0000000","dbh":"4","planteddate":null,"updateddate":"2019-12-05 14:41:52.0000000","geometry":"POINT(-73.80651744646936 40.75614606157498)","genusspecies":"Acer rubrum - red maple"}},{"type":"Feature","geometry":{"type":"Point","coordinates":[-73.8213517462089,40.751851730537545]},"properties":{"tpcondition":"Good","stumpdiameter":null,"riskratingdate":"2019-12-05 14:59:42.0000000","riskrating":"6","objectid":"10158327","globalid":"E00494DB-6510-4E39-BAA0-5978815C17F2","tpstructure":"Full","plantingspaceglobalid":"B2B40FFE-F8E5-4C7B-884E-8D7E2739E792","createddate":"2019-12-05 14:58:00.0000000","dbh":"7","planteddate":null,"updateddate":"2025-02-13 13:24:27.0000000","geometry":"POINT(-73.8213517462089 40.751851730537545)","genusspecies":"Quercus bicolor - swamp white oak"}},{"type":"Feature","geometry":{"type":"Point","coordinates":[-73.97789223027486,40.62938573975464]},"properties":{"tpcondition":"Fair","stumpdiameter":null,"riskratingdate":"2021-06-04 13:05:56.0000000","riskrating":"3","objectid":"10158330","globalid":"225F4E10-737C-42E0-95BD-F4735E601FB8","tpstructure":"Full","plantingspaceglobalid":"A277931A-EEA7-417F-B29E-372D496066F2","createddate":"2019-12-05 15:59:00.0000000","dbh":"6","planteddate":null,"updateddate":"2021-06-04 13:05:56.0000000","geometry":"POINT(-73.97789223027486 40.62938573975464)","genusspecies":"Malus hupehensis - Chinese crabapple"}},{"type":"Feature","geometry":{"type":"Point","coordinates":[-73.98591192119392,40.67843526102708]},"properties":{"tpcondition":"Unknown","stumpdiameter":"5","riskratingdate":"2019-12-05 17:07:00.0000000","riskrating":"5","objectid":"10159801","globalid":"AF454293-7AAD-46C3-8FA3-4F4F0BEC0BC4","tpstructure":"Retired","plantingspaceglobalid":"8CCE920F-3CF2-4CE6-B986-24FDE1B2F862","createddate":"2019-12-05 17:06:00.0000000","dbh":"3","planteddate":null,"updateddate":"2023-02-23 12:18:00.0000000","geometry":"POINT(-73.98591192119392 40.67843526102708)","genusspecies":"Quercus palustris - pin oak"}},{"type":"Feature","geometry":{"type":"Point","coordinates":[-73.7353540539127,40.678072607057025]},"properties":{"tpcondition":"Poor","stumpdiameter":null,"riskratingdate":"2019-12-05 19:35:00.0000000","riskrating":"10","objectid":"10159802","globalid":"168387A5-0B6B-4955-8181-3B7B8CF833E2","tpstructure":"Retired","plantingspaceglobalid":"93004D84-9EC0-4578-A906-03472310D02B","createddate":"2019-12-05 17:16:00.0000000","dbh":"39","planteddate":null,"updateddate":"2020-03-18 17:50:00.0000000","geometry":"POINT(-73.7353540539127 40.678072607057025)","genusspecies":"Tilia americana - American basswood"}},{"type":"Feature","geometry":{"type":"Point","coordinates":[-73.88838185173638,40.83433501689205]},"properties":{"tpcondition":"Good","stumpdiameter":null,"riskratingdate":"2023-04-07 11:48:51.0000000","riskrating":"6","objectid":"10159803","globalid":"B8351C4D-E05B-4833-BE8A-1B7D527FD650","tpstructure":"Full","plantingspaceglobalid":"3BFC16E1-B9B6-4901-A1CB-88EF9E2A670E","createddate":"2019-12-05 18:39:00.0000000","dbh":"7","planteddate":null,"updateddate":"2023-04-07 11:48:51.0000000","geometry":"POINT(-73.88838185173638 40.83433501689205)","genusspecies":"Prunus serrulata 'Green leaf' - 'Green leaf' Japanese flowering cherry"}},{"type":"Feature","geometry":{"type":"Point","coordinates":[-73.87933436490545,40.890186630456675]},"properties":{"tpcondition":"Good","stumpdiameter":null,"riskratingdate":null,"riskrating":null,"objectid":"10159804","globalid":"3166AA31-FD17-40DB-AF0A-E1AD63116995","tpstructure":"Full","plantingspaceglobalid":"630F657D-5E80-48C7-80F3-897DF6088F03","createddate":"2019-12-05 18:45:00.0000000","dbh":"36","planteddate":null,"updateddate":null,"geometry":"POINT(-73.87933436490545 40.890186630456675)","genusspecies":"Platanus x acerifolia - London planetree"}},{"type":"Feature","geometry":{"type":"Point","coordinates":[-73.87942008735114,40.89037541896981]},"properties":{"tpcondition":"Fair","stumpdiameter":null,"riskratingdate":"2023-09-11 14:06:23.0000000","riskrating":"8","objectid":"10159805","globalid":"F45ABE47-44B1-4AD2-BE12-9D75F4C4E7D6","tpstructure":"Full","plantingspaceglobalid":"312B1168-9517-429B-9EBD-3C82BC00F0E8","createddate":"2019-12-05 18:46:00.0000000","dbh":"43","planteddate":null,"updateddate":"2023-09-11 14:06:23.0000000","geometry":"POINT(-73.87942008735114 40.89037541896981)","genusspecies":"Platanus x acerifolia - London planetree"}},{"type":"Feature","geometry":{"type":"Point","coordinates":[-73.80232963700574,40.69098383777672]},"properties":{"tpcondition":"Dead","stumpdiameter":"18","riskratingdate":null,"riskrating":null,"objectid":"10159806","globalid":"83221FF3-4F0A-4C16-848A-281FF6BC61A5","tpstructure":"Retired","plantingspaceglobalid":"44C87B46-9A62-46CB-982C-1F3EBB84F0C3","createddate":"2019-12-05 19:34:00.0000000","dbh":"18","planteddate":null,"updateddate":"2021-09-22 13:45:41.0000000","geometry":"POINT(-73.80232963700574 40.69098383777672)","genusspecies":"Unknown - Unknown"}},{"type":"Feature","geometry":{"type":"Point","coordinates":[-73.88467662612629,40.66496478148983]},"properties":{"tpcondition":"Excellent","stumpdiameter":null,"riskratingdate":null,"riskrating":null,"objectid":"10159807","globalid":"1F70B104-731D-4242-B5E3-97F01083FD47","tpstructure":"Full","plantingspaceglobalid":"459B4A90-178F-4E69-820D-A72674DC57A3","createddate":"2019-12-05 19:46:00.0000000","dbh":"3","planteddate":"2019-12-03 05:00:00.0000000","updateddate":null,"geometry":"POINT(-73.88467662612629 40.66496478148983)","genusspecies":"Prunus virginiana 'Canada Red' - 'Canada Red' Chokecherry"}},{"type":"Feature","geometry":{"type":"Point","coordinates":[-73.88199337463695,40.663045625023685]},"properties":{"tpcondition":"Excellent","stumpdiameter":null,"riskratingdate":null,"riskrating":null,"objectid":"10159808","globalid":"DACD00AC-65BC-4C3A-A171-1BEF36844EF4","tpstructure":"Full","plantingspaceglobalid":"E08586B9-4292-453A-998D-8E8FE95C3475","createddate":"2019-12-05 19:51:00.0000000","dbh":"3","planteddate":"2019-12-03 05:00:00.0000000","updateddate":null,"geometry":"POINT(-73.88199337463695 40.663045625023685)","genusspecies":"Quercus acutissima - sawtooth oak"}},{"type":"Feature","geometry":{"type":"Point","coordinates":[-73.88250802956678,40.66380364222858]},"properties":{"tpcondition":"Excellent","stumpdiameter":null,"riskratingdate":null,"riskrating":null,"objectid":"10159809","globalid":"F384542B-EF2E-4A3D-AFF8-F8C271A5832C","tpstructure":"Full","plantingspaceglobalid":"CC46C10F-5A51-41FC-82C3-A28ADF4E554C","createddate":"2019-12-05 19:51:00.0000000","dbh":"3","planteddate":"2019-12-03 05:00:00.0000000","updateddate":null,"geometry":"POINT(-73.88250802956678 40.66380364222858)","genusspecies":"Quercus imbricaria - shingle oak"}},{"type":"Feature","geometry":{"type":"Point","coordinates":[-73.88216280402482,40.66395339374763]},"properties":{"tpcondition":"Excellent","stumpdiameter":null,"riskratingdate":null,"riskrating":null,"objectid":"10159810","globalid":"443F1671-7B58-4135-AD15-4625F3DF74F4","tpstructure":"Full","plantingspaceglobalid":"A63D774E-085B-4AB6-8B5A-06CFEE15FFC2","createddate":"2019-12-05 19:52:00.0000000","dbh":"3","planteddate":"2019-12-03 05:00:00.0000000","updateddate":null,"geometry":"POINT(-73.88216280402482 40.66395339374763)","genusspecies":"Quercus imbricaria - shingle oak"}},{"type":"Feature","geometry":{"type":"Point","coordinates":[-73.88196427591564,40.664035386679856]},"properties":{"tpcondition":"Excellent","stumpdiameter":null,"riskratingdate":null,"riskrating":null,"objectid":"10159811","globalid":"399D8323-84F7-4108-93CC-668C5529B47C","tpstructure":"Full","plantingspaceglobalid":"8493454B-90EA-463B-BE62-9E328BED89A3","createddate":"2019-12-05 19:53:00.0000000","dbh":"3","planteddate":"2019-12-03 05:00:00.0000000","updateddate":null,"geometry":"POINT(-73.88196427591564 40.664035386679856)","genusspecies":"Quercus imbricaria - shingle oak"}},{"type":"Feature","geometry":{"type":"Point","coordinates":[-73.8806124007885,40.66528587124835]},"properties":{"tpcondition":"Excellent","stumpdiameter":null,"riskratingdate":null,"riskrating":null,"objectid":"10159812","globalid":"A66C7664-33CB-4D06-B182-0EA069C12CC1","tpstructure":"Full","plantingspaceglobalid":"4B61DB6D-BBF2-4434-A332-F5C8C345CD90","createddate":"2019-12-05 19:54:00.0000000","dbh":"3","planteddate":"2019-12-03 05:00:00.0000000","updateddate":null,"geometry":"POINT(-73.8806124007885 40.66528587124835)","genusspecies":"Prunus subhirtella 'Autumnalis' - 'Autumnalis' Higan cherry"}},{"type":"Feature","geometry":{"type":"Point","coordinates":[-73.88087895455199,40.66565356160851]},"properties":{"tpcondition":"Good","stumpdiameter":null,"riskratingdate":"2023-02-23 19:51:09.0000000","riskrating":"3","objectid":"10159813","globalid":"46958EE5-A52F-4D7D-B86E-0F594609E5CA","tpstructure":"Full","plantingspaceglobalid":"019D640D-C3EF-47C0-8598-3840D5D20BEB","createddate":"2019-12-05 19:55:00.0000000","dbh":"3","planteddate":"2019-12-03 05:00:00.0000000","updateddate":"2023-02-23 19:51:09.0000000","geometry":"POINT(-73.88087895455199 40.66565356160851)","genusspecies":"Prunus subhirtella 'Autumnalis' - 'Autumnalis' Higan cherry"}},{"type":"Feature","geometry":{"type":"Point","coordinates":[-73.88102645596491,40.66584611020739]},"properties":{"tpcondition":"Excellent","stumpdiameter":null,"riskratingdate":null,"riskrating":null,"objectid":"10159814","globalid":"563CE3AB-7A2B-4FF1-8427-8C3780FA55A3","tpstructure":"Full","plantingspaceglobalid":"2BA74EC4-3B7B-4293-A72B-36E91430070F","createddate":"2019-12-05 19:55:00.0000000","dbh":"3","planteddate":"2019-12-03 05:00:00.0000000","updateddate":null,"geometry":"POINT(-73.88102645596491 40.66584611020739)","genusspecies":"Prunus subhirtella 'Autumnalis' - 'Autumnalis' Higan cherry"}},{"type":"Feature","geometry":{"type":"Point","coordinates":[-73.87977541347786,40.66560442683205]},"properties":{"tpcondition":"Excellent","stumpdiameter":null,"riskratingdate":null,"riskrating":null,"objectid":"10159815","globalid":"2A05167A-0080-404A-85AF-D56EFDD5849C","tpstructure":"Retired","plantingspaceglobalid":"4ACD0612-812B-425F-A450-338332D3A8AB","createddate":"2019-12-05 19:58:00.0000000","dbh":"3","planteddate":"2019-12-03 05:00:00.0000000","updateddate":"2023-07-05 19:44:00.0000000","geometry":"POINT(-73.87977541347786 40.66560442683205)","genusspecies":"Quercus imbricaria - shingle oak"}},{"type":"Feature","geometry":{"type":"Point","coordinates":[-73.87968176101228,40.66548400688834]},"properties":{"tpcondition":"Excellent","stumpdiameter":null,"riskratingdate":null,"riskrating":null,"objectid":"10159816","globalid":"70AEF6B7-29D5-4EF4-8254-D5E0FC2F391A","tpstructure":"Retired","plantingspaceglobalid":"C7D5A6DD-8539-4E00-BD49-57FD047E27E8","createddate":"2019-12-05 19:58:00.0000000","dbh":"3","planteddate":"2019-12-03 05:00:00.0000000","updateddate":"2023-07-05 19:42:00.0000000","geometry":"POINT(-73.87968176101228 40.66548400688834)","genusspecies":"Quercus imbricaria - shingle oak"}},{"type":"Feature","geometry":{"type":"Point","coordinates":[-73.877462224609,40.665406772705936]},"properties":{"tpcondition":"Excellent","stumpdiameter":null,"riskratingdate":null,"riskrating":null,"objectid":"10159817","globalid":"AA017FAB-9484-40B3-B08B-E82A46D0E5C4","tpstructure":"Full","plantingspaceglobalid":"21068F9E-AF7C-4560-B877-1F1771EE88B2","createddate":"2019-12-05 20:02:00.0000000","dbh":"3","planteddate":"2019-12-03 05:00:00.0000000","updateddate":null,"geometry":"POINT(-73.877462224609 40.665406772705936)","genusspecies":"Cercis canadensis - eastern redbud"}},{"type":"Feature","geometry":{"type":"Point","coordinates":[-73.87786607484279,40.66467262964711]},"properties":{"tpcondition":"Excellent","stumpdiameter":null,"riskratingdate":null,"riskrating":null,"objectid":"10159818","globalid":"76756BFA-70FF-4FC3-9763-DA59C8E99C40","tpstructure":"Full","plantingspaceglobalid":"E980FC5A-BD87-4F20-BE8B-CB48575D22DC","createddate":"2019-12-05 20:03:00.0000000","dbh":"3","planteddate":"2019-12-03 05:00:00.0000000","updateddate":null,"geometry":"POINT(-73.87786607484279 40.66467262964711)","genusspecies":"Eucommia ulmoides - Hardy Rubber Tree"}},{"type":"Feature","geometry":{"type":"Point","coordinates":[-73.87745285442163,40.66871912167604]},"properties":{"tpcondition":"Excellent","stumpdiameter":null,"riskratingdate":"2021-09-30 08:17:31.0000000","riskrating":"3","objectid":"10159819","globalid":"B5072959-30EB-49EE-9F0D-0D1729976F8B","tpstructure":"Full","plantingspaceglobalid":"578A0592-DC63-4D0D-AF7F-AEC4E63C817B","createddate":"2019-12-05 20:04:00.0000000","dbh":"3","planteddate":"2019-12-03 05:00:00.0000000","updateddate":"2021-09-30 08:17:31.0000000","geometry":"POINT(-73.87745285442163 40.66871912167604)","genusspecies":"Zelkova serrata 'Green Vase' - 'Green Vase' Zelkova"}},{"type":"Feature","geometry":{"type":"Point","coordinates":[-73.8739978230015,40.667467299619545]},"properties":{"tpcondition":"Excellent","stumpdiameter":null,"riskratingdate":"2021-10-14 19:06:09.0000000","riskrating":"3","objectid":"10159820","globalid":"FCEB8D48-4589-44F6-88E2-8FD85D3C4BDB","tpstructure":"Full","plantingspaceglobalid":"73018AB5-6449-4DAB-B340-0F5BECE4F5C5","createddate":"2019-12-05 20:05:00.0000000","dbh":"3","planteddate":"2019-12-03 05:00:00.0000000","updateddate":"2021-10-14 19:06:09.0000000","geometry":"POINT(-73.8739978230015 40.667467299619545)","genusspecies":"Quercus bicolor - swamp white oak"}},{"type":"Feature","geometry":{"type":"Point","coordinates":[-73.87553571539061,40.669012507585705]},"properties":{"tpcondition":"Excellent","stumpdiameter":null,"riskratingdate":"2021-10-01 16:12:19.0000000","riskrating":"3","objectid":"10159821","globalid":"E4B69217-745B-46CE-B972-90777BFC8A84","tpstructure":"Full","plantingspaceglobalid":"4B277F80-7EDB-4917-82D1-6305C235C0BC","createddate":"2019-12-05 20:06:00.0000000","dbh":"3","planteddate":"2019-12-03 05:00:00.0000000","updateddate":"2021-10-01 16:12:19.0000000","geometry":"POINT(-73.87553571539061 40.669012507585705)","genusspecies":"Eucommia ulmoides - Hardy Rubber Tree"}},{"type":"Feature","geometry":{"type":"Point","coordinates":[-73.87328590685456,40.668795419484944]},"properties":{"tpcondition":"Good","stumpdiameter":null,"riskratingdate":"2021-10-14 20:29:44.0000000","riskrating":"4","objectid":"10159822","globalid":"B8B56962-035E-475F-9BA6-0FEE0D7CCA4D","tpstructure":"Full","plantingspaceglobalid":"A2332416-234D-41DE-B317-1C4A1F7700C4","createddate":"2019-12-05 20:21:00.0000000","dbh":"2","planteddate":"2019-12-03 05:00:00.0000000","updateddate":"2021-10-14 20:29:44.0000000","geometry":"POINT(-73.87328590685456 40.668795419484944)","genusspecies":"Carpinus betulus 'Emerald Avenue' - 'Emerald Avenue' European hornbeam"}},{"type":"Feature","geometry":{"type":"Point","coordinates":[-73.87320475800189,40.66868572987374]},"properties":{"tpcondition":"Good","stumpdiameter":null,"riskratingdate":"2021-10-14 20:27:51.0000000","riskrating":"4","objectid":"10159823","globalid":"C728A0C1-4438-40E9-B0CE-8E2288FD4E4E","tpstructure":"Full","plantingspaceglobalid":"6D83D755-9DA4-46F7-87A9-8CB2D84D829C","createddate":"2019-12-05 20:23:00.0000000","dbh":"3","planteddate":"2019-12-03 05:00:00.0000000","updateddate":"2021-10-14 20:27:51.0000000","geometry":"POINT(-73.87320475800189 40.66868572987374)","genusspecies":"Carpinus betulus 'Emerald Avenue' - 'Emerald Avenue' European hornbeam"}},{"type":"Feature","geometry":{"type":"Point","coordinates":[-73.87312822355382,40.66536776414162]},"properties":{"tpcondition":"Fair","stumpdiameter":null,"riskratingdate":"2021-10-18 19:40:08.0000000","riskrating":"4","objectid":"10159824","globalid":"8C0BF80B-7147-4F62-A11E-829B541AD7A7","tpstructure":"Full","plantingspaceglobalid":"BB910BC4-A2CE-4F94-9AC4-5837F0F4CA38","createddate":"2019-12-05 20:25:00.0000000","dbh":"2","planteddate":"2019-12-03 05:00:00.0000000","updateddate":"2021-10-18 19:40:08.0000000","geometry":"POINT(-73.87312822355382 40.66536776414162)","genusspecies":"Carpinus betulus - European hornbeam"}},{"type":"Feature","geometry":{"type":"Point","coordinates":[-73.88776771155358,40.833895819621645]},"properties":{"tpcondition":"Good","stumpdiameter":null,"riskratingdate":"2023-04-06 18:42:36.0000000","riskrating":"6","objectid":"10160251","globalid":"9EE31538-EB7C-4BC1-9B37-8CA2C4C37BB7","tpstructure":"Full","plantingspaceglobalid":"CD000E6C-C85D-474A-BC05-5728B4A3B5D3","createddate":"2019-12-05 17:52:00.0000000","dbh":"6","planteddate":null,"updateddate":"2023-04-06 18:42:36.0000000","geometry":"POINT(-73.88776771155358 40.833895819621645)","genusspecies":"Acer campestre - hedge maple"}},{"type":"Feature","geometry":{"type":"Point","coordinates":[-73.882804863095,40.66552349523749]},"properties":{"tpcondition":"Excellent","stumpdiameter":null,"riskratingdate":null,"riskrating":null,"objectid":"10160252","globalid":"89F7A7F7-7F82-436D-A859-4879CF13B866","tpstructure":"Full","plantingspaceglobalid":"868C5B07-AD37-45A2-BA75-AF704B3E2731","createddate":"2019-12-05 19:53:00.0000000","dbh":"3","planteddate":"2019-12-03 05:00:00.0000000","updateddate":null,"geometry":"POINT(-73.882804863095 40.66552349523749)","genusspecies":"Koelreuteria paniculata - goldenrain tree"}},{"type":"Feature","geometry":{"type":"Point","coordinates":[-73.88066033724672,40.666790569548844]},"properties":{"tpcondition":"Excellent","stumpdiameter":null,"riskratingdate":null,"riskrating":null,"objectid":"10160253","globalid":"D642F319-6644-4B1D-8A2A-34AA0E4CE6C2","tpstructure":"Full","plantingspaceglobalid":"9E8A77C5-22ED-41A0-B90F-F5B6E23B8B06","createddate":"2019-12-05 19:56:00.0000000","dbh":"3","planteddate":"2019-12-03 05:00:00.0000000","updateddate":null,"geometry":"POINT(-73.88066033724672 40.666790569548844)","genusspecies":"Tilia americana 'Redmond' - 'Redmond' American linden"}},{"type":"Feature","geometry":{"type":"Point","coordinates":[-73.87972546549057,40.66554004382702]},"properties":{"tpcondition":"Excellent","stumpdiameter":null,"riskratingdate":null,"riskrating":null,"objectid":"10160254","globalid":"CBA2DCF9-148C-453E-9C5E-EB195C0B0850","tpstructure":"Retired","plantingspaceglobalid":"CF67823A-2ADD-4D66-BE66-161065E04C84","createddate":"2019-12-05 19:58:00.0000000","dbh":"3","planteddate":"2019-12-03 05:00:00.0000000","updateddate":"2023-07-05 19:43:00.0000000","geometry":"POINT(-73.87972546549057 40.66554004382702)","genusspecies":"Quercus muehlenbergii - chinkapin oak"}},{"type":"Feature","geometry":{"type":"Point","coordinates":[-73.87745822803835,40.66683539465773]},"properties":{"tpcondition":"Excellent","stumpdiameter":null,"riskratingdate":"2021-10-05 20:13:12.0000000","riskrating":"3","objectid":"10160255","globalid":"F53DD829-0B52-4027-9B09-56063FAA5F2D","tpstructure":"Full","plantingspaceglobalid":"5F7BB697-BB4A-488B-8693-0BB4E1CCA20C","createddate":"2019-12-05 20:04:00.0000000","dbh":"3","planteddate":"2019-12-03 05:00:00.0000000","updateddate":"2021-10-05 20:13:12.0000000","geometry":"POINT(-73.87745822803835 40.66683539465773)","genusspecies":"Ostrya virginiana - hophornbeam"}},{"type":"Feature","geometry":{"type":"Point","coordinates":[-73.88773232797364,40.83395117980067]},"properties":{"tpcondition":"Good","stumpdiameter":null,"riskratingdate":"2023-04-06 18:41:02.0000000","riskrating":"6","objectid":"10160656","globalid":"A5E94763-86AE-4D47-8746-9FFB4B48A77E","tpstructure":"Full","plantingspaceglobalid":"4E289142-ACD8-4106-B75F-17A592618BFA","createddate":"2019-12-05 17:53:00.0000000","dbh":"9","planteddate":null,"updateddate":"2023-04-06 18:41:02.0000000","geometry":"POINT(-73.88773232797364 40.83395117980067)","genusspecies":"Prunus - Cherry"}},{"type":"Feature","geometry":{"type":"Point","coordinates":[-73.88409700459997,40.662715658994635]},"properties":{"tpcondition":"Excellent","stumpdiameter":null,"riskratingdate":null,"riskrating":null,"objectid":"10160657","globalid":"34B30F3E-97D2-41BF-B18C-87DC17D0BB92","tpstructure":"Full","plantingspaceglobalid":"4F47AE7C-FCD3-4D7F-A2E8-E61BD0D01732","createddate":"2019-12-05 19:44:00.0000000","dbh":"3","planteddate":"2019-12-03 05:00:00.0000000","updateddate":null,"geometry":"POINT(-73.88409700459997 40.662715658994635)","genusspecies":"Quercus imbricaria - shingle oak"}},{"type":"Feature","geometry":{"type":"Point","coordinates":[-73.88369553876797,40.66237692174762]},"properties":{"tpcondition":"Good","stumpdiameter":null,"riskratingdate":"2025-11-05 17:14:50.0000000","riskrating":"3","objectid":"10160658","globalid":"C076DDDE-8AA7-4547-AEFB-0B3E1B82D826","tpstructure":"Full","plantingspaceglobalid":"63DC05C6-3D3A-44B9-A59D-4FA237517E08","createddate":"2019-12-05 19:44:00.0000000","dbh":"3","planteddate":"2019-12-03 05:00:00.0000000","updateddate":"2025-11-05 17:14:50.0000000","geometry":"POINT(-73.88369553876797 40.66237692174762)","genusspecies":"Prunus subhirtella 'Autumnalis' - 'Autumnalis' Higan cherry"}},{"type":"Feature","geometry":{"type":"Point","coordinates":[-73.88365340342506,40.66231731395069]},"properties":{"tpcondition":"Excellent","stumpdiameter":null,"riskratingdate":null,"riskrating":null,"objectid":"10160659","globalid":"EC9DF05B-97E3-4FCF-BE89-81DA98EB4E79","tpstructure":"Full","plantingspaceglobalid":"52CA815B-45A1-4FC4-8166-5E14A4491347","createddate":"2019-12-05 19:45:00.0000000","dbh":"3","planteddate":"2019-12-03 05:00:00.0000000","updateddate":null,"geometry":"POINT(-73.88365340342506 40.66231731395069)","genusspecies":"Prunus subhirtella 'Autumnalis' - 'Autumnalis' Higan cherry"}},{"type":"Feature","geometry":{"type":"Point","coordinates":[-73.88363670632458,40.66181647050396]},"properties":{"tpcondition":"Excellent","stumpdiameter":null,"riskratingdate":null,"riskrating":null,"objectid":"10160660","globalid":"0C5223A3-1CCD-4597-A3AE-4CA722C327BC","tpstructure":"Full","plantingspaceglobalid":"227930E0-F792-4207-B91D-41879B051BD0","createddate":"2019-12-05 19:45:00.0000000","dbh":"3","planteddate":"2019-12-03 05:00:00.0000000","updateddate":null,"geometry":"POINT(-73.88363670632458 40.66181647050396)","genusspecies":"Carpinus betulus - European hornbeam"}},{"type":"Feature","geometry":{"type":"Point","coordinates":[-73.88243245062142,40.66363499485517]},"properties":{"tpcondition":"Excellent","stumpdiameter":null,"riskratingdate":null,"riskrating":null,"objectid":"10160661","globalid":"6ABB9A6C-FA56-4005-AADF-F1718D0D075E","tpstructure":"Full","plantingspaceglobalid":"75C16215-0596-42BB-BC6F-128AD1DE669E","createddate":"2019-12-05 19:47:00.0000000","dbh":"3","planteddate":"2019-12-03 05:00:00.0000000","updateddate":null,"geometry":"POINT(-73.88243245062142 40.66363499485517)","genusspecies":"Quercus acutissima - sawtooth oak"}},{"type":"Feature","geometry":{"type":"Point","coordinates":[-73.88232163819568,40.66348596745398]},"properties":{"tpcondition":"Excellent","stumpdiameter":null,"riskratingdate":null,"riskrating":null,"objectid":"10160662","globalid":"2419F30E-5FC2-4C3B-9D62-076E49A85666","tpstructure":"Retired","plantingspaceglobalid":"4478E306-B20C-46C8-A26D-49AFDA008455","createddate":"2019-12-05 19:48:00.0000000","dbh":"3","planteddate":"2019-12-03 05:00:00.0000000","updateddate":"2022-04-14 13:48:00.0000000","geometry":"POINT(-73.88232163819568 40.66348596745398)","genusspecies":"Quercus acutissima - sawtooth oak"}},{"type":"Feature","geometry":{"type":"Point","coordinates":[-73.88221499600357,40.66334427506604]},"properties":{"tpcondition":"Excellent","stumpdiameter":null,"riskratingdate":null,"riskrating":null,"objectid":"10160663","globalid":"B7C41726-359E-4DDE-941A-74722948C3D8","tpstructure":"Full","plantingspaceglobalid":"047120F8-02E4-400E-B9EB-06748C07E5A0","createddate":"2019-12-05 19:48:00.0000000","dbh":"3","planteddate":"2019-12-03 05:00:00.0000000","updateddate":null,"geometry":"POINT(-73.88221499600357 40.66334427506604)","genusspecies":"Quercus acutissima - sawtooth oak"}},{"type":"Feature","geometry":{"type":"Point","coordinates":[-73.8820917056639,40.66317438747505]},"properties":{"tpcondition":"Excellent","stumpdiameter":null,"riskratingdate":null,"riskrating":null,"objectid":"10160664","globalid":"8E0BA0CE-2230-4264-8B15-64761CDE86DB","tpstructure":"Full","plantingspaceglobalid":"9BB55728-527F-4331-8C58-9B0BA7221CAB","createddate":"2019-12-05 19:49:00.0000000","dbh":"3","planteddate":"2019-12-03 05:00:00.0000000","updateddate":null,"geometry":"POINT(-73.8820917056639 40.66317438747505)","genusspecies":"Quercus acutissima - sawtooth oak"}},{"type":"Feature","geometry":{"type":"Point","coordinates":[-73.88232093097776,40.663886842573405]},"properties":{"tpcondition":"Excellent","stumpdiameter":null,"riskratingdate":null,"riskrating":null,"objectid":"10160665","globalid":"5E1CD3DC-43E8-4017-9B36-15DE1BFF393C","tpstructure":"Full","plantingspaceglobalid":"434D4731-2657-4DEE-81CA-0665C44D6034","createddate":"2019-12-05 19:52:00.0000000","dbh":"3","planteddate":"2019-12-03 05:00:00.0000000","updateddate":null,"geometry":"POINT(-73.88232093097776 40.663886842573405)","genusspecies":"Quercus imbricaria - shingle oak"}},{"type":"Feature","geometry":{"type":"Point","coordinates":[-73.88077126965685,40.66550513183377]},"properties":{"tpcondition":"Excellent","stumpdiameter":null,"riskratingdate":"2023-02-23 19:47:20.0000000","riskrating":"3","objectid":"10160666","globalid":"9B780A68-6630-4554-B40D-A5E6F11BD869","tpstructure":"Full","plantingspaceglobalid":"4C0B3C5B-87FB-44B3-8E03-1E0BB0B057BF","createddate":"2019-12-05 19:54:00.0000000","dbh":"3","planteddate":"2019-12-03 05:00:00.0000000","updateddate":"2023-02-23 19:47:20.0000000","geometry":"POINT(-73.88077126965685 40.66550513183377)","genusspecies":"Cercis canadensis - eastern redbud"}},{"type":"Feature","geometry":{"type":"Point","coordinates":[-73.88146711677187,40.666634013391445]},"properties":{"tpcondition":"Excellent","stumpdiameter":null,"riskratingdate":null,"riskrating":null,"objectid":"10160667","globalid":"DAB572B3-EAD4-441D-A091-430B16A5B1ED","tpstructure":"Full","plantingspaceglobalid":"1BFD2A24-5169-4E67-B9C6-DB5BFC4EEA86","createddate":"2019-12-05 19:56:00.0000000","dbh":"3","planteddate":"2019-12-03 05:00:00.0000000","updateddate":null,"geometry":"POINT(-73.88146711677187 40.666634013391445)","genusspecies":"Ulmus 'Homestead' - 'Homestead' Elm"}},{"type":"Feature","geometry":{"type":"Point","coordinates":[-73.87994243452427,40.66603257886808]},"properties":{"tpcondition":"Excellent","stumpdiameter":null,"riskratingdate":null,"riskrating":null,"objectid":"10160668","globalid":"2E56DDEF-7582-4544-9B57-6A2FE13F7272","tpstructure":"Full","plantingspaceglobalid":"F81A15CC-E745-4A2A-A5D6-E23BAF268B60","createddate":"2019-12-05 19:57:00.0000000","dbh":"3","planteddate":"2019-12-03 05:00:00.0000000","updateddate":null,"geometry":"POINT(-73.87994243452427 40.66603257886808)","genusspecies":"Cercis canadensis - eastern redbud"}},{"type":"Feature","geometry":{"type":"Point","coordinates":[-73.87982849434029,40.665666430274996]},"properties":{"tpcondition":"Excellent","stumpdiameter":null,"riskratingdate":null,"riskrating":null,"objectid":"10160669","globalid":"B7C861D6-0258-49D4-BC1F-CA2B67499021","tpstructure":"Retired","plantingspaceglobalid":"873CC74C-4294-43C4-9651-5362111EB9CA","createddate":"2019-12-05 19:57:00.0000000","dbh":"3","planteddate":"2019-12-03 05:00:00.0000000","updateddate":"2023-07-05 19:45:00.0000000","geometry":"POINT(-73.87982849434029 40.665666430274996)","genusspecies":"Quercus muehlenbergii - chinkapin oak"}},{"type":"Feature","geometry":{"type":"Point","coordinates":[-73.87965054836415,40.66544108704198]},"properties":{"tpcondition":"Excellent","stumpdiameter":null,"riskratingdate":null,"riskrating":null,"objectid":"10160670","globalid":"3D165190-29E0-422A-8E7B-100CE19B2997","tpstructure":"Retired","plantingspaceglobalid":"E6F6DD27-247F-4170-9074-9ED714AFD91D","createddate":"2019-12-05 19:59:00.0000000","dbh":"3","planteddate":"2019-12-03 05:00:00.0000000","updateddate":"2023-07-05 19:41:00.0000000","geometry":"POINT(-73.87965054836415 40.66544108704198)","genusspecies":"Quercus muehlenbergii - chinkapin oak"}},{"type":"Feature","geometry":{"type":"Point","coordinates":[-73.87960997108827,40.66538624389538]},"properties":{"tpcondition":"Unknown","stumpdiameter":null,"riskratingdate":null,"riskrating":null,"objectid":"10160671","globalid":"F5F178B5-3E2C-4CC8-B86B-9E5ADEC28BC3","tpstructure":"Retired","plantingspaceglobalid":"11A48FED-8948-4942-A7CD-EFC21EC4D908","createddate":"2019-12-05 19:59:00.0000000","dbh":"3","planteddate":"2019-12-03 05:00:00.0000000","updateddate":"2023-07-03 18:00:00.0000000","geometry":"POINT(-73.87960997108827 40.66538624389538)","genusspecies":"Quercus imbricaria - shingle oak"}},{"type":"Feature","geometry":{"type":"Point","coordinates":[-73.87957014040106,40.66777537613546]},"properties":{"tpcondition":"Dead","stumpdiameter":null,"riskratingdate":"2023-05-22 15:20:19.0000000","riskrating":"5","objectid":"10160672","globalid":"BB62E387-E60C-45A5-89CC-B99E20FD8A2E","tpstructure":"Retired","plantingspaceglobalid":"C2274D6F-3A7E-4444-9AA8-511C89E8A4AF","createddate":"2019-12-05 20:01:00.0000000","dbh":"3","planteddate":"2019-12-03 05:00:00.0000000","updateddate":"2025-01-07 14:55:20.0000000","geometry":"POINT(-73.87957014040106 40.66777537613546)","genusspecies":"Prunus padus 'Merlot' - 'Merlot' European bird cherry"}},{"type":"Feature","geometry":{"type":"Point","coordinates":[-73.87816394005308,40.666339443069646]},"properties":{"tpcondition":"Excellent","stumpdiameter":null,"riskratingdate":null,"riskrating":null,"objectid":"10160673","globalid":"1EDAE2F0-2DE6-4DC2-96DC-6D62C4BDB3D4","tpstructure":"Full","plantingspaceglobalid":"DA7551C5-3B68-4E7A-8481-6EE499BDC2BA","createddate":"2019-12-05 20:01:00.0000000","dbh":"3","planteddate":"2019-12-03 05:00:00.0000000","updateddate":null,"geometry":"POINT(-73.87816394005308 40.666339443069646)","genusspecies":"Syringa pekinensis 'China Snow' - 'China Snow' Peking lilac"}},{"type":"Feature","geometry":{"type":"Point","coordinates":[-73.8772564852508,40.66679110184168]},"properties":{"tpcondition":"Fair","stumpdiameter":null,"riskratingdate":"2021-10-05 20:23:00.0000000","riskrating":"3","objectid":"10160674","globalid":"6A450A41-9850-4046-80AD-CA760209DEF3","tpstructure":"Retired","plantingspaceglobalid":"0E81335A-750F-4254-A445-A695FAD70F17","createddate":"2019-12-05 20:03:00.0000000","dbh":"3","planteddate":"2019-12-03 05:00:00.0000000","updateddate":"2022-04-13 19:11:00.0000000","geometry":"POINT(-73.8772564852508 40.66679110184168)","genusspecies":"Syringa pekinensis 'China Snow' - 'China Snow' Peking lilac"}},{"type":"Feature","geometry":{"type":"Point","coordinates":[-73.8740518414565,40.66744472462882]},"properties":{"tpcondition":"Good","stumpdiameter":null,"riskratingdate":"2021-10-14 19:05:08.0000000","riskrating":"4","objectid":"10160675","globalid":"A49451F3-DFC9-457A-9DE8-F3D640DA4FDA","tpstructure":"Full","plantingspaceglobalid":"0504CD16-6BBE-4A06-9971-FE87E930DA73","createddate":"2019-12-05 20:05:00.0000000","dbh":"3","planteddate":"2019-12-03 05:00:00.0000000","updateddate":"2021-10-14 19:05:08.0000000","geometry":"POINT(-73.8740518414565 40.66744472462882)","genusspecies":"Quercus bicolor - swamp white oak"}},{"type":"Feature","geometry":{"type":"Point","coordinates":[-73.87388015965257,40.66782040215764]},"properties":{"tpcondition":"Excellent","stumpdiameter":null,"riskratingdate":"2021-10-15 16:47:07.0000000","riskrating":"3","objectid":"10160676","globalid":"BD76B00B-3C52-4C0C-9BF5-791305CFDF81","tpstructure":"Full","plantingspaceglobalid":"D54C1790-BB04-4826-80C3-417690220966","createddate":"2019-12-05 20:06:00.0000000","dbh":"3","planteddate":"2019-12-03 05:00:00.0000000","updateddate":"2021-10-15 16:47:07.0000000","geometry":"POINT(-73.87388015965257 40.66782040215764)","genusspecies":"Prunus subhirtella 'Autumnalis' - 'Autumnalis' Higan cherry"}},{"type":"Feature","geometry":{"type":"Point","coordinates":[-73.87542484974996,40.66901927698458]},"properties":{"tpcondition":"Good","stumpdiameter":null,"riskratingdate":"2021-10-01 16:10:24.0000000","riskrating":"3","objectid":"10160677","globalid":"3329532F-D25E-45C2-9DBC-AC227B97C621","tpstructure":"Full","plantingspaceglobalid":"71E6A5F7-1D60-4A9C-892B-08555AD6305B","createddate":"2019-12-05 20:07:00.0000000","dbh":"3","planteddate":"2019-12-10 05:00:00.0000000","updateddate":"2021-10-01 16:10:24.0000000","geometry":"POINT(-73.87542484974996 40.66901927698458)","genusspecies":"Eucommia ulmoides - Hardy Rubber Tree"}},{"type":"Feature","geometry":{"type":"Point","coordinates":[-73.87497129943023,40.66783932676704]},"properties":{"tpcondition":"Excellent","stumpdiameter":null,"riskratingdate":"2021-10-14 17:55:23.0000000","riskrating":"3","objectid":"10160678","globalid":"3FA72DCF-10A8-4585-83BC-763CA0247B7D","tpstructure":"Full","plantingspaceglobalid":"491152A4-0258-4F1E-B92D-DF588FF80210","createddate":"2019-12-05 20:07:00.0000000","dbh":"2","planteddate":"2019-12-03 05:00:00.0000000","updateddate":"2021-10-14 17:55:23.0000000","geometry":"POINT(-73.87497129943023 40.66783932676704)","genusspecies":"Prunus virginiana 'Canada Red' - 'Canada Red' Chokecherry"}},{"type":"Feature","geometry":{"type":"Point","coordinates":[-73.87333271262708,40.66886456742934]},"properties":{"tpcondition":"Good","stumpdiameter":null,"riskratingdate":"2021-10-14 20:30:36.0000000","riskrating":"4","objectid":"10160679","globalid":"54F9374B-EAA4-487F-8E6B-77F451264A6E","tpstructure":"Full","plantingspaceglobalid":"42F5AF82-DA91-4C9A-9672-89F047A6E250","createddate":"2019-12-05 20:21:00.0000000","dbh":"2","planteddate":"2019-12-03 05:00:00.0000000","updateddate":"2021-10-14 20:30:36.0000000","geometry":"POINT(-73.87333271262708 40.66886456742934)","genusspecies":"Carpinus betulus - European hornbeam"}},{"type":"Feature","geometry":{"type":"Point","coordinates":[-73.87324767282625,40.66874415119739]},"properties":{"tpcondition":"Good","stumpdiameter":null,"riskratingdate":"2021-10-14 20:28:24.0000000","riskrating":"4","objectid":"10160680","globalid":"4CAF1788-984C-48E9-B1F8-806AC8F1961D","tpstructure":"Full","plantingspaceglobalid":"129B6B81-AF2A-4C41-98DE-9B267A97F065","createddate":"2019-12-05 20:23:00.0000000","dbh":"3","planteddate":"2019-12-03 05:00:00.0000000","updateddate":"2021-10-14 20:28:24.0000000","geometry":"POINT(-73.87324767282625 40.66874415119739)","genusspecies":"Carpinus betulus 'Emerald Avenue' - 'Emerald Avenue' European hornbeam"}},{"type":"Feature","geometry":{"type":"Point","coordinates":[-73.8730673551894,40.66529145384322]},"properties":{"tpcondition":"Fair","stumpdiameter":null,"riskratingdate":"2021-10-18 19:41:10.0000000","riskrating":"4","objectid":"10160681","globalid":"34A624B4-B4D7-4884-99E7-36181E468091","tpstructure":"Full","plantingspaceglobalid":"0D26672B-9B25-4B9F-B76F-F1845EDA3245","createddate":"2019-12-05 20:24:00.0000000","dbh":"2","planteddate":"2019-12-03 05:00:00.0000000","updateddate":"2021-10-18 19:41:10.0000000","geometry":"POINT(-73.8730673551894 40.66529145384322)","genusspecies":"Carpinus betulus - European hornbeam"}},{"type":"Feature","geometry":{"type":"Point","coordinates":[-73.87972695683781,40.66718306400441]},"properties":{"tpcondition":"Excellent","stumpdiameter":null,"riskratingdate":null,"riskrating":null,"objectid":"10161295","globalid":"98BC4FFC-C054-4D34-B5E5-534BA56E62AC","tpstructure":"Full","plantingspaceglobalid":"4B67CE31-D413-41EE-B9E5-8D2E7DEAEF8C","createddate":"2019-12-05 20:00:00.0000000","dbh":"3","planteddate":"2019-12-03 05:00:00.0000000","updateddate":null,"geometry":"POINT(-73.87972695683781 40.66718306400441)","genusspecies":"Tilia americana 'Redmond' - 'Redmond' American linden"}},{"type":"Feature","geometry":{"type":"Point","coordinates":[-73.87964015804569,40.667756316008756]},"properties":{"tpcondition":"Dead","stumpdiameter":null,"riskratingdate":"2023-05-22 15:20:00.0000000","riskrating":"5","objectid":"10161296","globalid":"04E5D094-9CEA-4256-9198-0DC8120FBD45","tpstructure":"Retired","plantingspaceglobalid":"30A37279-7D92-4F7E-8281-73A2E2693AB0","createddate":"2019-12-05 20:00:00.0000000","dbh":"3","planteddate":"2019-12-03 05:00:00.0000000","updateddate":"2025-01-07 14:55:10.0000000","geometry":"POINT(-73.87964015804569 40.667756316008756)","genusspecies":"Prunus padus 'Merlot' - 'Merlot' European bird cherry"}},{"type":"Feature","geometry":{"type":"Point","coordinates":[-73.87219129506823,40.66408796777992]},"properties":{"tpcondition":"Good","stumpdiameter":null,"riskratingdate":"2021-10-18 20:15:45.0000000","riskrating":"4","objectid":"10162140","globalid":"A4282B25-9228-4039-9460-5AD431482FC1","tpstructure":"Full","plantingspaceglobalid":"F2686901-8210-433B-9E8F-E372607BA7AE","createddate":"2019-12-06 11:36:00.0000000","dbh":"2","planteddate":"2019-12-04 05:00:00.0000000","updateddate":"2021-10-18 20:15:45.0000000","geometry":"POINT(-73.87219129506823 40.66408796777992)","genusspecies":"Carpinus betulus - European hornbeam"}},{"type":"Feature","geometry":{"type":"Point","coordinates":[-73.87212104681952,40.66400807146724]},"properties":{"tpcondition":"Good","stumpdiameter":null,"riskratingdate":"2021-10-18 20:16:40.0000000","riskrating":"4","objectid":"10162141","globalid":"269E7E17-4664-4911-8C87-84B063961A5A","tpstructure":"Full","plantingspaceglobalid":"8648FA9E-16D7-4449-82C8-39A6AC87BBCF","createddate":"2019-12-06 11:37:00.0000000","dbh":"3","planteddate":"2019-12-04 05:00:00.0000000","updateddate":"2021-10-18 20:16:40.0000000","geometry":"POINT(-73.87212104681952 40.66400807146724)","genusspecies":"Cercis canadensis - eastern redbud"}},{"type":"Feature","geometry":{"type":"Point","coordinates":[-73.87009925807669,40.66323587319666]},"properties":{"tpcondition":"Good","stumpdiameter":null,"riskratingdate":"2021-10-19 18:18:37.0000000","riskrating":"6","objectid":"10162142","globalid":"FB57A6A6-5376-43D5-8A0B-D3D4123F7D89","tpstructure":"Full","plantingspaceglobalid":"D2E1E7D7-626B-48A7-91E5-57C6EDC01914","createddate":"2019-12-06 11:41:00.0000000","dbh":"3","planteddate":"2019-12-04 05:00:00.0000000","updateddate":"2021-10-19 18:18:37.0000000","geometry":"POINT(-73.87009925807669 40.66323587319666)","genusspecies":"Eucommia ulmoides - Hardy Rubber Tree"}},{"type":"Feature","geometry":{"type":"Point","coordinates":[-73.86985501240567,40.663334475598425]},"properties":{"tpcondition":"Excellent","stumpdiameter":null,"riskratingdate":"2021-10-19 18:19:54.0000000","riskrating":"3","objectid":"10162143","globalid":"952319A9-2A6B-45AD-A3EF-BACE825E8E57","tpstructure":"Full","plantingspaceglobalid":"49186EC0-363A-4ABF-BAA8-7AE1C15407D8","createddate":"2019-12-06 11:42:00.0000000","dbh":"3","planteddate":"2019-12-04 05:00:00.0000000","updateddate":"2021-10-19 18:19:54.0000000","geometry":"POINT(-73.86985501240567 40.663334475598425)","genusspecies":"Ulmus propinqua 'Emerald Sunshine' - 'Emerald Sunshine' Elm"}},{"type":"Feature","geometry":{"type":"Point","coordinates":[-73.86975167183918,40.66337962866367]},"properties":{"tpcondition":"Fair","stumpdiameter":null,"riskratingdate":"2021-10-19 18:20:28.0000000","riskrating":"5","objectid":"10162144","globalid":"1F76264F-D4C1-4E60-8681-CCFB32A525D0","tpstructure":"Full","plantingspaceglobalid":"2CC6A356-A9B6-4846-BA02-6F431A7DE3CA","createddate":"2019-12-06 11:43:00.0000000","dbh":"3","planteddate":"2019-12-04 05:00:00.0000000","updateddate":"2021-10-19 18:20:28.0000000","geometry":"POINT(-73.86975167183918 40.66337962866367)","genusspecies":"Eucommia ulmoides - Hardy Rubber Tree"}},{"type":"Feature","geometry":{"type":"Point","coordinates":[-73.87025893052905,40.6579057496839]},"properties":{"tpcondition":"Fair","stumpdiameter":null,"riskratingdate":"2024-02-08 15:56:54.0000000","riskrating":"5","objectid":"10162145","globalid":"A5B9B254-D07F-4E00-97FD-9D2AFB95485A","tpstructure":"Full","plantingspaceglobalid":"30780692-74FF-4320-8EDA-2E40FFA5DB87","createddate":"2019-12-06 11:44:00.0000000","dbh":"2","planteddate":"2019-12-04 05:00:00.0000000","updateddate":"2024-02-08 15:56:54.0000000","geometry":"POINT(-73.87025893052905 40.6579057496839)","genusspecies":"Quercus muehlenbergii - chinkapin oak"}},{"type":"Feature","geometry":{"type":"Point","coordinates":[-73.87108154346514,40.65755096096596]},"properties":{"tpcondition":"Good","stumpdiameter":null,"riskratingdate":"2024-02-08 16:04:43.0000000","riskrating":"4","objectid":"10162146","globalid":"CAB273AD-42FC-48C7-A7FB-D2EB5CBB298D","tpstructure":"Full","plantingspaceglobalid":"35C02826-8BAC-460F-9974-87525C7EA3D1","createddate":"2019-12-06 11:47:00.0000000","dbh":"3","planteddate":"2019-12-04 05:00:00.0000000","updateddate":"2024-02-08 16:04:43.0000000","geometry":"POINT(-73.87108154346514 40.65755096096596)","genusspecies":"Quercus bicolor - swamp white oak"}},{"type":"Feature","geometry":{"type":"Point","coordinates":[-73.8715171528149,40.657363081886565]},"properties":{"tpcondition":"Dead","stumpdiameter":null,"riskratingdate":"2023-10-26 17:11:00.0000000","riskrating":"6","objectid":"10162147","globalid":"70952262-8F19-40B5-BF18-2997BDA211CA","tpstructure":"Stump","plantingspaceglobalid":"15AA6457-C87D-493C-BD2D-DB725A437BAA","createddate":"2019-12-06 11:48:00.0000000","dbh":"2","planteddate":"2019-12-04 05:00:00.0000000","updateddate":"2024-01-29 14:00:00.0000000","geometry":"POINT(-73.8715171528149 40.657363081886565)","genusspecies":"Maackia amurensis - Amur maackia"}},{"type":"Feature","geometry":{"type":"Point","coordinates":[-73.87157176624078,40.657340835793256]},"properties":{"tpcondition":"Dead","stumpdiameter":null,"riskratingdate":"2023-10-26 17:14:00.0000000","riskrating":"6","objectid":"10162148","globalid":"984E855A-14D7-4820-A13F-9B61C127E14A","tpstructure":"Stump","plantingspaceglobalid":"EBE17F97-5C03-4DBF-9DE3-3BC73508F43F","createddate":"2019-12-06 11:48:00.0000000","dbh":"2","planteddate":"2019-12-04 05:00:00.0000000","updateddate":"2024-01-29 14:01:00.0000000","geometry":"POINT(-73.87157176624078 40.657340835793256)","genusspecies":"Quercus bicolor - swamp white oak"}},{"type":"Feature","geometry":{"type":"Point","coordinates":[-73.87158392860452,40.65602248685108]},"properties":{"tpcondition":"Excellent","stumpdiameter":null,"riskratingdate":null,"riskrating":null,"objectid":"10162149","globalid":"6119F0E3-65E1-437E-A1EB-1C735C9E02D2","tpstructure":"Full","plantingspaceglobalid":"0BA31532-A8E2-451D-A6EB-0327F0FF345E","createddate":"2019-12-06 11:49:00.0000000","dbh":"3","planteddate":"2019-12-04 05:00:00.0000000","updateddate":"2023-06-30 17:21:14.0000000","geometry":"POINT(-73.87158392860452 40.65602248685108)","genusspecies":"Zelkova serrata 'Green Vase' - 'Green Vase' Zelkova"}},{"type":"Feature","geometry":{"type":"Point","coordinates":[-73.87141722600477,40.65640721881507]},"properties":{"tpcondition":"Fair","stumpdiameter":null,"riskratingdate":null,"riskrating":null,"objectid":"10162150","globalid":"6C7E4E85-0A57-4DE1-A5C0-E290E2645CBB","tpstructure":"Full","plantingspaceglobalid":"8A1CDA67-6EF0-41E0-8346-C13B62FEBB41","createddate":"2019-12-06 11:51:00.0000000","dbh":"3","planteddate":"2019-12-04 05:00:00.0000000","updateddate":"2023-07-07 16:49:00.0000000","geometry":"POINT(-73.87141722600477 40.65640721881507)","genusspecies":"Magnolia grandiflora - southern magnolia"}},{"type":"Feature","geometry":{"type":"Point","coordinates":[-73.871299024854,40.656458313432665]},"properties":{"tpcondition":"Good","stumpdiameter":null,"riskratingdate":null,"riskrating":null,"objectid":"10162151","globalid":"FBB05564-C948-466E-81BE-E48E9B1D8B37","tpstructure":"Full","plantingspaceglobalid":"EC48681F-4050-4588-9F37-26B7049523BD","createddate":"2019-12-06 11:52:00.0000000","dbh":"3","planteddate":"2019-12-04 05:00:00.0000000","updateddate":"2023-07-07 16:47:40.0000000","geometry":"POINT(-73.871299024854 40.656458313432665)","genusspecies":"Tilia tomentosa 'Sterling' - 'Sterling' Silver linden"}},{"type":"Feature","geometry":{"type":"Point","coordinates":[-73.8712068754088,40.656611971932456]},"properties":{"tpcondition":"Dead","stumpdiameter":null,"riskratingdate":"2023-10-26 17:22:00.0000000","riskrating":"6","objectid":"10162152","globalid":"6BBB6639-2CD0-4B0D-B926-1713D9DEDBBE","tpstructure":"Stump","plantingspaceglobalid":"75653842-2581-4EE9-8C4E-C3137179ADCB","createddate":"2019-12-06 11:52:00.0000000","dbh":"3","planteddate":"2019-12-04 05:00:00.0000000","updateddate":"2023-12-11 13:27:00.0000000","geometry":"POINT(-73.8712068754088 40.656611971932456)","genusspecies":"Acer rubrum - red maple"}},{"type":"Feature","geometry":{"type":"Point","coordinates":[-73.87247032819369,40.6561934621063]},"properties":{"tpcondition":"Good","stumpdiameter":null,"riskratingdate":null,"riskrating":null,"objectid":"10162153","globalid":"3DC61B64-62F8-4B30-840B-9905918343C6","tpstructure":"Full","plantingspaceglobalid":"B66A602F-0AA7-4278-ACD8-420B76F244F3","createddate":"2019-12-06 11:54:00.0000000","dbh":"3","planteddate":"2019-12-04 05:00:00.0000000","updateddate":"2023-07-03 13:55:42.0000000","geometry":"POINT(-73.87247032819369 40.6561934621063)","genusspecies":"Metasequoia glyptostroboides - dawn redwood"}},{"type":"Feature","geometry":{"type":"Point","coordinates":[-73.87358984914867,40.65586153720624]},"properties":{"tpcondition":"Good","stumpdiameter":null,"riskratingdate":null,"riskrating":null,"objectid":"10162154","globalid":"70A3BA45-2F26-4269-BA80-F6F7C8816CC6","tpstructure":"Full","plantingspaceglobalid":"BA718092-8DE3-41A8-9D21-51C4AFC4B652","createddate":"2019-12-06 11:55:00.0000000","dbh":"2","planteddate":"2019-12-04 05:00:00.0000000","updateddate":"2023-07-05 18:13:08.0000000","geometry":"POINT(-73.87358984914867 40.65586153720624)","genusspecies":"Tilia americana - American basswood"}},{"type":"Feature","geometry":{"type":"Point","coordinates":[-73.87379898838022,40.656156270164665]},"properties":{"tpcondition":"Good","stumpdiameter":null,"riskratingdate":null,"riskrating":null,"objectid":"10162155","globalid":"18890958-A184-46A9-A9DF-7567D8405E82","tpstructure":"Full","plantingspaceglobalid":"0B67F62F-93E3-4B1D-8A2C-8F2FAA870163","createddate":"2019-12-06 11:56:00.0000000","dbh":"3","planteddate":"2019-12-04 05:00:00.0000000","updateddate":"2023-07-05 18:04:14.0000000","geometry":"POINT(-73.87379898838022 40.656156270164665)","genusspecies":"Prunus cerasifera - cherry plum"}},{"type":"Feature","geometry":{"type":"Point","coordinates":[-73.87402495848842,40.656450139975796]},"properties":{"tpcondition":"Excellent","stumpdiameter":null,"riskratingdate":null,"riskrating":null,"objectid":"10162156","globalid":"153B41D9-0CEF-4D71-8D3E-2B80ACAE7C8A","tpstructure":"Retired","plantingspaceglobalid":"3E6C3EA1-47FB-449D-93F7-A82A5E0761D7","createddate":"2019-12-06 11:57:00.0000000","dbh":"3","planteddate":"2019-12-04 05:00:00.0000000","updateddate":"2022-04-13 19:15:00.0000000","geometry":"POINT(-73.87402495848842 40.656450139975796)","genusspecies":"Ginkgo biloba 'Shangri La' - 'Shangri La' Ginkgo"}},{"type":"Feature","geometry":{"type":"Point","coordinates":[-73.87787094904061,40.65637877949892]},"properties":{"tpcondition":"Excellent","stumpdiameter":null,"riskratingdate":null,"riskrating":null,"objectid":"10162157","globalid":"2BA2375C-7FD9-4217-97C1-6F8EFBA72FC1","tpstructure":"Retired","plantingspaceglobalid":"0B3D0B73-7D47-49A1-9175-156C04CB7BC1","createddate":"2019-12-06 11:57:00.0000000","dbh":"3","planteddate":"2019-12-04 05:00:00.0000000","updateddate":"2022-04-13 19:29:00.0000000","geometry":"POINT(-73.87787094904061 40.65637877949892)","genusspecies":"Metasequoia glyptostroboides - dawn redwood"}},{"type":"Feature","geometry":{"type":"Point","coordinates":[-73.87772534479203,40.65644772072821]},"properties":{"tpcondition":"Excellent","stumpdiameter":null,"riskratingdate":null,"riskrating":null,"objectid":"10162158","globalid":"5E5F3601-4D0B-445F-8E6A-CB9ED184CD7F","tpstructure":"Retired","plantingspaceglobalid":"60D34197-CF73-4B02-9CE4-F4F0DCAA4AD2","createddate":"2019-12-06 11:58:00.0000000","dbh":"3","planteddate":"2019-12-04 05:00:00.0000000","updateddate":"2022-04-13 19:28:00.0000000","geometry":"POINT(-73.87772534479203 40.65644772072821)","genusspecies":"Metasequoia glyptostroboides - dawn redwood"}},{"type":"Feature","geometry":{"type":"Point","coordinates":[-73.87747549882596,40.6565641904997]},"properties":{"tpcondition":"Dead","stumpdiameter":null,"riskratingdate":"2023-10-10 15:23:35.0000000","riskrating":"6","objectid":"10162159","globalid":"7B4113C8-EC04-4E54-9531-9C0038FD629C","tpstructure":"Full","plantingspaceglobalid":"9EDA2D7B-B00E-4772-9933-2D1EBCC33501","createddate":"2019-12-06 11:58:00.0000000","dbh":"3","planteddate":"2019-12-04 05:00:00.0000000","updateddate":"2023-10-10 15:23:35.0000000","geometry":"POINT(-73.87747549882596 40.6565641904997)","genusspecies":"Metasequoia glyptostroboides - dawn redwood"}},{"type":"Feature","geometry":{"type":"Point","coordinates":[-73.87933725362171,40.65651653465947]},"properties":{"tpcondition":"Dead","stumpdiameter":"3","riskratingdate":"2020-11-28 20:04:00.0000000","riskrating":"5","objectid":"10162160","globalid":"F1915DFC-091E-4E22-BAE8-D34B5D733AAF","tpstructure":"Retired","plantingspaceglobalid":"1D523F90-020D-4715-8940-3B57B3A761EF","createddate":"2019-12-06 11:59:00.0000000","dbh":"3","planteddate":"2019-12-04 05:00:00.0000000","updateddate":"2022-04-13 19:09:00.0000000","geometry":"POINT(-73.87933725362171 40.65651653465947)","genusspecies":"Cercis canadensis - eastern redbud"}},{"type":"Feature","geometry":{"type":"Point","coordinates":[-73.87818730297619,40.66055144971189]},"properties":{"tpcondition":"Excellent","stumpdiameter":null,"riskratingdate":null,"riskrating":null,"objectid":"10162161","globalid":"05B9DA47-448B-493A-B838-A19D5E285A05","tpstructure":"Full","plantingspaceglobalid":"5A40B6CE-B3A9-4AEA-9BAB-E30C0E776857","createddate":"2019-12-06 12:02:00.0000000","dbh":"3","planteddate":"2019-12-04 05:00:00.0000000","updateddate":null,"geometry":"POINT(-73.87818730297619 40.66055144971189)","genusspecies":"Prunus subhirtella 'Autumnalis' - 'Autumnalis' Higan cherry"}},{"type":"Feature","geometry":{"type":"Point","coordinates":[-73.87657771430871,40.658854721479386]},"properties":{"tpcondition":"Excellent","stumpdiameter":null,"riskratingdate":null,"riskrating":null,"objectid":"10162162","globalid":"C7A56DD5-CA7F-4FA7-BE6A-814F6C996CEE","tpstructure":"Full","plantingspaceglobalid":"292C75C0-ABAA-4B82-A0E6-7AEB049094C6","createddate":"2019-12-06 12:02:00.0000000","dbh":"3","planteddate":"2019-12-04 05:00:00.0000000","updateddate":null,"geometry":"POINT(-73.87657771430871 40.658854721479386)","genusspecies":"Styrax japonicus 'Emerald Pagoda' - 'Emerald Pagoda' Japanese snowbell"}},{"type":"Feature","geometry":{"type":"Point","coordinates":[-73.87643680921128,40.658917114081795]},"properties":{"tpcondition":"Excellent","stumpdiameter":null,"riskratingdate":null,"riskrating":null,"objectid":"10162163","globalid":"7EA8F629-E9AD-4B8F-88A5-DD1E82F7965C","tpstructure":"Full","plantingspaceglobalid":"34BC97FE-6823-42EB-B510-83C963E2556C","createddate":"2019-12-06 12:03:00.0000000","dbh":"3","planteddate":"2019-12-04 05:00:00.0000000","updateddate":null,"geometry":"POINT(-73.87643680921128 40.658917114081795)","genusspecies":"Styrax japonicus 'Emerald Pagoda' - 'Emerald Pagoda' Japanese snowbell"}},{"type":"Feature","geometry":{"type":"Point","coordinates":[-73.87535900272441,40.66295194648866]},"properties":{"tpcondition":"Excellent","stumpdiameter":null,"riskratingdate":"2021-10-18 19:40:00.0000000","riskrating":"3","objectid":"10162164","globalid":"75D30846-82F5-4D4F-8C3A-763136E903E1","tpstructure":"Full","plantingspaceglobalid":"89DBDD26-BEA8-41A5-B117-7839B61DA235","createddate":"2019-12-06 12:03:00.0000000","dbh":"3","planteddate":"2019-12-04 05:00:00.0000000","updateddate":"2021-10-18 19:40:00.0000000","geometry":"POINT(-73.87535900272441 40.66295194648866)","genusspecies":"Styphnolobium japonicum 'Millstone' - 'Millstone' Japanese pagodatree"}},{"type":"Feature","geometry":{"type":"Point","coordinates":[-73.87527132166892,40.662991164728346]},"properties":{"tpcondition":"Excellent","stumpdiameter":null,"riskratingdate":null,"riskrating":null,"objectid":"10162165","globalid":"88D26928-6C3F-421C-827E-83F5BA6A790E","tpstructure":"Retired","plantingspaceglobalid":"BF4A27E8-6E4F-45FB-B518-014585ED9AF0","createddate":"2019-12-06 12:04:00.0000000","dbh":"3","planteddate":"2019-12-04 05:00:00.0000000","updateddate":"2021-10-15 19:18:14.0000000","geometry":"POINT(-73.87527132166892 40.662991164728346)","genusspecies":"Metasequoia glyptostroboides - dawn redwood"}},{"type":"Feature","geometry":{"type":"Point","coordinates":[-73.87420452098665,40.66410846833316]},"properties":{"tpcondition":"Fair","stumpdiameter":null,"riskratingdate":"2021-10-19 13:57:03.0000000","riskrating":"4","objectid":"10162166","globalid":"CD0BCD42-FA82-4284-87DE-7D5FB7D7E944","tpstructure":"Full","plantingspaceglobalid":"751E047F-F2E3-4E4E-8B06-64E9A20EBA49","createddate":"2019-12-06 12:06:00.0000000","dbh":"2","planteddate":"2019-12-04 05:00:00.0000000","updateddate":"2021-10-19 13:57:03.0000000","geometry":"POINT(-73.87420452098665 40.66410846833316)","genusspecies":"Prunus virginiana 'Canada Red' - 'Canada Red' Chokecherry"}},{"type":"Feature","geometry":{"type":"Point","coordinates":[-73.87346208108957,40.66456284399015]},"properties":{"tpcondition":"Fair","stumpdiameter":null,"riskratingdate":"2021-10-18 21:06:27.0000000","riskrating":"4","objectid":"10162167","globalid":"C43D1C8F-7326-431E-A56F-5AB1A3A5D04F","tpstructure":"Full","plantingspaceglobalid":"A2D2F8BC-FC00-41A0-88B8-ADA0D0F660BA","createddate":"2019-12-06 12:07:00.0000000","dbh":"3","planteddate":"2019-12-04 05:00:00.0000000","updateddate":"2021-10-18 21:06:27.0000000","geometry":"POINT(-73.87346208108957 40.66456284399015)","genusspecies":"Eucommia ulmoides - Hardy Rubber Tree"}},{"type":"Feature","geometry":{"type":"Point","coordinates":[-73.86797072369387,40.667770195610665]},"properties":{"tpcondition":"Excellent","stumpdiameter":null,"riskratingdate":null,"riskrating":null,"objectid":"10162168","globalid":"07B906D2-8399-4C0C-92E3-F7A92C9346A8","tpstructure":"Full","plantingspaceglobalid":"7F2A9382-3790-4713-B310-A1DBB9B1E68E","createddate":"2019-12-06 12:08:00.0000000","dbh":"3","planteddate":"2019-12-04 05:00:00.0000000","updateddate":null,"geometry":"POINT(-73.86797072369387 40.667770195610665)","genusspecies":"Prunus sargentii - Sargent cherry"}},{"type":"Feature","geometry":{"type":"Point","coordinates":[-73.86793988749716,40.667645089724]},"properties":{"tpcondition":"Excellent","stumpdiameter":null,"riskratingdate":null,"riskrating":null,"objectid":"10162169","globalid":"FCE2B6E3-D0C1-4715-8BB4-3193A0F5A9DF","tpstructure":"Full","plantingspaceglobalid":"A0225CDF-7E62-486A-9985-1D2EAC04619D","createddate":"2019-12-06 12:08:00.0000000","dbh":"3","planteddate":"2019-12-04 05:00:00.0000000","updateddate":null,"geometry":"POINT(-73.86793988749716 40.667645089724)","genusspecies":"Prunus sargentii - Sargent cherry"}},{"type":"Feature","geometry":{"type":"Point","coordinates":[-73.86771373667493,40.666737727952324]},"properties":{"tpcondition":"Excellent","stumpdiameter":null,"riskratingdate":null,"riskrating":null,"objectid":"10162170","globalid":"B8E72B32-904D-43F9-9861-937AA679CBA5","tpstructure":"Full","plantingspaceglobalid":"E96CD6D5-701D-435C-B598-D2B769B05520","createddate":"2019-12-06 12:09:00.0000000","dbh":"3","planteddate":"2019-12-04 05:00:00.0000000","updateddate":null,"geometry":"POINT(-73.86771373667493 40.666737727952324)","genusspecies":"Prunus sargentii - Sargent cherry"}},{"type":"Feature","geometry":{"type":"Point","coordinates":[-73.86786211355235,40.666590566654754]},"properties":{"tpcondition":"Excellent","stumpdiameter":null,"riskratingdate":null,"riskrating":null,"objectid":"10162171","globalid":"8A05E543-72C8-4A20-9F7C-DCB53E020AAD","tpstructure":"Full","plantingspaceglobalid":"B2E70B8E-91F8-4753-AF21-62128052FC13","createddate":"2019-12-06 12:10:00.0000000","dbh":"3","planteddate":"2019-12-04 05:00:00.0000000","updateddate":null,"geometry":"POINT(-73.86786211355235 40.666590566654754)","genusspecies":"Carpinus betulus - European hornbeam"}},{"type":"Feature","geometry":{"type":"Point","coordinates":[-73.86783897629616,40.66642375633139]},"properties":{"tpcondition":"Excellent","stumpdiameter":null,"riskratingdate":null,"riskrating":null,"objectid":"10162172","globalid":"6260D8D4-B87B-404E-8A98-5AA0BC5D111F","tpstructure":"Full","plantingspaceglobalid":"5F7996BA-1173-4CAF-91F8-92D02C7432B1","createddate":"2019-12-06 12:10:00.0000000","dbh":"3","planteddate":"2019-12-04 05:00:00.0000000","updateddate":null,"geometry":"POINT(-73.86783897629616 40.66642375633139)","genusspecies":"Carpinus caroliniana - American hornbeam"}},{"type":"Feature","geometry":{"type":"Point","coordinates":[-73.8675703703212,40.66617684659961]},"properties":{"tpcondition":"Excellent","stumpdiameter":null,"riskratingdate":null,"riskrating":null,"objectid":"10162173","globalid":"9D23C0A4-A6EC-48EE-9FB7-C57A68FFB270","tpstructure":"Full","plantingspaceglobalid":"D87F6B26-7CE5-4921-8DF4-1B11F933F03E","createddate":"2019-12-06 12:11:00.0000000","dbh":"3","planteddate":"2019-12-04 05:00:00.0000000","updateddate":null,"geometry":"POINT(-73.8675703703212 40.66617684659961)","genusspecies":"Prunus sargentii - Sargent cherry"}},{"type":"Feature","geometry":{"type":"Point","coordinates":[-73.86725511553226,40.66558106191199]},"properties":{"tpcondition":"Excellent","stumpdiameter":null,"riskratingdate":null,"riskrating":null,"objectid":"10162174","globalid":"7E7F83C6-E5A9-4FBD-9A50-A494C00EE73D","tpstructure":"Full","plantingspaceglobalid":"A00E17F3-E565-4D21-BC8E-8B1145EBBD82","createddate":"2019-12-06 12:11:00.0000000","dbh":"3","planteddate":"2019-12-04 05:00:00.0000000","updateddate":null,"geometry":"POINT(-73.86725511553226 40.66558106191199)","genusspecies":"Carpinus betulus - European hornbeam"}},{"type":"Feature","geometry":{"type":"Point","coordinates":[-73.86694054193197,40.66563668973372]},"properties":{"tpcondition":"Excellent","stumpdiameter":null,"riskratingdate":null,"riskrating":null,"objectid":"10162175","globalid":"F3AB4A0F-A965-4C46-B67C-23452C23AA87","tpstructure":"Full","plantingspaceglobalid":"63ADEEA2-B21A-4FE1-965B-7A8E1A256315","createddate":"2019-12-06 12:12:00.0000000","dbh":"3","planteddate":"2019-12-04 05:00:00.0000000","updateddate":null,"geometry":"POINT(-73.86694054193197 40.66563668973372)","genusspecies":"Carpinus betulus - European hornbeam"}},{"type":"Feature","geometry":{"type":"Point","coordinates":[-73.8686930247606,40.66596397482767]},"properties":{"tpcondition":"Excellent","stumpdiameter":null,"riskratingdate":null,"riskrating":null,"objectid":"10162176","globalid":"E45B78C7-76E4-4A63-91B1-E3EA620E229F","tpstructure":"Full","plantingspaceglobalid":"862C43AF-4DBB-42EE-A28F-940F92F87A5B","createddate":"2019-12-06 12:12:00.0000000","dbh":"3","planteddate":"2019-12-04 05:00:00.0000000","updateddate":null,"geometry":"POINT(-73.8686930247606 40.66596397482767)","genusspecies":"Metasequoia glyptostroboides - dawn redwood"}},{"type":"Feature","geometry":{"type":"Point","coordinates":[-73.86923989077397,40.66487911745074]},"properties":{"tpcondition":"Excellent","stumpdiameter":null,"riskratingdate":null,"riskrating":null,"objectid":"10162177","globalid":"37E3AD19-4729-4679-8984-814E1DAD29E3","tpstructure":"Full","plantingspaceglobalid":"CDE16BD6-4239-4DF9-B6E8-66AA444999EC","createddate":"2019-12-06 12:13:00.0000000","dbh":"3","planteddate":"2019-12-04 05:00:00.0000000","updateddate":null,"geometry":"POINT(-73.86923989077397 40.66487911745074)","genusspecies":"Cercis canadensis - eastern redbud"}},{"type":"Feature","geometry":{"type":"Point","coordinates":[-73.86909204047488,40.66435011799559]},"properties":{"tpcondition":"Excellent","stumpdiameter":null,"riskratingdate":null,"riskrating":null,"objectid":"10162178","globalid":"DD481446-B5D7-4CB6-9756-C771F9411298","tpstructure":"Retired","plantingspaceglobalid":"AC478FD1-6DC4-4A90-AE0E-8C3EABDBD1A9","createddate":"2019-12-06 12:14:00.0000000","dbh":"3","planteddate":"2019-12-04 05:00:00.0000000","updateddate":"2022-04-13 19:23:00.0000000","geometry":"POINT(-73.86909204047488 40.66435011799559)","genusspecies":"Syringa pekinensis 'China Snow' - 'China Snow' Peking lilac"}},{"type":"Feature","geometry":{"type":"Point","coordinates":[-73.86898650575907,40.663070135341364]},"properties":{"tpcondition":"Fair","stumpdiameter":null,"riskratingdate":"2021-10-14 19:23:24.0000000","riskrating":"4","objectid":"10162179","globalid":"7B391F26-825E-42E9-995E-6A2D6E6F094F","tpstructure":"Full","plantingspaceglobalid":"7920A63A-06DF-4305-BB8D-C0BD6C33A857","createddate":"2019-12-06 12:15:00.0000000","dbh":"3","planteddate":"2019-12-04 05:00:00.0000000","updateddate":"2021-10-14 19:23:24.0000000","geometry":"POINT(-73.86898650575907 40.663070135341364)","genusspecies":"Prunus virginiana 'Canada Red' - 'Canada Red' Chokecherry"}},{"type":"Feature","geometry":{"type":"Point","coordinates":[-73.8686834975416,40.6626639360934]},"properties":{"tpcondition":"Fair","stumpdiameter":null,"riskratingdate":"2021-10-14 19:15:57.0000000","riskrating":"4","objectid":"10162180","globalid":"17448852-688D-4416-A7CF-0FD1AA85B516","tpstructure":"Full","plantingspaceglobalid":"4BCA4944-0965-45B1-96A4-36BC7C8DBC60","createddate":"2019-12-06 12:16:00.0000000","dbh":"2","planteddate":"2019-12-04 05:00:00.0000000","updateddate":"2021-10-14 19:15:57.0000000","geometry":"POINT(-73.8686834975416 40.6626639360934)","genusspecies":"Prunus virginiana 'Canada Red' - 'Canada Red' Chokecherry"}},{"type":"Feature","geometry":{"type":"Point","coordinates":[-73.86864219609767,40.66260856556952]},"properties":{"tpcondition":"Fair","stumpdiameter":null,"riskratingdate":"2021-10-14 19:14:02.0000000","riskrating":"4","objectid":"10162181","globalid":"3B83830F-C6EE-4377-8718-E91B19492833","tpstructure":"Full","plantingspaceglobalid":"D32A7059-20D2-49CC-A0D0-A9F3FD5E0A96","createddate":"2019-12-06 12:16:00.0000000","dbh":"2","planteddate":"2019-12-04 05:00:00.0000000","updateddate":"2021-10-14 19:14:02.0000000","geometry":"POINT(-73.86864219609767 40.66260856556952)","genusspecies":"Prunus virginiana 'Canada Red' - 'Canada Red' Chokecherry"}},{"type":"Feature","geometry":{"type":"Point","coordinates":[-73.86790330724772,40.66373821903364]},"properties":{"tpcondition":"Fair","stumpdiameter":null,"riskratingdate":"2021-08-11 17:40:20.0000000","riskrating":"3","objectid":"10162182","globalid":"EA6F9693-4FF2-40C1-B4DF-C8A358D688E4","tpstructure":"Full","plantingspaceglobalid":"A0BFEEB1-E62E-434D-851C-1D11138EA001","createddate":"2019-12-06 12:17:00.0000000","dbh":"3","planteddate":"2019-12-04 05:00:00.0000000","updateddate":"2021-08-11 17:40:20.0000000","geometry":"POINT(-73.86790330724772 40.66373821903364)","genusspecies":"Eucommia ulmoides - Hardy Rubber Tree"}},{"type":"Feature","geometry":{"type":"Point","coordinates":[-73.8666393910171,40.66405778007424]},"properties":{"tpcondition":"Excellent","stumpdiameter":null,"riskratingdate":null,"riskrating":null,"objectid":"10162183","globalid":"3DE6B057-5C90-4ACF-9A6E-D3E361FEE59F","tpstructure":"Full","plantingspaceglobalid":"F8DC7C74-5197-4976-B11C-8910C88737D9","createddate":"2019-12-06 12:18:00.0000000","dbh":"3","planteddate":"2019-12-04 05:00:00.0000000","updateddate":null,"geometry":"POINT(-73.8666393910171 40.66405778007424)","genusspecies":"Maackia amurensis - Amur maackia"}},{"type":"Feature","geometry":{"type":"Point","coordinates":[-73.81303580659296,40.75380012880633]},"properties":{"tpcondition":"Good","stumpdiameter":null,"riskratingdate":"2019-12-06 14:00:25.0000000","riskrating":"6","objectid":"10162184","globalid":"5482BDF8-E76F-4346-8651-017C222A78B6","tpstructure":"Full","plantingspaceglobalid":"08EAEBF7-D15E-46BD-A00F-DD4CA17D84B4","createddate":"2019-12-06 13:59:00.0000000","dbh":"40","planteddate":null,"updateddate":"2019-12-06 14:00:25.0000000","geometry":"POINT(-73.81303580659296 40.75380012880633)","genusspecies":"Platanus x acerifolia - London planetree"}},{"type":"Feature","geometry":{"type":"Point","coordinates":[-73.91096472704442,40.886739676568716]},"properties":{"tpcondition":"Fair","stumpdiameter":null,"riskratingdate":null,"riskrating":null,"objectid":"10162185","globalid":"97F5A061-8362-449C-A981-C9CD9FBA9FDE","tpstructure":"Full","plantingspaceglobalid":"9BD24E87-CC3F-44E5-8EE7-A3A98AC206BE","createddate":"2019-12-06 14:08:00.0000000","dbh":"25","planteddate":null,"updateddate":"2019-12-06 14:09:52.0000000","geometry":"POINT(-73.91096472704442 40.886739676568716)","genusspecies":"Robinia pseudoacacia - black locust"}},{"type":"Feature","geometry":{"type":"Point","coordinates":[-73.97925611654425,40.72742956105097]},"properties":{"tpcondition":"Good","stumpdiameter":null,"riskratingdate":"2021-08-25 13:42:05.0000000","riskrating":"3","objectid":"10162186","globalid":"FD5EC682-35E6-4AEE-805F-355FA4817485","tpstructure":"Full","plantingspaceglobalid":"4C4220A3-C3FD-4E90-9890-93C2A5194285","createddate":"2019-12-06 15:04:00.0000000","dbh":"3","planteddate":"2019-11-25 05:00:00.0000000","updateddate":"2021-08-25 13:42:05.0000000","geometry":"POINT(-73.97925611654425 40.72742956105097)","genusspecies":"Corylus colurna - Turkish hazelnut"}},{"type":"Feature","geometry":{"type":"Point","coordinates":[-73.97728415023126,40.72649159777122]},"properties":{"tpcondition":"Excellent","stumpdiameter":null,"riskratingdate":"2021-08-25 15:23:19.0000000","riskrating":"3","objectid":"10162187","globalid":"06CCC05A-6660-47D0-94DA-0A7792BE45AC","tpstructure":"Full","plantingspaceglobalid":"033D9660-E176-4C30-8C38-01CCC8A684B4","createddate":"2019-12-06 15:08:00.0000000","dbh":"3","planteddate":"2019-11-25 05:00:00.0000000","updateddate":"2021-08-25 15:23:19.0000000","geometry":"POINT(-73.97728415023126 40.72649159777122)","genusspecies":"Tilia tomentosa 'Sterling' - 'Sterling' Silver linden"}},{"type":"Feature","geometry":{"type":"Point","coordinates":[-73.93541874139058,40.78437631519226]},"properties":{"tpcondition":"Dead","stumpdiameter":"10","riskratingdate":null,"riskrating":null,"objectid":"10162188","globalid":"41AF5E0E-AAE3-42A5-B36D-A9626D53A125","tpstructure":"Retired","plantingspaceglobalid":"970417CB-35C1-4E7E-8EA0-AD2129837EF1","createddate":"2019-12-06 15:26:00.0000000","dbh":"7","planteddate":null,"updateddate":"2020-02-03 16:32:00.0000000","geometry":"POINT(-73.93541874139058 40.78437631519226)","genusspecies":"Unknown - Unknown"}},{"type":"Feature","geometry":{"type":"Point","coordinates":[-73.98007673585366,40.72611162749312]},"properties":{"tpcondition":"Good","stumpdiameter":null,"riskratingdate":"2021-08-17 16:38:21.0000000","riskrating":"3","objectid":"10162189","globalid":"C3E94545-AC7C-41CD-B7A3-7605EE60FB7E","tpstructure":"Full","plantingspaceglobalid":"B4319695-6A7D-4367-B811-66D27D4EDE9A","createddate":"2019-12-06 15:49:00.0000000","dbh":"2","planteddate":"2019-11-25 05:00:00.0000000","updateddate":"2021-08-17 16:38:21.0000000","geometry":"POINT(-73.98007673585366 40.72611162749312)","genusspecies":"Eucommia ulmoides - Hardy Rubber Tree"}},{"type":"Feature","geometry":{"type":"Point","coordinates":[-73.97750153688025,40.723451826247015]},"properties":{"tpcondition":"Excellent","stumpdiameter":null,"riskratingdate":null,"riskrating":null,"objectid":"10162190","globalid":"C0C4E77E-92A9-4523-A594-D38C97BE3220","tpstructure":"Full","plantingspaceglobalid":"5DA57F6C-734A-4434-A37A-FC2A954286D0","createddate":"2019-12-06 15:53:00.0000000","dbh":"3","planteddate":"2019-11-25 05:00:00.0000000","updateddate":null,"geometry":"POINT(-73.97750153688025 40.723451826247015)","genusspecies":"Eucommia ulmoides - Hardy Rubber Tree"}},{"type":"Feature","geometry":{"type":"Point","coordinates":[-73.97568677046694,40.63397647030286]},"properties":{"tpcondition":"Excellent","stumpdiameter":null,"riskratingdate":null,"riskrating":null,"objectid":"10162191","globalid":"DE340142-0CEF-4B4E-9C2C-17206F78A7B1","tpstructure":"Full","plantingspaceglobalid":"E3E98287-820A-4749-97F5-5175AFF6A5FE","createddate":"2019-12-06 16:21:00.0000000","dbh":"3","planteddate":"2019-12-04 05:00:00.0000000","updateddate":null,"geometry":"POINT(-73.97568677046694 40.63397647030286)","genusspecies":"Platanus x acerifolia 'Columbia' - 'Columbia' London planetree"}},{"type":"Feature","geometry":{"type":"Point","coordinates":[-73.98203303605284,40.72136124482274]},"properties":{"tpcondition":"Fair","stumpdiameter":null,"riskratingdate":"2025-07-25 17:32:54.0000000","riskrating":"3","objectid":"10162192","globalid":"274689AF-2247-455B-B9A8-D676884541D9","tpstructure":"Full","plantingspaceglobalid":"182EDF62-2143-4D06-9643-CDCEB8403B3E","createddate":"2019-12-06 16:24:00.0000000","dbh":"3","planteddate":"2019-11-25 05:00:00.0000000","updateddate":"2025-07-25 17:32:54.0000000","geometry":"POINT(-73.98203303605284 40.72136124482274)","genusspecies":"Corylus colurna - Turkish hazelnut"}},{"type":"Feature","geometry":{"type":"Point","coordinates":[-73.97586853303152,40.63496642314504]},"properties":{"tpcondition":"Excellent","stumpdiameter":null,"riskratingdate":null,"riskrating":null,"objectid":"10162193","globalid":"6656045D-3EA5-439D-B64B-B7D9369E1273","tpstructure":"Full","plantingspaceglobalid":"F17BC009-9FC0-4007-94EB-EF6E6335E692","createddate":"2019-12-06 16:24:00.0000000","dbh":"3","planteddate":"2019-12-04 05:00:00.0000000","updateddate":null,"geometry":"POINT(-73.97586853303152 40.63496642314504)","genusspecies":"Acer rubrum - red maple"}},{"type":"Feature","geometry":{"type":"Point","coordinates":[-73.97602189623107,40.63642759702797]},"properties":{"tpcondition":"Good","stumpdiameter":null,"riskratingdate":"2024-08-18 21:52:40.0000000","riskrating":"7","objectid":"10162194","globalid":"60A1C909-5A08-48CD-8859-92F2700C4E87","tpstructure":"Full","plantingspaceglobalid":"AE18CE85-AB33-4987-9F64-CA3EEC40572E","createddate":"2019-12-06 16:25:00.0000000","dbh":"4","planteddate":"2019-12-04 05:00:00.0000000","updateddate":"2024-08-18 21:52:40.0000000","geometry":"POINT(-73.97602189623107 40.63642759702797)","genusspecies":"Carpinus betulus - European hornbeam"}},{"type":"Feature","geometry":{"type":"Point","coordinates":[-73.97650808755299,40.63899189088433]},"properties":{"tpcondition":"Fair","stumpdiameter":null,"riskratingdate":"2024-08-18 20:08:30.0000000","riskrating":"6","objectid":"10162195","globalid":"3A04E121-546D-49E5-A640-FA842CD9D49B","tpstructure":"Full","plantingspaceglobalid":"CDBAB89D-53C0-4ECB-A0F4-E708EFFA9C5E","createddate":"2019-12-06 16:29:00.0000000","dbh":"4","planteddate":"2019-12-04 05:00:00.0000000","updateddate":"2024-08-18 20:08:30.0000000","geometry":"POINT(-73.97650808755299 40.63899189088433)","genusspecies":"Carpinus betulus - European hornbeam"}},{"type":"Feature","geometry":{"type":"Point","coordinates":[-73.97657677878296,40.63933381091857]},"properties":{"tpcondition":"Fair","stumpdiameter":null,"riskratingdate":"2024-08-18 20:00:00.0000000","riskrating":"6","objectid":"10162196","globalid":"F58FE254-9E82-4B6D-9085-21EEC0DAE04F","tpstructure":"Full","plantingspaceglobalid":"73DD0F00-DBB7-42C3-BB3B-07E5D07E6E92","createddate":"2019-12-06 16:30:00.0000000","dbh":"4","planteddate":"2019-12-04 05:00:00.0000000","updateddate":"2024-08-18 20:00:00.0000000","geometry":"POINT(-73.97657677878296 40.63933381091857)","genusspecies":"Carpinus betulus - European hornbeam"}},{"type":"Feature","geometry":{"type":"Point","coordinates":[-73.97862037262934,40.72167755551443]},"properties":{"tpcondition":"Good","stumpdiameter":"3","riskratingdate":null,"riskrating":null,"objectid":"10162197","globalid":"603178B5-3B95-492E-9094-ABD870A52770","tpstructure":"Retired","plantingspaceglobalid":"B334D151-0F6B-4465-A4A6-19638D6CA93F","createddate":"2019-12-06 16:34:00.0000000","dbh":"3","planteddate":"2019-11-25 05:00:00.0000000","updateddate":"2024-07-18 12:44:01.0000000","geometry":"POINT(-73.97862037262934 40.72167755551443)","genusspecies":"Styphnolobium japonicum 'Millstone' - 'Millstone' Japanese pagodatree"}},{"type":"Feature","geometry":{"type":"Point","coordinates":[-73.9781292801155,40.64191106630532]},"properties":{"tpcondition":"Excellent","stumpdiameter":null,"riskratingdate":null,"riskrating":null,"objectid":"10162198","globalid":"51A2187E-3044-4FC2-B3AE-9C46A9775516","tpstructure":"Full","plantingspaceglobalid":"641BCDA0-747C-49D0-81E0-1E6A18B195BE","createddate":"2019-12-06 16:34:00.0000000","dbh":"3","planteddate":"2019-12-04 05:00:00.0000000","updateddate":null,"geometry":"POINT(-73.9781292801155 40.64191106630532)","genusspecies":"Acer rubrum - red maple"}},{"type":"Feature","geometry":{"type":"Point","coordinates":[-73.97819456786102,40.721497691682]},"properties":{"tpcondition":"Good","stumpdiameter":null,"riskratingdate":"2025-08-01 14:27:08.0000000","riskrating":"6","objectid":"10162199","globalid":"8B9CF734-6E3C-4A34-8F65-638FA1908B6E","tpstructure":"Full","plantingspaceglobalid":"C2BB8A69-191D-4496-A1DE-6127B9340961","createddate":"2019-12-06 16:36:00.0000000","dbh":"6","planteddate":"2019-11-25 05:00:00.0000000","updateddate":"2025-08-01 14:27:08.0000000","geometry":"POINT(-73.97819456786102 40.721497691682)","genusspecies":"Tilia tomentosa 'Sterling' - 'Sterling' Silver linden"}},{"type":"Feature","geometry":{"type":"Point","coordinates":[-73.97824237459925,40.72080758202429]},"properties":{"tpcondition":"Good","stumpdiameter":null,"riskratingdate":"2025-08-04 12:10:41.0000000","riskrating":"3","objectid":"10162200","globalid":"438E3AB1-F8B5-4D46-8A93-CD6E553F87AD","tpstructure":"Full","plantingspaceglobalid":"AF77E53F-32E2-443D-AA8C-0DD02146F469","createddate":"2019-12-06 16:38:00.0000000","dbh":"3","planteddate":"2019-11-25 05:00:00.0000000","updateddate":"2025-08-04 12:10:41.0000000","geometry":"POINT(-73.97824237459925 40.72080758202429)","genusspecies":"Tilia tomentosa 'Sterling' - 'Sterling' Silver linden"}},{"type":"Feature","geometry":{"type":"Point","coordinates":[-73.97672688083475,40.634470022822775]},"properties":{"tpcondition":"Excellent","stumpdiameter":null,"riskratingdate":null,"riskrating":null,"objectid":"10162201","globalid":"08FAC659-D66D-4BAA-8912-8D98FF1582F1","tpstructure":"Full","plantingspaceglobalid":"12F46328-F80F-4882-8FC0-01A5208D5B3A","createddate":"2019-12-06 16:44:00.0000000","dbh":"3","planteddate":"2019-12-04 05:00:00.0000000","updateddate":null,"geometry":"POINT(-73.97672688083475 40.634470022822775)","genusspecies":"Carpinus betulus - European hornbeam"}},{"type":"Feature","geometry":{"type":"Point","coordinates":[-73.9766259861388,40.63393551211797]},"properties":{"tpcondition":"Excellent","stumpdiameter":null,"riskratingdate":null,"riskrating":null,"objectid":"10162202","globalid":"D002B514-05B2-487B-89C5-ABBE87DC7DFC","tpstructure":"Full","plantingspaceglobalid":"21A6E483-584D-4060-B93A-A2B21D22955A","createddate":"2019-12-06 16:46:00.0000000","dbh":"3","planteddate":"2019-12-04 05:00:00.0000000","updateddate":null,"geometry":"POINT(-73.9766259861388 40.63393551211797)","genusspecies":"Zelkova serrata 'Green Vase' - 'Green Vase' Zelkova"}},{"type":"Feature","geometry":{"type":"Point","coordinates":[-73.97645669678313,40.63373465059825]},"properties":{"tpcondition":"Excellent","stumpdiameter":null,"riskratingdate":null,"riskrating":null,"objectid":"10162203","globalid":"3A5BD43B-AA2E-4C22-9B1A-7946368B848F","tpstructure":"Full","plantingspaceglobalid":"8975E4F9-BFF9-4E69-B7D4-345F959AAC4F","createddate":"2019-12-06 16:47:00.0000000","dbh":"3","planteddate":"2019-12-04 05:00:00.0000000","updateddate":null,"geometry":"POINT(-73.97645669678313 40.63373465059825)","genusspecies":"Gymnocladus dioicus - Kentucky coffeetree"}},{"type":"Feature","geometry":{"type":"Point","coordinates":[-73.97641810620371,40.63354582357998]},"properties":{"tpcondition":"Excellent","stumpdiameter":null,"riskratingdate":null,"riskrating":null,"objectid":"10162204","globalid":"468017F0-3869-43DB-BC04-E03C3375A56B","tpstructure":"Full","plantingspaceglobalid":"CB0EA7B2-EDC0-4E81-AEFE-862EB33D902B","createddate":"2019-12-06 16:48:00.0000000","dbh":"3","planteddate":"2019-12-04 05:00:00.0000000","updateddate":null,"geometry":"POINT(-73.97641810620371 40.63354582357998)","genusspecies":"Ginkgo biloba - maidenhair tree"}},{"type":"Feature","geometry":{"type":"Point","coordinates":[-73.97362905983941,40.63381863807978]},"properties":{"tpcondition":"Good","stumpdiameter":null,"riskratingdate":"2024-07-30 17:46:28.0000000","riskrating":"3","objectid":"10162205","globalid":"D30BD113-24EC-4150-8D28-AACE7B410F8F","tpstructure":"Full","plantingspaceglobalid":"515E1502-FBCA-4ABF-8DE2-CDD8FF074005","createddate":"2019-12-06 16:51:00.0000000","dbh":"5","planteddate":"2019-12-04 05:00:00.0000000","updateddate":"2024-07-30 17:46:28.0000000","geometry":"POINT(-73.97362905983941 40.63381863807978)","genusspecies":"Metasequoia glyptostroboides - dawn redwood"}},{"type":"Feature","geometry":{"type":"Point","coordinates":[-73.97362126561607,40.63375787926721]},"properties":{"tpcondition":"Good","stumpdiameter":null,"riskratingdate":"2024-07-30 17:45:12.0000000","riskrating":"3","objectid":"10162206","globalid":"BAD28C96-AD8F-47E3-85B9-5C7A1ACABF2C","tpstructure":"Full","plantingspaceglobalid":"0DEB50DD-01B4-42F7-B7BC-5661428154D0","createddate":"2019-12-06 16:51:00.0000000","dbh":"6","planteddate":"2019-12-04 05:00:00.0000000","updateddate":"2024-07-30 17:45:12.0000000","geometry":"POINT(-73.97362126561607 40.63375787926721)","genusspecies":"Metasequoia glyptostroboides - dawn redwood"}},{"type":"Feature","geometry":{"type":"Point","coordinates":[-73.87201143263053,40.66385754697676]},"properties":{"tpcondition":"Fair","stumpdiameter":null,"riskratingdate":"2021-10-18 20:18:06.0000000","riskrating":"4","objectid":"10162540","globalid":"92A22CFE-369D-48C4-BB37-2B8D11377D36","tpstructure":"Full","plantingspaceglobalid":"989C2DA9-D2CC-49E5-B835-43F56BAA5EA8","createddate":"2019-12-06 11:37:00.0000000","dbh":"2","planteddate":"2019-12-04 05:00:00.0000000","updateddate":"2021-10-18 20:18:06.0000000","geometry":"POINT(-73.87201143263053 40.66385754697676)","genusspecies":"Carpinus betulus - European hornbeam"}},{"type":"Feature","geometry":{"type":"Point","coordinates":[-73.87187254982355,40.663673335330145]},"properties":{"tpcondition":"Good","stumpdiameter":null,"riskratingdate":"2021-10-18 20:19:50.0000000","riskrating":"4","objectid":"10162541","globalid":"6761F967-D1CC-4794-BD49-C5BB32005042","tpstructure":"Full","plantingspaceglobalid":"F6FC1A3E-FF12-435E-BC28-50470B2DBC1C","createddate":"2019-12-06 11:39:00.0000000","dbh":"3","planteddate":"2019-12-04 05:00:00.0000000","updateddate":"2021-10-18 20:19:50.0000000","geometry":"POINT(-73.87187254982355 40.663673335330145)","genusspecies":"Cercis canadensis - eastern redbud"}},{"type":"Feature","geometry":{"type":"Point","coordinates":[-73.87038893209703,40.66310515605926]},"properties":{"tpcondition":"Excellent","stumpdiameter":null,"riskratingdate":"2021-10-19 18:17:34.0000000","riskrating":"3","objectid":"10162542","globalid":"42A632A8-E665-440D-82D8-E966753F74A1","tpstructure":"Full","plantingspaceglobalid":"64A6D0C7-FCD9-42D9-8D32-93373F4070AD","createddate":"2019-12-06 11:40:00.0000000","dbh":"3","planteddate":"2019-12-04 05:00:00.0000000","updateddate":"2021-10-19 18:17:34.0000000","geometry":"POINT(-73.87038893209703 40.66310515605926)","genusspecies":"Eucommia ulmoides - Hardy Rubber Tree"}},{"type":"Feature","geometry":{"type":"Point","coordinates":[-73.87023706567224,40.66316574059079]},"properties":{"tpcondition":"Fair","stumpdiameter":null,"riskratingdate":"2021-10-19 18:18:00.0000000","riskrating":"6","objectid":"10162543","globalid":"709039FF-1437-442B-92F7-B08D77E4CA3A","tpstructure":"Retired","plantingspaceglobalid":"43B64DA7-0955-4FD0-9FDB-94623189E73B","createddate":"2019-12-06 11:41:00.0000000","dbh":"3","planteddate":"2019-12-04 05:00:00.0000000","updateddate":"2022-04-14 13:49:00.0000000","geometry":"POINT(-73.87023706567224 40.66316574059079)","genusspecies":"Ulmus propinqua 'Emerald Sunshine' - 'Emerald Sunshine' Elm"}},{"type":"Feature","geometry":{"type":"Point","coordinates":[-73.86997557889828,40.66328100235054]},"properties":{"tpcondition":"Fair","stumpdiameter":null,"riskratingdate":"2021-10-19 18:19:00.0000000","riskrating":"5","objectid":"10162544","globalid":"6F5112A8-E372-4773-BA03-8A55F7EDD3BB","tpstructure":"Retired","plantingspaceglobalid":"74D4EA93-27DB-4218-A419-C500836234E1","createddate":"2019-12-06 11:42:00.0000000","dbh":"3","planteddate":"2019-12-04 05:00:00.0000000","updateddate":"2022-04-14 13:50:00.0000000","geometry":"POINT(-73.86997557889828 40.66328100235054)","genusspecies":"Ulmus propinqua 'Emerald Sunshine' - 'Emerald Sunshine' Elm"}},{"type":"Feature","geometry":{"type":"Point","coordinates":[-73.87019299065457,40.65793502274132]},"properties":{"tpcondition":"Excellent","stumpdiameter":null,"riskratingdate":null,"riskrating":null,"objectid":"10162545","globalid":"5E71E1AF-03F3-4B8A-9F8B-022811D76EB4","tpstructure":"Retired","plantingspaceglobalid":"C8BD2984-0FC2-4F26-9B05-D49F8AC5817B","createddate":"2019-12-06 11:43:00.0000000","dbh":"3","planteddate":"2019-12-04 05:00:00.0000000","updateddate":"2021-06-17 13:50:37.0000000","geometry":"POINT(-73.87019299065457 40.65793502274132)","genusspecies":"Quercus muehlenbergii - chinkapin oak"}},{"type":"Feature","geometry":{"type":"Point","coordinates":[-73.87034925190805,40.657866794973586]},"properties":{"tpcondition":"Fair","stumpdiameter":null,"riskratingdate":"2024-02-08 15:58:03.0000000","riskrating":"4","objectid":"10162546","globalid":"9FFA9C23-7CEC-421E-8BD2-2C4D5AC51760","tpstructure":"Full","plantingspaceglobalid":"B1086B16-A1DA-4CFE-A240-62C38A527C12","createddate":"2019-12-06 11:46:00.0000000","dbh":"2","planteddate":"2019-12-04 05:00:00.0000000","updateddate":"2024-02-08 15:58:03.0000000","geometry":"POINT(-73.87034925190805 40.657866794973586)","genusspecies":"Quercus muehlenbergii - chinkapin oak"}},{"type":"Feature","geometry":{"type":"Point","coordinates":[-73.87102068300611,40.657573716183904]},"properties":{"tpcondition":"Fair","stumpdiameter":null,"riskratingdate":null,"riskrating":null,"objectid":"10162547","globalid":"C12619DD-0DFE-4F1E-81CB-B9B2F891350E","tpstructure":"Retired","plantingspaceglobalid":"116E8041-1BB3-40B4-AB75-ED20C4BD4C39","createddate":"2019-12-06 11:47:00.0000000","dbh":"4","planteddate":"2019-12-04 05:00:00.0000000","updateddate":"2023-07-17 17:18:14.0000000","geometry":"POINT(-73.87102068300611 40.657573716183904)","genusspecies":"Betula nigra - river birch"}},{"type":"Feature","geometry":{"type":"Point","coordinates":[-73.87143554606544,40.65740620617447]},"properties":{"tpcondition":"Excellent","stumpdiameter":null,"riskratingdate":null,"riskrating":null,"objectid":"10162548","globalid":"62BDA119-FAB2-427D-956E-A463AA9CE9AC","tpstructure":"Retired","plantingspaceglobalid":"9515E3CA-80B3-4D30-B537-687F8B0AF5BA","createddate":"2019-12-06 11:48:00.0000000","dbh":"3","planteddate":"2019-12-04 05:00:00.0000000","updateddate":"2022-04-13 19:13:00.0000000","geometry":"POINT(-73.87143554606544 40.65740620617447)","genusspecies":"Quercus muehlenbergii - chinkapin oak"}},{"type":"Feature","geometry":{"type":"Point","coordinates":[-73.87148062891532,40.65638108099302]},"properties":{"tpcondition":"Good","stumpdiameter":null,"riskratingdate":null,"riskrating":null,"objectid":"10162549","globalid":"82CA3D1B-DAA7-44CF-B025-08359993F612","tpstructure":"Full","plantingspaceglobalid":"E03D6CD6-7DB0-4566-8D72-6712FEE2E7A2","createddate":"2019-12-06 11:49:00.0000000","dbh":"3","planteddate":"2019-12-04 05:00:00.0000000","updateddate":"2023-07-07 16:49:37.0000000","geometry":"POINT(-73.87148062891532 40.65638108099302)","genusspecies":"Ulmus propinqua 'Emerald Sunshine' - 'Emerald Sunshine' Elm"}},{"type":"Feature","geometry":{"type":"Point","coordinates":[-73.87136086957702,40.65642919527083]},"properties":{"tpcondition":"Good","stumpdiameter":null,"riskratingdate":null,"riskrating":null,"objectid":"10162550","globalid":"3B431B62-97F8-40E6-9EF9-AB2FFB61EE7C","tpstructure":"Retired","plantingspaceglobalid":"7DEA0690-DBFB-464A-AC32-924ECF2A3851","createddate":"2019-12-06 11:51:00.0000000","dbh":"3","planteddate":"2019-12-04 05:00:00.0000000","updateddate":"2025-01-22 17:47:00.0000000","geometry":"POINT(-73.87136086957702 40.65642919527083)","genusspecies":"Tilia tomentosa 'Sterling' - 'Sterling' Silver linden"}},{"type":"Feature","geometry":{"type":"Point","coordinates":[-73.87100971640822,40.65669774050022]},"properties":{"tpcondition":"Good","stumpdiameter":null,"riskratingdate":null,"riskrating":null,"objectid":"10162551","globalid":"207AB196-9630-4608-90EB-CF80A4DC4826","tpstructure":"Full","plantingspaceglobalid":"62028474-A00E-43CF-A3F5-F705E1EE09BC","createddate":"2019-12-06 11:53:00.0000000","dbh":"3","planteddate":"2019-12-04 05:00:00.0000000","updateddate":"2023-07-07 16:59:25.0000000","geometry":"POINT(-73.87100971640822 40.65669774050022)","genusspecies":"Ulmus 'Homestead' - 'Homestead' Elm"}},{"type":"Feature","geometry":{"type":"Point","coordinates":[-73.87230127387502,40.65625861984098]},"properties":{"tpcondition":"Good","stumpdiameter":null,"riskratingdate":null,"riskrating":null,"objectid":"10162552","globalid":"085BF857-9B23-402A-830B-5A1AD7E61B14","tpstructure":"Full","plantingspaceglobalid":"1A395F34-E4BD-483E-A637-4F22E49110C0","createddate":"2019-12-06 11:53:00.0000000","dbh":"3","planteddate":"2019-12-04 05:00:00.0000000","updateddate":"2023-07-03 13:56:28.0000000","geometry":"POINT(-73.87230127387502 40.65625861984098)","genusspecies":"Magnolia grandiflora - southern magnolia"}},{"type":"Feature","geometry":{"type":"Point","coordinates":[-73.87778881947062,40.65638107508011]},"properties":{"tpcondition":"Excellent","stumpdiameter":null,"riskratingdate":null,"riskrating":null,"objectid":"10162553","globalid":"4062BEBE-2A15-417E-955D-AF2D775DC212","tpstructure":"Retired","plantingspaceglobalid":"45D5FC4E-0F51-436D-B111-935D4B6D6A9C","createddate":"2019-12-06 11:57:00.0000000","dbh":"3","planteddate":"2019-12-04 05:00:00.0000000","updateddate":"2022-04-13 19:27:00.0000000","geometry":"POINT(-73.87778881947062 40.65638107508011)","genusspecies":"Metasequoia glyptostroboides - dawn redwood"}},{"type":"Feature","geometry":{"type":"Point","coordinates":[-73.87944493340908,40.65665841334664]},"properties":{"tpcondition":"Excellent","stumpdiameter":null,"riskratingdate":null,"riskrating":null,"objectid":"10162554","globalid":"72E95BA9-B7AD-4D2C-BCFE-184611A780E0","tpstructure":"Full","plantingspaceglobalid":"E49417BF-71CC-421E-B910-89157E346DF7","createddate":"2019-12-06 12:00:00.0000000","dbh":"3","planteddate":"2019-12-04 05:00:00.0000000","updateddate":null,"geometry":"POINT(-73.87944493340908 40.65665841334664)","genusspecies":"Cercis canadensis - eastern redbud"}},{"type":"Feature","geometry":{"type":"Point","coordinates":[-73.8794792684789,40.65670252826231]},"properties":{"tpcondition":"Excellent","stumpdiameter":null,"riskratingdate":null,"riskrating":null,"objectid":"10162555","globalid":"9B812F1F-62A6-4479-8637-3DA2022EEC40","tpstructure":"Full","plantingspaceglobalid":"143E5C79-B646-4EE1-BCE4-0FA293241799","createddate":"2019-12-06 12:01:00.0000000","dbh":"3","planteddate":"2019-12-04 05:00:00.0000000","updateddate":null,"geometry":"POINT(-73.8794792684789 40.65670252826231)","genusspecies":"Prunus virginiana 'Canada Red' - 'Canada Red' Chokecherry"}}], "crs" : { "type": "name", "properties": { "name": "urn:ogc:def:crs:OGC:1.3:CRS84" } } }