{ "type": "FeatureCollection", "features": [{"type":"Feature","geometry":{"type":"Point","coordinates":[-73.97016609501746,40.60939965925736]},"properties":{"tpcondition":"Good","stumpdiameter":"0","riskratingdate":null,"riskrating":null,"objectid":"5106860","globalid":"9500EA2E-3390-4217-ABC8-0AF1F2455220","tpstructure":"Full","plantingspaceglobalid":"9500EA2E-3390-4217-ABC8-0AF1F2455220","createddate":"2017-11-15 11:11:11.0000000","dbh":"30","planteddate":null,"updateddate":null,"geometry":"POINT(-73.97016609501746 40.60939965925736)","genusspecies":"Quercus palustris - pin oak"}},{"type":"Feature","geometry":{"type":"Point","coordinates":[-73.9440545485551,40.7892062840848]},"properties":{"tpcondition":"Good","stumpdiameter":"0","riskratingdate":null,"riskrating":null,"objectid":"5106861","globalid":"E236F416-3D11-4808-B2E2-DA0A664FAF43","tpstructure":"Full","plantingspaceglobalid":"E236F416-3D11-4808-B2E2-DA0A664FAF43","createddate":"2017-11-15 11:11:11.0000000","dbh":"4","planteddate":null,"updateddate":null,"geometry":"POINT(-73.9440545485551 40.7892062840848)","genusspecies":"Cornus kousa - kousa dogwood"}},{"type":"Feature","geometry":{"type":"Point","coordinates":[-73.93011816814739,40.8725863256486]},"properties":{"tpcondition":"Good","stumpdiameter":"0","riskratingdate":null,"riskrating":null,"objectid":"5106862","globalid":"B7DB69DD-D7B8-490F-927C-CF62F08FD837","tpstructure":"Full","plantingspaceglobalid":"B7DB69DD-D7B8-490F-927C-CF62F08FD837","createddate":"2017-11-15 11:11:11.0000000","dbh":"4","planteddate":null,"updateddate":null,"geometry":"POINT(-73.93011816814739 40.8725863256486)","genusspecies":"Quercus phellos - willow oak"}},{"type":"Feature","geometry":{"type":"Point","coordinates":[-73.96967696024755,40.6737968284188]},"properties":{"tpcondition":"Good","stumpdiameter":"0","riskratingdate":null,"riskrating":null,"objectid":"5106863","globalid":"48BA6395-346F-457C-B919-B29DE8B3BD64","tpstructure":"Full","plantingspaceglobalid":"48BA6395-346F-457C-B919-B29DE8B3BD64","createddate":"2017-11-15 11:11:11.0000000","dbh":"20","planteddate":null,"updateddate":null,"geometry":"POINT(-73.96967696024755 40.6737968284188)","genusspecies":"Platanus x acerifolia - London planetree"}},{"type":"Feature","geometry":{"type":"Point","coordinates":[-73.94842637795257,40.74725343210507]},"properties":{"tpcondition":"Good","stumpdiameter":"0","riskratingdate":null,"riskrating":null,"objectid":"5106864","globalid":"2E1EBF43-E028-4B0E-A1CF-7EACBEFB0120","tpstructure":"Full","plantingspaceglobalid":"2E1EBF43-E028-4B0E-A1CF-7EACBEFB0120","createddate":"2017-11-15 11:11:11.0000000","dbh":"6","planteddate":null,"updateddate":null,"geometry":"POINT(-73.94842637795257 40.74725343210507)","genusspecies":"Gleditsia triacanthos var. inermis - Thornless honeylocust"}},{"type":"Feature","geometry":{"type":"Point","coordinates":[-74.01652040728521,40.703024369241]},"properties":{"tpcondition":"Good","stumpdiameter":"0","riskratingdate":null,"riskrating":null,"objectid":"5106865","globalid":"0F39D0D0-E24E-4930-A50F-70B7E8DFB6DB","tpstructure":"Full","plantingspaceglobalid":"0F39D0D0-E24E-4930-A50F-70B7E8DFB6DB","createddate":"2017-11-15 11:11:11.0000000","dbh":"3","planteddate":null,"updateddate":null,"geometry":"POINT(-74.01652040728521 40.703024369241)","genusspecies":"Quercus bicolor - swamp white oak"}},{"type":"Feature","geometry":{"type":"Point","coordinates":[-74.00129169048394,40.59505704985743]},"properties":{"tpcondition":"Dead","stumpdiameter":"2","riskratingdate":"2021-06-01 14:25:00.0000000","riskrating":"4","objectid":"5106868","globalid":"AE971395-C655-41C1-A0E6-3A1C255B8D79","tpstructure":"Retired","plantingspaceglobalid":"AE971395-C655-41C1-A0E6-3A1C255B8D79","createddate":"2017-11-15 11:11:00.0000000","dbh":"2","planteddate":null,"updateddate":"2022-02-22 20:31:00.0000000","geometry":"POINT(-74.00129169048394 40.59505704985743)","genusspecies":"Unknown - Unknown"}},{"type":"Feature","geometry":{"type":"Point","coordinates":[-73.98459894406938,40.67271256742536]},"properties":{"tpcondition":"Unknown","stumpdiameter":"25","riskratingdate":null,"riskrating":null,"objectid":"5106869","globalid":"EA57C7BC-F6CC-401B-A8B5-09E474A9ACDA","tpstructure":"Retired","plantingspaceglobalid":"EA57C7BC-F6CC-401B-A8B5-09E474A9ACDA","createddate":"2017-11-15 11:11:00.0000000","dbh":"0","planteddate":null,"updateddate":"2019-06-05 15:58:00.0000000","geometry":"POINT(-73.98459894406938 40.67271256742536)","genusspecies":"Unknown - Unknown"}},{"type":"Feature","geometry":{"type":"Point","coordinates":[-73.94964242600855,40.74711393308543]},"properties":{"tpcondition":"Good","stumpdiameter":"0","riskratingdate":null,"riskrating":null,"objectid":"5106870","globalid":"234B7CD3-D8AD-4944-969F-E0CA551983C1","tpstructure":"Full","plantingspaceglobalid":"234B7CD3-D8AD-4944-969F-E0CA551983C1","createddate":"2017-11-15 11:11:11.0000000","dbh":"19","planteddate":null,"updateddate":null,"geometry":"POINT(-73.94964242600855 40.74711393308543)","genusspecies":"Quercus palustris - pin oak"}},{"type":"Feature","geometry":{"type":"Point","coordinates":[-74.13604237532671,40.640618413873796]},"properties":{"tpcondition":"Good","stumpdiameter":"0","riskratingdate":null,"riskrating":null,"objectid":"5106871","globalid":"7F7B2D86-CD60-48C7-9FAD-CA333ACB7A53","tpstructure":"Full","plantingspaceglobalid":"7F7B2D86-CD60-48C7-9FAD-CA333ACB7A53","createddate":"2017-11-15 11:11:11.0000000","dbh":"12","planteddate":null,"updateddate":null,"geometry":"POINT(-74.13604237532671 40.640618413873796)","genusspecies":"Acer rubrum - red maple"}},{"type":"Feature","geometry":{"type":"Point","coordinates":[-73.99250885177122,40.7195017675017]},"properties":{"tpcondition":"Good","stumpdiameter":null,"riskratingdate":"2022-01-03 19:14:47.0000000","riskrating":"3","objectid":"5106872","globalid":"0A2E809F-2DB3-42E2-9DFE-A5D312D1BB11","tpstructure":"Full","plantingspaceglobalid":"0A2E809F-2DB3-42E2-9DFE-A5D312D1BB11","createddate":"2017-11-15 11:11:11.0000000","dbh":"4","planteddate":null,"updateddate":"2022-01-03 19:14:47.0000000","geometry":"POINT(-73.99250885177122 40.7195017675017)","genusspecies":"Pseudotsuga menziesii - Douglas-fir"}},{"type":"Feature","geometry":{"type":"Point","coordinates":[-73.9192285163467,40.881199912943856]},"properties":{"tpcondition":"Good","stumpdiameter":null,"riskratingdate":"2024-08-08 13:09:27.0000000","riskrating":"6","objectid":"5106873","globalid":"708E4497-8EBE-4818-B52F-87007D9EA090","tpstructure":"Full","plantingspaceglobalid":"708E4497-8EBE-4818-B52F-87007D9EA090","createddate":"2017-11-15 11:11:11.0000000","dbh":"14","planteddate":null,"updateddate":"2024-08-08 13:09:27.0000000","geometry":"POINT(-73.9192285163467 40.881199912943856)","genusspecies":"Tilia tomentosa - silver linden"}},{"type":"Feature","geometry":{"type":"Point","coordinates":[-73.95793472906234,40.62044488701448]},"properties":{"tpcondition":"Good","stumpdiameter":"0","riskratingdate":null,"riskrating":null,"objectid":"5106874","globalid":"48BB2386-AE4E-4EE4-BA14-7CA1D3C1D39B","tpstructure":"Full","plantingspaceglobalid":"48BB2386-AE4E-4EE4-BA14-7CA1D3C1D39B","createddate":"2017-11-15 11:11:11.0000000","dbh":"14","planteddate":null,"updateddate":"2018-12-10 17:40:16.0000000","geometry":"POINT(-73.95793472906234 40.62044488701448)","genusspecies":"Styphnolobium japonicum - Japanese pagoda tree"}},{"type":"Feature","geometry":{"type":"Point","coordinates":[-74.00578623118673,40.68335004102142]},"properties":{"tpcondition":"Poor","stumpdiameter":"0","riskratingdate":"2023-12-21 14:07:15.0000000","riskrating":"7","objectid":"5106875","globalid":"6B466AB4-3E7A-433D-B7A4-44BC24458C6F","tpstructure":"Full","plantingspaceglobalid":"6B466AB4-3E7A-433D-B7A4-44BC24458C6F","createddate":"2017-11-15 11:11:00.0000000","dbh":"9","planteddate":null,"updateddate":"2023-12-21 14:07:15.0000000","geometry":"POINT(-74.00578623118673 40.68335004102142)","genusspecies":"Ailanthus altissima - tree of heaven"}},{"type":"Feature","geometry":{"type":"Point","coordinates":[-73.9922720048344,40.72074454445045]},"properties":{"tpcondition":"Fair","stumpdiameter":null,"riskratingdate":"2025-05-29 16:28:01.0000000","riskrating":"5","objectid":"5106877","globalid":"B2BA081A-F3D0-4C41-8363-276A514D3563","tpstructure":"Full","plantingspaceglobalid":"B2BA081A-F3D0-4C41-8363-276A514D3563","createddate":"2017-11-15 11:11:00.0000000","dbh":"7","planteddate":null,"updateddate":"2025-05-29 16:28:01.0000000","geometry":"POINT(-73.9922720048344 40.72074454445045)","genusspecies":"Crataegus - Hawthorn"}},{"type":"Feature","geometry":{"type":"Point","coordinates":[-73.76718575150097,40.59591149489487]},"properties":{"tpcondition":"Good","stumpdiameter":null,"riskratingdate":"2022-04-19 16:06:43.0000000","riskrating":"5","objectid":"5106878","globalid":"A1D88B19-592F-4FD7-81EA-19CD9B3665D5","tpstructure":"Full","plantingspaceglobalid":"A1D88B19-592F-4FD7-81EA-19CD9B3665D5","createddate":"2017-11-15 11:11:11.0000000","dbh":"9","planteddate":null,"updateddate":"2022-04-19 16:06:43.0000000","geometry":"POINT(-73.76718575150097 40.59591149489487)","genusspecies":"Ailanthus altissima - tree of heaven"}},{"type":"Feature","geometry":{"type":"Point","coordinates":[-74.08501060589161,40.61781319767759]},"properties":{"tpcondition":"Unknown","stumpdiameter":"24","riskratingdate":"2019-12-02 17:39:00.0000000","riskrating":"8","objectid":"5106879","globalid":"9148E9F3-7302-4042-AC63-11FD351F4562","tpstructure":"Retired","plantingspaceglobalid":"9148E9F3-7302-4042-AC63-11FD351F4562","createddate":"2017-11-15 11:11:00.0000000","dbh":"24","planteddate":null,"updateddate":"2023-06-14 17:06:00.0000000","geometry":"POINT(-74.08501060589161 40.61781319767759)","genusspecies":"Acer negundo - boxelder"}},{"type":"Feature","geometry":{"type":"Point","coordinates":[-74.0055293644828,40.71255982025741]},"properties":{"tpcondition":"Good","stumpdiameter":null,"riskratingdate":"2025-02-24 15:44:55.0000000","riskrating":"5","objectid":"5106882","globalid":"CECE2A02-8AC6-44CA-AE09-CF4C5BFFB0C1","tpstructure":"Full","plantingspaceglobalid":"CECE2A02-8AC6-44CA-AE09-CF4C5BFFB0C1","createddate":"2017-11-15 11:11:11.0000000","dbh":"34","planteddate":null,"updateddate":"2025-02-24 15:44:55.0000000","geometry":"POINT(-74.0055293644828 40.71255982025741)","genusspecies":"Ulmus americana - American elm"}},{"type":"Feature","geometry":{"type":"Point","coordinates":[-73.88522504275664,40.84398318339083]},"properties":{"tpcondition":"Dead","stumpdiameter":"14","riskratingdate":"2019-09-25 14:15:50.0000000","riskrating":"7","objectid":"5106883","globalid":"41D6E719-9B3F-4CDC-8D5C-B4C12FEDF507","tpstructure":"Stump","plantingspaceglobalid":"41D6E719-9B3F-4CDC-8D5C-B4C12FEDF507","createddate":"2017-11-15 11:11:11.0000000","dbh":null,"planteddate":null,"updateddate":"2025-04-07 14:06:09.0000000","geometry":"POINT(-73.88522504275664 40.84398318339083)","genusspecies":"Crataegus - Hawthorn"}},{"type":"Feature","geometry":{"type":"Point","coordinates":[-73.92488328237468,40.8319218521921]},"properties":{"tpcondition":"Good","stumpdiameter":"0","riskratingdate":null,"riskrating":null,"objectid":"5106884","globalid":"C2F67588-C5B3-4F7A-9FDB-8E4134CA0AE2","tpstructure":"Full","plantingspaceglobalid":"C2F67588-C5B3-4F7A-9FDB-8E4134CA0AE2","createddate":"2017-11-15 11:11:11.0000000","dbh":"6","planteddate":null,"updateddate":null,"geometry":"POINT(-73.92488328237468 40.8319218521921)","genusspecies":"Amelanchier - serviceberry"}},{"type":"Feature","geometry":{"type":"Point","coordinates":[-73.9498263512,40.695579899239085]},"properties":{"tpcondition":"Good","stumpdiameter":"0","riskratingdate":null,"riskrating":null,"objectid":"5106885","globalid":"677ADD33-F099-411A-8939-7888773D06B2","tpstructure":"Full","plantingspaceglobalid":"677ADD33-F099-411A-8939-7888773D06B2","createddate":"2017-11-15 11:11:11.0000000","dbh":"12","planteddate":null,"updateddate":"2018-05-08 16:07:40.0000000","geometry":"POINT(-73.9498263512 40.695579899239085)","genusspecies":"Tilia cordata - littleleaf linden"}},{"type":"Feature","geometry":{"type":"Point","coordinates":[-73.97226855295426,40.72512448089371]},"properties":{"tpcondition":"Good","stumpdiameter":"0","riskratingdate":null,"riskrating":null,"objectid":"5106886","globalid":"698B8FCA-4FBA-4BE8-81B7-74F706B27BCD","tpstructure":"Full","plantingspaceglobalid":"698B8FCA-4FBA-4BE8-81B7-74F706B27BCD","createddate":"2017-11-15 11:11:11.0000000","dbh":"14","planteddate":null,"updateddate":null,"geometry":"POINT(-73.97226855295426 40.72512448089371)","genusspecies":"Gleditsia triacanthos var. inermis - Thornless honeylocust"}},{"type":"Feature","geometry":{"type":"Point","coordinates":[-73.91043866571194,40.74732307928079]},"properties":{"tpcondition":"Dead","stumpdiameter":"0","riskratingdate":"2021-06-05 13:38:00.0000000","riskrating":"9","objectid":"5106887","globalid":"10C37FEA-3314-42D3-951B-65C3AF5E4A30","tpstructure":"Retired","plantingspaceglobalid":"10C37FEA-3314-42D3-951B-65C3AF5E4A30","createddate":"2017-11-15 11:11:00.0000000","dbh":"7","planteddate":null,"updateddate":"2021-10-15 16:34:00.0000000","geometry":"POINT(-73.91043866571194 40.74732307928079)","genusspecies":"Fraxinus - Ash"}},{"type":"Feature","geometry":{"type":"Point","coordinates":[-73.93973753016662,40.598344631235356]},"properties":{"tpcondition":"Good","stumpdiameter":"0","riskratingdate":null,"riskrating":null,"objectid":"5106888","globalid":"1BCE07F3-EE2F-4201-88B1-0E80D2CF0587","tpstructure":"Full","plantingspaceglobalid":"1BCE07F3-EE2F-4201-88B1-0E80D2CF0587","createddate":"2017-11-15 11:11:11.0000000","dbh":"13","planteddate":null,"updateddate":"2019-02-20 14:13:50.0000000","geometry":"POINT(-73.93973753016662 40.598344631235356)","genusspecies":"Platanus x acerifolia - London planetree"}},{"type":"Feature","geometry":{"type":"Point","coordinates":[-73.98092712464246,40.72658722284802]},"properties":{"tpcondition":"Good","stumpdiameter":"0","riskratingdate":null,"riskrating":null,"objectid":"5106889","globalid":"2C63BB0D-B1C3-4D62-9C77-DE57C1A9D348","tpstructure":"Full","plantingspaceglobalid":"2C63BB0D-B1C3-4D62-9C77-DE57C1A9D348","createddate":"2017-11-15 11:11:11.0000000","dbh":"15","planteddate":null,"updateddate":null,"geometry":"POINT(-73.98092712464246 40.72658722284802)","genusspecies":"Platanus x acerifolia - London planetree"}},{"type":"Feature","geometry":{"type":"Point","coordinates":[-73.88365323295662,40.846606796270095]},"properties":{"tpcondition":"Good","stumpdiameter":null,"riskratingdate":"2022-02-06 06:54:03.0000000","riskrating":"8","objectid":"5106890","globalid":"91A795E4-72F3-4FFC-A6D3-B2F76E45BCE1","tpstructure":"Full","plantingspaceglobalid":"91A795E4-72F3-4FFC-A6D3-B2F76E45BCE1","createddate":"2017-11-15 11:11:11.0000000","dbh":"14","planteddate":null,"updateddate":"2022-02-06 06:54:03.0000000","geometry":"POINT(-73.88365323295662 40.846606796270095)","genusspecies":"Gleditsia triacanthos var. inermis - Thornless honeylocust"}},{"type":"Feature","geometry":{"type":"Point","coordinates":[-74.05883561172058,40.607230245518096]},"properties":{"tpcondition":"Good","stumpdiameter":null,"riskratingdate":"2021-12-30 18:07:20.0000000","riskrating":"6","objectid":"5106893","globalid":"F3210690-E76C-439B-AD53-8AB5F92F124C","tpstructure":"Full","plantingspaceglobalid":"F3210690-E76C-439B-AD53-8AB5F92F124C","createddate":"2017-11-15 11:11:11.0000000","dbh":"19","planteddate":null,"updateddate":"2021-12-30 18:07:20.0000000","geometry":"POINT(-74.05883561172058 40.607230245518096)","genusspecies":"Acer pseudoplatanus - sycamore maple"}},{"type":"Feature","geometry":{"type":"Point","coordinates":[-73.97930314560931,40.711842380973216]},"properties":{"tpcondition":"Good","stumpdiameter":"0","riskratingdate":null,"riskrating":null,"objectid":"5106894","globalid":"8714DE9A-1768-46E9-9B60-87D01F402CCF","tpstructure":"Full","plantingspaceglobalid":"8714DE9A-1768-46E9-9B60-87D01F402CCF","createddate":"2017-11-15 11:11:11.0000000","dbh":"3","planteddate":null,"updateddate":null,"geometry":"POINT(-73.97930314560931 40.711842380973216)","genusspecies":"Quercus imbricaria - shingle oak"}},{"type":"Feature","geometry":{"type":"Point","coordinates":[-73.98974079863223,40.69861454903878]},"properties":{"tpcondition":"Good","stumpdiameter":"0","riskratingdate":null,"riskrating":null,"objectid":"5106895","globalid":"2860A9FA-6E10-46F9-A275-8764F264E4AF","tpstructure":"Full","plantingspaceglobalid":"2860A9FA-6E10-46F9-A275-8764F264E4AF","createddate":"2017-11-15 11:11:11.0000000","dbh":"15","planteddate":null,"updateddate":null,"geometry":"POINT(-73.98974079863223 40.69861454903878)","genusspecies":"Platanus x acerifolia - London planetree"}},{"type":"Feature","geometry":{"type":"Point","coordinates":[-73.88619180179022,40.83948033462782]},"properties":{"tpcondition":"Fair","stumpdiameter":null,"riskratingdate":"2022-02-03 13:04:02.0000000","riskrating":"6","objectid":"5106896","globalid":"E8725F9C-DC7D-4CD4-BCE8-82EBFA1C45BD","tpstructure":"Full","plantingspaceglobalid":"E8725F9C-DC7D-4CD4-BCE8-82EBFA1C45BD","createddate":"2017-11-15 11:11:11.0000000","dbh":"22","planteddate":null,"updateddate":"2022-02-03 13:04:02.0000000","geometry":"POINT(-73.88619180179022 40.83948033462782)","genusspecies":"Gleditsia triacanthos var. inermis - Thornless honeylocust"}},{"type":"Feature","geometry":{"type":"Point","coordinates":[-74.18655190260635,40.58919866619461]},"properties":{"tpcondition":"Good","stumpdiameter":"0","riskratingdate":null,"riskrating":null,"objectid":"5106897","globalid":"BF77DE90-7B4F-4B19-B75C-58CC886FE37E","tpstructure":"Full","plantingspaceglobalid":"BF77DE90-7B4F-4B19-B75C-58CC886FE37E","createddate":"2017-11-15 11:11:11.0000000","dbh":"2","planteddate":null,"updateddate":null,"geometry":"POINT(-74.18655190260635 40.58919866619461)","genusspecies":"Quercus phellos - willow oak"}},{"type":"Feature","geometry":{"type":"Point","coordinates":[-73.94105794486482,40.820857563434]},"properties":{"tpcondition":"Good","stumpdiameter":null,"riskratingdate":"2024-10-23 19:31:27.0000000","riskrating":"5","objectid":"5106898","globalid":"B930114B-05D1-4098-85AE-1C4C8AEEA0FA","tpstructure":"Full","plantingspaceglobalid":"B930114B-05D1-4098-85AE-1C4C8AEEA0FA","createddate":"2017-11-15 11:11:11.0000000","dbh":"14","planteddate":null,"updateddate":"2024-10-23 19:31:27.0000000","geometry":"POINT(-73.94105794486482 40.820857563434)","genusspecies":"Platanus x acerifolia - London planetree"}},{"type":"Feature","geometry":{"type":"Point","coordinates":[-73.82374944930548,40.78306528081409]},"properties":{"tpcondition":"Fair","stumpdiameter":null,"riskratingdate":"2025-10-16 17:45:18.0000000","riskrating":"8","objectid":"5106899","globalid":"8B4E85DA-BB13-44AC-9FBF-04768621F4B7","tpstructure":"Full","plantingspaceglobalid":"8B4E85DA-BB13-44AC-9FBF-04768621F4B7","createddate":"2017-11-15 11:11:11.0000000","dbh":"23","planteddate":null,"updateddate":"2025-10-16 17:45:18.0000000","geometry":"POINT(-73.82374944930548 40.78306528081409)","genusspecies":"Platanus x acerifolia - London planetree"}},{"type":"Feature","geometry":{"type":"Point","coordinates":[-73.75036978299718,40.59452969607574]},"properties":{"tpcondition":"Good","stumpdiameter":"0","riskratingdate":null,"riskrating":null,"objectid":"5106900","globalid":"65D32D55-8002-46B3-B7BE-CFCF90A0D48A","tpstructure":"Full","plantingspaceglobalid":"65D32D55-8002-46B3-B7BE-CFCF90A0D48A","createddate":"2017-11-15 11:11:11.0000000","dbh":"14","planteddate":null,"updateddate":"2018-02-16 13:02:15.0000000","geometry":"POINT(-73.75036978299718 40.59452969607574)","genusspecies":"Morus - mulberry"}},{"type":"Feature","geometry":{"type":"Point","coordinates":[-73.94316289299238,40.778163715681934]},"properties":{"tpcondition":"Poor","stumpdiameter":"22","riskratingdate":"2020-02-03 16:47:00.0000000","riskrating":"5","objectid":"5106901","globalid":"91ACF1D2-5483-4185-9C88-CD8B9EC9B679","tpstructure":"Stump","plantingspaceglobalid":"91ACF1D2-5483-4185-9C88-CD8B9EC9B679","createddate":"2017-11-15 11:11:00.0000000","dbh":"21","planteddate":null,"updateddate":"2022-06-02 12:23:30.0000000","geometry":"POINT(-73.94316289299238 40.778163715681934)","genusspecies":"Ulmus parvifolia - Chinese elm"}},{"type":"Feature","geometry":{"type":"Point","coordinates":[-73.99768251704731,40.67566760026774]},"properties":{"tpcondition":"Good","stumpdiameter":"0","riskratingdate":null,"riskrating":null,"objectid":"5106902","globalid":"2A1B2FCC-6C80-4A52-863C-C428CC50EBE1","tpstructure":"Full","plantingspaceglobalid":"2A1B2FCC-6C80-4A52-863C-C428CC50EBE1","createddate":"2017-11-15 11:11:11.0000000","dbh":"16","planteddate":null,"updateddate":null,"geometry":"POINT(-73.99768251704731 40.67566760026774)","genusspecies":"Quercus palustris - pin oak"}},{"type":"Feature","geometry":{"type":"Point","coordinates":[-73.91855170970476,40.86008007137769]},"properties":{"tpcondition":"Good","stumpdiameter":null,"riskratingdate":"2022-05-16 12:29:45.0000000","riskrating":"3","objectid":"5106903","globalid":"A4210032-CFA0-4E4D-AA0B-BE152AC6ADBD","tpstructure":"Full","plantingspaceglobalid":"A4210032-CFA0-4E4D-AA0B-BE152AC6ADBD","createddate":"2017-11-15 11:11:11.0000000","dbh":"4","planteddate":null,"updateddate":"2022-05-16 12:29:45.0000000","geometry":"POINT(-73.91855170970476 40.86008007137769)","genusspecies":"Juniperus virginiana - eastern redcedar"}},{"type":"Feature","geometry":{"type":"Point","coordinates":[-73.8235904619154,40.78210239948908]},"properties":{"tpcondition":"Good","stumpdiameter":null,"riskratingdate":"2025-10-15 17:38:43.0000000","riskrating":"5","objectid":"5106904","globalid":"3097008A-BBD5-41F7-954D-89F769178175","tpstructure":"Full","plantingspaceglobalid":"3097008A-BBD5-41F7-954D-89F769178175","createddate":"2017-11-15 11:11:11.0000000","dbh":"4","planteddate":null,"updateddate":"2025-10-15 17:38:43.0000000","geometry":"POINT(-73.8235904619154 40.78210239948908)","genusspecies":"Celtis occidentalis - common hackberry"}},{"type":"Feature","geometry":{"type":"Point","coordinates":[-73.91925608355392,40.87475529398429]},"properties":{"tpcondition":"Fair","stumpdiameter":"0","riskratingdate":"2018-04-05 13:26:00.0000000","riskrating":"8","objectid":"5106905","globalid":"0F0F2955-6329-417C-9592-4FE799922990","tpstructure":"Full","plantingspaceglobalid":"0F0F2955-6329-417C-9592-4FE799922990","createddate":"2017-11-15 11:11:11.0000000","dbh":"29","planteddate":null,"updateddate":"2018-04-05 13:26:00.0000000","geometry":"POINT(-73.91925608355392 40.87475529398429)","genusspecies":"Platanus x acerifolia - London planetree"}},{"type":"Feature","geometry":{"type":"Point","coordinates":[-73.91832951828289,40.88208553147382]},"properties":{"tpcondition":"Good","stumpdiameter":null,"riskratingdate":"2024-08-09 15:41:00.0000000","riskrating":"3","objectid":"5106906","globalid":"DC7D566F-1428-4212-A966-4D73A9937014","tpstructure":"Full","plantingspaceglobalid":"DC7D566F-1428-4212-A966-4D73A9937014","createddate":"2017-11-15 11:11:11.0000000","dbh":"9","planteddate":null,"updateddate":"2024-08-09 15:41:00.0000000","geometry":"POINT(-73.91832951828289 40.88208553147382)","genusspecies":"Quercus rubra - northern red oak"}},{"type":"Feature","geometry":{"type":"Point","coordinates":[-74.01649553804458,40.702501577913985]},"properties":{"tpcondition":"Fair","stumpdiameter":"0","riskratingdate":null,"riskrating":null,"objectid":"5106907","globalid":"2E03AA7F-CABC-4CEA-A373-2750443FA29B","tpstructure":"Full","plantingspaceglobalid":"2E03AA7F-CABC-4CEA-A373-2750443FA29B","createddate":"2017-11-15 11:11:11.0000000","dbh":"11","planteddate":null,"updateddate":null,"geometry":"POINT(-74.01649553804458 40.702501577913985)","genusspecies":"Platanus x acerifolia - London planetree"}},{"type":"Feature","geometry":{"type":"Point","coordinates":[-74.01009533911204,40.70302718953566]},"properties":{"tpcondition":"Good","stumpdiameter":null,"riskratingdate":"2022-06-01 15:24:35.0000000","riskrating":"5","objectid":"5106908","globalid":"D54C8D98-6D19-49FD-BECE-1DADCEB9170E","tpstructure":"Full","plantingspaceglobalid":"D54C8D98-6D19-49FD-BECE-1DADCEB9170E","createddate":"2017-11-15 11:11:11.0000000","dbh":"3","planteddate":null,"updateddate":"2022-06-01 15:24:35.0000000","geometry":"POINT(-74.01009533911204 40.70302718953566)","genusspecies":"Prunus - Cherry"}},{"type":"Feature","geometry":{"type":"Point","coordinates":[-73.92235927182516,40.86999550692392]},"properties":{"tpcondition":"Fair","stumpdiameter":null,"riskratingdate":"2021-05-17 16:30:43.0000000","riskrating":"8","objectid":"5106909","globalid":"50C1915F-878D-48BD-B3E9-108FFA3FA770","tpstructure":"Full","plantingspaceglobalid":"50C1915F-878D-48BD-B3E9-108FFA3FA770","createddate":"2017-11-15 11:11:11.0000000","dbh":"27","planteddate":null,"updateddate":"2021-05-17 16:30:43.0000000","geometry":"POINT(-73.92235927182516 40.86999550692392)","genusspecies":"Quercus palustris - pin oak"}},{"type":"Feature","geometry":{"type":"Point","coordinates":[-74.0112981842312,40.71752720838865]},"properties":{"tpcondition":"Fair","stumpdiameter":null,"riskratingdate":"2025-08-29 14:43:28.0000000","riskrating":"6","objectid":"5106910","globalid":"5940FE20-47D4-4FF5-A140-E434C2D8DD8D","tpstructure":"Full","plantingspaceglobalid":"5940FE20-47D4-4FF5-A140-E434C2D8DD8D","createddate":"2017-11-15 11:11:11.0000000","dbh":"19","planteddate":null,"updateddate":"2025-08-29 14:43:28.0000000","geometry":"POINT(-74.0112981842312 40.71752720838865)","genusspecies":"Tilia americana - American basswood"}},{"type":"Feature","geometry":{"type":"Point","coordinates":[-73.90484392372021,40.889929212618945]},"properties":{"tpcondition":"Good","stumpdiameter":"0","riskratingdate":null,"riskrating":null,"objectid":"5106911","globalid":"2DF9D896-BB24-4985-A424-CB2C46939D57","tpstructure":"Full","plantingspaceglobalid":"2DF9D896-BB24-4985-A424-CB2C46939D57","createddate":"2017-11-15 11:11:11.0000000","dbh":"44","planteddate":null,"updateddate":null,"geometry":"POINT(-73.90484392372021 40.889929212618945)","genusspecies":"Liriodendron tulipifera - tuliptree"}},{"type":"Feature","geometry":{"type":"Point","coordinates":[-73.80924083435022,40.66717955535173]},"properties":{"tpcondition":"Good","stumpdiameter":"0","riskratingdate":null,"riskrating":null,"objectid":"5106912","globalid":"B5940A33-7D37-4E7F-A349-84C8E6897AA4","tpstructure":"Full","plantingspaceglobalid":"B5940A33-7D37-4E7F-A349-84C8E6897AA4","createddate":"2017-11-15 11:11:11.0000000","dbh":"10","planteddate":null,"updateddate":null,"geometry":"POINT(-73.80924083435022 40.66717955535173)","genusspecies":"Pyrus calleryana - Callery pear"}},{"type":"Feature","geometry":{"type":"Point","coordinates":[-73.83905244372937,40.873191760278615]},"properties":{"tpcondition":"Good","stumpdiameter":"0","riskratingdate":null,"riskrating":null,"objectid":"5106913","globalid":"282CEF57-C764-4B7A-9FB7-40350A06375A","tpstructure":"Full","plantingspaceglobalid":"282CEF57-C764-4B7A-9FB7-40350A06375A","createddate":"2017-11-15 11:11:11.0000000","dbh":"11","planteddate":null,"updateddate":null,"geometry":"POINT(-73.83905244372937 40.873191760278615)","genusspecies":"Liquidambar styraciflua - sweetgum"}},{"type":"Feature","geometry":{"type":"Point","coordinates":[-73.79822544768341,40.77821882342406]},"properties":{"tpcondition":"Good","stumpdiameter":"0","riskratingdate":null,"riskrating":null,"objectid":"5106915","globalid":"02622BDC-4E48-4C5E-80C8-2FF14804A785","tpstructure":"Full","plantingspaceglobalid":"02622BDC-4E48-4C5E-80C8-2FF14804A785","createddate":"2017-11-15 11:11:11.0000000","dbh":"8","planteddate":null,"updateddate":null,"geometry":"POINT(-73.79822544768341 40.77821882342406)","genusspecies":"Quercus palustris - pin oak"}},{"type":"Feature","geometry":{"type":"Point","coordinates":[-73.92335936194418,40.77633384437013]},"properties":{"tpcondition":"Good","stumpdiameter":"0","riskratingdate":null,"riskrating":null,"objectid":"5106916","globalid":"3A52AB68-BA28-4DCB-8B79-2BAA6AA0B1EC","tpstructure":"Full","plantingspaceglobalid":"3A52AB68-BA28-4DCB-8B79-2BAA6AA0B1EC","createddate":"2017-11-15 11:11:11.0000000","dbh":"12","planteddate":null,"updateddate":null,"geometry":"POINT(-73.92335936194418 40.77633384437013)","genusspecies":"Ulmus parvifolia - Chinese elm"}},{"type":"Feature","geometry":{"type":"Point","coordinates":[-73.94944396483626,40.83129708254929]},"properties":{"tpcondition":"Good","stumpdiameter":null,"riskratingdate":"2022-05-11 14:25:36.0000000","riskrating":"5","objectid":"5106918","globalid":"F0060087-0D92-4D43-9EFC-073579E05FF4","tpstructure":"Full","plantingspaceglobalid":"F0060087-0D92-4D43-9EFC-073579E05FF4","createddate":"2017-11-15 11:11:11.0000000","dbh":"8","planteddate":null,"updateddate":"2022-05-11 14:25:36.0000000","geometry":"POINT(-73.94944396483626 40.83129708254929)","genusspecies":"Prunus serotina - black cherry"}},{"type":"Feature","geometry":{"type":"Point","coordinates":[-73.94914626068491,40.75494891770946]},"properties":{"tpcondition":"Good","stumpdiameter":"0","riskratingdate":null,"riskrating":null,"objectid":"5106919","globalid":"16AB6C0F-E3CD-42F2-9C95-E7B7C63A2DBA","tpstructure":"Full","plantingspaceglobalid":"16AB6C0F-E3CD-42F2-9C95-E7B7C63A2DBA","createddate":"2017-11-15 11:11:11.0000000","dbh":"3","planteddate":null,"updateddate":null,"geometry":"POINT(-73.94914626068491 40.75494891770946)","genusspecies":"Quercus - Oak"}},{"type":"Feature","geometry":{"type":"Point","coordinates":[-73.97054214048707,40.690735641233836]},"properties":{"tpcondition":"Fair","stumpdiameter":null,"riskratingdate":"2025-09-12 13:48:17.0000000","riskrating":"3","objectid":"5106920","globalid":"60513841-F228-4E9F-947A-E79A1F248B16","tpstructure":"Full","plantingspaceglobalid":"60513841-F228-4E9F-947A-E79A1F248B16","createddate":"2017-11-15 11:11:11.0000000","dbh":"8","planteddate":null,"updateddate":"2025-09-12 13:48:17.0000000","geometry":"POINT(-73.97054214048707 40.690735641233836)","genusspecies":"Crataegus - Hawthorn"}},{"type":"Feature","geometry":{"type":"Point","coordinates":[-73.94790864569433,40.7560760990498]},"properties":{"tpcondition":"Good","stumpdiameter":"0","riskratingdate":null,"riskrating":null,"objectid":"5106921","globalid":"17CA6A0B-EE35-47ED-853C-DC5EA5DD1043","tpstructure":"Full","plantingspaceglobalid":"17CA6A0B-EE35-47ED-853C-DC5EA5DD1043","createddate":"2017-11-15 11:11:11.0000000","dbh":"29","planteddate":null,"updateddate":"2018-04-25 14:31:48.0000000","geometry":"POINT(-73.94790864569433 40.7560760990498)","genusspecies":"Platanus x acerifolia - London planetree"}},{"type":"Feature","geometry":{"type":"Point","coordinates":[-74.15953330452098,40.61617701692515]},"properties":{"tpcondition":"Good","stumpdiameter":"0","riskratingdate":null,"riskrating":null,"objectid":"5106923","globalid":"4A30F18C-E34B-4E1F-8526-BF4BAAA24A49","tpstructure":"Full","plantingspaceglobalid":"4A30F18C-E34B-4E1F-8526-BF4BAAA24A49","createddate":"2017-11-15 11:11:11.0000000","dbh":"12","planteddate":null,"updateddate":null,"geometry":"POINT(-74.15953330452098 40.61617701692515)","genusspecies":"Tilia cordata - littleleaf linden"}},{"type":"Feature","geometry":{"type":"Point","coordinates":[-74.0003821274236,40.59680053245032]},"properties":{"tpcondition":"Good","stumpdiameter":"0","riskratingdate":null,"riskrating":null,"objectid":"5106924","globalid":"3B77878C-C559-40C9-8E74-B8FB6BAF6F0F","tpstructure":"Full","plantingspaceglobalid":"3B77878C-C559-40C9-8E74-B8FB6BAF6F0F","createddate":"2017-11-15 11:11:11.0000000","dbh":"4","planteddate":null,"updateddate":null,"geometry":"POINT(-74.0003821274236 40.59680053245032)","genusspecies":"Cercis canadensis - eastern redbud"}},{"type":"Feature","geometry":{"type":"Point","coordinates":[-73.90488271218824,40.86315444369785]},"properties":{"tpcondition":"Poor","stumpdiameter":"0","riskratingdate":"2019-10-20 17:35:16.0000000","riskrating":"8","objectid":"5106925","globalid":"48F4A52C-E82E-496C-A516-AD021531F9BA","tpstructure":"Full","plantingspaceglobalid":"48F4A52C-E82E-496C-A516-AD021531F9BA","createddate":"2017-11-15 11:11:00.0000000","dbh":"23","planteddate":null,"updateddate":"2019-10-20 17:35:16.0000000","geometry":"POINT(-73.90488271218824 40.86315444369785)","genusspecies":"Tilia cordata - littleleaf linden"}},{"type":"Feature","geometry":{"type":"Point","coordinates":[-73.91862754507913,40.88265700619555]},"properties":{"tpcondition":"Unknown","stumpdiameter":"6","riskratingdate":null,"riskrating":null,"objectid":"5106927","globalid":"DAB05778-52FE-4FA9-BFA7-7C565B6EEADB","tpstructure":"Retired","plantingspaceglobalid":"DAB05778-52FE-4FA9-BFA7-7C565B6EEADB","createddate":"2017-11-15 11:11:11.0000000","dbh":"0","planteddate":null,"updateddate":"2023-07-18 15:29:43.0000000","geometry":"POINT(-73.91862754507913 40.88265700619555)","genusspecies":"Unknown - Unknown"}},{"type":"Feature","geometry":{"type":"Point","coordinates":[-73.99938417558396,40.69131770300673]},"properties":{"tpcondition":"Fair","stumpdiameter":null,"riskratingdate":"2022-03-07 16:31:32.0000000","riskrating":"4","objectid":"5106928","globalid":"CB8F6AC4-8651-410F-ACBF-12B29106AC76","tpstructure":"Full","plantingspaceglobalid":"CB8F6AC4-8651-410F-ACBF-12B29106AC76","createddate":"2017-11-15 11:11:11.0000000","dbh":"16","planteddate":null,"updateddate":"2022-03-07 16:31:32.0000000","geometry":"POINT(-73.99938417558396 40.69131770300673)","genusspecies":"Pinus resinosa - red pine"}},{"type":"Feature","geometry":{"type":"Point","coordinates":[-73.94958337384047,40.74729456264367]},"properties":{"tpcondition":"Excellent","stumpdiameter":"0","riskratingdate":null,"riskrating":null,"objectid":"5106929","globalid":"97F8603C-CE89-41C8-9B0E-0CDB8D160863","tpstructure":"Full","plantingspaceglobalid":"97F8603C-CE89-41C8-9B0E-0CDB8D160863","createddate":"2017-11-15 11:11:11.0000000","dbh":"5","planteddate":null,"updateddate":null,"geometry":"POINT(-73.94958337384047 40.74729456264367)","genusspecies":"Quercus bicolor - swamp white oak"}},{"type":"Feature","geometry":{"type":"Point","coordinates":[-73.93896249516584,40.82939130672489]},"properties":{"tpcondition":"Good","stumpdiameter":"0","riskratingdate":null,"riskrating":null,"objectid":"5106930","globalid":"E09E8A55-B2A3-4A41-9EE7-FA89CCF1227E","tpstructure":"Full","plantingspaceglobalid":"E09E8A55-B2A3-4A41-9EE7-FA89CCF1227E","createddate":"2017-11-15 11:11:11.0000000","dbh":"15","planteddate":null,"updateddate":null,"geometry":"POINT(-73.93896249516584 40.82939130672489)","genusspecies":"Styphnolobium japonicum - Japanese pagoda tree"}},{"type":"Feature","geometry":{"type":"Point","coordinates":[-74.06399541484693,40.61504026677235]},"properties":{"tpcondition":"Dead","stumpdiameter":"20","riskratingdate":null,"riskrating":null,"objectid":"5106932","globalid":"4AD8B323-3123-413B-B069-D79EB1C0FAB8","tpstructure":"Retired","plantingspaceglobalid":"4AD8B323-3123-413B-B069-D79EB1C0FAB8","createddate":"2017-11-15 11:11:11.0000000","dbh":"12","planteddate":null,"updateddate":"2019-03-28 18:30:51.0000000","geometry":"POINT(-74.06399541484693 40.61504026677235)","genusspecies":"Acer saccharinum - silver maple"}},{"type":"Feature","geometry":{"type":"Point","coordinates":[-73.92459693746197,40.831424893871564]},"properties":{"tpcondition":"Good","stumpdiameter":"0","riskratingdate":null,"riskrating":null,"objectid":"5106933","globalid":"12326086-66C5-4C59-A947-D0E6FDF0B5A8","tpstructure":"Full","plantingspaceglobalid":"12326086-66C5-4C59-A947-D0E6FDF0B5A8","createddate":"2017-11-15 11:11:11.0000000","dbh":"7","planteddate":null,"updateddate":null,"geometry":"POINT(-73.92459693746197 40.831424893871564)","genusspecies":"Quercus bicolor - swamp white oak"}},{"type":"Feature","geometry":{"type":"Point","coordinates":[-73.9292409110377,40.87536304276532]},"properties":{"tpcondition":"Good","stumpdiameter":"0","riskratingdate":null,"riskrating":null,"objectid":"5106934","globalid":"EFC2635D-B40F-4C7B-A98A-CE57CDC0C049","tpstructure":"Full","plantingspaceglobalid":"EFC2635D-B40F-4C7B-A98A-CE57CDC0C049","createddate":"2017-11-15 11:11:11.0000000","dbh":"5","planteddate":null,"updateddate":null,"geometry":"POINT(-73.9292409110377 40.87536304276532)","genusspecies":"Prunus cerasifera - cherry plum"}},{"type":"Feature","geometry":{"type":"Point","coordinates":[-74.01575542079895,40.70180033337537]},"properties":{"tpcondition":"Good","stumpdiameter":"0","riskratingdate":null,"riskrating":null,"objectid":"5106936","globalid":"18170F36-0FD8-454F-AF1D-9639B7506AF2","tpstructure":"Full","plantingspaceglobalid":"18170F36-0FD8-454F-AF1D-9639B7506AF2","createddate":"2017-11-15 11:11:11.0000000","dbh":"14","planteddate":null,"updateddate":null,"geometry":"POINT(-74.01575542079895 40.70180033337537)","genusspecies":"Platanus x acerifolia - London planetree"}},{"type":"Feature","geometry":{"type":"Point","coordinates":[-73.9189290392544,40.87011885446677]},"properties":{"tpcondition":"Good","stumpdiameter":null,"riskratingdate":"2022-06-14 10:51:19.0000000","riskrating":"7","objectid":"5106937","globalid":"847C84DC-1D29-4593-9A41-56971D9EE5BF","tpstructure":"Full","plantingspaceglobalid":"847C84DC-1D29-4593-9A41-56971D9EE5BF","createddate":"2017-11-15 11:11:11.0000000","dbh":"22","planteddate":null,"updateddate":"2022-06-14 10:51:19.0000000","geometry":"POINT(-73.9189290392544 40.87011885446677)","genusspecies":"Morus - mulberry"}},{"type":"Feature","geometry":{"type":"Point","coordinates":[-73.92045687832616,40.869623589288075]},"properties":{"tpcondition":"Good","stumpdiameter":"0","riskratingdate":null,"riskrating":null,"objectid":"5106938","globalid":"7183BDAC-7210-4BD3-A5C2-46DCEC249FF0","tpstructure":"Full","plantingspaceglobalid":"7183BDAC-7210-4BD3-A5C2-46DCEC249FF0","createddate":"2017-11-15 11:11:11.0000000","dbh":"6","planteddate":null,"updateddate":null,"geometry":"POINT(-73.92045687832616 40.869623589288075)","genusspecies":"Ailanthus altissima - tree of heaven"}},{"type":"Feature","geometry":{"type":"Point","coordinates":[-73.89227620782275,40.65113495453013]},"properties":{"tpcondition":"Fair","stumpdiameter":"0","riskratingdate":null,"riskrating":null,"objectid":"5106939","globalid":"30FCBF12-73D0-487B-B4A9-D90512D1AD9C","tpstructure":"Full","plantingspaceglobalid":"30FCBF12-73D0-487B-B4A9-D90512D1AD9C","createddate":"2017-11-15 11:11:11.0000000","dbh":"3","planteddate":null,"updateddate":null,"geometry":"POINT(-73.89227620782275 40.65113495453013)","genusspecies":"Crataegus - Hawthorn"}},{"type":"Feature","geometry":{"type":"Point","coordinates":[-73.94152022686461,40.821450490391]},"properties":{"tpcondition":"Fair","stumpdiameter":null,"riskratingdate":"2022-05-03 11:28:18.0000000","riskrating":"5","objectid":"5106940","globalid":"395D3D60-F1FF-4584-8BE2-C7B1D1D8B105","tpstructure":"Full","plantingspaceglobalid":"395D3D60-F1FF-4584-8BE2-C7B1D1D8B105","createddate":"2017-11-15 11:11:11.0000000","dbh":"20","planteddate":null,"updateddate":"2022-05-03 11:28:18.0000000","geometry":"POINT(-73.94152022686461 40.821450490391)","genusspecies":"Platanus x acerifolia - London planetree"}},{"type":"Feature","geometry":{"type":"Point","coordinates":[-73.9446729155699,40.75313666245965]},"properties":{"tpcondition":"Good","stumpdiameter":null,"riskratingdate":"2024-03-29 13:29:50.0000000","riskrating":"9","objectid":"5106941","globalid":"8ACAC0CF-0A7A-4399-8D23-B4C56DAA0CF9","tpstructure":"Full","plantingspaceglobalid":"8ACAC0CF-0A7A-4399-8D23-B4C56DAA0CF9","createddate":"2017-11-15 11:11:11.0000000","dbh":"26","planteddate":null,"updateddate":"2024-03-29 13:29:50.0000000","geometry":"POINT(-73.9446729155699 40.75313666245965)","genusspecies":"Platanus x acerifolia - London planetree"}},{"type":"Feature","geometry":{"type":"Point","coordinates":[-73.88197619299284,40.83322861417969]},"properties":{"tpcondition":"Fair","stumpdiameter":"0","riskratingdate":null,"riskrating":null,"objectid":"5106942","globalid":"23B94330-8107-4D31-8DFB-849CE8A5FD74","tpstructure":"Full","plantingspaceglobalid":"23B94330-8107-4D31-8DFB-849CE8A5FD74","createddate":"2017-11-15 11:11:11.0000000","dbh":"15","planteddate":null,"updateddate":null,"geometry":"POINT(-73.88197619299284 40.83322861417969)","genusspecies":"Robinia pseudoacacia - black locust"}},{"type":"Feature","geometry":{"type":"Point","coordinates":[-74.01488357611453,40.70234701230852]},"properties":{"tpcondition":"Good","stumpdiameter":"0","riskratingdate":null,"riskrating":null,"objectid":"5106943","globalid":"BB629112-8AA4-46A2-B90F-6DCD1C430CC8","tpstructure":"Full","plantingspaceglobalid":"BB629112-8AA4-46A2-B90F-6DCD1C430CC8","createddate":"2017-11-15 11:11:11.0000000","dbh":"41","planteddate":null,"updateddate":null,"geometry":"POINT(-74.01488357611453 40.70234701230852)","genusspecies":"Platanus x acerifolia - London planetree"}},{"type":"Feature","geometry":{"type":"Point","coordinates":[-73.95339192575835,40.82922369400891]},"properties":{"tpcondition":"Good","stumpdiameter":"0","riskratingdate":null,"riskrating":null,"objectid":"5106944","globalid":"A27B5B90-52CA-4F36-91D9-56345237B89E","tpstructure":"Full","plantingspaceglobalid":"A27B5B90-52CA-4F36-91D9-56345237B89E","createddate":"2017-11-15 11:11:11.0000000","dbh":"22","planteddate":null,"updateddate":null,"geometry":"POINT(-73.95339192575835 40.82922369400891)","genusspecies":"Quercus palustris - pin oak"}},{"type":"Feature","geometry":{"type":"Point","coordinates":[-73.99121462885779,40.72257760992089]},"properties":{"tpcondition":"Fair","stumpdiameter":null,"riskratingdate":"2024-10-28 17:02:49.0000000","riskrating":"7","objectid":"5106946","globalid":"75E7237A-0933-4D57-9DCC-46DF7B1C4179","tpstructure":"Full","plantingspaceglobalid":"75E7237A-0933-4D57-9DCC-46DF7B1C4179","createddate":"2017-11-15 11:11:11.0000000","dbh":"30","planteddate":null,"updateddate":"2024-10-28 17:02:49.0000000","geometry":"POINT(-73.99121462885779 40.72257760992089)","genusspecies":"Platanus x acerifolia - London planetree"}},{"type":"Feature","geometry":{"type":"Point","coordinates":[-73.98809492010929,40.74255816802939]},"properties":{"tpcondition":"Good","stumpdiameter":"0","riskratingdate":null,"riskrating":null,"objectid":"5106947","globalid":"364F253F-7BA3-4AF8-9A35-1DD7E0F5A720","tpstructure":"Full","plantingspaceglobalid":"364F253F-7BA3-4AF8-9A35-1DD7E0F5A720","createddate":"2017-11-15 11:11:11.0000000","dbh":"5","planteddate":null,"updateddate":null,"geometry":"POINT(-73.98809492010929 40.74255816802939)","genusspecies":"Prunus - Cherry"}},{"type":"Feature","geometry":{"type":"Point","coordinates":[-73.980014876736,40.71196567564801]},"properties":{"tpcondition":"Good","stumpdiameter":"0","riskratingdate":null,"riskrating":null,"objectid":"5106948","globalid":"36852214-4BAD-427B-9E6F-0B97AC2774E1","tpstructure":"Full","plantingspaceglobalid":"36852214-4BAD-427B-9E6F-0B97AC2774E1","createddate":"2017-11-15 11:11:11.0000000","dbh":"18","planteddate":null,"updateddate":null,"geometry":"POINT(-73.980014876736 40.71196567564801)","genusspecies":"Magnolia - magnolia"}},{"type":"Feature","geometry":{"type":"Point","coordinates":[-73.9254395155741,40.83201910896676]},"properties":{"tpcondition":"Good","stumpdiameter":"0","riskratingdate":null,"riskrating":null,"objectid":"5106949","globalid":"BAAA26F3-425F-41D4-AF36-F25868EA1517","tpstructure":"Full","plantingspaceglobalid":"BAAA26F3-425F-41D4-AF36-F25868EA1517","createddate":"2017-11-15 11:11:11.0000000","dbh":"2","planteddate":null,"updateddate":null,"geometry":"POINT(-73.9254395155741 40.83201910896676)","genusspecies":"Carpinus caroliniana - American hornbeam"}},{"type":"Feature","geometry":{"type":"Point","coordinates":[-73.90905755456059,40.69302737408745]},"properties":{"tpcondition":"Good","stumpdiameter":"0","riskratingdate":"2018-11-24 12:20:46.0000000","riskrating":"5","objectid":"5106950","globalid":"0FF353C7-B6D2-4DC0-B5E8-EB90723769A0","tpstructure":"Full","plantingspaceglobalid":"0FF353C7-B6D2-4DC0-B5E8-EB90723769A0","createddate":"2017-11-15 11:11:11.0000000","dbh":"10","planteddate":null,"updateddate":"2018-11-24 17:20:47.0000000","geometry":"POINT(-73.90905755456059 40.69302737408745)","genusspecies":"Platanus x acerifolia - London planetree"}},{"type":"Feature","geometry":{"type":"Point","coordinates":[-73.9480417891818,40.75460210475281]},"properties":{"tpcondition":"Good","stumpdiameter":null,"riskratingdate":"2024-04-08 14:09:30.0000000","riskrating":"7","objectid":"5106951","globalid":"D9E02797-BB9E-4033-8054-DB261539BA31","tpstructure":"Full","plantingspaceglobalid":"D9E02797-BB9E-4033-8054-DB261539BA31","createddate":"2017-11-15 11:11:11.0000000","dbh":"9","planteddate":null,"updateddate":"2024-04-08 14:09:30.0000000","geometry":"POINT(-73.9480417891818 40.75460210475281)","genusspecies":"Gleditsia triacanthos var. inermis - Thornless honeylocust"}},{"type":"Feature","geometry":{"type":"Point","coordinates":[-74.05974355811854,40.60728616155649]},"properties":{"tpcondition":"Fair","stumpdiameter":null,"riskratingdate":"2021-12-27 17:33:41.0000000","riskrating":"6","objectid":"5106952","globalid":"BCF9FC1F-63CA-48FA-B8FB-B33C475E3DD5","tpstructure":"Full","plantingspaceglobalid":"BCF9FC1F-63CA-48FA-B8FB-B33C475E3DD5","createddate":"2017-11-15 11:11:11.0000000","dbh":"15","planteddate":null,"updateddate":"2021-12-27 17:33:41.0000000","geometry":"POINT(-74.05974355811854 40.60728616155649)","genusspecies":"Cladrastis kentukea - Kentucky yellowwood"}},{"type":"Feature","geometry":{"type":"Point","coordinates":[-73.82106169442365,40.71166433933794]},"properties":{"tpcondition":"Poor","stumpdiameter":"0","riskratingdate":null,"riskrating":null,"objectid":"5106954","globalid":"DD381B2F-3A3B-4C87-AFBC-7F21438F7312","tpstructure":"Full","plantingspaceglobalid":"DD381B2F-3A3B-4C87-AFBC-7F21438F7312","createddate":"2017-11-15 11:11:11.0000000","dbh":"5","planteddate":null,"updateddate":null,"geometry":"POINT(-73.82106169442365 40.71166433933794)","genusspecies":"Crataegus crus-galli var. inermis - Cockspur hawthorn"}},{"type":"Feature","geometry":{"type":"Point","coordinates":[-73.84781634967787,40.7262808828249]},"properties":{"tpcondition":"Good","stumpdiameter":"0","riskratingdate":null,"riskrating":null,"objectid":"5106955","globalid":"70A40F70-6E4A-40F2-8659-7CA2649FD5AE","tpstructure":"Full","plantingspaceglobalid":"70A40F70-6E4A-40F2-8659-7CA2649FD5AE","createddate":"2017-11-15 11:11:11.0000000","dbh":"14","planteddate":null,"updateddate":null,"geometry":"POINT(-73.84781634967787 40.7262808828249)","genusspecies":"Quercus palustris - pin oak"}},{"type":"Feature","geometry":{"type":"Point","coordinates":[-73.93373195691923,40.79368509209773]},"properties":{"tpcondition":"Fair","stumpdiameter":null,"riskratingdate":"2025-07-09 11:25:26.0000000","riskrating":"5","objectid":"5106956","globalid":"CFD1AAE9-7671-484D-A19F-5FA091863A0C","tpstructure":"Full","plantingspaceglobalid":"CFD1AAE9-7671-484D-A19F-5FA091863A0C","createddate":"2017-11-15 11:11:11.0000000","dbh":"32","planteddate":null,"updateddate":"2025-07-09 11:25:26.0000000","geometry":"POINT(-73.93373195691923 40.79368509209773)","genusspecies":"Platanus x acerifolia - London planetree"}},{"type":"Feature","geometry":{"type":"Point","coordinates":[-73.99203687301598,40.721158683364244]},"properties":{"tpcondition":"Fair","stumpdiameter":null,"riskratingdate":"2025-04-15 17:09:09.0000000","riskrating":"5","objectid":"5106957","globalid":"148B8665-4EA2-42AE-8BA0-3E440C2695E9","tpstructure":"Full","plantingspaceglobalid":"148B8665-4EA2-42AE-8BA0-3E440C2695E9","createddate":"2017-11-15 11:11:11.0000000","dbh":"7","planteddate":null,"updateddate":"2025-04-15 17:09:09.0000000","geometry":"POINT(-73.99203687301598 40.721158683364244)","genusspecies":"Malus - apple"}},{"type":"Feature","geometry":{"type":"Point","coordinates":[-74.1358606066336,40.64033788830834]},"properties":{"tpcondition":"Good","stumpdiameter":"0","riskratingdate":null,"riskrating":null,"objectid":"5106958","globalid":"01E0D60F-63DA-44A2-9C31-32DCA4507ACE","tpstructure":"Full","plantingspaceglobalid":"01E0D60F-63DA-44A2-9C31-32DCA4507ACE","createddate":"2017-11-15 11:11:11.0000000","dbh":"8","planteddate":null,"updateddate":null,"geometry":"POINT(-74.1358606066336 40.64033788830834)","genusspecies":"Acer - maple"}},{"type":"Feature","geometry":{"type":"Point","coordinates":[-73.95232693313996,40.83106035625983]},"properties":{"tpcondition":"Good","stumpdiameter":"0","riskratingdate":null,"riskrating":null,"objectid":"5106959","globalid":"2FA0F0D4-7DF9-4C76-8776-8C49610AF633","tpstructure":"Full","plantingspaceglobalid":"2FA0F0D4-7DF9-4C76-8776-8C49610AF633","createddate":"2017-11-15 11:11:11.0000000","dbh":"5","planteddate":null,"updateddate":null,"geometry":"POINT(-73.95232693313996 40.83106035625983)","genusspecies":"Quercus rubra - northern red oak"}},{"type":"Feature","geometry":{"type":"Point","coordinates":[-74.00039788368132,40.59821319817682]},"properties":{"tpcondition":"Good","stumpdiameter":"0","riskratingdate":null,"riskrating":null,"objectid":"5106960","globalid":"CA4ADE7F-E55A-401E-89E8-831F2B6F9483","tpstructure":"Full","plantingspaceglobalid":"CA4ADE7F-E55A-401E-89E8-831F2B6F9483","createddate":"2017-11-15 11:11:11.0000000","dbh":"11","planteddate":null,"updateddate":"2018-04-25 15:50:12.0000000","geometry":"POINT(-74.00039788368132 40.59821319817682)","genusspecies":"Malus - apple"}},{"type":"Feature","geometry":{"type":"Point","coordinates":[-73.89775190220612,40.86390657390492]},"properties":{"tpcondition":"Good","stumpdiameter":null,"riskratingdate":"2025-02-03 19:22:58.0000000","riskrating":"6","objectid":"5106961","globalid":"142CABB4-0FFB-435D-8313-5BD808321612","tpstructure":"Full","plantingspaceglobalid":"142CABB4-0FFB-435D-8313-5BD808321612","createddate":"2017-11-15 11:11:11.0000000","dbh":"10","planteddate":null,"updateddate":"2025-02-03 19:22:58.0000000","geometry":"POINT(-73.89775190220612 40.86390657390492)","genusspecies":"Quercus phellos - willow oak"}},{"type":"Feature","geometry":{"type":"Point","coordinates":[-73.98748770914173,40.742999707718454]},"properties":{"tpcondition":"Good","stumpdiameter":"0","riskratingdate":null,"riskrating":null,"objectid":"5106962","globalid":"155D6E81-504D-4B76-B5DF-569FED9AED4C","tpstructure":"Full","plantingspaceglobalid":"155D6E81-504D-4B76-B5DF-569FED9AED4C","createddate":"2017-11-15 11:11:11.0000000","dbh":"4","planteddate":null,"updateddate":null,"geometry":"POINT(-73.98748770914173 40.742999707718454)","genusspecies":"Prunus virginiana - chokecherry"}},{"type":"Feature","geometry":{"type":"Point","coordinates":[-73.98819070812198,40.74251797529996]},"properties":{"tpcondition":"Unknown","stumpdiameter":"8","riskratingdate":null,"riskrating":null,"objectid":"5106963","globalid":"8301FB73-808E-4193-A024-55CE2B745F47","tpstructure":"Stump","plantingspaceglobalid":"8301FB73-808E-4193-A024-55CE2B745F47","createddate":"2017-11-15 11:11:11.0000000","dbh":"0","planteddate":null,"updateddate":null,"geometry":"POINT(-73.98819070812198 40.74251797529996)","genusspecies":"Unknown - Unknown"}},{"type":"Feature","geometry":{"type":"Point","coordinates":[-73.91706871216563,40.88587995071522]},"properties":{"tpcondition":"Fair","stumpdiameter":null,"riskratingdate":"2024-08-02 12:14:22.0000000","riskrating":"5","objectid":"5106964","globalid":"BC996F95-7BFB-4079-AB8E-55419EEEA5F6","tpstructure":"Full","plantingspaceglobalid":"BC996F95-7BFB-4079-AB8E-55419EEEA5F6","createddate":"2017-11-15 11:11:11.0000000","dbh":"17","planteddate":null,"updateddate":"2024-08-02 12:14:22.0000000","geometry":"POINT(-73.91706871216563 40.88587995071522)","genusspecies":"Acer platanoides - Norway maple"}},{"type":"Feature","geometry":{"type":"Point","coordinates":[-74.11940190534364,40.638658351353996]},"properties":{"tpcondition":"Dead","stumpdiameter":"10","riskratingdate":null,"riskrating":null,"objectid":"5106966","globalid":"218A15E6-7B2B-4F95-A7BB-3904D169D319","tpstructure":"Retired","plantingspaceglobalid":"218A15E6-7B2B-4F95-A7BB-3904D169D319","createddate":"2017-11-15 11:11:00.0000000","dbh":"22","planteddate":null,"updateddate":"2019-04-26 13:37:16.0000000","geometry":"POINT(-74.11940190534364 40.638658351353996)","genusspecies":"Unknown - Unknown"}},{"type":"Feature","geometry":{"type":"Point","coordinates":[-73.88163163795096,40.83487937244013]},"properties":{"tpcondition":"Good","stumpdiameter":"0","riskratingdate":null,"riskrating":null,"objectid":"5106967","globalid":"6AF19F4B-CAB6-4F36-BC88-10FB211183D6","tpstructure":"Full","plantingspaceglobalid":"6AF19F4B-CAB6-4F36-BC88-10FB211183D6","createddate":"2017-11-15 11:11:11.0000000","dbh":"5","planteddate":null,"updateddate":null,"geometry":"POINT(-73.88163163795096 40.83487937244013)","genusspecies":"Quercus rubra - northern red oak"}},{"type":"Feature","geometry":{"type":"Point","coordinates":[-73.92228652909864,40.85768607009398]},"properties":{"tpcondition":"Good","stumpdiameter":"0","riskratingdate":null,"riskrating":null,"objectid":"5106968","globalid":"ED283F74-7223-424C-BE25-FE32DBF1A3C7","tpstructure":"Full","plantingspaceglobalid":"ED283F74-7223-424C-BE25-FE32DBF1A3C7","createddate":"2017-11-15 11:11:11.0000000","dbh":"8","planteddate":null,"updateddate":null,"geometry":"POINT(-73.92228652909864 40.85768607009398)","genusspecies":"Juniperus virginiana - eastern redcedar"}},{"type":"Feature","geometry":{"type":"Point","coordinates":[-73.97620574277313,40.71271097708719]},"properties":{"tpcondition":"Dead","stumpdiameter":"0","riskratingdate":null,"riskrating":null,"objectid":"5106970","globalid":"42C57C7E-225C-4148-A91D-E5E19D910EE6","tpstructure":"Retired","plantingspaceglobalid":"42C57C7E-225C-4148-A91D-E5E19D910EE6","createddate":"2017-11-15 11:11:11.0000000","dbh":"3","planteddate":null,"updateddate":"2024-10-22 19:48:18.0000000","geometry":"POINT(-73.97620574277313 40.71271097708719)","genusspecies":"Crataegus - Hawthorn"}},{"type":"Feature","geometry":{"type":"Point","coordinates":[-74.00502705467959,40.71315505058873]},"properties":{"tpcondition":"Good","stumpdiameter":"0","riskratingdate":null,"riskrating":null,"objectid":"5106972","globalid":"53CC2876-CD5A-4ACF-ACB2-ADEF2786DD71","tpstructure":"Full","plantingspaceglobalid":"53CC2876-CD5A-4ACF-ACB2-ADEF2786DD71","createddate":"2017-11-15 11:11:11.0000000","dbh":"14","planteddate":null,"updateddate":"2018-03-27 11:11:23.0000000","geometry":"POINT(-74.00502705467959 40.71315505058873)","genusspecies":"Magnolia - magnolia"}},{"type":"Feature","geometry":{"type":"Point","coordinates":[-73.83888711201195,40.8736913326705]},"properties":{"tpcondition":"Good","stumpdiameter":"0","riskratingdate":null,"riskrating":null,"objectid":"5106973","globalid":"7A6E6049-E857-4EBB-8C15-73F5790E5332","tpstructure":"Full","plantingspaceglobalid":"7A6E6049-E857-4EBB-8C15-73F5790E5332","createddate":"2017-11-15 11:11:11.0000000","dbh":"16","planteddate":null,"updateddate":null,"geometry":"POINT(-73.83888711201195 40.8736913326705)","genusspecies":"Liquidambar styraciflua - sweetgum"}},{"type":"Feature","geometry":{"type":"Point","coordinates":[-73.98132094764335,40.686808212500296]},"properties":{"tpcondition":"Good","stumpdiameter":"0","riskratingdate":null,"riskrating":null,"objectid":"5106974","globalid":"9EA9589F-C086-4148-93F4-732B93BFB307","tpstructure":"Full","plantingspaceglobalid":"9EA9589F-C086-4148-93F4-732B93BFB307","createddate":"2017-11-15 11:11:11.0000000","dbh":"5","planteddate":null,"updateddate":null,"geometry":"POINT(-73.98132094764335 40.686808212500296)","genusspecies":"Acer platanoides - Norway maple"}},{"type":"Feature","geometry":{"type":"Point","coordinates":[-73.92938476715494,40.87390658234305]},"properties":{"tpcondition":"Dead","stumpdiameter":"25","riskratingdate":"2021-07-13 17:14:00.0000000","riskrating":"7","objectid":"5106975","globalid":"95324582-CEE3-49C0-A83F-562DB06C2E1D","tpstructure":"Retired","plantingspaceglobalid":"95324582-CEE3-49C0-A83F-562DB06C2E1D","createddate":"2017-11-15 11:11:00.0000000","dbh":"25","planteddate":null,"updateddate":"2024-12-06 21:30:00.0000000","geometry":"POINT(-73.92938476715494 40.87390658234305)","genusspecies":"Quercus palustris - pin oak"}},{"type":"Feature","geometry":{"type":"Point","coordinates":[-74.00630445708909,40.68284130858661]},"properties":{"tpcondition":"Poor","stumpdiameter":"0","riskratingdate":null,"riskrating":null,"objectid":"5106976","globalid":"DB849F6D-4EFF-4E84-BAD0-4F970AAFDB5A","tpstructure":"Retired","plantingspaceglobalid":"DB849F6D-4EFF-4E84-BAD0-4F970AAFDB5A","createddate":"2017-11-15 11:11:11.0000000","dbh":"24","planteddate":null,"updateddate":"2022-03-02 18:17:46.0000000","geometry":"POINT(-74.00630445708909 40.68284130858661)","genusspecies":"Platanus x acerifolia - London planetree"}},{"type":"Feature","geometry":{"type":"Point","coordinates":[-73.94385069244605,40.72409896202059]},"properties":{"tpcondition":"Good","stumpdiameter":null,"riskratingdate":"2023-01-28 17:04:18.0000000","riskrating":"9","objectid":"5106978","globalid":"C0DE573F-0441-4BF3-940C-185EE6E05D1F","tpstructure":"Full","plantingspaceglobalid":"C0DE573F-0441-4BF3-940C-185EE6E05D1F","createddate":"2017-11-15 11:11:11.0000000","dbh":"27","planteddate":null,"updateddate":"2023-01-28 17:04:18.0000000","geometry":"POINT(-73.94385069244605 40.72409896202059)","genusspecies":"Quercus palustris - pin oak"}},{"type":"Feature","geometry":{"type":"Point","coordinates":[-73.98032067173847,40.72650665710764]},"properties":{"tpcondition":"Good","stumpdiameter":"0","riskratingdate":null,"riskrating":null,"objectid":"5106979","globalid":"07A2343E-5A9F-45BA-A872-E883BD4FD521","tpstructure":"Full","plantingspaceglobalid":"07A2343E-5A9F-45BA-A872-E883BD4FD521","createddate":"2017-11-15 11:11:11.0000000","dbh":"7","planteddate":null,"updateddate":null,"geometry":"POINT(-73.98032067173847 40.72650665710764)","genusspecies":"Quercus palustris - pin oak"}},{"type":"Feature","geometry":{"type":"Point","coordinates":[-73.97413273969211,40.72030973052766]},"properties":{"tpcondition":"Good","stumpdiameter":"0","riskratingdate":null,"riskrating":null,"objectid":"5106980","globalid":"EAF50C68-B32F-4B0A-A7B0-C946B751EA2E","tpstructure":"Full","plantingspaceglobalid":"EAF50C68-B32F-4B0A-A7B0-C946B751EA2E","createddate":"2017-11-15 11:11:11.0000000","dbh":"8","planteddate":null,"updateddate":null,"geometry":"POINT(-73.97413273969211 40.72030973052766)","genusspecies":"Cercis canadensis - eastern redbud"}},{"type":"Feature","geometry":{"type":"Point","coordinates":[-73.92020823479876,40.86952594833292]},"properties":{"tpcondition":"Fair","stumpdiameter":null,"riskratingdate":"2020-08-19 19:39:28.0000000","riskrating":"7","objectid":"5106981","globalid":"FADC7C4A-2F9E-4734-86D2-B79DAE91B018","tpstructure":"Full","plantingspaceglobalid":"FADC7C4A-2F9E-4734-86D2-B79DAE91B018","createddate":"2017-11-15 11:11:11.0000000","dbh":"28","planteddate":null,"updateddate":"2020-08-19 19:39:28.0000000","geometry":"POINT(-73.92020823479876 40.86952594833292)","genusspecies":"Platanus x acerifolia - London planetree"}},{"type":"Feature","geometry":{"type":"Point","coordinates":[-73.93913166083333,40.62817034145598]},"properties":{"tpcondition":"Good","stumpdiameter":"0","riskratingdate":null,"riskrating":null,"objectid":"5106982","globalid":"44557CFA-74D3-4131-9142-7A92D0537F65","tpstructure":"Full","plantingspaceglobalid":"44557CFA-74D3-4131-9142-7A92D0537F65","createddate":"2017-11-15 11:11:11.0000000","dbh":"17","planteddate":null,"updateddate":null,"geometry":"POINT(-73.93913166083333 40.62817034145598)","genusspecies":"Cercis canadensis - eastern redbud"}},{"type":"Feature","geometry":{"type":"Point","coordinates":[-73.93876816192581,40.628078124202546]},"properties":{"tpcondition":"Good","stumpdiameter":"0","riskratingdate":null,"riskrating":null,"objectid":"5106983","globalid":"59F89099-BAC8-48B8-9EB1-56D9D5CCEDBF","tpstructure":"Full","plantingspaceglobalid":"59F89099-BAC8-48B8-9EB1-56D9D5CCEDBF","createddate":"2017-11-15 11:11:11.0000000","dbh":"7","planteddate":null,"updateddate":null,"geometry":"POINT(-73.93876816192581 40.628078124202545)","genusspecies":"Cercis canadensis - eastern redbud"}},{"type":"Feature","geometry":{"type":"Point","coordinates":[-73.98222335349485,40.72713356649847]},"properties":{"tpcondition":"Good","stumpdiameter":"0","riskratingdate":null,"riskrating":null,"objectid":"5106985","globalid":"386CAA6D-B2B1-41A3-98CE-39843A26AE66","tpstructure":"Full","plantingspaceglobalid":"386CAA6D-B2B1-41A3-98CE-39843A26AE66","createddate":"2017-11-15 11:11:11.0000000","dbh":"6","planteddate":null,"updateddate":null,"geometry":"POINT(-73.98222335349485 40.72713356649847)","genusspecies":"Quercus bicolor - swamp white oak"}},{"type":"Feature","geometry":{"type":"Point","coordinates":[-74.01603919480654,40.70228825461607]},"properties":{"tpcondition":"Good","stumpdiameter":"0","riskratingdate":null,"riskrating":null,"objectid":"5106986","globalid":"BD0646A6-8539-4084-BB3E-245DB8FC753B","tpstructure":"Full","plantingspaceglobalid":"BD0646A6-8539-4084-BB3E-245DB8FC753B","createddate":"2017-11-15 11:11:11.0000000","dbh":"20","planteddate":null,"updateddate":null,"geometry":"POINT(-74.01603919480654 40.70228825461607)","genusspecies":"Platanus x acerifolia - London planetree"}},{"type":"Feature","geometry":{"type":"Point","coordinates":[-73.92281312520076,40.810844522172815]},"properties":{"tpcondition":"Good","stumpdiameter":"0","riskratingdate":null,"riskrating":null,"objectid":"5106987","globalid":"0AB4C94E-EAAE-4114-8596-1F037BBB1D54","tpstructure":"Full","plantingspaceglobalid":"0AB4C94E-EAAE-4114-8596-1F037BBB1D54","createddate":"2017-11-15 11:11:11.0000000","dbh":"23","planteddate":null,"updateddate":null,"geometry":"POINT(-73.92281312520076 40.810844522172815)","genusspecies":"Platanus x acerifolia - London planetree"}},{"type":"Feature","geometry":{"type":"Point","coordinates":[-73.95665506985061,40.82260893864681]},"properties":{"tpcondition":"Poor","stumpdiameter":null,"riskratingdate":"2023-04-11 17:07:00.0000000","riskrating":"9","objectid":"5106988","globalid":"6067F300-7D98-40DA-9D93-0D7984D4263B","tpstructure":"Retired","plantingspaceglobalid":"6067F300-7D98-40DA-9D93-0D7984D4263B","createddate":"2017-11-15 11:11:00.0000000","dbh":"18","planteddate":null,"updateddate":"2023-04-21 16:51:00.0000000","geometry":"POINT(-73.95665506985061 40.82260893864681)","genusspecies":"Robinia pseudoacacia - black locust"}},{"type":"Feature","geometry":{"type":"Point","coordinates":[-73.8785432292472,40.878170696865844]},"properties":{"tpcondition":"Dead","stumpdiameter":"22","riskratingdate":"2021-08-30 15:08:00.0000000","riskrating":"8","objectid":"5106989","globalid":"9CD28833-36EB-4224-9CC2-FD3412F43600","tpstructure":"Retired","plantingspaceglobalid":"9CD28833-36EB-4224-9CC2-FD3412F43600","createddate":"2017-11-15 11:11:00.0000000","dbh":"0","planteddate":null,"updateddate":"2024-06-04 15:36:00.0000000","geometry":"POINT(-73.8785432292472 40.878170696865844)","genusspecies":"Acer platanoides - Norway maple"}},{"type":"Feature","geometry":{"type":"Point","coordinates":[-73.89429041124184,40.845893270562065]},"properties":{"tpcondition":"Good","stumpdiameter":"0","riskratingdate":null,"riskrating":null,"objectid":"5106990","globalid":"EFC117A5-B7DA-47FB-8DD3-EBEB425BAD6A","tpstructure":"Full","plantingspaceglobalid":"EFC117A5-B7DA-47FB-8DD3-EBEB425BAD6A","createddate":"2017-11-15 11:11:11.0000000","dbh":"31","planteddate":null,"updateddate":"2018-01-30 13:29:17.0000000","geometry":"POINT(-73.89429041124184 40.845893270562065)","genusspecies":"Tilia cordata - littleleaf linden"}},{"type":"Feature","geometry":{"type":"Point","coordinates":[-73.92512842660133,40.83163722011014]},"properties":{"tpcondition":"Good","stumpdiameter":"0","riskratingdate":null,"riskrating":null,"objectid":"5106991","globalid":"87B158D0-1D26-4361-9FD3-C81A0B7A5C0D","tpstructure":"Full","plantingspaceglobalid":"87B158D0-1D26-4361-9FD3-C81A0B7A5C0D","createddate":"2017-11-15 11:11:11.0000000","dbh":"4","planteddate":null,"updateddate":null,"geometry":"POINT(-73.92512842660133 40.83163722011014)","genusspecies":"Magnolia - magnolia"}},{"type":"Feature","geometry":{"type":"Point","coordinates":[-73.91816714170209,40.88242794513001]},"properties":{"tpcondition":"Good","stumpdiameter":null,"riskratingdate":"2024-08-07 14:59:17.0000000","riskrating":"3","objectid":"5106992","globalid":"F597EFBD-D785-4D8B-BC87-BEB179659510","tpstructure":"Full","plantingspaceglobalid":"F597EFBD-D785-4D8B-BC87-BEB179659510","createddate":"2017-11-15 11:11:11.0000000","dbh":"9","planteddate":null,"updateddate":"2024-08-07 14:59:17.0000000","geometry":"POINT(-73.91816714170209 40.88242794513001)","genusspecies":"Tilia americana - American basswood"}},{"type":"Feature","geometry":{"type":"Point","coordinates":[-73.95215200281247,40.714563701004884]},"properties":{"tpcondition":"Good","stumpdiameter":"0","riskratingdate":null,"riskrating":null,"objectid":"5106993","globalid":"158B5B09-BBA3-43E7-9065-B4DFA6B1BA4A","tpstructure":"Full","plantingspaceglobalid":"158B5B09-BBA3-43E7-9065-B4DFA6B1BA4A","createddate":"2017-11-15 11:11:11.0000000","dbh":"25","planteddate":null,"updateddate":null,"geometry":"POINT(-73.95215200281247 40.714563701004884)","genusspecies":"Quercus palustris - pin oak"}},{"type":"Feature","geometry":{"type":"Point","coordinates":[-73.97435640840192,40.71937269286427]},"properties":{"tpcondition":"Good","stumpdiameter":"0","riskratingdate":null,"riskrating":null,"objectid":"5106995","globalid":"DF463B9F-D1CA-4C61-A869-8A31EE556735","tpstructure":"Full","plantingspaceglobalid":"DF463B9F-D1CA-4C61-A869-8A31EE556735","createddate":"2017-11-15 11:11:11.0000000","dbh":"6","planteddate":null,"updateddate":null,"geometry":"POINT(-73.97435640840192 40.71937269286427)","genusspecies":"Taxodium distichum - bald cypress"}},{"type":"Feature","geometry":{"type":"Point","coordinates":[-73.91456811804696,40.64927446899094]},"properties":{"tpcondition":"Good","stumpdiameter":"0","riskratingdate":"2018-12-03 09:41:22.0000000","riskrating":"7","objectid":"5106996","globalid":"16B4BEE9-2786-40D2-9D78-4FF80A1E5315","tpstructure":"Full","plantingspaceglobalid":"16B4BEE9-2786-40D2-9D78-4FF80A1E5315","createddate":"2017-11-15 11:11:11.0000000","dbh":"20","planteddate":null,"updateddate":"2018-12-03 14:41:22.0000000","geometry":"POINT(-73.91456811804696 40.64927446899094)","genusspecies":"Platanus x acerifolia - London planetree"}},{"type":"Feature","geometry":{"type":"Point","coordinates":[-74.01610349110578,40.70313460034438]},"properties":{"tpcondition":"Good","stumpdiameter":"0","riskratingdate":null,"riskrating":null,"objectid":"5106997","globalid":"2CC46542-7898-4D39-AA17-46B2A6112C2C","tpstructure":"Full","plantingspaceglobalid":"2CC46542-7898-4D39-AA17-46B2A6112C2C","createddate":"2017-11-15 11:11:11.0000000","dbh":"39","planteddate":null,"updateddate":null,"geometry":"POINT(-74.01610349110578 40.70313460034438)","genusspecies":"Quercus phellos - willow oak"}},{"type":"Feature","geometry":{"type":"Point","coordinates":[-74.0592012411252,40.60808631172563]},"properties":{"tpcondition":"Fair","stumpdiameter":null,"riskratingdate":"2021-12-28 17:50:07.0000000","riskrating":"6","objectid":"5106998","globalid":"F152540F-058C-4EE3-B1EF-345CCA2B672D","tpstructure":"Full","plantingspaceglobalid":"F152540F-058C-4EE3-B1EF-345CCA2B672D","createddate":"2017-11-15 11:11:11.0000000","dbh":"25","planteddate":null,"updateddate":"2021-12-28 17:50:07.0000000","geometry":"POINT(-74.0592012411252 40.60808631172563)","genusspecies":"Quercus rubra - northern red oak"}},{"type":"Feature","geometry":{"type":"Point","coordinates":[-73.7991202394864,40.711668548413904]},"properties":{"tpcondition":"Poor","stumpdiameter":"0","riskratingdate":"2020-09-16 17:45:28.0000000","riskrating":"7","objectid":"5107000","globalid":"66D8358B-2C70-4DAA-9052-D9320D00D19A","tpstructure":"Shaft","plantingspaceglobalid":"66D8358B-2C70-4DAA-9052-D9320D00D19A","createddate":"2017-11-15 11:11:00.0000000","dbh":"30","planteddate":null,"updateddate":"2020-09-16 17:53:00.0000000","geometry":"POINT(-73.7991202394864 40.711668548413904)","genusspecies":"Sassafras albidum - sassafras"}},{"type":"Feature","geometry":{"type":"Point","coordinates":[-73.94976215884049,40.83044207921518]},"properties":{"tpcondition":"Fair","stumpdiameter":null,"riskratingdate":"2022-05-10 17:22:46.0000000","riskrating":"5","objectid":"5107002","globalid":"34D812FC-36A4-4A4C-8B78-C860B0D77950","tpstructure":"Full","plantingspaceglobalid":"34D812FC-36A4-4A4C-8B78-C860B0D77950","createddate":"2017-11-15 11:11:11.0000000","dbh":"5","planteddate":null,"updateddate":"2022-05-10 17:22:46.0000000","geometry":"POINT(-73.94976215884049 40.83044207921518)","genusspecies":"Cornus florida - flowering dogwood"}},{"type":"Feature","geometry":{"type":"Point","coordinates":[-73.93539184410122,40.79343054639092]},"properties":{"tpcondition":"Fair","stumpdiameter":null,"riskratingdate":"2025-07-02 12:56:03.0000000","riskrating":"5","objectid":"5107003","globalid":"C43428E9-BC88-4B02-AB17-C4CBEB529232","tpstructure":"Full","plantingspaceglobalid":"C43428E9-BC88-4B02-AB17-C4CBEB529232","createddate":"2017-11-15 11:11:11.0000000","dbh":"11","planteddate":null,"updateddate":"2025-07-02 12:56:03.0000000","geometry":"POINT(-73.93539184410122 40.79343054639092)","genusspecies":"Platanus x acerifolia - London planetree"}},{"type":"Feature","geometry":{"type":"Point","coordinates":[-73.91716427805159,40.88047985392003]},"properties":{"tpcondition":"Good","stumpdiameter":"0","riskratingdate":null,"riskrating":null,"objectid":"5107004","globalid":"27FAB321-598F-440D-89AF-B74A093F540C","tpstructure":"Full","plantingspaceglobalid":"27FAB321-598F-440D-89AF-B74A093F540C","createddate":"2017-11-15 11:11:11.0000000","dbh":"2","planteddate":null,"updateddate":"2018-04-24 10:10:45.0000000","geometry":"POINT(-73.91716427805159 40.88047985392003)","genusspecies":"Liquidambar styraciflua - sweetgum"}},{"type":"Feature","geometry":{"type":"Point","coordinates":[-73.9424178412288,40.846520038327334]},"properties":{"tpcondition":"Fair","stumpdiameter":null,"riskratingdate":"2024-11-21 19:48:53.0000000","riskrating":"4","objectid":"5107005","globalid":"BBE39EC7-205D-496A-B8E1-A663FF733CC3","tpstructure":"Full","plantingspaceglobalid":"BBE39EC7-205D-496A-B8E1-A663FF733CC3","createddate":"2017-11-15 11:11:11.0000000","dbh":"5","planteddate":null,"updateddate":"2024-11-21 19:48:53.0000000","geometry":"POINT(-73.9424178412288 40.846520038327334)","genusspecies":"Amelanchier - serviceberry"}},{"type":"Feature","geometry":{"type":"Point","coordinates":[-74.00698827084027,40.712987338226235]},"properties":{"tpcondition":"Good","stumpdiameter":null,"riskratingdate":"2025-02-24 15:58:22.0000000","riskrating":"5","objectid":"5107006","globalid":"E43B0CCD-92EE-4B73-B80E-88810A66D5D2","tpstructure":"Full","plantingspaceglobalid":"E43B0CCD-92EE-4B73-B80E-88810A66D5D2","createddate":"2017-11-15 11:11:11.0000000","dbh":"11","planteddate":null,"updateddate":"2025-02-24 15:58:22.0000000","geometry":"POINT(-74.00698827084027 40.712987338226235)","genusspecies":"Ulmus americana - American elm"}},{"type":"Feature","geometry":{"type":"Point","coordinates":[-73.92317472899387,40.81150339145163]},"properties":{"tpcondition":"Fair","stumpdiameter":"0","riskratingdate":"2018-07-17 13:28:00.0000000","riskrating":"8","objectid":"5107007","globalid":"DE280638-EF2B-437D-BAC7-70628BC6E129","tpstructure":"Retired","plantingspaceglobalid":"DE280638-EF2B-437D-BAC7-70628BC6E129","createddate":"2017-11-15 11:11:00.0000000","dbh":"16","planteddate":null,"updateddate":"2019-10-23 19:57:00.0000000","geometry":"POINT(-73.92317472899387 40.81150339145163)","genusspecies":"Ailanthus altissima - tree of heaven"}},{"type":"Feature","geometry":{"type":"Point","coordinates":[-73.9743240480638,40.71731532975284]},"properties":{"tpcondition":"Good","stumpdiameter":"0","riskratingdate":null,"riskrating":null,"objectid":"5107008","globalid":"FC5D7F04-F96B-4640-B2C6-62F12118757C","tpstructure":"Retired","plantingspaceglobalid":"FC5D7F04-F96B-4640-B2C6-62F12118757C","createddate":"2017-11-15 11:11:11.0000000","dbh":"30","planteddate":null,"updateddate":"2023-01-12 15:41:00.0000000","geometry":"POINT(-73.9743240480638 40.71731532975284)","genusspecies":"Platanus x acerifolia - London planetree"}},{"type":"Feature","geometry":{"type":"Point","coordinates":[-73.99236688653285,40.57345847127071]},"properties":{"tpcondition":"Good","stumpdiameter":"0","riskratingdate":null,"riskrating":null,"objectid":"5107009","globalid":"5E5237E7-3E77-4306-BE74-604810275E14","tpstructure":"Retired","plantingspaceglobalid":"5E5237E7-3E77-4306-BE74-604810275E14","createddate":"2017-11-15 11:11:11.0000000","dbh":"3","planteddate":null,"updateddate":"2022-02-09 14:36:34.0000000","geometry":"POINT(-73.99236688653285 40.57345847127071)","genusspecies":"Quercus rubra - northern red oak"}},{"type":"Feature","geometry":{"type":"Point","coordinates":[-73.90327693895688,40.83623280784322]},"properties":{"tpcondition":"Good","stumpdiameter":"0","riskratingdate":null,"riskrating":null,"objectid":"5107010","globalid":"8138FACD-C964-4743-B7F6-44A4A95AD910","tpstructure":"Full","plantingspaceglobalid":"8138FACD-C964-4743-B7F6-44A4A95AD910","createddate":"2017-11-15 11:11:11.0000000","dbh":"16","planteddate":null,"updateddate":null,"geometry":"POINT(-73.90327693895688 40.83623280784322)","genusspecies":"Platanus x acerifolia - London planetree"}},{"type":"Feature","geometry":{"type":"Point","coordinates":[-74.00094806027253,40.596649566414854]},"properties":{"tpcondition":"Good","stumpdiameter":"0","riskratingdate":null,"riskrating":null,"objectid":"5107011","globalid":"65BF8BE4-2E7F-4C22-BEEC-C86AED576D21","tpstructure":"Full","plantingspaceglobalid":"65BF8BE4-2E7F-4C22-BEEC-C86AED576D21","createddate":"2017-11-15 11:11:11.0000000","dbh":"12","planteddate":null,"updateddate":null,"geometry":"POINT(-74.00094806027253 40.596649566414854)","genusspecies":"Acer platanoides - Norway maple"}},{"type":"Feature","geometry":{"type":"Point","coordinates":[-73.94115994323484,40.846929406634196]},"properties":{"tpcondition":"Unknown","stumpdiameter":"33","riskratingdate":null,"riskrating":null,"objectid":"5107012","globalid":"ADD5D5E7-477E-42C0-9E72-C11C1B3437FC","tpstructure":"Retired","plantingspaceglobalid":"ADD5D5E7-477E-42C0-9E72-C11C1B3437FC","createddate":"2017-11-15 11:11:11.0000000","dbh":"0","planteddate":null,"updateddate":"2024-11-20 20:43:46.0000000","geometry":"POINT(-73.94115994323484 40.846929406634196)","genusspecies":"Unknown - Unknown"}},{"type":"Feature","geometry":{"type":"Point","coordinates":[-73.83976016969349,40.87372509636191]},"properties":{"tpcondition":"Good","stumpdiameter":"0","riskratingdate":null,"riskrating":null,"objectid":"5107013","globalid":"E8406CFA-C4E9-4C2C-9A44-9F9B90C00082","tpstructure":"Full","plantingspaceglobalid":"E8406CFA-C4E9-4C2C-9A44-9F9B90C00082","createddate":"2017-11-15 11:11:11.0000000","dbh":"31","planteddate":null,"updateddate":null,"geometry":"POINT(-73.83976016969349 40.87372509636191)","genusspecies":"Populus deltoides - eastern cottonwood"}},{"type":"Feature","geometry":{"type":"Point","coordinates":[-73.92267617928033,40.747484367054675]},"properties":{"tpcondition":"Good","stumpdiameter":null,"riskratingdate":"2023-04-12 13:30:40.0000000","riskrating":"8","objectid":"5107014","globalid":"79E1B46F-3AB5-412F-95C1-8038DCF326FE","tpstructure":"Full","plantingspaceglobalid":"79E1B46F-3AB5-412F-95C1-8038DCF326FE","createddate":"2017-11-15 11:11:11.0000000","dbh":"28","planteddate":null,"updateddate":"2023-04-12 13:30:40.0000000","geometry":"POINT(-73.92267617928033 40.747484367054675)","genusspecies":"Quercus palustris - pin oak"}},{"type":"Feature","geometry":{"type":"Point","coordinates":[-73.8369961374982,40.72281156262868]},"properties":{"tpcondition":"Fair","stumpdiameter":"0","riskratingdate":null,"riskrating":null,"objectid":"5107016","globalid":"2E2BA565-0CC7-4A21-BA73-598018C7B106","tpstructure":"Retired","plantingspaceglobalid":"2E2BA565-0CC7-4A21-BA73-598018C7B106","createddate":"2017-11-15 11:11:00.0000000","dbh":"16","planteddate":null,"updateddate":"2020-01-30 00:52:00.0000000","geometry":"POINT(-73.8369961374982 40.72281156262868)","genusspecies":"Gleditsia triacanthos var. inermis - Thornless honeylocust"}},{"type":"Feature","geometry":{"type":"Point","coordinates":[-73.97486466601701,40.71581182922748]},"properties":{"tpcondition":"Dead","stumpdiameter":"0","riskratingdate":null,"riskrating":null,"objectid":"5107017","globalid":"6820A66E-0769-4620-BC9E-572C1068D112","tpstructure":"Retired","plantingspaceglobalid":"6820A66E-0769-4620-BC9E-572C1068D112","createddate":"2017-11-15 11:11:11.0000000","dbh":"10","planteddate":null,"updateddate":"2024-10-22 19:48:18.0000000","geometry":"POINT(-73.97486466601701 40.71581182922748)","genusspecies":"Platanus x acerifolia - London planetree"}},{"type":"Feature","geometry":{"type":"Point","coordinates":[-73.94087546363217,40.84628808633284]},"properties":{"tpcondition":"Good","stumpdiameter":null,"riskratingdate":"2024-11-19 20:40:40.0000000","riskrating":"6","objectid":"5107018","globalid":"E26D1421-6C22-4D5E-8AAF-4D763A706A13","tpstructure":"Full","plantingspaceglobalid":"E26D1421-6C22-4D5E-8AAF-4D763A706A13","createddate":"2017-11-15 11:11:11.0000000","dbh":"15","planteddate":null,"updateddate":"2024-11-19 20:40:40.0000000","geometry":"POINT(-73.94087546363217 40.84628808633284)","genusspecies":"Ulmus americana - American elm"}},{"type":"Feature","geometry":{"type":"Point","coordinates":[-73.9403671848601,40.83208180111592]},"properties":{"tpcondition":"Good","stumpdiameter":"0","riskratingdate":null,"riskrating":null,"objectid":"5107019","globalid":"99EBF6D4-DEA1-4366-A98F-3FF6CC13B75E","tpstructure":"Full","plantingspaceglobalid":"99EBF6D4-DEA1-4366-A98F-3FF6CC13B75E","createddate":"2017-11-15 11:11:11.0000000","dbh":"3","planteddate":null,"updateddate":null,"geometry":"POINT(-73.9403671848601 40.83208180111592)","genusspecies":"Tsuga canadensis - eastern hemlock"}},{"type":"Feature","geometry":{"type":"Point","coordinates":[-73.97828140423458,40.73982971313602]},"properties":{"tpcondition":"Good","stumpdiameter":"0","riskratingdate":null,"riskrating":null,"objectid":"5107020","globalid":"67CA12D8-250F-4E73-952E-F902A9A8B1EC","tpstructure":"Retired","plantingspaceglobalid":"67CA12D8-250F-4E73-952E-F902A9A8B1EC","createddate":"2017-11-15 11:11:00.0000000","dbh":"22","planteddate":null,"updateddate":"2019-10-16 12:59:00.0000000","geometry":"POINT(-73.97828140423458 40.73982971313602)","genusspecies":"Acer rubrum - red maple"}},{"type":"Feature","geometry":{"type":"Point","coordinates":[-74.13509473921214,40.640946829990966]},"properties":{"tpcondition":"Good","stumpdiameter":"0","riskratingdate":null,"riskrating":null,"objectid":"5107021","globalid":"57D167F7-F979-4B25-848A-E58370E02955","tpstructure":"Full","plantingspaceglobalid":"57D167F7-F979-4B25-848A-E58370E02955","createddate":"2017-11-15 11:11:11.0000000","dbh":"11","planteddate":null,"updateddate":null,"geometry":"POINT(-74.13509473921214 40.640946829990966)","genusspecies":"Juniperus virginiana - eastern redcedar"}},{"type":"Feature","geometry":{"type":"Point","coordinates":[-73.91903738643518,40.86898086014614]},"properties":{"tpcondition":"Good","stumpdiameter":"0","riskratingdate":null,"riskrating":null,"objectid":"5107022","globalid":"9CA7B791-EF31-48D2-9800-E25257EC7EA8","tpstructure":"Full","plantingspaceglobalid":"9CA7B791-EF31-48D2-9800-E25257EC7EA8","createddate":"2017-11-15 11:11:11.0000000","dbh":"4","planteddate":null,"updateddate":null,"geometry":"POINT(-73.91903738643518 40.86898086014614)","genusspecies":"Magnolia - magnolia"}},{"type":"Feature","geometry":{"type":"Point","coordinates":[-73.98323506873655,40.726039178458514]},"properties":{"tpcondition":"Dead","stumpdiameter":null,"riskratingdate":"2021-07-20 17:41:00.0000000","riskrating":"6","objectid":"5107023","globalid":"3E33A3F0-A833-42E4-B680-9F6744800732","tpstructure":"Retired","plantingspaceglobalid":"3E33A3F0-A833-42E4-B680-9F6744800732","createddate":"2017-11-15 11:11:00.0000000","dbh":"3","planteddate":null,"updateddate":"2022-01-31 19:23:00.0000000","geometry":"POINT(-73.98323506873655 40.726039178458514)","genusspecies":"Quercus rubra - northern red oak"}},{"type":"Feature","geometry":{"type":"Point","coordinates":[-74.08983300965669,40.602284433645195]},"properties":{"tpcondition":"Dead","stumpdiameter":"23","riskratingdate":"2020-02-12 18:15:25.0000000","riskrating":"9","objectid":"5107024","globalid":"D517737F-86A4-4269-BE0C-8E65C4FF2B59","tpstructure":"Retired","plantingspaceglobalid":"D517737F-86A4-4269-BE0C-8E65C4FF2B59","createddate":"2017-11-15 11:11:11.0000000","dbh":null,"planteddate":null,"updateddate":"2023-06-30 17:45:42.0000000","geometry":"POINT(-74.08983300965669 40.602284433645195)","genusspecies":"Platanus x acerifolia - London planetree"}},{"type":"Feature","geometry":{"type":"Point","coordinates":[-73.98067772773214,40.72632002379589]},"properties":{"tpcondition":"Poor","stumpdiameter":null,"riskratingdate":"2022-06-28 17:12:00.0000000","riskrating":"7","objectid":"5107025","globalid":"16657AD4-8466-4B9C-A059-48143DB2285D","tpstructure":"Retired","plantingspaceglobalid":"16657AD4-8466-4B9C-A059-48143DB2285D","createddate":"2017-11-15 11:11:00.0000000","dbh":"36","planteddate":null,"updateddate":"2023-03-08 20:40:28.0000000","geometry":"POINT(-73.98067772773214 40.72632002379589)","genusspecies":"Ulmus americana - American elm"}},{"type":"Feature","geometry":{"type":"Point","coordinates":[-74.01116059089537,40.71651995999161]},"properties":{"tpcondition":"Good","stumpdiameter":null,"riskratingdate":"2025-08-28 14:19:08.0000000","riskrating":"3","objectid":"5107027","globalid":"329DA507-DAC2-46CC-9E81-14164EAEF7CE","tpstructure":"Full","plantingspaceglobalid":"329DA507-DAC2-46CC-9E81-14164EAEF7CE","createddate":"2017-11-15 11:11:11.0000000","dbh":"6","planteddate":null,"updateddate":"2025-08-28 14:19:08.0000000","geometry":"POINT(-74.01116059089537 40.71651995999161)","genusspecies":"Ilex - holly"}},{"type":"Feature","geometry":{"type":"Point","coordinates":[-74.00210543575514,40.741454570283814]},"properties":{"tpcondition":"Excellent","stumpdiameter":null,"riskratingdate":"2023-09-26 11:20:58.0000000","riskrating":"3","objectid":"5107030","globalid":"111C5E6B-4C18-4072-BBC2-F8E4EC42422E","tpstructure":"Full","plantingspaceglobalid":"111C5E6B-4C18-4072-BBC2-F8E4EC42422E","createddate":"2017-11-15 11:11:11.0000000","dbh":"3","planteddate":null,"updateddate":"2023-09-26 11:20:58.0000000","geometry":"POINT(-74.00210543575514 40.741454570283814)","genusspecies":"Cornus kousa - kousa dogwood"}},{"type":"Feature","geometry":{"type":"Point","coordinates":[-73.98242505442938,40.7269278333551]},"properties":{"tpcondition":"Good","stumpdiameter":"0","riskratingdate":null,"riskrating":null,"objectid":"5107031","globalid":"A63A7565-4A7E-4817-A7BB-F554AF65282C","tpstructure":"Full","plantingspaceglobalid":"A63A7565-4A7E-4817-A7BB-F554AF65282C","createddate":"2017-11-15 11:11:11.0000000","dbh":"5","planteddate":null,"updateddate":null,"geometry":"POINT(-73.98242505442938 40.7269278333551)","genusspecies":"Prunus - Cherry"}},{"type":"Feature","geometry":{"type":"Point","coordinates":[-73.97727996578763,40.71275220828444]},"properties":{"tpcondition":"Good","stumpdiameter":"0","riskratingdate":null,"riskrating":null,"objectid":"5107032","globalid":"38D62AA8-67F8-4EE8-BF08-F076513D83C2","tpstructure":"Retired","plantingspaceglobalid":"38D62AA8-67F8-4EE8-BF08-F076513D83C2","createddate":"2017-11-15 11:11:11.0000000","dbh":"17","planteddate":null,"updateddate":"2021-12-17 14:38:00.0000000","geometry":"POINT(-73.97727996578763 40.71275220828444)","genusspecies":"Quercus palustris - pin oak"}},{"type":"Feature","geometry":{"type":"Point","coordinates":[-73.93573769379812,40.79230210015303]},"properties":{"tpcondition":"Good","stumpdiameter":null,"riskratingdate":"2025-07-21 17:17:15.0000000","riskrating":"8","objectid":"5107033","globalid":"406491C4-40C2-472B-83FB-D5803657AE16","tpstructure":"Full","plantingspaceglobalid":"406491C4-40C2-472B-83FB-D5803657AE16","createddate":"2017-11-15 11:11:11.0000000","dbh":"26","planteddate":null,"updateddate":"2025-07-21 17:17:15.0000000","geometry":"POINT(-73.93573769379812 40.79230210015303)","genusspecies":"Platanus x acerifolia - London planetree"}},{"type":"Feature","geometry":{"type":"Point","coordinates":[-73.88070456153979,40.66638978773553]},"properties":{"tpcondition":"Unknown","stumpdiameter":"41","riskratingdate":"2018-02-09 09:23:00.0000000","riskrating":"5","objectid":"5107034","globalid":"A008A3C4-8D3F-4CB9-B9CB-BDB04FF91F24","tpstructure":"Retired","plantingspaceglobalid":"A008A3C4-8D3F-4CB9-B9CB-BDB04FF91F24","createddate":"2017-11-15 11:11:00.0000000","dbh":"30","planteddate":null,"updateddate":"2020-03-26 18:15:00.0000000","geometry":"POINT(-73.88070456153979 40.66638978773553)","genusspecies":"Unknown - Unknown"}},{"type":"Feature","geometry":{"type":"Point","coordinates":[-74.16129724894351,40.61737174847017]},"properties":{"tpcondition":"Fair","stumpdiameter":"0","riskratingdate":null,"riskrating":null,"objectid":"5107037","globalid":"37BB7EB9-2830-495F-B4C7-751E660C2C07","tpstructure":"Full","plantingspaceglobalid":"37BB7EB9-2830-495F-B4C7-751E660C2C07","createddate":"2017-11-15 11:11:11.0000000","dbh":"15","planteddate":null,"updateddate":null,"geometry":"POINT(-74.16129724894351 40.61737174847017)","genusspecies":"Pinus - pine"}},{"type":"Feature","geometry":{"type":"Point","coordinates":[-73.92041959445633,40.8749154642226]},"properties":{"tpcondition":"Good","stumpdiameter":"0","riskratingdate":null,"riskrating":null,"objectid":"5107038","globalid":"44302FD4-B31C-4BCA-AA41-512405BF2696","tpstructure":"Full","plantingspaceglobalid":"44302FD4-B31C-4BCA-AA41-512405BF2696","createddate":"2017-11-15 11:11:11.0000000","dbh":"18","planteddate":null,"updateddate":null,"geometry":"POINT(-73.92041959445633 40.8749154642226)","genusspecies":"Liquidambar styraciflua - sweetgum"}},{"type":"Feature","geometry":{"type":"Point","coordinates":[-73.89472028049386,40.84482651653039]},"properties":{"tpcondition":"Good","stumpdiameter":"0","riskratingdate":null,"riskrating":null,"objectid":"5107039","globalid":"00B604AB-D49A-45A6-9DAE-16AA3FC5AA38","tpstructure":"Full","plantingspaceglobalid":"00B604AB-D49A-45A6-9DAE-16AA3FC5AA38","createddate":"2017-11-15 11:11:11.0000000","dbh":"6","planteddate":null,"updateddate":"2018-01-30 14:24:12.0000000","geometry":"POINT(-73.89472028049386 40.84482651653039)","genusspecies":"Betula nigra - river birch"}},{"type":"Feature","geometry":{"type":"Point","coordinates":[-73.92233998018119,40.741247051122066]},"properties":{"tpcondition":"Good","stumpdiameter":"0","riskratingdate":null,"riskrating":null,"objectid":"5107040","globalid":"5B5B54DB-CEE0-4121-A1EC-BFD64746EBC5","tpstructure":"Full","plantingspaceglobalid":"5B5B54DB-CEE0-4121-A1EC-BFD64746EBC5","createddate":"2017-11-15 11:11:11.0000000","dbh":"14","planteddate":null,"updateddate":null,"geometry":"POINT(-73.92233998018119 40.741247051122066)","genusspecies":"Platanus x acerifolia - London planetree"}},{"type":"Feature","geometry":{"type":"Point","coordinates":[-73.97755804741095,40.740466018304424]},"properties":{"tpcondition":"Good","stumpdiameter":"0","riskratingdate":"2019-11-19 20:12:40.0000000","riskrating":"5","objectid":"5107041","globalid":"7DFD338D-8F06-450B-A4EC-BA865AAA5958","tpstructure":"Full","plantingspaceglobalid":"7DFD338D-8F06-450B-A4EC-BA865AAA5958","createddate":"2017-11-15 11:11:00.0000000","dbh":"18","planteddate":null,"updateddate":"2019-11-19 20:12:40.0000000","geometry":"POINT(-73.97755804741095 40.740466018304424)","genusspecies":"Gleditsia triacanthos var. inermis - Thornless honeylocust"}},{"type":"Feature","geometry":{"type":"Point","coordinates":[-73.93441162246721,40.793185612247626]},"properties":{"tpcondition":"Fair","stumpdiameter":null,"riskratingdate":"2025-07-01 12:00:18.0000000","riskrating":"5","objectid":"5107042","globalid":"23FE0831-BA9E-4EC5-8617-B5FD1966BD71","tpstructure":"Full","plantingspaceglobalid":"23FE0831-BA9E-4EC5-8617-B5FD1966BD71","createddate":"2017-11-15 11:11:11.0000000","dbh":"26","planteddate":null,"updateddate":"2025-07-01 12:00:18.0000000","geometry":"POINT(-73.93441162246721 40.793185612247626)","genusspecies":"Quercus - Oak"}},{"type":"Feature","geometry":{"type":"Point","coordinates":[-73.8431077778698,40.8690378736902]},"properties":{"tpcondition":"Good","stumpdiameter":"0","riskratingdate":null,"riskrating":null,"objectid":"5107043","globalid":"B7747A52-0BB1-4820-B87A-AC52990BC60D","tpstructure":"Full","plantingspaceglobalid":"B7747A52-0BB1-4820-B87A-AC52990BC60D","createddate":"2017-11-15 11:11:11.0000000","dbh":"16","planteddate":null,"updateddate":null,"geometry":"POINT(-73.8431077778698 40.8690378736902)","genusspecies":"Platanus x acerifolia - London planetree"}},{"type":"Feature","geometry":{"type":"Point","coordinates":[-73.87792894671827,40.876538120379976]},"properties":{"tpcondition":"Good","stumpdiameter":"0","riskratingdate":null,"riskrating":null,"objectid":"5107044","globalid":"B48A4C59-AC74-45B1-8FC6-A11BA4325F23","tpstructure":"Full","plantingspaceglobalid":"B48A4C59-AC74-45B1-8FC6-A11BA4325F23","createddate":"2017-11-15 11:11:11.0000000","dbh":"5","planteddate":null,"updateddate":"2017-11-27 14:13:16.0000000","geometry":"POINT(-73.87792894671827 40.876538120379976)","genusspecies":"Quercus palustris - pin oak"}},{"type":"Feature","geometry":{"type":"Point","coordinates":[-73.9292542088183,40.87459902907154]},"properties":{"tpcondition":"Good","stumpdiameter":"0","riskratingdate":null,"riskrating":null,"objectid":"5107045","globalid":"A69361E5-9958-4B5B-87BD-94A0B4AE9244","tpstructure":"Full","plantingspaceglobalid":"A69361E5-9958-4B5B-87BD-94A0B4AE9244","createddate":"2017-11-15 11:11:11.0000000","dbh":"9","planteddate":null,"updateddate":null,"geometry":"POINT(-73.9292542088183 40.87459902907154)","genusspecies":"Platanus x acerifolia - London planetree"}},{"type":"Feature","geometry":{"type":"Point","coordinates":[-73.91942527712267,40.86884314433893]},"properties":{"tpcondition":"Good","stumpdiameter":null,"riskratingdate":"2021-10-05 15:30:17.0000000","riskrating":"7","objectid":"5107047","globalid":"0D1B8A81-9977-4E76-91B7-32D04F1EEA08","tpstructure":"Full","plantingspaceglobalid":"0D1B8A81-9977-4E76-91B7-32D04F1EEA08","createddate":"2017-11-15 11:11:11.0000000","dbh":"16","planteddate":null,"updateddate":"2021-10-05 15:30:17.0000000","geometry":"POINT(-73.91942527712267 40.86884314433893)","genusspecies":"Morus - mulberry"}},{"type":"Feature","geometry":{"type":"Point","coordinates":[-73.89118335526251,40.879655966577026]},"properties":{"tpcondition":"Good","stumpdiameter":"0","riskratingdate":null,"riskrating":null,"objectid":"5107048","globalid":"3C87CC8C-A5F2-45A9-959C-311515E07F89","tpstructure":"Full","plantingspaceglobalid":"3C87CC8C-A5F2-45A9-959C-311515E07F89","createddate":"2017-11-15 11:11:11.0000000","dbh":"10","planteddate":null,"updateddate":null,"geometry":"POINT(-73.89118335526251 40.879655966577026)","genusspecies":"Robinia pseudoacacia - black locust"}},{"type":"Feature","geometry":{"type":"Point","coordinates":[-73.93009134732849,40.87362716874854]},"properties":{"tpcondition":"Good","stumpdiameter":"0","riskratingdate":null,"riskrating":null,"objectid":"5107049","globalid":"D29F8F4A-A565-46D5-AC0D-28A261BB1A3B","tpstructure":"Full","plantingspaceglobalid":"D29F8F4A-A565-46D5-AC0D-28A261BB1A3B","createddate":"2017-11-15 11:11:11.0000000","dbh":"7","planteddate":null,"updateddate":null,"geometry":"POINT(-73.93009134732849 40.87362716874854)","genusspecies":"Platanus x acerifolia - London planetree"}},{"type":"Feature","geometry":{"type":"Point","coordinates":[-73.93415713292258,40.79356203446562]},"properties":{"tpcondition":"Fair","stumpdiameter":null,"riskratingdate":"2025-07-07 17:08:34.0000000","riskrating":"6","objectid":"5107050","globalid":"FA0781EE-6F13-49E4-B9DA-E278F390C6E4","tpstructure":"Full","plantingspaceglobalid":"FA0781EE-6F13-49E4-B9DA-E278F390C6E4","createddate":"2017-11-15 11:11:11.0000000","dbh":"13","planteddate":null,"updateddate":"2025-07-07 17:08:34.0000000","geometry":"POINT(-73.93415713292258 40.79356203446562)","genusspecies":"Platanus x acerifolia - London planetree"}},{"type":"Feature","geometry":{"type":"Point","coordinates":[-73.92221163352221,40.869874300091425]},"properties":{"tpcondition":"Good","stumpdiameter":"0","riskratingdate":null,"riskrating":null,"objectid":"5107051","globalid":"B93B3D28-13FF-4DA7-ADB3-C9401A29F024","tpstructure":"Full","plantingspaceglobalid":"B93B3D28-13FF-4DA7-ADB3-C9401A29F024","createddate":"2017-11-15 11:11:11.0000000","dbh":"26","planteddate":null,"updateddate":null,"geometry":"POINT(-73.92221163352221 40.869874300091425)","genusspecies":"Quercus palustris - pin oak"}},{"type":"Feature","geometry":{"type":"Point","coordinates":[-74.01618243438597,40.703018390777984]},"properties":{"tpcondition":"Fair","stumpdiameter":"0","riskratingdate":"2019-08-28 13:47:52.0000000","riskrating":"9","objectid":"5107052","globalid":"F3130092-3F69-4454-990F-BB9DFCA807B7","tpstructure":"Full","plantingspaceglobalid":"F3130092-3F69-4454-990F-BB9DFCA807B7","createddate":"2017-11-15 11:11:11.0000000","dbh":"18","planteddate":null,"updateddate":"2019-08-28 18:04:26.0000000","geometry":"POINT(-74.01618243438597 40.703018390777984)","genusspecies":"Ulmus americana - American elm"}},{"type":"Feature","geometry":{"type":"Point","coordinates":[-73.87590981722025,40.8781540844543]},"properties":{"tpcondition":"Good","stumpdiameter":"0","riskratingdate":null,"riskrating":null,"objectid":"5107053","globalid":"492CB205-D6BC-4A02-9BC9-B6E626D27685","tpstructure":"Full","plantingspaceglobalid":"492CB205-D6BC-4A02-9BC9-B6E626D27685","createddate":"2017-11-15 11:11:11.0000000","dbh":"20","planteddate":null,"updateddate":null,"geometry":"POINT(-73.87590981722025 40.8781540844543)","genusspecies":"Quercus palustris - pin oak"}},{"type":"Feature","geometry":{"type":"Point","coordinates":[-73.97287786411334,40.72245618046143]},"properties":{"tpcondition":"Good","stumpdiameter":"0","riskratingdate":null,"riskrating":null,"objectid":"5107054","globalid":"E91A6DFE-6300-492B-83A0-710BD2F2DD23","tpstructure":"Full","plantingspaceglobalid":"E91A6DFE-6300-492B-83A0-710BD2F2DD23","createddate":"2017-11-15 11:11:11.0000000","dbh":"29","planteddate":null,"updateddate":null,"geometry":"POINT(-73.97287786411334 40.72245618046143)","genusspecies":"Quercus palustris - pin oak"}},{"type":"Feature","geometry":{"type":"Point","coordinates":[-73.76570236557706,40.59677434752398]},"properties":{"tpcondition":"Dead","stumpdiameter":null,"riskratingdate":"2020-11-23 17:48:59.0000000","riskrating":"9","objectid":"5107055","globalid":"16EEB59C-8742-46FF-811D-666508AD2D59","tpstructure":"Retired","plantingspaceglobalid":"16EEB59C-8742-46FF-811D-666508AD2D59","createddate":"2017-11-15 11:11:00.0000000","dbh":"16","planteddate":null,"updateddate":"2024-04-05 17:20:27.0000000","geometry":"POINT(-73.76570236557706 40.59677434752398)","genusspecies":"Platanus x acerifolia - London planetree"}},{"type":"Feature","geometry":{"type":"Point","coordinates":[-73.97703572198796,40.71142950871291]},"properties":{"tpcondition":"Dead","stumpdiameter":"0","riskratingdate":null,"riskrating":null,"objectid":"5107057","globalid":"60450443-0F7E-40B4-AE9C-27CDB64583C3","tpstructure":"Retired","plantingspaceglobalid":"60450443-0F7E-40B4-AE9C-27CDB64583C3","createddate":"2017-11-15 11:11:11.0000000","dbh":"4","planteddate":null,"updateddate":"2024-10-22 19:48:18.0000000","geometry":"POINT(-73.97703572198796 40.71142950871291)","genusspecies":"Crataegus - Hawthorn"}},{"type":"Feature","geometry":{"type":"Point","coordinates":[-73.83978122439504,40.87352918966743]},"properties":{"tpcondition":"Good","stumpdiameter":"0","riskratingdate":null,"riskrating":null,"objectid":"5107058","globalid":"1C7B8684-6904-44A7-8D66-096BDA47CD4E","tpstructure":"Full","plantingspaceglobalid":"1C7B8684-6904-44A7-8D66-096BDA47CD4E","createddate":"2017-11-15 11:11:11.0000000","dbh":"5","planteddate":null,"updateddate":null,"geometry":"POINT(-73.83978122439504 40.87352918966743)","genusspecies":"Ailanthus altissima - tree of heaven"}},{"type":"Feature","geometry":{"type":"Point","coordinates":[-73.81892962575971,40.61104584616879]},"properties":{"tpcondition":"Good","stumpdiameter":"0","riskratingdate":null,"riskrating":null,"objectid":"5107059","globalid":"FFC97965-6311-4D65-A431-730727F796EB","tpstructure":"Retired","plantingspaceglobalid":"FFC97965-6311-4D65-A431-730727F796EB","createddate":"2017-11-15 11:11:11.0000000","dbh":"2","planteddate":null,"updateddate":"2024-10-30 15:57:49.0000000","geometry":"POINT(-73.81892962575971 40.61104584616879)","genusspecies":"Acer rubrum - red maple"}},{"type":"Feature","geometry":{"type":"Point","coordinates":[-73.94386380246931,40.72350786070258]},"properties":{"tpcondition":"Fair","stumpdiameter":null,"riskratingdate":"2023-01-28 17:13:59.0000000","riskrating":"3","objectid":"5107062","globalid":"29CBB652-8C13-409A-9C97-31C796405086","tpstructure":"Full","plantingspaceglobalid":"29CBB652-8C13-409A-9C97-31C796405086","createddate":"2017-11-15 11:11:11.0000000","dbh":"4","planteddate":null,"updateddate":"2023-01-28 17:13:59.0000000","geometry":"POINT(-73.94386380246931 40.72350786070258)","genusspecies":"Crataegus crus-galli var. inermis - Cockspur hawthorn"}},{"type":"Feature","geometry":{"type":"Point","coordinates":[-74.01621630363385,40.703988812592165]},"properties":{"tpcondition":"Excellent","stumpdiameter":"0","riskratingdate":null,"riskrating":null,"objectid":"5107063","globalid":"72F82D3A-937A-47E7-8F90-2E474DB9B4BB","tpstructure":"Full","plantingspaceglobalid":"72F82D3A-937A-47E7-8F90-2E474DB9B4BB","createddate":"2017-11-15 11:11:11.0000000","dbh":"21","planteddate":null,"updateddate":null,"geometry":"POINT(-74.01621630363385 40.703988812592165)","genusspecies":"Celtis occidentalis - common hackberry"}},{"type":"Feature","geometry":{"type":"Point","coordinates":[-73.85766325319727,40.735388968501034]},"properties":{"tpcondition":"Good","stumpdiameter":"0","riskratingdate":null,"riskrating":null,"objectid":"5107064","globalid":"EF4B6F87-6814-48EF-A791-24ECBAC655ED","tpstructure":"Full","plantingspaceglobalid":"EF4B6F87-6814-48EF-A791-24ECBAC655ED","createddate":"2017-11-15 11:11:11.0000000","dbh":"2","planteddate":null,"updateddate":null,"geometry":"POINT(-73.85766325319727 40.735388968501034)","genusspecies":"Acer rubrum - red maple"}},{"type":"Feature","geometry":{"type":"Point","coordinates":[-74.05955148429304,40.60694489323502]},"properties":{"tpcondition":"Fair","stumpdiameter":null,"riskratingdate":"2022-01-03 17:17:49.0000000","riskrating":"5","objectid":"5107065","globalid":"C187EE3F-2923-4CC5-BE7F-0AED56F71B47","tpstructure":"Full","plantingspaceglobalid":"C187EE3F-2923-4CC5-BE7F-0AED56F71B47","createddate":"2017-11-15 11:11:11.0000000","dbh":"3","planteddate":null,"updateddate":"2022-01-03 17:17:49.0000000","geometry":"POINT(-74.05955148429304 40.60694489323502)","genusspecies":"Fagus sylvatica - European beech"}},{"type":"Feature","geometry":{"type":"Point","coordinates":[-73.79122887200087,40.854756399104545]},"properties":{"tpcondition":"Good","stumpdiameter":"0","riskratingdate":null,"riskrating":null,"objectid":"5107066","globalid":"7534651D-1FE6-4C76-B5A2-03209C12CAD6","tpstructure":"Full","plantingspaceglobalid":"7534651D-1FE6-4C76-B5A2-03209C12CAD6","createddate":"2017-11-15 11:11:11.0000000","dbh":"12","planteddate":null,"updateddate":null,"geometry":"POINT(-73.79122887200087 40.854756399104545)","genusspecies":"Zelkova serrata - Japanese zelkova"}},{"type":"Feature","geometry":{"type":"Point","coordinates":[-73.9474417871629,40.75763303712375]},"properties":{"tpcondition":"Good","stumpdiameter":null,"riskratingdate":"2020-09-01 12:00:25.0000000","riskrating":"6","objectid":"5107067","globalid":"F0C1F1BE-D0EB-4476-92B7-E597388F1414","tpstructure":"Full","plantingspaceglobalid":"F0C1F1BE-D0EB-4476-92B7-E597388F1414","createddate":"2017-11-15 11:11:11.0000000","dbh":"20","planteddate":null,"updateddate":"2020-09-01 12:00:25.0000000","geometry":"POINT(-73.9474417871629 40.75763303712375)","genusspecies":"Gleditsia triacanthos var. inermis - Thornless honeylocust"}},{"type":"Feature","geometry":{"type":"Point","coordinates":[-73.91949803908292,40.881213857866854]},"properties":{"tpcondition":"Good","stumpdiameter":"0","riskratingdate":null,"riskrating":null,"objectid":"5107068","globalid":"ABADDE9A-6D1C-4C44-8609-DE88BFE95A37","tpstructure":"Full","plantingspaceglobalid":"ABADDE9A-6D1C-4C44-8609-DE88BFE95A37","createddate":"2017-11-15 11:11:11.0000000","dbh":"3","planteddate":null,"updateddate":null,"geometry":"POINT(-73.91949803908292 40.881213857866854)","genusspecies":"Malus - apple"}},{"type":"Feature","geometry":{"type":"Point","coordinates":[-74.09053127648549,40.60203627175516]},"properties":{"tpcondition":"Fair","stumpdiameter":null,"riskratingdate":"2023-07-03 17:42:57.0000000","riskrating":"6","objectid":"5107069","globalid":"F4190DB8-6A3A-47CD-BC37-D6DEB7AF284B","tpstructure":"Full","plantingspaceglobalid":"F4190DB8-6A3A-47CD-BC37-D6DEB7AF284B","createddate":"2017-11-15 11:11:00.0000000","dbh":"7","planteddate":null,"updateddate":"2023-07-03 17:42:57.0000000","geometry":"POINT(-74.09053127648549 40.60203627175516)","genusspecies":"Quercus robur var. fastigiata - Upright english oak"}},{"type":"Feature","geometry":{"type":"Point","coordinates":[-73.9502645060617,40.83350701950971]},"properties":{"tpcondition":"Good","stumpdiameter":"0","riskratingdate":null,"riskrating":null,"objectid":"5107071","globalid":"A64FD466-6E86-4798-B97E-C06D518FF583","tpstructure":"Full","plantingspaceglobalid":"A64FD466-6E86-4798-B97E-C06D518FF583","createddate":"2017-11-15 11:11:11.0000000","dbh":"10","planteddate":null,"updateddate":null,"geometry":"POINT(-73.9502645060617 40.83350701950971)","genusspecies":"Gleditsia triacanthos var. inermis - Thornless honeylocust"}},{"type":"Feature","geometry":{"type":"Point","coordinates":[-73.98439149313845,40.62387315231609]},"properties":{"tpcondition":"Good","stumpdiameter":"0","riskratingdate":null,"riskrating":null,"objectid":"5107072","globalid":"E64E234F-A28F-4D57-9964-A540294F9BF7","tpstructure":"Full","plantingspaceglobalid":"E64E234F-A28F-4D57-9964-A540294F9BF7","createddate":"2017-11-15 11:11:11.0000000","dbh":"3","planteddate":null,"updateddate":null,"geometry":"POINT(-73.98439149313845 40.62387315231609)","genusspecies":"Cornus florida - flowering dogwood"}},{"type":"Feature","geometry":{"type":"Point","coordinates":[-73.90979596606105,40.74737203070253]},"properties":{"tpcondition":"Fair","stumpdiameter":null,"riskratingdate":"2022-03-22 14:30:33.0000000","riskrating":"6","objectid":"5107073","globalid":"990B8D4F-181C-4615-8E83-79297C7650F9","tpstructure":"Full","plantingspaceglobalid":"990B8D4F-181C-4615-8E83-79297C7650F9","createddate":"2017-11-15 11:11:11.0000000","dbh":"4","planteddate":null,"updateddate":"2022-03-22 14:30:33.0000000","geometry":"POINT(-73.90979596606105 40.74737203070253)","genusspecies":"Parrotia persica - Persian ironwood"}},{"type":"Feature","geometry":{"type":"Point","coordinates":[-73.98303779431097,40.62345383671648]},"properties":{"tpcondition":"Fair","stumpdiameter":"0","riskratingdate":null,"riskrating":null,"objectid":"5107074","globalid":"D7CB41FA-B22B-4974-8063-523C88B4AAD4","tpstructure":"Full","plantingspaceglobalid":"D7CB41FA-B22B-4974-8063-523C88B4AAD4","createddate":"2017-11-15 11:11:11.0000000","dbh":"9","planteddate":null,"updateddate":null,"geometry":"POINT(-73.98303779431097 40.62345383671648)","genusspecies":"Cornus kousa - kousa dogwood"}},{"type":"Feature","geometry":{"type":"Point","coordinates":[-73.82267214936269,40.7838592355543]},"properties":{"tpcondition":"Fair","stumpdiameter":null,"riskratingdate":"2025-10-22 12:38:13.0000000","riskrating":"8","objectid":"5107075","globalid":"11B8378E-756F-496B-AB8D-4581094FB4C0","tpstructure":"Full","plantingspaceglobalid":"11B8378E-756F-496B-AB8D-4581094FB4C0","createddate":"2017-11-15 11:11:11.0000000","dbh":"30","planteddate":null,"updateddate":"2025-10-22 12:38:13.0000000","geometry":"POINT(-73.82267214936269 40.7838592355543)","genusspecies":"Platanus x acerifolia - London planetree"}},{"type":"Feature","geometry":{"type":"Point","coordinates":[-73.8198685637259,40.60088303251762]},"properties":{"tpcondition":"Good","stumpdiameter":null,"riskratingdate":"2024-10-30 17:46:37.0000000","riskrating":"6","objectid":"5107076","globalid":"3CCC0A5B-CF26-4258-BC6D-0F013D2821F4","tpstructure":"Full","plantingspaceglobalid":"3CCC0A5B-CF26-4258-BC6D-0F013D2821F4","createddate":"2017-11-15 11:11:11.0000000","dbh":"12","planteddate":null,"updateddate":"2024-10-30 17:46:37.0000000","geometry":"POINT(-73.8198685637259 40.60088303251762)","genusspecies":"Pinus resinosa - red pine"}},{"type":"Feature","geometry":{"type":"Point","coordinates":[-73.9401473555117,40.84692692150651]},"properties":{"tpcondition":"Fair","stumpdiameter":null,"riskratingdate":"2024-11-21 18:59:09.0000000","riskrating":"6","objectid":"5107077","globalid":"8883FF7A-1428-4F6B-B3FC-014BDD5A1E0E","tpstructure":"Full","plantingspaceglobalid":"8883FF7A-1428-4F6B-B3FC-014BDD5A1E0E","createddate":"2017-11-15 11:11:11.0000000","dbh":"12","planteddate":null,"updateddate":"2024-11-21 18:59:09.0000000","geometry":"POINT(-73.9401473555117 40.84692692150651)","genusspecies":"Gleditsia triacanthos var. inermis - Thornless honeylocust"}},{"type":"Feature","geometry":{"type":"Point","coordinates":[-73.92262118810643,40.80659185509483]},"properties":{"tpcondition":"Good","stumpdiameter":"0","riskratingdate":null,"riskrating":null,"objectid":"5107078","globalid":"A86E40AB-DF14-481B-84A3-F9A0A68FBF48","tpstructure":"Full","plantingspaceglobalid":"A86E40AB-DF14-481B-84A3-F9A0A68FBF48","createddate":"2017-11-15 11:11:11.0000000","dbh":"13","planteddate":null,"updateddate":null,"geometry":"POINT(-73.92262118810643 40.80659185509483)","genusspecies":"Platanus x acerifolia - London planetree"}},{"type":"Feature","geometry":{"type":"Point","coordinates":[-73.97798392521456,40.73988100352293]},"properties":{"tpcondition":"Fair","stumpdiameter":"0","riskratingdate":"2019-10-21 13:18:14.0000000","riskrating":"6","objectid":"5107079","globalid":"3F1E6D4D-54FB-459D-A263-D02625AB2BA0","tpstructure":"Full","plantingspaceglobalid":"3F1E6D4D-54FB-459D-A263-D02625AB2BA0","createddate":"2017-11-15 11:11:00.0000000","dbh":"13","planteddate":null,"updateddate":"2019-10-21 13:18:14.0000000","geometry":"POINT(-73.97798392521456 40.73988100352293)","genusspecies":"Pyrus calleryana - Callery pear"}},{"type":"Feature","geometry":{"type":"Point","coordinates":[-74.059176059378,40.60741269288264]},"properties":{"tpcondition":"Fair","stumpdiameter":null,"riskratingdate":"2022-01-03 18:00:14.0000000","riskrating":"4","objectid":"5107080","globalid":"C803C3C8-9221-4B68-B421-CA7D0AFC9CC5","tpstructure":"Full","plantingspaceglobalid":"C803C3C8-9221-4B68-B421-CA7D0AFC9CC5","createddate":"2017-11-15 11:11:11.0000000","dbh":"3","planteddate":null,"updateddate":"2022-01-03 18:00:14.0000000","geometry":"POINT(-74.059176059378 40.60741269288264)","genusspecies":"Magnolia grandiflora - southern magnolia"}},{"type":"Feature","geometry":{"type":"Point","coordinates":[-73.94387241018298,40.78897003590983]},"properties":{"tpcondition":"Good","stumpdiameter":"0","riskratingdate":null,"riskrating":null,"objectid":"5107081","globalid":"D7D36BF5-5526-4BED-ADA8-C78346CC0E18","tpstructure":"Full","plantingspaceglobalid":"D7D36BF5-5526-4BED-ADA8-C78346CC0E18","createddate":"2017-11-15 11:11:11.0000000","dbh":"3","planteddate":null,"updateddate":null,"geometry":"POINT(-73.94387241018298 40.78897003590983)","genusspecies":"Magnolia - magnolia"}},{"type":"Feature","geometry":{"type":"Point","coordinates":[-73.94166755517746,40.84721024030951]},"properties":{"tpcondition":"Fair","stumpdiameter":null,"riskratingdate":"2024-11-20 20:55:51.0000000","riskrating":"6","objectid":"5107084","globalid":"13BBD956-DE44-4F1A-9D2B-7796E2160338","tpstructure":"Full","plantingspaceglobalid":"13BBD956-DE44-4F1A-9D2B-7796E2160338","createddate":"2017-11-15 11:11:11.0000000","dbh":"30","planteddate":null,"updateddate":"2024-11-20 20:55:51.0000000","geometry":"POINT(-73.94166755517746 40.84721024030951)","genusspecies":"Morus - mulberry"}},{"type":"Feature","geometry":{"type":"Point","coordinates":[-74.01633140052876,40.70294847886394]},"properties":{"tpcondition":"Good","stumpdiameter":"0","riskratingdate":null,"riskrating":null,"objectid":"5107086","globalid":"13DB2D63-889E-4528-84C2-1B2CA83361D6","tpstructure":"Full","plantingspaceglobalid":"13DB2D63-889E-4528-84C2-1B2CA83361D6","createddate":"2017-11-15 11:11:11.0000000","dbh":"17","planteddate":null,"updateddate":null,"geometry":"POINT(-74.01633140052876 40.70294847886394)","genusspecies":"Platanus x acerifolia - London planetree"}},{"type":"Feature","geometry":{"type":"Point","coordinates":[-73.94858474848657,40.755498787045504]},"properties":{"tpcondition":"Fair","stumpdiameter":null,"riskratingdate":"2024-10-03 16:40:53.0000000","riskrating":"8","objectid":"5107087","globalid":"674A511B-2C42-4314-96B8-1778CD1BC842","tpstructure":"Full","plantingspaceglobalid":"674A511B-2C42-4314-96B8-1778CD1BC842","createddate":"2017-11-15 11:11:11.0000000","dbh":"34","planteddate":null,"updateddate":"2024-10-03 16:40:53.0000000","geometry":"POINT(-73.94858474848657 40.755498787045504)","genusspecies":"Quercus palustris - pin oak"}},{"type":"Feature","geometry":{"type":"Point","coordinates":[-73.89413426607881,40.84607360506913]},"properties":{"tpcondition":"Good","stumpdiameter":"0","riskratingdate":null,"riskrating":null,"objectid":"5107088","globalid":"3ACCB041-A42A-46B2-9E71-0AEA5DF84FD1","tpstructure":"Full","plantingspaceglobalid":"3ACCB041-A42A-46B2-9E71-0AEA5DF84FD1","createddate":"2017-11-15 11:11:11.0000000","dbh":"11","planteddate":null,"updateddate":"2018-01-30 13:18:35.0000000","geometry":"POINT(-73.89413426607881 40.84607360506913)","genusspecies":"Zelkova serrata - Japanese zelkova"}},{"type":"Feature","geometry":{"type":"Point","coordinates":[-73.94959213139275,40.83070229651482]},"properties":{"tpcondition":"Good","stumpdiameter":null,"riskratingdate":"2022-05-10 17:57:34.0000000","riskrating":"4","objectid":"5107089","globalid":"11BC3421-E84C-4FE7-B1E6-F9FEF6672752","tpstructure":"Full","plantingspaceglobalid":"11BC3421-E84C-4FE7-B1E6-F9FEF6672752","createddate":"2017-11-15 11:11:11.0000000","dbh":"3","planteddate":null,"updateddate":"2022-05-10 17:57:34.0000000","geometry":"POINT(-73.94959213139275 40.83070229651482)","genusspecies":"Cornus florida - flowering dogwood"}},{"type":"Feature","geometry":{"type":"Point","coordinates":[-73.8402945376609,40.885293652877635]},"properties":{"tpcondition":"Good","stumpdiameter":"0","riskratingdate":null,"riskrating":null,"objectid":"5107090","globalid":"9D60938B-D98E-4954-8570-E5A547ADEB54","tpstructure":"Full","plantingspaceglobalid":"9D60938B-D98E-4954-8570-E5A547ADEB54","createddate":"2017-11-15 11:11:11.0000000","dbh":"22","planteddate":null,"updateddate":null,"geometry":"POINT(-73.8402945376609 40.885293652877635)","genusspecies":"Platanus x acerifolia - London planetree"}},{"type":"Feature","geometry":{"type":"Point","coordinates":[-73.92230846037708,40.85759043373146]},"properties":{"tpcondition":"Fair","stumpdiameter":"0","riskratingdate":null,"riskrating":null,"objectid":"5107091","globalid":"6906EE43-BD38-4B7A-9DD8-CB6BC87749C5","tpstructure":"Full","plantingspaceglobalid":"6906EE43-BD38-4B7A-9DD8-CB6BC87749C5","createddate":"2017-11-15 11:11:11.0000000","dbh":"4","planteddate":null,"updateddate":null,"geometry":"POINT(-73.92230846037708 40.85759043373146)","genusspecies":"Cornus florida - flowering dogwood"}},{"type":"Feature","geometry":{"type":"Point","coordinates":[-73.91756203481545,40.880744671972565]},"properties":{"tpcondition":"Good","stumpdiameter":null,"riskratingdate":"2024-08-08 17:46:24.0000000","riskrating":"5","objectid":"5107093","globalid":"86DFFC12-C180-46B1-BFF1-9A66C739941A","tpstructure":"Full","plantingspaceglobalid":"86DFFC12-C180-46B1-BFF1-9A66C739941A","createddate":"2017-11-15 11:11:11.0000000","dbh":"16","planteddate":null,"updateddate":"2024-08-08 17:46:24.0000000","geometry":"POINT(-73.91756203481545 40.880744671972565)","genusspecies":"Robinia pseudoacacia - black locust"}},{"type":"Feature","geometry":{"type":"Point","coordinates":[-73.98972197492601,40.69888207806249]},"properties":{"tpcondition":"Unknown","stumpdiameter":"12","riskratingdate":null,"riskrating":null,"objectid":"5107094","globalid":"EA0D35C1-AC31-4516-8E93-82EC4422DD1F","tpstructure":"Stump","plantingspaceglobalid":"EA0D35C1-AC31-4516-8E93-82EC4422DD1F","createddate":"2017-11-15 11:11:11.0000000","dbh":null,"planteddate":null,"updateddate":"2023-11-29 19:56:47.0000000","geometry":"POINT(-73.98972197492601 40.69888207806249)","genusspecies":"Unknown - Unknown"}},{"type":"Feature","geometry":{"type":"Point","coordinates":[-73.94130050822083,40.82607743291723]},"properties":{"tpcondition":"Fair","stumpdiameter":null,"riskratingdate":"2020-07-22 13:12:46.0000000","riskrating":"5","objectid":"5107096","globalid":"1AD03364-9DE2-4621-8D37-1DD724A59156","tpstructure":"Full","plantingspaceglobalid":"1AD03364-9DE2-4621-8D37-1DD724A59156","createddate":"2017-11-15 11:11:11.0000000","dbh":"17","planteddate":null,"updateddate":"2020-07-22 13:12:46.0000000","geometry":"POINT(-73.94130050822083 40.82607743291723)","genusspecies":"Platanus x acerifolia - London planetree"}},{"type":"Feature","geometry":{"type":"Point","coordinates":[-73.91911267631264,40.86886018634478]},"properties":{"tpcondition":"Dead","stumpdiameter":null,"riskratingdate":"2023-03-29 14:16:00.0000000","riskrating":"6","objectid":"5107097","globalid":"52AD9C61-AA62-4692-BAF2-097BD7A5C6D8","tpstructure":"Stump","plantingspaceglobalid":"52AD9C61-AA62-4692-BAF2-097BD7A5C6D8","createddate":"2017-11-15 11:11:00.0000000","dbh":"20","planteddate":null,"updateddate":"2023-05-04 13:39:00.0000000","geometry":"POINT(-73.91911267631264 40.86886018634478)","genusspecies":"Platanus x acerifolia - London planetree"}},{"type":"Feature","geometry":{"type":"Point","coordinates":[-73.88178257525024,40.83366923702451]},"properties":{"tpcondition":"Good","stumpdiameter":"0","riskratingdate":null,"riskrating":null,"objectid":"5107098","globalid":"6D029BE6-063A-4D2E-9045-04A169CD7F26","tpstructure":"Full","plantingspaceglobalid":"6D029BE6-063A-4D2E-9045-04A169CD7F26","createddate":"2017-11-15 11:11:11.0000000","dbh":"5","planteddate":null,"updateddate":null,"geometry":"POINT(-73.88178257525024 40.83366923702451)","genusspecies":"Platanus x acerifolia - London planetree"}},{"type":"Feature","geometry":{"type":"Point","coordinates":[-74.01567124298778,40.70240680426369]},"properties":{"tpcondition":"Good","stumpdiameter":"0","riskratingdate":null,"riskrating":null,"objectid":"5107099","globalid":"9B71BE50-2F74-4F7B-B082-FE510BBFDC83","tpstructure":"Full","plantingspaceglobalid":"9B71BE50-2F74-4F7B-B082-FE510BBFDC83","createddate":"2017-11-15 11:11:11.0000000","dbh":"16","planteddate":null,"updateddate":null,"geometry":"POINT(-74.01567124298778 40.70240680426369)","genusspecies":"Liquidambar styraciflua - sweetgum"}},{"type":"Feature","geometry":{"type":"Point","coordinates":[-73.88076352243161,40.666464409674084]},"properties":{"tpcondition":"Fair","stumpdiameter":"0","riskratingdate":"2020-03-26 18:12:42.0000000","riskrating":"7","objectid":"5107100","globalid":"E363BE56-C71C-4848-B780-F8D63317BB0D","tpstructure":"Full","plantingspaceglobalid":"E363BE56-C71C-4848-B780-F8D63317BB0D","createddate":"2017-11-15 11:11:00.0000000","dbh":"39","planteddate":null,"updateddate":"2020-03-26 18:12:42.0000000","geometry":"POINT(-73.88076352243161 40.666464409674084)","genusspecies":"Platanus x acerifolia - London planetree"}},{"type":"Feature","geometry":{"type":"Point","coordinates":[-73.99260499495264,40.720184942562874]},"properties":{"tpcondition":"Fair","stumpdiameter":null,"riskratingdate":"2024-10-24 14:08:00.0000000","riskrating":"3","objectid":"5107101","globalid":"CE02D741-701D-43DD-B271-E8FD97BB7523","tpstructure":"Full","plantingspaceglobalid":"CE02D741-701D-43DD-B271-E8FD97BB7523","createddate":"2017-11-15 11:11:11.0000000","dbh":"3","planteddate":null,"updateddate":"2024-10-24 14:08:00.0000000","geometry":"POINT(-73.99260499495264 40.720184942562874)","genusspecies":"Prunus - Cherry"}},{"type":"Feature","geometry":{"type":"Point","coordinates":[-73.97363319043575,40.72043035058414]},"properties":{"tpcondition":"Fair","stumpdiameter":"0","riskratingdate":null,"riskrating":null,"objectid":"5107102","globalid":"F30C51F5-2F12-4DCF-A864-AD7A3320250F","tpstructure":"Full","plantingspaceglobalid":"F30C51F5-2F12-4DCF-A864-AD7A3320250F","createddate":"2017-11-15 11:11:11.0000000","dbh":"17","planteddate":null,"updateddate":null,"geometry":"POINT(-73.97363319043575 40.72043035058414)","genusspecies":"Platanus x acerifolia - London planetree"}},{"type":"Feature","geometry":{"type":"Point","coordinates":[-73.91642159776127,40.849791973530586]},"properties":{"tpcondition":"Poor","stumpdiameter":"6","riskratingdate":"2018-07-05 09:45:37.0000000","riskrating":"10","objectid":"5107104","globalid":"E132806A-AC39-44D4-9F1D-7BE31E464BDF","tpstructure":"Retired","plantingspaceglobalid":"E132806A-AC39-44D4-9F1D-7BE31E464BDF","createddate":"2017-11-15 11:11:11.0000000","dbh":"6","planteddate":null,"updateddate":"2019-01-04 15:56:25.0000000","geometry":"POINT(-73.91642159776127 40.849791973530586)","genusspecies":"Prunus - Cherry"}},{"type":"Feature","geometry":{"type":"Point","coordinates":[-73.87597591469668,40.878063971750436]},"properties":{"tpcondition":"Dead","stumpdiameter":null,"riskratingdate":"2023-09-12 19:30:54.0000000","riskrating":"8","objectid":"5107105","globalid":"C147752A-4DE8-4812-A242-6322A0B1C415","tpstructure":"Full","plantingspaceglobalid":"C147752A-4DE8-4812-A242-6322A0B1C415","createddate":"2017-11-15 11:11:11.0000000","dbh":"17","planteddate":null,"updateddate":"2023-11-16 17:32:58.0000000","geometry":"POINT(-73.87597591469668 40.878063971750436)","genusspecies":"Quercus palustris - pin oak"}},{"type":"Feature","geometry":{"type":"Point","coordinates":[-73.9185138760779,40.88236377087592]},"properties":{"tpcondition":"Good","stumpdiameter":"0","riskratingdate":"2024-08-08 14:49:53.0000000","riskrating":"6","objectid":"5107106","globalid":"C34CDDB6-9C5E-4714-A6EB-62E754627D15","tpstructure":"Full","plantingspaceglobalid":"C34CDDB6-9C5E-4714-A6EB-62E754627D15","createddate":"2017-11-15 11:11:11.0000000","dbh":"28","planteddate":null,"updateddate":null,"geometry":"POINT(-73.9185138760779 40.88236377087592)","genusspecies":"Liquidambar styraciflua - sweetgum"}},{"type":"Feature","geometry":{"type":"Point","coordinates":[-73.98387582837319,40.672582966977224]},"properties":{"tpcondition":"Good","stumpdiameter":"0","riskratingdate":null,"riskrating":null,"objectid":"5107107","globalid":"CAE4FEED-4B22-4CD6-94C7-45D9C923BE33","tpstructure":"Full","plantingspaceglobalid":"CAE4FEED-4B22-4CD6-94C7-45D9C923BE33","createddate":"2017-11-15 11:11:11.0000000","dbh":"17","planteddate":null,"updateddate":null,"geometry":"POINT(-73.98387582837319 40.672582966977224)","genusspecies":"Zelkova serrata - Japanese zelkova"}},{"type":"Feature","geometry":{"type":"Point","coordinates":[-73.94806818305489,40.75453353173357]},"properties":{"tpcondition":"Good","stumpdiameter":null,"riskratingdate":"2024-04-08 16:12:29.0000000","riskrating":"7","objectid":"5107108","globalid":"5ED82F2D-22C4-4107-9EC3-199100EE09ED","tpstructure":"Full","plantingspaceglobalid":"5ED82F2D-22C4-4107-9EC3-199100EE09ED","createddate":"2017-11-15 11:11:11.0000000","dbh":"31","planteddate":null,"updateddate":"2024-04-08 16:12:29.0000000","geometry":"POINT(-73.94806818305489 40.75453353173357)","genusspecies":"Platanus x acerifolia - London planetree"}},{"type":"Feature","geometry":{"type":"Point","coordinates":[-73.91192865793782,40.769758626980725]},"properties":{"tpcondition":"Fair","stumpdiameter":null,"riskratingdate":"2022-03-29 14:54:56.0000000","riskrating":"5","objectid":"5107109","globalid":"D70E68E7-0773-4AD1-8A09-D824DA2B9A03","tpstructure":"Full","plantingspaceglobalid":"D70E68E7-0773-4AD1-8A09-D824DA2B9A03","createddate":"2017-11-15 11:11:11.0000000","dbh":"3","planteddate":null,"updateddate":"2022-03-29 14:54:56.0000000","geometry":"POINT(-73.91192865793782 40.769758626980725)","genusspecies":"Quercus palustris - pin oak"}},{"type":"Feature","geometry":{"type":"Point","coordinates":[-74.00753365760006,40.71230246116507]},"properties":{"tpcondition":"Fair","stumpdiameter":null,"riskratingdate":"2024-05-21 14:51:54.0000000","riskrating":"8","objectid":"5107110","globalid":"44890050-85A3-4D2D-994F-B5B9720ED7AA","tpstructure":"Full","plantingspaceglobalid":"44890050-85A3-4D2D-994F-B5B9720ED7AA","createddate":"2017-11-15 11:11:11.0000000","dbh":"19","planteddate":null,"updateddate":"2024-05-21 14:51:54.0000000","geometry":"POINT(-74.00753365760006 40.71230246116507)","genusspecies":"Platanus x acerifolia - London planetree"}},{"type":"Feature","geometry":{"type":"Point","coordinates":[-73.8225892765999,40.78379101330628]},"properties":{"tpcondition":"Dead","stumpdiameter":"35","riskratingdate":null,"riskrating":null,"objectid":"5107112","globalid":"788E0DC5-5F1F-4132-95D1-7141C036BB08","tpstructure":"Stump","plantingspaceglobalid":"788E0DC5-5F1F-4132-95D1-7141C036BB08","createddate":"2017-11-15 11:11:11.0000000","dbh":null,"planteddate":null,"updateddate":"2024-04-08 17:32:02.0000000","geometry":"POINT(-73.8225892765999 40.78379101330628)","genusspecies":"Unknown - Unknown"}},{"type":"Feature","geometry":{"type":"Point","coordinates":[-73.95443528462538,40.743364779783214]},"properties":{"tpcondition":"Good","stumpdiameter":"0","riskratingdate":"2020-03-12 12:40:02.0000000","riskrating":"7","objectid":"5107114","globalid":"A3EFF512-E927-4F0C-81A6-473B625C111D","tpstructure":"Full","plantingspaceglobalid":"A3EFF512-E927-4F0C-81A6-473B625C111D","createddate":"2017-11-15 11:11:11.0000000","dbh":"23","planteddate":null,"updateddate":"2020-03-12 12:40:02.0000000","geometry":"POINT(-73.95443528462538 40.743364779783214)","genusspecies":"Quercus palustris - pin oak"}},{"type":"Feature","geometry":{"type":"Point","coordinates":[-73.85658920772133,40.8092621689621]},"properties":{"tpcondition":"Good","stumpdiameter":"0","riskratingdate":"2017-11-17 10:19:29.0000000","riskrating":"6","objectid":"5107115","globalid":"65BFA582-C45C-4F10-A350-3BCD944FCB1F","tpstructure":"Full","plantingspaceglobalid":"65BFA582-C45C-4F10-A350-3BCD944FCB1F","createddate":"2017-11-15 11:11:11.0000000","dbh":"19","planteddate":null,"updateddate":"2017-11-21 04:11:11.0000000","geometry":"POINT(-73.85658920772133 40.8092621689621)","genusspecies":"Acer saccharinum - silver maple"}},{"type":"Feature","geometry":{"type":"Point","coordinates":[-73.97700440800267,40.711386245579135]},"properties":{"tpcondition":"Dead","stumpdiameter":"0","riskratingdate":null,"riskrating":null,"objectid":"5107116","globalid":"C3591CA8-3B5A-4CE3-9E5F-1647C887F12B","tpstructure":"Retired","plantingspaceglobalid":"C3591CA8-3B5A-4CE3-9E5F-1647C887F12B","createddate":"2017-11-15 11:11:11.0000000","dbh":"4","planteddate":null,"updateddate":"2024-10-22 19:48:18.0000000","geometry":"POINT(-73.97700440800267 40.711386245579135)","genusspecies":"Crataegus - Hawthorn"}},{"type":"Feature","geometry":{"type":"Point","coordinates":[-73.88227733986619,40.83310374583092]},"properties":{"tpcondition":"Good","stumpdiameter":"0","riskratingdate":null,"riskrating":null,"objectid":"5107117","globalid":"312463A0-D556-4134-835F-0C83F519888A","tpstructure":"Full","plantingspaceglobalid":"312463A0-D556-4134-835F-0C83F519888A","createddate":"2017-11-15 11:11:11.0000000","dbh":"5","planteddate":null,"updateddate":null,"geometry":"POINT(-73.88227733986619 40.83310374583092)","genusspecies":"Platanus x acerifolia - London planetree"}},{"type":"Feature","geometry":{"type":"Point","coordinates":[-73.87571202169508,40.67908666511739]},"properties":{"tpcondition":"Good","stumpdiameter":"0","riskratingdate":null,"riskrating":null,"objectid":"5107118","globalid":"984E5C7C-86F8-4137-AC6A-069664D9DAF2","tpstructure":"Full","plantingspaceglobalid":"984E5C7C-86F8-4137-AC6A-069664D9DAF2","createddate":"2017-11-15 11:11:11.0000000","dbh":"23","planteddate":null,"updateddate":null,"geometry":"POINT(-73.87571202169508 40.67908666511739)","genusspecies":"Platanus x acerifolia - London planetree"}},{"type":"Feature","geometry":{"type":"Point","coordinates":[-73.8866007043983,40.744402847510706]},"properties":{"tpcondition":"Fair","stumpdiameter":null,"riskratingdate":"2024-08-01 13:58:42.0000000","riskrating":"5","objectid":"5107119","globalid":"D4EA8E07-22A4-4949-BC9E-EA30330CE209","tpstructure":"Full","plantingspaceglobalid":"D4EA8E07-22A4-4949-BC9E-EA30330CE209","createddate":"2017-11-15 11:11:11.0000000","dbh":"7","planteddate":null,"updateddate":"2024-08-01 13:58:42.0000000","geometry":"POINT(-73.8866007043983 40.744402847510706)","genusspecies":"Tilia cordata - littleleaf linden"}},{"type":"Feature","geometry":{"type":"Point","coordinates":[-73.94188674896327,40.84735222765644]},"properties":{"tpcondition":"Fair","stumpdiameter":null,"riskratingdate":"2024-11-20 21:07:51.0000000","riskrating":"5","objectid":"5107120","globalid":"79F544ED-E1C9-4235-90B2-BC907389D325","tpstructure":"Full","plantingspaceglobalid":"79F544ED-E1C9-4235-90B2-BC907389D325","createddate":"2017-11-15 11:11:11.0000000","dbh":"14","planteddate":null,"updateddate":"2024-11-20 21:07:51.0000000","geometry":"POINT(-73.94188674896327 40.84735222765644)","genusspecies":"Gleditsia triacanthos var. inermis - Thornless honeylocust"}},{"type":"Feature","geometry":{"type":"Point","coordinates":[-74.05852591964117,40.607523371146236]},"properties":{"tpcondition":"Fair","stumpdiameter":null,"riskratingdate":"2021-12-29 19:16:21.0000000","riskrating":"6","objectid":"5107121","globalid":"49D6F789-20AA-4B04-B37B-9B08C0E12A48","tpstructure":"Full","plantingspaceglobalid":"49D6F789-20AA-4B04-B37B-9B08C0E12A48","createddate":"2017-11-15 11:11:11.0000000","dbh":"15","planteddate":null,"updateddate":"2021-12-29 19:16:21.0000000","geometry":"POINT(-74.05852591964117 40.607523371146236)","genusspecies":"Ulmus americana - American elm"}},{"type":"Feature","geometry":{"type":"Point","coordinates":[-73.92277944453113,40.74747546100177]},"properties":{"tpcondition":"Dead","stumpdiameter":"33","riskratingdate":"2023-08-21 15:42:00.0000000","riskrating":"9","objectid":"5107122","globalid":"B20EC1AE-DDEE-4013-88F8-97AD7A67AAE6","tpstructure":"Stump","plantingspaceglobalid":"B20EC1AE-DDEE-4013-88F8-97AD7A67AAE6","createddate":"2017-11-15 11:11:00.0000000","dbh":null,"planteddate":null,"updateddate":"2024-02-07 15:18:14.0000000","geometry":"POINT(-73.92277944453113 40.74747546100177)","genusspecies":"Quercus palustris - pin oak"}},{"type":"Feature","geometry":{"type":"Point","coordinates":[-73.97249467132458,40.72344112893776]},"properties":{"tpcondition":"Good","stumpdiameter":"0","riskratingdate":null,"riskrating":null,"objectid":"5107123","globalid":"B419E08E-B855-49AC-B42B-8763FB9B6525","tpstructure":"Full","plantingspaceglobalid":"B419E08E-B855-49AC-B42B-8763FB9B6525","createddate":"2017-11-15 11:11:11.0000000","dbh":"12","planteddate":null,"updateddate":null,"geometry":"POINT(-73.97249467132458 40.72344112893776)","genusspecies":"Metasequoia glyptostroboides - dawn redwood"}},{"type":"Feature","geometry":{"type":"Point","coordinates":[-73.98781507254047,40.74147202370684]},"properties":{"tpcondition":"Good","stumpdiameter":"0","riskratingdate":null,"riskrating":null,"objectid":"5107124","globalid":"3E5B3649-AE89-43E5-AE0E-72A997509CB6","tpstructure":"Full","plantingspaceglobalid":"3E5B3649-AE89-43E5-AE0E-72A997509CB6","createddate":"2017-11-15 11:11:11.0000000","dbh":"22","planteddate":null,"updateddate":null,"geometry":"POINT(-73.98781507254047 40.74147202370684)","genusspecies":"Quercus - Oak"}},{"type":"Feature","geometry":{"type":"Point","coordinates":[-73.94679823698253,40.7057313320096]},"properties":{"tpcondition":"Fair","stumpdiameter":"0","riskratingdate":null,"riskrating":null,"objectid":"5107125","globalid":"9FA19FFA-B760-481F-9209-6F606B37604B","tpstructure":"Full","plantingspaceglobalid":"9FA19FFA-B760-481F-9209-6F606B37604B","createddate":"2017-11-15 11:11:11.0000000","dbh":"11","planteddate":null,"updateddate":null,"geometry":"POINT(-73.94679823698253 40.7057313320096)","genusspecies":"Cercis canadensis - eastern redbud"}},{"type":"Feature","geometry":{"type":"Point","coordinates":[-73.90547528084896,40.672413452189566]},"properties":{"tpcondition":"Fair","stumpdiameter":null,"riskratingdate":"2024-11-08 12:53:24.0000000","riskrating":"9","objectid":"5107127","globalid":"F825B45A-6F0D-4D73-B564-296452BB758A","tpstructure":"Full","plantingspaceglobalid":"F825B45A-6F0D-4D73-B564-296452BB758A","createddate":"2017-11-15 11:11:11.0000000","dbh":"14","planteddate":null,"updateddate":"2024-11-08 12:53:24.0000000","geometry":"POINT(-73.90547528084896 40.672413452189566)","genusspecies":"Platanus x acerifolia - London planetree"}},{"type":"Feature","geometry":{"type":"Point","coordinates":[-74.13637186938942,40.640473155343294]},"properties":{"tpcondition":"Good","stumpdiameter":"0","riskratingdate":null,"riskrating":null,"objectid":"5107128","globalid":"DB206101-4097-4508-ACA1-FAFE9865242F","tpstructure":"Full","plantingspaceglobalid":"DB206101-4097-4508-ACA1-FAFE9865242F","createddate":"2017-11-15 11:11:11.0000000","dbh":"11","planteddate":null,"updateddate":null,"geometry":"POINT(-74.13637186938942 40.640473155343294)","genusspecies":"Pinus - pine"}},{"type":"Feature","geometry":{"type":"Point","coordinates":[-73.89578595908043,40.88142103781303]},"properties":{"tpcondition":"Fair","stumpdiameter":null,"riskratingdate":"2025-10-30 13:42:03.0000000","riskrating":"7","objectid":"5107129","globalid":"D66C0059-DD06-4A84-B5EE-F0B505A2BDB0","tpstructure":"Full","plantingspaceglobalid":"D66C0059-DD06-4A84-B5EE-F0B505A2BDB0","createddate":"2017-11-15 11:11:11.0000000","dbh":"27","planteddate":null,"updateddate":"2025-10-30 13:42:03.0000000","geometry":"POINT(-73.89578595908043 40.88142103781303)","genusspecies":"Quercus palustris - pin oak"}},{"type":"Feature","geometry":{"type":"Point","coordinates":[-73.8426952275372,40.86882800755075]},"properties":{"tpcondition":"Good","stumpdiameter":"0","riskratingdate":null,"riskrating":null,"objectid":"5107130","globalid":"824813F6-D09B-43D7-9CC3-E8E805C5874A","tpstructure":"Full","plantingspaceglobalid":"824813F6-D09B-43D7-9CC3-E8E805C5874A","createddate":"2017-11-15 11:11:11.0000000","dbh":"14","planteddate":null,"updateddate":null,"geometry":"POINT(-73.8426952275372 40.86882800755075)","genusspecies":"Platanus x acerifolia - London planetree"}},{"type":"Feature","geometry":{"type":"Point","coordinates":[-73.83917963116734,40.873526326935746]},"properties":{"tpcondition":"Good","stumpdiameter":"0","riskratingdate":null,"riskrating":null,"objectid":"5107131","globalid":"D9F3A8DA-D837-40F3-A001-C04F748FAB84","tpstructure":"Full","plantingspaceglobalid":"D9F3A8DA-D837-40F3-A001-C04F748FAB84","createddate":"2017-11-15 11:11:11.0000000","dbh":"4","planteddate":null,"updateddate":null,"geometry":"POINT(-73.83917963116734 40.873526326935746)","genusspecies":"Crataegus - Hawthorn"}},{"type":"Feature","geometry":{"type":"Point","coordinates":[-73.95297634720106,40.829945084333566]},"properties":{"tpcondition":"Dead","stumpdiameter":null,"riskratingdate":"2019-10-01 16:29:44.0000000","riskrating":"3","objectid":"5107132","globalid":"405F556E-021B-480B-A022-823E471E533B","tpstructure":"Stump","plantingspaceglobalid":"405F556E-021B-480B-A022-823E471E533B","createddate":"2017-11-15 11:11:11.0000000","dbh":"10","planteddate":null,"updateddate":"2019-10-01 16:29:44.0000000","geometry":"POINT(-73.95297634720106 40.829945084333566)","genusspecies":"Unknown - Unknown"}},{"type":"Feature","geometry":{"type":"Point","coordinates":[-73.94955477246226,40.69560181986912]},"properties":{"tpcondition":"Good","stumpdiameter":"0","riskratingdate":null,"riskrating":null,"objectid":"5107133","globalid":"A0440DC1-B8AF-4074-8F15-700FF38342E4","tpstructure":"Full","plantingspaceglobalid":"A0440DC1-B8AF-4074-8F15-700FF38342E4","createddate":"2017-11-15 11:11:11.0000000","dbh":"6","planteddate":null,"updateddate":"2018-05-08 16:05:30.0000000","geometry":"POINT(-73.94955477246226 40.69560181986912)","genusspecies":"Tilia cordata - littleleaf linden"}},{"type":"Feature","geometry":{"type":"Point","coordinates":[-74.05879195629439,40.60709312469435]},"properties":{"tpcondition":"Fair","stumpdiameter":null,"riskratingdate":"2021-12-30 18:02:16.0000000","riskrating":"6","objectid":"5107134","globalid":"0741DB77-E8B9-4E77-9743-4CC3D680A3C2","tpstructure":"Full","plantingspaceglobalid":"0741DB77-E8B9-4E77-9743-4CC3D680A3C2","createddate":"2017-11-15 11:11:11.0000000","dbh":"22","planteddate":null,"updateddate":"2021-12-30 18:02:16.0000000","geometry":"POINT(-74.05879195629439 40.60709312469435)","genusspecies":"Quercus rubra - northern red oak"}},{"type":"Feature","geometry":{"type":"Point","coordinates":[-73.75705320648223,40.68568211628485]},"properties":{"tpcondition":"Good","stumpdiameter":null,"riskratingdate":"2025-06-18 12:29:15.0000000","riskrating":"7","objectid":"5107135","globalid":"657A8DCC-086C-4081-A495-3E700A641DAC","tpstructure":"Full","plantingspaceglobalid":"657A8DCC-086C-4081-A495-3E700A641DAC","createddate":"2017-11-15 11:11:11.0000000","dbh":"25","planteddate":null,"updateddate":"2025-06-18 12:29:15.0000000","geometry":"POINT(-73.75705320648223 40.68568211628485)","genusspecies":"Platanus x acerifolia - London planetree"}},{"type":"Feature","geometry":{"type":"Point","coordinates":[-73.89114509473892,40.87958441355051]},"properties":{"tpcondition":"Fair","stumpdiameter":"0","riskratingdate":null,"riskrating":null,"objectid":"5107136","globalid":"55DCA41B-51BA-496A-AF40-267DCC982FAF","tpstructure":"Full","plantingspaceglobalid":"55DCA41B-51BA-496A-AF40-267DCC982FAF","createddate":"2017-11-15 11:11:11.0000000","dbh":"19","planteddate":null,"updateddate":null,"geometry":"POINT(-73.89114509473892 40.87958441355051)","genusspecies":"Tilia americana - American basswood"}},{"type":"Feature","geometry":{"type":"Point","coordinates":[-73.9359014386958,40.79365311176689]},"properties":{"tpcondition":"Fair","stumpdiameter":null,"riskratingdate":"2025-07-02 13:28:28.0000000","riskrating":"6","objectid":"5107137","globalid":"FAA6C502-48A1-4D50-A4FB-223539B0F826","tpstructure":"Full","plantingspaceglobalid":"FAA6C502-48A1-4D50-A4FB-223539B0F826","createddate":"2017-11-15 11:11:11.0000000","dbh":"17","planteddate":null,"updateddate":"2025-07-02 13:28:28.0000000","geometry":"POINT(-73.9359014386958 40.79365311176689)","genusspecies":"Platanus x acerifolia - London planetree"}},{"type":"Feature","geometry":{"type":"Point","coordinates":[-73.95592554941315,40.823458937714925]},"properties":{"tpcondition":"Dead","stumpdiameter":"12","riskratingdate":"2025-04-15 11:20:04.0000000","riskrating":"3","objectid":"5107138","globalid":"99C263F1-79A4-4F4F-B633-2189B699B50A","tpstructure":"Stump","plantingspaceglobalid":"99C263F1-79A4-4F4F-B633-2189B699B50A","createddate":"2017-11-15 11:11:00.0000000","dbh":null,"planteddate":null,"updateddate":"2025-04-15 11:20:04.0000000","geometry":"POINT(-73.95592554941315 40.823458937714925)","genusspecies":"Robinia pseudoacacia - black locust"}},{"type":"Feature","geometry":{"type":"Point","coordinates":[-73.94401840454276,40.75285358925104]},"properties":{"tpcondition":"Good","stumpdiameter":null,"riskratingdate":"2025-09-22 16:01:53.0000000","riskrating":"6","objectid":"5107139","globalid":"28A539FA-F7E3-4CE3-80E6-FEDEEEA594C1","tpstructure":"Full","plantingspaceglobalid":"28A539FA-F7E3-4CE3-80E6-FEDEEEA594C1","createddate":"2017-11-15 11:11:11.0000000","dbh":"25","planteddate":null,"updateddate":"2025-09-22 16:01:53.0000000","geometry":"POINT(-73.94401840454276 40.75285358925104)","genusspecies":"Platanus x acerifolia - London planetree"}},{"type":"Feature","geometry":{"type":"Point","coordinates":[-73.89343294267333,40.876640767599426]},"properties":{"tpcondition":"Poor","stumpdiameter":"0","riskratingdate":null,"riskrating":null,"objectid":"5107140","globalid":"D562D64C-CDD9-47FB-A2D1-F1977FB93488","tpstructure":"Full","plantingspaceglobalid":"D562D64C-CDD9-47FB-A2D1-F1977FB93488","createddate":"2017-11-15 11:11:11.0000000","dbh":"23","planteddate":null,"updateddate":null,"geometry":"POINT(-73.89343294267333 40.876640767599426)","genusspecies":"Robinia pseudoacacia - black locust"}},{"type":"Feature","geometry":{"type":"Point","coordinates":[-73.87675493950138,40.877558346355166]},"properties":{"tpcondition":"Fair","stumpdiameter":null,"riskratingdate":"2023-09-11 17:16:48.0000000","riskrating":"7","objectid":"5107141","globalid":"2CFAD4FD-1614-46EA-94B4-B8C6E9B476E0","tpstructure":"Full","plantingspaceglobalid":"2CFAD4FD-1614-46EA-94B4-B8C6E9B476E0","createddate":"2017-11-15 11:11:11.0000000","dbh":"28","planteddate":null,"updateddate":"2023-09-11 17:16:48.0000000","geometry":"POINT(-73.87675493950138 40.877558346355165)","genusspecies":"Quercus ellipsoidalis - northern pin oak"}},{"type":"Feature","geometry":{"type":"Point","coordinates":[-73.87664821384168,40.87840492957446]},"properties":{"tpcondition":"Fair","stumpdiameter":null,"riskratingdate":"2023-09-12 19:24:08.0000000","riskrating":"7","objectid":"5107142","globalid":"3F433A37-2B71-4D8E-824C-7CF0ADA9194B","tpstructure":"Full","plantingspaceglobalid":"3F433A37-2B71-4D8E-824C-7CF0ADA9194B","createddate":"2017-11-15 11:11:11.0000000","dbh":"28","planteddate":null,"updateddate":"2023-09-12 19:24:08.0000000","geometry":"POINT(-73.87664821384168 40.87840492957446)","genusspecies":"Quercus palustris - pin oak"}},{"type":"Feature","geometry":{"type":"Point","coordinates":[-73.97460111989288,40.71662824389091]},"properties":{"tpcondition":"Good","stumpdiameter":"0","riskratingdate":null,"riskrating":null,"objectid":"5107143","globalid":"DDF3A64C-ACD0-4E51-9EFA-707CEAA6378A","tpstructure":"Retired","plantingspaceglobalid":"DDF3A64C-ACD0-4E51-9EFA-707CEAA6378A","createddate":"2017-11-15 11:11:11.0000000","dbh":"17","planteddate":null,"updateddate":"2021-12-13 18:25:00.0000000","geometry":"POINT(-73.97460111989288 40.71662824389091)","genusspecies":"Gleditsia triacanthos var. inermis - Thornless honeylocust"}},{"type":"Feature","geometry":{"type":"Point","coordinates":[-73.89783997899349,40.86420500415488]},"properties":{"tpcondition":"Good","stumpdiameter":null,"riskratingdate":"2025-02-04 15:53:30.0000000","riskrating":"3","objectid":"5107144","globalid":"F2433F34-4E39-4DFB-9516-58AFDFB449C6","tpstructure":"Full","plantingspaceglobalid":"F2433F34-4E39-4DFB-9516-58AFDFB449C6","createddate":"2017-11-15 11:11:11.0000000","dbh":"13","planteddate":null,"updateddate":"2025-02-04 15:53:30.0000000","geometry":"POINT(-73.89783997899349 40.86420500415488)","genusspecies":"Quercus shumardii - Shumard's oak"}},{"type":"Feature","geometry":{"type":"Point","coordinates":[-73.87760637061407,40.87871477281111]},"properties":{"tpcondition":"Good","stumpdiameter":null,"riskratingdate":"2023-09-12 18:58:15.0000000","riskrating":"6","objectid":"5107145","globalid":"343C9EED-C090-4D09-928D-0FC762508477","tpstructure":"Full","plantingspaceglobalid":"343C9EED-C090-4D09-928D-0FC762508477","createddate":"2017-11-15 11:11:11.0000000","dbh":"11","planteddate":null,"updateddate":"2023-09-12 18:58:15.0000000","geometry":"POINT(-73.87760637061407 40.87871477281111)","genusspecies":"Quercus palustris - pin oak"}},{"type":"Feature","geometry":{"type":"Point","coordinates":[-73.97038082208795,40.58715079182796]},"properties":{"tpcondition":"Good","stumpdiameter":"0","riskratingdate":null,"riskrating":null,"objectid":"5107146","globalid":"CAEE5CD8-3721-4373-9A37-05F74DD4AB4B","tpstructure":"Full","plantingspaceglobalid":"CAEE5CD8-3721-4373-9A37-05F74DD4AB4B","createddate":"2017-11-15 11:11:11.0000000","dbh":"16","planteddate":null,"updateddate":null,"geometry":"POINT(-73.97038082208795 40.58715079182796)","genusspecies":"Platanus x acerifolia - London planetree"}},{"type":"Feature","geometry":{"type":"Point","coordinates":[-73.97945713001096,40.7105090607281]},"properties":{"tpcondition":"Fair","stumpdiameter":null,"riskratingdate":"2025-08-14 13:56:38.0000000","riskrating":"6","objectid":"5107147","globalid":"BC17BA00-959F-4693-8299-044124439B65","tpstructure":"Full","plantingspaceglobalid":"BC17BA00-959F-4693-8299-044124439B65","createddate":"2017-11-15 11:11:11.0000000","dbh":"21","planteddate":null,"updateddate":"2025-08-14 13:56:38.0000000","geometry":"POINT(-73.97945713001096 40.7105090607281)","genusspecies":"Quercus palustris - pin oak"}},{"type":"Feature","geometry":{"type":"Point","coordinates":[-73.99207062424227,40.720837340202706]},"properties":{"tpcondition":"Fair","stumpdiameter":null,"riskratingdate":"2025-04-15 16:47:14.0000000","riskrating":"7","objectid":"5107148","globalid":"ACC193ED-CAD4-48F2-8393-0322490799DD","tpstructure":"Full","plantingspaceglobalid":"ACC193ED-CAD4-48F2-8393-0322490799DD","createddate":"2017-11-15 11:11:11.0000000","dbh":"29","planteddate":null,"updateddate":"2025-04-15 16:47:14.0000000","geometry":"POINT(-73.99207062424227 40.720837340202706)","genusspecies":"Platanus x acerifolia - London planetree"}},{"type":"Feature","geometry":{"type":"Point","coordinates":[-74.01297564955028,40.70206302387453]},"properties":{"tpcondition":"Good","stumpdiameter":"0","riskratingdate":null,"riskrating":null,"objectid":"5107149","globalid":"90CA7F38-DCA2-4490-A04C-B11F2B7E952C","tpstructure":"Full","plantingspaceglobalid":"90CA7F38-DCA2-4490-A04C-B11F2B7E952C","createddate":"2017-11-15 11:11:11.0000000","dbh":"5","planteddate":null,"updateddate":null,"geometry":"POINT(-74.01297564955028 40.70206302387453)","genusspecies":"Gymnocladus dioicus - Kentucky coffeetree"}},{"type":"Feature","geometry":{"type":"Point","coordinates":[-73.88287642742688,40.74218076035806]},"properties":{"tpcondition":"Good","stumpdiameter":"0","riskratingdate":null,"riskrating":null,"objectid":"5107150","globalid":"3A01084D-9C5A-4BC3-91A6-9EB2A2BB860B","tpstructure":"Full","plantingspaceglobalid":"3A01084D-9C5A-4BC3-91A6-9EB2A2BB860B","createddate":"2017-11-15 11:11:11.0000000","dbh":"9","planteddate":null,"updateddate":null,"geometry":"POINT(-73.88287642742688 40.74218076035806)","genusspecies":"Quercus palustris - pin oak"}},{"type":"Feature","geometry":{"type":"Point","coordinates":[-73.87774990616806,40.876534600631835]},"properties":{"tpcondition":"Good","stumpdiameter":"0","riskratingdate":null,"riskrating":null,"objectid":"5107151","globalid":"A0D6D7C2-F7B5-4E07-A57D-9793D8223A9F","tpstructure":"Full","plantingspaceglobalid":"A0D6D7C2-F7B5-4E07-A57D-9793D8223A9F","createddate":"2017-11-15 11:11:11.0000000","dbh":"5","planteddate":null,"updateddate":"2017-11-28 10:18:38.0000000","geometry":"POINT(-73.87774990616806 40.876534600631835)","genusspecies":"Quercus palustris - pin oak"}},{"type":"Feature","geometry":{"type":"Point","coordinates":[-73.93667563687762,40.793226986291586]},"properties":{"tpcondition":"Good","stumpdiameter":null,"riskratingdate":"2025-07-08 13:48:13.0000000","riskrating":"5","objectid":"5107152","globalid":"F8689E78-8CBD-46BC-B4A4-96502520AB99","tpstructure":"Full","plantingspaceglobalid":"F8689E78-8CBD-46BC-B4A4-96502520AB99","createddate":"2017-11-15 11:11:11.0000000","dbh":"29","planteddate":null,"updateddate":"2025-07-08 13:48:13.0000000","geometry":"POINT(-73.93667563687762 40.793226986291586)","genusspecies":"Platanus x acerifolia - London planetree"}},{"type":"Feature","geometry":{"type":"Point","coordinates":[-73.89574936695122,40.881701943861174]},"properties":{"tpcondition":"Good","stumpdiameter":null,"riskratingdate":"2016-07-22 11:44:45.0000000","riskrating":"8","objectid":"5107153","globalid":"DFB1C8EE-F41C-4951-AE91-42154A7B35BF","tpstructure":"Full","plantingspaceglobalid":"DFB1C8EE-F41C-4951-AE91-42154A7B35BF","createddate":"2017-11-15 11:11:11.0000000","dbh":"17","planteddate":null,"updateddate":null,"geometry":"POINT(-73.89574936695122 40.881701943861174)","genusspecies":"Robinia pseudoacacia - black locust"}},{"type":"Feature","geometry":{"type":"Point","coordinates":[-73.99925043121247,40.68957906447415]},"properties":{"tpcondition":"Good","stumpdiameter":null,"riskratingdate":"2022-03-04 13:16:51.0000000","riskrating":"4","objectid":"5107154","globalid":"8C747161-F0B2-43E0-8DA9-3B63C8EFA064","tpstructure":"Full","plantingspaceglobalid":"8C747161-F0B2-43E0-8DA9-3B63C8EFA064","createddate":"2017-11-15 11:11:11.0000000","dbh":"7","planteddate":null,"updateddate":"2022-03-04 13:16:51.0000000","geometry":"POINT(-73.99925043121247 40.68957906447415)","genusspecies":"Cornus florida - flowering dogwood"}},{"type":"Feature","geometry":{"type":"Point","coordinates":[-73.95484530301574,40.82419665414083]},"properties":{"tpcondition":"Good","stumpdiameter":"0","riskratingdate":null,"riskrating":null,"objectid":"5107156","globalid":"302DB2BC-1F1E-485A-885B-348BB8339ABA","tpstructure":"Full","plantingspaceglobalid":"302DB2BC-1F1E-485A-885B-348BB8339ABA","createddate":"2017-11-15 11:11:11.0000000","dbh":"4","planteddate":null,"updateddate":null,"geometry":"POINT(-73.95484530301574 40.82419665414083)","genusspecies":"Crataegus - Hawthorn"}},{"type":"Feature","geometry":{"type":"Point","coordinates":[-73.89415560731265,40.65451655102737]},"properties":{"tpcondition":"Good","stumpdiameter":"0","riskratingdate":null,"riskrating":null,"objectid":"5107157","globalid":"87F6B26D-D9B2-4A53-B8EC-2A927CC73817","tpstructure":"Full","plantingspaceglobalid":"87F6B26D-D9B2-4A53-B8EC-2A927CC73817","createddate":"2017-11-15 11:11:11.0000000","dbh":"21","planteddate":null,"updateddate":null,"geometry":"POINT(-73.89415560731265 40.65451655102737)","genusspecies":"Platanus x acerifolia - London planetree"}},{"type":"Feature","geometry":{"type":"Point","coordinates":[-73.97780905415107,40.710855302260946]},"properties":{"tpcondition":"Dead","stumpdiameter":null,"riskratingdate":"2020-08-13 12:56:12.0000000","riskrating":"8","objectid":"5107158","globalid":"485BF27F-F864-4CE9-BD85-081B4DC19B6D","tpstructure":"Retired","plantingspaceglobalid":"485BF27F-F864-4CE9-BD85-081B4DC19B6D","createddate":"2017-11-15 11:11:11.0000000","dbh":"13","planteddate":null,"updateddate":"2024-10-22 19:48:18.0000000","geometry":"POINT(-73.97780905415107 40.710855302260946)","genusspecies":"Quercus palustris - pin oak"}},{"type":"Feature","geometry":{"type":"Point","coordinates":[-73.93430087732628,40.792801321751476]},"properties":{"tpcondition":"Fair","stumpdiameter":null,"riskratingdate":"2025-07-01 14:38:24.0000000","riskrating":"3","objectid":"5107159","globalid":"AB8528E4-22BB-4284-B631-F2F8ED6638D2","tpstructure":"Full","plantingspaceglobalid":"AB8528E4-22BB-4284-B631-F2F8ED6638D2","createddate":"2017-11-15 11:11:11.0000000","dbh":"11","planteddate":null,"updateddate":"2025-07-01 14:38:24.0000000","geometry":"POINT(-73.93430087732628 40.792801321751476)","genusspecies":"Prunus - Cherry"}},{"type":"Feature","geometry":{"type":"Point","coordinates":[-73.92998583706547,40.872857307980055]},"properties":{"tpcondition":"Good","stumpdiameter":"0","riskratingdate":null,"riskrating":null,"objectid":"5107162","globalid":"025C6FED-073B-4306-8066-DD5AABF4D571","tpstructure":"Full","plantingspaceglobalid":"025C6FED-073B-4306-8066-DD5AABF4D571","createddate":"2017-11-15 11:11:11.0000000","dbh":"3","planteddate":null,"updateddate":null,"geometry":"POINT(-73.92998583706547 40.872857307980055)","genusspecies":"Liquidambar styraciflua - sweetgum"}},{"type":"Feature","geometry":{"type":"Point","coordinates":[-73.90660989380272,40.863216283728384]},"properties":{"tpcondition":"Good","stumpdiameter":"0","riskratingdate":"2019-10-30 14:29:26.0000000","riskrating":"3","objectid":"5107164","globalid":"859A99A8-584F-4389-B9E3-A31A6B484186","tpstructure":"Full","plantingspaceglobalid":"859A99A8-584F-4389-B9E3-A31A6B484186","createddate":"2017-11-15 11:11:11.0000000","dbh":"3","planteddate":null,"updateddate":"2019-10-30 14:29:26.0000000","geometry":"POINT(-73.90660989380272 40.863216283728384)","genusspecies":"Acer - maple"}},{"type":"Feature","geometry":{"type":"Point","coordinates":[-74.17736399969942,40.625801839632594]},"properties":{"tpcondition":"Good","stumpdiameter":"0","riskratingdate":null,"riskrating":null,"objectid":"5107165","globalid":"68E2B38E-18B0-4BC2-826B-7BFA6989CDDE","tpstructure":"Full","plantingspaceglobalid":"68E2B38E-18B0-4BC2-826B-7BFA6989CDDE","createddate":"2017-11-15 11:11:11.0000000","dbh":"13","planteddate":null,"updateddate":null,"geometry":"POINT(-74.17736399969942 40.625801839632594)","genusspecies":"Zelkova serrata - Japanese zelkova"}},{"type":"Feature","geometry":{"type":"Point","coordinates":[-73.81742326692175,40.77506254528643]},"properties":{"tpcondition":"Good","stumpdiameter":"0","riskratingdate":null,"riskrating":null,"objectid":"5107166","globalid":"FABDC531-16DC-48C5-B5F4-5FD2B146C688","tpstructure":"Full","plantingspaceglobalid":"FABDC531-16DC-48C5-B5F4-5FD2B146C688","createddate":"2017-11-15 11:11:11.0000000","dbh":"12","planteddate":null,"updateddate":null,"geometry":"POINT(-73.81742326692175 40.77506254528643)","genusspecies":"Zelkova serrata - Japanese zelkova"}},{"type":"Feature","geometry":{"type":"Point","coordinates":[-73.90481636910748,40.67238746485338]},"properties":{"tpcondition":"Good","stumpdiameter":"0","riskratingdate":null,"riskrating":null,"objectid":"5107167","globalid":"73722F86-6748-4C02-AC6C-1ED27F45C5A4","tpstructure":"Full","plantingspaceglobalid":"73722F86-6748-4C02-AC6C-1ED27F45C5A4","createddate":"2017-11-15 11:11:11.0000000","dbh":"15","planteddate":null,"updateddate":"2019-02-25 13:50:55.0000000","geometry":"POINT(-73.90481636910748 40.67238746485338)","genusspecies":"Platanus x acerifolia - London planetree"}},{"type":"Feature","geometry":{"type":"Point","coordinates":[-73.89744692111817,40.86501563739083]},"properties":{"tpcondition":"Fair","stumpdiameter":null,"riskratingdate":"2024-09-04 17:32:56.0000000","riskrating":"6","objectid":"5107170","globalid":"76CA780A-DA41-4C1A-895C-C4D5EA4C0ABB","tpstructure":"Full","plantingspaceglobalid":"76CA780A-DA41-4C1A-895C-C4D5EA4C0ABB","createddate":"2017-11-15 11:11:11.0000000","dbh":"8","planteddate":null,"updateddate":"2024-09-04 17:32:56.0000000","geometry":"POINT(-73.89744692111817 40.86501563739083)","genusspecies":"Gleditsia triacanthos var. inermis - Thornless honeylocust"}},{"type":"Feature","geometry":{"type":"Point","coordinates":[-73.91407383604225,40.66211095524968]},"properties":{"tpcondition":"Fair","stumpdiameter":null,"riskratingdate":"2024-12-13 14:09:53.0000000","riskrating":"8","objectid":"5107171","globalid":"D26CF8CD-F62D-46F8-A081-9118B9823278","tpstructure":"Full","plantingspaceglobalid":"D26CF8CD-F62D-46F8-A081-9118B9823278","createddate":"2017-11-15 11:11:11.0000000","dbh":"24","planteddate":null,"updateddate":"2024-12-13 14:09:53.0000000","geometry":"POINT(-73.91407383604225 40.66211095524968)","genusspecies":"Ginkgo biloba - maidenhair tree"}},{"type":"Feature","geometry":{"type":"Point","coordinates":[-73.83942439658377,40.87363470992522]},"properties":{"tpcondition":"Fair","stumpdiameter":null,"riskratingdate":"2024-07-22 14:02:18.0000000","riskrating":"6","objectid":"5107172","globalid":"41E801D1-8FF4-49F6-B7C1-8F955537943C","tpstructure":"Full","plantingspaceglobalid":"41E801D1-8FF4-49F6-B7C1-8F955537943C","createddate":"2017-11-15 11:11:11.0000000","dbh":"14","planteddate":null,"updateddate":"2024-09-30 16:27:22.0000000","geometry":"POINT(-73.83942439658377 40.87363470992522)","genusspecies":"Fraxinus pennsylvanica - Green ash"}},{"type":"Feature","geometry":{"type":"Point","coordinates":[-73.9442106368184,40.724610767897914]},"properties":{"tpcondition":"Fair","stumpdiameter":null,"riskratingdate":"2023-02-04 14:36:14.0000000","riskrating":"9","objectid":"5107173","globalid":"C117CC0F-A7E2-48BA-B381-892324988625","tpstructure":"Full","plantingspaceglobalid":"C117CC0F-A7E2-48BA-B381-892324988625","createddate":"2017-11-15 11:11:11.0000000","dbh":"30","planteddate":null,"updateddate":"2023-02-04 14:36:14.0000000","geometry":"POINT(-73.9442106368184 40.724610767897914)","genusspecies":"Quercus velutina - black oak"}},{"type":"Feature","geometry":{"type":"Point","coordinates":[-73.86561707463177,40.67489866485529]},"properties":{"tpcondition":"Dead","stumpdiameter":"0","riskratingdate":"2018-12-09 12:21:00.0000000","riskrating":"8","objectid":"5107174","globalid":"571358C8-5D1D-4015-A8E5-79424A38321C","tpstructure":"Stump","plantingspaceglobalid":"571358C8-5D1D-4015-A8E5-79424A38321C","createddate":"2017-11-15 11:11:00.0000000","dbh":"4","planteddate":null,"updateddate":"2018-12-13 15:48:00.0000000","geometry":"POINT(-73.86561707463177 40.67489866485529)","genusspecies":"Acer rubrum - red maple"}},{"type":"Feature","geometry":{"type":"Point","coordinates":[-73.93605787480723,40.794444476370366]},"properties":{"tpcondition":"Fair","stumpdiameter":null,"riskratingdate":"2025-07-08 16:14:46.0000000","riskrating":"6","objectid":"5107176","globalid":"D37C6F57-B6AF-4CDE-926D-58537F43FDE8","tpstructure":"Full","plantingspaceglobalid":"D37C6F57-B6AF-4CDE-926D-58537F43FDE8","createddate":"2017-11-15 11:11:11.0000000","dbh":"44","planteddate":null,"updateddate":"2025-07-08 16:14:46.0000000","geometry":"POINT(-73.93605787480723 40.794444476370366)","genusspecies":"Platanus x acerifolia - London planetree"}},{"type":"Feature","geometry":{"type":"Point","coordinates":[-74.00653752870402,40.712891842995546]},"properties":{"tpcondition":"Good","stumpdiameter":null,"riskratingdate":"2023-04-19 16:47:33.0000000","riskrating":"8","objectid":"5107177","globalid":"E1008039-5705-47A6-82A7-5636452E1D68","tpstructure":"Full","plantingspaceglobalid":"E1008039-5705-47A6-82A7-5636452E1D68","createddate":"2017-11-15 11:11:11.0000000","dbh":"28","planteddate":null,"updateddate":"2023-04-19 16:47:33.0000000","geometry":"POINT(-74.00653752870402 40.712891842995546)","genusspecies":"Platanus x acerifolia - London planetree"}},{"type":"Feature","geometry":{"type":"Point","coordinates":[-73.918249858567,40.87046018481327]},"properties":{"tpcondition":"Good","stumpdiameter":"0","riskratingdate":null,"riskrating":null,"objectid":"5107178","globalid":"31A02148-F598-4A50-8ADF-0F01735E7EFD","tpstructure":"Full","plantingspaceglobalid":"31A02148-F598-4A50-8ADF-0F01735E7EFD","createddate":"2017-11-15 11:11:11.0000000","dbh":"2","planteddate":null,"updateddate":null,"geometry":"POINT(-73.918249858567 40.87046018481327)","genusspecies":"Quercus rubra - northern red oak"}},{"type":"Feature","geometry":{"type":"Point","coordinates":[-73.92996943556977,40.87423625149915]},"properties":{"tpcondition":"Good","stumpdiameter":"0","riskratingdate":null,"riskrating":null,"objectid":"5107179","globalid":"90DF44AA-540D-4C08-AC43-02C1F853142A","tpstructure":"Full","plantingspaceglobalid":"90DF44AA-540D-4C08-AC43-02C1F853142A","createddate":"2017-11-15 11:11:11.0000000","dbh":"6","planteddate":null,"updateddate":null,"geometry":"POINT(-73.92996943556977 40.87423625149915)","genusspecies":"Prunus - Cherry"}},{"type":"Feature","geometry":{"type":"Point","coordinates":[-73.9872320116809,40.74292717650055]},"properties":{"tpcondition":"Good","stumpdiameter":"0","riskratingdate":null,"riskrating":null,"objectid":"5107180","globalid":"719E6DD7-94EC-42D5-8925-F5173DB929BF","tpstructure":"Retired","plantingspaceglobalid":"719E6DD7-94EC-42D5-8925-F5173DB929BF","createddate":"2017-11-15 11:11:11.0000000","dbh":"31","planteddate":null,"updateddate":"2018-01-09 13:35:16.0000000","geometry":"POINT(-73.9872320116809 40.74292717650055)","genusspecies":"Platanus x acerifolia - London planetree"}},{"type":"Feature","geometry":{"type":"Point","coordinates":[-74.05796864783582,40.608134774348166]},"properties":{"tpcondition":"Fair","stumpdiameter":null,"riskratingdate":"2021-12-29 16:13:40.0000000","riskrating":"6","objectid":"5107181","globalid":"BE3055FE-2F94-4085-89F7-D59F3B343335","tpstructure":"Full","plantingspaceglobalid":"BE3055FE-2F94-4085-89F7-D59F3B343335","createddate":"2017-11-15 11:11:11.0000000","dbh":"39","planteddate":null,"updateddate":"2021-12-29 16:13:40.0000000","geometry":"POINT(-74.05796864783582 40.608134774348166)","genusspecies":"Prunus serotina - black cherry"}},{"type":"Feature","geometry":{"type":"Point","coordinates":[-73.95291368539323,40.82983342438799]},"properties":{"tpcondition":"Fair","stumpdiameter":null,"riskratingdate":"2019-10-01 15:59:02.0000000","riskrating":"6","objectid":"5107182","globalid":"25EF66A9-BED2-4D73-B80D-BCB580E5D50D","tpstructure":"Full","plantingspaceglobalid":"25EF66A9-BED2-4D73-B80D-BCB580E5D50D","createddate":"2017-11-15 11:11:11.0000000","dbh":"17","planteddate":null,"updateddate":"2019-10-01 15:59:02.0000000","geometry":"POINT(-73.95291368539323 40.82983342438799)","genusspecies":"Quercus palustris - pin oak"}},{"type":"Feature","geometry":{"type":"Point","coordinates":[-74.01315639297874,40.70224064630189]},"properties":{"tpcondition":"Good","stumpdiameter":"0","riskratingdate":null,"riskrating":null,"objectid":"5107183","globalid":"DFEDF16B-9A4C-47FB-8FFC-BAB4B801DC26","tpstructure":"Full","plantingspaceglobalid":"DFEDF16B-9A4C-47FB-8FFC-BAB4B801DC26","createddate":"2017-11-15 11:11:11.0000000","dbh":"6","planteddate":null,"updateddate":null,"geometry":"POINT(-74.01315639297874 40.70224064630189)","genusspecies":"Ailanthus altissima - tree of heaven"}},{"type":"Feature","geometry":{"type":"Point","coordinates":[-73.87659604339358,40.87860798565104]},"properties":{"tpcondition":"Fair","stumpdiameter":"0","riskratingdate":null,"riskrating":null,"objectid":"5107184","globalid":"822F09E0-9214-4B1E-966B-B3B99AAD59C0","tpstructure":"Full","plantingspaceglobalid":"822F09E0-9214-4B1E-966B-B3B99AAD59C0","createddate":"2017-11-15 11:11:11.0000000","dbh":"13","planteddate":null,"updateddate":"2017-12-04 10:48:56.0000000","geometry":"POINT(-73.87659604339358 40.87860798565104)","genusspecies":"Quercus palustris - pin oak"}},{"type":"Feature","geometry":{"type":"Point","coordinates":[-73.86931047389896,40.7583306314267]},"properties":{"tpcondition":"Good","stumpdiameter":"0","riskratingdate":null,"riskrating":null,"objectid":"5107185","globalid":"8D44DD76-9891-4FD6-9B76-86670476A7CC","tpstructure":"Full","plantingspaceglobalid":"8D44DD76-9891-4FD6-9B76-86670476A7CC","createddate":"2017-11-15 11:11:11.0000000","dbh":"4","planteddate":null,"updateddate":null,"geometry":"POINT(-73.86931047389896 40.7583306314267)","genusspecies":"Cornus florida - flowering dogwood"}},{"type":"Feature","geometry":{"type":"Point","coordinates":[-74.05807079207756,40.60829001532389]},"properties":{"tpcondition":"Fair","stumpdiameter":null,"riskratingdate":"2021-12-30 17:21:38.0000000","riskrating":"6","objectid":"5107186","globalid":"0A529505-83F5-4BCB-BF0D-69680AC118FF","tpstructure":"Full","plantingspaceglobalid":"0A529505-83F5-4BCB-BF0D-69680AC118FF","createddate":"2017-11-15 11:11:11.0000000","dbh":"11","planteddate":null,"updateddate":"2021-12-30 17:21:38.0000000","geometry":"POINT(-74.05807079207756 40.60829001532389)","genusspecies":"Celtis occidentalis - common hackberry"}},{"type":"Feature","geometry":{"type":"Point","coordinates":[-73.91977641708208,40.871706377361484]},"properties":{"tpcondition":"Good","stumpdiameter":"0","riskratingdate":null,"riskrating":null,"objectid":"5107187","globalid":"0403BE97-8726-4AAE-A591-48315A822001","tpstructure":"Full","plantingspaceglobalid":"0403BE97-8726-4AAE-A591-48315A822001","createddate":"2017-11-15 11:11:11.0000000","dbh":"6","planteddate":null,"updateddate":null,"geometry":"POINT(-73.91977641708208 40.871706377361484)","genusspecies":"Quercus imbricaria - shingle oak"}},{"type":"Feature","geometry":{"type":"Point","coordinates":[-73.94393934610909,40.75282072705724]},"properties":{"tpcondition":"Good","stumpdiameter":null,"riskratingdate":"2025-09-22 16:00:33.0000000","riskrating":"8","objectid":"5107188","globalid":"CF2CB8B1-79E4-4FAA-B851-142AAD58F56C","tpstructure":"Full","plantingspaceglobalid":"CF2CB8B1-79E4-4FAA-B851-142AAD58F56C","createddate":"2017-11-15 11:11:11.0000000","dbh":"26","planteddate":null,"updateddate":"2025-09-22 16:00:33.0000000","geometry":"POINT(-73.94393934610909 40.75282072705724)","genusspecies":"Platanus x acerifolia - London planetree"}},{"type":"Feature","geometry":{"type":"Point","coordinates":[-74.0901531868952,40.602246437382796]},"properties":{"tpcondition":"Fair","stumpdiameter":null,"riskratingdate":"2023-06-30 17:59:02.0000000","riskrating":"7","objectid":"5107189","globalid":"8545F7B3-3FA1-42C4-A817-024794480A2D","tpstructure":"Full","plantingspaceglobalid":"8545F7B3-3FA1-42C4-A817-024794480A2D","createddate":"2017-11-15 11:11:11.0000000","dbh":"18","planteddate":null,"updateddate":"2023-06-30 17:59:02.0000000","geometry":"POINT(-74.0901531868952 40.602246437382796)","genusspecies":"Platanus x acerifolia - London planetree"}},{"type":"Feature","geometry":{"type":"Point","coordinates":[-73.9357036593837,40.818753201294555]},"properties":{"tpcondition":"Good","stumpdiameter":null,"riskratingdate":"2025-09-26 16:05:36.0000000","riskrating":"5","objectid":"5107190","globalid":"E1992C2C-C466-4896-9197-E1CBFEA7DF19","tpstructure":"Full","plantingspaceglobalid":"E1992C2C-C466-4896-9197-E1CBFEA7DF19","createddate":"2017-11-15 11:11:11.0000000","dbh":"6","planteddate":null,"updateddate":"2025-09-26 16:05:36.0000000","geometry":"POINT(-73.9357036593837 40.818753201294555)","genusspecies":"Catalpa - catalpa"}},{"type":"Feature","geometry":{"type":"Point","coordinates":[-73.96246530993044,40.81292019064068]},"properties":{"tpcondition":"Fair","stumpdiameter":null,"riskratingdate":"2024-10-31 17:18:33.0000000","riskrating":"6","objectid":"5107191","globalid":"FE0096AD-B2E5-4B47-8B9A-954A5C2098E7","tpstructure":"Full","plantingspaceglobalid":"FE0096AD-B2E5-4B47-8B9A-954A5C2098E7","createddate":"2017-11-15 11:11:11.0000000","dbh":"23","planteddate":null,"updateddate":"2024-10-31 17:18:33.0000000","geometry":"POINT(-73.96246530993044 40.81292019064068)","genusspecies":"Tilia cordata - littleleaf linden"}},{"type":"Feature","geometry":{"type":"Point","coordinates":[-73.82119471318606,40.71156048958674]},"properties":{"tpcondition":"Fair","stumpdiameter":"0","riskratingdate":null,"riskrating":null,"objectid":"5107192","globalid":"A40F4B39-FEA5-4C84-8B8D-81649B23679F","tpstructure":"Full","plantingspaceglobalid":"A40F4B39-FEA5-4C84-8B8D-81649B23679F","createddate":"2017-11-15 11:11:11.0000000","dbh":"13","planteddate":null,"updateddate":null,"geometry":"POINT(-73.82119471318606 40.71156048958674)","genusspecies":"Gleditsia triacanthos var. inermis - Thornless honeylocust"}},{"type":"Feature","geometry":{"type":"Point","coordinates":[-73.89404619094401,40.65322248491573]},"properties":{"tpcondition":"Good","stumpdiameter":"0","riskratingdate":null,"riskrating":null,"objectid":"5107193","globalid":"55C11283-9381-4204-A7F0-52842A6F2309","tpstructure":"Full","plantingspaceglobalid":"55C11283-9381-4204-A7F0-52842A6F2309","createddate":"2017-11-15 11:11:11.0000000","dbh":"10","planteddate":null,"updateddate":null,"geometry":"POINT(-73.89404619094401 40.65322248491573)","genusspecies":"Lagerstroemia - lagerstroemia"}},{"type":"Feature","geometry":{"type":"Point","coordinates":[-73.83809048413413,40.873247417424295]},"properties":{"tpcondition":"Fair","stumpdiameter":"0","riskratingdate":null,"riskrating":null,"objectid":"5107194","globalid":"42265349-B17D-4DF8-AA81-48C7B8F9B9E2","tpstructure":"Full","plantingspaceglobalid":"42265349-B17D-4DF8-AA81-48C7B8F9B9E2","createddate":"2017-11-15 11:11:11.0000000","dbh":"12","planteddate":null,"updateddate":null,"geometry":"POINT(-73.83809048413413 40.873247417424295)","genusspecies":"Quercus - Oak"}},{"type":"Feature","geometry":{"type":"Point","coordinates":[-73.9099840151078,40.74735615991664]},"properties":{"tpcondition":"Fair","stumpdiameter":null,"riskratingdate":"2022-03-22 13:52:55.0000000","riskrating":"6","objectid":"5107197","globalid":"0219A99D-A741-41F3-B90D-22047CDD5817","tpstructure":"Full","plantingspaceglobalid":"0219A99D-A741-41F3-B90D-22047CDD5817","createddate":"2017-11-15 11:11:11.0000000","dbh":"6","planteddate":null,"updateddate":"2022-03-22 13:52:55.0000000","geometry":"POINT(-73.9099840151078 40.74735615991664)","genusspecies":"Malus - apple"}},{"type":"Feature","geometry":{"type":"Point","coordinates":[-73.83857187330574,40.87315158368413]},"properties":{"tpcondition":"Good","stumpdiameter":"0","riskratingdate":null,"riskrating":null,"objectid":"5107199","globalid":"FCA85EB8-742C-4191-A80F-1192562B332C","tpstructure":"Full","plantingspaceglobalid":"FCA85EB8-742C-4191-A80F-1192562B332C","createddate":"2017-11-15 11:11:11.0000000","dbh":"48","planteddate":null,"updateddate":null,"geometry":"POINT(-73.83857187330574 40.87315158368413)","genusspecies":"Quercus palustris - pin oak"}},{"type":"Feature","geometry":{"type":"Point","coordinates":[-73.94030943413493,40.846305325493084]},"properties":{"tpcondition":"Fair","stumpdiameter":null,"riskratingdate":"2024-11-22 20:12:06.0000000","riskrating":"5","objectid":"5107200","globalid":"D375535D-3908-4D05-A14C-D8B8961364AE","tpstructure":"Full","plantingspaceglobalid":"D375535D-3908-4D05-A14C-D8B8961364AE","createddate":"2017-11-15 11:11:11.0000000","dbh":"13","planteddate":null,"updateddate":"2024-11-22 20:12:06.0000000","geometry":"POINT(-73.94030943413493 40.846305325493084)","genusspecies":"Robinia pseudoacacia - black locust"}},{"type":"Feature","geometry":{"type":"Point","coordinates":[-73.92000863531507,40.8719385527497]},"properties":{"tpcondition":"Fair","stumpdiameter":"0","riskratingdate":"2019-04-12 08:57:48.0000000","riskrating":"6","objectid":"5107201","globalid":"A8321906-D4A3-4B6D-87A7-BD630CB67A2A","tpstructure":"Full","plantingspaceglobalid":"A8321906-D4A3-4B6D-87A7-BD630CB67A2A","createddate":"2017-11-15 11:11:11.0000000","dbh":"13","planteddate":null,"updateddate":"2019-04-12 13:19:39.0000000","geometry":"POINT(-73.92000863531507 40.8719385527497)","genusspecies":"Liquidambar styraciflua - sweetgum"}},{"type":"Feature","geometry":{"type":"Point","coordinates":[-73.95587004080762,40.82352504529097]},"properties":{"tpcondition":"Fair","stumpdiameter":null,"riskratingdate":"2025-04-15 11:20:55.0000000","riskrating":"6","objectid":"5107203","globalid":"18B0CF55-97C4-4A7E-878B-A1396DAC9F7E","tpstructure":"Full","plantingspaceglobalid":"18B0CF55-97C4-4A7E-878B-A1396DAC9F7E","createddate":"2017-11-15 11:11:11.0000000","dbh":"18","planteddate":null,"updateddate":"2025-04-15 11:20:55.0000000","geometry":"POINT(-73.95587004080762 40.82352504529097)","genusspecies":"Gleditsia triacanthos var. inermis - Thornless honeylocust"}},{"type":"Feature","geometry":{"type":"Point","coordinates":[-73.98949478334393,40.697772264220006]},"properties":{"tpcondition":"Good","stumpdiameter":"0","riskratingdate":null,"riskrating":null,"objectid":"5107204","globalid":"0CBEC1BB-5A23-48ED-8921-8BF2CF5131CC","tpstructure":"Full","plantingspaceglobalid":"0CBEC1BB-5A23-48ED-8921-8BF2CF5131CC","createddate":"2017-11-15 11:11:11.0000000","dbh":"5","planteddate":null,"updateddate":null,"geometry":"POINT(-73.98949478334393 40.697772264220006)","genusspecies":"Platanus x acerifolia - London planetree"}},{"type":"Feature","geometry":{"type":"Point","coordinates":[-73.93592381685039,40.79215430794637]},"properties":{"tpcondition":"Fair","stumpdiameter":null,"riskratingdate":"2025-07-02 16:15:31.0000000","riskrating":"5","objectid":"5107205","globalid":"DF63B167-FDDA-4777-B4DD-67F94937CAE3","tpstructure":"Full","plantingspaceglobalid":"DF63B167-FDDA-4777-B4DD-67F94937CAE3","createddate":"2017-11-15 11:11:11.0000000","dbh":"24","planteddate":null,"updateddate":"2025-07-02 16:15:31.0000000","geometry":"POINT(-73.93592381685039 40.79215430794637)","genusspecies":"Platanus x acerifolia - London planetree"}},{"type":"Feature","geometry":{"type":"Point","coordinates":[-73.88448481181419,40.84555471156041]},"properties":{"tpcondition":"Good","stumpdiameter":null,"riskratingdate":"2022-02-06 06:35:11.0000000","riskrating":"8","objectid":"5107206","globalid":"43DCFC6E-5335-4980-8DAC-659F6F94601F","tpstructure":"Full","plantingspaceglobalid":"43DCFC6E-5335-4980-8DAC-659F6F94601F","createddate":"2017-11-15 11:11:11.0000000","dbh":"20","planteddate":null,"updateddate":"2022-02-06 06:35:11.0000000","geometry":"POINT(-73.88448481181419 40.84555471156041)","genusspecies":"Gleditsia triacanthos var. inermis - Thornless honeylocust"}},{"type":"Feature","geometry":{"type":"Point","coordinates":[-74.176735711476,40.6259177883987]},"properties":{"tpcondition":"Fair","stumpdiameter":"0","riskratingdate":null,"riskrating":null,"objectid":"5107207","globalid":"86AFB942-E5CC-4FC2-B27E-5AC19665345B","tpstructure":"Full","plantingspaceglobalid":"86AFB942-E5CC-4FC2-B27E-5AC19665345B","createddate":"2017-11-15 11:11:11.0000000","dbh":"20","planteddate":null,"updateddate":null,"geometry":"POINT(-74.176735711476 40.6259177883987)","genusspecies":"Quercus palustris - pin oak"}},{"type":"Feature","geometry":{"type":"Point","coordinates":[-74.16176154675604,40.61758233965015]},"properties":{"tpcondition":"Good","stumpdiameter":"0","riskratingdate":null,"riskrating":null,"objectid":"5107208","globalid":"5614C5C8-5C67-43FF-B6D6-3DA33193DC44","tpstructure":"Full","plantingspaceglobalid":"5614C5C8-5C67-43FF-B6D6-3DA33193DC44","createddate":"2017-11-15 11:11:11.0000000","dbh":"26","planteddate":null,"updateddate":null,"geometry":"POINT(-74.16176154675604 40.61758233965015)","genusspecies":"Quercus alba - white oak"}},{"type":"Feature","geometry":{"type":"Point","coordinates":[-73.87581837248756,40.8775340576651]},"properties":{"tpcondition":"Good","stumpdiameter":"0","riskratingdate":null,"riskrating":null,"objectid":"5107209","globalid":"69D6BECC-60F5-4543-AF2A-32727747721F","tpstructure":"Full","plantingspaceglobalid":"69D6BECC-60F5-4543-AF2A-32727747721F","createddate":"2017-11-15 11:11:11.0000000","dbh":"3","planteddate":null,"updateddate":"2017-11-29 09:45:05.0000000","geometry":"POINT(-73.87581837248756 40.8775340576651)","genusspecies":"Quercus rubra - northern red oak"}},{"type":"Feature","geometry":{"type":"Point","coordinates":[-73.90858876044211,40.862911621756304]},"properties":{"tpcondition":"Good","stumpdiameter":"0","riskratingdate":"2018-03-23 13:43:34.0000000","riskrating":"3","objectid":"5107210","globalid":"1FC8349E-D3B8-4F28-881C-0D324E06A587","tpstructure":"Full","plantingspaceglobalid":"1FC8349E-D3B8-4F28-881C-0D324E06A587","createddate":"2017-11-15 11:11:11.0000000","dbh":"11","planteddate":null,"updateddate":"2018-03-23 13:43:34.0000000","geometry":"POINT(-73.90858876044211 40.862911621756304)","genusspecies":"Thuja occidentalis - arborvitae"}},{"type":"Feature","geometry":{"type":"Point","coordinates":[-73.9943030734461,40.7169066747281]},"properties":{"tpcondition":"Good","stumpdiameter":"0","riskratingdate":null,"riskrating":null,"objectid":"5107211","globalid":"0BA74BE9-2965-4648-B3E9-C92A9FBC8AF4","tpstructure":"Retired","plantingspaceglobalid":"97569240-5A23-4442-B69F-8B24861D559E","createddate":"2017-11-15 11:11:11.0000000","dbh":"8","planteddate":null,"updateddate":"2018-03-30 09:29:25.0000000","geometry":"POINT(-73.9943030734461 40.7169066747281)","genusspecies":"Styphnolobium japonicum - Japanese pagoda tree"}},{"type":"Feature","geometry":{"type":"Point","coordinates":[-73.93441006082283,40.79311578255142]},"properties":{"tpcondition":"Fair","stumpdiameter":null,"riskratingdate":"2025-07-01 11:57:14.0000000","riskrating":"5","objectid":"5107212","globalid":"2C338AE8-E521-4CCF-B8D3-A33F804767F7","tpstructure":"Full","plantingspaceglobalid":"2C338AE8-E521-4CCF-B8D3-A33F804767F7","createddate":"2017-11-15 11:11:11.0000000","dbh":"13","planteddate":null,"updateddate":"2025-07-01 11:57:14.0000000","geometry":"POINT(-73.93441006082283 40.79311578255142)","genusspecies":"Gleditsia triacanthos var. inermis - Thornless honeylocust"}},{"type":"Feature","geometry":{"type":"Point","coordinates":[-73.94417558550316,40.72439564079315]},"properties":{"tpcondition":"Good","stumpdiameter":null,"riskratingdate":"2025-08-11 16:35:36.0000000","riskrating":"6","objectid":"5107213","globalid":"250A033A-FD5C-4EBE-9B7D-859EDEF1322F","tpstructure":"Full","plantingspaceglobalid":"250A033A-FD5C-4EBE-9B7D-859EDEF1322F","createddate":"2017-11-15 11:11:11.0000000","dbh":"34","planteddate":null,"updateddate":"2025-08-11 16:35:36.0000000","geometry":"POINT(-73.94417558550316 40.72439564079315)","genusspecies":"Fraxinus americana - white ash"}},{"type":"Feature","geometry":{"type":"Point","coordinates":[-73.93449841383865,40.79302173141893]},"properties":{"tpcondition":"Fair","stumpdiameter":null,"riskratingdate":"2025-07-01 11:46:30.0000000","riskrating":"5","objectid":"5107214","globalid":"F483ED24-6320-4FD8-BA1E-82007C09C055","tpstructure":"Full","plantingspaceglobalid":"F483ED24-6320-4FD8-BA1E-82007C09C055","createddate":"2017-11-15 11:11:11.0000000","dbh":"15","planteddate":null,"updateddate":"2025-07-01 11:46:30.0000000","geometry":"POINT(-73.93449841383865 40.79302173141893)","genusspecies":"Gleditsia triacanthos var. inermis - Thornless honeylocust"}},{"type":"Feature","geometry":{"type":"Point","coordinates":[-73.93632534974313,40.71645086808041]},"properties":{"tpcondition":"Good","stumpdiameter":"0","riskratingdate":null,"riskrating":null,"objectid":"5107215","globalid":"86F178E1-05F5-4380-8515-6DD770ECDE03","tpstructure":"Full","plantingspaceglobalid":"86F178E1-05F5-4380-8515-6DD770ECDE03","createddate":"2017-11-15 11:11:11.0000000","dbh":"18","planteddate":null,"updateddate":null,"geometry":"POINT(-73.93632534974313 40.71645086808041)","genusspecies":"Taxodium distichum - bald cypress"}},{"type":"Feature","geometry":{"type":"Point","coordinates":[-73.88533881476361,40.84341683139315]},"properties":{"tpcondition":"Good","stumpdiameter":null,"riskratingdate":"2024-07-31 16:12:24.0000000","riskrating":"4","objectid":"5107216","globalid":"7E2AD9AC-D560-4334-B07D-60560246B850","tpstructure":"Full","plantingspaceglobalid":"7E2AD9AC-D560-4334-B07D-60560246B850","createddate":"2017-11-15 11:11:11.0000000","dbh":"5","planteddate":null,"updateddate":"2024-07-31 16:12:24.0000000","geometry":"POINT(-73.88533881476361 40.84341683139315)","genusspecies":"Quercus palustris - pin oak"}},{"type":"Feature","geometry":{"type":"Point","coordinates":[-73.89465701683156,40.84631463499175]},"properties":{"tpcondition":"Good","stumpdiameter":"0","riskratingdate":null,"riskrating":null,"objectid":"5107217","globalid":"96D29B26-2FB4-4928-8AC7-56997D11982D","tpstructure":"Full","plantingspaceglobalid":"96D29B26-2FB4-4928-8AC7-56997D11982D","createddate":"2017-11-15 11:11:11.0000000","dbh":"21","planteddate":null,"updateddate":"2018-02-01 09:41:52.0000000","geometry":"POINT(-73.89465701683156 40.84631463499175)","genusspecies":"Tilia cordata - littleleaf linden"}},{"type":"Feature","geometry":{"type":"Point","coordinates":[-73.91923278880321,40.88104055579968]},"properties":{"tpcondition":"Good","stumpdiameter":"0","riskratingdate":null,"riskrating":null,"objectid":"5107218","globalid":"47AA1299-5BCE-40C3-81C0-42AE38B1CF79","tpstructure":"Full","plantingspaceglobalid":"47AA1299-5BCE-40C3-81C0-42AE38B1CF79","createddate":"2017-11-15 11:11:11.0000000","dbh":"2","planteddate":null,"updateddate":null,"geometry":"POINT(-73.91923278880321 40.88104055579968)","genusspecies":"Crataegus - Hawthorn"}},{"type":"Feature","geometry":{"type":"Point","coordinates":[-73.89761340598862,40.86411495045403]},"properties":{"tpcondition":"Good","stumpdiameter":null,"riskratingdate":"2025-02-03 16:36:20.0000000","riskrating":"6","objectid":"5107219","globalid":"70707B12-0C19-4F90-8D05-048812CC34D6","tpstructure":"Full","plantingspaceglobalid":"70707B12-0C19-4F90-8D05-048812CC34D6","createddate":"2017-11-15 11:11:11.0000000","dbh":"10","planteddate":null,"updateddate":"2025-02-03 16:36:20.0000000","geometry":"POINT(-73.89761340598862 40.86411495045403)","genusspecies":"Acer rubrum - red maple"}},{"type":"Feature","geometry":{"type":"Point","coordinates":[-73.9520887985908,40.82994753235077]},"properties":{"tpcondition":"Good","stumpdiameter":"0","riskratingdate":null,"riskrating":null,"objectid":"5107220","globalid":"19333A87-AD37-4CCC-9D97-001A37368A6D","tpstructure":"Full","plantingspaceglobalid":"19333A87-AD37-4CCC-9D97-001A37368A6D","createddate":"2017-11-15 11:11:11.0000000","dbh":"5","planteddate":null,"updateddate":null,"geometry":"POINT(-73.9520887985908 40.82994753235077)","genusspecies":"Morus - mulberry"}},{"type":"Feature","geometry":{"type":"Point","coordinates":[-73.91040056759964,40.88233463468819]},"properties":{"tpcondition":"Good","stumpdiameter":"0","riskratingdate":"2019-09-12 15:15:07.0000000","riskrating":"3","objectid":"5107221","globalid":"05932DBE-B1E8-40DB-8107-D4AA5B485A44","tpstructure":"Full","plantingspaceglobalid":"05932DBE-B1E8-40DB-8107-D4AA5B485A44","createddate":"2017-11-15 11:11:11.0000000","dbh":"27","planteddate":null,"updateddate":"2019-09-12 19:15:09.0000000","geometry":"POINT(-73.91040056759964 40.88233463468819)","genusspecies":"Robinia pseudoacacia - black locust"}},{"type":"Feature","geometry":{"type":"Point","coordinates":[-73.9364285072305,40.818943840273946]},"properties":{"tpcondition":"Fair","stumpdiameter":"0","riskratingdate":null,"riskrating":null,"objectid":"5107223","globalid":"F23641C9-AE20-434B-96D2-BFDDAE2A858C","tpstructure":"Full","plantingspaceglobalid":"F23641C9-AE20-434B-96D2-BFDDAE2A858C","createddate":"2017-11-15 11:11:11.0000000","dbh":"3","planteddate":null,"updateddate":null,"geometry":"POINT(-73.9364285072305 40.818943840273946)","genusspecies":"Metasequoia glyptostroboides - dawn redwood"}},{"type":"Feature","geometry":{"type":"Point","coordinates":[-73.8784846608331,40.877693821980564]},"properties":{"tpcondition":"Fair","stumpdiameter":null,"riskratingdate":"2023-09-11 18:48:35.0000000","riskrating":"6","objectid":"5107224","globalid":"DB93340B-C2A7-4935-8C59-AF533109778B","tpstructure":"Full","plantingspaceglobalid":"DB93340B-C2A7-4935-8C59-AF533109778B","createddate":"2017-11-15 11:11:11.0000000","dbh":"19","planteddate":null,"updateddate":"2023-09-11 18:48:35.0000000","geometry":"POINT(-73.8784846608331 40.877693821980564)","genusspecies":"Quercus palustris - pin oak"}},{"type":"Feature","geometry":{"type":"Point","coordinates":[-73.94414695187933,40.779608193008976]},"properties":{"tpcondition":"Good","stumpdiameter":null,"riskratingdate":"2022-06-01 16:29:52.0000000","riskrating":"3","objectid":"5107226","globalid":"5CC1B8E7-5B76-4664-99C5-93CF374812DC","tpstructure":"Full","plantingspaceglobalid":"5CC1B8E7-5B76-4664-99C5-93CF374812DC","createddate":"2017-11-15 11:11:11.0000000","dbh":"3","planteddate":null,"updateddate":"2022-06-01 16:29:52.0000000","geometry":"POINT(-73.94414695187933 40.779608193008976)","genusspecies":"Cercis canadensis - eastern redbud"}},{"type":"Feature","geometry":{"type":"Point","coordinates":[-73.97479678205929,40.71735724262857]},"properties":{"tpcondition":"Dead","stumpdiameter":"0","riskratingdate":null,"riskrating":null,"objectid":"5107227","globalid":"0B34B6B9-9F66-499F-BA0E-5B829B955AD8","tpstructure":"Retired","plantingspaceglobalid":"0B34B6B9-9F66-499F-BA0E-5B829B955AD8","createddate":"2017-11-15 11:11:11.0000000","dbh":"3","planteddate":null,"updateddate":"2024-10-22 19:48:18.0000000","geometry":"POINT(-73.97479678205929 40.71735724262857)","genusspecies":"Parrotia persica - Persian ironwood"}},{"type":"Feature","geometry":{"type":"Point","coordinates":[-73.73165946527935,40.73256696240893]},"properties":{"tpcondition":"Fair","stumpdiameter":null,"riskratingdate":"2023-11-16 13:27:41.0000000","riskrating":"9","objectid":"5107228","globalid":"947E3903-4751-4D4C-A214-44A9EF716A33","tpstructure":"Full","plantingspaceglobalid":"947E3903-4751-4D4C-A214-44A9EF716A33","createddate":"2017-11-15 11:11:11.0000000","dbh":"17","planteddate":null,"updateddate":"2023-11-16 13:27:41.0000000","geometry":"POINT(-73.73165946527935 40.73256696240893)","genusspecies":"Quercus phellos - willow oak"}},{"type":"Feature","geometry":{"type":"Point","coordinates":[-73.92431732363384,40.8327185658335]},"properties":{"tpcondition":"Good","stumpdiameter":"0","riskratingdate":null,"riskrating":null,"objectid":"5107230","globalid":"0009A495-D6C9-4A3B-BA23-1049CB8D7C0D","tpstructure":"Full","plantingspaceglobalid":"0009A495-D6C9-4A3B-BA23-1049CB8D7C0D","createddate":"2017-11-15 11:11:11.0000000","dbh":"8","planteddate":null,"updateddate":"2018-04-27 12:47:54.0000000","geometry":"POINT(-73.92431732363384 40.8327185658335)","genusspecies":"Quercus palustris - pin oak"}},{"type":"Feature","geometry":{"type":"Point","coordinates":[-73.92283436157115,40.8289876675291]},"properties":{"tpcondition":"Good","stumpdiameter":null,"riskratingdate":"2024-05-03 12:29:10.0000000","riskrating":"6","objectid":"5107232","globalid":"C61C68A7-B432-450A-89EF-F58351F5C9F3","tpstructure":"Full","plantingspaceglobalid":"C61C68A7-B432-450A-89EF-F58351F5C9F3","createddate":"2017-11-15 11:11:11.0000000","dbh":"10","planteddate":null,"updateddate":"2024-05-03 12:29:10.0000000","geometry":"POINT(-73.92283436157115 40.8289876675291)","genusspecies":"Magnolia grandiflora - southern magnolia"}},{"type":"Feature","geometry":{"type":"Point","coordinates":[-73.84824542341063,40.7261462673661]},"properties":{"tpcondition":"Good","stumpdiameter":"0","riskratingdate":null,"riskrating":null,"objectid":"5107233","globalid":"2A36C315-8DDF-448D-A42B-F0B68B4A8499","tpstructure":"Full","plantingspaceglobalid":"2A36C315-8DDF-448D-A42B-F0B68B4A8499","createddate":"2017-11-15 11:11:11.0000000","dbh":"2","planteddate":null,"updateddate":null,"geometry":"POINT(-73.84824542341063 40.7261462673661)","genusspecies":"Cercis canadensis - eastern redbud"}},{"type":"Feature","geometry":{"type":"Point","coordinates":[-73.87632771726224,40.877662269446446]},"properties":{"tpcondition":"Fair","stumpdiameter":null,"riskratingdate":"2023-09-14 18:10:44.0000000","riskrating":"8","objectid":"5107234","globalid":"40767B02-95AC-4939-855A-EF82C87D537B","tpstructure":"Full","plantingspaceglobalid":"40767B02-95AC-4939-855A-EF82C87D537B","createddate":"2017-11-15 11:11:11.0000000","dbh":"19","planteddate":null,"updateddate":"2023-09-14 18:10:44.0000000","geometry":"POINT(-73.87632771726224 40.877662269446446)","genusspecies":"Quercus palustris - pin oak"}},{"type":"Feature","geometry":{"type":"Point","coordinates":[-73.82177877731633,40.69401475355143]},"properties":{"tpcondition":"Good","stumpdiameter":"0","riskratingdate":"2020-07-10 16:31:17.0000000","riskrating":"9","objectid":"5107236","globalid":"FD8BC52F-069A-425F-A641-702057327232","tpstructure":"Full","plantingspaceglobalid":"FD8BC52F-069A-425F-A641-702057327232","createddate":"2017-11-15 11:11:11.0000000","dbh":"17","planteddate":null,"updateddate":"2020-07-10 16:31:17.0000000","geometry":"POINT(-73.82177877731633 40.69401475355143)","genusspecies":"Platanus x acerifolia - London planetree"}},{"type":"Feature","geometry":{"type":"Point","coordinates":[-73.73500455471276,40.76151399109536]},"properties":{"tpcondition":"Dead","stumpdiameter":"0","riskratingdate":null,"riskrating":null,"objectid":"5107237","globalid":"57D443BF-9C2E-4463-926B-6C64390FFBAE","tpstructure":"Full","plantingspaceglobalid":"57D443BF-9C2E-4463-926B-6C64390FFBAE","createddate":"2017-11-15 11:11:11.0000000","dbh":"23","planteddate":null,"updateddate":null,"geometry":"POINT(-73.73500455471276 40.76151399109536)","genusspecies":"Unknown - Unknown"}},{"type":"Feature","geometry":{"type":"Point","coordinates":[-73.87653273229094,40.87847895625459]},"properties":{"tpcondition":"Fair","stumpdiameter":"0","riskratingdate":null,"riskrating":null,"objectid":"5107238","globalid":"9AD338FE-1CF7-478E-BA0A-529426C7CBD2","tpstructure":"Full","plantingspaceglobalid":"9AD338FE-1CF7-478E-BA0A-529426C7CBD2","createddate":"2017-11-15 11:11:11.0000000","dbh":"24","planteddate":null,"updateddate":"2017-12-05 09:03:15.0000000","geometry":"POINT(-73.87653273229094 40.87847895625459)","genusspecies":"Quercus palustris - pin oak"}},{"type":"Feature","geometry":{"type":"Point","coordinates":[-73.8985686832623,40.864968963818754]},"properties":{"tpcondition":"Fair","stumpdiameter":null,"riskratingdate":"2025-02-04 16:13:49.0000000","riskrating":"5","objectid":"5107239","globalid":"D2CCFF90-71DC-4CA6-B372-391CD07EEB77","tpstructure":"Full","plantingspaceglobalid":"D2CCFF90-71DC-4CA6-B372-391CD07EEB77","createddate":"2017-11-15 11:11:11.0000000","dbh":"13","planteddate":null,"updateddate":"2025-02-04 16:13:49.0000000","geometry":"POINT(-73.8985686832623 40.864968963818754)","genusspecies":"Acer rubrum - red maple"}},{"type":"Feature","geometry":{"type":"Point","coordinates":[-73.98915262883231,40.697666368527614]},"properties":{"tpcondition":"Good","stumpdiameter":"0","riskratingdate":null,"riskrating":null,"objectid":"5107240","globalid":"1E685B3F-124A-40F0-8972-2D1D888356B7","tpstructure":"Full","plantingspaceglobalid":"1E685B3F-124A-40F0-8972-2D1D888356B7","createddate":"2017-11-15 11:11:11.0000000","dbh":"4","planteddate":null,"updateddate":null,"geometry":"POINT(-73.98915262883231 40.697666368527614)","genusspecies":"Quercus rubra - northern red oak"}},{"type":"Feature","geometry":{"type":"Point","coordinates":[-73.97889419336474,40.711819742489524]},"properties":{"tpcondition":"Good","stumpdiameter":"0","riskratingdate":null,"riskrating":null,"objectid":"5107241","globalid":"BDE2E5B9-F32C-4131-B02A-EE968AD28E46","tpstructure":"Retired","plantingspaceglobalid":"BDE2E5B9-F32C-4131-B02A-EE968AD28E46","createddate":"2017-11-15 11:11:11.0000000","dbh":"17","planteddate":null,"updateddate":"2022-04-20 15:19:00.0000000","geometry":"POINT(-73.97889419336474 40.711819742489524)","genusspecies":"Tilia x. europaea - Common linden"}},{"type":"Feature","geometry":{"type":"Point","coordinates":[-73.91946479765872,40.88150451277586]},"properties":{"tpcondition":"Fair","stumpdiameter":null,"riskratingdate":"2024-08-09 11:47:31.0000000","riskrating":"6","objectid":"5107242","globalid":"3E7E3546-4BD7-46F9-92C2-D3F1116FA605","tpstructure":"Full","plantingspaceglobalid":"3E7E3546-4BD7-46F9-92C2-D3F1116FA605","createddate":"2017-11-15 11:11:11.0000000","dbh":"7","planteddate":null,"updateddate":"2024-08-09 11:47:31.0000000","geometry":"POINT(-73.91946479765872 40.88150451277586)","genusspecies":"Malus - apple"}},{"type":"Feature","geometry":{"type":"Point","coordinates":[-73.97630388879078,40.79489254271708]},"properties":{"tpcondition":"Good","stumpdiameter":"0","riskratingdate":null,"riskrating":null,"objectid":"5107243","globalid":"BEB9B6F2-BB50-4BF5-9E25-916F51CE264B","tpstructure":"Full","plantingspaceglobalid":"BEB9B6F2-BB50-4BF5-9E25-916F51CE264B","createddate":"2017-11-15 11:11:11.0000000","dbh":"7","planteddate":null,"updateddate":null,"geometry":"POINT(-73.97630388879078 40.79489254271708)","genusspecies":"Prunus serotina - black cherry"}},{"type":"Feature","geometry":{"type":"Point","coordinates":[-74.00968339198671,40.70251874113448]},"properties":{"tpcondition":"Good","stumpdiameter":null,"riskratingdate":"2022-06-02 14:31:57.0000000","riskrating":"7","objectid":"5107244","globalid":"3F587A14-EDA8-4FC2-99BC-853CAE102656","tpstructure":"Full","plantingspaceglobalid":"3F587A14-EDA8-4FC2-99BC-853CAE102656","createddate":"2017-11-15 11:11:11.0000000","dbh":"13","planteddate":null,"updateddate":"2022-06-02 14:31:57.0000000","geometry":"POINT(-74.00968339198671 40.70251874113448)","genusspecies":"Platanus x acerifolia - London planetree"}},{"type":"Feature","geometry":{"type":"Point","coordinates":[-73.96029976758902,40.72976517072015]},"properties":{"tpcondition":"Good","stumpdiameter":"0","riskratingdate":null,"riskrating":null,"objectid":"5107245","globalid":"59C5D6FE-D0BA-484D-9CB7-56251B28C624","tpstructure":"Full","plantingspaceglobalid":"59C5D6FE-D0BA-484D-9CB7-56251B28C624","createddate":"2017-11-15 11:11:11.0000000","dbh":"4","planteddate":null,"updateddate":null,"geometry":"POINT(-73.96029976758902 40.72976517072015)","genusspecies":"Liquidambar styraciflua - sweetgum"}},{"type":"Feature","geometry":{"type":"Point","coordinates":[-73.83865343880115,40.87366621014701]},"properties":{"tpcondition":"Unknown","stumpdiameter":"19","riskratingdate":null,"riskrating":null,"objectid":"5107246","globalid":"062FCCD9-FD33-4ACD-861E-51DA8A49B54F","tpstructure":"Retired","plantingspaceglobalid":"062FCCD9-FD33-4ACD-861E-51DA8A49B54F","createddate":"2017-11-15 11:11:00.0000000","dbh":"0","planteddate":null,"updateddate":"2019-10-01 16:50:00.0000000","geometry":"POINT(-73.83865343880115 40.87366621014701)","genusspecies":"Unknown - Unknown"}},{"type":"Feature","geometry":{"type":"Point","coordinates":[-73.9242922973454,40.8321021816961]},"properties":{"tpcondition":"Fair","stumpdiameter":"0","riskratingdate":null,"riskrating":null,"objectid":"5107247","globalid":"081191C6-5BD5-4DD8-AA0E-4F3ED900569B","tpstructure":"Full","plantingspaceglobalid":"081191C6-5BD5-4DD8-AA0E-4F3ED900569B","createddate":"2017-11-15 11:11:11.0000000","dbh":"33","planteddate":null,"updateddate":null,"geometry":"POINT(-73.9242922973454 40.8321021816961)","genusspecies":"Quercus rubra - northern red oak"}},{"type":"Feature","geometry":{"type":"Point","coordinates":[-73.95376237290066,40.8285746724323]},"properties":{"tpcondition":"Good","stumpdiameter":"0","riskratingdate":null,"riskrating":null,"objectid":"5107248","globalid":"CF2DBDD9-FDC6-4CC7-8C0C-2FCEA0A998ED","tpstructure":"Full","plantingspaceglobalid":"CF2DBDD9-FDC6-4CC7-8C0C-2FCEA0A998ED","createddate":"2017-11-15 11:11:11.0000000","dbh":"11","planteddate":null,"updateddate":null,"geometry":"POINT(-73.95376237290066 40.8285746724323)","genusspecies":"Pinus resinosa - red pine"}},{"type":"Feature","geometry":{"type":"Point","coordinates":[-73.94868586490941,40.7553722393013]},"properties":{"tpcondition":"Excellent","stumpdiameter":"0","riskratingdate":null,"riskrating":null,"objectid":"5107249","globalid":"0419F542-F11D-4670-9C5D-1DCB39216FDE","tpstructure":"Full","plantingspaceglobalid":"0419F542-F11D-4670-9C5D-1DCB39216FDE","createddate":"2017-11-15 11:11:11.0000000","dbh":"24","planteddate":null,"updateddate":null,"geometry":"POINT(-73.94868586490941 40.7553722393013)","genusspecies":"Liquidambar styraciflua - sweetgum"}},{"type":"Feature","geometry":{"type":"Point","coordinates":[-73.97645538829008,40.79456079431295]},"properties":{"tpcondition":"Good","stumpdiameter":"0","riskratingdate":null,"riskrating":null,"objectid":"5107250","globalid":"6F77D288-1145-4104-BDEC-E10153FD5D5D","tpstructure":"Full","plantingspaceglobalid":"6F77D288-1145-4104-BDEC-E10153FD5D5D","createddate":"2017-11-15 11:11:11.0000000","dbh":"5","planteddate":null,"updateddate":null,"geometry":"POINT(-73.97645538829008 40.79456079431295)","genusspecies":"Pinus - pine"}},{"type":"Feature","geometry":{"type":"Point","coordinates":[-73.86532603861434,40.673849863840324]},"properties":{"tpcondition":"Good","stumpdiameter":"0","riskratingdate":null,"riskrating":null,"objectid":"5107251","globalid":"7D814A87-1924-4E60-85B2-C2C8E881C980","tpstructure":"Full","plantingspaceglobalid":"7D814A87-1924-4E60-85B2-C2C8E881C980","createddate":"2017-11-15 11:11:11.0000000","dbh":"3","planteddate":null,"updateddate":null,"geometry":"POINT(-73.86532603861434 40.673849863840324)","genusspecies":"Amelanchier - serviceberry"}},{"type":"Feature","geometry":{"type":"Point","coordinates":[-74.14570784642405,40.624246360938976]},"properties":{"tpcondition":"Fair","stumpdiameter":null,"riskratingdate":"2022-05-03 15:43:02.0000000","riskrating":"6","objectid":"5107252","globalid":"33E80315-6FE1-464F-8E5B-BEDF773DA024","tpstructure":"Full","plantingspaceglobalid":"33E80315-6FE1-464F-8E5B-BEDF773DA024","createddate":"2017-11-15 11:11:11.0000000","dbh":"6","planteddate":null,"updateddate":"2022-05-03 15:43:02.0000000","geometry":"POINT(-74.14570784642405 40.624246360938976)","genusspecies":"Gleditsia triacanthos var. inermis - Thornless honeylocust"}},{"type":"Feature","geometry":{"type":"Point","coordinates":[-73.91941409682258,40.88152653325622]},"properties":{"tpcondition":"Good","stumpdiameter":"0","riskratingdate":null,"riskrating":null,"objectid":"5107253","globalid":"F2E94EDF-EB46-4EAF-9792-915D6E02D687","tpstructure":"Retired","plantingspaceglobalid":"F2E94EDF-EB46-4EAF-9792-915D6E02D687","createddate":"2017-11-15 11:11:11.0000000","dbh":"3","planteddate":null,"updateddate":"2024-08-09 14:01:32.0000000","geometry":"POINT(-73.91941409682258 40.88152653325622)","genusspecies":"Crataegus - Hawthorn"}},{"type":"Feature","geometry":{"type":"Point","coordinates":[-73.92162602174521,40.87089332370772]},"properties":{"tpcondition":"Good","stumpdiameter":"0","riskratingdate":null,"riskrating":null,"objectid":"5107254","globalid":"1F53B84E-2F01-449C-A2E1-8FFE4795C21B","tpstructure":"Full","plantingspaceglobalid":"1F53B84E-2F01-449C-A2E1-8FFE4795C21B","createddate":"2017-11-15 11:11:11.0000000","dbh":"20","planteddate":null,"updateddate":null,"geometry":"POINT(-73.92162602174521 40.87089332370772)","genusspecies":"Prunus - Cherry"}},{"type":"Feature","geometry":{"type":"Point","coordinates":[-73.95467854994908,40.8244952441803]},"properties":{"tpcondition":"Dead","stumpdiameter":"0","riskratingdate":null,"riskrating":null,"objectid":"5107255","globalid":"9C8DFB50-AF6A-4A04-A5ED-44C4704A0A4F","tpstructure":"Full","plantingspaceglobalid":"9C8DFB50-AF6A-4A04-A5ED-44C4704A0A4F","createddate":"2017-11-15 11:11:11.0000000","dbh":"5","planteddate":null,"updateddate":null,"geometry":"POINT(-73.95467854994908 40.8244952441803)","genusspecies":"Unknown - Unknown"}},{"type":"Feature","geometry":{"type":"Point","coordinates":[-73.7675994331091,40.77461735914868]},"properties":{"tpcondition":"Fair","stumpdiameter":"0","riskratingdate":"2019-06-12 10:19:41.0000000","riskrating":"6","objectid":"5107256","globalid":"F76DC50C-FBC1-4D70-87FC-29CF383FAA5C","tpstructure":"Full","plantingspaceglobalid":"F76DC50C-FBC1-4D70-87FC-29CF383FAA5C","createddate":"2017-11-15 11:11:11.0000000","dbh":"28","planteddate":null,"updateddate":"2019-06-12 14:19:42.0000000","geometry":"POINT(-73.7675994331091 40.77461735914868)","genusspecies":"Gleditsia triacanthos var. inermis - Thornless honeylocust"}},{"type":"Feature","geometry":{"type":"Point","coordinates":[-73.89618435291389,40.845021577022536]},"properties":{"tpcondition":"Good","stumpdiameter":"0","riskratingdate":null,"riskrating":null,"objectid":"5107257","globalid":"88A3CD2F-7195-400F-9362-2329E38C1111","tpstructure":"Full","plantingspaceglobalid":"88A3CD2F-7195-400F-9362-2329E38C1111","createddate":"2017-11-15 11:11:11.0000000","dbh":"10","planteddate":null,"updateddate":"2018-01-31 13:19:55.0000000","geometry":"POINT(-73.89618435291389 40.845021577022536)","genusspecies":"Prunus serotina - black cherry"}},{"type":"Feature","geometry":{"type":"Point","coordinates":[-73.98852682417358,40.74201734615644]},"properties":{"tpcondition":"Good","stumpdiameter":"0","riskratingdate":null,"riskrating":null,"objectid":"5107258","globalid":"3F0BB57B-64D5-4F7C-8489-1DF7185CDA5F","tpstructure":"Retired","plantingspaceglobalid":"3F0BB57B-64D5-4F7C-8489-1DF7185CDA5F","createddate":"2017-11-15 11:11:11.0000000","dbh":"24","planteddate":null,"updateddate":"2018-01-09 14:04:19.0000000","geometry":"POINT(-73.98852682417358 40.74201734615644)","genusspecies":"Ginkgo biloba - maidenhair tree"}},{"type":"Feature","geometry":{"type":"Point","coordinates":[-73.90472955310138,40.7452783241256]},"properties":{"tpcondition":"Good","stumpdiameter":"0","riskratingdate":null,"riskrating":null,"objectid":"5107260","globalid":"4B774560-DF6F-4943-9A78-090ACD390D11","tpstructure":"Full","plantingspaceglobalid":"4B774560-DF6F-4943-9A78-090ACD390D11","createddate":"2017-11-15 11:11:11.0000000","dbh":"14","planteddate":null,"updateddate":"2025-03-13 16:23:27.0000000","geometry":"POINT(-73.90472955310138 40.7452783241256)","genusspecies":"Quercus ellipsoidalis - northern pin oak"}},{"type":"Feature","geometry":{"type":"Point","coordinates":[-73.98139389940283,40.72698794849049]},"properties":{"tpcondition":"Good","stumpdiameter":"0","riskratingdate":null,"riskrating":null,"objectid":"5107261","globalid":"A6BC4B67-D239-4F48-B46C-CBF0E11D270C","tpstructure":"Full","plantingspaceglobalid":"A6BC4B67-D239-4F48-B46C-CBF0E11D270C","createddate":"2017-11-15 11:11:11.0000000","dbh":"4","planteddate":null,"updateddate":null,"geometry":"POINT(-73.98139389940283 40.72698794849049)","genusspecies":"Picea pungens 'Glauca' - 'Glauca' blue spruce"}},{"type":"Feature","geometry":{"type":"Point","coordinates":[-73.83900882774186,40.87402767304021]},"properties":{"tpcondition":"Poor","stumpdiameter":"20","riskratingdate":"2023-07-03 16:11:48.0000000","riskrating":"7","objectid":"5107262","globalid":"CAAED8CD-2F30-4580-A0D7-B14BE92F3A01","tpstructure":"Stump","plantingspaceglobalid":"CAAED8CD-2F30-4580-A0D7-B14BE92F3A01","createddate":"2017-11-15 11:11:11.0000000","dbh":"19","planteddate":null,"updateddate":"2024-07-22 15:50:21.0000000","geometry":"POINT(-73.83900882774186 40.87402767304021)","genusspecies":"Quercus rubra - northern red oak"}},{"type":"Feature","geometry":{"type":"Point","coordinates":[-73.9219003113509,40.87285825696818]},"properties":{"tpcondition":"Good","stumpdiameter":"0","riskratingdate":null,"riskrating":null,"objectid":"5107264","globalid":"F3A9199E-531C-4692-B0CD-A5C3FFC15585","tpstructure":"Full","plantingspaceglobalid":"F3A9199E-531C-4692-B0CD-A5C3FFC15585","createddate":"2017-11-15 11:11:11.0000000","dbh":"6","planteddate":null,"updateddate":null,"geometry":"POINT(-73.9219003113509 40.87285825696818)","genusspecies":"Quercus palustris - pin oak"}},{"type":"Feature","geometry":{"type":"Point","coordinates":[-73.91504428048736,40.67810083167637]},"properties":{"tpcondition":"Good","stumpdiameter":"0","riskratingdate":null,"riskrating":null,"objectid":"5107265","globalid":"53F8197F-31F0-4712-B9B5-A23930B57F22","tpstructure":"Full","plantingspaceglobalid":"53F8197F-31F0-4712-B9B5-A23930B57F22","createddate":"2017-11-15 11:11:11.0000000","dbh":"14","planteddate":null,"updateddate":"2017-12-06 11:37:28.0000000","geometry":"POINT(-73.91504428048736 40.67810083167637)","genusspecies":"Platanus x acerifolia - London planetree"}},{"type":"Feature","geometry":{"type":"Point","coordinates":[-73.88982588192363,40.88060895304138]},"properties":{"tpcondition":"Good","stumpdiameter":"0","riskratingdate":null,"riskrating":null,"objectid":"5107267","globalid":"AFE3FF93-5BBB-4AC7-A959-912229E27293","tpstructure":"Full","plantingspaceglobalid":"AFE3FF93-5BBB-4AC7-A959-912229E27293","createddate":"2017-11-15 11:11:11.0000000","dbh":"3","planteddate":null,"updateddate":null,"geometry":"POINT(-73.88982588192363 40.88060895304138)","genusspecies":"Quercus rubra - northern red oak"}},{"type":"Feature","geometry":{"type":"Point","coordinates":[-73.99265092621528,40.71901526004902]},"properties":{"tpcondition":"Fair","stumpdiameter":null,"riskratingdate":"2022-01-03 19:28:07.0000000","riskrating":"4","objectid":"5107268","globalid":"7BC9A99F-AFB0-41D9-9CA6-753639F92EF0","tpstructure":"Full","plantingspaceglobalid":"7BC9A99F-AFB0-41D9-9CA6-753639F92EF0","createddate":"2017-11-15 11:11:11.0000000","dbh":"25","planteddate":null,"updateddate":"2022-01-03 19:28:07.0000000","geometry":"POINT(-73.99265092621528 40.71901526004902)","genusspecies":"Platanus x acerifolia - London planetree"}},{"type":"Feature","geometry":{"type":"Point","coordinates":[-73.81744707967067,40.775673663531684]},"properties":{"tpcondition":"Good","stumpdiameter":null,"riskratingdate":"2021-04-21 12:59:06.0000000","riskrating":"5","objectid":"5107270","globalid":"37F83B31-2DA5-4758-AC31-57CB26CF7288","tpstructure":"Full","plantingspaceglobalid":"37F83B31-2DA5-4758-AC31-57CB26CF7288","createddate":"2017-11-15 11:11:11.0000000","dbh":"17","planteddate":null,"updateddate":"2021-04-21 12:59:06.0000000","geometry":"POINT(-73.81744707967067 40.775673663531684)","genusspecies":"Platanus x acerifolia - London planetree"}},{"type":"Feature","geometry":{"type":"Point","coordinates":[-73.87907331995102,40.87732325368704]},"properties":{"tpcondition":"Good","stumpdiameter":"0","riskratingdate":null,"riskrating":null,"objectid":"5107271","globalid":"295B56C0-12E9-4533-8104-D7FEED99166A","tpstructure":"Full","plantingspaceglobalid":"295B56C0-12E9-4533-8104-D7FEED99166A","createddate":"2017-11-15 11:11:11.0000000","dbh":"3","planteddate":null,"updateddate":null,"geometry":"POINT(-73.87907331995102 40.87732325368704)","genusspecies":"Liquidambar styraciflua - sweetgum"}},{"type":"Feature","geometry":{"type":"Point","coordinates":[-73.98067630170802,40.727004911833376]},"properties":{"tpcondition":"Good","stumpdiameter":null,"riskratingdate":"2025-02-20 16:28:05.0000000","riskrating":"6","objectid":"5107272","globalid":"81AF0F01-BD48-46AB-997E-CB45751A9A6C","tpstructure":"Full","plantingspaceglobalid":"81AF0F01-BD48-46AB-997E-CB45751A9A6C","createddate":"2017-11-15 11:11:11.0000000","dbh":"22","planteddate":null,"updateddate":"2025-02-20 16:28:05.0000000","geometry":"POINT(-73.98067630170802 40.727004911833376)","genusspecies":"Ulmus americana - American elm"}},{"type":"Feature","geometry":{"type":"Point","coordinates":[-74.01014777816957,40.70305921347596]},"properties":{"tpcondition":"Good","stumpdiameter":null,"riskratingdate":"2022-06-01 15:20:38.0000000","riskrating":"5","objectid":"5107273","globalid":"868D4DB8-28B6-4403-968B-A4D6258FD9B5","tpstructure":"Full","plantingspaceglobalid":"868D4DB8-28B6-4403-968B-A4D6258FD9B5","createddate":"2017-11-15 11:11:11.0000000","dbh":"3","planteddate":null,"updateddate":"2022-06-01 15:20:38.0000000","geometry":"POINT(-74.01014777816957 40.70305921347596)","genusspecies":"Prunus - Cherry"}},{"type":"Feature","geometry":{"type":"Point","coordinates":[-74.01645684967538,40.70291165026198]},"properties":{"tpcondition":"Good","stumpdiameter":"0","riskratingdate":null,"riskrating":null,"objectid":"5107274","globalid":"30AC2941-DDBC-4673-9931-9271399E4ECC","tpstructure":"Full","plantingspaceglobalid":"30AC2941-DDBC-4673-9931-9271399E4ECC","createddate":"2017-11-15 11:11:11.0000000","dbh":"11","planteddate":null,"updateddate":null,"geometry":"POINT(-74.01645684967538 40.70291165026198)","genusspecies":"Platanus x acerifolia - London planetree"}},{"type":"Feature","geometry":{"type":"Point","coordinates":[-74.00204163769412,40.733625652637706]},"properties":{"tpcondition":"Good","stumpdiameter":"0","riskratingdate":null,"riskrating":null,"objectid":"5107275","globalid":"8FA14F7A-2D04-481D-A99E-7D2A231F21E6","tpstructure":"Retired","plantingspaceglobalid":"8FA14F7A-2D04-481D-A99E-7D2A231F21E6","createddate":"2017-11-15 11:11:11.0000000","dbh":"4","planteddate":null,"updateddate":"2025-07-16 15:19:49.0000000","geometry":"POINT(-74.00204163769412 40.733625652637706)","genusspecies":"Cornus florida - flowering dogwood"}},{"type":"Feature","geometry":{"type":"Point","coordinates":[-73.93536652577599,40.792578174941816]},"properties":{"tpcondition":"Fair","stumpdiameter":null,"riskratingdate":"2025-07-07 14:43:45.0000000","riskrating":"5","objectid":"5107276","globalid":"26703002-3F59-442D-967E-6F502C8AC016","tpstructure":"Full","plantingspaceglobalid":"26703002-3F59-442D-967E-6F502C8AC016","createddate":"2017-11-15 11:11:11.0000000","dbh":"24","planteddate":null,"updateddate":"2025-07-07 14:43:45.0000000","geometry":"POINT(-73.93536652577599 40.792578174941816)","genusspecies":"Platanus x acerifolia - London planetree"}},{"type":"Feature","geometry":{"type":"Point","coordinates":[-73.9722594733616,40.60111176227228]},"properties":{"tpcondition":"Fair","stumpdiameter":"0","riskratingdate":"2022-10-28 18:52:00.0000000","riskrating":"8","objectid":"5107277","globalid":"770DF6A1-1964-422A-8EF2-59CCFA941DFA","tpstructure":"Stump","plantingspaceglobalid":"770DF6A1-1964-422A-8EF2-59CCFA941DFA","createddate":"2017-11-15 11:11:00.0000000","dbh":"19","planteddate":null,"updateddate":"2024-02-29 14:24:00.0000000","geometry":"POINT(-73.9722594733616 40.60111176227228)","genusspecies":"Platanus occidentalis - American sycamore"}},{"type":"Feature","geometry":{"type":"Point","coordinates":[-73.93548128565061,40.82961332433557]},"properties":{"tpcondition":"Good","stumpdiameter":"0","riskratingdate":null,"riskrating":null,"objectid":"5107278","globalid":"450BA309-8981-4B43-93C6-556EEC98CFD6","tpstructure":"Full","plantingspaceglobalid":"450BA309-8981-4B43-93C6-556EEC98CFD6","createddate":"2017-11-15 11:11:11.0000000","dbh":"35","planteddate":null,"updateddate":null,"geometry":"POINT(-73.93548128565061 40.82961332433557)","genusspecies":"Quercus palustris - pin oak"}},{"type":"Feature","geometry":{"type":"Point","coordinates":[-74.16284873242417,40.53692747256537]},"properties":{"tpcondition":"Good","stumpdiameter":"0","riskratingdate":null,"riskrating":null,"objectid":"5107279","globalid":"D3E08607-691F-4F27-9D86-44B25786916B","tpstructure":"Full","plantingspaceglobalid":"D3E08607-691F-4F27-9D86-44B25786916B","createddate":"2017-11-15 11:11:11.0000000","dbh":"9","planteddate":null,"updateddate":null,"geometry":"POINT(-74.16284873242417 40.53692747256537)","genusspecies":"Pinus strobus - eastern white pine"}},{"type":"Feature","geometry":{"type":"Point","coordinates":[-73.91940597812984,40.88107292125853]},"properties":{"tpcondition":"Good","stumpdiameter":"0","riskratingdate":null,"riskrating":null,"objectid":"5107281","globalid":"13FEF7BA-A105-446D-B834-00773C794256","tpstructure":"Full","plantingspaceglobalid":"13FEF7BA-A105-446D-B834-00773C794256","createddate":"2017-11-15 11:11:11.0000000","dbh":"2","planteddate":null,"updateddate":null,"geometry":"POINT(-73.91940597812984 40.88107292125853)","genusspecies":"Malus - apple"}},{"type":"Feature","geometry":{"type":"Point","coordinates":[-74.13571050025745,40.64154251097554]},"properties":{"tpcondition":"Fair","stumpdiameter":null,"riskratingdate":"2021-05-05 14:59:13.0000000","riskrating":"9","objectid":"5107282","globalid":"DC0D061C-2F7C-4017-B269-F652392377DA","tpstructure":"Full","plantingspaceglobalid":"DC0D061C-2F7C-4017-B269-F652392377DA","createddate":"2017-11-15 11:11:11.0000000","dbh":"19","planteddate":null,"updateddate":"2021-05-05 14:59:13.0000000","geometry":"POINT(-74.13571050025745 40.64154251097554)","genusspecies":"Platanus x acerifolia - London planetree"}},{"type":"Feature","geometry":{"type":"Point","coordinates":[-73.79979400401996,40.713088340616245]},"properties":{"tpcondition":"Good","stumpdiameter":"0","riskratingdate":null,"riskrating":null,"objectid":"5107283","globalid":"CD7AEB4A-BA60-4BE9-89CA-F53046E28E6C","tpstructure":"Full","plantingspaceglobalid":"CD7AEB4A-BA60-4BE9-89CA-F53046E28E6C","createddate":"2017-11-15 11:11:11.0000000","dbh":"6","planteddate":null,"updateddate":null,"geometry":"POINT(-73.79979400401996 40.713088340616245)","genusspecies":"Carpinus caroliniana - American hornbeam"}},{"type":"Feature","geometry":{"type":"Point","coordinates":[-73.91806593514708,40.88240288293074]},"properties":{"tpcondition":"Good","stumpdiameter":null,"riskratingdate":"2024-08-07 14:49:23.0000000","riskrating":"6","objectid":"5107284","globalid":"DBD96F53-D1E1-4C9E-BE64-CD3114EEB8C5","tpstructure":"Full","plantingspaceglobalid":"DBD96F53-D1E1-4C9E-BE64-CD3114EEB8C5","createddate":"2017-11-15 11:11:11.0000000","dbh":"25","planteddate":null,"updateddate":"2024-08-07 14:49:23.0000000","geometry":"POINT(-73.91806593514708 40.88240288293074)","genusspecies":"Pinus strobus - eastern white pine"}},{"type":"Feature","geometry":{"type":"Point","coordinates":[-73.98148883023615,40.72659058020988]},"properties":{"tpcondition":"Good","stumpdiameter":"0","riskratingdate":null,"riskrating":null,"objectid":"5107285","globalid":"5448B9E6-E796-4072-955F-C2D23FC812D5","tpstructure":"Full","plantingspaceglobalid":"5448B9E6-E796-4072-955F-C2D23FC812D5","createddate":"2017-11-15 11:11:11.0000000","dbh":"5","planteddate":null,"updateddate":null,"geometry":"POINT(-73.98148883023615 40.72659058020988)","genusspecies":"Magnolia - magnolia"}},{"type":"Feature","geometry":{"type":"Point","coordinates":[-73.89720586508545,40.86499063254426]},"properties":{"tpcondition":"Good","stumpdiameter":"0","riskratingdate":null,"riskrating":null,"objectid":"5107287","globalid":"E9334EE9-6E3D-45DE-867F-B0D81ABCED61","tpstructure":"Retired","plantingspaceglobalid":"E9334EE9-6E3D-45DE-867F-B0D81ABCED61","createddate":"2017-11-15 11:11:11.0000000","dbh":"30","planteddate":null,"updateddate":"2018-01-30 10:13:51.0000000","geometry":"POINT(-73.89720586508545 40.86499063254426)","genusspecies":"Gleditsia triacanthos var. inermis - Thornless honeylocust"}},{"type":"Feature","geometry":{"type":"Point","coordinates":[-73.95140796201186,40.83227680927371]},"properties":{"tpcondition":"Good","stumpdiameter":"0","riskratingdate":null,"riskrating":null,"objectid":"5107288","globalid":"9ADBF6DC-C727-4D0C-B94C-982F116ED6AF","tpstructure":"Full","plantingspaceglobalid":"9ADBF6DC-C727-4D0C-B94C-982F116ED6AF","createddate":"2017-11-15 11:11:11.0000000","dbh":"4","planteddate":null,"updateddate":null,"geometry":"POINT(-73.95140796201186 40.83227680927371)","genusspecies":"Ailanthus altissima - tree of heaven"}},{"type":"Feature","geometry":{"type":"Point","coordinates":[-73.94886152734277,40.755316081002555]},"properties":{"tpcondition":"Fair","stumpdiameter":null,"riskratingdate":"2025-11-12 15:57:20.0000000","riskrating":"4","objectid":"5107289","globalid":"3E6A3C4A-1952-4819-8C4B-7EF52A5B3950","tpstructure":"Full","plantingspaceglobalid":"3E6A3C4A-1952-4819-8C4B-7EF52A5B3950","createddate":"2017-11-15 11:11:11.0000000","dbh":"20","planteddate":null,"updateddate":"2025-11-12 15:57:20.0000000","geometry":"POINT(-73.94886152734277 40.755316081002555)","genusspecies":"Quercus palustris - pin oak"}},{"type":"Feature","geometry":{"type":"Point","coordinates":[-74.01466124369627,40.704518345642484]},"properties":{"tpcondition":"Good","stumpdiameter":"0","riskratingdate":null,"riskrating":null,"objectid":"5107290","globalid":"DEA28C59-0E54-4DAA-861F-7759B69B1C13","tpstructure":"Full","plantingspaceglobalid":"DEA28C59-0E54-4DAA-861F-7759B69B1C13","createddate":"2017-11-15 11:11:11.0000000","dbh":"4","planteddate":null,"updateddate":null,"geometry":"POINT(-74.01466124369627 40.704518345642484)","genusspecies":"Prunus - Cherry"}},{"type":"Feature","geometry":{"type":"Point","coordinates":[-73.95363858694147,40.828786331140755]},"properties":{"tpcondition":"Good","stumpdiameter":"0","riskratingdate":null,"riskrating":null,"objectid":"5107291","globalid":"04CBF8D2-3968-4CA2-AEA8-411D19637BBA","tpstructure":"Full","plantingspaceglobalid":"04CBF8D2-3968-4CA2-AEA8-411D19637BBA","createddate":"2017-11-15 11:11:11.0000000","dbh":"13","planteddate":null,"updateddate":null,"geometry":"POINT(-73.95363858694147 40.828786331140755)","genusspecies":"Quercus palustris - pin oak"}},{"type":"Feature","geometry":{"type":"Point","coordinates":[-73.96987250651192,40.67519645095742]},"properties":{"tpcondition":"Good","stumpdiameter":"0","riskratingdate":"2018-09-11 08:52:38.0000000","riskrating":"9","objectid":"5107292","globalid":"7DF31EB9-11AC-4146-A0D2-109D73A05DAE","tpstructure":"Full","plantingspaceglobalid":"7DF31EB9-11AC-4146-A0D2-109D73A05DAE","createddate":"2017-11-15 11:11:11.0000000","dbh":"29","planteddate":null,"updateddate":"2018-09-11 12:52:39.0000000","geometry":"POINT(-73.96987250651192 40.67519645095742)","genusspecies":"Platanus x acerifolia - London planetree"}},{"type":"Feature","geometry":{"type":"Point","coordinates":[-73.92246932632902,40.85705419407214]},"properties":{"tpcondition":"Dead","stumpdiameter":"0","riskratingdate":null,"riskrating":null,"objectid":"5107293","globalid":"E2DB858E-014B-4892-ADCF-C863163D9EB1","tpstructure":"Full","plantingspaceglobalid":"E2DB858E-014B-4892-ADCF-C863163D9EB1","createddate":"2017-11-15 11:11:11.0000000","dbh":"4","planteddate":null,"updateddate":null,"geometry":"POINT(-73.92246932632902 40.85705419407214)","genusspecies":"Unknown - Unknown"}},{"type":"Feature","geometry":{"type":"Point","coordinates":[-73.89573821106109,40.88192122025656]},"properties":{"tpcondition":"Poor","stumpdiameter":null,"riskratingdate":"2024-08-09 18:16:00.0000000","riskrating":"8","objectid":"5107294","globalid":"AB249953-014B-4377-9747-AFD7BD091B39","tpstructure":"Retired","plantingspaceglobalid":"AB249953-014B-4377-9747-AFD7BD091B39","createddate":"2017-11-15 11:11:00.0000000","dbh":"28","planteddate":null,"updateddate":"2024-11-11 18:41:00.0000000","geometry":"POINT(-73.89573821106109 40.88192122025656)","genusspecies":"Robinia pseudoacacia - black locust"}},{"type":"Feature","geometry":{"type":"Point","coordinates":[-73.95470046626326,40.82442005556764]},"properties":{"tpcondition":"Good","stumpdiameter":"0","riskratingdate":null,"riskrating":null,"objectid":"5107295","globalid":"4C9C814E-D3C6-47E3-A28E-A8A6B1E5D852","tpstructure":"Full","plantingspaceglobalid":"4C9C814E-D3C6-47E3-A28E-A8A6B1E5D852","createddate":"2017-11-15 11:11:11.0000000","dbh":"6","planteddate":null,"updateddate":null,"geometry":"POINT(-73.95470046626326 40.82442005556764)","genusspecies":"Prunus - Cherry"}},{"type":"Feature","geometry":{"type":"Point","coordinates":[-74.16334083512491,40.61992021340432]},"properties":{"tpcondition":"Dead","stumpdiameter":"0","riskratingdate":"2019-09-18 14:16:31.0000000","riskrating":"7","objectid":"5107296","globalid":"E7841B3E-FB29-4138-9E65-A7EADB08DB05","tpstructure":"Full","plantingspaceglobalid":"E7841B3E-FB29-4138-9E65-A7EADB08DB05","createddate":"2017-11-15 11:11:11.0000000","dbh":"5","planteddate":null,"updateddate":"2023-02-09 18:27:15.0000000","geometry":"POINT(-74.16334083512491 40.61992021340432)","genusspecies":"Fraxinus - Ash"}},{"type":"Feature","geometry":{"type":"Point","coordinates":[-73.88319400175659,40.84713904626617]},"properties":{"tpcondition":"Good","stumpdiameter":null,"riskratingdate":"2022-02-08 02:28:39.0000000","riskrating":"7","objectid":"5107297","globalid":"5532B9C1-266C-438C-8AB9-A102FFC9F84A","tpstructure":"Full","plantingspaceglobalid":"5532B9C1-266C-438C-8AB9-A102FFC9F84A","createddate":"2017-11-15 11:11:11.0000000","dbh":"9","planteddate":null,"updateddate":"2022-02-08 02:28:39.0000000","geometry":"POINT(-73.88319400175659 40.84713904626617)","genusspecies":"Ulmus parvifolia - Chinese elm"}},{"type":"Feature","geometry":{"type":"Point","coordinates":[-74.01473383423435,40.701556133634355]},"properties":{"tpcondition":"Fair","stumpdiameter":null,"riskratingdate":"2024-05-13 15:59:20.0000000","riskrating":"9","objectid":"5107298","globalid":"AB4F6C03-3A96-4B56-B2F7-83AE103CBA5C","tpstructure":"Full","plantingspaceglobalid":"AB4F6C03-3A96-4B56-B2F7-83AE103CBA5C","createddate":"2017-11-15 11:11:11.0000000","dbh":"12","planteddate":null,"updateddate":"2024-05-13 15:59:20.0000000","geometry":"POINT(-74.01473383423435 40.701556133634355)","genusspecies":"Platanus x acerifolia - London planetree"}},{"type":"Feature","geometry":{"type":"Point","coordinates":[-73.74926997896893,40.594708439129995]},"properties":{"tpcondition":"Good","stumpdiameter":"0","riskratingdate":null,"riskrating":null,"objectid":"5107299","globalid":"6B92C550-7301-4710-A67B-78A76ACADC01","tpstructure":"Full","plantingspaceglobalid":"6B92C550-7301-4710-A67B-78A76ACADC01","createddate":"2017-11-15 11:11:11.0000000","dbh":"4","planteddate":null,"updateddate":null,"geometry":"POINT(-73.74926997896893 40.594708439129995)","genusspecies":"Quercus phellos - willow oak"}},{"type":"Feature","geometry":{"type":"Point","coordinates":[-73.87861730190879,40.876914460629436]},"properties":{"tpcondition":"Good","stumpdiameter":"0","riskratingdate":null,"riskrating":null,"objectid":"5107300","globalid":"713FAC9F-3EEB-446C-BF83-E969B9676DE7","tpstructure":"Full","plantingspaceglobalid":"713FAC9F-3EEB-446C-BF83-E969B9676DE7","createddate":"2017-11-15 11:11:11.0000000","dbh":"9","planteddate":null,"updateddate":"2017-11-27 10:32:12.0000000","geometry":"POINT(-73.87861730190879 40.876914460629436)","genusspecies":"Quercus palustris - pin oak"}},{"type":"Feature","geometry":{"type":"Point","coordinates":[-74.00531679744942,40.71244335515774]},"properties":{"tpcondition":"Good","stumpdiameter":null,"riskratingdate":"2025-02-24 15:41:04.0000000","riskrating":"7","objectid":"5107301","globalid":"3C97B159-3D20-457C-B5D2-E7B80B8AA1E6","tpstructure":"Full","plantingspaceglobalid":"3C97B159-3D20-457C-B5D2-E7B80B8AA1E6","createddate":"2017-11-15 11:11:11.0000000","dbh":"42","planteddate":null,"updateddate":"2025-02-24 15:41:04.0000000","geometry":"POINT(-74.00531679744942 40.71244335515774)","genusspecies":"Ulmus americana - American elm"}},{"type":"Feature","geometry":{"type":"Point","coordinates":[-73.82370640696762,40.78238298242724]},"properties":{"tpcondition":"Fair","stumpdiameter":null,"riskratingdate":"2025-10-16 17:52:30.0000000","riskrating":"7","objectid":"5107302","globalid":"83F7E452-914A-4EE4-A722-E78E302D3F77","tpstructure":"Full","plantingspaceglobalid":"83F7E452-914A-4EE4-A722-E78E302D3F77","createddate":"2017-11-15 11:11:11.0000000","dbh":"8","planteddate":null,"updateddate":"2025-10-16 17:52:30.0000000","geometry":"POINT(-73.82370640696762 40.78238298242724)","genusspecies":"Malus - apple"}},{"type":"Feature","geometry":{"type":"Point","coordinates":[-73.8980687886612,40.86589077116135]},"properties":{"tpcondition":"Good","stumpdiameter":null,"riskratingdate":"2024-09-05 13:52:59.0000000","riskrating":"6","objectid":"5107303","globalid":"E44AE53F-C840-4F67-99E1-D3FFCB97B64F","tpstructure":"Full","plantingspaceglobalid":"E44AE53F-C840-4F67-99E1-D3FFCB97B64F","createddate":"2017-11-15 11:11:11.0000000","dbh":"12","planteddate":null,"updateddate":"2024-09-05 13:52:59.0000000","geometry":"POINT(-73.8980687886612 40.86589077116135)","genusspecies":"Styphnolobium japonicum - Japanese pagoda tree"}},{"type":"Feature","geometry":{"type":"Point","coordinates":[-73.87898907578065,40.876881710024264]},"properties":{"tpcondition":"Good","stumpdiameter":"0","riskratingdate":null,"riskrating":null,"objectid":"5107304","globalid":"6C3DBDED-59E2-4D35-BCA8-CCD3360B579F","tpstructure":"Full","plantingspaceglobalid":"6C3DBDED-59E2-4D35-BCA8-CCD3360B579F","createddate":"2017-11-15 11:11:11.0000000","dbh":"3","planteddate":null,"updateddate":null,"geometry":"POINT(-73.87898907578065 40.876881710024264)","genusspecies":"Acer rubrum - red maple"}},{"type":"Feature","geometry":{"type":"Point","coordinates":[-73.98391426230326,40.593959139954194]},"properties":{"tpcondition":"Good","stumpdiameter":"0","riskratingdate":null,"riskrating":null,"objectid":"5107305","globalid":"4BF6101D-6959-460B-9881-9E0ABB157952","tpstructure":"Full","plantingspaceglobalid":"4BF6101D-6959-460B-9881-9E0ABB157952","createddate":"2017-11-15 11:11:11.0000000","dbh":"10","planteddate":null,"updateddate":"2023-01-11 19:17:42.0000000","geometry":"POINT(-73.98391426230326 40.593959139954194)","genusspecies":"Platanus x acerifolia - London planetree"}},{"type":"Feature","geometry":{"type":"Point","coordinates":[-74.01551303149007,40.70242725304118]},"properties":{"tpcondition":"Good","stumpdiameter":"0","riskratingdate":null,"riskrating":null,"objectid":"5107307","globalid":"CB624373-3092-4F95-B722-957A6B33035C","tpstructure":"Full","plantingspaceglobalid":"CB624373-3092-4F95-B722-957A6B33035C","createddate":"2017-11-15 11:11:11.0000000","dbh":"12","planteddate":null,"updateddate":null,"geometry":"POINT(-74.01551303149007 40.70242725304118)","genusspecies":"Prunus - Cherry"}},{"type":"Feature","geometry":{"type":"Point","coordinates":[-73.9478487203422,40.70568690953383]},"properties":{"tpcondition":"Good","stumpdiameter":"0","riskratingdate":null,"riskrating":null,"objectid":"5107310","globalid":"9C1AEC5C-CEB3-45CD-A4BB-34F8FD03E03F","tpstructure":"Full","plantingspaceglobalid":"9C1AEC5C-CEB3-45CD-A4BB-34F8FD03E03F","createddate":"2017-11-15 11:11:11.0000000","dbh":"15","planteddate":null,"updateddate":null,"geometry":"POINT(-73.9478487203422 40.70568690953383)","genusspecies":"Platanus x acerifolia - London planetree"}},{"type":"Feature","geometry":{"type":"Point","coordinates":[-73.87855935166833,40.87696849414379]},"properties":{"tpcondition":"Fair","stumpdiameter":null,"riskratingdate":"2023-09-11 18:20:53.0000000","riskrating":"6","objectid":"5107311","globalid":"422142E7-04FE-4D9B-8DBA-D77449CC5471","tpstructure":"Full","plantingspaceglobalid":"422142E7-04FE-4D9B-8DBA-D77449CC5471","createddate":"2017-11-15 11:11:11.0000000","dbh":"11","planteddate":null,"updateddate":"2023-09-11 18:20:53.0000000","geometry":"POINT(-73.87855935166833 40.87696849414379)","genusspecies":"Quercus palustris - pin oak"}},{"type":"Feature","geometry":{"type":"Point","coordinates":[-73.82069196326927,40.71101031768156]},"properties":{"tpcondition":"Good","stumpdiameter":null,"riskratingdate":"2023-01-04 15:32:07.0000000","riskrating":"9","objectid":"5107314","globalid":"C4F1F568-89C9-4C3F-837B-60CC792EFA9D","tpstructure":"Full","plantingspaceglobalid":"C4F1F568-89C9-4C3F-837B-60CC792EFA9D","createddate":"2017-11-15 11:11:11.0000000","dbh":"32","planteddate":null,"updateddate":"2023-01-04 15:32:07.0000000","geometry":"POINT(-73.82069196326927 40.71101031768156)","genusspecies":"Quercus palustris - pin oak"}},{"type":"Feature","geometry":{"type":"Point","coordinates":[-74.06291560132908,40.607777110675514]},"properties":{"tpcondition":"Fair","stumpdiameter":"0","riskratingdate":null,"riskrating":null,"objectid":"5107315","globalid":"F2984946-CE22-4551-A45B-5C66B2058A1C","tpstructure":"Full","plantingspaceglobalid":"F2984946-CE22-4551-A45B-5C66B2058A1C","createddate":"2017-11-15 11:11:11.0000000","dbh":"0","planteddate":null,"updateddate":null,"geometry":"POINT(-74.06291560132908 40.607777110675514)","genusspecies":"Carya glabra - pignut hickory"}},{"type":"Feature","geometry":{"type":"Point","coordinates":[-73.92067558148719,40.872833989918526]},"properties":{"tpcondition":"Good","stumpdiameter":null,"riskratingdate":"2023-05-17 14:41:49.0000000","riskrating":"6","objectid":"5107316","globalid":"DE360D66-71DE-4B00-AC9D-4894C89504DF","tpstructure":"Full","plantingspaceglobalid":"DE360D66-71DE-4B00-AC9D-4894C89504DF","createddate":"2017-11-15 11:11:11.0000000","dbh":"14","planteddate":null,"updateddate":"2023-05-17 14:41:49.0000000","geometry":"POINT(-73.92067558148719 40.872833989918526)","genusspecies":"Acer rubrum - red maple"}},{"type":"Feature","geometry":{"type":"Point","coordinates":[-73.9933876691387,40.71871364135051]},"properties":{"tpcondition":"Fair","stumpdiameter":null,"riskratingdate":"2022-01-03 19:40:07.0000000","riskrating":"5","objectid":"5107317","globalid":"3EF60AC1-99D7-4A50-97DF-22411E1336C9","tpstructure":"Full","plantingspaceglobalid":"3EF60AC1-99D7-4A50-97DF-22411E1336C9","createddate":"2017-11-15 11:11:11.0000000","dbh":"20","planteddate":null,"updateddate":"2022-01-03 19:40:07.0000000","geometry":"POINT(-73.9933876691387 40.71871364135051)","genusspecies":"Platanus x acerifolia - London planetree"}},{"type":"Feature","geometry":{"type":"Point","coordinates":[-73.95276517760963,40.82957273990765]},"properties":{"tpcondition":"Fair","stumpdiameter":null,"riskratingdate":"2019-10-01 14:18:57.0000000","riskrating":"7","objectid":"5107318","globalid":"91DC5EC4-3A19-4C0C-AAD1-1234D8E2A378","tpstructure":"Full","plantingspaceglobalid":"91DC5EC4-3A19-4C0C-AAD1-1234D8E2A378","createddate":"2017-11-15 11:11:11.0000000","dbh":"20","planteddate":null,"updateddate":"2019-10-01 14:18:57.0000000","geometry":"POINT(-73.95276517760963 40.82957273990765)","genusspecies":"Quercus palustris - pin oak"}},{"type":"Feature","geometry":{"type":"Point","coordinates":[-73.89171328656492,40.65152050444366]},"properties":{"tpcondition":"Good","stumpdiameter":"0","riskratingdate":null,"riskrating":null,"objectid":"5107319","globalid":"D13F95AC-75A6-4637-ABE2-0DFE1BEE7ACF","tpstructure":"Full","plantingspaceglobalid":"D13F95AC-75A6-4637-ABE2-0DFE1BEE7ACF","createddate":"2017-11-15 11:11:11.0000000","dbh":"9","planteddate":null,"updateddate":null,"geometry":"POINT(-73.89171328656492 40.65152050444366)","genusspecies":"Tilia x. europaea - Common linden"}},{"type":"Feature","geometry":{"type":"Point","coordinates":[-74.01668344942226,40.702552253510895]},"properties":{"tpcondition":"Good","stumpdiameter":"0","riskratingdate":null,"riskrating":null,"objectid":"5107320","globalid":"04DB07E2-600B-4C65-BBCF-073470E499F0","tpstructure":"Full","plantingspaceglobalid":"04DB07E2-600B-4C65-BBCF-073470E499F0","createddate":"2017-11-15 11:11:11.0000000","dbh":"16","planteddate":null,"updateddate":null,"geometry":"POINT(-74.01668344942226 40.702552253510895)","genusspecies":"Platanus x acerifolia - London planetree"}},{"type":"Feature","geometry":{"type":"Point","coordinates":[-73.87609946129614,40.67904494551282]},"properties":{"tpcondition":"Fair","stumpdiameter":"0","riskratingdate":null,"riskrating":null,"objectid":"5107321","globalid":"6AC8E6E7-91AD-468D-B502-DE4D95E98E11","tpstructure":"Full","plantingspaceglobalid":"6AC8E6E7-91AD-468D-B502-DE4D95E98E11","createddate":"2017-11-15 11:11:11.0000000","dbh":"4","planteddate":null,"updateddate":null,"geometry":"POINT(-73.87609946129614 40.67904494551282)","genusspecies":"Quercus palustris - pin oak"}},{"type":"Feature","geometry":{"type":"Point","coordinates":[-73.94885883335786,40.754988532670964]},"properties":{"tpcondition":"Good","stumpdiameter":"0","riskratingdate":"2019-06-05 15:53:00.0000000","riskrating":"10","objectid":"5107324","globalid":"86A02B95-F734-4FFC-9F58-C3F59337BAF5","tpstructure":"Retired","plantingspaceglobalid":"86A02B95-F734-4FFC-9F58-C3F59337BAF5","createddate":"2017-11-15 11:11:00.0000000","dbh":"25","planteddate":null,"updateddate":"2025-08-05 14:12:58.0000000","geometry":"POINT(-73.94885883335786 40.754988532670964)","genusspecies":"Platanus x acerifolia - London planetree"}},{"type":"Feature","geometry":{"type":"Point","coordinates":[-73.95232654362196,40.83004478059697]},"properties":{"tpcondition":"Good","stumpdiameter":null,"riskratingdate":"2023-10-16 16:55:00.0000000","riskrating":"9","objectid":"5107325","globalid":"F4F66DD5-88D8-4501-A20E-732E42323A01","tpstructure":"Full","plantingspaceglobalid":"F4F66DD5-88D8-4501-A20E-732E42323A01","createddate":"2017-11-15 11:11:11.0000000","dbh":"27","planteddate":null,"updateddate":"2023-10-16 16:55:00.0000000","geometry":"POINT(-73.95232654362196 40.83004478059697)","genusspecies":"Quercus palustris - pin oak"}},{"type":"Feature","geometry":{"type":"Point","coordinates":[-73.94028854287987,40.82708639178035]},"properties":{"tpcondition":"Fair","stumpdiameter":null,"riskratingdate":"2023-06-28 18:13:59.0000000","riskrating":"5","objectid":"5107326","globalid":"A49F2FC1-7D6B-45E3-A59B-657FEEFAE792","tpstructure":"Full","plantingspaceglobalid":"A49F2FC1-7D6B-45E3-A59B-657FEEFAE792","createddate":"2017-11-15 11:11:11.0000000","dbh":"29","planteddate":null,"updateddate":"2023-06-28 18:13:59.0000000","geometry":"POINT(-73.94028854287987 40.82708639178035)","genusspecies":"Quercus palustris - pin oak"}},{"type":"Feature","geometry":{"type":"Point","coordinates":[-73.97036961179768,40.673523876853956]},"properties":{"tpcondition":"Good","stumpdiameter":"0","riskratingdate":null,"riskrating":null,"objectid":"5107328","globalid":"DEFD97D9-4598-48AB-B33A-623E531AE299","tpstructure":"Full","plantingspaceglobalid":"DEFD97D9-4598-48AB-B33A-623E531AE299","createddate":"2017-11-15 11:11:11.0000000","dbh":"27","planteddate":null,"updateddate":"2017-11-20 15:57:19.0000000","geometry":"POINT(-73.97036961179768 40.673523876853956)","genusspecies":"Platanus x acerifolia - London planetree"}},{"type":"Feature","geometry":{"type":"Point","coordinates":[-73.8367601856645,40.72248495551511]},"properties":{"tpcondition":"Fair","stumpdiameter":"0","riskratingdate":"2020-01-29 19:47:50.0000000","riskrating":"7","objectid":"5107329","globalid":"5BC0EE7A-4D00-466B-B0EC-074B188B4A53","tpstructure":"Full","plantingspaceglobalid":"5BC0EE7A-4D00-466B-B0EC-074B188B4A53","createddate":"2017-11-15 11:11:11.0000000","dbh":"17","planteddate":null,"updateddate":"2020-01-29 19:47:50.0000000","geometry":"POINT(-73.8367601856645 40.72248495551511)","genusspecies":"Styphnolobium japonicum - Japanese pagoda tree"}},{"type":"Feature","geometry":{"type":"Point","coordinates":[-73.9320229052812,40.869909785048534]},"properties":{"tpcondition":"Good","stumpdiameter":"0","riskratingdate":null,"riskrating":null,"objectid":"5107330","globalid":"F3941E64-2BB5-4E17-A66B-02D5D86000A6","tpstructure":"Full","plantingspaceglobalid":"F3941E64-2BB5-4E17-A66B-02D5D86000A6","createddate":"2017-11-15 11:11:11.0000000","dbh":"13","planteddate":null,"updateddate":null,"geometry":"POINT(-73.9320229052812 40.869909785048534)","genusspecies":"Morus - mulberry"}},{"type":"Feature","geometry":{"type":"Point","coordinates":[-73.92227417627075,40.85777569628972]},"properties":{"tpcondition":"Good","stumpdiameter":"0","riskratingdate":null,"riskrating":null,"objectid":"5107331","globalid":"54387BEF-5C07-4577-AF59-FDE6FE8E075F","tpstructure":"Full","plantingspaceglobalid":"54387BEF-5C07-4577-AF59-FDE6FE8E075F","createddate":"2017-11-15 11:11:11.0000000","dbh":"5","planteddate":null,"updateddate":null,"geometry":"POINT(-73.92227417627075 40.85777569628972)","genusspecies":"Pyrus calleryana - Callery pear"}},{"type":"Feature","geometry":{"type":"Point","coordinates":[-73.84304396068777,40.86902250750652]},"properties":{"tpcondition":"Good","stumpdiameter":"0","riskratingdate":null,"riskrating":null,"objectid":"5107332","globalid":"B684B328-D3A4-45EA-B567-DADAA8C52A56","tpstructure":"Full","plantingspaceglobalid":"B684B328-D3A4-45EA-B567-DADAA8C52A56","createddate":"2017-11-15 11:11:11.0000000","dbh":"16","planteddate":null,"updateddate":null,"geometry":"POINT(-73.84304396068777 40.86902250750652)","genusspecies":"Platanus x acerifolia - London planetree"}},{"type":"Feature","geometry":{"type":"Point","coordinates":[-73.97413056036696,40.72158318665603]},"properties":{"tpcondition":"Critical","stumpdiameter":null,"riskratingdate":"2020-08-13 13:15:00.0000000","riskrating":"10","objectid":"5107333","globalid":"F79AA712-6641-4B85-B73B-D4DFDC97A3E6","tpstructure":"Stump","plantingspaceglobalid":"F79AA712-6641-4B85-B73B-D4DFDC97A3E6","createddate":"2017-11-15 11:11:00.0000000","dbh":"13","planteddate":null,"updateddate":"2020-08-25 17:31:00.0000000","geometry":"POINT(-73.97413056036696 40.72158318665603)","genusspecies":"Quercus palustris - pin oak"}},{"type":"Feature","geometry":{"type":"Point","coordinates":[-73.921721420391,40.82970451287585]},"properties":{"tpcondition":"Good","stumpdiameter":null,"riskratingdate":"2024-05-10 12:33:32.0000000","riskrating":"4","objectid":"5107334","globalid":"C8C6A457-B820-4E61-B69D-A8B14AB447C0","tpstructure":"Full","plantingspaceglobalid":"C8C6A457-B820-4E61-B69D-A8B14AB447C0","createddate":"2017-11-15 11:11:11.0000000","dbh":"14","planteddate":null,"updateddate":"2024-05-10 12:33:32.0000000","geometry":"POINT(-73.921721420391 40.82970451287585)","genusspecies":"Quercus ellipsoidalis - northern pin oak"}},{"type":"Feature","geometry":{"type":"Point","coordinates":[-73.91486678786409,40.84554664712839]},"properties":{"tpcondition":"Good","stumpdiameter":null,"riskratingdate":"2024-03-01 17:00:23.0000000","riskrating":"7","objectid":"5107335","globalid":"3E805D9E-C44A-44B1-88E7-52787396E498","tpstructure":"Full","plantingspaceglobalid":"3E805D9E-C44A-44B1-88E7-52787396E498","createddate":"2017-11-15 11:11:11.0000000","dbh":"20","planteddate":null,"updateddate":"2024-03-01 17:00:23.0000000","geometry":"POINT(-73.91486678786409 40.84554664712839)","genusspecies":"Platanus x acerifolia - London planetree"}},{"type":"Feature","geometry":{"type":"Point","coordinates":[-73.9783034585969,40.73947955443949]},"properties":{"tpcondition":"Good","stumpdiameter":"0","riskratingdate":null,"riskrating":null,"objectid":"5107336","globalid":"96F04B9B-34A0-4225-A347-4CFBCA0C69DD","tpstructure":"Retired","plantingspaceglobalid":"96F04B9B-34A0-4225-A347-4CFBCA0C69DD","createddate":"2017-11-15 11:11:00.0000000","dbh":"15","planteddate":null,"updateddate":"2019-10-15 16:20:00.0000000","geometry":"POINT(-73.9783034585969 40.73947955443949)","genusspecies":"Gleditsia triacanthos var. inermis - Thornless honeylocust"}},{"type":"Feature","geometry":{"type":"Point","coordinates":[-73.97586917756593,40.7137080926817]},"properties":{"tpcondition":"Dead","stumpdiameter":"0","riskratingdate":null,"riskrating":null,"objectid":"5107338","globalid":"F1FA00E3-9EDC-4B86-8C1A-33B97E352421","tpstructure":"Retired","plantingspaceglobalid":"F1FA00E3-9EDC-4B86-8C1A-33B97E352421","createddate":"2017-11-15 11:11:11.0000000","dbh":"20","planteddate":null,"updateddate":"2024-10-22 19:48:18.0000000","geometry":"POINT(-73.97586917756593 40.7137080926817)","genusspecies":"Platanus x acerifolia - London planetree"}},{"type":"Feature","geometry":{"type":"Point","coordinates":[-73.98133946217524,40.68679813533276]},"properties":{"tpcondition":"Good","stumpdiameter":"0","riskratingdate":null,"riskrating":null,"objectid":"5107339","globalid":"ACCD921A-5EC0-481C-B68C-1E61C2723FC5","tpstructure":"Full","plantingspaceglobalid":"ACCD921A-5EC0-481C-B68C-1E61C2723FC5","createddate":"2017-11-15 11:11:11.0000000","dbh":"11","planteddate":null,"updateddate":null,"geometry":"POINT(-73.98133946217524 40.68679813533276)","genusspecies":"Prunus serotina - black cherry"}},{"type":"Feature","geometry":{"type":"Point","coordinates":[-73.88198121770104,40.83432053641133]},"properties":{"tpcondition":"Good","stumpdiameter":"0","riskratingdate":null,"riskrating":null,"objectid":"5107340","globalid":"7D7FF950-62B0-48A9-A6D5-090230D3FB7C","tpstructure":"Full","plantingspaceglobalid":"7D7FF950-62B0-48A9-A6D5-090230D3FB7C","createddate":"2017-11-15 11:11:11.0000000","dbh":"4","planteddate":null,"updateddate":null,"geometry":"POINT(-73.88198121770104 40.83432053641133)","genusspecies":"Liquidambar styraciflua - sweetgum"}},{"type":"Feature","geometry":{"type":"Point","coordinates":[-73.95393491585203,40.82845423250303]},"properties":{"tpcondition":"Good","stumpdiameter":"0","riskratingdate":null,"riskrating":null,"objectid":"5107341","globalid":"6A6A88E9-667E-46AB-9EBF-E2F0291B1135","tpstructure":"Full","plantingspaceglobalid":"6A6A88E9-667E-46AB-9EBF-E2F0291B1135","createddate":"2017-11-15 11:11:11.0000000","dbh":"10","planteddate":null,"updateddate":null,"geometry":"POINT(-73.95393491585203 40.82845423250303)","genusspecies":"Pinus resinosa - red pine"}},{"type":"Feature","geometry":{"type":"Point","coordinates":[-73.9254187460835,40.83220538667761]},"properties":{"tpcondition":"Good","stumpdiameter":"0","riskratingdate":null,"riskrating":null,"objectid":"5107342","globalid":"6C374CBE-EA8D-453A-99D5-C42B8CB002D5","tpstructure":"Full","plantingspaceglobalid":"6C374CBE-EA8D-453A-99D5-C42B8CB002D5","createddate":"2017-11-15 11:11:11.0000000","dbh":"4","planteddate":null,"updateddate":null,"geometry":"POINT(-73.9254187460835 40.83220538667761)","genusspecies":"Malus - apple"}},{"type":"Feature","geometry":{"type":"Point","coordinates":[-73.97615359404783,40.71312269200471]},"properties":{"tpcondition":"Dead","stumpdiameter":"0","riskratingdate":null,"riskrating":null,"objectid":"5107343","globalid":"4D7784A8-3E18-4EFB-A0C0-B1B1F44507EE","tpstructure":"Retired","plantingspaceglobalid":"4D7784A8-3E18-4EFB-A0C0-B1B1F44507EE","createddate":"2017-11-15 11:11:11.0000000","dbh":"5","planteddate":null,"updateddate":"2024-10-22 19:48:18.0000000","geometry":"POINT(-73.97615359404783 40.71312269200471)","genusspecies":"Ilex opaca - American holly"}},{"type":"Feature","geometry":{"type":"Point","coordinates":[-74.01583992657355,40.701701513068826]},"properties":{"tpcondition":"Fair","stumpdiameter":null,"riskratingdate":"2020-05-18 15:49:45.0000000","riskrating":"9","objectid":"5107344","globalid":"9740F8C8-6F37-4FA7-9707-A41A1A508C70","tpstructure":"Full","plantingspaceglobalid":"9740F8C8-6F37-4FA7-9707-A41A1A508C70","createddate":"2017-11-15 11:11:11.0000000","dbh":"13","planteddate":null,"updateddate":"2020-05-18 15:49:45.0000000","geometry":"POINT(-74.01583992657355 40.701701513068826)","genusspecies":"Platanus x acerifolia - London planetree"}},{"type":"Feature","geometry":{"type":"Point","coordinates":[-73.98786816139014,40.68466119853399]},"properties":{"tpcondition":"Good","stumpdiameter":"0","riskratingdate":null,"riskrating":null,"objectid":"5107345","globalid":"9D40C646-06BE-4BD1-B9B8-994E240A9180","tpstructure":"Full","plantingspaceglobalid":"9D40C646-06BE-4BD1-B9B8-994E240A9180","createddate":"2017-11-15 11:11:11.0000000","dbh":"2","planteddate":null,"updateddate":null,"geometry":"POINT(-73.98786816139014 40.68466119853399)","genusspecies":"Magnolia grandiflora - southern magnolia"}},{"type":"Feature","geometry":{"type":"Point","coordinates":[-73.87881784666634,40.877815092634535]},"properties":{"tpcondition":"Good","stumpdiameter":"0","riskratingdate":null,"riskrating":null,"objectid":"5107346","globalid":"D9288D47-4C1C-4EAB-8D2C-95A1D0A1A985","tpstructure":"Full","plantingspaceglobalid":"D9288D47-4C1C-4EAB-8D2C-95A1D0A1A985","createddate":"2017-11-15 11:11:00.0000000","dbh":"2","planteddate":"2015-11-21 05:00:00.0000000","updateddate":"2019-02-22 18:07:00.0000000","geometry":"POINT(-73.87881784666634 40.877815092634535)","genusspecies":"Eucommia ulmoides - Hardy Rubber Tree"}},{"type":"Feature","geometry":{"type":"Point","coordinates":[-74.05779029054962,40.60850634138379]},"properties":{"tpcondition":"Good","stumpdiameter":null,"riskratingdate":"2021-12-30 16:09:00.0000000","riskrating":"6","objectid":"5107347","globalid":"74E90C57-D5BB-4553-A950-73F0077698E6","tpstructure":"Full","plantingspaceglobalid":"74E90C57-D5BB-4553-A950-73F0077698E6","createddate":"2017-11-15 11:11:11.0000000","dbh":"23","planteddate":null,"updateddate":"2021-12-30 16:09:00.0000000","geometry":"POINT(-74.05779029054962 40.60850634138379)","genusspecies":"Quercus alba - white oak"}},{"type":"Feature","geometry":{"type":"Point","coordinates":[-73.84014390885085,40.874182228927076]},"properties":{"tpcondition":"Good","stumpdiameter":"0","riskratingdate":null,"riskrating":null,"objectid":"5107348","globalid":"91E22F3F-90D6-4AC9-885A-465C2079E6EF","tpstructure":"Full","plantingspaceglobalid":"91E22F3F-90D6-4AC9-885A-465C2079E6EF","createddate":"2017-11-15 11:11:11.0000000","dbh":"10","planteddate":null,"updateddate":null,"geometry":"POINT(-73.84014390885085 40.874182228927076)","genusspecies":"Pinus resinosa - red pine"}},{"type":"Feature","geometry":{"type":"Point","coordinates":[-73.88217757754083,40.83411182555699]},"properties":{"tpcondition":"Good","stumpdiameter":"0","riskratingdate":null,"riskrating":null,"objectid":"5107349","globalid":"D56DCCD2-4EAF-4489-982D-41AAE2D16C08","tpstructure":"Full","plantingspaceglobalid":"D56DCCD2-4EAF-4489-982D-41AAE2D16C08","createddate":"2017-11-15 11:11:11.0000000","dbh":"3","planteddate":null,"updateddate":null,"geometry":"POINT(-73.88217757754083 40.83411182555699)","genusspecies":"Acer rubrum - red maple"}},{"type":"Feature","geometry":{"type":"Point","coordinates":[-73.91713609124412,40.880498953313754]},"properties":{"tpcondition":"Fair","stumpdiameter":null,"riskratingdate":"2024-08-12 14:05:31.0000000","riskrating":"7","objectid":"5107350","globalid":"697B079D-8679-4FD5-A029-39EA1FABAC01","tpstructure":"Full","plantingspaceglobalid":"697B079D-8679-4FD5-A029-39EA1FABAC01","createddate":"2017-11-15 11:11:11.0000000","dbh":"23","planteddate":null,"updateddate":"2024-08-12 14:05:31.0000000","geometry":"POINT(-73.91713609124412 40.880498953313754)","genusspecies":"Liquidambar styraciflua - sweetgum"}},{"type":"Feature","geometry":{"type":"Point","coordinates":[-73.87733562215031,40.87655658918666]},"properties":{"tpcondition":"Good","stumpdiameter":"0","riskratingdate":null,"riskrating":null,"objectid":"5107351","globalid":"81FB7D48-8361-4FBE-8321-F98F1A8C3323","tpstructure":"Full","plantingspaceglobalid":"81FB7D48-8361-4FBE-8321-F98F1A8C3323","createddate":"2017-11-15 11:11:11.0000000","dbh":"27","planteddate":null,"updateddate":"2017-11-28 11:48:18.0000000","geometry":"POINT(-73.87733562215031 40.87655658918666)","genusspecies":"Quercus palustris - pin oak"}},{"type":"Feature","geometry":{"type":"Point","coordinates":[-73.75685041076902,40.685333237316065]},"properties":{"tpcondition":"Good","stumpdiameter":null,"riskratingdate":"2025-08-20 12:35:41.0000000","riskrating":"8","objectid":"5107352","globalid":"D988C50B-EAA6-4B15-BF65-EA199D0F8118","tpstructure":"Full","plantingspaceglobalid":"D988C50B-EAA6-4B15-BF65-EA199D0F8118","createddate":"2017-11-15 11:11:11.0000000","dbh":"11","planteddate":null,"updateddate":"2025-08-20 12:35:41.0000000","geometry":"POINT(-73.75685041076902 40.685333237316065)","genusspecies":"Acer platanoides - Norway maple"}},{"type":"Feature","geometry":{"type":"Point","coordinates":[-73.92222986874174,40.85762397364112]},"properties":{"tpcondition":"Good","stumpdiameter":"0","riskratingdate":null,"riskrating":null,"objectid":"5107353","globalid":"410B2AB3-2AA8-487E-9177-D8C59B355935","tpstructure":"Full","plantingspaceglobalid":"410B2AB3-2AA8-487E-9177-D8C59B355935","createddate":"2017-11-15 11:11:11.0000000","dbh":"12","planteddate":null,"updateddate":null,"geometry":"POINT(-73.92222986874174 40.85762397364112)","genusspecies":"Crataegus - Hawthorn"}},{"type":"Feature","geometry":{"type":"Point","coordinates":[-73.91183120714109,40.74784879777159]},"properties":{"tpcondition":"Fair","stumpdiameter":null,"riskratingdate":"2022-03-21 14:01:53.0000000","riskrating":"7","objectid":"5107354","globalid":"FB5A6A1F-9994-481E-AD63-B4F57EF9AEE7","tpstructure":"Full","plantingspaceglobalid":"FB5A6A1F-9994-481E-AD63-B4F57EF9AEE7","createddate":"2017-11-15 11:11:11.0000000","dbh":"24","planteddate":null,"updateddate":"2022-03-21 14:01:53.0000000","geometry":"POINT(-73.91183120714109 40.74784879777159)","genusspecies":"Acer - maple"}},{"type":"Feature","geometry":{"type":"Point","coordinates":[-73.91876817368018,40.88171206691719]},"properties":{"tpcondition":"Fair","stumpdiameter":null,"riskratingdate":"2024-08-09 12:17:36.0000000","riskrating":"7","objectid":"5107355","globalid":"D14E706F-063A-4EF2-9331-A0A823819E84","tpstructure":"Full","plantingspaceglobalid":"D14E706F-063A-4EF2-9331-A0A823819E84","createddate":"2017-11-15 11:11:11.0000000","dbh":"10","planteddate":null,"updateddate":"2024-08-09 12:17:36.0000000","geometry":"POINT(-73.91876817368018 40.88171206691719)","genusspecies":"Cercis canadensis - eastern redbud"}},{"type":"Feature","geometry":{"type":"Point","coordinates":[-74.01314090560808,40.70202645571255]},"properties":{"tpcondition":"Good","stumpdiameter":"0","riskratingdate":null,"riskrating":null,"objectid":"5107356","globalid":"9566E3F9-F89A-4ADC-BE09-8B15B362F176","tpstructure":"Full","plantingspaceglobalid":"9566E3F9-F89A-4ADC-BE09-8B15B362F176","createddate":"2017-11-15 11:11:11.0000000","dbh":"6","planteddate":null,"updateddate":null,"geometry":"POINT(-74.01314090560808 40.70202645571255)","genusspecies":"Gymnocladus dioicus - Kentucky coffeetree"}},{"type":"Feature","geometry":{"type":"Point","coordinates":[-73.90314118672842,40.82863957400637]},"properties":{"tpcondition":"Good","stumpdiameter":"0","riskratingdate":null,"riskrating":null,"objectid":"5107357","globalid":"38CBB9F2-970E-40E8-84C8-88A8D49E544E","tpstructure":"Full","plantingspaceglobalid":"38CBB9F2-970E-40E8-84C8-88A8D49E544E","createddate":"2017-11-15 11:11:11.0000000","dbh":"17","planteddate":null,"updateddate":"2018-09-19 14:05:12.0000000","geometry":"POINT(-73.90314118672842 40.82863957400637)","genusspecies":"Platanus x acerifolia - London planetree"}},{"type":"Feature","geometry":{"type":"Point","coordinates":[-73.92543696292309,40.83121614988597]},"properties":{"tpcondition":"Good","stumpdiameter":"0","riskratingdate":null,"riskrating":null,"objectid":"5107360","globalid":"BD46C0B5-107F-49A1-9F61-1D9DB1723FE4","tpstructure":"Full","plantingspaceglobalid":"BD46C0B5-107F-49A1-9F61-1D9DB1723FE4","createddate":"2017-11-15 11:11:11.0000000","dbh":"4","planteddate":null,"updateddate":null,"geometry":"POINT(-73.92543696292309 40.83121614988597)","genusspecies":"Amelanchier - serviceberry"}},{"type":"Feature","geometry":{"type":"Point","coordinates":[-73.839621987505,40.87345423551722]},"properties":{"tpcondition":"Fair","stumpdiameter":null,"riskratingdate":"2024-07-22 13:08:00.0000000","riskrating":"7","objectid":"5107361","globalid":"EB346E6E-5871-4E8A-A4F3-DD8C2BA32175","tpstructure":"Full","plantingspaceglobalid":"EB346E6E-5871-4E8A-A4F3-DD8C2BA32175","createddate":"2017-11-15 11:11:11.0000000","dbh":"14","planteddate":null,"updateddate":"2024-07-22 13:08:00.0000000","geometry":"POINT(-73.839621987505 40.87345423551722)","genusspecies":"Quercus phellos - willow oak"}},{"type":"Feature","geometry":{"type":"Point","coordinates":[-73.97670705606421,40.793912226401126]},"properties":{"tpcondition":"Good","stumpdiameter":"0","riskratingdate":null,"riskrating":null,"objectid":"5107363","globalid":"2D6D7D48-CCC9-454B-9FD7-CB2ADE7D9D8F","tpstructure":"Full","plantingspaceglobalid":"2D6D7D48-CCC9-454B-9FD7-CB2ADE7D9D8F","createddate":"2017-11-15 11:11:11.0000000","dbh":"13","planteddate":null,"updateddate":null,"geometry":"POINT(-73.97670705606421 40.793912226401126)","genusspecies":"Acer platanoides - Norway maple"}},{"type":"Feature","geometry":{"type":"Point","coordinates":[-73.83880510807592,40.873138045557376]},"properties":{"tpcondition":"Good","stumpdiameter":"0","riskratingdate":null,"riskrating":null,"objectid":"5107364","globalid":"F65694C7-5E7E-4705-AABF-B373179426FB","tpstructure":"Full","plantingspaceglobalid":"F65694C7-5E7E-4705-AABF-B373179426FB","createddate":"2017-11-15 11:11:11.0000000","dbh":"7","planteddate":null,"updateddate":null,"geometry":"POINT(-73.83880510807592 40.873138045557376)","genusspecies":"Quercus palustris - pin oak"}},{"type":"Feature","geometry":{"type":"Point","coordinates":[-73.95692642445948,40.82194306267818]},"properties":{"tpcondition":"Good","stumpdiameter":"0","riskratingdate":null,"riskrating":null,"objectid":"5107365","globalid":"0F3369A5-E9E9-467E-BC43-A9379214CA9D","tpstructure":"Full","plantingspaceglobalid":"0F3369A5-E9E9-467E-BC43-A9379214CA9D","createddate":"2017-11-15 11:11:11.0000000","dbh":"18","planteddate":null,"updateddate":null,"geometry":"POINT(-73.95692642445948 40.82194306267818)","genusspecies":"Robinia pseudoacacia - black locust"}},{"type":"Feature","geometry":{"type":"Point","coordinates":[-73.83912806857784,40.873100816106415]},"properties":{"tpcondition":"Good","stumpdiameter":"0","riskratingdate":null,"riskrating":null,"objectid":"5107366","globalid":"5B8CED33-C17C-4DAB-A285-6C52F274B57F","tpstructure":"Full","plantingspaceglobalid":"5B8CED33-C17C-4DAB-A285-6C52F274B57F","createddate":"2017-11-15 11:11:11.0000000","dbh":"22","planteddate":null,"updateddate":null,"geometry":"POINT(-73.83912806857784 40.873100816106415)","genusspecies":"Liquidambar styraciflua - sweetgum"}},{"type":"Feature","geometry":{"type":"Point","coordinates":[-73.95658333991152,40.8226253519459]},"properties":{"tpcondition":"Good","stumpdiameter":"0","riskratingdate":null,"riskrating":null,"objectid":"5107367","globalid":"EF59E8E7-025F-437E-8EB5-592016133221","tpstructure":"Full","plantingspaceglobalid":"EF59E8E7-025F-437E-8EB5-592016133221","createddate":"2017-11-15 11:11:11.0000000","dbh":"21","planteddate":null,"updateddate":null,"geometry":"POINT(-73.95658333991152 40.8226253519459)","genusspecies":"Robinia pseudoacacia - black locust"}},{"type":"Feature","geometry":{"type":"Point","coordinates":[-74.05954616191949,40.60783095159481]},"properties":{"tpcondition":"Good","stumpdiameter":null,"riskratingdate":"2021-12-29 15:24:05.0000000","riskrating":"6","objectid":"5107368","globalid":"D6BED5BD-1C30-4490-A956-4EA1C5EC75F6","tpstructure":"Full","plantingspaceglobalid":"D6BED5BD-1C30-4490-A956-4EA1C5EC75F6","createddate":"2017-11-15 11:11:11.0000000","dbh":"13","planteddate":null,"updateddate":"2021-12-29 15:24:05.0000000","geometry":"POINT(-74.05954616191949 40.60783095159481)","genusspecies":"Quercus bicolor - swamp white oak"}},{"type":"Feature","geometry":{"type":"Point","coordinates":[-73.91056648888947,40.88192941901148]},"properties":{"tpcondition":"Good","stumpdiameter":"0","riskratingdate":"2019-09-10 15:14:29.0000000","riskrating":"3","objectid":"5107369","globalid":"D3695995-F468-42A4-ACF2-21BD0453CFAD","tpstructure":"Full","plantingspaceglobalid":"D3695995-F468-42A4-ACF2-21BD0453CFAD","createddate":"2017-11-15 11:11:11.0000000","dbh":"3","planteddate":null,"updateddate":"2019-09-10 19:14:30.0000000","geometry":"POINT(-73.91056648888947 40.88192941901148)","genusspecies":"Crataegus - Hawthorn"}},{"type":"Feature","geometry":{"type":"Point","coordinates":[-73.82108563241948,40.711657735921804]},"properties":{"tpcondition":"Poor","stumpdiameter":null,"riskratingdate":"2025-08-19 12:57:33.0000000","riskrating":"8","objectid":"5107370","globalid":"5ACD8732-96F2-439D-8536-1F04D8241DF6","tpstructure":"Full","plantingspaceglobalid":"5ACD8732-96F2-439D-8536-1F04D8241DF6","createddate":"2017-11-15 11:11:11.0000000","dbh":"24","planteddate":null,"updateddate":"2025-08-19 12:57:33.0000000","geometry":"POINT(-73.82108563241948 40.711657735921804)","genusspecies":"Quercus palustris - pin oak"}},{"type":"Feature","geometry":{"type":"Point","coordinates":[-73.77691105174742,40.73613299320304]},"properties":{"tpcondition":"Dead","stumpdiameter":"0","riskratingdate":"2019-09-19 10:22:48.0000000","riskrating":"8","objectid":"5107371","globalid":"74EC77F6-6143-47F3-8D50-ED99FE7FC915","tpstructure":"Stump","plantingspaceglobalid":"74EC77F6-6143-47F3-8D50-ED99FE7FC915","createddate":"2017-11-15 11:11:11.0000000","dbh":"26","planteddate":null,"updateddate":"2024-02-02 12:28:00.0000000","geometry":"POINT(-73.77691105174742 40.73613299320304)","genusspecies":"Quercus rubra - northern red oak"}},{"type":"Feature","geometry":{"type":"Point","coordinates":[-73.92211750009541,40.74115900419974]},"properties":{"tpcondition":"Good","stumpdiameter":"0","riskratingdate":null,"riskrating":null,"objectid":"5107372","globalid":"9D62753D-FBB8-4EE7-96C8-BB3FF64D7ADB","tpstructure":"Full","plantingspaceglobalid":"9D62753D-FBB8-4EE7-96C8-BB3FF64D7ADB","createddate":"2017-11-15 11:11:11.0000000","dbh":"11","planteddate":null,"updateddate":null,"geometry":"POINT(-73.92211750009541 40.74115900419974)","genusspecies":"Platanus x acerifolia - London planetree"}},{"type":"Feature","geometry":{"type":"Point","coordinates":[-73.9478126697769,40.705857109781924]},"properties":{"tpcondition":"Good","stumpdiameter":"0","riskratingdate":"2019-12-24 17:19:24.0000000","riskrating":"6","objectid":"5107374","globalid":"B87204F8-E796-4365-AE3E-8DCD5E9A724D","tpstructure":"Full","plantingspaceglobalid":"B87204F8-E796-4365-AE3E-8DCD5E9A724D","createddate":"2017-11-15 11:11:00.0000000","dbh":"28","planteddate":null,"updateddate":"2019-12-24 17:19:24.0000000","geometry":"POINT(-73.9478126697769 40.705857109781924)","genusspecies":"Platanus x acerifolia - London planetree"}},{"type":"Feature","geometry":{"type":"Point","coordinates":[-73.91851121350966,40.882629951829166]},"properties":{"tpcondition":"Good","stumpdiameter":"0","riskratingdate":null,"riskrating":null,"objectid":"5107375","globalid":"5E181667-3EEE-4CDB-A2FD-7BEE86A691CB","tpstructure":"Full","plantingspaceglobalid":"5E181667-3EEE-4CDB-A2FD-7BEE86A691CB","createddate":"2017-11-15 11:11:11.0000000","dbh":"14","planteddate":null,"updateddate":null,"geometry":"POINT(-73.91851121350966 40.882629951829166)","genusspecies":"Acer platanoides - Norway maple"}},{"type":"Feature","geometry":{"type":"Point","coordinates":[-73.83708354400993,40.72231454973449]},"properties":{"tpcondition":"Good","stumpdiameter":"0","riskratingdate":"2020-01-28 14:19:38.0000000","riskrating":"7","objectid":"5107376","globalid":"0247B157-39B1-403B-8E0A-45D12D8918EC","tpstructure":"Full","plantingspaceglobalid":"0247B157-39B1-403B-8E0A-45D12D8918EC","createddate":"2017-11-15 11:11:11.0000000","dbh":"13","planteddate":null,"updateddate":"2020-01-28 14:19:38.0000000","geometry":"POINT(-73.83708354400993 40.72231454973449)","genusspecies":"Quercus palustris - pin oak"}},{"type":"Feature","geometry":{"type":"Point","coordinates":[-73.7617959912898,40.59267169422657]},"properties":{"tpcondition":"Good","stumpdiameter":"0","riskratingdate":null,"riskrating":null,"objectid":"5107377","globalid":"F3EF4F9F-A86B-4065-8025-442A5A7F6701","tpstructure":"Full","plantingspaceglobalid":"F3EF4F9F-A86B-4065-8025-442A5A7F6701","createddate":"2017-11-15 11:11:11.0000000","dbh":"3","planteddate":null,"updateddate":null,"geometry":"POINT(-73.7617959912898 40.59267169422657)","genusspecies":"Juniperus virginiana - eastern redcedar"}},{"type":"Feature","geometry":{"type":"Point","coordinates":[-73.97855674847254,40.71100672955708]},"properties":{"tpcondition":"Dead","stumpdiameter":"0","riskratingdate":null,"riskrating":null,"objectid":"5107378","globalid":"AF6345D7-848B-452D-AE4C-3D6715E981C6","tpstructure":"Retired","plantingspaceglobalid":"AF6345D7-848B-452D-AE4C-3D6715E981C6","createddate":"2017-11-15 11:11:11.0000000","dbh":"17","planteddate":null,"updateddate":"2024-10-22 19:48:18.0000000","geometry":"POINT(-73.97855674847254 40.71100672955708)","genusspecies":"Liquidambar styraciflua - sweetgum"}},{"type":"Feature","geometry":{"type":"Point","coordinates":[-73.93597571555564,40.81887562077523]},"properties":{"tpcondition":"Good","stumpdiameter":"0","riskratingdate":"2025-09-16 14:03:13.0000000","riskrating":"5","objectid":"5107379","globalid":"D258B6A7-2856-40B3-B702-2D4E622CE8DF","tpstructure":"Full","plantingspaceglobalid":"D258B6A7-2856-40B3-B702-2D4E622CE8DF","createddate":"2017-11-15 11:11:00.0000000","dbh":"10","planteddate":null,"updateddate":"2025-09-16 14:03:13.0000000","geometry":"POINT(-73.93597571555564 40.81887562077523)","genusspecies":"Acer rubrum - red maple"}},{"type":"Feature","geometry":{"type":"Point","coordinates":[-73.7681643748814,40.7747876348082]},"properties":{"tpcondition":"Fair","stumpdiameter":null,"riskratingdate":"2025-10-29 13:42:40.0000000","riskrating":"3","objectid":"5107380","globalid":"67BBC622-4799-4B0E-9522-1ACD2EDF1B92","tpstructure":"Full","plantingspaceglobalid":"67BBC622-4799-4B0E-9522-1ACD2EDF1B92","createddate":"2017-11-15 11:11:11.0000000","dbh":"23","planteddate":null,"updateddate":"2025-10-29 13:42:40.0000000","geometry":"POINT(-73.7681643748814 40.7747876348082)","genusspecies":"Quercus palustris - pin oak"}},{"type":"Feature","geometry":{"type":"Point","coordinates":[-73.99090561857417,40.722590421674774]},"properties":{"tpcondition":"Good","stumpdiameter":null,"riskratingdate":"2024-10-28 16:41:15.0000000","riskrating":"3","objectid":"5107382","globalid":"927EF484-D2AF-4DA1-B2FE-C24C8DBF64E5","tpstructure":"Full","plantingspaceglobalid":"927EF484-D2AF-4DA1-B2FE-C24C8DBF64E5","createddate":"2017-11-15 11:11:11.0000000","dbh":"2","planteddate":null,"updateddate":"2024-10-28 16:41:15.0000000","geometry":"POINT(-73.99090561857417 40.722590421674774)","genusspecies":"Ginkgo biloba - maidenhair tree"}},{"type":"Feature","geometry":{"type":"Point","coordinates":[-73.94742986348827,40.75665645929756]},"properties":{"tpcondition":"Good","stumpdiameter":"0","riskratingdate":null,"riskrating":null,"objectid":"5107383","globalid":"3108DE77-3B7B-47B2-8BFF-98E121FBCC8A","tpstructure":"Full","plantingspaceglobalid":"3108DE77-3B7B-47B2-8BFF-98E121FBCC8A","createddate":"2017-11-15 11:11:11.0000000","dbh":"16","planteddate":null,"updateddate":null,"geometry":"POINT(-73.94742986348827 40.75665645929756)","genusspecies":"Platanus x acerifolia - London planetree"}},{"type":"Feature","geometry":{"type":"Point","coordinates":[-73.98204340170939,40.72624644636598]},"properties":{"tpcondition":"Good","stumpdiameter":null,"riskratingdate":"2022-08-04 13:34:23.0000000","riskrating":"7","objectid":"5107384","globalid":"ACAA8574-68C4-4BFA-B084-7B922C6B0628","tpstructure":"Full","plantingspaceglobalid":"ACAA8574-68C4-4BFA-B084-7B922C6B0628","createddate":"2017-11-15 11:11:11.0000000","dbh":"33","planteddate":null,"updateddate":"2022-08-04 13:34:23.0000000","geometry":"POINT(-73.98204340170939 40.72624644636598)","genusspecies":"Styphnolobium japonicum - Japanese pagoda tree"}},{"type":"Feature","geometry":{"type":"Point","coordinates":[-73.93627010493374,40.79449397389166]},"properties":{"tpcondition":"Fair","stumpdiameter":null,"riskratingdate":"2025-07-08 15:59:06.0000000","riskrating":"4","objectid":"5107385","globalid":"51008B85-E9A4-48D6-AD97-6F66D9CA0ADD","tpstructure":"Full","plantingspaceglobalid":"51008B85-E9A4-48D6-AD97-6F66D9CA0ADD","createddate":"2017-11-15 11:11:11.0000000","dbh":"7","planteddate":null,"updateddate":"2025-07-08 15:59:06.0000000","geometry":"POINT(-73.93627010493374 40.79449397389166)","genusspecies":"Crataegus - Hawthorn"}},{"type":"Feature","geometry":{"type":"Point","coordinates":[-73.94789745838918,40.746966301424926]},"properties":{"tpcondition":"Excellent","stumpdiameter":"0","riskratingdate":null,"riskrating":null,"objectid":"5107386","globalid":"A26B82DB-C1BE-48B5-8ECB-522F1173EFF2","tpstructure":"Full","plantingspaceglobalid":"A26B82DB-C1BE-48B5-8ECB-522F1173EFF2","createddate":"2017-11-15 11:11:11.0000000","dbh":"9","planteddate":null,"updateddate":null,"geometry":"POINT(-73.94789745838918 40.746966301424926)","genusspecies":"Tilia americana - American basswood"}},{"type":"Feature","geometry":{"type":"Point","coordinates":[-73.77703785529731,40.736395189132814]},"properties":{"tpcondition":"Good","stumpdiameter":"0","riskratingdate":"2019-09-19 10:29:29.0000000","riskrating":"9","objectid":"5107387","globalid":"3D2B54FD-8F96-479A-831B-5234C6C4D18C","tpstructure":"Full","plantingspaceglobalid":"3D2B54FD-8F96-479A-831B-5234C6C4D18C","createddate":"2017-11-15 11:11:11.0000000","dbh":"43","planteddate":null,"updateddate":"2019-09-19 14:29:30.0000000","geometry":"POINT(-73.77703785529731 40.736395189132814)","genusspecies":"Quercus rubra - northern red oak"}},{"type":"Feature","geometry":{"type":"Point","coordinates":[-73.94720727964396,40.75417599799234]},"properties":{"tpcondition":"Fair","stumpdiameter":null,"riskratingdate":"2025-11-11 16:38:19.0000000","riskrating":"4","objectid":"5107388","globalid":"2B66384F-B19F-4272-BE28-416A632F8ECD","tpstructure":"Full","plantingspaceglobalid":"2B66384F-B19F-4272-BE28-416A632F8ECD","createddate":"2017-11-15 11:11:11.0000000","dbh":"26","planteddate":null,"updateddate":"2025-11-11 16:38:19.0000000","geometry":"POINT(-73.94720727964396 40.75417599799234)","genusspecies":"Platanus x acerifolia - London planetree"}},{"type":"Feature","geometry":{"type":"Point","coordinates":[-74.08970182045118,40.60197795473132]},"properties":{"tpcondition":"Good","stumpdiameter":null,"riskratingdate":"2023-06-30 16:07:47.0000000","riskrating":"5","objectid":"5107389","globalid":"9CD5DC07-3556-4544-8D0A-1F7DE7B9E37A","tpstructure":"Full","plantingspaceglobalid":"9CD5DC07-3556-4544-8D0A-1F7DE7B9E37A","createddate":"2017-11-15 11:11:11.0000000","dbh":"5","planteddate":null,"updateddate":"2023-06-30 16:07:47.0000000","geometry":"POINT(-74.08970182045118 40.60197795473132)","genusspecies":"Thuja occidentalis - arborvitae"}},{"type":"Feature","geometry":{"type":"Point","coordinates":[-73.87717918310767,40.87845728707551]},"properties":{"tpcondition":"Good","stumpdiameter":"0","riskratingdate":null,"riskrating":null,"objectid":"5107391","globalid":"5D7B6038-DB1B-47DF-A405-03359472C2F4","tpstructure":"Retired","plantingspaceglobalid":"5D7B6038-DB1B-47DF-A405-03359472C2F4","createddate":"2017-11-15 11:11:11.0000000","dbh":"25","planteddate":null,"updateddate":"2017-12-04 10:14:39.0000000","geometry":"POINT(-73.87717918310767 40.87845728707551)","genusspecies":"Quercus palustris - pin oak"}},{"type":"Feature","geometry":{"type":"Point","coordinates":[-73.97606501057524,40.713563808855426]},"properties":{"tpcondition":"Good","stumpdiameter":"0","riskratingdate":null,"riskrating":null,"objectid":"5107392","globalid":"26E52362-B424-46EF-A97C-F09C031CD5C6","tpstructure":"Retired","plantingspaceglobalid":"26E52362-B424-46EF-A97C-F09C031CD5C6","createddate":"2017-11-15 11:11:11.0000000","dbh":"17","planteddate":null,"updateddate":"2021-12-14 15:22:00.0000000","geometry":"POINT(-73.97606501057524 40.713563808855426)","genusspecies":"Platanus x acerifolia - London planetree"}},{"type":"Feature","geometry":{"type":"Point","coordinates":[-73.92339522050627,40.87377258560648]},"properties":{"tpcondition":"Good","stumpdiameter":"0","riskratingdate":null,"riskrating":null,"objectid":"5107393","globalid":"FAE89C5E-EC34-474D-9405-BE5CF72A8846","tpstructure":"Full","plantingspaceglobalid":"FAE89C5E-EC34-474D-9405-BE5CF72A8846","createddate":"2017-11-15 11:11:11.0000000","dbh":"8","planteddate":null,"updateddate":null,"geometry":"POINT(-73.92339522050626 40.87377258560648)","genusspecies":"Celtis occidentalis - common hackberry"}},{"type":"Feature","geometry":{"type":"Point","coordinates":[-73.95025919131876,40.830745277884915]},"properties":{"tpcondition":"Good","stumpdiameter":"0","riskratingdate":null,"riskrating":null,"objectid":"5107394","globalid":"84321CAE-9243-4952-A25C-B0932E1FE3AA","tpstructure":"Full","plantingspaceglobalid":"84321CAE-9243-4952-A25C-B0932E1FE3AA","createddate":"2017-11-15 11:11:11.0000000","dbh":"15","planteddate":null,"updateddate":null,"geometry":"POINT(-73.95025919131876 40.830745277884915)","genusspecies":"Robinia pseudoacacia - black locust"}},{"type":"Feature","geometry":{"type":"Point","coordinates":[-73.92204072682274,40.85763988076507]},"properties":{"tpcondition":"Good","stumpdiameter":"0","riskratingdate":null,"riskrating":null,"objectid":"5107395","globalid":"303E17F0-FD37-4F5C-9C1E-6016C5F040A5","tpstructure":"Full","plantingspaceglobalid":"303E17F0-FD37-4F5C-9C1E-6016C5F040A5","createddate":"2017-11-15 11:11:11.0000000","dbh":"4","planteddate":null,"updateddate":null,"geometry":"POINT(-73.92204072682274 40.85763988076507)","genusspecies":"Amelanchier - serviceberry"}},{"type":"Feature","geometry":{"type":"Point","coordinates":[-74.00690134820002,40.712109299872154]},"properties":{"tpcondition":"Good","stumpdiameter":"0","riskratingdate":null,"riskrating":null,"objectid":"5107396","globalid":"5613552C-93C7-4F9D-8234-5B6C998F1ADB","tpstructure":"Full","plantingspaceglobalid":"5613552C-93C7-4F9D-8234-5B6C998F1ADB","createddate":"2017-11-15 11:11:11.0000000","dbh":"18","planteddate":null,"updateddate":"2018-03-27 13:34:43.0000000","geometry":"POINT(-74.00690134820002 40.712109299872154)","genusspecies":"Crataegus - Hawthorn"}},{"type":"Feature","geometry":{"type":"Point","coordinates":[-74.0062644144826,40.713895127995116]},"properties":{"tpcondition":"Good","stumpdiameter":"0","riskratingdate":"2021-06-28 14:03:14.0000000","riskrating":"7","objectid":"5107397","globalid":"2C45456A-8D2B-40FC-920A-40F056C1C6E9","tpstructure":"Full","plantingspaceglobalid":"2C45456A-8D2B-40FC-920A-40F056C1C6E9","createddate":"2017-11-15 11:11:11.0000000","dbh":"27","planteddate":null,"updateddate":"2021-06-28 14:03:14.0000000","geometry":"POINT(-74.0062644144826 40.713895127995116)","genusspecies":"Platanus x acerifolia - London planetree"}},{"type":"Feature","geometry":{"type":"Point","coordinates":[-74.18792563449206,40.58978245758598]},"properties":{"tpcondition":"Poor","stumpdiameter":null,"riskratingdate":"2022-05-05 17:07:23.0000000","riskrating":"9","objectid":"5107398","globalid":"77846F82-24ED-439D-84A3-305B66EED5BA","tpstructure":"Full","plantingspaceglobalid":"77846F82-24ED-439D-84A3-305B66EED5BA","createddate":"2017-11-15 11:11:11.0000000","dbh":"19","planteddate":null,"updateddate":"2022-05-05 17:07:23.0000000","geometry":"POINT(-74.18792563449206 40.58978245758598)","genusspecies":"Liquidambar styraciflua - sweetgum"}},{"type":"Feature","geometry":{"type":"Point","coordinates":[-73.96567880052697,40.7088015962606]},"properties":{"tpcondition":"Good","stumpdiameter":"0","riskratingdate":null,"riskrating":null,"objectid":"5107399","globalid":"1305167B-509E-4098-9020-16D9E470FD05","tpstructure":"Full","plantingspaceglobalid":"1305167B-509E-4098-9020-16D9E470FD05","createddate":"2017-11-15 11:11:11.0000000","dbh":"11","planteddate":null,"updateddate":null,"geometry":"POINT(-73.96567880052697 40.7088015962606)","genusspecies":"Pyrus calleryana - Callery pear"}},{"type":"Feature","geometry":{"type":"Point","coordinates":[-73.95091367633769,40.8289237715428]},"properties":{"tpcondition":"Good","stumpdiameter":"0","riskratingdate":null,"riskrating":null,"objectid":"5107400","globalid":"21DB3D60-BE90-4FBA-92B8-04442B964CF4","tpstructure":"Full","plantingspaceglobalid":"21DB3D60-BE90-4FBA-92B8-04442B964CF4","createddate":"2017-11-15 11:11:11.0000000","dbh":"25","planteddate":null,"updateddate":null,"geometry":"POINT(-73.95091367633769 40.8289237715428)","genusspecies":"Acer platanoides - Norway maple"}},{"type":"Feature","geometry":{"type":"Point","coordinates":[-73.97682876147552,40.71943324145309]},"properties":{"tpcondition":"Fair","stumpdiameter":null,"riskratingdate":"2025-08-06 16:02:15.0000000","riskrating":"7","objectid":"5107401","globalid":"0EDCAE77-B297-4C0F-B576-FAC57575B63F","tpstructure":"Full","plantingspaceglobalid":"0EDCAE77-B297-4C0F-B576-FAC57575B63F","createddate":"2017-11-15 11:11:11.0000000","dbh":"14","planteddate":null,"updateddate":"2025-08-06 16:02:15.0000000","geometry":"POINT(-73.97682876147552 40.71943324145309)","genusspecies":"Morus - mulberry"}},{"type":"Feature","geometry":{"type":"Point","coordinates":[-73.92040102324705,40.874818212083355]},"properties":{"tpcondition":"Good","stumpdiameter":"0","riskratingdate":null,"riskrating":null,"objectid":"5107402","globalid":"48B266BA-873B-411E-89DA-C27E4CBC0D53","tpstructure":"Full","plantingspaceglobalid":"48B266BA-873B-411E-89DA-C27E4CBC0D53","createddate":"2017-11-15 11:11:11.0000000","dbh":"28","planteddate":null,"updateddate":null,"geometry":"POINT(-73.92040102324705 40.874818212083355)","genusspecies":"Platanus x acerifolia - London planetree"}},{"type":"Feature","geometry":{"type":"Point","coordinates":[-73.82326243931098,40.7826036096425]},"properties":{"tpcondition":"Fair","stumpdiameter":null,"riskratingdate":"2025-10-24 12:56:48.0000000","riskrating":"7","objectid":"5107403","globalid":"1493490F-3202-4AB2-B91D-B77DED438754","tpstructure":"Full","plantingspaceglobalid":"1493490F-3202-4AB2-B91D-B77DED438754","createddate":"2017-11-15 11:11:00.0000000","dbh":"18","planteddate":null,"updateddate":"2025-10-24 12:56:48.0000000","geometry":"POINT(-73.82326243931098 40.7826036096425)","genusspecies":"Platanus x acerifolia - London planetree"}},{"type":"Feature","geometry":{"type":"Point","coordinates":[-73.93610965479034,40.71598112793815]},"properties":{"tpcondition":"Fair","stumpdiameter":"0","riskratingdate":null,"riskrating":null,"objectid":"5107404","globalid":"AB634602-1CCB-4831-AC7D-A88D11F3DF8E","tpstructure":"Full","plantingspaceglobalid":"AB634602-1CCB-4831-AC7D-A88D11F3DF8E","createddate":"2017-11-15 11:11:11.0000000","dbh":"3","planteddate":null,"updateddate":null,"geometry":"POINT(-73.93610965479034 40.71598112793815)","genusspecies":"Cornus florida - flowering dogwood"}},{"type":"Feature","geometry":{"type":"Point","coordinates":[-74.00720946415126,40.71277499439343]},"properties":{"tpcondition":"Good","stumpdiameter":null,"riskratingdate":"2023-04-15 15:57:00.0000000","riskrating":"8","objectid":"5107406","globalid":"9C363A81-4AC2-427E-A75A-7F7325306B32","tpstructure":"Full","plantingspaceglobalid":"9C363A81-4AC2-427E-A75A-7F7325306B32","createddate":"2017-11-15 11:11:11.0000000","dbh":"13","planteddate":null,"updateddate":"2023-04-15 15:57:00.0000000","geometry":"POINT(-74.00720946415126 40.71277499439343)","genusspecies":"Platanus x acerifolia - London planetree"}},{"type":"Feature","geometry":{"type":"Point","coordinates":[-73.9429399657934,40.72435475061367]},"properties":{"tpcondition":"Fair","stumpdiameter":null,"riskratingdate":"2023-01-28 19:49:55.0000000","riskrating":"3","objectid":"5107407","globalid":"1A7D40E7-B956-4497-9B8C-545E0BB51C8C","tpstructure":"Full","plantingspaceglobalid":"1A7D40E7-B956-4497-9B8C-545E0BB51C8C","createddate":"2017-11-15 11:11:11.0000000","dbh":"3","planteddate":null,"updateddate":"2023-01-28 19:49:55.0000000","geometry":"POINT(-73.9429399657934 40.72435475061367)","genusspecies":"Malus - apple"}},{"type":"Feature","geometry":{"type":"Point","coordinates":[-73.93462987211247,40.77167559630412]},"properties":{"tpcondition":"Good","stumpdiameter":"0","riskratingdate":null,"riskrating":null,"objectid":"5107408","globalid":"8B8970C3-50D2-407D-A8D8-33B4E10914C2","tpstructure":"Full","plantingspaceglobalid":"8B8970C3-50D2-407D-A8D8-33B4E10914C2","createddate":"2017-11-15 11:11:11.0000000","dbh":"10","planteddate":null,"updateddate":"2019-01-28 19:28:38.0000000","geometry":"POINT(-73.93462987211247 40.77167559630412)","genusspecies":"Gleditsia triacanthos var. inermis - Thornless honeylocust"}},{"type":"Feature","geometry":{"type":"Point","coordinates":[-73.95154891107669,40.83038634835966]},"properties":{"tpcondition":"Good","stumpdiameter":"0","riskratingdate":null,"riskrating":null,"objectid":"5107409","globalid":"0D8F8A22-D3E0-486D-BA6E-1CE33D5E8BFC","tpstructure":"Full","plantingspaceglobalid":"0D8F8A22-D3E0-486D-BA6E-1CE33D5E8BFC","createddate":"2017-11-15 11:11:11.0000000","dbh":"32","planteddate":null,"updateddate":null,"geometry":"POINT(-73.95154891107669 40.83038634835966)","genusspecies":"Quercus rubra - northern red oak"}},{"type":"Feature","geometry":{"type":"Point","coordinates":[-74.05841844922175,40.60750286501119]},"properties":{"tpcondition":"Fair","stumpdiameter":null,"riskratingdate":"2022-10-24 14:27:34.0000000","riskrating":"6","objectid":"5107410","globalid":"9BDC090B-52AD-42AE-8661-0B31B5731D7E","tpstructure":"Full","plantingspaceglobalid":"9BDC090B-52AD-42AE-8661-0B31B5731D7E","createddate":"2017-11-15 11:11:11.0000000","dbh":"15","planteddate":null,"updateddate":"2022-10-24 14:27:34.0000000","geometry":"POINT(-74.05841844922175 40.60750286501119)","genusspecies":"Acer pseudoplatanus - sycamore maple"}},{"type":"Feature","geometry":{"type":"Point","coordinates":[-73.9784496781215,40.741914692159554]},"properties":{"tpcondition":"Good","stumpdiameter":"0","riskratingdate":"2019-08-14 13:59:00.0000000","riskrating":"3","objectid":"5107411","globalid":"2587B33B-AF9E-4616-B68E-F2055BF940BE","tpstructure":"Full","plantingspaceglobalid":"2587B33B-AF9E-4616-B68E-F2055BF940BE","createddate":"2017-11-15 11:11:00.0000000","dbh":"12","planteddate":null,"updateddate":"2019-11-08 14:30:00.0000000","geometry":"POINT(-73.9784496781215 40.741914692159554)","genusspecies":"Zelkova serrata - Japanese zelkova"}},{"type":"Feature","geometry":{"type":"Point","coordinates":[-73.923652486434,40.833520176828465]},"properties":{"tpcondition":"Good","stumpdiameter":"0","riskratingdate":null,"riskrating":null,"objectid":"5107412","globalid":"0C4D1179-01D2-451B-90AA-D93B626192D8","tpstructure":"Full","plantingspaceglobalid":"0C4D1179-01D2-451B-90AA-D93B626192D8","createddate":"2017-11-15 11:11:11.0000000","dbh":"5","planteddate":null,"updateddate":null,"geometry":"POINT(-73.923652486434 40.833520176828465)","genusspecies":"Juniperus virginiana - eastern redcedar"}},{"type":"Feature","geometry":{"type":"Point","coordinates":[-73.92128859967198,40.869862953850735]},"properties":{"tpcondition":"Fair","stumpdiameter":null,"riskratingdate":"2020-08-17 16:22:50.0000000","riskrating":"7","objectid":"5107413","globalid":"701CBCEF-0494-43B5-9186-D1633C6F3AF9","tpstructure":"Full","plantingspaceglobalid":"701CBCEF-0494-43B5-9186-D1633C6F3AF9","createddate":"2017-11-15 11:11:11.0000000","dbh":"16","planteddate":null,"updateddate":"2020-08-17 16:22:50.0000000","geometry":"POINT(-73.92128859967198 40.869862953850735)","genusspecies":"Quercus palustris - pin oak"}},{"type":"Feature","geometry":{"type":"Point","coordinates":[-73.92482227820905,40.83100683234977]},"properties":{"tpcondition":"Good","stumpdiameter":"0","riskratingdate":null,"riskrating":null,"objectid":"5107414","globalid":"9BD8DD2E-7CB1-4060-9FD2-D1651F98F91F","tpstructure":"Full","plantingspaceglobalid":"9BD8DD2E-7CB1-4060-9FD2-D1651F98F91F","createddate":"2017-11-15 11:11:11.0000000","dbh":"3","planteddate":null,"updateddate":null,"geometry":"POINT(-73.92482227820905 40.83100683234977)","genusspecies":"Amelanchier - serviceberry"}},{"type":"Feature","geometry":{"type":"Point","coordinates":[-73.94862733334092,40.75733571617667]},"properties":{"tpcondition":"Good","stumpdiameter":"0","riskratingdate":null,"riskrating":null,"objectid":"5107415","globalid":"2AAA7B81-F452-45E9-9B64-C014581241DD","tpstructure":"Full","plantingspaceglobalid":"2AAA7B81-F452-45E9-9B64-C014581241DD","createddate":"2017-11-15 11:11:11.0000000","dbh":"19","planteddate":null,"updateddate":null,"geometry":"POINT(-73.94862733334092 40.75733571617667)","genusspecies":"Platanus x acerifolia - London planetree"}},{"type":"Feature","geometry":{"type":"Point","coordinates":[-73.94144767957049,40.82163762447173]},"properties":{"tpcondition":"Good","stumpdiameter":"0","riskratingdate":null,"riskrating":null,"objectid":"5107416","globalid":"BA867BE8-13FC-477A-91C2-B72645392063","tpstructure":"Retired","plantingspaceglobalid":"CC5F2251-D277-4B24-BE5F-0D89C82AC778","createddate":"2017-11-15 11:11:11.0000000","dbh":"21","planteddate":null,"updateddate":null,"geometry":"POINT(-73.94144767957049 40.82163762447173)","genusspecies":"Platanus x acerifolia - London planetree"}},{"type":"Feature","geometry":{"type":"Point","coordinates":[-73.97641742272798,40.79465534305044]},"properties":{"tpcondition":"Fair","stumpdiameter":"0","riskratingdate":null,"riskrating":null,"objectid":"5107417","globalid":"0D6B2C41-B030-4052-9074-AE93D3B6697B","tpstructure":"Full","plantingspaceglobalid":"0D6B2C41-B030-4052-9074-AE93D3B6697B","createddate":"2017-11-15 11:11:11.0000000","dbh":"9","planteddate":null,"updateddate":null,"geometry":"POINT(-73.97641742272798 40.79465534305044)","genusspecies":"Pyrus calleryana - Callery pear"}},{"type":"Feature","geometry":{"type":"Point","coordinates":[-73.92235764914844,40.87269741658056]},"properties":{"tpcondition":"Good","stumpdiameter":"0","riskratingdate":null,"riskrating":null,"objectid":"5107418","globalid":"A0AD7085-5D53-42DA-93BB-451D2FFC9D3E","tpstructure":"Full","plantingspaceglobalid":"A0AD7085-5D53-42DA-93BB-451D2FFC9D3E","createddate":"2017-11-15 11:11:11.0000000","dbh":"4","planteddate":null,"updateddate":null,"geometry":"POINT(-73.92235764914844 40.87269741658056)","genusspecies":"Amelanchier arborea - common serviceberry"}},{"type":"Feature","geometry":{"type":"Point","coordinates":[-73.91222575568918,40.67845880596491]},"properties":{"tpcondition":"Fair","stumpdiameter":null,"riskratingdate":"2025-03-03 21:46:20.0000000","riskrating":"7","objectid":"5107419","globalid":"448F9F6F-F9B1-4AF4-9EDF-4135D9E0028F","tpstructure":"Full","plantingspaceglobalid":"448F9F6F-F9B1-4AF4-9EDF-4135D9E0028F","createddate":"2017-11-15 11:11:00.0000000","dbh":"27","planteddate":null,"updateddate":"2025-03-03 21:46:20.0000000","geometry":"POINT(-73.91222575568918 40.67845880596491)","genusspecies":"Ailanthus altissima - tree of heaven"}},{"type":"Feature","geometry":{"type":"Point","coordinates":[-73.87667741701614,40.87761581461555]},"properties":{"tpcondition":"Fair","stumpdiameter":"0","riskratingdate":null,"riskrating":null,"objectid":"5107420","globalid":"8432137D-6A8A-429D-9215-3EE9916510EB","tpstructure":"Full","plantingspaceglobalid":"8432137D-6A8A-429D-9215-3EE9916510EB","createddate":"2017-11-15 11:11:11.0000000","dbh":"25","planteddate":null,"updateddate":"2017-12-01 09:48:41.0000000","geometry":"POINT(-73.87667741701614 40.87761581461555)","genusspecies":"Quercus ellipsoidalis - northern pin oak"}},{"type":"Feature","geometry":{"type":"Point","coordinates":[-73.9364145837242,40.79434024644486]},"properties":{"tpcondition":"Fair","stumpdiameter":null,"riskratingdate":"2025-07-08 15:41:57.0000000","riskrating":"6","objectid":"5107421","globalid":"7A56C762-2491-448D-BD36-F483277D9ED3","tpstructure":"Full","plantingspaceglobalid":"7A56C762-2491-448D-BD36-F483277D9ED3","createddate":"2017-11-15 11:11:11.0000000","dbh":"4","planteddate":null,"updateddate":"2025-07-08 15:41:57.0000000","geometry":"POINT(-73.9364145837242 40.79434024644486)","genusspecies":"Malus - apple"}},{"type":"Feature","geometry":{"type":"Point","coordinates":[-73.88419786623028,40.84605147969907]},"properties":{"tpcondition":"Good","stumpdiameter":null,"riskratingdate":"2022-02-06 06:39:19.0000000","riskrating":"8","objectid":"5107424","globalid":"4B91CD16-F4F8-40D6-82B0-BCBD420A152B","tpstructure":"Full","plantingspaceglobalid":"4B91CD16-F4F8-40D6-82B0-BCBD420A152B","createddate":"2017-11-15 11:11:11.0000000","dbh":"22","planteddate":null,"updateddate":"2022-02-06 06:39:19.0000000","geometry":"POINT(-73.88419786623028 40.84605147969907)","genusspecies":"Gleditsia triacanthos var. inermis - Thornless honeylocust"}},{"type":"Feature","geometry":{"type":"Point","coordinates":[-73.91213635612165,40.769783662629784]},"properties":{"tpcondition":"Dead","stumpdiameter":"22","riskratingdate":"2022-03-29 14:47:43.0000000","riskrating":"4","objectid":"5107425","globalid":"A2839923-2D0F-4EDD-BF06-AA0219F2FE0A","tpstructure":"Stump","plantingspaceglobalid":"A2839923-2D0F-4EDD-BF06-AA0219F2FE0A","createddate":"2017-11-15 11:11:00.0000000","dbh":null,"planteddate":null,"updateddate":"2022-03-29 14:47:43.0000000","geometry":"POINT(-73.91213635612165 40.769783662629784)","genusspecies":"Quercus palustris - pin oak"}},{"type":"Feature","geometry":{"type":"Point","coordinates":[-73.9234725678996,40.82750605172727]},"properties":{"tpcondition":"Good","stumpdiameter":null,"riskratingdate":"2024-05-08 11:47:47.0000000","riskrating":"6","objectid":"5107426","globalid":"B1204719-2D53-43D1-A1E8-A9905E92C239","tpstructure":"Full","plantingspaceglobalid":"B1204719-2D53-43D1-A1E8-A9905E92C239","createddate":"2017-11-15 11:11:11.0000000","dbh":"8","planteddate":null,"updateddate":"2024-05-08 11:47:47.0000000","geometry":"POINT(-73.9234725678996 40.82750605172727)","genusspecies":"Magnolia - magnolia"}},{"type":"Feature","geometry":{"type":"Point","coordinates":[-73.75002686487728,40.59415484674754]},"properties":{"tpcondition":"Good","stumpdiameter":"0","riskratingdate":null,"riskrating":null,"objectid":"5107427","globalid":"EE768539-6A68-4692-92F6-6DB1C37AF6B3","tpstructure":"Full","plantingspaceglobalid":"EE768539-6A68-4692-92F6-6DB1C37AF6B3","createddate":"2017-11-15 11:11:11.0000000","dbh":"2","planteddate":null,"updateddate":null,"geometry":"POINT(-73.75002686487728 40.59415484674754)","genusspecies":"Gleditsia triacanthos var. inermis - Thornless honeylocust"}},{"type":"Feature","geometry":{"type":"Point","coordinates":[-73.8938355200807,40.882065822930436]},"properties":{"tpcondition":"Fair","stumpdiameter":"0","riskratingdate":"2023-10-23 13:32:07.0000000","riskrating":"7","objectid":"5107428","globalid":"0BB2048D-F8ED-48E0-AC13-59F7A9032DCD","tpstructure":"Full","plantingspaceglobalid":"0BB2048D-F8ED-48E0-AC13-59F7A9032DCD","createddate":"2017-11-15 11:11:11.0000000","dbh":"39","planteddate":null,"updateddate":"2023-10-23 13:32:07.0000000","geometry":"POINT(-73.8938355200807 40.882065822930436)","genusspecies":"Quercus palustris - pin oak"}},{"type":"Feature","geometry":{"type":"Point","coordinates":[-73.94422363134562,40.779401199267824]},"properties":{"tpcondition":"Good","stumpdiameter":null,"riskratingdate":"2025-07-21 15:43:24.0000000","riskrating":"9","objectid":"5107429","globalid":"F30818D3-0A69-4AE7-81AB-15E50A34494E","tpstructure":"Full","plantingspaceglobalid":"F30818D3-0A69-4AE7-81AB-15E50A34494E","createddate":"2017-11-15 11:11:11.0000000","dbh":"30","planteddate":null,"updateddate":"2025-07-21 15:43:24.0000000","geometry":"POINT(-73.94422363134562 40.779401199267824)","genusspecies":"Platanus x acerifolia - London planetree"}},{"type":"Feature","geometry":{"type":"Point","coordinates":[-73.94817127112337,40.758010249723]},"properties":{"tpcondition":"Good","stumpdiameter":null,"riskratingdate":"2020-09-01 12:20:37.0000000","riskrating":"7","objectid":"5107430","globalid":"FA29242D-5DE6-4E61-98ED-0248530B0D42","tpstructure":"Full","plantingspaceglobalid":"FA29242D-5DE6-4E61-98ED-0248530B0D42","createddate":"2017-11-15 11:11:11.0000000","dbh":"19","planteddate":null,"updateddate":"2020-09-01 12:20:37.0000000","geometry":"POINT(-73.94817127112337 40.758010249723)","genusspecies":"Platanus x acerifolia - London planetree"}},{"type":"Feature","geometry":{"type":"Point","coordinates":[-73.93536794097429,40.79312072095134]},"properties":{"tpcondition":"Fair","stumpdiameter":null,"riskratingdate":"2025-07-02 16:44:03.0000000","riskrating":"7","objectid":"5107431","globalid":"F888F609-BE9B-4C0E-A0CB-FEE85CF357ED","tpstructure":"Full","plantingspaceglobalid":"F888F609-BE9B-4C0E-A0CB-FEE85CF357ED","createddate":"2017-11-15 11:11:11.0000000","dbh":"20","planteddate":null,"updateddate":"2025-07-02 16:44:03.0000000","geometry":"POINT(-73.93536794097429 40.79312072095134)","genusspecies":"Platanus x acerifolia - London planetree"}},{"type":"Feature","geometry":{"type":"Point","coordinates":[-73.90914814267954,40.692633926202]},"properties":{"tpcondition":"Dead","stumpdiameter":"0","riskratingdate":null,"riskrating":null,"objectid":"5107432","globalid":"5AA16BFF-557D-4390-BC5B-F559179E749F","tpstructure":"Retired","plantingspaceglobalid":"5AA16BFF-557D-4390-BC5B-F559179E749F","createddate":"2017-11-15 11:11:00.0000000","dbh":"4","planteddate":null,"updateddate":"2023-06-08 19:44:00.0000000","geometry":"POINT(-73.90914814267954 40.692633926202)","genusspecies":"Liriodendron tulipifera - tuliptree"}},{"type":"Feature","geometry":{"type":"Point","coordinates":[-73.96271782439634,40.81270075088598]},"properties":{"tpcondition":"Fair","stumpdiameter":null,"riskratingdate":"2024-10-31 16:51:00.0000000","riskrating":"3","objectid":"5107433","globalid":"04352079-1840-4659-A025-F5229B58209E","tpstructure":"Full","plantingspaceglobalid":"04352079-1840-4659-A025-F5229B58209E","createddate":"2017-11-15 11:11:11.0000000","dbh":"3","planteddate":null,"updateddate":"2024-10-31 16:51:00.0000000","geometry":"POINT(-73.96271782439634 40.81270075088598)","genusspecies":"Magnolia - magnolia"}},{"type":"Feature","geometry":{"type":"Point","coordinates":[-73.92402336154883,40.83330084413874]},"properties":{"tpcondition":"Good","stumpdiameter":"0","riskratingdate":null,"riskrating":null,"objectid":"5107435","globalid":"4397E6F2-57FE-47DF-9053-A6EB443F16B9","tpstructure":"Full","plantingspaceglobalid":"4397E6F2-57FE-47DF-9053-A6EB443F16B9","createddate":"2017-11-15 11:11:11.0000000","dbh":"5","planteddate":null,"updateddate":null,"geometry":"POINT(-73.92402336154883 40.83330084413874)","genusspecies":"Juniperus virginiana - eastern redcedar"}},{"type":"Feature","geometry":{"type":"Point","coordinates":[-73.98375318203806,40.62369108024983]},"properties":{"tpcondition":"Good","stumpdiameter":"0","riskratingdate":null,"riskrating":null,"objectid":"5107436","globalid":"9D2CF510-C9E6-47F3-9625-9BA435E6FCE5","tpstructure":"Full","plantingspaceglobalid":"9D2CF510-C9E6-47F3-9625-9BA435E6FCE5","createddate":"2017-11-15 11:11:11.0000000","dbh":"3","planteddate":null,"updateddate":null,"geometry":"POINT(-73.98375318203806 40.62369108024983)","genusspecies":"Quercus palustris - pin oak"}},{"type":"Feature","geometry":{"type":"Point","coordinates":[-74.00736780833152,40.71228877153429]},"properties":{"tpcondition":"Good","stumpdiameter":"0","riskratingdate":null,"riskrating":null,"objectid":"5107439","globalid":"A9FF9318-E64E-43D5-970A-0A4751F816A7","tpstructure":"Full","plantingspaceglobalid":"A9FF9318-E64E-43D5-970A-0A4751F816A7","createddate":"2017-11-15 11:11:11.0000000","dbh":"9","planteddate":null,"updateddate":"2018-03-28 09:10:30.0000000","geometry":"POINT(-74.00736780833152 40.71228877153429)","genusspecies":"Amelanchier - serviceberry"}},{"type":"Feature","geometry":{"type":"Point","coordinates":[-73.83887553880626,40.87396371169443]},"properties":{"tpcondition":"Fair","stumpdiameter":"0","riskratingdate":null,"riskrating":null,"objectid":"5107441","globalid":"21C62EC5-39D8-4933-B601-042A7275EA1E","tpstructure":"Full","plantingspaceglobalid":"21C62EC5-39D8-4933-B601-042A7275EA1E","createddate":"2017-11-15 11:11:11.0000000","dbh":"18","planteddate":null,"updateddate":null,"geometry":"POINT(-73.83887553880626 40.87396371169443)","genusspecies":"Zelkova serrata - Japanese zelkova"}},{"type":"Feature","geometry":{"type":"Point","coordinates":[-73.74912519872282,40.59497489580344]},"properties":{"tpcondition":"Good","stumpdiameter":"0","riskratingdate":null,"riskrating":null,"objectid":"5107443","globalid":"1ADB81F0-A712-4F50-AE62-BF23513D9A4C","tpstructure":"Full","plantingspaceglobalid":"1ADB81F0-A712-4F50-AE62-BF23513D9A4C","createddate":"2017-11-15 11:11:11.0000000","dbh":"3","planteddate":null,"updateddate":null,"geometry":"POINT(-73.74912519872282 40.59497489580344)","genusspecies":"Platanus x acerifolia - London planetree"}},{"type":"Feature","geometry":{"type":"Point","coordinates":[-73.89116329055143,40.879591121469154]},"properties":{"tpcondition":"Good","stumpdiameter":"0","riskratingdate":null,"riskrating":null,"objectid":"5107444","globalid":"34D0F36A-3B86-479E-B38B-A42DD5D4FDCE","tpstructure":"Full","plantingspaceglobalid":"34D0F36A-3B86-479E-B38B-A42DD5D4FDCE","createddate":"2017-11-15 11:11:11.0000000","dbh":"9","planteddate":null,"updateddate":null,"geometry":"POINT(-73.89116329055143 40.879591121469154)","genusspecies":"Prunus serotina - black cherry"}},{"type":"Feature","geometry":{"type":"Point","coordinates":[-73.99313282928858,40.71809636199482]},"properties":{"tpcondition":"Fair","stumpdiameter":null,"riskratingdate":"2021-12-30 19:12:13.0000000","riskrating":"5","objectid":"5107446","globalid":"E8DC41BD-B2A5-43B5-A00F-64E601CFECFA","tpstructure":"Full","plantingspaceglobalid":"E8DC41BD-B2A5-43B5-A00F-64E601CFECFA","createddate":"2017-11-15 11:11:11.0000000","dbh":"9","planteddate":null,"updateddate":"2021-12-30 19:12:13.0000000","geometry":"POINT(-73.99313282928858 40.71809636199482)","genusspecies":"Styphnolobium japonicum - Japanese pagoda tree"}},{"type":"Feature","geometry":{"type":"Point","coordinates":[-73.80979865163027,40.58814834484882]},"properties":{"tpcondition":"Fair","stumpdiameter":"0","riskratingdate":null,"riskrating":null,"objectid":"5107447","globalid":"397B3FE5-B3E1-4668-93A1-1EC113765076","tpstructure":"Full","plantingspaceglobalid":"397B3FE5-B3E1-4668-93A1-1EC113765076","createddate":"2017-11-15 11:11:11.0000000","dbh":"3","planteddate":null,"updateddate":null,"geometry":"POINT(-73.80979865163027 40.58814834484882)","genusspecies":"Gleditsia triacanthos var. inermis - Thornless honeylocust"}},{"type":"Feature","geometry":{"type":"Point","coordinates":[-73.95664123263339,40.82247579064171]},"properties":{"tpcondition":"Poor","stumpdiameter":null,"riskratingdate":"2023-04-11 17:05:00.0000000","riskrating":"8","objectid":"5107448","globalid":"A1A1967B-B226-40E7-8D19-0F2DEFABB8FE","tpstructure":"Stump","plantingspaceglobalid":"A1A1967B-B226-40E7-8D19-0F2DEFABB8FE","createddate":"2017-11-15 11:11:00.0000000","dbh":"15","planteddate":null,"updateddate":"2023-04-20 17:17:00.0000000","geometry":"POINT(-73.95664123263339 40.82247579064171)","genusspecies":"Robinia pseudoacacia - black locust"}},{"type":"Feature","geometry":{"type":"Point","coordinates":[-73.79796286161714,40.71220829584289]},"properties":{"tpcondition":"Good","stumpdiameter":"0","riskratingdate":null,"riskrating":null,"objectid":"5107449","globalid":"B4D82EBA-9436-4038-A52D-0BB2A8287DE0","tpstructure":"Full","plantingspaceglobalid":"B4D82EBA-9436-4038-A52D-0BB2A8287DE0","createddate":"2017-11-15 11:11:11.0000000","dbh":"24","planteddate":null,"updateddate":null,"geometry":"POINT(-73.79796286161714 40.71220829584289)","genusspecies":"Liquidambar styraciflua - sweetgum"}},{"type":"Feature","geometry":{"type":"Point","coordinates":[-73.98040007672162,40.71203695244192]},"properties":{"tpcondition":"Poor","stumpdiameter":null,"riskratingdate":"2025-07-09 16:46:00.0000000","riskrating":"8","objectid":"5107451","globalid":"4CD6AA25-D2ED-4200-A726-FE3D2CFBA5D4","tpstructure":"Stump","plantingspaceglobalid":"4CD6AA25-D2ED-4200-A726-FE3D2CFBA5D4","createddate":"2017-11-15 11:11:00.0000000","dbh":"36","planteddate":null,"updateddate":"2025-08-18 09:43:00.0000000","geometry":"POINT(-73.98040007672162 40.71203695244192)","genusspecies":"Tilia americana - American basswood"}},{"type":"Feature","geometry":{"type":"Point","coordinates":[-73.84077573629601,40.57848338616657]},"properties":{"tpcondition":"Good","stumpdiameter":"0","riskratingdate":null,"riskrating":null,"objectid":"5107452","globalid":"F355466B-0207-4A00-943E-FDF39C3DE9AA","tpstructure":"Full","plantingspaceglobalid":"F355466B-0207-4A00-943E-FDF39C3DE9AA","createddate":"2017-11-15 11:11:11.0000000","dbh":"3","planteddate":null,"updateddate":"2019-02-11 15:58:05.0000000","geometry":"POINT(-73.84077573629601 40.57848338616657)","genusspecies":"Prunus serrulata 'Kwanzan' - 'Kwanzan' Flowering cherry"}},{"type":"Feature","geometry":{"type":"Point","coordinates":[-73.88584383252471,40.840470502706324]},"properties":{"tpcondition":"Good","stumpdiameter":"0","riskratingdate":null,"riskrating":null,"objectid":"5107455","globalid":"98BF0055-C3B0-46FD-9AD3-A9A2E4E2EC49","tpstructure":"Retired","plantingspaceglobalid":"98BF0055-C3B0-46FD-9AD3-A9A2E4E2EC49","createddate":"2017-11-15 11:11:11.0000000","dbh":"2","planteddate":null,"updateddate":"2019-09-25 21:10:20.0000000","geometry":"POINT(-73.88584383252471 40.840470502706324)","genusspecies":"Platanus x acerifolia - London planetree"}},{"type":"Feature","geometry":{"type":"Point","coordinates":[-73.92264429318661,40.81131328378029]},"properties":{"tpcondition":"Dead","stumpdiameter":"14","riskratingdate":null,"riskrating":null,"objectid":"5107456","globalid":"EE3981D0-D0D4-430F-934B-9E98E4B0D9D4","tpstructure":"Retired","plantingspaceglobalid":"EE3981D0-D0D4-430F-934B-9E98E4B0D9D4","createddate":"2017-11-15 11:11:11.0000000","dbh":"14","planteddate":null,"updateddate":"2024-04-02 17:42:15.0000000","geometry":"POINT(-73.92264429318661 40.81131328378029)","genusspecies":"Unknown - Unknown"}},{"type":"Feature","geometry":{"type":"Point","coordinates":[-73.90877446387867,40.862934958008914]},"properties":{"tpcondition":"Fair","stumpdiameter":"0","riskratingdate":null,"riskrating":null,"objectid":"5107457","globalid":"81797E3C-3C0E-4145-B01F-82200B479D5D","tpstructure":"Full","plantingspaceglobalid":"81797E3C-3C0E-4145-B01F-82200B479D5D","createddate":"2017-11-15 11:11:11.0000000","dbh":"5","planteddate":null,"updateddate":null,"geometry":"POINT(-73.90877446387867 40.862934958008914)","genusspecies":"Thuja occidentalis - arborvitae"}},{"type":"Feature","geometry":{"type":"Point","coordinates":[-73.87849739375532,40.8770162243376]},"properties":{"tpcondition":"Good","stumpdiameter":"0","riskratingdate":null,"riskrating":null,"objectid":"5107458","globalid":"26AD3A2C-33CD-4210-8CCD-783E8B04E444","tpstructure":"Full","plantingspaceglobalid":"26AD3A2C-33CD-4210-8CCD-783E8B04E444","createddate":"2017-11-15 11:11:11.0000000","dbh":"6","planteddate":null,"updateddate":"2017-11-30 11:18:03.0000000","geometry":"POINT(-73.87849739375532 40.8770162243376)","genusspecies":"Zelkova serrata - Japanese zelkova"}},{"type":"Feature","geometry":{"type":"Point","coordinates":[-73.95044911204855,40.829859921832025]},"properties":{"tpcondition":"Good","stumpdiameter":"0","riskratingdate":null,"riskrating":null,"objectid":"5107459","globalid":"7E20E41E-B4E2-4548-BD93-5127775BADA3","tpstructure":"Full","plantingspaceglobalid":"7E20E41E-B4E2-4548-BD93-5127775BADA3","createddate":"2017-11-15 11:11:11.0000000","dbh":"13","planteddate":null,"updateddate":null,"geometry":"POINT(-73.95044911204855 40.829859921832025)","genusspecies":"Celtis occidentalis - common hackberry"}},{"type":"Feature","geometry":{"type":"Point","coordinates":[-73.89807849737392,40.86552138450568]},"properties":{"tpcondition":"Fair","stumpdiameter":null,"riskratingdate":"2025-03-25 17:38:53.0000000","riskrating":"6","objectid":"5107460","globalid":"30B8D9F7-9472-4DDB-93BC-329340BDE65C","tpstructure":"Full","plantingspaceglobalid":"30B8D9F7-9472-4DDB-93BC-329340BDE65C","createddate":"2017-11-15 11:11:11.0000000","dbh":"27","planteddate":null,"updateddate":"2025-03-25 17:38:53.0000000","geometry":"POINT(-73.89807849737392 40.86552138450568)","genusspecies":"Quercus alba - white oak"}},{"type":"Feature","geometry":{"type":"Point","coordinates":[-73.9727808993091,40.72249231004911]},"properties":{"tpcondition":"Good","stumpdiameter":"0","riskratingdate":null,"riskrating":null,"objectid":"5107461","globalid":"68C3D356-FF2C-4293-B4A8-324810589283","tpstructure":"Full","plantingspaceglobalid":"68C3D356-FF2C-4293-B4A8-324810589283","createddate":"2017-11-15 11:11:11.0000000","dbh":"7","planteddate":null,"updateddate":null,"geometry":"POINT(-73.9727808993091 40.72249231004911)","genusspecies":"Quercus palustris - pin oak"}},{"type":"Feature","geometry":{"type":"Point","coordinates":[-74.13643106610017,40.640713637299704]},"properties":{"tpcondition":"Good","stumpdiameter":"0","riskratingdate":null,"riskrating":null,"objectid":"5107462","globalid":"7F24A14F-F54E-4B2A-8D56-D6E155FACCFD","tpstructure":"Full","plantingspaceglobalid":"7F24A14F-F54E-4B2A-8D56-D6E155FACCFD","createddate":"2017-11-15 11:11:11.0000000","dbh":"10","planteddate":null,"updateddate":null,"geometry":"POINT(-74.13643106610017 40.640713637299704)","genusspecies":"Robinia pseudoacacia - black locust"}},{"type":"Feature","geometry":{"type":"Point","coordinates":[-73.98398329967208,40.62292749512065]},"properties":{"tpcondition":"Good","stumpdiameter":"0","riskratingdate":null,"riskrating":null,"objectid":"5107463","globalid":"0FF6C823-378B-4F1E-9ECD-BDB8ADADBC54","tpstructure":"Full","plantingspaceglobalid":"0FF6C823-378B-4F1E-9ECD-BDB8ADADBC54","createddate":"2017-11-15 11:11:11.0000000","dbh":"2","planteddate":null,"updateddate":null,"geometry":"POINT(-73.98398329967208 40.62292749512065)","genusspecies":"Juniperus virginiana - eastern redcedar"}},{"type":"Feature","geometry":{"type":"Point","coordinates":[-73.92183957509744,40.870891593580104]},"properties":{"tpcondition":"Fair","stumpdiameter":"0","riskratingdate":null,"riskrating":null,"objectid":"5107464","globalid":"4B30F9B5-38E4-4A86-A782-AE7F95D95A12","tpstructure":"Full","plantingspaceglobalid":"4B30F9B5-38E4-4A86-A782-AE7F95D95A12","createddate":"2017-11-15 11:11:11.0000000","dbh":"14","planteddate":null,"updateddate":"2025-08-12 15:29:46.0000000","geometry":"POINT(-73.92183957509744 40.870891593580104)","genusspecies":"Malus floribunda - Japanese flowering crabapple"}},{"type":"Feature","geometry":{"type":"Point","coordinates":[-73.77694743285821,40.73550466297767]},"properties":{"tpcondition":"Poor","stumpdiameter":null,"riskratingdate":"2025-08-11 15:37:07.0000000","riskrating":"3","objectid":"5107465","globalid":"D933B31A-8E0E-437A-B76C-AABB72930A63","tpstructure":"Full","plantingspaceglobalid":"D933B31A-8E0E-437A-B76C-AABB72930A63","createddate":"2017-11-15 11:11:11.0000000","dbh":"4","planteddate":null,"updateddate":"2025-08-11 15:37:07.0000000","geometry":"POINT(-73.77694743285821 40.73550466297767)","genusspecies":"Pyrus calleryana - Callery pear"}},{"type":"Feature","geometry":{"type":"Point","coordinates":[-74.0063882105615,40.7136269545715]},"properties":{"tpcondition":"Good","stumpdiameter":"0","riskratingdate":null,"riskrating":null,"objectid":"5107467","globalid":"C8E622F2-A1B9-4981-B1B4-5B3F709B7CAC","tpstructure":"Full","plantingspaceglobalid":"C8E622F2-A1B9-4981-B1B4-5B3F709B7CAC","createddate":"2017-11-15 11:11:11.0000000","dbh":"7","planteddate":null,"updateddate":"2018-03-28 10:55:35.0000000","geometry":"POINT(-74.0063882105615 40.7136269545715)","genusspecies":"Liquidambar styraciflua - sweetgum"}},{"type":"Feature","geometry":{"type":"Point","coordinates":[-73.94393593655553,40.78901877839322]},"properties":{"tpcondition":"Good","stumpdiameter":"0","riskratingdate":null,"riskrating":null,"objectid":"5107470","globalid":"14C24AC3-0A17-4FCA-8D19-13BC601EBCFD","tpstructure":"Full","plantingspaceglobalid":"14C24AC3-0A17-4FCA-8D19-13BC601EBCFD","createddate":"2017-11-15 11:11:11.0000000","dbh":"14","planteddate":null,"updateddate":null,"geometry":"POINT(-73.94393593655553 40.78901877839322)","genusspecies":"Platanus x acerifolia - London planetree"}},{"type":"Feature","geometry":{"type":"Point","coordinates":[-73.96655990832694,40.7166181062833]},"properties":{"tpcondition":"Good","stumpdiameter":"0","riskratingdate":null,"riskrating":null,"objectid":"5107471","globalid":"29EE069F-E4A3-4B63-A688-12ED8D4966FD","tpstructure":"Retired","plantingspaceglobalid":"29EE069F-E4A3-4B63-A688-12ED8D4966FD","createddate":"2017-11-15 11:11:11.0000000","dbh":"11","planteddate":null,"updateddate":"2019-06-11 13:50:18.0000000","geometry":"POINT(-73.96655990832694 40.7166181062833)","genusspecies":"Ulmus americana - American elm"}},{"type":"Feature","geometry":{"type":"Point","coordinates":[-73.9805241692094,40.72702913269519]},"properties":{"tpcondition":"Poor","stumpdiameter":null,"riskratingdate":"2023-05-11 15:44:00.0000000","riskrating":"9","objectid":"5107472","globalid":"C6DE78E7-0A84-4401-9DCC-12B0D0D2E78D","tpstructure":"Stump","plantingspaceglobalid":"C6DE78E7-0A84-4401-9DCC-12B0D0D2E78D","createddate":"2017-11-15 11:11:00.0000000","dbh":"21","planteddate":null,"updateddate":"2023-06-20 12:37:00.0000000","geometry":"POINT(-73.9805241692094 40.72702913269519)","genusspecies":"Styphnolobium japonicum - Japanese pagoda tree"}},{"type":"Feature","geometry":{"type":"Point","coordinates":[-73.9929203096628,40.719000478101044]},"properties":{"tpcondition":"Good","stumpdiameter":null,"riskratingdate":"2025-02-24 17:31:48.0000000","riskrating":"8","objectid":"5107473","globalid":"7B742602-7133-4F08-9757-F15E0549F59F","tpstructure":"Full","plantingspaceglobalid":"7B742602-7133-4F08-9757-F15E0549F59F","createddate":"2017-11-15 11:11:11.0000000","dbh":"28","planteddate":null,"updateddate":"2025-02-24 17:31:48.0000000","geometry":"POINT(-73.9929203096628 40.719000478101044)","genusspecies":"Platanus x acerifolia - London planetree"}},{"type":"Feature","geometry":{"type":"Point","coordinates":[-73.92399330039073,40.832900706345086]},"properties":{"tpcondition":"Good","stumpdiameter":"0","riskratingdate":null,"riskrating":null,"objectid":"5107474","globalid":"8A9DF9D6-E1BA-4583-BF17-EFDBD0DE7B5D","tpstructure":"Full","plantingspaceglobalid":"8A9DF9D6-E1BA-4583-BF17-EFDBD0DE7B5D","createddate":"2017-11-15 11:11:11.0000000","dbh":"8","planteddate":null,"updateddate":null,"geometry":"POINT(-73.92399330039073 40.832900706345086)","genusspecies":"Juniperus virginiana - eastern redcedar"}},{"type":"Feature","geometry":{"type":"Point","coordinates":[-73.93951376319902,40.598334064001385]},"properties":{"tpcondition":"Good","stumpdiameter":null,"riskratingdate":"2025-02-07 13:37:40.0000000","riskrating":"3","objectid":"5107475","globalid":"8B781D9A-E6F3-4F66-86FE-EE5F09F9BF9A","tpstructure":"Full","plantingspaceglobalid":"8B781D9A-E6F3-4F66-86FE-EE5F09F9BF9A","createddate":"2017-11-15 11:11:11.0000000","dbh":"7","planteddate":null,"updateddate":"2025-02-07 13:37:40.0000000","geometry":"POINT(-73.93951376319902 40.598334064001385)","genusspecies":"Gleditsia triacanthos var. inermis - Thornless honeylocust"}},{"type":"Feature","geometry":{"type":"Point","coordinates":[-73.90624100749258,40.86312022943764]},"properties":{"tpcondition":"Good","stumpdiameter":"0","riskratingdate":"2021-01-25 21:26:03.0000000","riskrating":"3","objectid":"5107476","globalid":"6BF35997-55A7-4503-B6AF-CAE03B21F969","tpstructure":"Full","plantingspaceglobalid":"6BF35997-55A7-4503-B6AF-CAE03B21F969","createddate":"2017-11-15 11:11:11.0000000","dbh":"3","planteddate":null,"updateddate":"2021-01-25 21:26:03.0000000","geometry":"POINT(-73.90624100749258 40.86312022943764)","genusspecies":"Quercus - Oak"}},{"type":"Feature","geometry":{"type":"Point","coordinates":[-73.94153003487621,40.8469336775681]},"properties":{"tpcondition":"Good","stumpdiameter":"0","riskratingdate":null,"riskrating":null,"objectid":"5107477","globalid":"5400B7FE-B268-4A6F-9869-41894626585C","tpstructure":"Retired","plantingspaceglobalid":"5400B7FE-B268-4A6F-9869-41894626585C","createddate":"2017-11-15 11:11:11.0000000","dbh":"11","planteddate":null,"updateddate":"2018-07-25 17:01:52.0000000","geometry":"POINT(-73.94153003487621 40.8469336775681)","genusspecies":"Tilia americana - American basswood"}},{"type":"Feature","geometry":{"type":"Point","coordinates":[-74.06297863014761,40.60786627116049]},"properties":{"tpcondition":"Good","stumpdiameter":"0","riskratingdate":null,"riskrating":null,"objectid":"5107478","globalid":"809AD488-D462-409A-8C62-C919314C52E2","tpstructure":"Full","plantingspaceglobalid":"809AD488-D462-409A-8C62-C919314C52E2","createddate":"2017-11-15 11:11:11.0000000","dbh":"3","planteddate":null,"updateddate":null,"geometry":"POINT(-74.06297863014761 40.60786627116049)","genusspecies":"Unknown - Unknown"}},{"type":"Feature","geometry":{"type":"Point","coordinates":[-73.94902389951443,40.69704113961842]},"properties":{"tpcondition":"Good","stumpdiameter":null,"riskratingdate":"2024-11-01 13:29:34.0000000","riskrating":"4","objectid":"5107479","globalid":"86D816D2-7F9C-48DF-8790-9DEBA1AD1AC6","tpstructure":"Full","plantingspaceglobalid":"86D816D2-7F9C-48DF-8790-9DEBA1AD1AC6","createddate":"2017-11-15 11:11:11.0000000","dbh":"23","planteddate":null,"updateddate":"2024-11-01 13:29:34.0000000","geometry":"POINT(-73.94902389951443 40.69704113961842)","genusspecies":"Platanus x acerifolia - London planetree"}},{"type":"Feature","geometry":{"type":"Point","coordinates":[-73.90914468974498,40.69212129756421]},"properties":{"tpcondition":"Dead","stumpdiameter":null,"riskratingdate":"2023-08-17 14:30:00.0000000","riskrating":"6","objectid":"5107480","globalid":"DFBDA0F6-3109-4464-8A06-76FB2EA56191","tpstructure":"Stump","plantingspaceglobalid":"DFBDA0F6-3109-4464-8A06-76FB2EA56191","createddate":"2017-11-15 11:11:00.0000000","dbh":"7","planteddate":null,"updateddate":"2023-08-21 13:47:00.0000000","geometry":"POINT(-73.90914468974498 40.69212129756421)","genusspecies":"Liriodendron tulipifera - tuliptree"}},{"type":"Feature","geometry":{"type":"Point","coordinates":[-73.97204135669617,40.72504820632501]},"properties":{"tpcondition":"Good","stumpdiameter":"0","riskratingdate":null,"riskrating":null,"objectid":"5107481","globalid":"77E2D75D-3B49-43DC-9A9C-5F3E87BC680E","tpstructure":"Full","plantingspaceglobalid":"77E2D75D-3B49-43DC-9A9C-5F3E87BC680E","createddate":"2017-11-15 11:11:11.0000000","dbh":"6","planteddate":null,"updateddate":null,"geometry":"POINT(-73.97204135669617 40.72504820632501)","genusspecies":"Prunus - Cherry"}},{"type":"Feature","geometry":{"type":"Point","coordinates":[-73.97427585094448,40.72027741274659]},"properties":{"tpcondition":"Dead","stumpdiameter":"36","riskratingdate":null,"riskrating":null,"objectid":"5107482","globalid":"43F730CC-20E8-4F55-B259-4823454682DE","tpstructure":"Retired","plantingspaceglobalid":"4842A461-A045-4870-8B67-9ED09AED7FB0","createddate":"2017-11-15 11:11:00.0000000","dbh":"23","planteddate":null,"updateddate":"2019-03-29 14:28:18.0000000","geometry":"POINT(-73.97427585094448 40.72027741274659)","genusspecies":"Platanus x acerifolia - London planetree"}},{"type":"Feature","geometry":{"type":"Point","coordinates":[-73.9193506034581,40.869258026743225]},"properties":{"tpcondition":"Good","stumpdiameter":"0","riskratingdate":null,"riskrating":null,"objectid":"5107483","globalid":"EB1D044B-F5F5-412C-9D87-421A36B6417E","tpstructure":"Full","plantingspaceglobalid":"EB1D044B-F5F5-412C-9D87-421A36B6417E","createddate":"2017-11-15 11:11:11.0000000","dbh":"9","planteddate":null,"updateddate":null,"geometry":"POINT(-73.9193506034581 40.869258026743225)","genusspecies":"Morus - mulberry"}},{"type":"Feature","geometry":{"type":"Point","coordinates":[-73.98131634712668,40.72589480737931]},"properties":{"tpcondition":"Good","stumpdiameter":"0","riskratingdate":null,"riskrating":null,"objectid":"5107484","globalid":"0B62C7F9-CC78-4F19-9421-F5FCDD55DAD7","tpstructure":"Full","plantingspaceglobalid":"0B62C7F9-CC78-4F19-9421-F5FCDD55DAD7","createddate":"2017-11-15 11:11:11.0000000","dbh":"2","planteddate":null,"updateddate":null,"geometry":"POINT(-73.98131634712668 40.72589480737931)","genusspecies":"Ulmus parvifolia - Chinese elm"}},{"type":"Feature","geometry":{"type":"Point","coordinates":[-73.87869113500297,40.87811430546214]},"properties":{"tpcondition":"Fair","stumpdiameter":null,"riskratingdate":"2023-09-11 18:46:16.0000000","riskrating":"8","objectid":"5107485","globalid":"09136F83-42F6-49DC-A759-C88F5E16256D","tpstructure":"Full","plantingspaceglobalid":"09136F83-42F6-49DC-A759-C88F5E16256D","createddate":"2017-11-15 11:11:11.0000000","dbh":"30","planteddate":null,"updateddate":"2023-09-11 18:46:16.0000000","geometry":"POINT(-73.87869113500297 40.87811430546214)","genusspecies":"Quercus rubra - northern red oak"}},{"type":"Feature","geometry":{"type":"Point","coordinates":[-74.00740660127154,40.71185504803984]},"properties":{"tpcondition":"Good","stumpdiameter":"0","riskratingdate":"2019-07-08 14:07:10.0000000","riskrating":"5","objectid":"5107486","globalid":"4C431DAA-6405-45EB-A33E-ADD8F7977F79","tpstructure":"Full","plantingspaceglobalid":"4C431DAA-6405-45EB-A33E-ADD8F7977F79","createddate":"2017-11-15 11:11:11.0000000","dbh":"8","planteddate":null,"updateddate":"2019-07-08 18:07:12.0000000","geometry":"POINT(-74.00740660127154 40.71185504803984)","genusspecies":"Prunus - Cherry"}},{"type":"Feature","geometry":{"type":"Point","coordinates":[-73.80852114428471,40.591382628000275]},"properties":{"tpcondition":"Good","stumpdiameter":"0","riskratingdate":null,"riskrating":null,"objectid":"5107487","globalid":"81B87892-7D81-4C4E-B64C-6AE0C1844416","tpstructure":"Full","plantingspaceglobalid":"81B87892-7D81-4C4E-B64C-6AE0C1844416","createddate":"2017-11-15 11:11:11.0000000","dbh":"6","planteddate":null,"updateddate":"2019-06-27 20:06:07.0000000","geometry":"POINT(-73.80852114428471 40.591382628000275)","genusspecies":"Crataegus - Hawthorn"}},{"type":"Feature","geometry":{"type":"Point","coordinates":[-73.91819735763151,40.869450669712364]},"properties":{"tpcondition":"Fair","stumpdiameter":"0","riskratingdate":null,"riskrating":null,"objectid":"5107488","globalid":"E8E2F9BD-4981-40D7-B71B-248DFB3E4394","tpstructure":"Full","plantingspaceglobalid":"E8E2F9BD-4981-40D7-B71B-248DFB3E4394","createddate":"2017-11-15 11:11:11.0000000","dbh":"11","planteddate":null,"updateddate":null,"geometry":"POINT(-73.91819735763151 40.869450669712364)","genusspecies":"Aesculus hippocastanum - horse chestnut"}},{"type":"Feature","geometry":{"type":"Point","coordinates":[-73.87643323628814,40.87875393203567]},"properties":{"tpcondition":"Good","stumpdiameter":"0","riskratingdate":null,"riskrating":null,"objectid":"5107490","globalid":"6484EEB0-86C4-4F08-B2C1-59EF52968F93","tpstructure":"Full","plantingspaceglobalid":"6484EEB0-86C4-4F08-B2C1-59EF52968F93","createddate":"2017-11-15 11:11:11.0000000","dbh":"27","planteddate":null,"updateddate":"2017-12-01 12:20:08.0000000","geometry":"POINT(-73.87643323628814 40.87875393203567)","genusspecies":"Quercus palustris - pin oak"}},{"type":"Feature","geometry":{"type":"Point","coordinates":[-73.92209666584549,40.844252119648175]},"properties":{"tpcondition":"Fair","stumpdiameter":null,"riskratingdate":"2020-10-27 13:45:28.0000000","riskrating":"8","objectid":"5107492","globalid":"6EB085A4-2C1C-4396-B1BE-3C069F837B38","tpstructure":"Full","plantingspaceglobalid":"6EB085A4-2C1C-4396-B1BE-3C069F837B38","createddate":"2017-11-15 11:11:00.0000000","dbh":"19","planteddate":null,"updateddate":"2020-10-27 13:45:28.0000000","geometry":"POINT(-73.92209666584549 40.844252119648175)","genusspecies":"Platanus x acerifolia - London planetree"}},{"type":"Feature","geometry":{"type":"Point","coordinates":[-73.98972033247206,40.69819529779158]},"properties":{"tpcondition":"Good","stumpdiameter":"0","riskratingdate":null,"riskrating":null,"objectid":"5107493","globalid":"3EF40E43-63E1-42E4-964B-394B0BF9264F","tpstructure":"Full","plantingspaceglobalid":"3EF40E43-63E1-42E4-964B-394B0BF9264F","createddate":"2017-11-15 11:11:11.0000000","dbh":"6","planteddate":null,"updateddate":null,"geometry":"POINT(-73.98972033247206 40.69819529779158)","genusspecies":"Quercus rubra - northern red oak"}},{"type":"Feature","geometry":{"type":"Point","coordinates":[-73.83709038042161,40.722311829512186]},"properties":{"tpcondition":"Good","stumpdiameter":"0","riskratingdate":"2020-01-28 14:17:49.0000000","riskrating":"7","objectid":"5107494","globalid":"6BFD7590-E2E9-495C-8352-27B55190D638","tpstructure":"Full","plantingspaceglobalid":"6BFD7590-E2E9-495C-8352-27B55190D638","createddate":"2017-11-15 11:11:11.0000000","dbh":"13","planteddate":null,"updateddate":"2020-01-28 14:17:49.0000000","geometry":"POINT(-73.83709038042161 40.722311829512186)","genusspecies":"Acer platanoides - Norway maple"}},{"type":"Feature","geometry":{"type":"Point","coordinates":[-73.95678621300806,40.82239602239645]},"properties":{"tpcondition":"Good","stumpdiameter":"0","riskratingdate":null,"riskrating":null,"objectid":"5107495","globalid":"05C433B4-7A47-4A84-8DF0-9D5AA5362723","tpstructure":"Full","plantingspaceglobalid":"05C433B4-7A47-4A84-8DF0-9D5AA5362723","createddate":"2017-11-15 11:11:11.0000000","dbh":"8","planteddate":null,"updateddate":null,"geometry":"POINT(-73.95678621300806 40.82239602239645)","genusspecies":"Gleditsia triacanthos var. inermis - Thornless honeylocust"}},{"type":"Feature","geometry":{"type":"Point","coordinates":[-73.99071035151606,40.722845086473924]},"properties":{"tpcondition":"Good","stumpdiameter":null,"riskratingdate":"2024-10-28 16:08:09.0000000","riskrating":"6","objectid":"5107496","globalid":"768F7B2A-4330-47DE-9F67-7AFA7F80A803","tpstructure":"Full","plantingspaceglobalid":"768F7B2A-4330-47DE-9F67-7AFA7F80A803","createddate":"2017-11-15 11:11:11.0000000","dbh":"20","planteddate":null,"updateddate":"2024-10-28 16:08:09.0000000","geometry":"POINT(-73.99071035151606 40.722845086473924)","genusspecies":"Platanus x acerifolia - London planetree"}},{"type":"Feature","geometry":{"type":"Point","coordinates":[-73.97779103792185,40.74061258745179]},"properties":{"tpcondition":"Good","stumpdiameter":null,"riskratingdate":"2022-04-12 15:22:44.0000000","riskrating":"8","objectid":"5107497","globalid":"E1AFAFEB-643A-4BED-BC7E-7856839159DB","tpstructure":"Full","plantingspaceglobalid":"E1AFAFEB-643A-4BED-BC7E-7856839159DB","createddate":"2017-11-15 11:11:11.0000000","dbh":"17","planteddate":null,"updateddate":"2022-04-12 15:22:44.0000000","geometry":"POINT(-73.97779103792185 40.74061258745179)","genusspecies":"Gleditsia triacanthos var. inermis - Thornless honeylocust"}},{"type":"Feature","geometry":{"type":"Point","coordinates":[-73.90961310213888,40.8816394425945]},"properties":{"tpcondition":"Good","stumpdiameter":"0","riskratingdate":"2019-09-11 09:17:37.0000000","riskrating":"7","objectid":"5107498","globalid":"09B37F2B-B5A6-4A28-8939-77700882AEAD","tpstructure":"Full","plantingspaceglobalid":"09B37F2B-B5A6-4A28-8939-77700882AEAD","createddate":"2017-11-15 11:11:11.0000000","dbh":"27","planteddate":null,"updateddate":"2019-09-11 13:17:39.0000000","geometry":"POINT(-73.90961310213888 40.8816394425945)","genusspecies":"Ulmus americana - American elm"}},{"type":"Feature","geometry":{"type":"Point","coordinates":[-73.94169614817221,40.84731698666171]},"properties":{"tpcondition":"Fair","stumpdiameter":null,"riskratingdate":"2024-11-20 21:13:40.0000000","riskrating":"5","objectid":"5107499","globalid":"7B62F571-95D2-4340-A3D3-5429FE72B2C4","tpstructure":"Full","plantingspaceglobalid":"7B62F571-95D2-4340-A3D3-5429FE72B2C4","createddate":"2017-11-15 11:11:11.0000000","dbh":"10","planteddate":null,"updateddate":"2024-11-20 21:13:40.0000000","geometry":"POINT(-73.94169614817221 40.84731698666171)","genusspecies":"Gleditsia triacanthos var. inermis - Thornless honeylocust"}},{"type":"Feature","geometry":{"type":"Point","coordinates":[-73.8239381758709,40.78389011765479]},"properties":{"tpcondition":"Poor","stumpdiameter":null,"riskratingdate":"2025-10-22 13:19:49.0000000","riskrating":"6","objectid":"5107500","globalid":"BB67B35D-B98A-4925-A2AF-4A681F443B30","tpstructure":"Full","plantingspaceglobalid":"BB67B35D-B98A-4925-A2AF-4A681F443B30","createddate":"2017-11-15 11:11:11.0000000","dbh":"5","planteddate":null,"updateddate":"2025-10-22 13:19:49.0000000","geometry":"POINT(-73.8239381758709 40.78389011765479)","genusspecies":"Metasequoia glyptostroboides - dawn redwood"}},{"type":"Feature","geometry":{"type":"Point","coordinates":[-73.9363970180854,40.79433147477415]},"properties":{"tpcondition":"Fair","stumpdiameter":null,"riskratingdate":"2025-07-08 15:47:05.0000000","riskrating":"3","objectid":"5107501","globalid":"D344311F-830C-4B35-BD4F-3AF41A2DD9C1","tpstructure":"Full","plantingspaceglobalid":"D344311F-830C-4B35-BD4F-3AF41A2DD9C1","createddate":"2017-11-15 11:11:11.0000000","dbh":"3","planteddate":null,"updateddate":"2025-07-08 15:47:05.0000000","geometry":"POINT(-73.9363970180854 40.79433147477415)","genusspecies":"Malus - apple"}},{"type":"Feature","geometry":{"type":"Point","coordinates":[-73.8389414369543,40.873146719308544]},"properties":{"tpcondition":"Good","stumpdiameter":"0","riskratingdate":null,"riskrating":null,"objectid":"5107502","globalid":"9020AC92-5FE6-404B-9A90-295FDD5B061A","tpstructure":"Full","plantingspaceglobalid":"9020AC92-5FE6-404B-9A90-295FDD5B061A","createddate":"2017-11-15 11:11:11.0000000","dbh":"8","planteddate":null,"updateddate":null,"geometry":"POINT(-73.8389414369543 40.873146719308544)","genusspecies":"Liquidambar styraciflua - sweetgum"}},{"type":"Feature","geometry":{"type":"Point","coordinates":[-73.91872722068156,40.86920700977096]},"properties":{"tpcondition":"Good","stumpdiameter":"0","riskratingdate":null,"riskrating":null,"objectid":"5107504","globalid":"9AE087D8-4017-4CE1-9498-D028B4E3C9A6","tpstructure":"Full","plantingspaceglobalid":"9AE087D8-4017-4CE1-9498-D028B4E3C9A6","createddate":"2017-11-15 11:11:11.0000000","dbh":"30","planteddate":null,"updateddate":null,"geometry":"POINT(-73.91872722068156 40.86920700977096)","genusspecies":"Platanus x acerifolia - London planetree"}},{"type":"Feature","geometry":{"type":"Point","coordinates":[-73.92202145883462,40.857643118499674]},"properties":{"tpcondition":"Good","stumpdiameter":"0","riskratingdate":null,"riskrating":null,"objectid":"5107506","globalid":"DC67FC47-99A6-4F3F-AE03-73FE2C0F9D44","tpstructure":"Full","plantingspaceglobalid":"DC67FC47-99A6-4F3F-AE03-73FE2C0F9D44","createddate":"2017-11-15 11:11:11.0000000","dbh":"3","planteddate":null,"updateddate":null,"geometry":"POINT(-73.92202145883462 40.857643118499674)","genusspecies":"Amelanchier - serviceberry"}},{"type":"Feature","geometry":{"type":"Point","coordinates":[-73.79873454396112,40.712631572927876]},"properties":{"tpcondition":"Good","stumpdiameter":"0","riskratingdate":null,"riskrating":null,"objectid":"5107507","globalid":"DE2B4DF6-4ECB-44EF-8755-6289FC2C6BC7","tpstructure":"Full","plantingspaceglobalid":"DE2B4DF6-4ECB-44EF-8755-6289FC2C6BC7","createddate":"2017-11-15 11:11:11.0000000","dbh":"18","planteddate":null,"updateddate":null,"geometry":"POINT(-73.79873454396112 40.712631572927876)","genusspecies":"Pinus - pine"}},{"type":"Feature","geometry":{"type":"Point","coordinates":[-73.9180502939288,40.882319562496065]},"properties":{"tpcondition":"Good","stumpdiameter":null,"riskratingdate":"2024-08-07 14:45:39.0000000","riskrating":"5","objectid":"5107510","globalid":"D35CAC10-18B8-4F40-81AA-46FD50B7A85C","tpstructure":"Full","plantingspaceglobalid":"D35CAC10-18B8-4F40-81AA-46FD50B7A85C","createddate":"2017-11-15 11:11:11.0000000","dbh":"11","planteddate":null,"updateddate":"2024-08-07 14:45:39.0000000","geometry":"POINT(-73.9180502939288 40.882319562496065)","genusspecies":"Crataegus - Hawthorn"}},{"type":"Feature","geometry":{"type":"Point","coordinates":[-73.94393191546212,40.78907659650874]},"properties":{"tpcondition":"Good","stumpdiameter":"0","riskratingdate":null,"riskrating":null,"objectid":"5107511","globalid":"4EDE0B11-F3B3-4033-88DB-062A9A3CFF68","tpstructure":"Full","plantingspaceglobalid":"4EDE0B11-F3B3-4033-88DB-062A9A3CFF68","createddate":"2017-11-15 11:11:11.0000000","dbh":"17","planteddate":null,"updateddate":null,"geometry":"POINT(-73.94393191546212 40.78907659650874)","genusspecies":"Platanus x acerifolia - London planetree"}},{"type":"Feature","geometry":{"type":"Point","coordinates":[-73.938617595661,40.62799489106873]},"properties":{"tpcondition":"Good","stumpdiameter":"0","riskratingdate":null,"riskrating":null,"objectid":"5107512","globalid":"AFF71045-E854-4090-B039-FE592570A190","tpstructure":"Full","plantingspaceglobalid":"AFF71045-E854-4090-B039-FE592570A190","createddate":"2017-11-15 11:11:11.0000000","dbh":"16","planteddate":null,"updateddate":null,"geometry":"POINT(-73.938617595661 40.62799489106873)","genusspecies":"Quercus palustris - pin oak"}},{"type":"Feature","geometry":{"type":"Point","coordinates":[-73.93530131918133,40.81986948909616]},"properties":{"tpcondition":"Good","stumpdiameter":"0","riskratingdate":null,"riskrating":null,"objectid":"5107513","globalid":"EAA4BFA8-523E-4669-BF80-FBAF9945BE8E","tpstructure":"Full","plantingspaceglobalid":"EAA4BFA8-523E-4669-BF80-FBAF9945BE8E","createddate":"2017-11-15 11:11:11.0000000","dbh":"23","planteddate":null,"updateddate":null,"geometry":"POINT(-73.93530131918133 40.81986948909616)","genusspecies":"Platanus x acerifolia - London planetree"}},{"type":"Feature","geometry":{"type":"Point","coordinates":[-73.93636546218026,40.7164733973004]},"properties":{"tpcondition":"Dead","stumpdiameter":"17","riskratingdate":"2020-07-26 14:52:00.0000000","riskrating":"9","objectid":"5107514","globalid":"76DE70DA-111E-42D7-83D5-E6312CA73E60","tpstructure":"Stump","plantingspaceglobalid":"76DE70DA-111E-42D7-83D5-E6312CA73E60","createddate":"2017-11-15 11:11:00.0000000","dbh":"15","planteddate":null,"updateddate":"2020-07-30 16:38:00.0000000","geometry":"POINT(-73.93636546218026 40.7164733973004)","genusspecies":"Pinus - pine"}},{"type":"Feature","geometry":{"type":"Point","coordinates":[-73.95188106510385,40.69553702219029]},"properties":{"tpcondition":"Good","stumpdiameter":null,"riskratingdate":"2020-05-01 15:19:10.0000000","riskrating":"3","objectid":"5107515","globalid":"8E6BFDE7-6DEC-436D-81AA-D8FB4587BD43","tpstructure":"Full","plantingspaceglobalid":"8E6BFDE7-6DEC-436D-81AA-D8FB4587BD43","createddate":"2017-11-15 11:11:11.0000000","dbh":"2","planteddate":null,"updateddate":"2020-05-01 15:19:10.0000000","geometry":"POINT(-73.95188106510385 40.69553702219029)","genusspecies":"Prunus serotina - black cherry"}},{"type":"Feature","geometry":{"type":"Point","coordinates":[-73.7682441316874,40.77345091964148]},"properties":{"tpcondition":"Poor","stumpdiameter":null,"riskratingdate":"2024-08-16 18:00:31.0000000","riskrating":"9","objectid":"5107516","globalid":"FF16E285-B02B-4CF4-8CB1-CEC8B143B08C","tpstructure":"Full","plantingspaceglobalid":"FF16E285-B02B-4CF4-8CB1-CEC8B143B08C","createddate":"2017-11-15 11:11:11.0000000","dbh":"8","planteddate":null,"updateddate":"2024-08-16 18:00:31.0000000","geometry":"POINT(-73.7682441316874 40.77345091964148)","genusspecies":"Cladrastis kentukea - Kentucky yellowwood"}},{"type":"Feature","geometry":{"type":"Point","coordinates":[-73.99076928890854,40.72268379721925]},"properties":{"tpcondition":"Good","stumpdiameter":null,"riskratingdate":"2024-10-28 16:34:39.0000000","riskrating":"3","objectid":"5107518","globalid":"EA3D48B1-0309-4343-8D12-97C3F2B3870F","tpstructure":"Full","plantingspaceglobalid":"EA3D48B1-0309-4343-8D12-97C3F2B3870F","createddate":"2017-11-15 11:11:11.0000000","dbh":"7","planteddate":null,"updateddate":"2024-10-28 16:34:39.0000000","geometry":"POINT(-73.99076928890854 40.72268379721925)","genusspecies":"Ginkgo biloba - maidenhair tree"}},{"type":"Feature","geometry":{"type":"Point","coordinates":[-73.83873743384413,40.873198244006254]},"properties":{"tpcondition":"Good","stumpdiameter":"0","riskratingdate":null,"riskrating":null,"objectid":"5107519","globalid":"E52B3398-7E22-412B-BE70-89BF95ED1A42","tpstructure":"Full","plantingspaceglobalid":"E52B3398-7E22-412B-BE70-89BF95ED1A42","createddate":"2017-11-15 11:11:11.0000000","dbh":"7","planteddate":null,"updateddate":null,"geometry":"POINT(-73.83873743384413 40.873198244006254)","genusspecies":"Quercus palustris - pin oak"}},{"type":"Feature","geometry":{"type":"Point","coordinates":[-73.97963505778722,40.711993998500546]},"properties":{"tpcondition":"Good","stumpdiameter":"0","riskratingdate":null,"riskrating":null,"objectid":"5107520","globalid":"DDE8101A-F217-47E5-853E-5E832D9A3DBB","tpstructure":"Full","plantingspaceglobalid":"DDE8101A-F217-47E5-853E-5E832D9A3DBB","createddate":"2017-11-15 11:11:11.0000000","dbh":"22","planteddate":null,"updateddate":null,"geometry":"POINT(-73.97963505778722 40.711993998500546)","genusspecies":"Magnolia - magnolia"}},{"type":"Feature","geometry":{"type":"Point","coordinates":[-73.97250754488296,40.72385287257343]},"properties":{"tpcondition":"Good","stumpdiameter":"0","riskratingdate":null,"riskrating":null,"objectid":"5107521","globalid":"8DB49970-A463-4F93-9252-209198931588","tpstructure":"Full","plantingspaceglobalid":"8DB49970-A463-4F93-9252-209198931588","createddate":"2017-11-15 11:11:11.0000000","dbh":"8","planteddate":null,"updateddate":null,"geometry":"POINT(-73.97250754488296 40.72385287257343)","genusspecies":"Quercus ellipsoidalis - northern pin oak"}},{"type":"Feature","geometry":{"type":"Point","coordinates":[-73.91817512167408,40.87042806922621]},"properties":{"tpcondition":"Good","stumpdiameter":"0","riskratingdate":null,"riskrating":null,"objectid":"5107522","globalid":"47137478-C421-444B-8E8A-1E74ABD1FB09","tpstructure":"Full","plantingspaceglobalid":"47137478-C421-444B-8E8A-1E74ABD1FB09","createddate":"2017-11-15 11:11:11.0000000","dbh":"2","planteddate":null,"updateddate":null,"geometry":"POINT(-73.91817512167408 40.87042806922621)","genusspecies":"Quercus rubra - northern red oak"}},{"type":"Feature","geometry":{"type":"Point","coordinates":[-73.89665278194616,40.86598739039745]},"properties":{"tpcondition":"Fair","stumpdiameter":null,"riskratingdate":"2025-03-25 13:30:03.0000000","riskrating":"5","objectid":"5107523","globalid":"FB3431B8-BF87-4713-A8CD-EA694BB7F2EB","tpstructure":"Full","plantingspaceglobalid":"FB3431B8-BF87-4713-A8CD-EA694BB7F2EB","createddate":"2017-11-15 11:11:11.0000000","dbh":"7","planteddate":null,"updateddate":"2025-03-25 13:30:03.0000000","geometry":"POINT(-73.89665278194616 40.86598739039745)","genusspecies":"Cercis canadensis - eastern redbud"}},{"type":"Feature","geometry":{"type":"Point","coordinates":[-73.98067845746013,40.72619079904984]},"properties":{"tpcondition":"Good","stumpdiameter":"0","riskratingdate":null,"riskrating":null,"objectid":"5107524","globalid":"6099B216-0D95-4E9E-9C8F-649FFA5B182D","tpstructure":"Full","plantingspaceglobalid":"6099B216-0D95-4E9E-9C8F-649FFA5B182D","createddate":"2017-11-15 11:11:11.0000000","dbh":"3","planteddate":null,"updateddate":null,"geometry":"POINT(-73.98067845746013 40.72619079904984)","genusspecies":"Prunus - Cherry"}},{"type":"Feature","geometry":{"type":"Point","coordinates":[-73.82041785806572,40.71016956071104]},"properties":{"tpcondition":"Good","stumpdiameter":"0","riskratingdate":null,"riskrating":null,"objectid":"5107525","globalid":"8568498F-010E-45DB-8162-4FB9DB2C5A77","tpstructure":"Full","plantingspaceglobalid":"8568498F-010E-45DB-8162-4FB9DB2C5A77","createddate":"2017-11-15 11:11:11.0000000","dbh":"2","planteddate":null,"updateddate":null,"geometry":"POINT(-73.82041785806572 40.71016956071104)","genusspecies":"Liriodendron tulipifera - tuliptree"}},{"type":"Feature","geometry":{"type":"Point","coordinates":[-73.93724140771552,40.79271989167317]},"properties":{"tpcondition":"Dead","stumpdiameter":"21","riskratingdate":"2020-08-07 18:07:00.0000000","riskrating":"5","objectid":"5107526","globalid":"C9AAB603-711E-46C6-A936-4EADD9645B48","tpstructure":"Stump","plantingspaceglobalid":"C9AAB603-711E-46C6-A936-4EADD9645B48","createddate":"2017-11-15 11:11:00.0000000","dbh":null,"planteddate":null,"updateddate":"2025-04-07 12:43:48.0000000","geometry":"POINT(-73.93724140771552 40.79271989167317)","genusspecies":"Platanus x acerifolia - London planetree"}},{"type":"Feature","geometry":{"type":"Point","coordinates":[-73.92328710917984,40.845623166436326]},"properties":{"tpcondition":"Good","stumpdiameter":"0","riskratingdate":null,"riskrating":null,"objectid":"5107527","globalid":"C1E93B73-7151-4D0F-AB5D-3DA15CEF5657","tpstructure":"Full","plantingspaceglobalid":"C1E93B73-7151-4D0F-AB5D-3DA15CEF5657","createddate":"2017-11-15 11:11:11.0000000","dbh":"4","planteddate":null,"updateddate":null,"geometry":"POINT(-73.92328710917984 40.845623166436326)","genusspecies":"Carpinus betulus - European hornbeam"}},{"type":"Feature","geometry":{"type":"Point","coordinates":[-73.80917209825046,40.59163269681919]},"properties":{"tpcondition":"Good","stumpdiameter":"0","riskratingdate":null,"riskrating":null,"objectid":"5107528","globalid":"56D98E96-FDF6-4E1C-9670-365AF30B1CDE","tpstructure":"Full","plantingspaceglobalid":"56D98E96-FDF6-4E1C-9670-365AF30B1CDE","createddate":"2017-11-15 11:11:11.0000000","dbh":"20","planteddate":null,"updateddate":"2019-06-27 20:01:35.0000000","geometry":"POINT(-73.80917209825046 40.59163269681919)","genusspecies":"Crataegus - Hawthorn"}},{"type":"Feature","geometry":{"type":"Point","coordinates":[-74.17684544790178,40.62564968755908]},"properties":{"tpcondition":"Good","stumpdiameter":"0","riskratingdate":null,"riskrating":null,"objectid":"5107529","globalid":"D9EEFF09-5496-43AC-A6F2-2F23BCD8C6A8","tpstructure":"Full","plantingspaceglobalid":"D9EEFF09-5496-43AC-A6F2-2F23BCD8C6A8","createddate":"2017-11-15 11:11:11.0000000","dbh":"2","planteddate":null,"updateddate":null,"geometry":"POINT(-74.17684544790178 40.62564968755908)","genusspecies":"Prunus - Cherry"}},{"type":"Feature","geometry":{"type":"Point","coordinates":[-73.94976489104347,40.755828322145156]},"properties":{"tpcondition":"Good","stumpdiameter":"0","riskratingdate":null,"riskrating":null,"objectid":"5107530","globalid":"E2944305-7C65-4E5A-9D6E-1F0E11EB1533","tpstructure":"Full","plantingspaceglobalid":"E2944305-7C65-4E5A-9D6E-1F0E11EB1533","createddate":"2017-11-15 11:11:11.0000000","dbh":"2","planteddate":null,"updateddate":null,"geometry":"POINT(-73.94976489104347 40.755828322145156)","genusspecies":"Ostrya virginiana - hophornbeam"}},{"type":"Feature","geometry":{"type":"Point","coordinates":[-73.83877485541618,40.873577989724176]},"properties":{"tpcondition":"Good","stumpdiameter":"0","riskratingdate":null,"riskrating":null,"objectid":"5107533","globalid":"4DF98E05-9C1D-4F75-BEE3-E10B40B10890","tpstructure":"Full","plantingspaceglobalid":"4DF98E05-9C1D-4F75-BEE3-E10B40B10890","createddate":"2017-11-15 11:11:11.0000000","dbh":"19","planteddate":null,"updateddate":null,"geometry":"POINT(-73.83877485541618 40.873577989724176)","genusspecies":"Quercus palustris - pin oak"}},{"type":"Feature","geometry":{"type":"Point","coordinates":[-73.95263854563932,40.82658075672328]},"properties":{"tpcondition":"Good","stumpdiameter":null,"riskratingdate":"2020-11-03 15:40:50.0000000","riskrating":"5","objectid":"5107534","globalid":"10997846-3755-4098-9030-DD7D5FE96971","tpstructure":"Full","plantingspaceglobalid":"10997846-3755-4098-9030-DD7D5FE96971","createddate":"2017-11-15 11:11:11.0000000","dbh":"26","planteddate":null,"updateddate":"2020-11-03 15:40:50.0000000","geometry":"POINT(-73.95263854563932 40.82658075672328)","genusspecies":"Platanus x acerifolia - London planetree"}},{"type":"Feature","geometry":{"type":"Point","coordinates":[-73.92326785971034,40.8113899528878]},"properties":{"tpcondition":"Good","stumpdiameter":"0","riskratingdate":"2019-10-23 18:09:59.0000000","riskrating":"7","objectid":"5107535","globalid":"D8F4308C-3629-4EAD-BBB5-C054004FA809","tpstructure":"Full","plantingspaceglobalid":"D8F4308C-3629-4EAD-BBB5-C054004FA809","createddate":"2017-11-15 11:11:11.0000000","dbh":"19","planteddate":null,"updateddate":"2019-10-23 18:09:59.0000000","geometry":"POINT(-73.92326785971034 40.8113899528878)","genusspecies":"Platanus x acerifolia - London planetree"}},{"type":"Feature","geometry":{"type":"Point","coordinates":[-73.96990341641687,40.67426812463701]},"properties":{"tpcondition":"Good","stumpdiameter":"0","riskratingdate":null,"riskrating":null,"objectid":"5107536","globalid":"02EA2942-7B57-4C21-8D2C-BC7F532ED877","tpstructure":"Full","plantingspaceglobalid":"02EA2942-7B57-4C21-8D2C-BC7F532ED877","createddate":"2017-11-15 11:11:11.0000000","dbh":"20","planteddate":null,"updateddate":null,"geometry":"POINT(-73.96990341641687 40.67426812463701)","genusspecies":"Platanus x acerifolia - London planetree"}},{"type":"Feature","geometry":{"type":"Point","coordinates":[-73.94103973525509,40.846519861378475]},"properties":{"tpcondition":"Fair","stumpdiameter":null,"riskratingdate":"2024-11-20 20:08:33.0000000","riskrating":"5","objectid":"5107537","globalid":"4511AA43-DCFE-4621-BFA2-B2F37E03F20C","tpstructure":"Full","plantingspaceglobalid":"4511AA43-DCFE-4621-BFA2-B2F37E03F20C","createddate":"2017-11-15 11:11:11.0000000","dbh":"20","planteddate":null,"updateddate":"2024-11-20 20:08:33.0000000","geometry":"POINT(-73.94103973525509 40.846519861378475)","genusspecies":"Gleditsia triacanthos var. inermis - Thornless honeylocust"}},{"type":"Feature","geometry":{"type":"Point","coordinates":[-73.91609820897028,40.7856604430646]},"properties":{"tpcondition":"Good","stumpdiameter":"0","riskratingdate":null,"riskrating":null,"objectid":"5107538","globalid":"B43A4748-BF82-4288-AF4D-9270571E1E4F","tpstructure":"Full","plantingspaceglobalid":"B43A4748-BF82-4288-AF4D-9270571E1E4F","createddate":"2017-11-15 11:11:11.0000000","dbh":"14","planteddate":null,"updateddate":null,"geometry":"POINT(-73.91609820897028 40.7856604430646)","genusspecies":"Tilia cordata - littleleaf linden"}},{"type":"Feature","geometry":{"type":"Point","coordinates":[-74.14629067095156,40.622663234081216]},"properties":{"tpcondition":"Dead","stumpdiameter":"14","riskratingdate":"2022-05-05 18:31:00.0000000","riskrating":"8","objectid":"5107539","globalid":"EF5D31FB-0877-4666-84BC-33D76CD224D3","tpstructure":"Retired","plantingspaceglobalid":"EF5D31FB-0877-4666-84BC-33D76CD224D3","createddate":"2017-11-15 11:11:00.0000000","dbh":"12","planteddate":null,"updateddate":"2023-05-30 16:18:00.0000000","geometry":"POINT(-74.14629067095156 40.622663234081216)","genusspecies":"Styphnolobium japonicum - Japanese pagoda tree"}},{"type":"Feature","geometry":{"type":"Point","coordinates":[-73.89680450181436,40.86498102922177]},"properties":{"tpcondition":"Fair","stumpdiameter":null,"riskratingdate":"2025-03-25 13:46:32.0000000","riskrating":"6","objectid":"5107540","globalid":"DE802FEF-8A98-4DF0-B36F-2A010FBEC9C7","tpstructure":"Full","plantingspaceglobalid":"DE802FEF-8A98-4DF0-B36F-2A010FBEC9C7","createddate":"2017-11-15 11:11:11.0000000","dbh":"7","planteddate":null,"updateddate":"2025-03-25 13:46:32.0000000","geometry":"POINT(-73.89680450181436 40.86498102922177)","genusspecies":"Crataegus - Hawthorn"}},{"type":"Feature","geometry":{"type":"Point","coordinates":[-73.91043045992365,40.747364864580064]},"properties":{"tpcondition":"Poor","stumpdiameter":null,"riskratingdate":"2022-05-11 15:45:48.0000000","riskrating":"5","objectid":"5107541","globalid":"D4A6F831-D548-407C-A019-0823E354E552","tpstructure":"Retired","plantingspaceglobalid":"D4A6F831-D548-407C-A019-0823E354E552","createddate":"2017-11-15 11:11:11.0000000","dbh":"10","planteddate":null,"updateddate":"2022-06-14 18:51:22.0000000","geometry":"POINT(-73.91043045992365 40.747364864580064)","genusspecies":"Fraxinus - Ash"}},{"type":"Feature","geometry":{"type":"Point","coordinates":[-73.98923759511636,40.698598785863645]},"properties":{"tpcondition":"Good","stumpdiameter":"0","riskratingdate":null,"riskrating":null,"objectid":"5107542","globalid":"845FFB02-711B-419A-9C80-F3B5B3D4F866","tpstructure":"Full","plantingspaceglobalid":"845FFB02-711B-419A-9C80-F3B5B3D4F866","createddate":"2017-11-15 11:11:11.0000000","dbh":"21","planteddate":null,"updateddate":null,"geometry":"POINT(-73.98923759511636 40.698598785863645)","genusspecies":"Platanus x acerifolia - London planetree"}},{"type":"Feature","geometry":{"type":"Point","coordinates":[-73.87848113170965,40.87650116887471]},"properties":{"tpcondition":"Good","stumpdiameter":"0","riskratingdate":null,"riskrating":null,"objectid":"5107544","globalid":"389FFBD4-754D-492E-83E2-C86B00EC9FE0","tpstructure":"Full","plantingspaceglobalid":"389FFBD4-754D-492E-83E2-C86B00EC9FE0","createddate":"2017-11-15 11:11:11.0000000","dbh":"4","planteddate":null,"updateddate":"2017-11-27 08:50:21.0000000","geometry":"POINT(-73.87848113170965 40.87650116887471)","genusspecies":"Prunus cerasifera - cherry plum"}},{"type":"Feature","geometry":{"type":"Point","coordinates":[-74.05993901059395,40.60700852774525]},"properties":{"tpcondition":"Fair","stumpdiameter":null,"riskratingdate":"2022-05-27 13:10:40.0000000","riskrating":"8","objectid":"5107545","globalid":"C77256C1-50CB-435B-A312-C848E9A60B53","tpstructure":"Full","plantingspaceglobalid":"C77256C1-50CB-435B-A312-C848E9A60B53","createddate":"2017-11-15 11:11:11.0000000","dbh":"30","planteddate":null,"updateddate":"2025-09-29 11:17:24.0000000","geometry":"POINT(-74.05993901059395 40.60700852774525)","genusspecies":"Carya cordiformis - bitternut hickory"}},{"type":"Feature","geometry":{"type":"Point","coordinates":[-73.96055083204607,40.72983690313687]},"properties":{"tpcondition":"Good","stumpdiameter":"0","riskratingdate":null,"riskrating":null,"objectid":"5107546","globalid":"72DDC326-3B45-496D-94F6-8BEA3EB3681A","tpstructure":"Full","plantingspaceglobalid":"72DDC326-3B45-496D-94F6-8BEA3EB3681A","createddate":"2017-11-15 11:11:11.0000000","dbh":"2","planteddate":null,"updateddate":null,"geometry":"POINT(-73.96055083204607 40.72983690313687)","genusspecies":"Quercus bicolor - swamp white oak"}},{"type":"Feature","geometry":{"type":"Point","coordinates":[-73.92415483304306,40.83145182409524]},"properties":{"tpcondition":"Good","stumpdiameter":"0","riskratingdate":null,"riskrating":null,"objectid":"5107547","globalid":"EF6EECB0-02F7-41D8-873C-44C00408C078","tpstructure":"Full","plantingspaceglobalid":"EF6EECB0-02F7-41D8-873C-44C00408C078","createddate":"2017-11-15 11:11:11.0000000","dbh":"26","planteddate":null,"updateddate":null,"geometry":"POINT(-73.92415483304306 40.83145182409524)","genusspecies":"Platanus x acerifolia - London planetree"}},{"type":"Feature","geometry":{"type":"Point","coordinates":[-73.87861386677106,40.877839956187444]},"properties":{"tpcondition":"Good","stumpdiameter":"0","riskratingdate":null,"riskrating":null,"objectid":"5107548","globalid":"DB00D9B5-F638-4A4D-B930-2815255713CA","tpstructure":"Full","plantingspaceglobalid":"DB00D9B5-F638-4A4D-B930-2815255713CA","createddate":"2017-11-15 11:11:11.0000000","dbh":"5","planteddate":null,"updateddate":"2017-11-30 12:10:48.0000000","geometry":"POINT(-73.87861386677106 40.877839956187444)","genusspecies":"Morus - mulberry"}},{"type":"Feature","geometry":{"type":"Point","coordinates":[-73.85698717110431,40.81043977634544]},"properties":{"tpcondition":"Good","stumpdiameter":"0","riskratingdate":null,"riskrating":null,"objectid":"5107549","globalid":"27F6B678-F304-41E4-B519-11DC0C99440A","tpstructure":"Full","plantingspaceglobalid":"27F6B678-F304-41E4-B519-11DC0C99440A","createddate":"2017-11-15 11:11:11.0000000","dbh":"22","planteddate":null,"updateddate":null,"geometry":"POINT(-73.85698717110431 40.81043977634544)","genusspecies":"Acer platanoides - Norway maple"}},{"type":"Feature","geometry":{"type":"Point","coordinates":[-73.86503436392336,40.67388796095779]},"properties":{"tpcondition":"Fair","stumpdiameter":"0","riskratingdate":null,"riskrating":null,"objectid":"5107550","globalid":"C8709312-C91E-4BC9-8CF2-0AFD97CB63BA","tpstructure":"Full","plantingspaceglobalid":"C8709312-C91E-4BC9-8CF2-0AFD97CB63BA","createddate":"2017-11-15 11:11:11.0000000","dbh":"4","planteddate":null,"updateddate":null,"geometry":"POINT(-73.86503436392336 40.67388796095779)","genusspecies":"Amelanchier - serviceberry"}},{"type":"Feature","geometry":{"type":"Point","coordinates":[-74.13645681841597,40.641177052357826]},"properties":{"tpcondition":"Good","stumpdiameter":"0","riskratingdate":null,"riskrating":null,"objectid":"5107551","globalid":"03C42569-985A-4889-8F06-010E8E14AC55","tpstructure":"Full","plantingspaceglobalid":"03C42569-985A-4889-8F06-010E8E14AC55","createddate":"2017-11-15 11:11:11.0000000","dbh":"10","planteddate":null,"updateddate":null,"geometry":"POINT(-74.13645681841597 40.641177052357826)","genusspecies":"Acer rubrum - red maple"}},{"type":"Feature","geometry":{"type":"Point","coordinates":[-73.79822451994121,40.71172323938011]},"properties":{"tpcondition":"Good","stumpdiameter":"0","riskratingdate":null,"riskrating":null,"objectid":"5107552","globalid":"936BF545-30D2-464F-BFA1-E9EEF6ED605B","tpstructure":"Full","plantingspaceglobalid":"936BF545-30D2-464F-BFA1-E9EEF6ED605B","createddate":"2017-11-15 11:11:11.0000000","dbh":"15","planteddate":null,"updateddate":null,"geometry":"POINT(-73.79822451994121 40.71172323938011)","genusspecies":"Quercus - Oak"}},{"type":"Feature","geometry":{"type":"Point","coordinates":[-74.0162544921808,40.70216734322137]},"properties":{"tpcondition":"Good","stumpdiameter":"0","riskratingdate":null,"riskrating":null,"objectid":"5107553","globalid":"70867BE6-6D5C-4D40-8D05-E2232D10CA45","tpstructure":"Full","plantingspaceglobalid":"70867BE6-6D5C-4D40-8D05-E2232D10CA45","createddate":"2017-11-15 11:11:11.0000000","dbh":"12","planteddate":null,"updateddate":null,"geometry":"POINT(-74.0162544921808 40.70216734322137)","genusspecies":"Platanus x acerifolia - London planetree"}},{"type":"Feature","geometry":{"type":"Point","coordinates":[-73.90965940617507,40.6924249307149]},"properties":{"tpcondition":"Unknown","stumpdiameter":"45","riskratingdate":"2020-08-05 22:18:00.0000000","riskrating":"6","objectid":"5107554","globalid":"F7F640B8-1D3B-4147-BE30-D019D7F1DABC","tpstructure":"Retired","plantingspaceglobalid":"F7F640B8-1D3B-4147-BE30-D019D7F1DABC","createddate":"2017-11-15 11:11:00.0000000","dbh":null,"planteddate":null,"updateddate":"2021-12-09 16:59:34.0000000","geometry":"POINT(-73.90965940617507 40.6924249307149)","genusspecies":"Tilia americana - American basswood"}},{"type":"Feature","geometry":{"type":"Point","coordinates":[-73.97594144547345,40.71548187885551]},"properties":{"tpcondition":"Dead","stumpdiameter":"0","riskratingdate":null,"riskrating":null,"objectid":"5107555","globalid":"B73570A3-F531-4D7A-A6E2-B5E185971618","tpstructure":"Retired","plantingspaceglobalid":"B73570A3-F531-4D7A-A6E2-B5E185971618","createddate":"2017-11-15 11:11:11.0000000","dbh":"8","planteddate":null,"updateddate":"2024-10-22 19:48:18.0000000","geometry":"POINT(-73.97594144547345 40.71548187885551)","genusspecies":"Pyrus calleryana - Callery pear"}},{"type":"Feature","geometry":{"type":"Point","coordinates":[-73.88263014210405,40.74222269591808]},"properties":{"tpcondition":"Good","stumpdiameter":"0","riskratingdate":null,"riskrating":null,"objectid":"5107558","globalid":"046E88D2-95F2-41A1-9BF1-243FEFAA2E4D","tpstructure":"Full","plantingspaceglobalid":"046E88D2-95F2-41A1-9BF1-243FEFAA2E4D","createddate":"2017-11-15 11:11:11.0000000","dbh":"8","planteddate":null,"updateddate":null,"geometry":"POINT(-73.88263014210405 40.74222269591808)","genusspecies":"Gleditsia triacanthos var. inermis - Thornless honeylocust"}},{"type":"Feature","geometry":{"type":"Point","coordinates":[-73.77013562302517,40.77369711549008]},"properties":{"tpcondition":"Poor","stumpdiameter":null,"riskratingdate":"2020-05-07 16:46:54.0000000","riskrating":"4","objectid":"5107559","globalid":"B2FB4500-BA23-4323-9132-184BD4A890DA","tpstructure":"Full","plantingspaceglobalid":"B2FB4500-BA23-4323-9132-184BD4A890DA","createddate":"2017-11-15 11:11:11.0000000","dbh":"8","planteddate":null,"updateddate":"2020-05-07 16:46:54.0000000","geometry":"POINT(-73.77013562302517 40.77369711549008)","genusspecies":"Crataegus - Hawthorn"}},{"type":"Feature","geometry":{"type":"Point","coordinates":[-73.85763701096413,40.73549609251745]},"properties":{"tpcondition":"Unknown","stumpdiameter":"32","riskratingdate":"2018-07-02 11:25:00.0000000","riskrating":"11","objectid":"5107560","globalid":"D2B6342A-C53B-4806-A120-154FF24B587D","tpstructure":"Retired","plantingspaceglobalid":"D2B6342A-C53B-4806-A120-154FF24B587D","createddate":"2017-11-15 11:11:00.0000000","dbh":"32","planteddate":null,"updateddate":"2023-07-07 12:45:00.0000000","geometry":"POINT(-73.85763701096413 40.73549609251745)","genusspecies":"Quercus palustris - pin oak"}},{"type":"Feature","geometry":{"type":"Point","coordinates":[-73.83882173826059,40.87369015951455]},"properties":{"tpcondition":"Good","stumpdiameter":"0","riskratingdate":null,"riskrating":null,"objectid":"5107561","globalid":"F44D9229-A8E9-4BC8-B155-06D469AAD4BE","tpstructure":"Full","plantingspaceglobalid":"F44D9229-A8E9-4BC8-B155-06D469AAD4BE","createddate":"2017-11-15 11:11:11.0000000","dbh":"17","planteddate":null,"updateddate":null,"geometry":"POINT(-73.83882173826059 40.87369015951455)","genusspecies":"Liquidambar styraciflua - sweetgum"}},{"type":"Feature","geometry":{"type":"Point","coordinates":[-73.9738112405911,40.72252306844422]},"properties":{"tpcondition":"Good","stumpdiameter":"0","riskratingdate":null,"riskrating":null,"objectid":"5107562","globalid":"DA9CAC45-01D0-4C64-A53F-ECDC0AF95FAE","tpstructure":"Full","plantingspaceglobalid":"DA9CAC45-01D0-4C64-A53F-ECDC0AF95FAE","createddate":"2017-11-15 11:11:11.0000000","dbh":"32","planteddate":null,"updateddate":null,"geometry":"POINT(-73.9738112405911 40.72252306844422)","genusspecies":"Quercus palustris - pin oak"}},{"type":"Feature","geometry":{"type":"Point","coordinates":[-73.91685295878298,40.78465465944504]},"properties":{"tpcondition":"Good","stumpdiameter":"0","riskratingdate":null,"riskrating":null,"objectid":"5107563","globalid":"542999A4-9C08-4284-AE8E-E2F260FE0793","tpstructure":"Full","plantingspaceglobalid":"542999A4-9C08-4284-AE8E-E2F260FE0793","createddate":"2017-11-15 11:11:11.0000000","dbh":"9","planteddate":null,"updateddate":null,"geometry":"POINT(-73.91685295878298 40.78465465944504)","genusspecies":"Tilia cordata - littleleaf linden"}},{"type":"Feature","geometry":{"type":"Point","coordinates":[-73.94944349244375,40.831754310399916]},"properties":{"tpcondition":"Fair","stumpdiameter":null,"riskratingdate":"2022-05-11 14:42:45.0000000","riskrating":"7","objectid":"5107565","globalid":"8D3C1188-35C4-44A2-BA28-B09532EDBA7A","tpstructure":"Full","plantingspaceglobalid":"8D3C1188-35C4-44A2-BA28-B09532EDBA7A","createddate":"2017-11-15 11:11:11.0000000","dbh":"34","planteddate":null,"updateddate":"2022-05-11 14:42:45.0000000","geometry":"POINT(-73.94944349244375 40.831754310399916)","genusspecies":"Platanus x acerifolia - London planetree"}},{"type":"Feature","geometry":{"type":"Point","coordinates":[-73.74953023522681,40.59470960253834]},"properties":{"tpcondition":"Good","stumpdiameter":"0","riskratingdate":null,"riskrating":null,"objectid":"5107567","globalid":"0DF183E9-8DAA-4143-B77F-A74F39B5074B","tpstructure":"Full","plantingspaceglobalid":"0DF183E9-8DAA-4143-B77F-A74F39B5074B","createddate":"2017-11-15 11:11:11.0000000","dbh":"4","planteddate":null,"updateddate":null,"geometry":"POINT(-73.74953023522681 40.59470960253834)","genusspecies":"Platanus x acerifolia - London planetree"}},{"type":"Feature","geometry":{"type":"Point","coordinates":[-73.94775196228238,40.75674050012831]},"properties":{"tpcondition":"Good","stumpdiameter":"0","riskratingdate":null,"riskrating":null,"objectid":"5107568","globalid":"C881D8FC-0D3E-44F0-BA32-7E5267A41A16","tpstructure":"Full","plantingspaceglobalid":"C881D8FC-0D3E-44F0-BA32-7E5267A41A16","createddate":"2017-11-15 11:11:11.0000000","dbh":"8","planteddate":null,"updateddate":null,"geometry":"POINT(-73.94775196228238 40.75674050012831)","genusspecies":"Crataegus - Hawthorn"}},{"type":"Feature","geometry":{"type":"Point","coordinates":[-73.87864355109515,40.87681393409637]},"properties":{"tpcondition":"Good","stumpdiameter":"0","riskratingdate":null,"riskrating":null,"objectid":"5107569","globalid":"DE13CD1A-AAB4-4CD0-A968-6FAEF8F1ED18","tpstructure":"Full","plantingspaceglobalid":"DE13CD1A-AAB4-4CD0-A968-6FAEF8F1ED18","createddate":"2017-11-15 11:11:11.0000000","dbh":"4","planteddate":null,"updateddate":"2017-11-30 10:59:52.0000000","geometry":"POINT(-73.87864355109515 40.87681393409637)","genusspecies":"Ilex - holly"}},{"type":"Feature","geometry":{"type":"Point","coordinates":[-73.95571084460225,40.823787714263396]},"properties":{"tpcondition":"Good","stumpdiameter":null,"riskratingdate":"2025-04-15 11:48:37.0000000","riskrating":"5","objectid":"5107570","globalid":"2E19FE76-0167-4129-ADF1-622FDDA1A7BB","tpstructure":"Full","plantingspaceglobalid":"2E19FE76-0167-4129-ADF1-622FDDA1A7BB","createddate":"2017-11-15 11:11:11.0000000","dbh":"4","planteddate":null,"updateddate":"2025-04-15 11:48:37.0000000","geometry":"POINT(-73.95571084460225 40.823787714263396)","genusspecies":"Crataegus - Hawthorn"}},{"type":"Feature","geometry":{"type":"Point","coordinates":[-74.15146858319898,40.54691090225992]},"properties":{"tpcondition":"Good","stumpdiameter":"0","riskratingdate":null,"riskrating":null,"objectid":"5107572","globalid":"8A879D3F-38D1-4CFD-BEF6-FF073FBA4F76","tpstructure":"Full","plantingspaceglobalid":"8A879D3F-38D1-4CFD-BEF6-FF073FBA4F76","createddate":"2017-11-15 11:11:11.0000000","dbh":"9","planteddate":null,"updateddate":null,"geometry":"POINT(-74.15146858319898 40.54691090225992)","genusspecies":"Liquidambar styraciflua - sweetgum"}},{"type":"Feature","geometry":{"type":"Point","coordinates":[-73.94288869695316,40.82365974639201]},"properties":{"tpcondition":"Good","stumpdiameter":"0","riskratingdate":null,"riskrating":null,"objectid":"5107573","globalid":"E06950EA-D00B-405F-BC8E-FEDD5F076FA4","tpstructure":"Full","plantingspaceglobalid":"E06950EA-D00B-405F-BC8E-FEDD5F076FA4","createddate":"2017-11-15 11:11:11.0000000","dbh":"8","planteddate":null,"updateddate":null,"geometry":"POINT(-73.94288869695316 40.82365974639201)","genusspecies":"Abies balsamea - balsam fir"}},{"type":"Feature","geometry":{"type":"Point","coordinates":[-73.91012217305942,40.74736600652444]},"properties":{"tpcondition":"Poor","stumpdiameter":"0","riskratingdate":"2019-06-14 11:18:00.0000000","riskrating":"8","objectid":"5107574","globalid":"EE04B023-E7E7-449F-8272-CF6D6FAD3414","tpstructure":"Retired","plantingspaceglobalid":"EE04B023-E7E7-449F-8272-CF6D6FAD3414","createddate":"2017-11-15 11:11:00.0000000","dbh":"6","planteddate":null,"updateddate":"2022-03-22 13:49:49.0000000","geometry":"POINT(-73.91012217305942 40.74736600652444)","genusspecies":"Magnolia - magnolia"}},{"type":"Feature","geometry":{"type":"Point","coordinates":[-73.87379571890908,40.67846542851858]},"properties":{"tpcondition":"Good","stumpdiameter":"0","riskratingdate":null,"riskrating":null,"objectid":"5107575","globalid":"A7D27CD1-467F-4C3D-9754-B59A7226BCF3","tpstructure":"Full","plantingspaceglobalid":"A7D27CD1-467F-4C3D-9754-B59A7226BCF3","createddate":"2017-11-15 11:11:11.0000000","dbh":"5","planteddate":null,"updateddate":"2017-11-27 17:25:14.0000000","geometry":"POINT(-73.87379571890908 40.67846542851858)","genusspecies":"Quercus bicolor - swamp white oak"}},{"type":"Feature","geometry":{"type":"Point","coordinates":[-73.7470588218863,40.59511554818982]},"properties":{"tpcondition":"Dead","stumpdiameter":"0","riskratingdate":null,"riskrating":null,"objectid":"5107576","globalid":"63009C37-01F2-4600-ACA7-90076A85D303","tpstructure":"Full","plantingspaceglobalid":"63009C37-01F2-4600-ACA7-90076A85D303","createddate":"2017-11-15 11:11:11.0000000","dbh":"4","planteddate":null,"updateddate":null,"geometry":"POINT(-73.7470588218863 40.59511554818982)","genusspecies":"Unknown - Unknown"}},{"type":"Feature","geometry":{"type":"Point","coordinates":[-73.73838917474843,40.597786909192266]},"properties":{"tpcondition":"Good","stumpdiameter":"0","riskratingdate":null,"riskrating":null,"objectid":"5107578","globalid":"094C3AB4-DE68-4D57-A7DA-51338BAA5231","tpstructure":"Full","plantingspaceglobalid":"094C3AB4-DE68-4D57-A7DA-51338BAA5231","createddate":"2017-11-15 11:11:11.0000000","dbh":"10","planteddate":null,"updateddate":null,"geometry":"POINT(-73.73838917474843 40.597786909192266)","genusspecies":"Robinia pseudoacacia - black locust"}},{"type":"Feature","geometry":{"type":"Point","coordinates":[-73.9486021343375,40.747367687661225]},"properties":{"tpcondition":"Good","stumpdiameter":"0","riskratingdate":null,"riskrating":null,"objectid":"5107579","globalid":"1461F9B4-2BF9-4695-890B-41CD38ED468D","tpstructure":"Full","plantingspaceglobalid":"1461F9B4-2BF9-4695-890B-41CD38ED468D","createddate":"2017-11-15 11:11:11.0000000","dbh":"4","planteddate":null,"updateddate":null,"geometry":"POINT(-73.9486021343375 40.747367687661225)","genusspecies":"Liquidambar styraciflua - sweetgum"}},{"type":"Feature","geometry":{"type":"Point","coordinates":[-73.87603139515244,40.87733616384768]},"properties":{"tpcondition":"Unknown","stumpdiameter":"0","riskratingdate":null,"riskrating":null,"objectid":"5107581","globalid":"7FB520F8-448C-4A1B-8DA0-0724E590099F","tpstructure":"Retired","plantingspaceglobalid":"7FB520F8-448C-4A1B-8DA0-0724E590099F","createddate":"2017-11-15 11:11:11.0000000","dbh":"3","planteddate":null,"updateddate":"2019-08-16 16:20:56.0000000","geometry":"POINT(-73.87603139515244 40.87733616384768)","genusspecies":"Quercus rubra - northern red oak"}},{"type":"Feature","geometry":{"type":"Point","coordinates":[-73.93339126861751,40.79353550003761]},"properties":{"tpcondition":"Fair","stumpdiameter":null,"riskratingdate":"2025-07-09 12:00:55.0000000","riskrating":"6","objectid":"5107582","globalid":"914A9720-6A0D-4C4B-9769-D1044EA48C80","tpstructure":"Full","plantingspaceglobalid":"914A9720-6A0D-4C4B-9769-D1044EA48C80","createddate":"2017-11-15 11:11:11.0000000","dbh":"31","planteddate":null,"updateddate":"2025-07-09 12:00:55.0000000","geometry":"POINT(-73.93339126861751 40.79353550003761)","genusspecies":"Platanus x acerifolia - London planetree"}},{"type":"Feature","geometry":{"type":"Point","coordinates":[-73.83707232657491,40.722902925825146]},"properties":{"tpcondition":"Fair","stumpdiameter":"0","riskratingdate":"2020-01-29 20:17:37.0000000","riskrating":"8","objectid":"5107583","globalid":"05E63B66-851E-404A-9D56-993CC37DC53F","tpstructure":"Full","plantingspaceglobalid":"05E63B66-851E-404A-9D56-993CC37DC53F","createddate":"2017-11-15 11:11:11.0000000","dbh":"24","planteddate":null,"updateddate":"2020-01-29 20:17:37.0000000","geometry":"POINT(-73.83707232657491 40.722902925825146)","genusspecies":"Gleditsia triacanthos var. inermis - Thornless honeylocust"}},{"type":"Feature","geometry":{"type":"Point","coordinates":[-73.96164999835099,40.813406325845136]},"properties":{"tpcondition":"Good","stumpdiameter":null,"riskratingdate":"2024-10-31 17:57:28.0000000","riskrating":"3","objectid":"5107584","globalid":"D04B089E-4FD6-4BCA-AC67-98A35EDF8CF6","tpstructure":"Full","plantingspaceglobalid":"D04B089E-4FD6-4BCA-AC67-98A35EDF8CF6","createddate":"2017-11-15 11:11:11.0000000","dbh":"5","planteddate":null,"updateddate":"2024-10-31 17:57:28.0000000","geometry":"POINT(-73.96164999835099 40.813406325845136)","genusspecies":"Tilia cordata - littleleaf linden"}},{"type":"Feature","geometry":{"type":"Point","coordinates":[-73.87616871224738,40.877902223583824]},"properties":{"tpcondition":"Dead","stumpdiameter":"26","riskratingdate":null,"riskrating":null,"objectid":"5107585","globalid":"0E123212-DA3C-4480-96A6-935DBD9F00EC","tpstructure":"Stump","plantingspaceglobalid":"0E123212-DA3C-4480-96A6-935DBD9F00EC","createddate":"2017-11-15 11:11:11.0000000","dbh":null,"planteddate":null,"updateddate":"2023-08-21 17:53:44.0000000","geometry":"POINT(-73.87616871224738 40.877902223583824)","genusspecies":"Quercus palustris - pin oak"}},{"type":"Feature","geometry":{"type":"Point","coordinates":[-73.89795304505762,40.864905295207166]},"properties":{"tpcondition":"Fair","stumpdiameter":null,"riskratingdate":"2025-02-04 16:07:29.0000000","riskrating":"6","objectid":"5107586","globalid":"79662C0A-8265-4384-9E4B-86F4DCAB62C0","tpstructure":"Full","plantingspaceglobalid":"79662C0A-8265-4384-9E4B-86F4DCAB62C0","createddate":"2017-11-15 11:11:11.0000000","dbh":"36","planteddate":null,"updateddate":"2025-02-04 16:07:29.0000000","geometry":"POINT(-73.89795304505762 40.864905295207166)","genusspecies":"Quercus palustris - pin oak"}},{"type":"Feature","geometry":{"type":"Point","coordinates":[-73.97267546256964,40.724467472374286]},"properties":{"tpcondition":"Fair","stumpdiameter":"0","riskratingdate":null,"riskrating":null,"objectid":"5107587","globalid":"78218D7A-A6F5-4DC7-9C50-6A338603EBF7","tpstructure":"Full","plantingspaceglobalid":"78218D7A-A6F5-4DC7-9C50-6A338603EBF7","createddate":"2017-11-15 11:11:11.0000000","dbh":"5","planteddate":null,"updateddate":null,"geometry":"POINT(-73.97267546256964 40.724467472374286)","genusspecies":"Malus - apple"}},{"type":"Feature","geometry":{"type":"Point","coordinates":[-73.84514363793366,40.73381999431754]},"properties":{"tpcondition":"Poor","stumpdiameter":"0","riskratingdate":null,"riskrating":null,"objectid":"5107588","globalid":"B29F5AF9-E00B-4921-884A-2FFA43AF262D","tpstructure":"Full","plantingspaceglobalid":"B29F5AF9-E00B-4921-884A-2FFA43AF262D","createddate":"2017-11-15 11:11:11.0000000","dbh":"17","planteddate":null,"updateddate":null,"geometry":"POINT(-73.84514363793366 40.73381999431754)","genusspecies":"Liquidambar styraciflua - sweetgum"}},{"type":"Feature","geometry":{"type":"Point","coordinates":[-73.99084862487501,40.72252443374392]},"properties":{"tpcondition":"Good","stumpdiameter":null,"riskratingdate":"2024-10-28 17:13:43.0000000","riskrating":"7","objectid":"5107589","globalid":"841A3FFF-A808-4418-A47A-23884FF1B02D","tpstructure":"Full","plantingspaceglobalid":"841A3FFF-A808-4418-A47A-23884FF1B02D","createddate":"2017-11-15 11:11:11.0000000","dbh":"27","planteddate":null,"updateddate":"2024-10-28 17:13:43.0000000","geometry":"POINT(-73.99084862487501 40.72252443374392)","genusspecies":"Platanus x acerifolia - London planetree"}},{"type":"Feature","geometry":{"type":"Point","coordinates":[-73.90556157581138,40.86336743991551]},"properties":{"tpcondition":"Good","stumpdiameter":"0","riskratingdate":"2019-10-18 18:43:47.0000000","riskrating":"3","objectid":"5107590","globalid":"BE3EB452-85D0-4E56-A65B-136141186C35","tpstructure":"Full","plantingspaceglobalid":"BE3EB452-85D0-4E56-A65B-136141186C35","createddate":"2017-11-15 11:11:11.0000000","dbh":"16","planteddate":null,"updateddate":"2023-12-07 17:27:43.0000000","geometry":"POINT(-73.90556157581138 40.86336743991551)","genusspecies":"Fagus sylvatica - European beech"}},{"type":"Feature","geometry":{"type":"Point","coordinates":[-73.989000866952,40.69787237405783]},"properties":{"tpcondition":"Fair","stumpdiameter":"0","riskratingdate":"2019-11-14 15:25:02.0000000","riskrating":"8","objectid":"5107591","globalid":"A575B95B-5A3B-4BBF-970C-025A48950281","tpstructure":"Full","plantingspaceglobalid":"A575B95B-5A3B-4BBF-970C-025A48950281","createddate":"2017-11-15 11:11:11.0000000","dbh":"20","planteddate":null,"updateddate":"2019-11-14 15:25:02.0000000","geometry":"POINT(-73.989000866952 40.69787237405783)","genusspecies":"Malus - apple"}},{"type":"Feature","geometry":{"type":"Point","coordinates":[-74.08944966957436,40.602025019263515]},"properties":{"tpcondition":"Good","stumpdiameter":null,"riskratingdate":"2023-06-30 14:48:27.0000000","riskrating":"5","objectid":"5107592","globalid":"54FDB6E3-0947-4D74-B731-FA0E16B097CC","tpstructure":"Full","plantingspaceglobalid":"54FDB6E3-0947-4D74-B731-FA0E16B097CC","createddate":"2017-11-15 11:11:11.0000000","dbh":"7","planteddate":null,"updateddate":"2023-06-30 14:48:27.0000000","geometry":"POINT(-74.08944966957436 40.602025019263515)","genusspecies":"Platanus x acerifolia - London planetree"}},{"type":"Feature","geometry":{"type":"Point","coordinates":[-73.89801292229676,40.86507654873065]},"properties":{"tpcondition":"Good","stumpdiameter":null,"riskratingdate":"2025-02-03 16:06:48.0000000","riskrating":"3","objectid":"5107593","globalid":"1A7E4E71-08A0-47EC-924B-DA97146F4400","tpstructure":"Full","plantingspaceglobalid":"1A7E4E71-08A0-47EC-924B-DA97146F4400","createddate":"2017-11-15 11:11:11.0000000","dbh":"7","planteddate":null,"updateddate":"2025-02-03 16:06:48.0000000","geometry":"POINT(-73.89801292229676 40.86507654873065)","genusspecies":"Quercus shumardii - Shumard's oak"}},{"type":"Feature","geometry":{"type":"Point","coordinates":[-74.08945047503732,40.60197999879856]},"properties":{"tpcondition":"Good","stumpdiameter":null,"riskratingdate":"2023-06-30 14:53:28.0000000","riskrating":"6","objectid":"5107594","globalid":"A61A7BC8-7138-4AA2-B3B6-D4AC19C5417D","tpstructure":"Full","plantingspaceglobalid":"A61A7BC8-7138-4AA2-B3B6-D4AC19C5417D","createddate":"2017-11-15 11:11:11.0000000","dbh":"11","planteddate":null,"updateddate":"2023-06-30 14:53:28.0000000","geometry":"POINT(-74.08945047503732 40.60197999879856)","genusspecies":"Platanus x acerifolia - London planetree"}},{"type":"Feature","geometry":{"type":"Point","coordinates":[-73.923669105182,40.833910373916986]},"properties":{"tpcondition":"Good","stumpdiameter":"0","riskratingdate":null,"riskrating":null,"objectid":"5107595","globalid":"4A2FF73A-6CAE-4E72-9D8C-8E6AA8CFCCC0","tpstructure":"Full","plantingspaceglobalid":"4A2FF73A-6CAE-4E72-9D8C-8E6AA8CFCCC0","createddate":"2017-11-15 11:11:11.0000000","dbh":"5","planteddate":null,"updateddate":null,"geometry":"POINT(-73.923669105182 40.833910373916986)","genusspecies":"Thuja occidentalis - arborvitae"}},{"type":"Feature","geometry":{"type":"Point","coordinates":[-74.01565551023265,40.70210373682364]},"properties":{"tpcondition":"Good","stumpdiameter":"0","riskratingdate":null,"riskrating":null,"objectid":"5107596","globalid":"82D2A0DF-AC54-413B-BB55-8886F1EF2144","tpstructure":"Full","plantingspaceglobalid":"82D2A0DF-AC54-413B-BB55-8886F1EF2144","createddate":"2017-11-15 11:11:11.0000000","dbh":"15","planteddate":null,"updateddate":null,"geometry":"POINT(-74.01565551023265 40.70210373682364)","genusspecies":"Platanus x acerifolia - London planetree"}},{"type":"Feature","geometry":{"type":"Point","coordinates":[-73.94854283488894,40.757395390395686]},"properties":{"tpcondition":"Good","stumpdiameter":"0","riskratingdate":null,"riskrating":null,"objectid":"5107598","globalid":"231764B7-06D7-4E85-963B-72AB5A0A4610","tpstructure":"Full","plantingspaceglobalid":"231764B7-06D7-4E85-963B-72AB5A0A4610","createddate":"2017-11-15 11:11:11.0000000","dbh":"34","planteddate":null,"updateddate":null,"geometry":"POINT(-73.94854283488894 40.757395390395686)","genusspecies":"Quercus palustris - pin oak"}},{"type":"Feature","geometry":{"type":"Point","coordinates":[-73.87853262523299,40.87742293636485]},"properties":{"tpcondition":"Good","stumpdiameter":"0","riskratingdate":null,"riskrating":null,"objectid":"5107599","globalid":"FD60A1B3-B824-4F1F-BF8C-6F06C8D79A96","tpstructure":"Full","plantingspaceglobalid":"FD60A1B3-B824-4F1F-BF8C-6F06C8D79A96","createddate":"2017-11-15 11:11:11.0000000","dbh":"7","planteddate":null,"updateddate":null,"geometry":"POINT(-73.87853262523299 40.87742293636485)","genusspecies":"Acer rubrum - red maple"}},{"type":"Feature","geometry":{"type":"Point","coordinates":[-73.981280686975,40.727330058894495]},"properties":{"tpcondition":"Good","stumpdiameter":null,"riskratingdate":"2022-09-21 12:35:29.0000000","riskrating":"8","objectid":"5107600","globalid":"782160F6-508D-4622-94C2-079F90947764","tpstructure":"Full","plantingspaceglobalid":"782160F6-508D-4622-94C2-079F90947764","createddate":"2017-11-15 11:11:11.0000000","dbh":"19","planteddate":null,"updateddate":"2022-09-21 12:35:29.0000000","geometry":"POINT(-73.981280686975 40.727330058894495)","genusspecies":"Quercus rubra - northern red oak"}},{"type":"Feature","geometry":{"type":"Point","coordinates":[-73.9138896281578,40.64898326858188]},"properties":{"tpcondition":"Good","stumpdiameter":"0","riskratingdate":null,"riskrating":null,"objectid":"5107603","globalid":"4DF84C74-1FC3-4268-8E9F-A22448BE0416","tpstructure":"Full","plantingspaceglobalid":"4DF84C74-1FC3-4268-8E9F-A22448BE0416","createddate":"2017-11-15 11:11:11.0000000","dbh":"20","planteddate":null,"updateddate":null,"geometry":"POINT(-73.9138896281578 40.64898326858188)","genusspecies":"Platanus x acerifolia - London planetree"}},{"type":"Feature","geometry":{"type":"Point","coordinates":[-73.9760220864142,40.71385668885053]},"properties":{"tpcondition":"Dead","stumpdiameter":"0","riskratingdate":null,"riskrating":null,"objectid":"5107604","globalid":"95E3B4BE-A657-423C-8D67-9A75CDB559E9","tpstructure":"Retired","plantingspaceglobalid":"95E3B4BE-A657-423C-8D67-9A75CDB559E9","createddate":"2017-11-15 11:11:11.0000000","dbh":"3","planteddate":null,"updateddate":"2024-10-22 19:48:18.0000000","geometry":"POINT(-73.9760220864142 40.71385668885053)","genusspecies":"Magnolia virginiana - sweetbay"}},{"type":"Feature","geometry":{"type":"Point","coordinates":[-73.90134652887136,40.82552756833434]},"properties":{"tpcondition":"Dead","stumpdiameter":"30","riskratingdate":"2023-08-24 12:22:00.0000000","riskrating":"9","objectid":"5107605","globalid":"23998796-D377-4B63-B1D3-8B9D689326FD","tpstructure":"Retired","plantingspaceglobalid":"23998796-D377-4B63-B1D3-8B9D689326FD","createddate":"2017-11-15 11:11:00.0000000","dbh":"36","planteddate":null,"updateddate":"2025-06-09 12:38:00.0000000","geometry":"POINT(-73.90134652887136 40.82552756833434)","genusspecies":"Quercus phellos - willow oak"}},{"type":"Feature","geometry":{"type":"Point","coordinates":[-73.89411939137071,40.65343856853054]},"properties":{"tpcondition":"Good","stumpdiameter":"0","riskratingdate":null,"riskrating":null,"objectid":"5107606","globalid":"FD249DE6-E76D-444C-8DD9-881C2DDC662C","tpstructure":"Full","plantingspaceglobalid":"FD249DE6-E76D-444C-8DD9-881C2DDC662C","createddate":"2017-11-15 11:11:11.0000000","dbh":"10","planteddate":null,"updateddate":null,"geometry":"POINT(-73.89411939137071 40.65343856853054)","genusspecies":"Platanus x acerifolia - London planetree"}},{"type":"Feature","geometry":{"type":"Point","coordinates":[-74.1455239840998,40.62446875175758]},"properties":{"tpcondition":"Fair","stumpdiameter":null,"riskratingdate":"2022-05-03 15:46:06.0000000","riskrating":"6","objectid":"5107607","globalid":"169A7142-D46B-426F-91E0-4C9DAB12E599","tpstructure":"Full","plantingspaceglobalid":"169A7142-D46B-426F-91E0-4C9DAB12E599","createddate":"2017-11-15 11:11:11.0000000","dbh":"15","planteddate":null,"updateddate":"2022-05-03 15:46:06.0000000","geometry":"POINT(-74.1455239840998 40.62446875175758)","genusspecies":"Platanus x acerifolia - London planetree"}},{"type":"Feature","geometry":{"type":"Point","coordinates":[-74.05846379089495,40.608402594604215]},"properties":{"tpcondition":"Fair","stumpdiameter":null,"riskratingdate":"2024-09-11 14:46:29.0000000","riskrating":"6","objectid":"5107608","globalid":"490977DF-3444-474F-8CCA-4C958154BA03","tpstructure":"Full","plantingspaceglobalid":"490977DF-3444-474F-8CCA-4C958154BA03","createddate":"2017-11-15 11:11:11.0000000","dbh":"28","planteddate":null,"updateddate":"2024-09-11 14:46:29.0000000","geometry":"POINT(-74.05846379089495 40.608402594604215)","genusspecies":"Acer pseudoplatanus - sycamore maple"}},{"type":"Feature","geometry":{"type":"Point","coordinates":[-73.9140605509838,40.64882393645588]},"properties":{"tpcondition":"Fair","stumpdiameter":null,"riskratingdate":"2023-08-03 13:15:35.0000000","riskrating":"10","objectid":"5107609","globalid":"C6A55C01-FDD7-4006-BC65-067BF69DEC93","tpstructure":"Full","plantingspaceglobalid":"C6A55C01-FDD7-4006-BC65-067BF69DEC93","createddate":"2017-11-15 11:11:11.0000000","dbh":"19","planteddate":null,"updateddate":"2023-08-03 13:15:35.0000000","geometry":"POINT(-73.9140605509838 40.64882393645588)","genusspecies":"Platanus x acerifolia - London planetree"}},{"type":"Feature","geometry":{"type":"Point","coordinates":[-73.94260429241088,40.72454718744964]},"properties":{"tpcondition":"Good","stumpdiameter":null,"riskratingdate":"2023-02-04 16:26:45.0000000","riskrating":"3","objectid":"5107610","globalid":"43C96BC0-2898-4A29-B605-EADAC7AE7672","tpstructure":"Full","plantingspaceglobalid":"43C96BC0-2898-4A29-B605-EADAC7AE7672","createddate":"2017-11-15 11:11:11.0000000","dbh":"7","planteddate":null,"updateddate":"2023-02-04 16:26:45.0000000","geometry":"POINT(-73.94260429241088 40.72454718744964)","genusspecies":"Cercis canadensis - eastern redbud"}},{"type":"Feature","geometry":{"type":"Point","coordinates":[-73.9416317374461,40.846109445141195]},"properties":{"tpcondition":"Fair","stumpdiameter":null,"riskratingdate":"2024-11-20 20:32:24.0000000","riskrating":"5","objectid":"5107611","globalid":"A87F22BB-8C90-483C-B842-CE3BE3A729F8","tpstructure":"Full","plantingspaceglobalid":"A87F22BB-8C90-483C-B842-CE3BE3A729F8","createddate":"2017-11-15 11:11:11.0000000","dbh":"15","planteddate":null,"updateddate":"2024-11-20 20:32:24.0000000","geometry":"POINT(-73.9416317374461 40.846109445141195)","genusspecies":"Prunus - Cherry"}},{"type":"Feature","geometry":{"type":"Point","coordinates":[-73.92369535593579,40.81104049313889]},"properties":{"tpcondition":"Fair","stumpdiameter":null,"riskratingdate":"2025-08-25 14:18:38.0000000","riskrating":"6","objectid":"5107612","globalid":"DFF83E42-BD47-4BFC-B075-C27CDCBB1261","tpstructure":"Full","plantingspaceglobalid":"DFF83E42-BD47-4BFC-B075-C27CDCBB1261","createddate":"2017-11-15 11:11:11.0000000","dbh":"16","planteddate":null,"updateddate":"2025-08-25 14:18:38.0000000","geometry":"POINT(-73.92369535593579 40.81104049313889)","genusspecies":"Styphnolobium japonicum - Japanese pagoda tree"}},{"type":"Feature","geometry":{"type":"Point","coordinates":[-73.98019272853345,40.726848158384676]},"properties":{"tpcondition":"Fair","stumpdiameter":"0","riskratingdate":null,"riskrating":null,"objectid":"5107613","globalid":"57C3670E-B4DC-46BA-9108-C215D748DD86","tpstructure":"Full","plantingspaceglobalid":"57C3670E-B4DC-46BA-9108-C215D748DD86","createddate":"2017-11-15 11:11:11.0000000","dbh":"11","planteddate":null,"updateddate":null,"geometry":"POINT(-73.98019272853345 40.726848158384676)","genusspecies":"Corylus colurna - Turkish hazelnut"}},{"type":"Feature","geometry":{"type":"Point","coordinates":[-73.82409312510215,40.78365108447102]},"properties":{"tpcondition":"Good","stumpdiameter":"0","riskratingdate":null,"riskrating":null,"objectid":"5107614","globalid":"46B9A854-2819-497C-81F7-A8F17D17FFFD","tpstructure":"Retired","plantingspaceglobalid":"46B9A854-2819-497C-81F7-A8F17D17FFFD","createddate":"2017-11-15 11:11:11.0000000","dbh":"22","planteddate":null,"updateddate":"2025-08-25 14:49:17.0000000","geometry":"POINT(-73.82409312510215 40.78365108447102)","genusspecies":"Platanus x acerifolia - London planetree"}},{"type":"Feature","geometry":{"type":"Point","coordinates":[-73.85778817365785,40.735283950609784]},"properties":{"tpcondition":"Dead","stumpdiameter":"3","riskratingdate":null,"riskrating":null,"objectid":"5107616","globalid":"A535BEEA-9F1E-4656-99D1-5149BFB6970E","tpstructure":"Stump","plantingspaceglobalid":"A535BEEA-9F1E-4656-99D1-5149BFB6970E","createddate":"2017-11-15 11:11:00.0000000","dbh":"3","planteddate":null,"updateddate":"2020-03-09 12:14:30.0000000","geometry":"POINT(-73.85778817365785 40.735283950609784)","genusspecies":"Cornus florida - flowering dogwood"}},{"type":"Feature","geometry":{"type":"Point","coordinates":[-73.8390784975516,40.87298472633979]},"properties":{"tpcondition":"Excellent","stumpdiameter":"0","riskratingdate":"2018-07-10 10:38:20.0000000","riskrating":"5","objectid":"5107617","globalid":"CE6DFCF1-AECB-473E-B4D7-4F4CE9A29BA4","tpstructure":"Full","plantingspaceglobalid":"CE6DFCF1-AECB-473E-B4D7-4F4CE9A29BA4","createddate":"2017-11-15 11:11:11.0000000","dbh":"4","planteddate":null,"updateddate":"2018-07-10 14:38:22.0000000","geometry":"POINT(-73.8390784975516 40.87298472633979)","genusspecies":"Crataegus - Hawthorn"}},{"type":"Feature","geometry":{"type":"Point","coordinates":[-74.01596824953182,40.703968906554174]},"properties":{"tpcondition":"Good","stumpdiameter":null,"riskratingdate":"2020-06-05 14:19:49.0000000","riskrating":"9","objectid":"5107618","globalid":"26A92CA3-5CCD-41DE-8560-3FB341B2ABCA","tpstructure":"Full","plantingspaceglobalid":"26A92CA3-5CCD-41DE-8560-3FB341B2ABCA","createddate":"2017-11-15 11:11:11.0000000","dbh":"20","planteddate":null,"updateddate":"2020-06-05 14:19:49.0000000","geometry":"POINT(-74.01596824953182 40.703968906554174)","genusspecies":"Platanus x acerifolia - London planetree"}},{"type":"Feature","geometry":{"type":"Point","coordinates":[-73.99143181807621,40.72250948366358]},"properties":{"tpcondition":"Good","stumpdiameter":null,"riskratingdate":"2024-10-25 15:36:36.0000000","riskrating":"6","objectid":"5107619","globalid":"77BBA8AA-9EAC-4E6E-BE17-2D760BF3C15D","tpstructure":"Full","plantingspaceglobalid":"77BBA8AA-9EAC-4E6E-BE17-2D760BF3C15D","createddate":"2017-11-15 11:11:11.0000000","dbh":"8","planteddate":null,"updateddate":"2024-10-25 15:36:36.0000000","geometry":"POINT(-73.99143181807621 40.72250948366358)","genusspecies":"Platanus x acerifolia - London planetree"}},{"type":"Feature","geometry":{"type":"Point","coordinates":[-73.89232989628549,40.651293655640245]},"properties":{"tpcondition":"Dead","stumpdiameter":"0","riskratingdate":null,"riskrating":null,"objectid":"5107620","globalid":"B70416FC-66C4-4DEB-BD06-0AEDCB0B2D82","tpstructure":"Full","plantingspaceglobalid":"B70416FC-66C4-4DEB-BD06-0AEDCB0B2D82","createddate":"2017-11-15 11:11:11.0000000","dbh":"3","planteddate":null,"updateddate":null,"geometry":"POINT(-73.89232989628549 40.651293655640245)","genusspecies":"Unknown - Unknown"}},{"type":"Feature","geometry":{"type":"Point","coordinates":[-73.8040567163448,40.70465972610536]},"properties":{"tpcondition":"Dead","stumpdiameter":"7","riskratingdate":null,"riskrating":null,"objectid":"5107621","globalid":"A6518254-3EB3-49AC-B1EA-D64655F5812B","tpstructure":"Stump - Uprooted","plantingspaceglobalid":"A6518254-3EB3-49AC-B1EA-D64655F5812B","createddate":"2017-11-15 11:11:11.0000000","dbh":null,"planteddate":null,"updateddate":"2024-10-21 16:55:05.0000000","geometry":"POINT(-73.8040567163448 40.70465972610536)","genusspecies":"Cercis canadensis - eastern redbud"}},{"type":"Feature","geometry":{"type":"Point","coordinates":[-73.9507727827954,40.83183315953628]},"properties":{"tpcondition":"Good","stumpdiameter":"0","riskratingdate":null,"riskrating":null,"objectid":"5107622","globalid":"EE69CE8D-0DBA-49F4-95A2-D13444B138C8","tpstructure":"Full","plantingspaceglobalid":"EE69CE8D-0DBA-49F4-95A2-D13444B138C8","createddate":"2017-11-15 11:11:11.0000000","dbh":"25","planteddate":null,"updateddate":null,"geometry":"POINT(-73.9507727827954 40.83183315953628)","genusspecies":"Quercus ellipsoidalis - northern pin oak"}},{"type":"Feature","geometry":{"type":"Point","coordinates":[-73.7697503361448,40.77301057387184]},"properties":{"tpcondition":"Good","stumpdiameter":null,"riskratingdate":"2025-10-28 16:06:57.0000000","riskrating":"6","objectid":"5107623","globalid":"8F53E8F8-159A-4206-890E-CD3487ABE6DD","tpstructure":"Full","plantingspaceglobalid":"8F53E8F8-159A-4206-890E-CD3487ABE6DD","createddate":"2017-11-15 11:11:00.0000000","dbh":"34","planteddate":null,"updateddate":"2025-10-28 16:06:57.0000000","geometry":"POINT(-73.7697503361448 40.77301057387184)","genusspecies":"Quercus palustris - pin oak"}},{"type":"Feature","geometry":{"type":"Point","coordinates":[-74.01606314004766,40.70290810566235]},"properties":{"tpcondition":"Good","stumpdiameter":"0","riskratingdate":null,"riskrating":null,"objectid":"5107624","globalid":"9ADE3128-17FC-44C9-9113-A37F8CECB098","tpstructure":"Full","plantingspaceglobalid":"9ADE3128-17FC-44C9-9113-A37F8CECB098","createddate":"2017-11-15 11:11:11.0000000","dbh":"17","planteddate":null,"updateddate":null,"geometry":"POINT(-74.01606314004766 40.70290810566235)","genusspecies":"Pinus strobus - eastern white pine"}},{"type":"Feature","geometry":{"type":"Point","coordinates":[-73.80487207855344,40.70474543344487]},"properties":{"tpcondition":"Good","stumpdiameter":"0","riskratingdate":null,"riskrating":null,"objectid":"5107625","globalid":"20985F9F-4064-4B90-9DB3-865100852D0F","tpstructure":"Full","plantingspaceglobalid":"20985F9F-4064-4B90-9DB3-865100852D0F","createddate":"2017-11-15 11:11:11.0000000","dbh":"2","planteddate":null,"updateddate":null,"geometry":"POINT(-73.80487207855344 40.70474543344487)","genusspecies":"Quercus bicolor - swamp white oak"}},{"type":"Feature","geometry":{"type":"Point","coordinates":[-73.86524419834991,40.67430511302941]},"properties":{"tpcondition":"Good","stumpdiameter":"0","riskratingdate":"2018-12-09 10:42:31.0000000","riskrating":"5","objectid":"5107627","globalid":"75B93E21-B8F2-40EA-B9C2-6D6BEB6A7C33","tpstructure":"Full","plantingspaceglobalid":"75B93E21-B8F2-40EA-B9C2-6D6BEB6A7C33","createddate":"2017-11-15 11:11:11.0000000","dbh":"15","planteddate":null,"updateddate":"2018-12-09 15:42:32.0000000","geometry":"POINT(-73.86524419834991 40.67430511302941)","genusspecies":"Gleditsia triacanthos var. inermis - Thornless honeylocust"}},{"type":"Feature","geometry":{"type":"Point","coordinates":[-74.16253053794875,40.53691438863141]},"properties":{"tpcondition":"Good","stumpdiameter":"0","riskratingdate":null,"riskrating":null,"objectid":"5107628","globalid":"C6B4D809-BEE7-4717-8121-1459CA36B6EF","tpstructure":"Full","plantingspaceglobalid":"C6B4D809-BEE7-4717-8121-1459CA36B6EF","createddate":"2017-11-15 11:11:11.0000000","dbh":"2","planteddate":null,"updateddate":null,"geometry":"POINT(-74.16253053794875 40.53691438863141)","genusspecies":"Ginkgo biloba - maidenhair tree"}},{"type":"Feature","geometry":{"type":"Point","coordinates":[-74.00958779926894,40.70249718271414]},"properties":{"tpcondition":"Fair","stumpdiameter":null,"riskratingdate":"2022-06-02 14:25:21.0000000","riskrating":"8","objectid":"5107629","globalid":"5B2327FF-7DE1-45BC-B4F9-E1E3A35654B8","tpstructure":"Full","plantingspaceglobalid":"5B2327FF-7DE1-45BC-B4F9-E1E3A35654B8","createddate":"2017-11-15 11:11:11.0000000","dbh":"13","planteddate":null,"updateddate":"2022-06-02 14:25:21.0000000","geometry":"POINT(-74.00958779926894 40.70249718271414)","genusspecies":"Platanus x acerifolia - London planetree"}},{"type":"Feature","geometry":{"type":"Point","coordinates":[-73.80537063240584,40.70443058419681]},"properties":{"tpcondition":"Good","stumpdiameter":"0","riskratingdate":null,"riskrating":null,"objectid":"5107630","globalid":"00992EDB-CFAE-498A-824E-DE01F3809EEE","tpstructure":"Full","plantingspaceglobalid":"00992EDB-CFAE-498A-824E-DE01F3809EEE","createddate":"2017-11-15 11:11:11.0000000","dbh":"18","planteddate":null,"updateddate":null,"geometry":"POINT(-73.80537063240584 40.70443058419681)","genusspecies":"Pinus strobus - eastern white pine"}},{"type":"Feature","geometry":{"type":"Point","coordinates":[-73.97350615106741,40.78233894711082]},"properties":{"tpcondition":"Dead","stumpdiameter":"65","riskratingdate":null,"riskrating":null,"objectid":"5107631","globalid":"61D2D610-1160-4C18-84B4-B51730B60003","tpstructure":"Stump","plantingspaceglobalid":"61D2D610-1160-4C18-84B4-B51730B60003","createddate":"2017-11-15 11:11:11.0000000","dbh":"0","planteddate":null,"updateddate":"2018-02-28 14:09:35.0000000","geometry":"POINT(-73.97350615106741 40.78233894711082)","genusspecies":"Unknown - Unknown"}},{"type":"Feature","geometry":{"type":"Point","coordinates":[-73.98975228599595,40.6978989464292]},"properties":{"tpcondition":"Good","stumpdiameter":"0","riskratingdate":null,"riskrating":null,"objectid":"5107632","globalid":"750E0437-DFD6-4016-87DD-9A0FF91B592F","tpstructure":"Full","plantingspaceglobalid":"750E0437-DFD6-4016-87DD-9A0FF91B592F","createddate":"2017-11-15 11:11:11.0000000","dbh":"12","planteddate":null,"updateddate":null,"geometry":"POINT(-73.98975228599595 40.6978989464292)","genusspecies":"Malus - apple"}},{"type":"Feature","geometry":{"type":"Point","coordinates":[-73.97468390796045,40.71602057098919]},"properties":{"tpcondition":"Dead","stumpdiameter":"0","riskratingdate":null,"riskrating":null,"objectid":"5107633","globalid":"EA6F018C-4954-4690-B9F8-09DCEFB07058","tpstructure":"Retired","plantingspaceglobalid":"EA6F018C-4954-4690-B9F8-09DCEFB07058","createddate":"2017-11-15 11:11:11.0000000","dbh":"3","planteddate":null,"updateddate":"2024-10-22 19:48:18.0000000","geometry":"POINT(-73.97468390796045 40.71602057098919)","genusspecies":"Prunus - Cherry"}},{"type":"Feature","geometry":{"type":"Point","coordinates":[-73.978154234746,40.71096400140984]},"properties":{"tpcondition":"Good","stumpdiameter":"0","riskratingdate":null,"riskrating":null,"objectid":"5107634","globalid":"2A3C20E3-73B7-430C-9583-5A9B5629208C","tpstructure":"Retired","plantingspaceglobalid":"2A3C20E3-73B7-430C-9583-5A9B5629208C","createddate":"2017-11-15 11:11:11.0000000","dbh":"29","planteddate":null,"updateddate":"2021-12-27 15:56:00.0000000","geometry":"POINT(-73.978154234746 40.71096400140984)","genusspecies":"Quercus palustris - pin oak"}},{"type":"Feature","geometry":{"type":"Point","coordinates":[-73.9520514861527,40.827538679926015]},"properties":{"tpcondition":"Good","stumpdiameter":"0","riskratingdate":null,"riskrating":null,"objectid":"5107635","globalid":"B9ABF2E2-EC95-420C-B03C-4A067C4366D5","tpstructure":"Full","plantingspaceglobalid":"B9ABF2E2-EC95-420C-B03C-4A067C4366D5","createddate":"2017-11-15 11:11:11.0000000","dbh":"16","planteddate":null,"updateddate":null,"geometry":"POINT(-73.9520514861527 40.827538679926015)","genusspecies":"Acer platanoides - Norway maple"}},{"type":"Feature","geometry":{"type":"Point","coordinates":[-73.84066598035554,40.87401171443197]},"properties":{"tpcondition":"Fair","stumpdiameter":null,"riskratingdate":"2021-10-05 16:29:46.0000000","riskrating":"6","objectid":"5107636","globalid":"FBAC525F-95F2-4D3E-B60B-322ADD185929","tpstructure":"Full","plantingspaceglobalid":"FBAC525F-95F2-4D3E-B60B-322ADD185929","createddate":"2017-11-15 11:11:11.0000000","dbh":"19","planteddate":null,"updateddate":"2021-10-05 16:29:46.0000000","geometry":"POINT(-73.84066598035554 40.87401171443197)","genusspecies":"Quercus palustris - pin oak"}},{"type":"Feature","geometry":{"type":"Point","coordinates":[-73.97259288563032,40.72478779968998]},"properties":{"tpcondition":"Good","stumpdiameter":"0","riskratingdate":null,"riskrating":null,"objectid":"5107637","globalid":"6D2B57E5-48AB-4234-8273-2DB46473AD11","tpstructure":"Full","plantingspaceglobalid":"6D2B57E5-48AB-4234-8273-2DB46473AD11","createddate":"2017-11-15 11:11:11.0000000","dbh":"19","planteddate":null,"updateddate":null,"geometry":"POINT(-73.97259288563032 40.72478779968998)","genusspecies":"Gleditsia triacanthos var. inermis - Thornless honeylocust"}},{"type":"Feature","geometry":{"type":"Point","coordinates":[-73.91825444171639,40.86919956591229]},"properties":{"tpcondition":"Poor","stumpdiameter":null,"riskratingdate":"2023-09-07 12:38:04.0000000","riskrating":"8","objectid":"5107639","globalid":"FA4E3C5B-3884-4671-95AA-2359F4D8B253","tpstructure":"Full","plantingspaceglobalid":"FA4E3C5B-3884-4671-95AA-2359F4D8B253","createddate":"2017-11-15 11:11:11.0000000","dbh":"25","planteddate":null,"updateddate":"2023-09-07 12:38:04.0000000","geometry":"POINT(-73.91825444171639 40.86919956591229)","genusspecies":"Quercus rubra - northern red oak"}},{"type":"Feature","geometry":{"type":"Point","coordinates":[-73.98459898324016,40.62411101641577]},"properties":{"tpcondition":"Fair","stumpdiameter":"0","riskratingdate":null,"riskrating":null,"objectid":"5107643","globalid":"9663D6F4-F22B-4F7F-B996-B7D11F2253AD","tpstructure":"Full","plantingspaceglobalid":"9663D6F4-F22B-4F7F-B996-B7D11F2253AD","createddate":"2017-11-15 11:11:11.0000000","dbh":"5","planteddate":null,"updateddate":null,"geometry":"POINT(-73.98459898324016 40.62411101641577)","genusspecies":"Quercus palustris - pin oak"}},{"type":"Feature","geometry":{"type":"Point","coordinates":[-73.85677790704871,40.81071075325]},"properties":{"tpcondition":"Good","stumpdiameter":"0","riskratingdate":null,"riskrating":null,"objectid":"5107644","globalid":"CE3F3EBB-7C0C-42F2-9899-7372F5F228A8","tpstructure":"Full","plantingspaceglobalid":"CE3F3EBB-7C0C-42F2-9899-7372F5F228A8","createddate":"2017-11-15 11:11:11.0000000","dbh":"25","planteddate":null,"updateddate":null,"geometry":"POINT(-73.85677790704871 40.81071075325)","genusspecies":"Acer pseudoplatanus - sycamore maple"}},{"type":"Feature","geometry":{"type":"Point","coordinates":[-73.94686183673905,40.75734121450816]},"properties":{"tpcondition":"Good","stumpdiameter":"0","riskratingdate":null,"riskrating":null,"objectid":"5107645","globalid":"84741C94-D464-4A44-A77B-659C4BD57905","tpstructure":"Full","plantingspaceglobalid":"84741C94-D464-4A44-A77B-659C4BD57905","createddate":"2017-11-15 11:11:11.0000000","dbh":"30","planteddate":null,"updateddate":null,"geometry":"POINT(-73.94686183673905 40.75734121450816)","genusspecies":"Platanus x acerifolia - London planetree"}},{"type":"Feature","geometry":{"type":"Point","coordinates":[-73.94464604578387,40.6595877475064]},"properties":{"tpcondition":"Fair","stumpdiameter":"0","riskratingdate":null,"riskrating":null,"objectid":"5107646","globalid":"A81555AE-34DD-4EB8-809F-5C3214C1FF49","tpstructure":"Full","plantingspaceglobalid":"A81555AE-34DD-4EB8-809F-5C3214C1FF49","createddate":"2017-11-15 11:11:11.0000000","dbh":"3","planteddate":null,"updateddate":"2018-11-23 14:20:57.0000000","geometry":"POINT(-73.94464604578387 40.6595877475064)","genusspecies":"Cornus florida - flowering dogwood"}},{"type":"Feature","geometry":{"type":"Point","coordinates":[-73.92168919185626,40.65862922498156]},"properties":{"tpcondition":"Good","stumpdiameter":"0","riskratingdate":null,"riskrating":null,"objectid":"5107648","globalid":"2D3EE526-4372-4DB6-A4AB-1637DE9E029B","tpstructure":"Full","plantingspaceglobalid":"2D3EE526-4372-4DB6-A4AB-1637DE9E029B","createddate":"2017-11-15 11:11:11.0000000","dbh":"25","planteddate":null,"updateddate":null,"geometry":"POINT(-73.92168919185626 40.65862922498156)","genusspecies":"Platanus x acerifolia - London planetree"}},{"type":"Feature","geometry":{"type":"Point","coordinates":[-73.9504965690445,40.829738755654766]},"properties":{"tpcondition":"Good","stumpdiameter":"0","riskratingdate":null,"riskrating":null,"objectid":"5107649","globalid":"C5A6215B-03B9-4379-BB85-0D3B1AFC21B6","tpstructure":"Full","plantingspaceglobalid":"C5A6215B-03B9-4379-BB85-0D3B1AFC21B6","createddate":"2017-11-15 11:11:11.0000000","dbh":"13","planteddate":null,"updateddate":null,"geometry":"POINT(-73.9504965690445 40.829738755654766)","genusspecies":"Tilia americana - American basswood"}},{"type":"Feature","geometry":{"type":"Point","coordinates":[-73.92206971990177,40.829636094872875]},"properties":{"tpcondition":"Good","stumpdiameter":null,"riskratingdate":"2024-05-10 12:43:01.0000000","riskrating":"3","objectid":"5107650","globalid":"F8D5BA1B-669C-4884-808E-F560DED2ACBF","tpstructure":"Full","plantingspaceglobalid":"F8D5BA1B-669C-4884-808E-F560DED2ACBF","createddate":"2017-11-15 11:11:11.0000000","dbh":"6","planteddate":null,"updateddate":"2024-05-10 12:43:01.0000000","geometry":"POINT(-73.92206971990177 40.829636094872875)","genusspecies":"Parrotia persica - Persian ironwood"}},{"type":"Feature","geometry":{"type":"Point","coordinates":[-74.00506411474414,40.71276221867023]},"properties":{"tpcondition":"Dead","stumpdiameter":"0","riskratingdate":null,"riskrating":null,"objectid":"5107651","globalid":"EAD28667-B10B-4E89-A2F9-F1D6C03855D5","tpstructure":"Full","plantingspaceglobalid":"EAD28667-B10B-4E89-A2F9-F1D6C03855D5","createddate":"2017-11-15 11:11:11.0000000","dbh":"4","planteddate":null,"updateddate":"2018-03-27 11:29:26.0000000","geometry":"POINT(-74.00506411474414 40.71276221867023)","genusspecies":"Unknown - Unknown"}},{"type":"Feature","geometry":{"type":"Point","coordinates":[-73.92333970764157,40.81141540481019]},"properties":{"tpcondition":"Good","stumpdiameter":"0","riskratingdate":"2019-10-23 18:06:00.0000000","riskrating":"7","objectid":"5107653","globalid":"F78B85B4-4A6A-4209-9B04-80F5E91EB914","tpstructure":"Full","plantingspaceglobalid":"F78B85B4-4A6A-4209-9B04-80F5E91EB914","createddate":"2017-11-15 11:11:11.0000000","dbh":"21","planteddate":null,"updateddate":"2019-10-23 18:06:00.0000000","geometry":"POINT(-73.92333970764157 40.81141540481019)","genusspecies":"Platanus x acerifolia - London planetree"}},{"type":"Feature","geometry":{"type":"Point","coordinates":[-73.91949496979953,40.88110867806142]},"properties":{"tpcondition":"Good","stumpdiameter":"0","riskratingdate":null,"riskrating":null,"objectid":"5107654","globalid":"80CAF2B9-EFFD-4A49-8098-7C9B0CE32E62","tpstructure":"Full","plantingspaceglobalid":"80CAF2B9-EFFD-4A49-8098-7C9B0CE32E62","createddate":"2017-11-15 11:11:11.0000000","dbh":"14","planteddate":null,"updateddate":null,"geometry":"POINT(-73.91949496979953 40.88110867806142)","genusspecies":"Prunus serotina - black cherry"}},{"type":"Feature","geometry":{"type":"Point","coordinates":[-73.89264599143573,40.652193601673744]},"properties":{"tpcondition":"Good","stumpdiameter":"0","riskratingdate":null,"riskrating":null,"objectid":"5107655","globalid":"93E4E5A4-8B04-41B4-913F-745A9C095E62","tpstructure":"Full","plantingspaceglobalid":"93E4E5A4-8B04-41B4-913F-745A9C095E62","createddate":"2017-11-15 11:11:11.0000000","dbh":"3","planteddate":null,"updateddate":null,"geometry":"POINT(-73.89264599143573 40.652193601673744)","genusspecies":"Juniperus virginiana - eastern redcedar"}},{"type":"Feature","geometry":{"type":"Point","coordinates":[-73.98711045463814,40.74281029834638]},"properties":{"tpcondition":"Good","stumpdiameter":"0","riskratingdate":null,"riskrating":null,"objectid":"5107656","globalid":"19C444D6-70B9-46A0-A9E5-6FA265F00939","tpstructure":"Full","plantingspaceglobalid":"19C444D6-70B9-46A0-A9E5-6FA265F00939","createddate":"2017-11-15 11:11:11.0000000","dbh":"7","planteddate":null,"updateddate":null,"geometry":"POINT(-73.98711045463814 40.74281029834638)","genusspecies":"Crataegus - Hawthorn"}},{"type":"Feature","geometry":{"type":"Point","coordinates":[-74.1185064778885,40.63717819231025]},"properties":{"tpcondition":"Fair","stumpdiameter":null,"riskratingdate":"2023-07-20 17:03:42.0000000","riskrating":"6","objectid":"5107658","globalid":"70A9C72E-2B10-463A-BB1F-02634DEBA2AE","tpstructure":"Full","plantingspaceglobalid":"70A9C72E-2B10-463A-BB1F-02634DEBA2AE","createddate":"2017-11-15 11:11:11.0000000","dbh":"12","planteddate":null,"updateddate":"2023-07-20 17:03:42.0000000","geometry":"POINT(-74.1185064778885 40.63717819231025)","genusspecies":"Pinus strobus - eastern white pine"}},{"type":"Feature","geometry":{"type":"Point","coordinates":[-73.9044501211601,40.85245917080398]},"properties":{"tpcondition":"Good","stumpdiameter":null,"riskratingdate":"2024-09-11 13:57:41.0000000","riskrating":"3","objectid":"5107659","globalid":"C871CC52-9080-4A5D-A303-019B33AE0D7C","tpstructure":"Full","plantingspaceglobalid":"C871CC52-9080-4A5D-A303-019B33AE0D7C","createddate":"2017-11-15 11:11:11.0000000","dbh":"4","planteddate":null,"updateddate":"2024-09-11 13:57:41.0000000","geometry":"POINT(-73.9044501211601 40.85245917080398)","genusspecies":"Platanus x acerifolia - London planetree"}},{"type":"Feature","geometry":{"type":"Point","coordinates":[-74.00032736034474,40.59711166578706]},"properties":{"tpcondition":"Good","stumpdiameter":"0","riskratingdate":null,"riskrating":null,"objectid":"5107661","globalid":"20A3F4A8-ED2F-4520-9E4E-ED1CC6ECA9E1","tpstructure":"Full","plantingspaceglobalid":"20A3F4A8-ED2F-4520-9E4E-ED1CC6ECA9E1","createddate":"2017-11-15 11:11:11.0000000","dbh":"2","planteddate":null,"updateddate":null,"geometry":"POINT(-74.00032736034474 40.59711166578706)","genusspecies":"Cercis canadensis - eastern redbud"}},{"type":"Feature","geometry":{"type":"Point","coordinates":[-73.94941860583431,40.83141991107508]},"properties":{"tpcondition":"Good","stumpdiameter":null,"riskratingdate":"2022-05-11 14:29:59.0000000","riskrating":"5","objectid":"5107662","globalid":"DA826752-2A4F-47CF-85FA-BE49FEE94316","tpstructure":"Full","plantingspaceglobalid":"DA826752-2A4F-47CF-85FA-BE49FEE94316","createddate":"2017-11-15 11:11:11.0000000","dbh":"5","planteddate":null,"updateddate":"2022-05-11 14:29:59.0000000","geometry":"POINT(-73.94941860583431 40.83141991107508)","genusspecies":"Crataegus - Hawthorn"}},{"type":"Feature","geometry":{"type":"Point","coordinates":[-73.95096998754033,40.8315275093735]},"properties":{"tpcondition":"Good","stumpdiameter":"0","riskratingdate":null,"riskrating":null,"objectid":"5107663","globalid":"BD64B62F-714E-41AE-8151-A4B926FDE114","tpstructure":"Full","plantingspaceglobalid":"BD64B62F-714E-41AE-8151-A4B926FDE114","createddate":"2017-11-15 11:11:11.0000000","dbh":"16","planteddate":null,"updateddate":null,"geometry":"POINT(-73.95096998754033 40.8315275093735)","genusspecies":"Liquidambar styraciflua - sweetgum"}},{"type":"Feature","geometry":{"type":"Point","coordinates":[-73.89229662000479,40.65116823357445]},"properties":{"tpcondition":"Fair","stumpdiameter":"0","riskratingdate":null,"riskrating":null,"objectid":"5107665","globalid":"E77FCE55-2B89-4B0C-982B-862F02AA3369","tpstructure":"Full","plantingspaceglobalid":"E77FCE55-2B89-4B0C-982B-862F02AA3369","createddate":"2017-11-15 11:11:11.0000000","dbh":"3","planteddate":null,"updateddate":null,"geometry":"POINT(-73.89229662000479 40.65116823357445)","genusspecies":"Crataegus - Hawthorn"}},{"type":"Feature","geometry":{"type":"Point","coordinates":[-73.94159284452587,40.84729719939454]},"properties":{"tpcondition":"Fair","stumpdiameter":null,"riskratingdate":"2024-11-20 21:11:42.0000000","riskrating":"6","objectid":"5107666","globalid":"5B437F19-C226-4795-81F0-5BF3870F2CC4","tpstructure":"Full","plantingspaceglobalid":"5B437F19-C226-4795-81F0-5BF3870F2CC4","createddate":"2017-11-15 11:11:11.0000000","dbh":"8","planteddate":null,"updateddate":"2024-11-20 21:11:42.0000000","geometry":"POINT(-73.94159284452587 40.84729719939454)","genusspecies":"Gleditsia triacanthos var. inermis - Thornless honeylocust"}},{"type":"Feature","geometry":{"type":"Point","coordinates":[-73.90597219671355,40.86322813411873]},"properties":{"tpcondition":"Good","stumpdiameter":"0","riskratingdate":"2019-10-18 18:43:08.0000000","riskrating":"3","objectid":"5107667","globalid":"A977068A-B243-4EAE-AFFD-4978DA61992F","tpstructure":"Full","plantingspaceglobalid":"A977068A-B243-4EAE-AFFD-4978DA61992F","createddate":"2017-11-15 11:11:11.0000000","dbh":"9","planteddate":null,"updateddate":"2019-10-18 18:43:08.0000000","geometry":"POINT(-73.90597219671355 40.86322813411873)","genusspecies":"Quercus palustris - pin oak"}},{"type":"Feature","geometry":{"type":"Point","coordinates":[-73.94980307140433,40.75625589812464]},"properties":{"tpcondition":"Good","stumpdiameter":"0","riskratingdate":null,"riskrating":null,"objectid":"5107668","globalid":"540EB448-3474-4081-8FDF-3DFCE3215E6F","tpstructure":"Full","plantingspaceglobalid":"540EB448-3474-4081-8FDF-3DFCE3215E6F","createddate":"2017-11-15 11:11:11.0000000","dbh":"2","planteddate":null,"updateddate":null,"geometry":"POINT(-73.94980307140433 40.75625589812464)","genusspecies":"Unknown - Unknown"}},{"type":"Feature","geometry":{"type":"Point","coordinates":[-73.92324422893866,40.828409822845344]},"properties":{"tpcondition":"Good","stumpdiameter":null,"riskratingdate":"2024-05-03 13:17:51.0000000","riskrating":"6","objectid":"5107669","globalid":"9232FCFD-EB93-401E-903D-2F90C4E7D62F","tpstructure":"Full","plantingspaceglobalid":"9232FCFD-EB93-401E-903D-2F90C4E7D62F","createddate":"2017-11-15 11:11:11.0000000","dbh":"10","planteddate":null,"updateddate":"2024-05-03 13:17:51.0000000","geometry":"POINT(-73.92324422893866 40.828409822845344)","genusspecies":"Ulmus parvifolia - Chinese elm"}},{"type":"Feature","geometry":{"type":"Point","coordinates":[-73.92240595166024,40.85718307125281]},"properties":{"tpcondition":"Good","stumpdiameter":"0","riskratingdate":null,"riskrating":null,"objectid":"5107670","globalid":"75153069-30EA-4781-84F4-1FC326A20167","tpstructure":"Full","plantingspaceglobalid":"75153069-30EA-4781-84F4-1FC326A20167","createddate":"2017-11-15 11:11:11.0000000","dbh":"7","planteddate":null,"updateddate":null,"geometry":"POINT(-73.92240595166024 40.85718307125281)","genusspecies":"Quercus alba - white oak"}},{"type":"Feature","geometry":{"type":"Point","coordinates":[-73.93327267863745,40.63701045612766]},"properties":{"tpcondition":"Poor","stumpdiameter":"30","riskratingdate":null,"riskrating":null,"objectid":"5107671","globalid":"3B3A9FDC-7AC6-4C53-B562-D97868C5BEB7","tpstructure":"Retired","plantingspaceglobalid":"3B3A9FDC-7AC6-4C53-B562-D97868C5BEB7","createddate":"2017-11-15 11:11:00.0000000","dbh":"30","planteddate":null,"updateddate":"2023-07-06 19:00:00.0000000","geometry":"POINT(-73.93327267863745 40.63701045612766)","genusspecies":"Robinia pseudoacacia - black locust"}},{"type":"Feature","geometry":{"type":"Point","coordinates":[-73.95633127404083,40.708854020922864]},"properties":{"tpcondition":"Good","stumpdiameter":"0","riskratingdate":null,"riskrating":null,"objectid":"5107672","globalid":"5611C3EC-3D11-46C9-9866-CD21FF671D19","tpstructure":"Full","plantingspaceglobalid":"5611C3EC-3D11-46C9-9866-CD21FF671D19","createddate":"2017-11-15 11:11:11.0000000","dbh":"5","planteddate":null,"updateddate":null,"geometry":"POINT(-73.95633127404083 40.708854020922864)","genusspecies":"Malus - apple"}},{"type":"Feature","geometry":{"type":"Point","coordinates":[-73.94818459572129,40.75781796116857]},"properties":{"tpcondition":"Good","stumpdiameter":null,"riskratingdate":"2023-07-07 15:48:20.0000000","riskrating":"4","objectid":"5107673","globalid":"064F89C2-F86A-4564-8EEA-BF5B7B545589","tpstructure":"Full","plantingspaceglobalid":"064F89C2-F86A-4564-8EEA-BF5B7B545589","createddate":"2017-11-15 11:11:00.0000000","dbh":"22","planteddate":null,"updateddate":"2023-07-07 15:48:20.0000000","geometry":"POINT(-73.94818459572129 40.75781796116857)","genusspecies":"Ostrya virginiana - hophornbeam"}},{"type":"Feature","geometry":{"type":"Point","coordinates":[-74.00611521484839,40.71367755477832]},"properties":{"tpcondition":"Good","stumpdiameter":"0","riskratingdate":null,"riskrating":null,"objectid":"5107674","globalid":"664507BE-2A39-4609-A97D-4DD110041321","tpstructure":"Full","plantingspaceglobalid":"664507BE-2A39-4609-A97D-4DD110041321","createddate":"2017-11-15 11:11:11.0000000","dbh":"9","planteddate":null,"updateddate":"2018-03-28 10:56:31.0000000","geometry":"POINT(-74.00611521484839 40.71367755477832)","genusspecies":"Acer - maple"}},{"type":"Feature","geometry":{"type":"Point","coordinates":[-73.90615081212886,40.74552063966268]},"properties":{"tpcondition":"Good","stumpdiameter":null,"riskratingdate":"2022-03-16 12:29:22.0000000","riskrating":"5","objectid":"5107675","globalid":"33795B87-E7DF-460B-AEEC-3E2FE6F8F82D","tpstructure":"Full","plantingspaceglobalid":"33795B87-E7DF-460B-AEEC-3E2FE6F8F82D","createddate":"2017-11-15 11:11:11.0000000","dbh":"9","planteddate":null,"updateddate":"2022-03-16 12:29:22.0000000","geometry":"POINT(-73.90615081212886 40.74552063966268)","genusspecies":"Styphnolobium japonicum - Japanese pagoda tree"}},{"type":"Feature","geometry":{"type":"Point","coordinates":[-74.01489550208277,40.702664070063065]},"properties":{"tpcondition":"Good","stumpdiameter":"0","riskratingdate":null,"riskrating":null,"objectid":"5107676","globalid":"41EF87E8-40C1-4EAE-9A6D-367A2D0B5BE8","tpstructure":"Full","plantingspaceglobalid":"41EF87E8-40C1-4EAE-9A6D-367A2D0B5BE8","createddate":"2017-11-15 11:11:11.0000000","dbh":"34","planteddate":null,"updateddate":null,"geometry":"POINT(-74.01489550208277 40.702664070063065)","genusspecies":"Platanus x acerifolia - London planetree"}},{"type":"Feature","geometry":{"type":"Point","coordinates":[-73.91739811295034,40.88057359658662]},"properties":{"tpcondition":"Good","stumpdiameter":null,"riskratingdate":"2024-08-12 13:55:10.0000000","riskrating":"7","objectid":"5107677","globalid":"B1DA592F-2603-44AF-A445-28EABEDF7768","tpstructure":"Full","plantingspaceglobalid":"B1DA592F-2603-44AF-A445-28EABEDF7768","createddate":"2017-11-15 11:11:11.0000000","dbh":"33","planteddate":null,"updateddate":"2024-08-12 13:55:10.0000000","geometry":"POINT(-73.91739811295034 40.88057359658662)","genusspecies":"Quercus rubra - northern red oak"}},{"type":"Feature","geometry":{"type":"Point","coordinates":[-73.93618700118921,40.81949911680083]},"properties":{"tpcondition":"Unknown","stumpdiameter":"42","riskratingdate":null,"riskrating":null,"objectid":"5107678","globalid":"3CD17869-B65A-48D3-B099-1E864C0CFF47","tpstructure":"Retired","plantingspaceglobalid":"3CD17869-B65A-48D3-B099-1E864C0CFF47","createddate":"2017-11-15 11:11:11.0000000","dbh":"0","planteddate":null,"updateddate":"2018-04-27 10:53:54.0000000","geometry":"POINT(-73.93618700118921 40.81949911680083)","genusspecies":"Unknown - Unknown"}},{"type":"Feature","geometry":{"type":"Point","coordinates":[-73.91922789038317,40.8708703551968]},"properties":{"tpcondition":"Fair","stumpdiameter":null,"riskratingdate":"2025-04-17 15:55:02.0000000","riskrating":"7","objectid":"5107679","globalid":"9F22E016-7F12-4305-89A7-180812425981","tpstructure":"Full","plantingspaceglobalid":"9F22E016-7F12-4305-89A7-180812425981","createddate":"2017-11-15 11:11:11.0000000","dbh":"29","planteddate":null,"updateddate":"2025-04-17 15:55:02.0000000","geometry":"POINT(-73.91922789038317 40.8708703551968)","genusspecies":"Morus - mulberry"}},{"type":"Feature","geometry":{"type":"Point","coordinates":[-73.92335205875196,40.84566587608583]},"properties":{"tpcondition":"Fair","stumpdiameter":null,"riskratingdate":"2025-01-14 19:17:40.0000000","riskrating":"8","objectid":"5107680","globalid":"46D2923A-35BC-4D91-84A6-EE0BA20AD1BA","tpstructure":"Full","plantingspaceglobalid":"46D2923A-35BC-4D91-84A6-EE0BA20AD1BA","createddate":"2017-11-15 11:11:11.0000000","dbh":"24","planteddate":null,"updateddate":"2025-01-14 19:17:40.0000000","geometry":"POINT(-73.92335205875196 40.84566587608583)","genusspecies":"Quercus rubra - northern red oak"}},{"type":"Feature","geometry":{"type":"Point","coordinates":[-73.93510142764845,40.793289600857335]},"properties":{"tpcondition":"Fair","stumpdiameter":null,"riskratingdate":"2025-07-02 11:42:45.0000000","riskrating":"6","objectid":"5107681","globalid":"2F34BBA2-5329-465C-9E31-D22CA4D3EA89","tpstructure":"Full","plantingspaceglobalid":"2F34BBA2-5329-465C-9E31-D22CA4D3EA89","createddate":"2017-11-15 11:11:11.0000000","dbh":"8","planteddate":null,"updateddate":"2025-07-02 11:42:45.0000000","geometry":"POINT(-73.93510142764845 40.793289600857335)","genusspecies":"Prunus cerasifera - cherry plum"}},{"type":"Feature","geometry":{"type":"Point","coordinates":[-73.92350077990963,40.83386394707739]},"properties":{"tpcondition":"Good","stumpdiameter":"0","riskratingdate":null,"riskrating":null,"objectid":"5107682","globalid":"A2695A4F-E0E2-4FBE-B63F-CFB6C3537C01","tpstructure":"Full","plantingspaceglobalid":"A2695A4F-E0E2-4FBE-B63F-CFB6C3537C01","createddate":"2017-11-15 11:11:11.0000000","dbh":"3","planteddate":null,"updateddate":null,"geometry":"POINT(-73.92350077990963 40.83386394707739)","genusspecies":"Thuja occidentalis - arborvitae"}},{"type":"Feature","geometry":{"type":"Point","coordinates":[-74.01680392892831,40.70299286461075]},"properties":{"tpcondition":"Good","stumpdiameter":"0","riskratingdate":null,"riskrating":null,"objectid":"5107683","globalid":"EE4E31EF-A2AE-4E59-9E73-9ABC0C25345C","tpstructure":"Full","plantingspaceglobalid":"EE4E31EF-A2AE-4E59-9E73-9ABC0C25345C","createddate":"2017-11-15 11:11:11.0000000","dbh":"2","planteddate":null,"updateddate":null,"geometry":"POINT(-74.01680392892831 40.70299286461075)","genusspecies":"Quercus bicolor - swamp white oak"}},{"type":"Feature","geometry":{"type":"Point","coordinates":[-73.93629923263498,40.793817341377476]},"properties":{"tpcondition":"Fair","stumpdiameter":null,"riskratingdate":"2025-07-02 13:38:52.0000000","riskrating":"6","objectid":"5107684","globalid":"C2534B62-6007-4D50-997F-9882773824BB","tpstructure":"Full","plantingspaceglobalid":"C2534B62-6007-4D50-997F-9882773824BB","createddate":"2017-11-15 11:11:11.0000000","dbh":"22","planteddate":null,"updateddate":"2025-07-02 13:38:52.0000000","geometry":"POINT(-73.93629923263498 40.793817341377476)","genusspecies":"Platanus x acerifolia - London planetree"}},{"type":"Feature","geometry":{"type":"Point","coordinates":[-73.84668880388281,40.78548636095102]},"properties":{"tpcondition":"Fair","stumpdiameter":null,"riskratingdate":"2024-07-13 11:48:00.0000000","riskrating":"6","objectid":"5107685","globalid":"63B318C2-A542-4ACD-86E6-937FEF7BE847","tpstructure":"Full","plantingspaceglobalid":"63B318C2-A542-4ACD-86E6-937FEF7BE847","createddate":"2017-11-15 11:11:11.0000000","dbh":"6","planteddate":null,"updateddate":"2024-07-13 11:48:00.0000000","geometry":"POINT(-73.84668880388281 40.78548636095102)","genusspecies":"Acer pseudoplatanus - sycamore maple"}},{"type":"Feature","geometry":{"type":"Point","coordinates":[-73.98145704448598,40.68696041776397]},"properties":{"tpcondition":"Dead","stumpdiameter":"0","riskratingdate":"2019-04-24 13:06:00.0000000","riskrating":"10","objectid":"5107689","globalid":"F32C39C2-EEC7-41E1-9EAC-EB8DA5B13B08","tpstructure":"Stump","plantingspaceglobalid":"F32C39C2-EEC7-41E1-9EAC-EB8DA5B13B08","createddate":"2017-11-15 11:11:00.0000000","dbh":"9","planteddate":null,"updateddate":"2019-04-25 19:15:00.0000000","geometry":"POINT(-73.98145704448598 40.68696041776397)","genusspecies":"Pyrus calleryana - Callery pear"}},{"type":"Feature","geometry":{"type":"Point","coordinates":[-73.80523862133096,40.70413295575358]},"properties":{"tpcondition":"Dead","stumpdiameter":"0","riskratingdate":null,"riskrating":null,"objectid":"5107690","globalid":"E2415708-0339-4C0F-B474-E57449945ED8","tpstructure":"Full","plantingspaceglobalid":"E2415708-0339-4C0F-B474-E57449945ED8","createddate":"2017-11-15 11:11:11.0000000","dbh":"2","planteddate":null,"updateddate":"2022-10-26 15:38:53.0000000","geometry":"POINT(-73.80523862133096 40.70413295575358)","genusspecies":"Acer rubrum - red maple"}},{"type":"Feature","geometry":{"type":"Point","coordinates":[-73.98122082844175,40.68680237843447]},"properties":{"tpcondition":"Good","stumpdiameter":"0","riskratingdate":null,"riskrating":null,"objectid":"5107691","globalid":"6A61ECEB-07CA-4ADB-AE81-D54497C1808D","tpstructure":"Full","plantingspaceglobalid":"6A61ECEB-07CA-4ADB-AE81-D54497C1808D","createddate":"2017-11-15 11:11:11.0000000","dbh":"2","planteddate":null,"updateddate":null,"geometry":"POINT(-73.98122082844175 40.68680237843447)","genusspecies":"Cedrus atlantica - Atlas cedar"}},{"type":"Feature","geometry":{"type":"Point","coordinates":[-73.90531408966066,40.890010005397414]},"properties":{"tpcondition":"Good","stumpdiameter":"0","riskratingdate":null,"riskrating":null,"objectid":"5107693","globalid":"18C6F28B-5F30-475E-A9C6-B9C965E1BAB2","tpstructure":"Full","plantingspaceglobalid":"18C6F28B-5F30-475E-A9C6-B9C965E1BAB2","createddate":"2017-11-15 11:11:11.0000000","dbh":"7","planteddate":null,"updateddate":"2019-07-16 14:30:01.0000000","geometry":"POINT(-73.90531408966066 40.890010005397414)","genusspecies":"Carya cordiformis - bitternut hickory"}},{"type":"Feature","geometry":{"type":"Point","coordinates":[-73.823109797266,40.78483370389019]},"properties":{"tpcondition":"Good","stumpdiameter":"0","riskratingdate":null,"riskrating":null,"objectid":"5107694","globalid":"E6DA6FEB-CD40-4932-90E3-B4B623BE876B","tpstructure":"Retired","plantingspaceglobalid":"E6DA6FEB-CD40-4932-90E3-B4B623BE876B","createddate":"2017-11-15 11:11:11.0000000","dbh":"25","planteddate":null,"updateddate":"2025-10-22 18:21:38.0000000","geometry":"POINT(-73.823109797266 40.78483370389019)","genusspecies":"Platanus x acerifolia - London planetree"}},{"type":"Feature","geometry":{"type":"Point","coordinates":[-73.90585440683769,40.90144559156372]},"properties":{"tpcondition":"Good","stumpdiameter":"0","riskratingdate":null,"riskrating":null,"objectid":"5107695","globalid":"FF580321-0146-4C64-9614-8D9E1E8DF9DD","tpstructure":"Full","plantingspaceglobalid":"FF580321-0146-4C64-9614-8D9E1E8DF9DD","createddate":"2017-11-15 11:11:11.0000000","dbh":"4","planteddate":null,"updateddate":null,"geometry":"POINT(-73.90585440683769 40.90144559156372)","genusspecies":"Quercus rubra - northern red oak"}},{"type":"Feature","geometry":{"type":"Point","coordinates":[-73.92084656180052,40.87499703222798]},"properties":{"tpcondition":"Good","stumpdiameter":"0","riskratingdate":null,"riskrating":null,"objectid":"5107696","globalid":"5E196090-0821-49B5-9AE0-7F342CBC8A1B","tpstructure":"Full","plantingspaceglobalid":"5E196090-0821-49B5-9AE0-7F342CBC8A1B","createddate":"2017-11-15 11:11:11.0000000","dbh":"25","planteddate":null,"updateddate":null,"geometry":"POINT(-73.92084656180052 40.87499703222798)","genusspecies":"Platanus x acerifolia - London planetree"}},{"type":"Feature","geometry":{"type":"Point","coordinates":[-73.83990907505138,40.874253389595914]},"properties":{"tpcondition":"Good","stumpdiameter":"0","riskratingdate":null,"riskrating":null,"objectid":"5107697","globalid":"010F0F81-46BB-40B1-AB32-4A748BD58D97","tpstructure":"Full","plantingspaceglobalid":"010F0F81-46BB-40B1-AB32-4A748BD58D97","createddate":"2017-11-15 11:11:11.0000000","dbh":"25","planteddate":null,"updateddate":null,"geometry":"POINT(-73.83990907505138 40.874253389595914)","genusspecies":"Robinia pseudoacacia - black locust"}},{"type":"Feature","geometry":{"type":"Point","coordinates":[-73.92029199020322,40.869299360671235]},"properties":{"tpcondition":"Unknown","stumpdiameter":"18","riskratingdate":null,"riskrating":null,"objectid":"5107698","globalid":"18995CDE-1681-48EB-99C8-44FF27C4BF29","tpstructure":"Stump","plantingspaceglobalid":"18995CDE-1681-48EB-99C8-44FF27C4BF29","createddate":"2017-11-15 11:11:11.0000000","dbh":"0","planteddate":null,"updateddate":null,"geometry":"POINT(-73.92029199020322 40.869299360671235)","genusspecies":"Unknown - Unknown"}},{"type":"Feature","geometry":{"type":"Point","coordinates":[-73.93943877773911,40.59793697968129]},"properties":{"tpcondition":"Fair","stumpdiameter":"0","riskratingdate":"2018-11-12 12:10:00.0000000","riskrating":"8","objectid":"5107700","globalid":"93621279-52D7-446A-9D1F-BE1BF2C97972","tpstructure":"Full","plantingspaceglobalid":"93621279-52D7-446A-9D1F-BE1BF2C97972","createddate":"2017-11-15 11:11:11.0000000","dbh":"24","planteddate":null,"updateddate":"2019-02-20 14:20:39.0000000","geometry":"POINT(-73.93943877773911 40.59793697968129)","genusspecies":"Platanus x acerifolia - London planetree"}},{"type":"Feature","geometry":{"type":"Point","coordinates":[-73.93636893089877,40.793116588424226]},"properties":{"tpcondition":"Fair","stumpdiameter":null,"riskratingdate":"2025-07-08 13:28:34.0000000","riskrating":"5","objectid":"5107701","globalid":"324CD7A0-C9CE-4777-A135-7D392E80FAC1","tpstructure":"Full","plantingspaceglobalid":"324CD7A0-C9CE-4777-A135-7D392E80FAC1","createddate":"2017-11-15 11:11:11.0000000","dbh":"8","planteddate":null,"updateddate":"2025-07-08 13:28:34.0000000","geometry":"POINT(-73.93636893089877 40.793116588424226)","genusspecies":"Prunus cerasifera - cherry plum"}},{"type":"Feature","geometry":{"type":"Point","coordinates":[-73.88406998172198,40.84615629631372]},"properties":{"tpcondition":"Dead","stumpdiameter":"7","riskratingdate":"2022-02-06 06:41:00.0000000","riskrating":"5","objectid":"5107702","globalid":"98AC4672-AF0F-4C03-AE38-692B7187F0C0","tpstructure":"Retired","plantingspaceglobalid":"98AC4672-AF0F-4C03-AE38-692B7187F0C0","createddate":"2017-11-15 11:11:00.0000000","dbh":"0","planteddate":null,"updateddate":"2022-03-04 18:41:00.0000000","geometry":"POINT(-73.88406998172198 40.84615629631372)","genusspecies":"Unknown - Unknown"}},{"type":"Feature","geometry":{"type":"Point","coordinates":[-73.80748812231585,40.66758763560869]},"properties":{"tpcondition":"Good","stumpdiameter":"0","riskratingdate":null,"riskrating":null,"objectid":"5107705","globalid":"88D15B60-B04F-4172-BFEE-53F5EEF7E5AC","tpstructure":"Full","plantingspaceglobalid":"88D15B60-B04F-4172-BFEE-53F5EEF7E5AC","createddate":"2017-11-15 11:11:11.0000000","dbh":"10","planteddate":null,"updateddate":null,"geometry":"POINT(-73.80748812231585 40.66758763560869)","genusspecies":"Pyrus calleryana - Callery pear"}},{"type":"Feature","geometry":{"type":"Point","coordinates":[-73.89359822411237,40.654034301499166]},"properties":{"tpcondition":"Good","stumpdiameter":"0","riskratingdate":null,"riskrating":null,"objectid":"5107706","globalid":"5773137F-79E1-4D33-AD97-4B3FF6E9B1A7","tpstructure":"Full","plantingspaceglobalid":"5773137F-79E1-4D33-AD97-4B3FF6E9B1A7","createddate":"2017-11-15 11:11:11.0000000","dbh":"6","planteddate":null,"updateddate":null,"geometry":"POINT(-73.89359822411237 40.654034301499166)","genusspecies":"Platanus x acerifolia - London planetree"}},{"type":"Feature","geometry":{"type":"Point","coordinates":[-73.81590696380594,40.77522087180155]},"properties":{"tpcondition":"Good","stumpdiameter":"0","riskratingdate":null,"riskrating":null,"objectid":"5107707","globalid":"65A95C25-6125-464C-9255-41B20D1F11F9","tpstructure":"Retired","plantingspaceglobalid":"65A95C25-6125-464C-9255-41B20D1F11F9","createddate":"2017-11-15 11:11:11.0000000","dbh":"2","planteddate":null,"updateddate":"2023-12-20 18:42:46.0000000","geometry":"POINT(-73.81590696380594 40.77522087180155)","genusspecies":"Quercus palustris - pin oak"}},{"type":"Feature","geometry":{"type":"Point","coordinates":[-73.74988261822318,40.594922645084516]},"properties":{"tpcondition":"Good","stumpdiameter":"0","riskratingdate":null,"riskrating":null,"objectid":"5107709","globalid":"09E9FB6E-4771-42AA-A41D-9C7EC6C4510C","tpstructure":"Full","plantingspaceglobalid":"09E9FB6E-4771-42AA-A41D-9C7EC6C4510C","createddate":"2017-11-15 11:11:11.0000000","dbh":"4","planteddate":null,"updateddate":null,"geometry":"POINT(-73.74988261822318 40.594922645084516)","genusspecies":"Celtis occidentalis - common hackberry"}},{"type":"Feature","geometry":{"type":"Point","coordinates":[-73.91651476950659,40.785310185807695]},"properties":{"tpcondition":"Good","stumpdiameter":"0","riskratingdate":null,"riskrating":null,"objectid":"5107710","globalid":"B24ACE0A-16A4-40FC-8EE0-8F821979367F","tpstructure":"Full","plantingspaceglobalid":"B24ACE0A-16A4-40FC-8EE0-8F821979367F","createddate":"2017-11-15 11:11:11.0000000","dbh":"18","planteddate":null,"updateddate":null,"geometry":"POINT(-73.91651476950659 40.785310185807695)","genusspecies":"Tilia cordata - littleleaf linden"}},{"type":"Feature","geometry":{"type":"Point","coordinates":[-73.98754033066643,40.74245562323764]},"properties":{"tpcondition":"Good","stumpdiameter":"0","riskratingdate":null,"riskrating":null,"objectid":"5107711","globalid":"6E578204-51A8-4D14-A091-63CAE7AA8B2E","tpstructure":"Full","plantingspaceglobalid":"6E578204-51A8-4D14-A091-63CAE7AA8B2E","createddate":"2017-11-15 11:11:11.0000000","dbh":"14","planteddate":null,"updateddate":null,"geometry":"POINT(-73.98754033066643 40.74245562323764)","genusspecies":"Ulmus pumila - Siberian elm"}},{"type":"Feature","geometry":{"type":"Point","coordinates":[-73.96360301089899,40.71343399782089]},"properties":{"tpcondition":"Good","stumpdiameter":null,"riskratingdate":"2025-04-17 18:11:47.0000000","riskrating":"7","objectid":"5107712","globalid":"0E86752E-A6A4-491C-9356-620DC0D824D0","tpstructure":"Full","plantingspaceglobalid":"0E86752E-A6A4-491C-9356-620DC0D824D0","createddate":"2017-11-15 11:11:00.0000000","dbh":"18","planteddate":null,"updateddate":"2025-04-17 18:11:47.0000000","geometry":"POINT(-73.96360301089899 40.71343399782089)","genusspecies":"Acer rubrum - red maple"}},{"type":"Feature","geometry":{"type":"Point","coordinates":[-73.91177920396353,40.66456100912603]},"properties":{"tpcondition":"Fair","stumpdiameter":"0","riskratingdate":null,"riskrating":null,"objectid":"5107713","globalid":"53D97A5B-ECE9-4B1A-AA3B-57A9E5176266","tpstructure":"Full","plantingspaceglobalid":"53D97A5B-ECE9-4B1A-AA3B-57A9E5176266","createddate":"2017-11-15 11:11:11.0000000","dbh":"25","planteddate":null,"updateddate":null,"geometry":"POINT(-73.91177920396353 40.66456100912603)","genusspecies":"Platanus x acerifolia - London planetree"}},{"type":"Feature","geometry":{"type":"Point","coordinates":[-73.80450034035347,40.59038632216587]},"properties":{"tpcondition":"Good","stumpdiameter":"0","riskratingdate":null,"riskrating":null,"objectid":"5107714","globalid":"5AE99D2B-E2B6-4423-B0FD-4F908BBD3C19","tpstructure":"Full","plantingspaceglobalid":"5AE99D2B-E2B6-4423-B0FD-4F908BBD3C19","createddate":"2017-11-15 11:11:11.0000000","dbh":"5","planteddate":null,"updateddate":null,"geometry":"POINT(-73.80450034035347 40.59038632216587)","genusspecies":"Liriodendron tulipifera - tuliptree"}},{"type":"Feature","geometry":{"type":"Point","coordinates":[-73.80453602683617,40.70292503611118]},"properties":{"tpcondition":"Fair","stumpdiameter":"0","riskratingdate":"2018-07-31 14:33:01.0000000","riskrating":"3","objectid":"5107715","globalid":"4AF59C93-5C99-464B-81F1-4954C0FA5CC5","tpstructure":"Full","plantingspaceglobalid":"4AF59C93-5C99-464B-81F1-4954C0FA5CC5","createddate":"2017-11-15 11:11:11.0000000","dbh":"22","planteddate":null,"updateddate":"2018-07-31 18:33:02.0000000","geometry":"POINT(-73.80453602683617 40.70292503611118)","genusspecies":"Quercus palustris - pin oak"}},{"type":"Feature","geometry":{"type":"Point","coordinates":[-73.9220661604356,40.85739451876624]},"properties":{"tpcondition":"Good","stumpdiameter":"0","riskratingdate":null,"riskrating":null,"objectid":"5107716","globalid":"B06BF018-CEEC-4602-ABB6-1E173BAD89CE","tpstructure":"Full","plantingspaceglobalid":"B06BF018-CEEC-4602-ABB6-1E173BAD89CE","createddate":"2017-11-15 11:11:11.0000000","dbh":"9","planteddate":null,"updateddate":null,"geometry":"POINT(-73.9220661604356 40.85739451876624)","genusspecies":"Quercus alba - white oak"}},{"type":"Feature","geometry":{"type":"Point","coordinates":[-73.95613839428077,40.70919296933714]},"properties":{"tpcondition":"Good","stumpdiameter":"0","riskratingdate":null,"riskrating":null,"objectid":"5107717","globalid":"0D25D08E-7BEF-4FF5-877B-1C8ECCCAB087","tpstructure":"Full","plantingspaceglobalid":"0D25D08E-7BEF-4FF5-877B-1C8ECCCAB087","createddate":"2017-11-15 11:11:11.0000000","dbh":"4","planteddate":null,"updateddate":null,"geometry":"POINT(-73.95613839428077 40.70919296933714)","genusspecies":"Malus - apple"}},{"type":"Feature","geometry":{"type":"Point","coordinates":[-73.97906571245655,40.71057190874978]},"properties":{"tpcondition":"Dead","stumpdiameter":"0","riskratingdate":null,"riskrating":null,"objectid":"5107718","globalid":"7A5964DD-DA82-4379-AF8F-106467EEE926","tpstructure":"Retired","plantingspaceglobalid":"7A5964DD-DA82-4379-AF8F-106467EEE926","createddate":"2017-11-15 11:11:11.0000000","dbh":"18","planteddate":null,"updateddate":"2024-10-22 19:48:18.0000000","geometry":"POINT(-73.97906571245655 40.71057190874978)","genusspecies":"Liquidambar styraciflua - sweetgum"}},{"type":"Feature","geometry":{"type":"Point","coordinates":[-73.9227971209378,40.74103560884384]},"properties":{"tpcondition":"Good","stumpdiameter":"0","riskratingdate":"2018-12-26 09:42:59.0000000","riskrating":"3","objectid":"5107719","globalid":"D423CE42-F7B4-4080-9FF0-D565A79E0D8B","tpstructure":"Full","plantingspaceglobalid":"D423CE42-F7B4-4080-9FF0-D565A79E0D8B","createddate":"2017-11-15 11:11:11.0000000","dbh":"14","planteddate":null,"updateddate":"2018-12-26 14:43:01.0000000","geometry":"POINT(-73.9227971209378 40.74103560884384)","genusspecies":"Platanus x acerifolia - London planetree"}},{"type":"Feature","geometry":{"type":"Point","coordinates":[-73.97835218323985,40.71220698953329]},"properties":{"tpcondition":"Good","stumpdiameter":"0","riskratingdate":null,"riskrating":null,"objectid":"5107720","globalid":"45A6D483-5853-4325-B5FE-B1EBF5D6CDDC","tpstructure":"Full","plantingspaceglobalid":"45A6D483-5853-4325-B5FE-B1EBF5D6CDDC","createddate":"2017-11-15 11:11:11.0000000","dbh":"1","planteddate":null,"updateddate":null,"geometry":"POINT(-73.97835218323985 40.71220698953329)","genusspecies":"Pinus - pine"}},{"type":"Feature","geometry":{"type":"Point","coordinates":[-73.8226897000067,40.78340029921337]},"properties":{"tpcondition":"Good","stumpdiameter":null,"riskratingdate":"2025-10-16 16:34:24.0000000","riskrating":"6","objectid":"5107721","globalid":"D8802CA0-6B24-4B05-9EDD-8A6A6FAADC74","tpstructure":"Full","plantingspaceglobalid":"D8802CA0-6B24-4B05-9EDD-8A6A6FAADC74","createddate":"2017-11-15 11:11:11.0000000","dbh":"11","planteddate":null,"updateddate":"2025-10-16 16:34:24.0000000","geometry":"POINT(-73.8226897000067 40.78340029921337)","genusspecies":"Acer rubrum - red maple"}},{"type":"Feature","geometry":{"type":"Point","coordinates":[-73.92240865016996,40.828115683198455]},"properties":{"tpcondition":"Dead","stumpdiameter":"4","riskratingdate":"2021-09-16 15:52:42.0000000","riskrating":"5","objectid":"5107724","globalid":"2B00777A-762A-4BE7-89F4-64BACB719848","tpstructure":"Stump","plantingspaceglobalid":"2B00777A-762A-4BE7-89F4-64BACB719848","createddate":"2017-11-15 11:11:11.0000000","dbh":null,"planteddate":null,"updateddate":"2024-11-01 13:20:05.0000000","geometry":"POINT(-73.92240865016996 40.828115683198455)","genusspecies":"Pinus - pine"}},{"type":"Feature","geometry":{"type":"Point","coordinates":[-73.95399202517551,40.828269072263836]},"properties":{"tpcondition":"Fair","stumpdiameter":"0","riskratingdate":null,"riskrating":null,"objectid":"5107725","globalid":"46E93E5A-A729-41E9-9458-4A31FCA44810","tpstructure":"Full","plantingspaceglobalid":"46E93E5A-A729-41E9-9458-4A31FCA44810","createddate":"2017-11-15 11:11:11.0000000","dbh":"2","planteddate":null,"updateddate":null,"geometry":"POINT(-73.95399202517551 40.828269072263836)","genusspecies":"Parrotia persica - Persian ironwood"}},{"type":"Feature","geometry":{"type":"Point","coordinates":[-73.9825285955088,40.726887337648634]},"properties":{"tpcondition":"Good","stumpdiameter":"0","riskratingdate":null,"riskrating":null,"objectid":"5107726","globalid":"C2C0236A-CC57-4F54-9984-3D6C23528E3E","tpstructure":"Full","plantingspaceglobalid":"C2C0236A-CC57-4F54-9984-3D6C23528E3E","createddate":"2017-11-15 11:11:11.0000000","dbh":"18","planteddate":null,"updateddate":null,"geometry":"POINT(-73.9825285955088 40.726887337648634)","genusspecies":"Platanus x acerifolia - London planetree"}},{"type":"Feature","geometry":{"type":"Point","coordinates":[-74.1355641767119,40.64043048364794]},"properties":{"tpcondition":"Good","stumpdiameter":"0","riskratingdate":null,"riskrating":null,"objectid":"5107729","globalid":"DA72FC98-01C0-4247-9F75-10186630EA5B","tpstructure":"Full","plantingspaceglobalid":"DA72FC98-01C0-4247-9F75-10186630EA5B","createddate":"2017-11-15 11:11:11.0000000","dbh":"3","planteddate":null,"updateddate":null,"geometry":"POINT(-74.1355641767119 40.64043048364794)","genusspecies":"Juniperus virginiana - eastern redcedar"}},{"type":"Feature","geometry":{"type":"Point","coordinates":[-73.98499854225565,40.623541374198375]},"properties":{"tpcondition":"Good","stumpdiameter":"0","riskratingdate":null,"riskrating":null,"objectid":"5107730","globalid":"84494746-9602-4457-8BCB-F2741510D1B3","tpstructure":"Full","plantingspaceglobalid":"84494746-9602-4457-8BCB-F2741510D1B3","createddate":"2017-11-15 11:11:11.0000000","dbh":"7","planteddate":null,"updateddate":null,"geometry":"POINT(-73.98499854225565 40.623541374198375)","genusspecies":"Pyrus calleryana - Callery pear"}},{"type":"Feature","geometry":{"type":"Point","coordinates":[-73.95643592950186,40.70907885727747]},"properties":{"tpcondition":"Fair","stumpdiameter":null,"riskratingdate":"2022-05-26 15:31:37.0000000","riskrating":"8","objectid":"5107732","globalid":"530A6782-3410-43BD-A5C0-CE4C6BF8249E","tpstructure":"Full","plantingspaceglobalid":"530A6782-3410-43BD-A5C0-CE4C6BF8249E","createddate":"2017-11-15 11:11:11.0000000","dbh":"11","planteddate":null,"updateddate":"2022-05-26 15:31:37.0000000","geometry":"POINT(-73.95643592950186 40.70907885727747)","genusspecies":"Platanus x acerifolia - London planetree"}},{"type":"Feature","geometry":{"type":"Point","coordinates":[-73.94954891589768,40.831043633639744]},"properties":{"tpcondition":"Good","stumpdiameter":null,"riskratingdate":"2022-05-10 18:48:14.0000000","riskrating":"5","objectid":"5107733","globalid":"1FA8FC9D-8217-47CE-A3BA-BE5A0103D64A","tpstructure":"Full","plantingspaceglobalid":"1FA8FC9D-8217-47CE-A3BA-BE5A0103D64A","createddate":"2017-11-15 11:11:11.0000000","dbh":"25","planteddate":null,"updateddate":"2022-05-10 18:48:14.0000000","geometry":"POINT(-73.94954891589768 40.831043633639744)","genusspecies":"Platanus x acerifolia - London planetree"}},{"type":"Feature","geometry":{"type":"Point","coordinates":[-73.97216536846784,40.72552294157323]},"properties":{"tpcondition":"Good","stumpdiameter":"0","riskratingdate":null,"riskrating":null,"objectid":"5107735","globalid":"F6DE8ABC-CFBE-4DB4-9C2A-46482678C4A1","tpstructure":"Full","plantingspaceglobalid":"F6DE8ABC-CFBE-4DB4-9C2A-46482678C4A1","createddate":"2017-11-15 11:11:11.0000000","dbh":"18","planteddate":null,"updateddate":null,"geometry":"POINT(-73.97216536846784 40.72552294157323)","genusspecies":"Platanus x acerifolia - London planetree"}},{"type":"Feature","geometry":{"type":"Point","coordinates":[-73.95120206193056,40.695860629815385]},"properties":{"tpcondition":"Good","stumpdiameter":"0","riskratingdate":null,"riskrating":null,"objectid":"5107736","globalid":"6DF5F43A-14E2-47F9-B1B4-454A9A37ACBC","tpstructure":"Full","plantingspaceglobalid":"6DF5F43A-14E2-47F9-B1B4-454A9A37ACBC","createddate":"2017-11-15 11:11:11.0000000","dbh":"4","planteddate":null,"updateddate":null,"geometry":"POINT(-73.95120206193056 40.695860629815385)","genusspecies":"Maackia amurensis - Amur maackia"}},{"type":"Feature","geometry":{"type":"Point","coordinates":[-73.89804506795451,40.86595731371213]},"properties":{"tpcondition":"Fair","stumpdiameter":null,"riskratingdate":"2024-09-05 13:51:53.0000000","riskrating":"8","objectid":"5107737","globalid":"A804E912-7A89-40B3-859B-241497E80BFC","tpstructure":"Full","plantingspaceglobalid":"A804E912-7A89-40B3-859B-241497E80BFC","createddate":"2017-11-15 11:11:11.0000000","dbh":"23","planteddate":null,"updateddate":"2024-09-05 13:51:53.0000000","geometry":"POINT(-73.89804506795451 40.86595731371213)","genusspecies":"Liquidambar styraciflua - sweetgum"}},{"type":"Feature","geometry":{"type":"Point","coordinates":[-74.01464054999867,40.70150972411393]},"properties":{"tpcondition":"Good","stumpdiameter":"0","riskratingdate":null,"riskrating":null,"objectid":"5107738","globalid":"D6ED53EC-EF4A-429F-B74B-165E31C0CB72","tpstructure":"Full","plantingspaceglobalid":"D6ED53EC-EF4A-429F-B74B-165E31C0CB72","createddate":"2017-11-15 11:11:11.0000000","dbh":"16","planteddate":null,"updateddate":null,"geometry":"POINT(-74.01464054999867 40.70150972411393)","genusspecies":"Platanus x acerifolia - London planetree"}},{"type":"Feature","geometry":{"type":"Point","coordinates":[-73.92393792509556,40.83302101064256]},"properties":{"tpcondition":"Good","stumpdiameter":"0","riskratingdate":null,"riskrating":null,"objectid":"5107739","globalid":"AE929A05-E00F-45E5-85D5-0774B3F719BE","tpstructure":"Full","plantingspaceglobalid":"AE929A05-E00F-45E5-85D5-0774B3F719BE","createddate":"2017-11-15 11:11:11.0000000","dbh":"9","planteddate":null,"updateddate":null,"geometry":"POINT(-73.92393792509556 40.83302101064256)","genusspecies":"Prunus - Cherry"}},{"type":"Feature","geometry":{"type":"Point","coordinates":[-73.91958735104176,40.87150508365839]},"properties":{"tpcondition":"Good","stumpdiameter":"0","riskratingdate":null,"riskrating":null,"objectid":"5107740","globalid":"08C30F6A-407F-4C6B-B0FF-002E6D7E5389","tpstructure":"Full","plantingspaceglobalid":"08C30F6A-407F-4C6B-B0FF-002E6D7E5389","createddate":"2017-11-15 11:11:11.0000000","dbh":"18","planteddate":null,"updateddate":null,"geometry":"POINT(-73.91958735104176 40.87150508365839)","genusspecies":"Morus - mulberry"}},{"type":"Feature","geometry":{"type":"Point","coordinates":[-73.98145083118676,40.7258765524723]},"properties":{"tpcondition":"Good","stumpdiameter":null,"riskratingdate":"2025-02-20 17:02:45.0000000","riskrating":"4","objectid":"5107741","globalid":"F86BB5D5-6489-4874-928B-F50823E17DC4","tpstructure":"Full","plantingspaceglobalid":"F86BB5D5-6489-4874-928B-F50823E17DC4","createddate":"2017-11-15 11:11:11.0000000","dbh":"20","planteddate":null,"updateddate":"2025-02-20 17:02:45.0000000","geometry":"POINT(-73.98145083118676 40.7258765524723)","genusspecies":"Ulmus americana - American elm"}},{"type":"Feature","geometry":{"type":"Point","coordinates":[-73.79985566823407,40.71279188585752]},"properties":{"tpcondition":"Good","stumpdiameter":"0","riskratingdate":null,"riskrating":null,"objectid":"5107742","globalid":"F411BEA3-5F87-452B-B8B0-CB9F62469D8B","tpstructure":"Full","plantingspaceglobalid":"F411BEA3-5F87-452B-B8B0-CB9F62469D8B","createddate":"2017-11-15 11:11:11.0000000","dbh":"16","planteddate":null,"updateddate":null,"geometry":"POINT(-73.79985566823407 40.71279188585752)","genusspecies":"Quercus rubra - northern red oak"}},{"type":"Feature","geometry":{"type":"Point","coordinates":[-73.98083966856933,40.726129883236716]},"properties":{"tpcondition":"Good","stumpdiameter":"0","riskratingdate":null,"riskrating":null,"objectid":"5107743","globalid":"8C0E7370-E7CF-4913-8E3A-98D0A2BA99B8","tpstructure":"Full","plantingspaceglobalid":"8C0E7370-E7CF-4913-8E3A-98D0A2BA99B8","createddate":"2017-11-15 11:11:11.0000000","dbh":"3","planteddate":null,"updateddate":null,"geometry":"POINT(-73.98083966856933 40.726129883236716)","genusspecies":"Prunus - Cherry"}},{"type":"Feature","geometry":{"type":"Point","coordinates":[-73.95479984844867,40.74325639713762]},"properties":{"tpcondition":"Good","stumpdiameter":"0","riskratingdate":"2020-03-12 14:20:53.0000000","riskrating":"6","objectid":"5107744","globalid":"3A259E1E-8433-45ED-9DE0-977C975F0525","tpstructure":"Full","plantingspaceglobalid":"3A259E1E-8433-45ED-9DE0-977C975F0525","createddate":"2017-11-15 11:11:11.0000000","dbh":"7","planteddate":null,"updateddate":"2020-03-12 14:20:53.0000000","geometry":"POINT(-73.95479984844867 40.74325639713762)","genusspecies":"Zelkova serrata - Japanese zelkova"}},{"type":"Feature","geometry":{"type":"Point","coordinates":[-73.94916592226163,40.7698338345271]},"properties":{"tpcondition":"Unknown","stumpdiameter":"28","riskratingdate":null,"riskrating":null,"objectid":"5107745","globalid":"DEBCD6FA-2D4B-4D3D-A66E-90184AE72BE6","tpstructure":"Stump","plantingspaceglobalid":"DEBCD6FA-2D4B-4D3D-A66E-90184AE72BE6","createddate":"2017-11-15 11:11:11.0000000","dbh":"0","planteddate":null,"updateddate":null,"geometry":"POINT(-73.94916592226163 40.7698338345271)","genusspecies":"Unknown - Unknown"}},{"type":"Feature","geometry":{"type":"Point","coordinates":[-73.83953382644951,40.87383046412776]},"properties":{"tpcondition":"Good","stumpdiameter":"0","riskratingdate":null,"riskrating":null,"objectid":"5107746","globalid":"2D4F1DBB-B7B3-49D1-8275-878BA8A3C046","tpstructure":"Full","plantingspaceglobalid":"2D4F1DBB-B7B3-49D1-8275-878BA8A3C046","createddate":"2017-11-15 11:11:11.0000000","dbh":"7","planteddate":null,"updateddate":null,"geometry":"POINT(-73.83953382644951 40.87383046412776)","genusspecies":"Carya ovata - shagbark hickory"}},{"type":"Feature","geometry":{"type":"Point","coordinates":[-73.9343409571904,40.79373207416951]},"properties":{"tpcondition":"Dead","stumpdiameter":"47","riskratingdate":"2022-03-17 10:56:00.0000000","riskrating":"8","objectid":"5107747","globalid":"434D95C6-5D3D-4F50-830E-7E492EF2C9A2","tpstructure":"Retired","plantingspaceglobalid":"434D95C6-5D3D-4F50-830E-7E492EF2C9A2","createddate":"2017-11-15 11:11:00.0000000","dbh":"37","planteddate":null,"updateddate":"2022-12-20 15:55:00.0000000","geometry":"POINT(-73.9343409571904 40.79373207416951)","genusspecies":"Platanus x acerifolia - London planetree"}},{"type":"Feature","geometry":{"type":"Point","coordinates":[-73.94943274663237,40.83123313038385]},"properties":{"tpcondition":"Good","stumpdiameter":null,"riskratingdate":"2022-05-11 14:22:08.0000000","riskrating":"5","objectid":"5107748","globalid":"16A6EE53-93D9-4ED1-A093-7D601529B637","tpstructure":"Full","plantingspaceglobalid":"16A6EE53-93D9-4ED1-A093-7D601529B637","createddate":"2017-11-15 11:11:11.0000000","dbh":"5","planteddate":null,"updateddate":"2022-05-11 14:22:08.0000000","geometry":"POINT(-73.94943274663237 40.83123313038385)","genusspecies":"Crataegus - Hawthorn"}},{"type":"Feature","geometry":{"type":"Point","coordinates":[-74.06316607645795,40.60784168757775]},"properties":{"tpcondition":"Good","stumpdiameter":"0","riskratingdate":null,"riskrating":null,"objectid":"5107749","globalid":"E6643EC6-E1DD-4965-AE21-2573F7A36360","tpstructure":"Full","plantingspaceglobalid":"E6643EC6-E1DD-4965-AE21-2573F7A36360","createddate":"2017-11-15 11:11:11.0000000","dbh":"4","planteddate":null,"updateddate":null,"geometry":"POINT(-74.06316607645795 40.60784168757775)","genusspecies":"Celtis occidentalis - common hackberry"}},{"type":"Feature","geometry":{"type":"Point","coordinates":[-74.18846007583798,40.59044187117555]},"properties":{"tpcondition":"Unknown","stumpdiameter":"7","riskratingdate":null,"riskrating":null,"objectid":"5107751","globalid":"C775E3E4-4FC2-4F43-AEAE-221A2E5EAEF7","tpstructure":"Retired","plantingspaceglobalid":"C775E3E4-4FC2-4F43-AEAE-221A2E5EAEF7","createddate":"2017-11-15 11:11:11.0000000","dbh":"0","planteddate":null,"updateddate":"2018-02-21 13:38:54.0000000","geometry":"POINT(-74.18846007583798 40.59044187117555)","genusspecies":"Unknown - Unknown"}},{"type":"Feature","geometry":{"type":"Point","coordinates":[-73.74964872522418,40.59471311562822]},"properties":{"tpcondition":"Good","stumpdiameter":"0","riskratingdate":null,"riskrating":null,"objectid":"5107752","globalid":"2DF80847-BF3B-4BD9-95AB-E4D0EB128A64","tpstructure":"Full","plantingspaceglobalid":"2DF80847-BF3B-4BD9-95AB-E4D0EB128A64","createddate":"2017-11-15 11:11:11.0000000","dbh":"4","planteddate":null,"updateddate":null,"geometry":"POINT(-73.74964872522418 40.59471311562822)","genusspecies":"Gleditsia triacanthos var. inermis - Thornless honeylocust"}},{"type":"Feature","geometry":{"type":"Point","coordinates":[-73.94491233821516,40.778460904791714]},"properties":{"tpcondition":"Good","stumpdiameter":null,"riskratingdate":"2022-06-02 13:37:34.0000000","riskrating":"3","objectid":"5107754","globalid":"36AE7104-7C74-4105-9F60-D9A9C315FEEF","tpstructure":"Full","plantingspaceglobalid":"36AE7104-7C74-4105-9F60-D9A9C315FEEF","createddate":"2017-11-15 11:11:11.0000000","dbh":"12","planteddate":null,"updateddate":"2022-06-02 13:37:34.0000000","geometry":"POINT(-73.94491233821516 40.778460904791714)","genusspecies":"Acer - maple"}},{"type":"Feature","geometry":{"type":"Point","coordinates":[-73.82073706016462,40.711586047546504]},"properties":{"tpcondition":"Good","stumpdiameter":null,"riskratingdate":"2023-01-04 15:08:14.0000000","riskrating":"9","objectid":"5107757","globalid":"8BF2D7AF-6BBC-4647-9CE9-7F4CD536E4C0","tpstructure":"Full","plantingspaceglobalid":"8BF2D7AF-6BBC-4647-9CE9-7F4CD536E4C0","createddate":"2017-11-15 11:11:11.0000000","dbh":"25","planteddate":null,"updateddate":"2023-01-04 15:08:14.0000000","geometry":"POINT(-73.82073706016462 40.711586047546504)","genusspecies":"Quercus palustris - pin oak"}},{"type":"Feature","geometry":{"type":"Point","coordinates":[-73.87575608450659,40.87804695035793]},"properties":{"tpcondition":"Good","stumpdiameter":"0","riskratingdate":null,"riskrating":null,"objectid":"5107758","globalid":"83A457E9-7F3D-4A13-AF41-7A809A4CC7BA","tpstructure":"Full","plantingspaceglobalid":"83A457E9-7F3D-4A13-AF41-7A809A4CC7BA","createddate":"2017-11-15 11:11:11.0000000","dbh":"10","planteddate":null,"updateddate":null,"geometry":"POINT(-73.87575608450659 40.87804695035793)","genusspecies":"Prunus serotina - black cherry"}},{"type":"Feature","geometry":{"type":"Point","coordinates":[-74.09046263048776,40.60301942616155]},"properties":{"tpcondition":"Poor","stumpdiameter":null,"riskratingdate":"2024-05-01 14:17:05.0000000","riskrating":"7","objectid":"5107759","globalid":"5C9A538D-42A4-4793-BCD0-4C155A6B048A","tpstructure":"Full","plantingspaceglobalid":"5C9A538D-42A4-4793-BCD0-4C155A6B048A","createddate":"2017-11-15 11:11:11.0000000","dbh":"20","planteddate":null,"updateddate":"2024-05-01 14:17:05.0000000","geometry":"POINT(-74.09046263048776 40.60301942616155)","genusspecies":"Platanus x acerifolia - London planetree"}},{"type":"Feature","geometry":{"type":"Point","coordinates":[-73.93942996225374,40.598105613171604]},"properties":{"tpcondition":"Fair","stumpdiameter":null,"riskratingdate":"2024-07-30 13:08:43.0000000","riskrating":"7","objectid":"5107760","globalid":"9F032E42-A09B-4676-B85A-EE94F3915E3B","tpstructure":"Full","plantingspaceglobalid":"9F032E42-A09B-4676-B85A-EE94F3915E3B","createddate":"2017-11-15 11:11:11.0000000","dbh":"19","planteddate":null,"updateddate":"2024-07-30 13:08:43.0000000","geometry":"POINT(-73.93942996225374 40.598105613171604)","genusspecies":"Platanus x acerifolia - London planetree"}},{"type":"Feature","geometry":{"type":"Point","coordinates":[-73.95457176848483,40.824573701623365]},"properties":{"tpcondition":"Unknown","stumpdiameter":"32","riskratingdate":null,"riskrating":null,"objectid":"5107761","globalid":"D5506C11-DBEF-4300-A095-ED2B18288C58","tpstructure":"Retired","plantingspaceglobalid":"D5506C11-DBEF-4300-A095-ED2B18288C58","createddate":"2017-11-15 11:11:11.0000000","dbh":"0","planteddate":null,"updateddate":"2019-04-29 17:48:18.0000000","geometry":"POINT(-73.95457176848483 40.824573701623365)","genusspecies":"Unknown - Unknown"}},{"type":"Feature","geometry":{"type":"Point","coordinates":[-73.90539624742652,40.90187096264585]},"properties":{"tpcondition":"Good","stumpdiameter":"0","riskratingdate":"2019-09-17 10:30:06.0000000","riskrating":"3","objectid":"5107762","globalid":"22523C60-563C-4BFD-A618-CA1EBE142632","tpstructure":"Full","plantingspaceglobalid":"22523C60-563C-4BFD-A618-CA1EBE142632","createddate":"2017-11-15 11:11:11.0000000","dbh":"4","planteddate":null,"updateddate":"2019-09-17 14:30:07.0000000","geometry":"POINT(-73.90539624742652 40.90187096264585)","genusspecies":"Robinia pseudoacacia - black locust"}},{"type":"Feature","geometry":{"type":"Point","coordinates":[-73.99904833301434,40.68980182736277]},"properties":{"tpcondition":"Fair","stumpdiameter":null,"riskratingdate":"2022-03-04 17:26:39.0000000","riskrating":"5","objectid":"5107764","globalid":"00BE6B80-E517-481B-9D00-6E78A11D0260","tpstructure":"Full","plantingspaceglobalid":"00BE6B80-E517-481B-9D00-6E78A11D0260","createddate":"2017-11-15 11:11:11.0000000","dbh":"16","planteddate":null,"updateddate":"2022-03-04 17:26:39.0000000","geometry":"POINT(-73.99904833301434 40.68980182736277)","genusspecies":"Platanus x acerifolia - London planetree"}},{"type":"Feature","geometry":{"type":"Point","coordinates":[-73.89404781145336,40.65379390636586]},"properties":{"tpcondition":"Good","stumpdiameter":"0","riskratingdate":"2018-06-22 10:37:34.0000000","riskrating":"4","objectid":"5107765","globalid":"871ECD0D-29AC-4D3A-ADA1-4C9AFFEFFB2B","tpstructure":"Full","plantingspaceglobalid":"871ECD0D-29AC-4D3A-ADA1-4C9AFFEFFB2B","createddate":"2017-11-15 11:11:11.0000000","dbh":"22","planteddate":null,"updateddate":"2018-06-22 14:37:34.0000000","geometry":"POINT(-73.89404781145336 40.65379390636586)","genusspecies":"Platanus x acerifolia - London planetree"}},{"type":"Feature","geometry":{"type":"Point","coordinates":[-73.92288575106768,40.82874448583816]},"properties":{"tpcondition":"Fair","stumpdiameter":null,"riskratingdate":"2024-05-03 12:54:42.0000000","riskrating":"7","objectid":"5107766","globalid":"81DB4964-6DF8-41D2-8D75-4BA8837CE8EB","tpstructure":"Full","plantingspaceglobalid":"81DB4964-6DF8-41D2-8D75-4BA8837CE8EB","createddate":"2017-11-15 11:11:11.0000000","dbh":"19","planteddate":null,"updateddate":"2024-05-03 12:54:42.0000000","geometry":"POINT(-73.92288575106768 40.82874448583816)","genusspecies":"Tilia tomentosa - silver linden"}},{"type":"Feature","geometry":{"type":"Point","coordinates":[-73.9174722286866,40.8804400964043]},"properties":{"tpcondition":"Fair","stumpdiameter":null,"riskratingdate":"2024-08-12 15:32:21.0000000","riskrating":"6","objectid":"5107767","globalid":"CF0ADB2C-A9D3-4719-A7D8-4590C9651C24","tpstructure":"Full","plantingspaceglobalid":"CF0ADB2C-A9D3-4719-A7D8-4590C9651C24","createddate":"2017-11-15 11:11:11.0000000","dbh":"23","planteddate":null,"updateddate":"2024-08-12 15:32:21.0000000","geometry":"POINT(-73.9174722286866 40.8804400964043)","genusspecies":"Ulmus pumila - Siberian elm"}},{"type":"Feature","geometry":{"type":"Point","coordinates":[-73.86573762493572,40.674417241120885]},"properties":{"tpcondition":"Good","stumpdiameter":"0","riskratingdate":"2018-12-09 11:29:51.0000000","riskrating":"8","objectid":"5107768","globalid":"395D5671-88E7-4DCE-87D6-20E5A734322A","tpstructure":"Full","plantingspaceglobalid":"395D5671-88E7-4DCE-87D6-20E5A734322A","createddate":"2017-11-15 11:11:11.0000000","dbh":"13","planteddate":null,"updateddate":"2018-12-09 16:29:52.0000000","geometry":"POINT(-73.86573762493572 40.674417241120885)","genusspecies":"Gleditsia triacanthos var. inermis - Thornless honeylocust"}},{"type":"Feature","geometry":{"type":"Point","coordinates":[-73.9175599498477,40.84894589886523]},"properties":{"tpcondition":"Fair","stumpdiameter":null,"riskratingdate":"2025-09-05 12:47:36.0000000","riskrating":"6","objectid":"5107769","globalid":"C4E78FE8-FBD8-4178-9FC5-02C79533973E","tpstructure":"Full","plantingspaceglobalid":"C4E78FE8-FBD8-4178-9FC5-02C79533973E","createddate":"2017-11-15 11:11:11.0000000","dbh":"13","planteddate":null,"updateddate":"2025-09-05 12:47:36.0000000","geometry":"POINT(-73.9175599498477 40.84894589886523)","genusspecies":"Platanus x acerifolia - London planetree"}},{"type":"Feature","geometry":{"type":"Point","coordinates":[-74.01629776036255,40.70400473158892]},"properties":{"tpcondition":"Good","stumpdiameter":"0","riskratingdate":null,"riskrating":null,"objectid":"5107770","globalid":"0F98744B-23D5-49F2-A9FA-F1F78961B501","tpstructure":"Full","plantingspaceglobalid":"0F98744B-23D5-49F2-A9FA-F1F78961B501","createddate":"2017-11-15 11:11:11.0000000","dbh":"11","planteddate":null,"updateddate":null,"geometry":"POINT(-74.01629776036255 40.70400473158892)","genusspecies":"Crataegus crus-galli var. inermis - Cockspur hawthorn"}},{"type":"Feature","geometry":{"type":"Point","coordinates":[-73.97078431876801,40.690529101864776]},"properties":{"tpcondition":"Good","stumpdiameter":null,"riskratingdate":"2022-04-05 11:39:00.0000000","riskrating":"5","objectid":"5107772","globalid":"2252D443-8441-4B89-AD69-D3838B6AA2AA","tpstructure":"Full","plantingspaceglobalid":"2252D443-8441-4B89-AD69-D3838B6AA2AA","createddate":"2017-11-15 11:11:11.0000000","dbh":"6","planteddate":null,"updateddate":"2022-04-05 11:39:00.0000000","geometry":"POINT(-73.97078431876801 40.690529101864776)","genusspecies":"Platanus x acerifolia - London planetree"}},{"type":"Feature","geometry":{"type":"Point","coordinates":[-73.88135118425454,40.823612085922676]},"properties":{"tpcondition":"Good","stumpdiameter":"0","riskratingdate":null,"riskrating":null,"objectid":"5107773","globalid":"410A9C46-1CDB-4E4D-9D35-BBA14A960229","tpstructure":"Full","plantingspaceglobalid":"410A9C46-1CDB-4E4D-9D35-BBA14A960229","createddate":"2017-11-15 11:11:11.0000000","dbh":"9","planteddate":null,"updateddate":null,"geometry":"POINT(-73.88135118425454 40.823612085922676)","genusspecies":"Zelkova serrata - Japanese zelkova"}},{"type":"Feature","geometry":{"type":"Point","coordinates":[-73.88241741171332,40.832945718828256]},"properties":{"tpcondition":"Good","stumpdiameter":"0","riskratingdate":null,"riskrating":null,"objectid":"5107774","globalid":"CD5BB0B9-6DD9-4488-AD1D-B7DFE073E4D7","tpstructure":"Full","plantingspaceglobalid":"CD5BB0B9-6DD9-4488-AD1D-B7DFE073E4D7","createddate":"2017-11-15 11:11:11.0000000","dbh":"4","planteddate":null,"updateddate":null,"geometry":"POINT(-73.88241741171332 40.832945718828256)","genusspecies":"Platanus x acerifolia - London planetree"}},{"type":"Feature","geometry":{"type":"Point","coordinates":[-73.77713463583451,40.73643179659931]},"properties":{"tpcondition":"Dead","stumpdiameter":null,"riskratingdate":"2025-08-11 16:05:48.0000000","riskrating":"5","objectid":"5107775","globalid":"114F0B2D-4777-400D-8CD3-B44DD80D862C","tpstructure":"Full","plantingspaceglobalid":"114F0B2D-4777-400D-8CD3-B44DD80D862C","createddate":"2017-11-15 11:11:11.0000000","dbh":"24","planteddate":null,"updateddate":"2025-08-11 16:05:48.0000000","geometry":"POINT(-73.77713463583451 40.73643179659931)","genusspecies":"Quercus rubra - northern red oak"}},{"type":"Feature","geometry":{"type":"Point","coordinates":[-73.92314447381334,40.87398164687414]},"properties":{"tpcondition":"Good","stumpdiameter":"0","riskratingdate":null,"riskrating":null,"objectid":"5107777","globalid":"A8A76681-412C-4BCF-A540-3AE1D55DAD16","tpstructure":"Full","plantingspaceglobalid":"A8A76681-412C-4BCF-A540-3AE1D55DAD16","createddate":"2017-11-15 11:11:11.0000000","dbh":"9","planteddate":null,"updateddate":null,"geometry":"POINT(-73.92314447381334 40.87398164687414)","genusspecies":"Quercus palustris - pin oak"}},{"type":"Feature","geometry":{"type":"Point","coordinates":[-74.18756871892916,40.589989079074925]},"properties":{"tpcondition":"Good","stumpdiameter":"0","riskratingdate":null,"riskrating":null,"objectid":"5107778","globalid":"874F32CA-B857-4964-8C68-218C449AA167","tpstructure":"Full","plantingspaceglobalid":"874F32CA-B857-4964-8C68-218C449AA167","createddate":"2017-11-15 11:11:11.0000000","dbh":"6","planteddate":null,"updateddate":null,"geometry":"POINT(-74.18756871892916 40.589989079074925)","genusspecies":"Pinus resinosa - red pine"}},{"type":"Feature","geometry":{"type":"Point","coordinates":[-73.87542496885615,40.679129631231156]},"properties":{"tpcondition":"Excellent","stumpdiameter":null,"riskratingdate":"2022-09-13 13:11:43.0000000","riskrating":"6","objectid":"5107779","globalid":"7F6A5B9D-518A-4626-A17A-144D5093491D","tpstructure":"Full","plantingspaceglobalid":"7F6A5B9D-518A-4626-A17A-144D5093491D","createddate":"2017-11-15 11:11:11.0000000","dbh":"18","planteddate":null,"updateddate":"2022-09-13 13:11:43.0000000","geometry":"POINT(-73.87542496885615 40.679129631231156)","genusspecies":"Platanus x acerifolia - London planetree"}},{"type":"Feature","geometry":{"type":"Point","coordinates":[-73.97456203529521,40.71899824978008]},"properties":{"tpcondition":"Good","stumpdiameter":"0","riskratingdate":null,"riskrating":null,"objectid":"5107780","globalid":"3047364B-45AB-4D60-BC3F-F7E32DC052CC","tpstructure":"Retired","plantingspaceglobalid":"3047364B-45AB-4D60-BC3F-F7E32DC052CC","createddate":"2017-11-15 11:11:11.0000000","dbh":"24","planteddate":null,"updateddate":"2022-02-02 17:47:00.0000000","geometry":"POINT(-73.97456203529521 40.71899824978008)","genusspecies":"Platanus x acerifolia - London planetree"}},{"type":"Feature","geometry":{"type":"Point","coordinates":[-73.89636201075992,40.88128287759659]},"properties":{"tpcondition":"Fair","stumpdiameter":null,"riskratingdate":"2024-12-17 15:35:30.0000000","riskrating":"3","objectid":"5107781","globalid":"6633F242-CB09-4A9F-8481-DCA819E7641B","tpstructure":"Full","plantingspaceglobalid":"6633F242-CB09-4A9F-8481-DCA819E7641B","createddate":"2017-11-15 11:11:11.0000000","dbh":"14","planteddate":null,"updateddate":"2024-12-17 15:35:30.0000000","geometry":"POINT(-73.89636201075992 40.88128287759659)","genusspecies":"Prunus - Cherry"}},{"type":"Feature","geometry":{"type":"Point","coordinates":[-73.8198683489613,40.60091480727779]},"properties":{"tpcondition":"Good","stumpdiameter":null,"riskratingdate":"2024-10-30 17:49:53.0000000","riskrating":"6","objectid":"5107782","globalid":"6DF40909-8A81-4E54-B3A0-C969E69CA97C","tpstructure":"Full","plantingspaceglobalid":"6DF40909-8A81-4E54-B3A0-C969E69CA97C","createddate":"2017-11-15 11:11:11.0000000","dbh":"10","planteddate":null,"updateddate":"2024-10-30 17:49:53.0000000","geometry":"POINT(-73.8198683489613 40.60091480727779)","genusspecies":"Pinus resinosa - red pine"}},{"type":"Feature","geometry":{"type":"Point","coordinates":[-73.95355020159467,40.82736401525719]},"properties":{"tpcondition":"Good","stumpdiameter":"0","riskratingdate":null,"riskrating":null,"objectid":"5107783","globalid":"9D319140-3FFE-4FD9-9691-97DDCA98246E","tpstructure":"Full","plantingspaceglobalid":"9D319140-3FFE-4FD9-9691-97DDCA98246E","createddate":"2017-11-15 11:11:11.0000000","dbh":"9","planteddate":null,"updateddate":null,"geometry":"POINT(-73.95355020159467 40.82736401525719)","genusspecies":"Liquidambar styraciflua - sweetgum"}},{"type":"Feature","geometry":{"type":"Point","coordinates":[-73.8397102189857,40.87338024384231]},"properties":{"tpcondition":"Good","stumpdiameter":"0","riskratingdate":null,"riskrating":null,"objectid":"5107784","globalid":"631412F1-D75A-410F-AA3E-84335B2B3B14","tpstructure":"Full","plantingspaceglobalid":"631412F1-D75A-410F-AA3E-84335B2B3B14","createddate":"2017-11-15 11:11:11.0000000","dbh":"12","planteddate":null,"updateddate":null,"geometry":"POINT(-73.8397102189857 40.87338024384231)","genusspecies":"Liquidambar styraciflua - sweetgum"}},{"type":"Feature","geometry":{"type":"Point","coordinates":[-73.94388788514603,40.724681307448904]},"properties":{"tpcondition":"Fair","stumpdiameter":null,"riskratingdate":"2025-10-21 18:38:27.0000000","riskrating":"8","objectid":"5107785","globalid":"BFC3BDF5-5A0C-4FF6-82A5-62E50E2453B3","tpstructure":"Full","plantingspaceglobalid":"BFC3BDF5-5A0C-4FF6-82A5-62E50E2453B3","createddate":"2017-11-15 11:11:11.0000000","dbh":"34","planteddate":null,"updateddate":"2025-10-21 18:38:27.0000000","geometry":"POINT(-73.94388788514603 40.724681307448904)","genusspecies":"Quercus palustris - pin oak"}},{"type":"Feature","geometry":{"type":"Point","coordinates":[-73.92277878481723,40.741146134584646]},"properties":{"tpcondition":"Good","stumpdiameter":"0","riskratingdate":"2019-08-29 11:32:06.0000000","riskrating":"5","objectid":"5107786","globalid":"4D4719CD-DD07-49DF-B30D-463773F62C52","tpstructure":"Full","plantingspaceglobalid":"4D4719CD-DD07-49DF-B30D-463773F62C52","createddate":"2017-11-15 11:11:11.0000000","dbh":"12","planteddate":null,"updateddate":"2019-08-29 15:32:07.0000000","geometry":"POINT(-73.92277878481723 40.741146134584646)","genusspecies":"Platanus x acerifolia - London planetree"}},{"type":"Feature","geometry":{"type":"Point","coordinates":[-73.83948818676586,40.87402629826358]},"properties":{"tpcondition":"Good","stumpdiameter":"0","riskratingdate":null,"riskrating":null,"objectid":"5107787","globalid":"B5DB248E-7BCC-45EA-9497-352313A0B170","tpstructure":"Full","plantingspaceglobalid":"B5DB248E-7BCC-45EA-9497-352313A0B170","createddate":"2017-11-15 11:11:11.0000000","dbh":"11","planteddate":null,"updateddate":null,"geometry":"POINT(-73.83948818676586 40.87402629826358)","genusspecies":"Liquidambar styraciflua - sweetgum"}},{"type":"Feature","geometry":{"type":"Point","coordinates":[-74.16180184454295,40.61619370136983]},"properties":{"tpcondition":"Dead","stumpdiameter":null,"riskratingdate":"2021-05-25 17:08:00.0000000","riskrating":"8","objectid":"5107788","globalid":"04DECBB3-4E29-4EEC-BCAE-139BC1FD8682","tpstructure":"Retired","plantingspaceglobalid":"04DECBB3-4E29-4EEC-BCAE-139BC1FD8682","createddate":"2017-11-15 11:11:00.0000000","dbh":"18","planteddate":null,"updateddate":"2021-07-26 19:54:00.0000000","geometry":"POINT(-74.16180184454295 40.61619370136983)","genusspecies":"Fraxinus - Ash"}},{"type":"Feature","geometry":{"type":"Point","coordinates":[-73.89537143545316,40.88152043170616]},"properties":{"tpcondition":"Good","stumpdiameter":"0","riskratingdate":null,"riskrating":null,"objectid":"5107789","globalid":"100F6E45-0ABA-4053-921B-049032EAD175","tpstructure":"Full","plantingspaceglobalid":"100F6E45-0ABA-4053-921B-049032EAD175","createddate":"2017-11-15 11:11:11.0000000","dbh":"32","planteddate":null,"updateddate":null,"geometry":"POINT(-73.89537143545316 40.88152043170616)","genusspecies":"Quercus palustris - pin oak"}},{"type":"Feature","geometry":{"type":"Point","coordinates":[-73.99121879790897,40.72261234286631]},"properties":{"tpcondition":"Good","stumpdiameter":null,"riskratingdate":"2024-10-28 17:00:58.0000000","riskrating":"3","objectid":"5107790","globalid":"0A86FC96-04C8-4502-927A-02020840E69F","tpstructure":"Full","plantingspaceglobalid":"0A86FC96-04C8-4502-927A-02020840E69F","createddate":"2017-11-15 11:11:11.0000000","dbh":"28","planteddate":null,"updateddate":"2024-10-28 17:00:58.0000000","geometry":"POINT(-73.99121879790897 40.72261234286631)","genusspecies":"Platanus x acerifolia - London planetree"}},{"type":"Feature","geometry":{"type":"Point","coordinates":[-73.91928776693457,40.87423190541373]},"properties":{"tpcondition":"Good","stumpdiameter":"0","riskratingdate":null,"riskrating":null,"objectid":"5107791","globalid":"67AB7A33-34D9-4B97-8318-F743DC1BC9C1","tpstructure":"Full","plantingspaceglobalid":"67AB7A33-34D9-4B97-8318-F743DC1BC9C1","createddate":"2017-11-15 11:11:11.0000000","dbh":"14","planteddate":null,"updateddate":null,"geometry":"POINT(-73.91928776693457 40.87423190541373)","genusspecies":"Liquidambar styraciflua - sweetgum"}},{"type":"Feature","geometry":{"type":"Point","coordinates":[-73.88282729023823,40.742502063785835]},"properties":{"tpcondition":"Good","stumpdiameter":"0","riskratingdate":null,"riskrating":null,"objectid":"5107792","globalid":"89935EFA-A6E8-4D84-834F-DF0A7B830EB1","tpstructure":"Full","plantingspaceglobalid":"89935EFA-A6E8-4D84-834F-DF0A7B830EB1","createddate":"2017-11-15 11:11:11.0000000","dbh":"12","planteddate":null,"updateddate":null,"geometry":"POINT(-73.88282729023823 40.742502063785835)","genusspecies":"Quercus rubra - northern red oak"}},{"type":"Feature","geometry":{"type":"Point","coordinates":[-73.98121016482297,40.726913752472]},"properties":{"tpcondition":"Fair","stumpdiameter":null,"riskratingdate":"2020-05-19 16:19:55.0000000","riskrating":"6","objectid":"5107793","globalid":"D506D7E6-3164-4BF3-9820-BD9E7D3C936C","tpstructure":"Full","plantingspaceglobalid":"D506D7E6-3164-4BF3-9820-BD9E7D3C936C","createddate":"2017-11-15 11:11:11.0000000","dbh":"26","planteddate":null,"updateddate":"2020-05-19 16:19:55.0000000","geometry":"POINT(-73.98121016482297 40.726913752472)","genusspecies":"Quercus - Oak"}},{"type":"Feature","geometry":{"type":"Point","coordinates":[-73.9350452631701,40.793367776314895]},"properties":{"tpcondition":"Fair","stumpdiameter":null,"riskratingdate":"2025-07-02 11:46:55.0000000","riskrating":"5","objectid":"5107794","globalid":"32E057AE-74F6-4DD2-BC5B-B09D2A4B46FB","tpstructure":"Full","plantingspaceglobalid":"32E057AE-74F6-4DD2-BC5B-B09D2A4B46FB","createddate":"2017-11-15 11:11:11.0000000","dbh":"8","planteddate":null,"updateddate":"2025-07-02 11:46:55.0000000","geometry":"POINT(-73.9350452631701 40.793367776314895)","genusspecies":"Prunus cerasifera - cherry plum"}},{"type":"Feature","geometry":{"type":"Point","coordinates":[-73.96344791014042,40.713298912689474]},"properties":{"tpcondition":"Fair","stumpdiameter":"0","riskratingdate":"2020-02-06 15:39:34.0000000","riskrating":"6","objectid":"5107795","globalid":"B390A717-C735-4F95-8B59-AF52E24AC041","tpstructure":"Retired","plantingspaceglobalid":"B390A717-C735-4F95-8B59-AF52E24AC041","createddate":"2017-11-15 11:11:11.0000000","dbh":"5","planteddate":null,"updateddate":"2025-03-06 16:11:04.0000000","geometry":"POINT(-73.96344791014042 40.713298912689474)","genusspecies":"Malus - apple"}},{"type":"Feature","geometry":{"type":"Point","coordinates":[-73.94687817472725,40.7540189935756]},"properties":{"tpcondition":"Dead","stumpdiameter":"25","riskratingdate":null,"riskrating":null,"objectid":"5107796","globalid":"8D0EE2CD-97ED-4F14-BD85-4882C812A342","tpstructure":"Stump","plantingspaceglobalid":"8D0EE2CD-97ED-4F14-BD85-4882C812A342","createddate":"2017-11-15 11:11:11.0000000","dbh":null,"planteddate":null,"updateddate":"2024-04-08 15:47:54.0000000","geometry":"POINT(-73.94687817472725 40.7540189935756)","genusspecies":"Platanus x acerifolia - London planetree"}},{"type":"Feature","geometry":{"type":"Point","coordinates":[-74.06035256389646,40.60735590944869]},"properties":{"tpcondition":"Good","stumpdiameter":null,"riskratingdate":"2021-12-27 17:45:34.0000000","riskrating":"6","objectid":"5107797","globalid":"B51AF6EF-EA20-4D64-A4FF-36D83D66359D","tpstructure":"Full","plantingspaceglobalid":"B51AF6EF-EA20-4D64-A4FF-36D83D66359D","createddate":"2017-11-15 11:11:11.0000000","dbh":"13","planteddate":null,"updateddate":"2021-12-27 17:45:34.0000000","geometry":"POINT(-74.06035256389646 40.60735590944869)","genusspecies":"Styphnolobium japonicum - Japanese pagoda tree"}},{"type":"Feature","geometry":{"type":"Point","coordinates":[-73.93165537401231,40.87136394520424]},"properties":{"tpcondition":"Good","stumpdiameter":"0","riskratingdate":null,"riskrating":null,"objectid":"5107798","globalid":"A560073C-52FB-4DA3-B037-27E2DB000DE5","tpstructure":"Full","plantingspaceglobalid":"A560073C-52FB-4DA3-B037-27E2DB000DE5","createddate":"2017-11-15 11:11:11.0000000","dbh":"30","planteddate":null,"updateddate":null,"geometry":"POINT(-73.93165537401231 40.87136394520424)","genusspecies":"Robinia pseudoacacia - black locust"}},{"type":"Feature","geometry":{"type":"Point","coordinates":[-73.91861522779963,40.848128876759844]},"properties":{"tpcondition":"Fair","stumpdiameter":null,"riskratingdate":"2025-09-04 14:08:01.0000000","riskrating":"6","objectid":"5107800","globalid":"B29889A0-0C91-4B97-9C9D-C5860AD04E08","tpstructure":"Full","plantingspaceglobalid":"B29889A0-0C91-4B97-9C9D-C5860AD04E08","createddate":"2017-11-15 11:11:11.0000000","dbh":"20","planteddate":null,"updateddate":"2025-09-04 14:08:01.0000000","geometry":"POINT(-73.91861522779963 40.848128876759844)","genusspecies":"Platanus x acerifolia - London planetree"}},{"type":"Feature","geometry":{"type":"Point","coordinates":[-73.93179091643998,40.871244866771825]},"properties":{"tpcondition":"Good","stumpdiameter":"0","riskratingdate":null,"riskrating":null,"objectid":"5107801","globalid":"68CE60B5-A6CB-4C18-81E9-BAC7B21AF34D","tpstructure":"Full","plantingspaceglobalid":"68CE60B5-A6CB-4C18-81E9-BAC7B21AF34D","createddate":"2017-11-15 11:11:11.0000000","dbh":"13","planteddate":null,"updateddate":null,"geometry":"POINT(-73.93179091643998 40.871244866771825)","genusspecies":"Robinia pseudoacacia - black locust"}},{"type":"Feature","geometry":{"type":"Point","coordinates":[-73.97610909470922,40.713539175200005]},"properties":{"tpcondition":"Dead","stumpdiameter":"0","riskratingdate":null,"riskrating":null,"objectid":"5107802","globalid":"ADB841B6-F52B-437C-87A6-A1881191B553","tpstructure":"Retired","plantingspaceglobalid":"ADB841B6-F52B-437C-87A6-A1881191B553","createddate":"2017-11-15 11:11:11.0000000","dbh":"7","planteddate":null,"updateddate":"2024-10-22 19:48:18.0000000","geometry":"POINT(-73.97610909470922 40.713539175200005)","genusspecies":"Malus - apple"}},{"type":"Feature","geometry":{"type":"Point","coordinates":[-73.9816385577118,40.725867676968775]},"properties":{"tpcondition":"Good","stumpdiameter":"0","riskratingdate":null,"riskrating":null,"objectid":"5107803","globalid":"D7976FEC-8586-4B64-8773-8060FF4B4E26","tpstructure":"Full","plantingspaceglobalid":"D7976FEC-8586-4B64-8773-8060FF4B4E26","createddate":"2017-11-15 11:11:11.0000000","dbh":"3","planteddate":null,"updateddate":null,"geometry":"POINT(-73.9816385577118 40.725867676968775)","genusspecies":"Magnolia - magnolia"}},{"type":"Feature","geometry":{"type":"Point","coordinates":[-73.96105245788502,40.72997576583041]},"properties":{"tpcondition":"Good","stumpdiameter":"0","riskratingdate":null,"riskrating":null,"objectid":"5107804","globalid":"616C0C02-C24F-4E58-81B9-6F9B7AE7B965","tpstructure":"Full","plantingspaceglobalid":"616C0C02-C24F-4E58-81B9-6F9B7AE7B965","createddate":"2017-11-15 11:11:11.0000000","dbh":"2","planteddate":null,"updateddate":null,"geometry":"POINT(-73.96105245788502 40.72997576583041)","genusspecies":"Styphnolobium japonicum - Japanese pagoda tree"}},{"type":"Feature","geometry":{"type":"Point","coordinates":[-73.91904886776737,40.882137285614334]},"properties":{"tpcondition":"Good","stumpdiameter":"0","riskratingdate":null,"riskrating":null,"objectid":"5107805","globalid":"0357AE50-2FE7-464B-996F-6E8FE20FC2A6","tpstructure":"Full","plantingspaceglobalid":"0357AE50-2FE7-464B-996F-6E8FE20FC2A6","createddate":"2017-11-15 11:11:11.0000000","dbh":"3","planteddate":null,"updateddate":null,"geometry":"POINT(-73.91904886776737 40.882137285614334)","genusspecies":"Crataegus - Hawthorn"}},{"type":"Feature","geometry":{"type":"Point","coordinates":[-73.90579052257645,40.90134013687376]},"properties":{"tpcondition":"Fair","stumpdiameter":"0","riskratingdate":"2019-09-16 13:18:10.0000000","riskrating":"8","objectid":"5107806","globalid":"17F9E607-424B-4493-B4BE-538C10972B10","tpstructure":"Full","plantingspaceglobalid":"17F9E607-424B-4493-B4BE-538C10972B10","createddate":"2017-11-15 11:11:11.0000000","dbh":"21","planteddate":null,"updateddate":"2019-09-16 17:18:11.0000000","geometry":"POINT(-73.90579052257645 40.90134013687376)","genusspecies":"Gleditsia triacanthos var. inermis - Thornless honeylocust"}},{"type":"Feature","geometry":{"type":"Point","coordinates":[-73.91869124250707,40.8826818647931]},"properties":{"tpcondition":"Good","stumpdiameter":"0","riskratingdate":null,"riskrating":null,"objectid":"5107807","globalid":"FE7DBC12-3E8D-4A5F-BD67-451096830B27","tpstructure":"Full","plantingspaceglobalid":"FE7DBC12-3E8D-4A5F-BD67-451096830B27","createddate":"2017-11-15 11:11:11.0000000","dbh":"13","planteddate":null,"updateddate":null,"geometry":"POINT(-73.91869124250707 40.8826818647931)","genusspecies":"Acer platanoides - Norway maple"}},{"type":"Feature","geometry":{"type":"Point","coordinates":[-73.87816277989275,40.876693785194284]},"properties":{"tpcondition":"Good","stumpdiameter":"0","riskratingdate":null,"riskrating":null,"objectid":"5107809","globalid":"82A7078D-8D6E-42A0-9EFE-D1C4CF1CC94F","tpstructure":"Full","plantingspaceglobalid":"82A7078D-8D6E-42A0-9EFE-D1C4CF1CC94F","createddate":"2017-11-15 11:11:11.0000000","dbh":"16","planteddate":null,"updateddate":"2017-11-27 08:35:00.0000000","geometry":"POINT(-73.87816277989275 40.876693785194284)","genusspecies":"Quercus palustris - pin oak"}},{"type":"Feature","geometry":{"type":"Point","coordinates":[-73.92178022318264,40.74730771154863]},"properties":{"tpcondition":"Good","stumpdiameter":null,"riskratingdate":"2023-04-12 14:02:11.0000000","riskrating":"8","objectid":"5107810","globalid":"5233D98A-5013-45F0-B7B7-BA93B8E6C601","tpstructure":"Full","plantingspaceglobalid":"5233D98A-5013-45F0-B7B7-BA93B8E6C601","createddate":"2017-11-15 11:11:11.0000000","dbh":"18","planteddate":null,"updateddate":"2023-04-12 14:02:11.0000000","geometry":"POINT(-73.92178022318264 40.74730771154863)","genusspecies":"Quercus palustris - pin oak"}},{"type":"Feature","geometry":{"type":"Point","coordinates":[-73.98166019542086,40.71060966980901]},"properties":{"tpcondition":"Dead","stumpdiameter":"17","riskratingdate":null,"riskrating":null,"objectid":"5107811","globalid":"CC9B4E23-4301-4A84-B9D4-AE41724F5744","tpstructure":"Retired","plantingspaceglobalid":"CC9B4E23-4301-4A84-B9D4-AE41724F5744","createddate":"2017-11-15 11:11:11.0000000","dbh":"13","planteddate":null,"updateddate":"2018-08-08 12:50:15.0000000","geometry":"POINT(-73.98166019542086 40.71060966980901)","genusspecies":"Platanus x acerifolia - London planetree"}},{"type":"Feature","geometry":{"type":"Point","coordinates":[-73.9880961234969,40.7418612422018]},"properties":{"tpcondition":"Good","stumpdiameter":"0","riskratingdate":null,"riskrating":null,"objectid":"5107812","globalid":"1FFFA53D-45D6-418C-BE51-A53FE71532CB","tpstructure":"Retired","plantingspaceglobalid":"1FFFA53D-45D6-418C-BE51-A53FE71532CB","createddate":"2017-11-15 11:11:11.0000000","dbh":"45","planteddate":null,"updateddate":"2018-01-09 14:02:04.0000000","geometry":"POINT(-73.9880961234969 40.7418612422018)","genusspecies":"Ulmus americana - American elm"}},{"type":"Feature","geometry":{"type":"Point","coordinates":[-74.01571322074436,40.70176667173319]},"properties":{"tpcondition":"Good","stumpdiameter":"0","riskratingdate":null,"riskrating":null,"objectid":"5107813","globalid":"96BC8E7D-BFFE-4BF8-95D0-6C693F1AAA25","tpstructure":"Full","plantingspaceglobalid":"96BC8E7D-BFFE-4BF8-95D0-6C693F1AAA25","createddate":"2017-11-15 11:11:11.0000000","dbh":"11","planteddate":null,"updateddate":null,"geometry":"POINT(-74.01571322074436 40.70176667173319)","genusspecies":"Platanus x acerifolia - London planetree"}},{"type":"Feature","geometry":{"type":"Point","coordinates":[-73.98371322991821,40.62368510067402]},"properties":{"tpcondition":"Poor","stumpdiameter":"0","riskratingdate":null,"riskrating":null,"objectid":"5107814","globalid":"8671DC7A-630E-484A-8F16-5AFF69D9DAE5","tpstructure":"Full","plantingspaceglobalid":"8671DC7A-630E-484A-8F16-5AFF69D9DAE5","createddate":"2017-11-15 11:11:11.0000000","dbh":"4","planteddate":null,"updateddate":null,"geometry":"POINT(-73.98371322991821 40.62368510067402)","genusspecies":"Gleditsia triacanthos var. inermis - Thornless honeylocust"}},{"type":"Feature","geometry":{"type":"Point","coordinates":[-73.87591100605596,40.877689862615796]},"properties":{"tpcondition":"Fair","stumpdiameter":null,"riskratingdate":"2023-09-14 18:04:26.0000000","riskrating":"8","objectid":"5107815","globalid":"0F3F5284-B0BF-4E09-BA0D-59FBC1C17735","tpstructure":"Full","plantingspaceglobalid":"0F3F5284-B0BF-4E09-BA0D-59FBC1C17735","createddate":"2017-11-15 11:11:11.0000000","dbh":"23","planteddate":null,"updateddate":"2023-09-14 18:04:26.0000000","geometry":"POINT(-73.87591100605596 40.877689862615796)","genusspecies":"Quercus ellipsoidalis - northern pin oak"}},{"type":"Feature","geometry":{"type":"Point","coordinates":[-73.91721072393977,40.88043527459083]},"properties":{"tpcondition":"Good","stumpdiameter":null,"riskratingdate":"2024-08-12 14:12:13.0000000","riskrating":"5","objectid":"5107816","globalid":"31148CB8-91E4-4086-A411-2CC5463E356B","tpstructure":"Full","plantingspaceglobalid":"31148CB8-91E4-4086-A411-2CC5463E356B","createddate":"2017-11-15 11:11:11.0000000","dbh":"20","planteddate":null,"updateddate":"2024-08-12 14:12:13.0000000","geometry":"POINT(-73.91721072393977 40.88043527459083)","genusspecies":"Acer platanoides - Norway maple"}},{"type":"Feature","geometry":{"type":"Point","coordinates":[-73.98409487749808,40.67246681740174]},"properties":{"tpcondition":"Good","stumpdiameter":"0","riskratingdate":null,"riskrating":null,"objectid":"5107817","globalid":"8E49C784-E5F0-4817-A692-1BA22BC7D2E4","tpstructure":"Full","plantingspaceglobalid":"8E49C784-E5F0-4817-A692-1BA22BC7D2E4","createddate":"2017-11-15 11:11:11.0000000","dbh":"10","planteddate":null,"updateddate":null,"geometry":"POINT(-73.98409487749808 40.67246681740174)","genusspecies":"Zelkova serrata - Japanese zelkova"}},{"type":"Feature","geometry":{"type":"Point","coordinates":[-73.7678095503089,40.77357775041801]},"properties":{"tpcondition":"Poor","stumpdiameter":"0","riskratingdate":null,"riskrating":null,"objectid":"5107818","globalid":"EC621960-EE14-41B7-A850-0E2E5C760903","tpstructure":"Full","plantingspaceglobalid":"EC621960-EE14-41B7-A850-0E2E5C760903","createddate":"2017-11-15 11:11:11.0000000","dbh":"9","planteddate":null,"updateddate":null,"geometry":"POINT(-73.7678095503089 40.77357775041801)","genusspecies":"Gleditsia triacanthos var. inermis - Thornless honeylocust"}},{"type":"Feature","geometry":{"type":"Point","coordinates":[-73.89794205580996,40.8639688302102]},"properties":{"tpcondition":"Fair","stumpdiameter":null,"riskratingdate":"2025-02-03 19:21:19.0000000","riskrating":"6","objectid":"5107819","globalid":"C43FF11B-7EDC-4687-90CF-0396D51EAFE7","tpstructure":"Full","plantingspaceglobalid":"C43FF11B-7EDC-4687-90CF-0396D51EAFE7","createddate":"2017-11-15 11:11:11.0000000","dbh":"30","planteddate":null,"updateddate":"2025-02-03 19:21:19.0000000","geometry":"POINT(-73.89794205580996 40.8639688302102)","genusspecies":"Acer platanoides - Norway maple"}},{"type":"Feature","geometry":{"type":"Point","coordinates":[-73.94192535358906,40.84664396824108]},"properties":{"tpcondition":"Fair","stumpdiameter":null,"riskratingdate":"2024-11-20 20:22:18.0000000","riskrating":"5","objectid":"5107820","globalid":"D4A7980B-404F-4245-BB04-FC69908D60E9","tpstructure":"Full","plantingspaceglobalid":"D4A7980B-404F-4245-BB04-FC69908D60E9","createddate":"2017-11-15 11:11:11.0000000","dbh":"6","planteddate":null,"updateddate":"2024-11-20 20:22:18.0000000","geometry":"POINT(-73.94192535358906 40.84664396824108)","genusspecies":"Crataegus - Hawthorn"}},{"type":"Feature","geometry":{"type":"Point","coordinates":[-73.89742724939205,40.86488926769713]},"properties":{"tpcondition":"Good","stumpdiameter":null,"riskratingdate":"2025-02-03 15:28:04.0000000","riskrating":"5","objectid":"5107821","globalid":"28A37034-0491-4B2B-BB7D-E0768693E9E9","tpstructure":"Full","plantingspaceglobalid":"28A37034-0491-4B2B-BB7D-E0768693E9E9","createddate":"2017-11-15 11:11:11.0000000","dbh":"11","planteddate":null,"updateddate":"2025-02-03 15:28:04.0000000","geometry":"POINT(-73.89742724939205 40.86488926769713)","genusspecies":"Gleditsia triacanthos var. inermis - Thornless honeylocust"}},{"type":"Feature","geometry":{"type":"Point","coordinates":[-73.9223134886807,40.86992753631963]},"properties":{"tpcondition":"Good","stumpdiameter":"0","riskratingdate":null,"riskrating":null,"objectid":"5107822","globalid":"BEDFF630-95E1-4075-94AC-BF18713E832F","tpstructure":"Full","plantingspaceglobalid":"BEDFF630-95E1-4075-94AC-BF18713E832F","createddate":"2017-11-15 11:11:11.0000000","dbh":"27","planteddate":null,"updateddate":null,"geometry":"POINT(-73.9223134886807 40.86992753631963)","genusspecies":"Quercus palustris - pin oak"}},{"type":"Feature","geometry":{"type":"Point","coordinates":[-73.95129698860136,40.828479458421235]},"properties":{"tpcondition":"Good","stumpdiameter":"0","riskratingdate":null,"riskrating":null,"objectid":"5107823","globalid":"956CC22A-6446-4BB2-ADA5-B23614E1613E","tpstructure":"Full","plantingspaceglobalid":"956CC22A-6446-4BB2-ADA5-B23614E1613E","createddate":"2017-11-15 11:11:11.0000000","dbh":"25","planteddate":null,"updateddate":null,"geometry":"POINT(-73.95129698860136 40.828479458421235)","genusspecies":"Acer platanoides - Norway maple"}},{"type":"Feature","geometry":{"type":"Point","coordinates":[-73.93446912038773,40.792640042221926]},"properties":{"tpcondition":"Good","stumpdiameter":null,"riskratingdate":"2025-07-01 15:34:29.0000000","riskrating":"3","objectid":"5107824","globalid":"D5B8B0B8-81E7-42DA-A10E-AEF4252B947A","tpstructure":"Full","plantingspaceglobalid":"D5B8B0B8-81E7-42DA-A10E-AEF4252B947A","createddate":"2017-11-15 11:11:11.0000000","dbh":"9","planteddate":null,"updateddate":"2025-07-01 15:34:29.0000000","geometry":"POINT(-73.93446912038773 40.792640042221926)","genusspecies":"Prunus - Cherry"}},{"type":"Feature","geometry":{"type":"Point","coordinates":[-73.91811329958831,40.882289659222245]},"properties":{"tpcondition":"Good","stumpdiameter":null,"riskratingdate":"2024-08-07 14:54:20.0000000","riskrating":"5","objectid":"5107825","globalid":"BE9426A6-EEE7-4F91-9DB7-91E31A52FC6E","tpstructure":"Full","plantingspaceglobalid":"BE9426A6-EEE7-4F91-9DB7-91E31A52FC6E","createddate":"2017-11-15 11:11:11.0000000","dbh":"19","planteddate":null,"updateddate":"2024-08-07 14:54:20.0000000","geometry":"POINT(-73.91811329958831 40.882289659222245)","genusspecies":"Liquidambar styraciflua - sweetgum"}},{"type":"Feature","geometry":{"type":"Point","coordinates":[-73.9197972175076,40.87104814136766]},"properties":{"tpcondition":"Dead","stumpdiameter":"0","riskratingdate":null,"riskrating":null,"objectid":"5107828","globalid":"A27F02C9-87DA-4027-8730-49359E1B8F82","tpstructure":"Full","plantingspaceglobalid":"A27F02C9-87DA-4027-8730-49359E1B8F82","createddate":"2017-11-15 11:11:11.0000000","dbh":"4","planteddate":null,"updateddate":null,"geometry":"POINT(-73.9197972175076 40.87104814136766)","genusspecies":"Unknown - Unknown"}},{"type":"Feature","geometry":{"type":"Point","coordinates":[-74.16134299385506,40.61573264848138]},"properties":{"tpcondition":"Fair","stumpdiameter":"0","riskratingdate":null,"riskrating":null,"objectid":"5107829","globalid":"EF205129-C143-4F39-81F4-2E6CAB2DDAA0","tpstructure":"Full","plantingspaceglobalid":"EF205129-C143-4F39-81F4-2E6CAB2DDAA0","createddate":"2017-11-15 11:11:11.0000000","dbh":"3","planteddate":null,"updateddate":null,"geometry":"POINT(-74.16134299385506 40.61573264848138)","genusspecies":"Quercus palustris - pin oak"}},{"type":"Feature","geometry":{"type":"Point","coordinates":[-73.94033034187416,40.83208174660703]},"properties":{"tpcondition":"Good","stumpdiameter":"0","riskratingdate":null,"riskrating":null,"objectid":"5107830","globalid":"9162F10E-5D1B-47FF-8EE8-2C688076622E","tpstructure":"Full","plantingspaceglobalid":"9162F10E-5D1B-47FF-8EE8-2C688076622E","createddate":"2017-11-15 11:11:11.0000000","dbh":"1","planteddate":null,"updateddate":null,"geometry":"POINT(-73.94033034187416 40.83208174660703)","genusspecies":"Pinus strobus - eastern white pine"}},{"type":"Feature","geometry":{"type":"Point","coordinates":[-73.93899937783094,40.62867735758705]},"properties":{"tpcondition":"Dead","stumpdiameter":null,"riskratingdate":"2024-05-11 18:11:00.0000000","riskrating":"8","objectid":"5107831","globalid":"C05284A1-B42E-4D3B-B788-E155584F6BF4","tpstructure":"Stump","plantingspaceglobalid":"C05284A1-B42E-4D3B-B788-E155584F6BF4","createddate":"2017-11-15 11:11:00.0000000","dbh":"16","planteddate":null,"updateddate":"2024-11-14 14:29:00.0000000","geometry":"POINT(-73.93899937783094 40.62867735758705)","genusspecies":"Betula papyrifera - paper birch"}},{"type":"Feature","geometry":{"type":"Point","coordinates":[-73.9241535413193,40.8343482481717]},"properties":{"tpcondition":"Poor","stumpdiameter":null,"riskratingdate":"2025-07-14 14:41:53.0000000","riskrating":"6","objectid":"5107834","globalid":"96A5AC57-7FBA-40AF-9976-BC6D993DCC3F","tpstructure":"Full","plantingspaceglobalid":"96A5AC57-7FBA-40AF-9976-BC6D993DCC3F","createddate":"2017-11-15 11:11:11.0000000","dbh":"29","planteddate":null,"updateddate":"2025-07-14 14:41:53.0000000","geometry":"POINT(-73.9241535413193 40.8343482481717)","genusspecies":"Acer platanoides - Norway maple"}},{"type":"Feature","geometry":{"type":"Point","coordinates":[-73.93598320518555,40.792856552333426]},"properties":{"tpcondition":"Fair","stumpdiameter":null,"riskratingdate":"2025-07-07 15:08:56.0000000","riskrating":"5","objectid":"5107835","globalid":"832460DB-61DA-433B-90FF-8A19599D7291","tpstructure":"Full","plantingspaceglobalid":"832460DB-61DA-433B-90FF-8A19599D7291","createddate":"2017-11-15 11:11:11.0000000","dbh":"36","planteddate":null,"updateddate":"2025-07-07 15:08:56.0000000","geometry":"POINT(-73.93598320518555 40.792856552333426)","genusspecies":"Platanus x acerifolia - London planetree"}},{"type":"Feature","geometry":{"type":"Point","coordinates":[-73.92166100330407,40.870461564596155]},"properties":{"tpcondition":"Good","stumpdiameter":null,"riskratingdate":"2022-01-26 17:58:29.0000000","riskrating":"9","objectid":"5107837","globalid":"8C2DADE6-DF23-470E-AF10-7D692AF482D3","tpstructure":"Full","plantingspaceglobalid":"8C2DADE6-DF23-470E-AF10-7D692AF482D3","createddate":"2017-11-15 11:11:11.0000000","dbh":"20","planteddate":null,"updateddate":"2022-01-26 17:58:29.0000000","geometry":"POINT(-73.92166100330407 40.870461564596155)","genusspecies":"Liquidambar styraciflua - sweetgum"}},{"type":"Feature","geometry":{"type":"Point","coordinates":[-73.92250795341616,40.82962665673288]},"properties":{"tpcondition":"Good","stumpdiameter":null,"riskratingdate":"2024-05-03 11:43:01.0000000","riskrating":"8","objectid":"5107838","globalid":"7302552B-7B4A-4AEE-91FB-60CC0659B627","tpstructure":"Full","plantingspaceglobalid":"7302552B-7B4A-4AEE-91FB-60CC0659B627","createddate":"2017-11-15 11:11:11.0000000","dbh":"13","planteddate":null,"updateddate":"2024-05-03 11:43:01.0000000","geometry":"POINT(-73.92250795341616 40.82962665673288)","genusspecies":"Cedrus atlantica - Atlas cedar"}},{"type":"Feature","geometry":{"type":"Point","coordinates":[-73.90995827278667,40.882798606758584]},"properties":{"tpcondition":"Good","stumpdiameter":"0","riskratingdate":"2019-09-12 09:58:59.0000000","riskrating":"3","objectid":"5107840","globalid":"8E866E10-EE48-48E9-B72F-25AC82AD0496","tpstructure":"Full","plantingspaceglobalid":"8E866E10-EE48-48E9-B72F-25AC82AD0496","createddate":"2017-11-15 11:11:11.0000000","dbh":"3","planteddate":null,"updateddate":"2019-09-12 13:59:00.0000000","geometry":"POINT(-73.90995827278667 40.882798606758584)","genusspecies":"Pinus strobus - eastern white pine"}},{"type":"Feature","geometry":{"type":"Point","coordinates":[-73.97862656234177,40.71219425764532]},"properties":{"tpcondition":"Good","stumpdiameter":"0","riskratingdate":null,"riskrating":null,"objectid":"5107841","globalid":"23970788-952C-4937-AA4B-14334D4DCBB1","tpstructure":"Full","plantingspaceglobalid":"23970788-952C-4937-AA4B-14334D4DCBB1","createddate":"2017-11-15 11:11:11.0000000","dbh":"1","planteddate":null,"updateddate":null,"geometry":"POINT(-73.97862656234177 40.71219425764532)","genusspecies":"Pinus - pine"}},{"type":"Feature","geometry":{"type":"Point","coordinates":[-73.90531375109872,40.90197558796895]},"properties":{"tpcondition":"Good","stumpdiameter":"0","riskratingdate":"2019-09-17 09:42:08.0000000","riskrating":"3","objectid":"5107842","globalid":"2831428F-7024-4194-89F9-EA40D444EE37","tpstructure":"Full","plantingspaceglobalid":"2831428F-7024-4194-89F9-EA40D444EE37","createddate":"2017-11-15 11:11:11.0000000","dbh":"22","planteddate":null,"updateddate":"2019-09-17 13:42:10.0000000","geometry":"POINT(-73.90531375109872 40.90197558796895)","genusspecies":"Liquidambar styraciflua - sweetgum"}},{"type":"Feature","geometry":{"type":"Point","coordinates":[-73.94805948668575,40.75746420782117]},"properties":{"tpcondition":"Good","stumpdiameter":null,"riskratingdate":"2022-07-05 16:39:24.0000000","riskrating":"8","objectid":"5107843","globalid":"302E5ECC-8211-4277-9694-E94115C74353","tpstructure":"Full","plantingspaceglobalid":"302E5ECC-8211-4277-9694-E94115C74353","createddate":"2017-11-15 11:11:11.0000000","dbh":"24","planteddate":null,"updateddate":"2022-07-05 16:39:24.0000000","geometry":"POINT(-73.94805948668575 40.75746420782117)","genusspecies":"Platanus x acerifolia - London planetree"}},{"type":"Feature","geometry":{"type":"Point","coordinates":[-73.99062550397596,40.722999847354224]},"properties":{"tpcondition":"Fair","stumpdiameter":null,"riskratingdate":"2024-10-28 15:47:57.0000000","riskrating":"7","objectid":"5107844","globalid":"4A501006-C4B5-4742-BCD7-E17D91C44B12","tpstructure":"Full","plantingspaceglobalid":"4A501006-C4B5-4742-BCD7-E17D91C44B12","createddate":"2017-11-15 11:11:11.0000000","dbh":"18","planteddate":null,"updateddate":"2024-10-28 15:47:57.0000000","geometry":"POINT(-73.99062550397596 40.722999847354224)","genusspecies":"Platanus x acerifolia - London planetree"}},{"type":"Feature","geometry":{"type":"Point","coordinates":[-73.80706158391853,40.66756298309135]},"properties":{"tpcondition":"Dead","stumpdiameter":"10","riskratingdate":null,"riskrating":null,"objectid":"5107845","globalid":"61363231-F2BA-4A60-8231-A5E782A69A17","tpstructure":"Retired","plantingspaceglobalid":"61363231-F2BA-4A60-8231-A5E782A69A17","createddate":"2017-11-15 11:11:00.0000000","dbh":"9","planteddate":null,"updateddate":"2024-06-21 11:37:22.0000000","geometry":"POINT(-73.80706158391853 40.66756298309135)","genusspecies":"Pyrus calleryana - Callery pear"}},{"type":"Feature","geometry":{"type":"Point","coordinates":[-73.97259825006144,40.72434154284345]},"properties":{"tpcondition":"Fair","stumpdiameter":"21","riskratingdate":"2019-11-23 19:19:00.0000000","riskrating":"7","objectid":"5107846","globalid":"5103671C-6448-4566-8A31-76503A7FB0D5","tpstructure":"Stump","plantingspaceglobalid":"5103671C-6448-4566-8A31-76503A7FB0D5","createddate":"2017-11-15 11:11:00.0000000","dbh":"10","planteddate":null,"updateddate":"2020-03-23 17:59:03.0000000","geometry":"POINT(-73.97259825006144 40.72434154284345)","genusspecies":"Gleditsia triacanthos var. inermis - Thornless honeylocust"}},{"type":"Feature","geometry":{"type":"Point","coordinates":[-73.99247156860612,40.71934499356548]},"properties":{"tpcondition":"Good","stumpdiameter":null,"riskratingdate":"2022-01-03 20:11:59.0000000","riskrating":"3","objectid":"5107847","globalid":"FE97673C-03D2-4173-B2AF-6A601B4B4BE5","tpstructure":"Full","plantingspaceglobalid":"FE97673C-03D2-4173-B2AF-6A601B4B4BE5","createddate":"2017-11-15 11:11:11.0000000","dbh":"4","planteddate":null,"updateddate":"2022-01-03 20:11:59.0000000","geometry":"POINT(-73.99247156860612 40.71934499356548)","genusspecies":"Lagerstroemia - lagerstroemia"}},{"type":"Feature","geometry":{"type":"Point","coordinates":[-73.97642674014745,40.79402767621283]},"properties":{"tpcondition":"Good","stumpdiameter":"0","riskratingdate":null,"riskrating":null,"objectid":"5107848","globalid":"2F03B114-6EB5-47CF-92B7-43B229908A03","tpstructure":"Full","plantingspaceglobalid":"2F03B114-6EB5-47CF-92B7-43B229908A03","createddate":"2017-11-15 11:11:11.0000000","dbh":"28","planteddate":null,"updateddate":null,"geometry":"POINT(-73.97642674014745 40.79402767621283)","genusspecies":"Ulmus pumila - Siberian elm"}},{"type":"Feature","geometry":{"type":"Point","coordinates":[-73.98209865727983,40.62338849752752]},"properties":{"tpcondition":"Fair","stumpdiameter":"0","riskratingdate":null,"riskrating":null,"objectid":"5107851","globalid":"8F862B5D-0233-4399-AA3C-11C68209DAF4","tpstructure":"Full","plantingspaceglobalid":"8F862B5D-0233-4399-AA3C-11C68209DAF4","createddate":"2017-11-15 11:11:11.0000000","dbh":"3","planteddate":null,"updateddate":null,"geometry":"POINT(-73.98209865727983 40.62338849752752)","genusspecies":"Quercus bicolor - swamp white oak"}},{"type":"Feature","geometry":{"type":"Point","coordinates":[-73.94307130371168,40.72538769032156]},"properties":{"tpcondition":"Good","stumpdiameter":"0","riskratingdate":null,"riskrating":null,"objectid":"5107852","globalid":"ADD1F297-BAAE-4A48-BFEA-017E4430DD3B","tpstructure":"Retired","plantingspaceglobalid":"ADD1F297-BAAE-4A48-BFEA-017E4430DD3B","createddate":"2017-11-15 11:11:11.0000000","dbh":"6","planteddate":null,"updateddate":"2023-02-04 19:25:38.0000000","geometry":"POINT(-73.94307130371168 40.72538769032156)","genusspecies":"Cercis canadensis - eastern redbud"}},{"type":"Feature","geometry":{"type":"Point","coordinates":[-74.08529110952125,40.617930539121396]},"properties":{"tpcondition":"Fair","stumpdiameter":null,"riskratingdate":"2024-11-27 16:04:35.0000000","riskrating":"8","objectid":"5107853","globalid":"4AC1B731-EA79-448C-8082-F9A108DFDC6B","tpstructure":"Full","plantingspaceglobalid":"4AC1B731-EA79-448C-8082-F9A108DFDC6B","createddate":"2017-11-15 11:11:11.0000000","dbh":"24","planteddate":null,"updateddate":"2024-11-27 16:04:35.0000000","geometry":"POINT(-74.08529110952125 40.617930539121396)","genusspecies":"Acer platanoides - Norway maple"}},{"type":"Feature","geometry":{"type":"Point","coordinates":[-73.92453672681185,40.8318511823008]},"properties":{"tpcondition":"Good","stumpdiameter":"0","riskratingdate":null,"riskrating":null,"objectid":"5107854","globalid":"E94C9111-4DDF-41E3-ABFA-EC06323527A3","tpstructure":"Full","plantingspaceglobalid":"E94C9111-4DDF-41E3-ABFA-EC06323527A3","createddate":"2017-11-15 11:11:11.0000000","dbh":"8","planteddate":null,"updateddate":null,"geometry":"POINT(-73.92453672681185 40.8318511823008)","genusspecies":"Liquidambar styraciflua - sweetgum"}},{"type":"Feature","geometry":{"type":"Point","coordinates":[-74.14553331683705,40.62466164980606]},"properties":{"tpcondition":"Fair","stumpdiameter":null,"riskratingdate":"2022-05-04 15:07:18.0000000","riskrating":"6","objectid":"5107856","globalid":"570E28A5-8F4E-44E8-8606-CF8073B96B9A","tpstructure":"Full","plantingspaceglobalid":"570E28A5-8F4E-44E8-8606-CF8073B96B9A","createddate":"2017-11-15 11:11:11.0000000","dbh":"6","planteddate":null,"updateddate":"2022-05-04 15:07:18.0000000","geometry":"POINT(-74.14553331683705 40.62466164980606)","genusspecies":"Gleditsia triacanthos var. inermis - Thornless honeylocust"}},{"type":"Feature","geometry":{"type":"Point","coordinates":[-73.98409868758944,40.62281769776689]},"properties":{"tpcondition":"Good","stumpdiameter":"0","riskratingdate":null,"riskrating":null,"objectid":"5107857","globalid":"A156CE69-DEB0-4C19-8160-73514E86AB20","tpstructure":"Full","plantingspaceglobalid":"A156CE69-DEB0-4C19-8160-73514E86AB20","createddate":"2017-11-15 11:11:11.0000000","dbh":"2","planteddate":null,"updateddate":null,"geometry":"POINT(-73.98409868758944 40.62281769776689)","genusspecies":"Juniperus virginiana - eastern redcedar"}},{"type":"Feature","geometry":{"type":"Point","coordinates":[-73.89842641734074,40.86584519231581]},"properties":{"tpcondition":"Good","stumpdiameter":null,"riskratingdate":"2025-03-25 12:29:23.0000000","riskrating":"6","objectid":"5107859","globalid":"EAF8EE22-3735-4B27-BB7E-6CF49118834E","tpstructure":"Full","plantingspaceglobalid":"EAF8EE22-3735-4B27-BB7E-6CF49118834E","createddate":"2017-11-15 11:11:11.0000000","dbh":"14","planteddate":null,"updateddate":"2025-03-25 12:29:23.0000000","geometry":"POINT(-73.89842641734074 40.86584519231581)","genusspecies":"Metasequoia glyptostroboides - dawn redwood"}},{"type":"Feature","geometry":{"type":"Point","coordinates":[-73.80489777352162,40.59035005542242]},"properties":{"tpcondition":"Good","stumpdiameter":"0","riskratingdate":null,"riskrating":null,"objectid":"5107861","globalid":"4E0B2E33-A0E8-400E-87E9-39B44D87CBF0","tpstructure":"Full","plantingspaceglobalid":"4E0B2E33-A0E8-400E-87E9-39B44D87CBF0","createddate":"2017-11-15 11:11:11.0000000","dbh":"8","planteddate":null,"updateddate":null,"geometry":"POINT(-73.80489777352162 40.59035005542242)","genusspecies":"Morus - mulberry"}},{"type":"Feature","geometry":{"type":"Point","coordinates":[-73.77006118264558,40.773558440125015]},"properties":{"tpcondition":"Dead","stumpdiameter":null,"riskratingdate":"2020-05-07 16:44:33.0000000","riskrating":"6","objectid":"5107862","globalid":"EA732575-BCE0-4FA1-98BD-06CC13ABFA51","tpstructure":"Full","plantingspaceglobalid":"EA732575-BCE0-4FA1-98BD-06CC13ABFA51","createddate":"2017-11-15 11:11:11.0000000","dbh":"5","planteddate":null,"updateddate":"2020-05-07 16:44:33.0000000","geometry":"POINT(-73.77006118264558 40.773558440125015)","genusspecies":"Crataegus - Hawthorn"}},{"type":"Feature","geometry":{"type":"Point","coordinates":[-73.98351457833327,40.67277053377927]},"properties":{"tpcondition":"Dead","stumpdiameter":"2","riskratingdate":"2021-08-12 16:09:00.0000000","riskrating":"4","objectid":"5107863","globalid":"D8B5048F-C85F-40AA-B533-FE53CF6E56DC","tpstructure":"Retired","plantingspaceglobalid":"D8B5048F-C85F-40AA-B533-FE53CF6E56DC","createddate":"2017-11-15 11:11:00.0000000","dbh":"2","planteddate":null,"updateddate":"2025-04-14 19:09:00.0000000","geometry":"POINT(-73.98351457833327 40.67277053377927)","genusspecies":"Zelkova serrata - Japanese zelkova"}},{"type":"Feature","geometry":{"type":"Point","coordinates":[-73.94358731107246,40.723327459553836]},"properties":{"tpcondition":"Fair","stumpdiameter":null,"riskratingdate":"2023-01-28 17:39:26.0000000","riskrating":"7","objectid":"5107864","globalid":"0AD30947-7711-41E5-8D7B-F4BAF9454C5C","tpstructure":"Full","plantingspaceglobalid":"0AD30947-7711-41E5-8D7B-F4BAF9454C5C","createddate":"2017-11-15 11:11:11.0000000","dbh":"8","planteddate":null,"updateddate":"2023-01-28 17:39:26.0000000","geometry":"POINT(-73.94358731107246 40.723327459553836)","genusspecies":"Carpinus caroliniana - American hornbeam"}},{"type":"Feature","geometry":{"type":"Point","coordinates":[-73.97245998496268,40.72452606850049]},"properties":{"tpcondition":"Good","stumpdiameter":"0","riskratingdate":null,"riskrating":null,"objectid":"5107865","globalid":"1C4AD66B-0006-4E25-A68E-E10AF1429515","tpstructure":"Full","plantingspaceglobalid":"1C4AD66B-0006-4E25-A68E-E10AF1429515","createddate":"2017-11-15 11:11:11.0000000","dbh":"12","planteddate":null,"updateddate":null,"geometry":"POINT(-73.97245998496268 40.72452606850049)","genusspecies":"Gleditsia triacanthos var. inermis - Thornless honeylocust"}},{"type":"Feature","geometry":{"type":"Point","coordinates":[-73.92514252707717,40.83137830897353]},"properties":{"tpcondition":"Good","stumpdiameter":"0","riskratingdate":null,"riskrating":null,"objectid":"5107866","globalid":"7D5DF84E-A0CD-4C7F-B420-D77B386979B1","tpstructure":"Full","plantingspaceglobalid":"7D5DF84E-A0CD-4C7F-B420-D77B386979B1","createddate":"2017-11-15 11:11:11.0000000","dbh":"7","planteddate":null,"updateddate":null,"geometry":"POINT(-73.92514252707717 40.83137830897353)","genusspecies":"Quercus palustris - pin oak"}},{"type":"Feature","geometry":{"type":"Point","coordinates":[-73.87892038678112,40.876955278680114]},"properties":{"tpcondition":"Good","stumpdiameter":"0","riskratingdate":null,"riskrating":null,"objectid":"5107867","globalid":"D14D9C3E-C2C2-4D5E-8B68-C3B0E87883D1","tpstructure":"Full","plantingspaceglobalid":"D14D9C3E-C2C2-4D5E-8B68-C3B0E87883D1","createddate":"2017-11-15 11:11:00.0000000","dbh":"3","planteddate":"2015-11-21 05:00:00.0000000","updateddate":"2019-02-22 18:46:00.0000000","geometry":"POINT(-73.87892038678112 40.876955278680114)","genusspecies":"Quercus bicolor - swamp white oak"}},{"type":"Feature","geometry":{"type":"Point","coordinates":[-73.9184507643902,40.809338076063064]},"properties":{"tpcondition":"Good","stumpdiameter":"0","riskratingdate":null,"riskrating":null,"objectid":"5107868","globalid":"126B4787-0EB0-4F0D-90F0-957A629026CF","tpstructure":"Full","plantingspaceglobalid":"126B4787-0EB0-4F0D-90F0-957A629026CF","createddate":"2017-11-15 11:11:11.0000000","dbh":"3","planteddate":null,"updateddate":"2018-03-06 09:48:05.0000000","geometry":"POINT(-73.9184507643902 40.809338076063064)","genusspecies":"Morus - mulberry"}},{"type":"Feature","geometry":{"type":"Point","coordinates":[-73.91827434111113,40.86086186493736]},"properties":{"tpcondition":"Good","stumpdiameter":null,"riskratingdate":"2022-05-17 12:10:47.0000000","riskrating":"4","objectid":"5107869","globalid":"A404B84C-8839-4EF1-AFC0-922D8AAF1A3A","tpstructure":"Full","plantingspaceglobalid":"A404B84C-8839-4EF1-AFC0-922D8AAF1A3A","createddate":"2017-11-15 11:11:11.0000000","dbh":"6","planteddate":null,"updateddate":"2022-05-17 12:10:47.0000000","geometry":"POINT(-73.91827434111113 40.86086186493736)","genusspecies":"Gleditsia triacanthos var. inermis - Thornless honeylocust"}},{"type":"Feature","geometry":{"type":"Point","coordinates":[-73.89461693283519,40.84478870357339]},"properties":{"tpcondition":"Good","stumpdiameter":"0","riskratingdate":null,"riskrating":null,"objectid":"5107870","globalid":"CF2AA356-34F8-4181-8084-77922A60C4C5","tpstructure":"Full","plantingspaceglobalid":"CF2AA356-34F8-4181-8084-77922A60C4C5","createddate":"2017-11-15 11:11:11.0000000","dbh":"6","planteddate":null,"updateddate":"2018-01-30 14:00:38.0000000","geometry":"POINT(-73.89461693283519 40.84478870357339)","genusspecies":"Betula nigra - river birch"}},{"type":"Feature","geometry":{"type":"Point","coordinates":[-73.98074799010438,40.72626111821585]},"properties":{"tpcondition":"Good","stumpdiameter":"0","riskratingdate":null,"riskrating":null,"objectid":"5107871","globalid":"DA607209-108E-454C-A3D3-5E9C97E7C32F","tpstructure":"Full","plantingspaceglobalid":"DA607209-108E-454C-A3D3-5E9C97E7C32F","createddate":"2017-11-15 11:11:11.0000000","dbh":"3","planteddate":null,"updateddate":null,"geometry":"POINT(-73.98074799010438 40.72626111821585)","genusspecies":"Pinus strobus - eastern white pine"}},{"type":"Feature","geometry":{"type":"Point","coordinates":[-73.9746309674083,40.71616902229613]},"properties":{"tpcondition":"Dead","stumpdiameter":"0","riskratingdate":null,"riskrating":null,"objectid":"5107872","globalid":"90AB2C1D-FEFC-4FC9-9951-4DFCADA2693D","tpstructure":"Retired","plantingspaceglobalid":"90AB2C1D-FEFC-4FC9-9951-4DFCADA2693D","createddate":"2017-11-15 11:11:11.0000000","dbh":"4","planteddate":null,"updateddate":"2024-10-22 19:48:18.0000000","geometry":"POINT(-73.9746309674083 40.71616902229613)","genusspecies":"Crataegus - Hawthorn"}},{"type":"Feature","geometry":{"type":"Point","coordinates":[-73.97567147805869,40.71390707544288]},"properties":{"tpcondition":"Dead","stumpdiameter":"0","riskratingdate":null,"riskrating":null,"objectid":"5107874","globalid":"6FFE9F18-966E-4D5F-A0FD-83A292F78438","tpstructure":"Retired","plantingspaceglobalid":"6FFE9F18-966E-4D5F-A0FD-83A292F78438","createddate":"2017-11-15 11:11:11.0000000","dbh":"4","planteddate":null,"updateddate":"2024-10-22 19:48:18.0000000","geometry":"POINT(-73.97567147805869 40.71390707544288)","genusspecies":"Quercus palustris - pin oak"}},{"type":"Feature","geometry":{"type":"Point","coordinates":[-73.94921504508159,40.75684069033468]},"properties":{"tpcondition":"Excellent","stumpdiameter":"0","riskratingdate":null,"riskrating":null,"objectid":"5107875","globalid":"D14FF117-693F-40CA-AE9F-80D705A683C1","tpstructure":"Full","plantingspaceglobalid":"D14FF117-693F-40CA-AE9F-80D705A683C1","createddate":"2017-11-15 11:11:11.0000000","dbh":"3","planteddate":null,"updateddate":null,"geometry":"POINT(-73.94921504508159 40.75684069033468)","genusspecies":"Quercus bicolor - swamp white oak"}},{"type":"Feature","geometry":{"type":"Point","coordinates":[-73.90528011930233,40.672144381836894]},"properties":{"tpcondition":"Dead","stumpdiameter":"0","riskratingdate":null,"riskrating":null,"objectid":"5107876","globalid":"3B65F0C2-0CC6-49A2-976D-7077B1B2ACD5","tpstructure":"Full","plantingspaceglobalid":"3B65F0C2-0CC6-49A2-976D-7077B1B2ACD5","createddate":"2017-11-15 11:11:11.0000000","dbh":"4","planteddate":null,"updateddate":"2019-02-25 13:34:05.0000000","geometry":"POINT(-73.90528011930233 40.672144381836894)","genusspecies":"Quercus rubra - northern red oak"}},{"type":"Feature","geometry":{"type":"Point","coordinates":[-73.97464341202135,40.71643350387822]},"properties":{"tpcondition":"Dead","stumpdiameter":"0","riskratingdate":null,"riskrating":null,"objectid":"5107877","globalid":"0925BBC6-036B-4E5C-82BD-6E808E31E956","tpstructure":"Retired","plantingspaceglobalid":"0925BBC6-036B-4E5C-82BD-6E808E31E956","createddate":"2017-11-15 11:11:11.0000000","dbh":"15","planteddate":null,"updateddate":"2024-10-22 19:48:18.0000000","geometry":"POINT(-73.97464341202135 40.71643350387822)","genusspecies":"Gleditsia triacanthos var. inermis - Thornless honeylocust"}},{"type":"Feature","geometry":{"type":"Point","coordinates":[-73.79887243150924,40.712606942878786]},"properties":{"tpcondition":"Good","stumpdiameter":"0","riskratingdate":null,"riskrating":null,"objectid":"5107878","globalid":"00103288-A789-4BB9-AE02-6A8E87F53EFE","tpstructure":"Full","plantingspaceglobalid":"00103288-A789-4BB9-AE02-6A8E87F53EFE","createddate":"2017-11-15 11:11:11.0000000","dbh":"15","planteddate":null,"updateddate":null,"geometry":"POINT(-73.79887243150924 40.712606942878786)","genusspecies":"Pinus - pine"}},{"type":"Feature","geometry":{"type":"Point","coordinates":[-73.95396493090074,40.827697489459645]},"properties":{"tpcondition":"Good","stumpdiameter":null,"riskratingdate":"2024-08-19 17:22:04.0000000","riskrating":"6","objectid":"5107879","globalid":"A049B340-E6D3-4CFD-AEC4-317204EE1AD5","tpstructure":"Full","plantingspaceglobalid":"A049B340-E6D3-4CFD-AEC4-317204EE1AD5","createddate":"2017-11-15 11:11:11.0000000","dbh":"11","planteddate":null,"updateddate":"2024-08-19 17:22:04.0000000","geometry":"POINT(-73.95396493090074 40.827697489459645)","genusspecies":"Acer rubrum - red maple"}},{"type":"Feature","geometry":{"type":"Point","coordinates":[-74.01627707310325,40.702810681611915]},"properties":{"tpcondition":"Good","stumpdiameter":"0","riskratingdate":null,"riskrating":null,"objectid":"5107880","globalid":"92171E83-7732-4716-9AD2-2EA1DFE9AD53","tpstructure":"Full","plantingspaceglobalid":"92171E83-7732-4716-9AD2-2EA1DFE9AD53","createddate":"2017-11-15 11:11:11.0000000","dbh":"13","planteddate":null,"updateddate":null,"geometry":"POINT(-74.01627707310325 40.702810681611915)","genusspecies":"Platanus x acerifolia - London planetree"}},{"type":"Feature","geometry":{"type":"Point","coordinates":[-73.96859033267756,40.610045041083296]},"properties":{"tpcondition":"Good","stumpdiameter":"0","riskratingdate":"2020-01-30 17:30:50.0000000","riskrating":"5","objectid":"5107881","globalid":"27278B91-BDE8-4159-906A-10E4C7D228AB","tpstructure":"Full","plantingspaceglobalid":"27278B91-BDE8-4159-906A-10E4C7D228AB","createddate":"2017-11-15 11:11:00.0000000","dbh":"9","planteddate":null,"updateddate":"2020-01-30 17:30:50.0000000","geometry":"POINT(-73.96859033267756 40.610045041083296)","genusspecies":"Tilia cordata - littleleaf linden"}},{"type":"Feature","geometry":{"type":"Point","coordinates":[-73.94800901670466,40.75623101609951]},"properties":{"tpcondition":"Good","stumpdiameter":null,"riskratingdate":"2023-12-20 17:12:50.0000000","riskrating":"8","objectid":"5107882","globalid":"7EA835DC-595D-4138-9A6D-F46659DCF725","tpstructure":"Full","plantingspaceglobalid":"7EA835DC-595D-4138-9A6D-F46659DCF725","createddate":"2017-11-15 11:11:11.0000000","dbh":"22","planteddate":null,"updateddate":"2023-12-20 17:12:50.0000000","geometry":"POINT(-73.94800901670466 40.75623101609951)","genusspecies":"Platanus x acerifolia - London planetree"}},{"type":"Feature","geometry":{"type":"Point","coordinates":[-74.08517316520377,40.611660782611445]},"properties":{"tpcondition":"Good","stumpdiameter":null,"riskratingdate":"2021-12-29 12:49:50.0000000","riskrating":"3","objectid":"5107884","globalid":"18348B7F-3EEC-4E3A-BDC6-C07199DB9737","tpstructure":"Full","plantingspaceglobalid":"18348B7F-3EEC-4E3A-BDC6-C07199DB9737","createddate":"2017-11-15 11:11:11.0000000","dbh":"10","planteddate":null,"updateddate":"2021-12-29 12:49:50.0000000","geometry":"POINT(-74.08517316520377 40.611660782611445)","genusspecies":"Taxodium distichum - bald cypress"}},{"type":"Feature","geometry":{"type":"Point","coordinates":[-73.94959571126589,40.7553313251462]},"properties":{"tpcondition":"Fair","stumpdiameter":"0","riskratingdate":null,"riskrating":null,"objectid":"5107885","globalid":"7ED0AC84-34C3-4CE1-BBB0-95FBD186DDCE","tpstructure":"Full","plantingspaceglobalid":"7ED0AC84-34C3-4CE1-BBB0-95FBD186DDCE","createddate":"2017-11-15 11:11:11.0000000","dbh":"25","planteddate":null,"updateddate":null,"geometry":"POINT(-73.94959571126589 40.7553313251462)","genusspecies":"Quercus ellipsoidalis - northern pin oak"}},{"type":"Feature","geometry":{"type":"Point","coordinates":[-74.00197128862801,40.74143355186798]},"properties":{"tpcondition":"Good","stumpdiameter":null,"riskratingdate":"2023-09-26 11:16:02.0000000","riskrating":"8","objectid":"5107886","globalid":"3D3AD8FC-0F59-4A1E-A64D-84403CE7EDC7","tpstructure":"Full","plantingspaceglobalid":"3D3AD8FC-0F59-4A1E-A64D-84403CE7EDC7","createddate":"2017-11-15 11:11:11.0000000","dbh":"19","planteddate":null,"updateddate":"2023-09-26 11:16:02.0000000","geometry":"POINT(-74.00197128862801 40.74143355186798)","genusspecies":"Styphnolobium japonicum - Japanese pagoda tree"}},{"type":"Feature","geometry":{"type":"Point","coordinates":[-73.76256125752631,40.59269226182496]},"properties":{"tpcondition":"Good","stumpdiameter":"0","riskratingdate":null,"riskrating":null,"objectid":"5107887","globalid":"C281019F-203D-4B46-B425-4C83210D6B3A","tpstructure":"Full","plantingspaceglobalid":"C281019F-203D-4B46-B425-4C83210D6B3A","createddate":"2017-11-15 11:11:11.0000000","dbh":"3","planteddate":null,"updateddate":null,"geometry":"POINT(-73.76256125752631 40.59269226182496)","genusspecies":"Juniperus virginiana - eastern redcedar"}},{"type":"Feature","geometry":{"type":"Point","coordinates":[-73.95028252145663,40.768933670668154]},"properties":{"tpcondition":"Good","stumpdiameter":"0","riskratingdate":null,"riskrating":null,"objectid":"5107888","globalid":"18BCCDFD-74B0-4622-AC2F-4B315CE8A13E","tpstructure":"Retired","plantingspaceglobalid":"18BCCDFD-74B0-4622-AC2F-4B315CE8A13E","createddate":"2017-11-15 11:11:00.0000000","dbh":"11","planteddate":null,"updateddate":"2020-02-06 21:46:00.0000000","geometry":"POINT(-73.95028252145663 40.768933670668154)","genusspecies":"Platanus x acerifolia - London planetree"}},{"type":"Feature","geometry":{"type":"Point","coordinates":[-73.84669733337361,40.785602439806524]},"properties":{"tpcondition":"Fair","stumpdiameter":null,"riskratingdate":"2024-04-19 12:58:03.0000000","riskrating":"9","objectid":"5107889","globalid":"C62256C1-895F-44B7-AB7C-3E51F9590568","tpstructure":"Full","plantingspaceglobalid":"C62256C1-895F-44B7-AB7C-3E51F9590568","createddate":"2017-11-15 11:11:11.0000000","dbh":"22","planteddate":null,"updateddate":"2024-04-19 12:58:03.0000000","geometry":"POINT(-73.84669733337361 40.785602439806524)","genusspecies":"Quercus rubra - northern red oak"}},{"type":"Feature","geometry":{"type":"Point","coordinates":[-73.93482887738801,40.81865872412471]},"properties":{"tpcondition":"Dead","stumpdiameter":"3","riskratingdate":null,"riskrating":null,"objectid":"5107890","globalid":"AF5E5823-1D7C-40F6-960A-2B81B1E65003","tpstructure":"Retired","plantingspaceglobalid":"AF5E5823-1D7C-40F6-960A-2B81B1E65003","createddate":"2017-11-15 11:11:00.0000000","dbh":"0","planteddate":null,"updateddate":"2022-01-31 18:14:00.0000000","geometry":"POINT(-73.93482887738801 40.81865872412471)","genusspecies":"Unknown - Unknown"}},{"type":"Feature","geometry":{"type":"Point","coordinates":[-73.9249646237428,40.83144398358041]},"properties":{"tpcondition":"Good","stumpdiameter":"0","riskratingdate":null,"riskrating":null,"objectid":"5107891","globalid":"8A5D7344-D7EA-44ED-9931-0150319EF8CF","tpstructure":"Full","plantingspaceglobalid":"8A5D7344-D7EA-44ED-9931-0150319EF8CF","createddate":"2017-11-15 11:11:11.0000000","dbh":"6","planteddate":null,"updateddate":null,"geometry":"POINT(-73.9249646237428 40.83144398358041)","genusspecies":"Liquidambar styraciflua - sweetgum"}},{"type":"Feature","geometry":{"type":"Point","coordinates":[-73.95756689378564,40.821670334550376]},"properties":{"tpcondition":"Good","stumpdiameter":null,"riskratingdate":"2025-09-09 13:59:48.0000000","riskrating":"6","objectid":"5107892","globalid":"CBFE42CD-7A8E-4E41-9B6A-F93CB282F6D8","tpstructure":"Full","plantingspaceglobalid":"CBFE42CD-7A8E-4E41-9B6A-F93CB282F6D8","createddate":"2017-11-15 11:11:11.0000000","dbh":"9","planteddate":null,"updateddate":"2025-09-09 13:59:48.0000000","geometry":"POINT(-73.95756689378564 40.821670334550376)","genusspecies":"Tilia tomentosa - silver linden"}},{"type":"Feature","geometry":{"type":"Point","coordinates":[-73.87535232579185,40.70513267854694]},"properties":{"tpcondition":"Good","stumpdiameter":"0","riskratingdate":null,"riskrating":null,"objectid":"5107893","globalid":"C9D8496A-0475-4703-A808-E9CF0F8FECB6","tpstructure":"Full","plantingspaceglobalid":"C9D8496A-0475-4703-A808-E9CF0F8FECB6","createddate":"2017-11-15 11:11:11.0000000","dbh":"19","planteddate":null,"updateddate":null,"geometry":"POINT(-73.87535232579185 40.70513267854694)","genusspecies":"Quercus palustris - pin oak"}},{"type":"Feature","geometry":{"type":"Point","coordinates":[-74.01486051041603,40.70317228389899]},"properties":{"tpcondition":"Poor","stumpdiameter":"0","riskratingdate":"2020-08-20 20:49:00.0000000","riskrating":"6","objectid":"5107894","globalid":"7F42D613-6652-4B78-83B0-E1D8DB247541","tpstructure":"Stump","plantingspaceglobalid":"7F42D613-6652-4B78-83B0-E1D8DB247541","createddate":"2017-11-15 11:11:00.0000000","dbh":"5","planteddate":null,"updateddate":"2020-08-20 20:49:00.0000000","geometry":"POINT(-74.01486051041603 40.70317228389899)","genusspecies":"Gymnocladus dioicus - Kentucky coffeetree"}},{"type":"Feature","geometry":{"type":"Point","coordinates":[-73.94045828222217,40.84592991855118]},"properties":{"tpcondition":"Fair","stumpdiameter":null,"riskratingdate":"2024-11-22 20:00:23.0000000","riskrating":"5","objectid":"5107896","globalid":"AC924267-6CE9-4DAE-8DA7-7AEF794933B1","tpstructure":"Full","plantingspaceglobalid":"AC924267-6CE9-4DAE-8DA7-7AEF794933B1","createddate":"2017-11-15 11:11:11.0000000","dbh":"8","planteddate":null,"updateddate":"2024-11-22 20:00:23.0000000","geometry":"POINT(-73.94045828222217 40.84592991855118)","genusspecies":"Prunus - Cherry"}},{"type":"Feature","geometry":{"type":"Point","coordinates":[-73.76941889518386,40.773076623327114]},"properties":{"tpcondition":"Fair","stumpdiameter":"0","riskratingdate":"2019-06-07 11:40:29.0000000","riskrating":"3","objectid":"5107897","globalid":"B823FFD0-BA91-4FF8-9178-7466E62C7EFD","tpstructure":"Full","plantingspaceglobalid":"B823FFD0-BA91-4FF8-9178-7466E62C7EFD","createddate":"2017-11-15 11:11:11.0000000","dbh":"9","planteddate":null,"updateddate":"2019-06-07 15:40:30.0000000","geometry":"POINT(-73.76941889518386 40.773076623327114)","genusspecies":"Cornus florida - flowering dogwood"}},{"type":"Feature","geometry":{"type":"Point","coordinates":[-73.87603145977369,40.87889425587007]},"properties":{"tpcondition":"Good","stumpdiameter":"0","riskratingdate":null,"riskrating":null,"objectid":"5107899","globalid":"DAB7004A-D0D4-4075-937A-70540C6FD810","tpstructure":"Full","plantingspaceglobalid":"DAB7004A-D0D4-4075-937A-70540C6FD810","createddate":"2017-11-15 11:11:11.0000000","dbh":"2","planteddate":null,"updateddate":"2017-11-28 13:52:24.0000000","geometry":"POINT(-73.87603145977369 40.87889425587007)","genusspecies":"Acer pseudoplatanus - sycamore maple"}},{"type":"Feature","geometry":{"type":"Point","coordinates":[-74.16248876557736,40.536699594885356]},"properties":{"tpcondition":"Good","stumpdiameter":"0","riskratingdate":null,"riskrating":null,"objectid":"5107900","globalid":"3D7649FE-1061-4AF8-BFD6-65731D02D98B","tpstructure":"Full","plantingspaceglobalid":"3D7649FE-1061-4AF8-BFD6-65731D02D98B","createddate":"2017-11-15 11:11:11.0000000","dbh":"3","planteddate":null,"updateddate":null,"geometry":"POINT(-74.16248876557736 40.536699594885356)","genusspecies":"Quercus phellos - willow oak"}},{"type":"Feature","geometry":{"type":"Point","coordinates":[-73.97871722409405,40.71197772815262]},"properties":{"tpcondition":"Good","stumpdiameter":"0","riskratingdate":null,"riskrating":null,"objectid":"5107901","globalid":"D6605F9E-FD81-4337-AFEB-63331C35062B","tpstructure":"Full","plantingspaceglobalid":"D6605F9E-FD81-4337-AFEB-63331C35062B","createddate":"2017-11-15 11:11:11.0000000","dbh":"2","planteddate":null,"updateddate":null,"geometry":"POINT(-73.97871722409405 40.71197772815262)","genusspecies":"Tilia cordata - littleleaf linden"}},{"type":"Feature","geometry":{"type":"Point","coordinates":[-73.90821584949241,40.86298690501583]},"properties":{"tpcondition":"Good","stumpdiameter":"0","riskratingdate":"2019-10-29 18:39:59.0000000","riskrating":"3","objectid":"5107902","globalid":"2C3CCD87-D370-41C3-AAA9-0754804771DA","tpstructure":"Full","plantingspaceglobalid":"2C3CCD87-D370-41C3-AAA9-0754804771DA","createddate":"2017-11-15 11:11:11.0000000","dbh":"9","planteddate":null,"updateddate":"2019-10-29 18:39:59.0000000","geometry":"POINT(-73.90821584949241 40.86298690501583)","genusspecies":"Ginkgo biloba - maidenhair tree"}},{"type":"Feature","geometry":{"type":"Point","coordinates":[-73.92254492993207,40.74092655862109]},"properties":{"tpcondition":"Good","stumpdiameter":"0","riskratingdate":null,"riskrating":null,"objectid":"5107903","globalid":"0F02ED16-6DC7-43C7-A51B-DABC773BD853","tpstructure":"Full","plantingspaceglobalid":"0F02ED16-6DC7-43C7-A51B-DABC773BD853","createddate":"2017-11-15 11:11:11.0000000","dbh":"11","planteddate":null,"updateddate":null,"geometry":"POINT(-73.92254492993207 40.74092655862109)","genusspecies":"Ulmus americana - American elm"}},{"type":"Feature","geometry":{"type":"Point","coordinates":[-74.06069866924949,40.607092855782305]},"properties":{"tpcondition":"Fair","stumpdiameter":null,"riskratingdate":"2021-12-27 17:53:24.0000000","riskrating":"7","objectid":"5107904","globalid":"40B915D8-FE14-4965-8FA2-A6B019724390","tpstructure":"Full","plantingspaceglobalid":"40B915D8-FE14-4965-8FA2-A6B019724390","createddate":"2017-11-15 11:11:11.0000000","dbh":"34","planteddate":null,"updateddate":"2021-12-27 17:53:24.0000000","geometry":"POINT(-74.06069866924949 40.607092855782305)","genusspecies":"Styphnolobium japonicum 'Millstone' - 'Millstone' Japanese pagodatree"}},{"type":"Feature","geometry":{"type":"Point","coordinates":[-73.89408405719905,40.65443018402207]},"properties":{"tpcondition":"Fair","stumpdiameter":null,"riskratingdate":"2025-05-06 14:53:57.0000000","riskrating":"8","objectid":"5107905","globalid":"98527267-460A-4DE7-BEB1-8AED529B5C1D","tpstructure":"Full","plantingspaceglobalid":"98527267-460A-4DE7-BEB1-8AED529B5C1D","createddate":"2017-11-15 11:11:11.0000000","dbh":"21","planteddate":null,"updateddate":"2025-05-06 14:53:57.0000000","geometry":"POINT(-73.89408405719905 40.65443018402207)","genusspecies":"Platanus x acerifolia - London planetree"}},{"type":"Feature","geometry":{"type":"Point","coordinates":[-73.84732045339095,40.72651118366948]},"properties":{"tpcondition":"Good","stumpdiameter":"0","riskratingdate":null,"riskrating":null,"objectid":"5107906","globalid":"0B450AA3-1A51-4418-A4AD-782468D2B4E6","tpstructure":"Full","plantingspaceglobalid":"0B450AA3-1A51-4418-A4AD-782468D2B4E6","createddate":"2017-11-15 11:11:11.0000000","dbh":"16","planteddate":null,"updateddate":null,"geometry":"POINT(-73.84732045339095 40.72651118366948)","genusspecies":"Gleditsia triacanthos var. inermis - Thornless honeylocust"}},{"type":"Feature","geometry":{"type":"Point","coordinates":[-73.93602364969253,40.79371109805204]},"properties":{"tpcondition":"Fair","stumpdiameter":null,"riskratingdate":"2025-07-02 13:31:31.0000000","riskrating":"6","objectid":"5107907","globalid":"2630D255-1E2E-4AF4-9913-5553295100E8","tpstructure":"Full","plantingspaceglobalid":"2630D255-1E2E-4AF4-9913-5553295100E8","createddate":"2017-11-15 11:11:11.0000000","dbh":"13","planteddate":null,"updateddate":"2025-07-02 13:31:31.0000000","geometry":"POINT(-73.93602364969253 40.79371109805204)","genusspecies":"Platanus x acerifolia - London planetree"}},{"type":"Feature","geometry":{"type":"Point","coordinates":[-73.9811466477663,40.68693565180999]},"properties":{"tpcondition":"Fair","stumpdiameter":null,"riskratingdate":"2025-04-15 14:20:39.0000000","riskrating":"10","objectid":"5107908","globalid":"50DA3D7C-3CB0-4BF7-957B-359179D3C7A1","tpstructure":"Full","plantingspaceglobalid":"50DA3D7C-3CB0-4BF7-957B-359179D3C7A1","createddate":"2017-11-15 11:11:11.0000000","dbh":"29","planteddate":null,"updateddate":"2025-04-15 14:20:39.0000000","geometry":"POINT(-73.9811466477663 40.68693565180999)","genusspecies":"Platanus x acerifolia - London planetree"}},{"type":"Feature","geometry":{"type":"Point","coordinates":[-73.90999881415206,40.622312584902645]},"properties":{"tpcondition":"Good","stumpdiameter":"0","riskratingdate":"2020-03-18 18:27:31.0000000","riskrating":"5","objectid":"5107909","globalid":"0E6421E3-6667-4FEA-8469-346EC975973E","tpstructure":"Full","plantingspaceglobalid":"0E6421E3-6667-4FEA-8469-346EC975973E","createddate":"2017-11-15 11:11:11.0000000","dbh":"16","planteddate":null,"updateddate":"2020-03-18 18:27:30.0000000","geometry":"POINT(-73.90999881415206 40.622312584902645)","genusspecies":"Gleditsia triacanthos var. inermis - Thornless honeylocust"}},{"type":"Feature","geometry":{"type":"Point","coordinates":[-73.98427938645514,40.623533931789616]},"properties":{"tpcondition":"Good","stumpdiameter":"0","riskratingdate":null,"riskrating":null,"objectid":"5107910","globalid":"21BE7A16-DDF0-4C82-8550-20EAE761C056","tpstructure":"Full","plantingspaceglobalid":"21BE7A16-DDF0-4C82-8550-20EAE761C056","createddate":"2017-11-15 11:11:11.0000000","dbh":"2","planteddate":null,"updateddate":null,"geometry":"POINT(-73.98427938645514 40.623533931789616)","genusspecies":"Ilex - holly"}},{"type":"Feature","geometry":{"type":"Point","coordinates":[-73.98901495257851,40.698383835858806]},"properties":{"tpcondition":"Good","stumpdiameter":"0","riskratingdate":null,"riskrating":null,"objectid":"5107911","globalid":"1646952B-7F7F-48EC-9215-1909A60E6828","tpstructure":"Full","plantingspaceglobalid":"1646952B-7F7F-48EC-9215-1909A60E6828","createddate":"2017-11-15 11:11:11.0000000","dbh":"4","planteddate":null,"updateddate":null,"geometry":"POINT(-73.98901495257851 40.698383835858806)","genusspecies":"Cercis canadensis - eastern redbud"}},{"type":"Feature","geometry":{"type":"Point","coordinates":[-73.92218949551282,40.82953177308919]},"properties":{"tpcondition":"Good","stumpdiameter":null,"riskratingdate":"2024-05-10 13:00:01.0000000","riskrating":"5","objectid":"5107913","globalid":"C2676182-7B53-45ED-87A4-EADF02B387A5","tpstructure":"Full","plantingspaceglobalid":"C2676182-7B53-45ED-87A4-EADF02B387A5","createddate":"2017-11-15 11:11:11.0000000","dbh":"7","planteddate":null,"updateddate":"2024-05-10 13:00:01.0000000","geometry":"POINT(-73.92218949551282 40.82953177308919)","genusspecies":"Magnolia - magnolia"}},{"type":"Feature","geometry":{"type":"Point","coordinates":[-73.94383345359904,40.72420393775239]},"properties":{"tpcondition":"Fair","stumpdiameter":null,"riskratingdate":"2023-01-28 16:52:10.0000000","riskrating":"5","objectid":"5107914","globalid":"F9729FC8-8993-4FBA-B725-E016019F7A1B","tpstructure":"Full","plantingspaceglobalid":"F9729FC8-8993-4FBA-B725-E016019F7A1B","createddate":"2017-11-15 11:11:11.0000000","dbh":"20","planteddate":null,"updateddate":"2023-01-28 16:52:10.0000000","geometry":"POINT(-73.94383345359904 40.72420393775239)","genusspecies":"Quercus palustris - pin oak"}},{"type":"Feature","geometry":{"type":"Point","coordinates":[-73.9825004306307,40.72709877626598]},"properties":{"tpcondition":"Good","stumpdiameter":"0","riskratingdate":null,"riskrating":null,"objectid":"5107915","globalid":"B61115A5-19E3-4A7B-B2E5-CDE8DE32AA3D","tpstructure":"Full","plantingspaceglobalid":"B61115A5-19E3-4A7B-B2E5-CDE8DE32AA3D","createddate":"2017-11-15 11:11:11.0000000","dbh":"7","planteddate":null,"updateddate":null,"geometry":"POINT(-73.9825004306307 40.72709877626598)","genusspecies":"Cornus kousa - kousa dogwood"}},{"type":"Feature","geometry":{"type":"Point","coordinates":[-73.98475494175042,40.623864777437625]},"properties":{"tpcondition":"Dead","stumpdiameter":"0","riskratingdate":null,"riskrating":null,"objectid":"5107916","globalid":"2466841A-FCC1-4321-822D-C5EC910C9178","tpstructure":"Full","plantingspaceglobalid":"2466841A-FCC1-4321-822D-C5EC910C9178","createddate":"2017-11-15 11:11:11.0000000","dbh":"4","planteddate":null,"updateddate":null,"geometry":"POINT(-73.98475494175042 40.623864777437625)","genusspecies":"Unknown - Unknown"}},{"type":"Feature","geometry":{"type":"Point","coordinates":[-73.89377137957145,40.845731490112136]},"properties":{"tpcondition":"Fair","stumpdiameter":"0","riskratingdate":null,"riskrating":null,"objectid":"5107918","globalid":"CFF8D16E-4B29-489C-BCC0-0C48C6A025EC","tpstructure":"Full","plantingspaceglobalid":"CFF8D16E-4B29-489C-BCC0-0C48C6A025EC","createddate":"2017-11-15 11:11:11.0000000","dbh":"23","planteddate":null,"updateddate":"2018-01-29 14:24:45.0000000","geometry":"POINT(-73.89377137957145 40.845731490112136)","genusspecies":"Tilia cordata - littleleaf linden"}},{"type":"Feature","geometry":{"type":"Point","coordinates":[-73.749754211653,40.59421748116053]},"properties":{"tpcondition":"Good","stumpdiameter":"0","riskratingdate":null,"riskrating":null,"objectid":"5107919","globalid":"BA925AFF-8575-4675-9C03-0A6A85623040","tpstructure":"Full","plantingspaceglobalid":"BA925AFF-8575-4675-9C03-0A6A85623040","createddate":"2017-11-15 11:11:11.0000000","dbh":"3","planteddate":null,"updateddate":null,"geometry":"POINT(-73.749754211653 40.59421748116053)","genusspecies":"Pinus rigida - pitch pine"}},{"type":"Feature","geometry":{"type":"Point","coordinates":[-73.98374597225497,40.62371212720164]},"properties":{"tpcondition":"Good","stumpdiameter":"0","riskratingdate":null,"riskrating":null,"objectid":"5107920","globalid":"DF4BA531-B7D2-49D8-AD05-059A10461CB2","tpstructure":"Full","plantingspaceglobalid":"DF4BA531-B7D2-49D8-AD05-059A10461CB2","createddate":"2017-11-15 11:11:11.0000000","dbh":"3","planteddate":null,"updateddate":null,"geometry":"POINT(-73.98374597225497 40.62371212720164)","genusspecies":"Ilex - holly"}},{"type":"Feature","geometry":{"type":"Point","coordinates":[-73.97858304247872,40.741934762296076]},"properties":{"tpcondition":"Good","stumpdiameter":"0","riskratingdate":"2019-08-14 13:38:18.0000000","riskrating":"6","objectid":"5107921","globalid":"D6A79704-950A-41DF-8B6C-F32B396F0329","tpstructure":"Full","plantingspaceglobalid":"D6A79704-950A-41DF-8B6C-F32B396F0329","createddate":"2017-11-15 11:11:11.0000000","dbh":"14","planteddate":null,"updateddate":"2019-08-14 17:38:20.0000000","geometry":"POINT(-73.97858304247872 40.741934762296076)","genusspecies":"Zelkova serrata - Japanese zelkova"}},{"type":"Feature","geometry":{"type":"Point","coordinates":[-74.00711912994491,40.71248588624701]},"properties":{"tpcondition":"Good","stumpdiameter":"0","riskratingdate":null,"riskrating":null,"objectid":"5107922","globalid":"857E71EF-E7AE-42BB-89DE-DFD1B9C6C1F9","tpstructure":"Full","plantingspaceglobalid":"857E71EF-E7AE-42BB-89DE-DFD1B9C6C1F9","createddate":"2017-11-15 11:11:11.0000000","dbh":"5","planteddate":null,"updateddate":"2018-03-28 09:34:19.0000000","geometry":"POINT(-74.00711912994491 40.71248588624701)","genusspecies":"Magnolia - magnolia"}},{"type":"Feature","geometry":{"type":"Point","coordinates":[-73.8856126985289,40.842186112377476]},"properties":{"tpcondition":"Unknown","stumpdiameter":"0","riskratingdate":"2019-11-21 15:51:10.0000000","riskrating":"3","objectid":"5107924","globalid":"E1E96D01-02B3-4280-BA38-B560BD3C6BCC","tpstructure":"Retired","plantingspaceglobalid":"E1E96D01-02B3-4280-BA38-B560BD3C6BCC","createddate":"2017-11-15 11:11:11.0000000","dbh":null,"planteddate":null,"updateddate":"2024-07-31 15:50:28.0000000","geometry":"POINT(-73.8856126985289 40.842186112377476)","genusspecies":"Gleditsia triacanthos var. inermis - Thornless honeylocust"}},{"type":"Feature","geometry":{"type":"Point","coordinates":[-73.9098891857249,40.69198733769386]},"properties":{"tpcondition":"Good","stumpdiameter":"0","riskratingdate":"2018-11-24 10:27:03.0000000","riskrating":"6","objectid":"5107925","globalid":"213D8554-A8D2-43A5-BAEF-7EAB787906A1","tpstructure":"Full","plantingspaceglobalid":"213D8554-A8D2-43A5-BAEF-7EAB787906A1","createddate":"2017-11-15 11:11:11.0000000","dbh":"26","planteddate":null,"updateddate":"2018-11-24 15:27:03.0000000","geometry":"POINT(-73.9098891857249 40.69198733769386)","genusspecies":"Quercus palustris - pin oak"}},{"type":"Feature","geometry":{"type":"Point","coordinates":[-73.91894749971915,40.87276492826579]},"properties":{"tpcondition":"Good","stumpdiameter":null,"riskratingdate":"2023-05-17 15:37:30.0000000","riskrating":"5","objectid":"5107926","globalid":"50AB032E-DBC7-4C91-99A1-7838B9BC3563","tpstructure":"Full","plantingspaceglobalid":"50AB032E-DBC7-4C91-99A1-7838B9BC3563","createddate":"2017-11-15 11:11:11.0000000","dbh":"9","planteddate":null,"updateddate":"2023-05-17 15:37:30.0000000","geometry":"POINT(-73.91894749971915 40.87276492826579)","genusspecies":"Crataegus - Hawthorn"}},{"type":"Feature","geometry":{"type":"Point","coordinates":[-73.9538399665383,40.82863228476856]},"properties":{"tpcondition":"Fair","stumpdiameter":"0","riskratingdate":null,"riskrating":null,"objectid":"5107927","globalid":"E043D35F-CC4C-4727-9DB6-70CE2509E837","tpstructure":"Full","plantingspaceglobalid":"E043D35F-CC4C-4727-9DB6-70CE2509E837","createddate":"2017-11-15 11:11:11.0000000","dbh":"6","planteddate":null,"updateddate":null,"geometry":"POINT(-73.9538399665383 40.82863228476856)","genusspecies":"Pinus resinosa - red pine"}},{"type":"Feature","geometry":{"type":"Point","coordinates":[-73.87853907198061,40.87805906868486]},"properties":{"tpcondition":"Critical","stumpdiameter":null,"riskratingdate":"2020-08-14 17:22:00.0000000","riskrating":"7","objectid":"5107928","globalid":"D2E63112-1464-449D-AB6F-6A4973913289","tpstructure":"Retired","plantingspaceglobalid":"D2E63112-1464-449D-AB6F-6A4973913289","createddate":"2017-11-15 11:11:00.0000000","dbh":"23","planteddate":null,"updateddate":"2021-11-05 12:28:00.0000000","geometry":"POINT(-73.87853907198061 40.87805906868486)","genusspecies":"Acer platanoides - Norway maple"}},{"type":"Feature","geometry":{"type":"Point","coordinates":[-73.88976786140023,40.88066576707158]},"properties":{"tpcondition":"Good","stumpdiameter":"0","riskratingdate":null,"riskrating":null,"objectid":"5107929","globalid":"5B86E528-9B97-47F6-A249-6A2CE6BBB97E","tpstructure":"Full","plantingspaceglobalid":"5B86E528-9B97-47F6-A249-6A2CE6BBB97E","createddate":"2017-11-15 11:11:11.0000000","dbh":"3","planteddate":null,"updateddate":null,"geometry":"POINT(-73.88976786140023 40.88066576707158)","genusspecies":"Quercus bicolor - swamp white oak"}},{"type":"Feature","geometry":{"type":"Point","coordinates":[-73.91903095023144,40.87272693680926]},"properties":{"tpcondition":"Good","stumpdiameter":null,"riskratingdate":"2023-05-17 15:45:10.0000000","riskrating":"8","objectid":"5107930","globalid":"2BAC6474-DF2F-4927-BCE8-684935E34810","tpstructure":"Full","plantingspaceglobalid":"2BAC6474-DF2F-4927-BCE8-684935E34810","createddate":"2017-11-15 11:11:11.0000000","dbh":"26","planteddate":null,"updateddate":"2023-05-17 15:45:10.0000000","geometry":"POINT(-73.91903095023144 40.87272693680926)","genusspecies":"Quercus macrocarpa - bur oak"}},{"type":"Feature","geometry":{"type":"Point","coordinates":[-73.93645782194467,40.792400757348716]},"properties":{"tpcondition":"Fair","stumpdiameter":null,"riskratingdate":"2025-07-09 13:31:01.0000000","riskrating":"7","objectid":"5107931","globalid":"7283CD0F-98CD-487E-9802-ECFCF259E6F7","tpstructure":"Full","plantingspaceglobalid":"7283CD0F-98CD-487E-9802-ECFCF259E6F7","createddate":"2017-11-15 11:11:11.0000000","dbh":"28","planteddate":null,"updateddate":"2025-07-09 13:31:01.0000000","geometry":"POINT(-73.93645782194467 40.792400757348716)","genusspecies":"Platanus x acerifolia - London planetree"}},{"type":"Feature","geometry":{"type":"Point","coordinates":[-73.91928798721318,40.869717476494515]},"properties":{"tpcondition":"Good","stumpdiameter":null,"riskratingdate":"2021-07-09 18:10:26.0000000","riskrating":"6","objectid":"5107932","globalid":"74B75F78-FCF0-4EBD-BEAC-E010BB137320","tpstructure":"Full","plantingspaceglobalid":"74B75F78-FCF0-4EBD-BEAC-E010BB137320","createddate":"2017-11-15 11:11:11.0000000","dbh":"5","planteddate":null,"updateddate":"2021-07-09 18:10:26.0000000","geometry":"POINT(-73.91928798721318 40.869717476494515)","genusspecies":"Quercus palustris - pin oak"}},{"type":"Feature","geometry":{"type":"Point","coordinates":[-73.92276365844145,40.74123627125219]},"properties":{"tpcondition":"Good","stumpdiameter":null,"riskratingdate":"2023-12-27 13:06:36.0000000","riskrating":"9","objectid":"5107933","globalid":"1155358F-9B53-4A27-916D-CEFA323E8F5C","tpstructure":"Full","plantingspaceglobalid":"1155358F-9B53-4A27-916D-CEFA323E8F5C","createddate":"2017-11-15 11:11:11.0000000","dbh":"9","planteddate":null,"updateddate":"2023-12-27 13:06:36.0000000","geometry":"POINT(-73.92276365844145 40.74123627125219)","genusspecies":"Platanus x acerifolia - London planetree"}},{"type":"Feature","geometry":{"type":"Point","coordinates":[-73.9941554232125,40.71620341740041]},"properties":{"tpcondition":"Good","stumpdiameter":null,"riskratingdate":"2023-08-10 13:53:57.0000000","riskrating":"7","objectid":"5107935","globalid":"D387D97D-020C-446F-8EF7-9996C2E67E0E","tpstructure":"Full","plantingspaceglobalid":"D387D97D-020C-446F-8EF7-9996C2E67E0E","createddate":"2017-11-15 11:11:11.0000000","dbh":"10","planteddate":null,"updateddate":"2023-08-10 13:53:57.0000000","geometry":"POINT(-73.9941554232125 40.71620341740041)","genusspecies":"Carpinus betulus - European hornbeam"}},{"type":"Feature","geometry":{"type":"Point","coordinates":[-73.8965776532601,40.844406861150496]},"properties":{"tpcondition":"Good","stumpdiameter":"0","riskratingdate":null,"riskrating":null,"objectid":"5107936","globalid":"86167119-6F05-415C-93F4-97A96B587FDD","tpstructure":"Full","plantingspaceglobalid":"86167119-6F05-415C-93F4-97A96B587FDD","createddate":"2017-11-15 11:11:11.0000000","dbh":"30","planteddate":null,"updateddate":"2018-01-31 10:18:56.0000000","geometry":"POINT(-73.8965776532601 40.844406861150496)","genusspecies":"Platanus x acerifolia - London planetree"}},{"type":"Feature","geometry":{"type":"Point","coordinates":[-73.87723216517273,40.87870920904227]},"properties":{"tpcondition":"Good","stumpdiameter":null,"riskratingdate":"2021-05-17 14:26:41.0000000","riskrating":"10","objectid":"5107937","globalid":"EEADB919-8F6D-4AC8-8B8D-94387F558CCB","tpstructure":"Full","plantingspaceglobalid":"EEADB919-8F6D-4AC8-8B8D-94387F558CCB","createddate":"2017-11-15 11:11:11.0000000","dbh":"13","planteddate":null,"updateddate":"2021-05-17 14:26:41.0000000","geometry":"POINT(-73.87723216517273 40.87870920904227)","genusspecies":"Quercus palustris - pin oak"}},{"type":"Feature","geometry":{"type":"Point","coordinates":[-73.93456137271616,40.81885009056054]},"properties":{"tpcondition":"Dead","stumpdiameter":null,"riskratingdate":"2025-09-16 17:27:58.0000000","riskrating":"5","objectid":"5107938","globalid":"E2EE4BE3-E246-4673-A42E-93E15D58D359","tpstructure":"Full","plantingspaceglobalid":"E2EE4BE3-E246-4673-A42E-93E15D58D359","createddate":"2017-11-15 11:11:11.0000000","dbh":"6","planteddate":null,"updateddate":"2025-09-16 17:27:58.0000000","geometry":"POINT(-73.93456137271616 40.81885009056054)","genusspecies":"Betula papyrifera - paper birch"}},{"type":"Feature","geometry":{"type":"Point","coordinates":[-73.95117632690587,40.83204959617067]},"properties":{"tpcondition":"Good","stumpdiameter":"0","riskratingdate":null,"riskrating":null,"objectid":"5107940","globalid":"AC310EA1-BB08-4ACE-A7ED-77192EC3F177","tpstructure":"Full","plantingspaceglobalid":"AC310EA1-BB08-4ACE-A7ED-77192EC3F177","createddate":"2017-11-15 11:11:11.0000000","dbh":"7","planteddate":null,"updateddate":null,"geometry":"POINT(-73.95117632690587 40.83204959617067)","genusspecies":"Prunus - Cherry"}},{"type":"Feature","geometry":{"type":"Point","coordinates":[-73.94796738512316,40.74693716835839]},"properties":{"tpcondition":"Poor","stumpdiameter":null,"riskratingdate":"2024-02-15 15:19:18.0000000","riskrating":"7","objectid":"5107941","globalid":"A5882CDC-C8D9-4FC0-8560-673F797B3A0B","tpstructure":"Full","plantingspaceglobalid":"A5882CDC-C8D9-4FC0-8560-673F797B3A0B","createddate":"2017-11-15 11:11:11.0000000","dbh":"15","planteddate":null,"updateddate":"2024-02-15 15:19:18.0000000","geometry":"POINT(-73.94796738512316 40.74693716835839)","genusspecies":"Acer platanoides - Norway maple"}},{"type":"Feature","geometry":{"type":"Point","coordinates":[-74.14577268611366,40.62377463270145]},"properties":{"tpcondition":"Fair","stumpdiameter":null,"riskratingdate":"2022-05-03 15:35:50.0000000","riskrating":"6","objectid":"5107942","globalid":"949B0273-D6E8-4930-AF24-E737251140BE","tpstructure":"Full","plantingspaceglobalid":"949B0273-D6E8-4930-AF24-E737251140BE","createddate":"2017-11-15 11:11:11.0000000","dbh":"9","planteddate":null,"updateddate":"2022-05-03 15:35:50.0000000","geometry":"POINT(-74.14577268611366 40.62377463270145)","genusspecies":"Platanus x acerifolia - London planetree"}},{"type":"Feature","geometry":{"type":"Point","coordinates":[-73.8959972728072,40.84621987215639]},"properties":{"tpcondition":"Good","stumpdiameter":"0","riskratingdate":null,"riskrating":null,"objectid":"5107944","globalid":"941C49CE-7289-4DD4-A423-E085216312BA","tpstructure":"Full","plantingspaceglobalid":"941C49CE-7289-4DD4-A423-E085216312BA","createddate":"2017-11-15 11:11:11.0000000","dbh":"21","planteddate":null,"updateddate":"2018-02-01 09:29:53.0000000","geometry":"POINT(-73.8959972728072 40.84621987215639)","genusspecies":"Quercus palustris - pin oak"}},{"type":"Feature","geometry":{"type":"Point","coordinates":[-73.83823229383262,40.873792832701774]},"properties":{"tpcondition":"Fair","stumpdiameter":"0","riskratingdate":null,"riskrating":null,"objectid":"5107945","globalid":"4EB7C12A-077C-428E-A54C-C586D58F5409","tpstructure":"Full","plantingspaceglobalid":"4EB7C12A-077C-428E-A54C-C586D58F5409","createddate":"2017-11-15 11:11:11.0000000","dbh":"7","planteddate":null,"updateddate":null,"geometry":"POINT(-73.83823229383262 40.873792832701774)","genusspecies":"Crataegus - Hawthorn"}},{"type":"Feature","geometry":{"type":"Point","coordinates":[-73.83945197190171,40.873960530690525]},"properties":{"tpcondition":"Good","stumpdiameter":"0","riskratingdate":null,"riskrating":null,"objectid":"5107946","globalid":"57DDB70F-E727-49AF-8415-B96F8641DF11","tpstructure":"Full","plantingspaceglobalid":"57DDB70F-E727-49AF-8415-B96F8641DF11","createddate":"2017-11-15 11:11:11.0000000","dbh":"13","planteddate":null,"updateddate":null,"geometry":"POINT(-73.83945197190171 40.873960530690525)","genusspecies":"Liquidambar styraciflua - sweetgum"}},{"type":"Feature","geometry":{"type":"Point","coordinates":[-73.91004947995911,40.882438277837615]},"properties":{"tpcondition":"Good","stumpdiameter":"0","riskratingdate":"2019-09-11 11:10:54.0000000","riskrating":"3","objectid":"5107947","globalid":"FCDD7619-E34B-40A7-B78B-B3AC04AB1321","tpstructure":"Full","plantingspaceglobalid":"FCDD7619-E34B-40A7-B78B-B3AC04AB1321","createddate":"2017-11-15 11:11:11.0000000","dbh":"45","planteddate":null,"updateddate":"2019-09-11 15:10:55.0000000","geometry":"POINT(-73.91004947995911 40.882438277837615)","genusspecies":"Platanus occidentalis - American sycamore"}},{"type":"Feature","geometry":{"type":"Point","coordinates":[-73.89270035864566,40.651922951485574]},"properties":{"tpcondition":"Good","stumpdiameter":"0","riskratingdate":null,"riskrating":null,"objectid":"5107948","globalid":"B1808B62-5096-43C7-BF2E-87F28F953AC0","tpstructure":"Full","plantingspaceglobalid":"B1808B62-5096-43C7-BF2E-87F28F953AC0","createddate":"2017-11-15 11:11:11.0000000","dbh":"5","planteddate":null,"updateddate":null,"geometry":"POINT(-73.89270035864566 40.651922951485574)","genusspecies":"Ilex - holly"}},{"type":"Feature","geometry":{"type":"Point","coordinates":[-73.96375837980989,40.708440046101934]},"properties":{"tpcondition":"Fair","stumpdiameter":"0","riskratingdate":null,"riskrating":null,"objectid":"5107949","globalid":"3374DAAE-06B8-4D94-9D88-8676A4BB1F31","tpstructure":"Full","plantingspaceglobalid":"3374DAAE-06B8-4D94-9D88-8676A4BB1F31","createddate":"2017-11-15 11:11:11.0000000","dbh":"23","planteddate":null,"updateddate":"2019-02-06 14:49:19.0000000","geometry":"POINT(-73.96375837980989 40.708440046101934)","genusspecies":"Platanus x acerifolia - London planetree"}},{"type":"Feature","geometry":{"type":"Point","coordinates":[-73.99441879816374,40.71664175270056]},"properties":{"tpcondition":"Good","stumpdiameter":null,"riskratingdate":"2023-08-10 15:07:19.0000000","riskrating":"7","objectid":"5107950","globalid":"3FF1030D-E6C8-4649-9257-51694A20C825","tpstructure":"Full","plantingspaceglobalid":"3FF1030D-E6C8-4649-9257-51694A20C825","createddate":"2017-11-15 11:11:11.0000000","dbh":"22","planteddate":null,"updateddate":"2023-08-10 15:07:19.0000000","geometry":"POINT(-73.99441879816374 40.71664175270056)","genusspecies":"Platanus x acerifolia - London planetree"}},{"type":"Feature","geometry":{"type":"Point","coordinates":[-73.95183704320284,40.695590867566814]},"properties":{"tpcondition":"Dead","stumpdiameter":"18","riskratingdate":"2022-03-22 15:29:00.0000000","riskrating":"7","objectid":"5107951","globalid":"01B9EE7D-3789-49C0-84A8-38D4AB972772","tpstructure":"Stump","plantingspaceglobalid":"01B9EE7D-3789-49C0-84A8-38D4AB972772","createddate":"2017-11-15 11:11:00.0000000","dbh":"16","planteddate":null,"updateddate":"2022-07-12 13:36:00.0000000","geometry":"POINT(-73.95183704320284 40.695590867566814)","genusspecies":"Tilia cordata - littleleaf linden"}},{"type":"Feature","geometry":{"type":"Point","coordinates":[-73.76952918931707,40.77456096502006]},"properties":{"tpcondition":"Good","stumpdiameter":null,"riskratingdate":"2020-09-04 18:59:47.0000000","riskrating":"7","objectid":"5107952","globalid":"0DCAFD5D-9B3A-4022-BDAD-153D6077659E","tpstructure":"Full","plantingspaceglobalid":"0DCAFD5D-9B3A-4022-BDAD-153D6077659E","createddate":"2017-11-15 11:11:11.0000000","dbh":"23","planteddate":null,"updateddate":"2020-09-04 18:59:47.0000000","geometry":"POINT(-73.76952918931707 40.77456096502006)","genusspecies":"Liquidambar styraciflua - sweetgum"}},{"type":"Feature","geometry":{"type":"Point","coordinates":[-73.7943434073963,40.593213953908425]},"properties":{"tpcondition":"Good","stumpdiameter":"0","riskratingdate":null,"riskrating":null,"objectid":"5107953","globalid":"7C4A957B-6B5D-4B94-8738-D92BAE60D184","tpstructure":"Full","plantingspaceglobalid":"7C4A957B-6B5D-4B94-8738-D92BAE60D184","createddate":"2017-11-15 11:11:11.0000000","dbh":"15","planteddate":null,"updateddate":null,"geometry":"POINT(-73.7943434073963 40.593213953908425)","genusspecies":"Pyrus calleryana - Callery pear"}},{"type":"Feature","geometry":{"type":"Point","coordinates":[-73.97405124169147,40.7206370212757]},"properties":{"tpcondition":"Poor","stumpdiameter":null,"riskratingdate":"2023-03-17 16:08:00.0000000","riskrating":"9","objectid":"5107954","globalid":"8B809B5D-C9F3-4F85-89F3-D6F36E5A5AB5","tpstructure":"Stump","plantingspaceglobalid":"8B809B5D-C9F3-4F85-89F3-D6F36E5A5AB5","createddate":"2017-11-15 11:11:00.0000000","dbh":"27","planteddate":null,"updateddate":"2023-03-30 16:43:00.0000000","geometry":"POINT(-73.97405124169147 40.7206370212757)","genusspecies":"Quercus palustris - pin oak"}},{"type":"Feature","geometry":{"type":"Point","coordinates":[-73.97799316884871,40.740214600117035]},"properties":{"tpcondition":"Fair","stumpdiameter":"0","riskratingdate":"2019-10-17 19:09:00.0000000","riskrating":"6","objectid":"5107955","globalid":"E091D59B-E4FB-4BF1-A90F-C8E1BEF82028","tpstructure":"Retired","plantingspaceglobalid":"E091D59B-E4FB-4BF1-A90F-C8E1BEF82028","createddate":"2017-11-15 11:11:00.0000000","dbh":"17","planteddate":null,"updateddate":"2019-11-08 20:31:00.0000000","geometry":"POINT(-73.97799316884871 40.740214600117035)","genusspecies":"Acer platanoides - Norway maple"}},{"type":"Feature","geometry":{"type":"Point","coordinates":[-73.92413480423366,40.8325218998521]},"properties":{"tpcondition":"Good","stumpdiameter":"0","riskratingdate":null,"riskrating":null,"objectid":"5107957","globalid":"CC323F21-CCD2-46FE-BABF-AF72643AF709","tpstructure":"Full","plantingspaceglobalid":"CC323F21-CCD2-46FE-BABF-AF72643AF709","createddate":"2017-11-15 11:11:11.0000000","dbh":"4","planteddate":null,"updateddate":"2018-04-26 18:47:03.0000000","geometry":"POINT(-73.92413480423366 40.8325218998521)","genusspecies":"Prunus - Cherry"}},{"type":"Feature","geometry":{"type":"Point","coordinates":[-73.87610011833257,40.8788802413206]},"properties":{"tpcondition":"Good","stumpdiameter":"0","riskratingdate":null,"riskrating":null,"objectid":"5107958","globalid":"7E67C8DC-4FE3-4642-82C3-87A29441F7EF","tpstructure":"Full","plantingspaceglobalid":"7E67C8DC-4FE3-4642-82C3-87A29441F7EF","createddate":"2017-11-15 11:11:11.0000000","dbh":"11","planteddate":null,"updateddate":"2017-11-28 13:58:03.0000000","geometry":"POINT(-73.87610011833257 40.8788802413206)","genusspecies":"Quercus palustris - pin oak"}},{"type":"Feature","geometry":{"type":"Point","coordinates":[-73.91601896859889,40.78562957856467]},"properties":{"tpcondition":"Good","stumpdiameter":"0","riskratingdate":null,"riskrating":null,"objectid":"5107959","globalid":"7E3A7AAA-0A5A-41A7-920A-7030E05F99A4","tpstructure":"Full","plantingspaceglobalid":"7E3A7AAA-0A5A-41A7-920A-7030E05F99A4","createddate":"2017-11-15 11:11:11.0000000","dbh":"5","planteddate":null,"updateddate":null,"geometry":"POINT(-73.91601896859889 40.78562957856467)","genusspecies":"Pyrus calleryana - Callery pear"}},{"type":"Feature","geometry":{"type":"Point","coordinates":[-74.05834648130416,40.60811203810115]},"properties":{"tpcondition":"Fair","stumpdiameter":null,"riskratingdate":"2021-12-29 18:24:50.0000000","riskrating":"6","objectid":"5107960","globalid":"DE4B4274-A3BA-4611-A4C2-58D5FD219520","tpstructure":"Full","plantingspaceglobalid":"DE4B4274-A3BA-4611-A4C2-58D5FD219520","createddate":"2017-11-15 11:11:11.0000000","dbh":"17","planteddate":null,"updateddate":"2021-12-29 18:24:50.0000000","geometry":"POINT(-74.05834648130416 40.60811203810115)","genusspecies":"Acer pseudoplatanus - sycamore maple"}},{"type":"Feature","geometry":{"type":"Point","coordinates":[-73.90923074701536,40.69198597222968]},"properties":{"tpcondition":"Dead","stumpdiameter":"0","riskratingdate":"2019-09-24 11:57:56.0000000","riskrating":"4","objectid":"5107962","globalid":"45175966-EC82-48C8-84F3-3ACF00A4BE94","tpstructure":"Full","plantingspaceglobalid":"45175966-EC82-48C8-84F3-3ACF00A4BE94","createddate":"2017-11-15 11:11:11.0000000","dbh":"4","planteddate":null,"updateddate":"2019-09-24 15:57:56.0000000","geometry":"POINT(-73.90923074701536 40.69198597222968)","genusspecies":"Malus - apple"}},{"type":"Feature","geometry":{"type":"Point","coordinates":[-73.92974107448063,40.87388997313514]},"properties":{"tpcondition":"Good","stumpdiameter":"0","riskratingdate":null,"riskrating":null,"objectid":"5107963","globalid":"E5D94CAF-923B-4218-8F82-E2DD363EA956","tpstructure":"Full","plantingspaceglobalid":"E5D94CAF-923B-4218-8F82-E2DD363EA956","createddate":"2017-11-15 11:11:11.0000000","dbh":"7","planteddate":null,"updateddate":null,"geometry":"POINT(-73.92974107448063 40.87388997313514)","genusspecies":"Platanus x acerifolia - London planetree"}},{"type":"Feature","geometry":{"type":"Point","coordinates":[-73.88610942656817,40.839643352073445]},"properties":{"tpcondition":"Good","stumpdiameter":null,"riskratingdate":"2022-02-03 13:10:20.0000000","riskrating":"6","objectid":"5107964","globalid":"41ABC8A2-89D4-4FBD-8F61-C4BA5B010940","tpstructure":"Full","plantingspaceglobalid":"41ABC8A2-89D4-4FBD-8F61-C4BA5B010940","createddate":"2017-11-15 11:11:11.0000000","dbh":"23","planteddate":null,"updateddate":"2022-02-03 13:10:20.0000000","geometry":"POINT(-73.88610942656817 40.839643352073445)","genusspecies":"Gleditsia triacanthos var. inermis - Thornless honeylocust"}},{"type":"Feature","geometry":{"type":"Point","coordinates":[-74.01471781531302,40.70408194540127]},"properties":{"tpcondition":"Good","stumpdiameter":"0","riskratingdate":null,"riskrating":null,"objectid":"5107965","globalid":"1BD167D6-5018-49B2-8D1E-C0B2DF7F9E1E","tpstructure":"Full","plantingspaceglobalid":"1BD167D6-5018-49B2-8D1E-C0B2DF7F9E1E","createddate":"2017-11-15 11:11:11.0000000","dbh":"17","planteddate":null,"updateddate":null,"geometry":"POINT(-74.01471781531302 40.70408194540127)","genusspecies":"Platanus x acerifolia - London planetree"}},{"type":"Feature","geometry":{"type":"Point","coordinates":[-73.9188592182708,40.87057068003825]},"properties":{"tpcondition":"Good","stumpdiameter":"0","riskratingdate":null,"riskrating":null,"objectid":"5107966","globalid":"D62C88BB-E8D3-4E17-B908-A81AD3EB981E","tpstructure":"Full","plantingspaceglobalid":"D62C88BB-E8D3-4E17-B908-A81AD3EB981E","createddate":"2017-11-15 11:11:11.0000000","dbh":"13","planteddate":null,"updateddate":null,"geometry":"POINT(-73.9188592182708 40.87057068003825)","genusspecies":"Morus - mulberry"}},{"type":"Feature","geometry":{"type":"Point","coordinates":[-73.98464722989601,40.623719878750535]},"properties":{"tpcondition":"Fair","stumpdiameter":"0","riskratingdate":null,"riskrating":null,"objectid":"5107967","globalid":"716B1A18-4D87-48E6-B65E-9909AA2C8151","tpstructure":"Full","plantingspaceglobalid":"716B1A18-4D87-48E6-B65E-9909AA2C8151","createddate":"2017-11-15 11:11:11.0000000","dbh":"3","planteddate":null,"updateddate":null,"geometry":"POINT(-73.98464722989601 40.623719878750535)","genusspecies":"Quercus palustris - pin oak"}},{"type":"Feature","geometry":{"type":"Point","coordinates":[-73.89384685906523,40.84590012984962]},"properties":{"tpcondition":"Good","stumpdiameter":"0","riskratingdate":null,"riskrating":null,"objectid":"5107968","globalid":"707F1810-3A26-4348-9D87-80494FA93FD8","tpstructure":"Full","plantingspaceglobalid":"707F1810-3A26-4348-9D87-80494FA93FD8","createddate":"2017-11-15 11:11:11.0000000","dbh":"15","planteddate":null,"updateddate":"2018-01-30 10:12:42.0000000","geometry":"POINT(-73.89384685906523 40.84590012984962)","genusspecies":"Zelkova serrata - Japanese zelkova"}},{"type":"Feature","geometry":{"type":"Point","coordinates":[-73.88279973635152,40.742539407849975]},"properties":{"tpcondition":"Good","stumpdiameter":"0","riskratingdate":null,"riskrating":null,"objectid":"5107969","globalid":"F36AF3A3-E666-4BEF-ABD4-5BB3AEA20903","tpstructure":"Full","plantingspaceglobalid":"F36AF3A3-E666-4BEF-ABD4-5BB3AEA20903","createddate":"2017-11-15 11:11:11.0000000","dbh":"7","planteddate":null,"updateddate":null,"geometry":"POINT(-73.88279973635152 40.742539407849975)","genusspecies":"Quercus palustris - pin oak"}},{"type":"Feature","geometry":{"type":"Point","coordinates":[-73.96421970341846,40.70785635574458]},"properties":{"tpcondition":"Fair","stumpdiameter":null,"riskratingdate":"2025-03-06 18:41:18.0000000","riskrating":"8","objectid":"5107970","globalid":"8801EC02-3CA7-47C1-9A3B-59AB2954841B","tpstructure":"Full","plantingspaceglobalid":"8801EC02-3CA7-47C1-9A3B-59AB2954841B","createddate":"2017-11-15 11:11:00.0000000","dbh":"28","planteddate":null,"updateddate":"2025-03-06 18:41:18.0000000","geometry":"POINT(-73.96421970341846 40.70785635574458)","genusspecies":"Paulownia tomentosa - princesstree"}},{"type":"Feature","geometry":{"type":"Point","coordinates":[-73.94268821913306,40.7244956672603]},"properties":{"tpcondition":"Good","stumpdiameter":null,"riskratingdate":"2023-02-04 16:27:13.0000000","riskrating":"3","objectid":"5107971","globalid":"CF33781B-3B33-42E8-9F2C-4EAF7AFD9C87","tpstructure":"Full","plantingspaceglobalid":"CF33781B-3B33-42E8-9F2C-4EAF7AFD9C87","createddate":"2017-11-15 11:11:11.0000000","dbh":"4","planteddate":null,"updateddate":"2023-02-04 16:27:13.0000000","geometry":"POINT(-73.94268821913306 40.7244956672603)","genusspecies":"Cercis canadensis - eastern redbud"}},{"type":"Feature","geometry":{"type":"Point","coordinates":[-73.93466045307976,40.79252740930819]},"properties":{"tpcondition":"Fair","stumpdiameter":null,"riskratingdate":"2025-06-30 16:39:52.0000000","riskrating":"4","objectid":"5107972","globalid":"B7201CB3-0F41-4A2E-A703-193913EDE9BD","tpstructure":"Full","plantingspaceglobalid":"B7201CB3-0F41-4A2E-A703-193913EDE9BD","createddate":"2017-11-15 11:11:11.0000000","dbh":"5","planteddate":null,"updateddate":"2025-06-30 16:39:52.0000000","geometry":"POINT(-73.93466045307976 40.79252740930819)","genusspecies":"Prunus cerasifera - cherry plum"}},{"type":"Feature","geometry":{"type":"Point","coordinates":[-73.94290093098908,40.82354600451566]},"properties":{"tpcondition":"Good","stumpdiameter":null,"riskratingdate":"2024-03-14 16:26:01.0000000","riskrating":"9","objectid":"5107973","globalid":"1471BB10-CAFF-4361-9C87-1307AEF9CE4A","tpstructure":"Full","plantingspaceglobalid":"1471BB10-CAFF-4361-9C87-1307AEF9CE4A","createddate":"2017-11-15 11:11:11.0000000","dbh":"40","planteddate":null,"updateddate":"2024-03-14 16:26:01.0000000","geometry":"POINT(-73.94290093098908 40.82354600451566)","genusspecies":"Quercus palustris - pin oak"}},{"type":"Feature","geometry":{"type":"Point","coordinates":[-73.917487419556,40.84899891132153]},"properties":{"tpcondition":"Good","stumpdiameter":null,"riskratingdate":"2025-09-05 12:56:34.0000000","riskrating":"6","objectid":"5107976","globalid":"2799188E-0AA5-483F-8670-C90BA72B2555","tpstructure":"Full","plantingspaceglobalid":"2799188E-0AA5-483F-8670-C90BA72B2555","createddate":"2017-11-15 11:11:11.0000000","dbh":"7","planteddate":null,"updateddate":"2025-09-05 12:56:34.0000000","geometry":"POINT(-73.917487419556 40.84899891132153)","genusspecies":"Platanus x acerifolia - London planetree"}},{"type":"Feature","geometry":{"type":"Point","coordinates":[-73.83828084607809,40.87325206328635]},"properties":{"tpcondition":"Good","stumpdiameter":"0","riskratingdate":null,"riskrating":null,"objectid":"5107977","globalid":"9A280EB6-BB0D-456B-A780-9D887F94C6DF","tpstructure":"Full","plantingspaceglobalid":"9A280EB6-BB0D-456B-A780-9D887F94C6DF","createddate":"2017-11-15 11:11:11.0000000","dbh":"24","planteddate":null,"updateddate":"2018-04-27 18:38:32.0000000","geometry":"POINT(-73.83828084607809 40.87325206328635)","genusspecies":"Quercus phellos - willow oak"}},{"type":"Feature","geometry":{"type":"Point","coordinates":[-74.01453495456684,40.701686026942575]},"properties":{"tpcondition":"Good","stumpdiameter":"0","riskratingdate":null,"riskrating":null,"objectid":"5107978","globalid":"234659FE-5768-4441-B647-8CFF57C12B83","tpstructure":"Full","plantingspaceglobalid":"234659FE-5768-4441-B647-8CFF57C12B83","createddate":"2017-11-15 11:11:11.0000000","dbh":"14","planteddate":null,"updateddate":null,"geometry":"POINT(-74.01453495456684 40.701686026942575)","genusspecies":"Platanus x acerifolia - London planetree"}},{"type":"Feature","geometry":{"type":"Point","coordinates":[-73.92133430197158,40.87041030645069]},"properties":{"tpcondition":"Good","stumpdiameter":null,"riskratingdate":"2020-08-17 16:14:40.0000000","riskrating":"7","objectid":"5107979","globalid":"FAD759E1-4410-4203-BD10-78F445EA83CA","tpstructure":"Full","plantingspaceglobalid":"FAD759E1-4410-4203-BD10-78F445EA83CA","createddate":"2017-11-15 11:11:11.0000000","dbh":"22","planteddate":null,"updateddate":"2020-08-17 16:14:40.0000000","geometry":"POINT(-73.92133430197158 40.87041030645069)","genusspecies":"Liquidambar styraciflua - sweetgum"}},{"type":"Feature","geometry":{"type":"Point","coordinates":[-73.89724831059887,40.8644105730902]},"properties":{"tpcondition":"Good","stumpdiameter":null,"riskratingdate":"2025-02-03 16:23:11.0000000","riskrating":"5","objectid":"5107980","globalid":"68EF255A-1492-453A-BEBF-735783D3E777","tpstructure":"Full","plantingspaceglobalid":"68EF255A-1492-453A-BEBF-735783D3E777","createddate":"2017-11-15 11:11:11.0000000","dbh":"12","planteddate":null,"updateddate":"2025-02-03 16:23:11.0000000","geometry":"POINT(-73.89724831059887 40.8644105730902)","genusspecies":"Liquidambar styraciflua - sweetgum"}},{"type":"Feature","geometry":{"type":"Point","coordinates":[-74.087742126071,40.630516722231405]},"properties":{"tpcondition":"Good","stumpdiameter":"0","riskratingdate":null,"riskrating":null,"objectid":"5107981","globalid":"B2DFFFE2-92E0-4C0B-A7E4-625738A94452","tpstructure":"Full","plantingspaceglobalid":"B2DFFFE2-92E0-4C0B-A7E4-625738A94452","createddate":"2017-11-15 11:11:11.0000000","dbh":"31","planteddate":null,"updateddate":null,"geometry":"POINT(-74.087742126071 40.630516722231405)","genusspecies":"Tilia x. europaea - Common linden"}},{"type":"Feature","geometry":{"type":"Point","coordinates":[-73.98015283296613,40.7267536152336]},"properties":{"tpcondition":"Good","stumpdiameter":"0","riskratingdate":"2019-08-07 07:53:33.0000000","riskrating":"8","objectid":"5107982","globalid":"1089E28A-DDB2-4A43-8F8A-2B2279DD3B51","tpstructure":"Full","plantingspaceglobalid":"1089E28A-DDB2-4A43-8F8A-2B2279DD3B51","createddate":"2017-11-15 11:11:11.0000000","dbh":"31","planteddate":null,"updateddate":"2019-08-07 12:53:34.0000000","geometry":"POINT(-73.98015283296613 40.7267536152336)","genusspecies":"Platanus x acerifolia - London planetree"}},{"type":"Feature","geometry":{"type":"Point","coordinates":[-73.94595882844384,40.68577515778202]},"properties":{"tpcondition":"Fair","stumpdiameter":"0","riskratingdate":"2022-10-05 15:43:06.0000000","riskrating":"7","objectid":"5107983","globalid":"C2732101-04BC-48F7-9782-FB388614AE96","tpstructure":"Full","plantingspaceglobalid":"C2732101-04BC-48F7-9782-FB388614AE96","createddate":"2017-11-15 11:11:11.0000000","dbh":"11","planteddate":null,"updateddate":"2022-10-05 15:43:06.0000000","geometry":"POINT(-73.94595882844384 40.68577515778202)","genusspecies":"Platanus x acerifolia - London planetree"}},{"type":"Feature","geometry":{"type":"Point","coordinates":[-73.95381158497548,40.82556271542387]},"properties":{"tpcondition":"Unknown","stumpdiameter":"32","riskratingdate":null,"riskrating":null,"objectid":"5107986","globalid":"88383742-66FF-4667-A490-C001B60C8379","tpstructure":"Retired","plantingspaceglobalid":"88383742-66FF-4667-A490-C001B60C8379","createddate":"2017-11-15 11:11:11.0000000","dbh":"0","planteddate":null,"updateddate":"2019-04-29 17:39:03.0000000","geometry":"POINT(-73.95381158497548 40.82556271542387)","genusspecies":"Unknown - Unknown"}},{"type":"Feature","geometry":{"type":"Point","coordinates":[-73.87944185850796,40.87754199619808]},"properties":{"tpcondition":"Good","stumpdiameter":"0","riskratingdate":null,"riskrating":null,"objectid":"5107987","globalid":"63AC64CB-188A-4A2F-8B16-6CB44E7FD4D3","tpstructure":"Full","plantingspaceglobalid":"63AC64CB-188A-4A2F-8B16-6CB44E7FD4D3","createddate":"2017-11-15 11:11:11.0000000","dbh":"7","planteddate":null,"updateddate":null,"geometry":"POINT(-73.87944185850796 40.87754199619808)","genusspecies":"Malus - apple"}},{"type":"Feature","geometry":{"type":"Point","coordinates":[-73.97353613540685,40.72245487206167]},"properties":{"tpcondition":"Good","stumpdiameter":"0","riskratingdate":null,"riskrating":null,"objectid":"5107989","globalid":"C2686481-DCB9-468A-8201-1B5937930BD4","tpstructure":"Full","plantingspaceglobalid":"C2686481-DCB9-468A-8201-1B5937930BD4","createddate":"2017-11-15 11:11:11.0000000","dbh":"26","planteddate":null,"updateddate":null,"geometry":"POINT(-73.97353613540685 40.72245487206167)","genusspecies":"Quercus palustris - pin oak"}},{"type":"Feature","geometry":{"type":"Point","coordinates":[-73.82340673127601,40.782480009331415]},"properties":{"tpcondition":"Fair","stumpdiameter":null,"riskratingdate":"2025-10-15 16:46:11.0000000","riskrating":"8","objectid":"5107990","globalid":"1EF76E73-FE45-4295-A4B9-1A3EC08678B3","tpstructure":"Full","plantingspaceglobalid":"1EF76E73-FE45-4295-A4B9-1A3EC08678B3","createddate":"2017-11-15 11:11:00.0000000","dbh":"28","planteddate":null,"updateddate":"2025-10-15 16:46:11.0000000","geometry":"POINT(-73.82340673127601 40.782480009331415)","genusspecies":"Platanus x acerifolia - London planetree"}},{"type":"Feature","geometry":{"type":"Point","coordinates":[-73.88274744155888,40.83255645459114]},"properties":{"tpcondition":"Good","stumpdiameter":"0","riskratingdate":null,"riskrating":null,"objectid":"5107991","globalid":"817681BF-AE93-4872-BB02-E9B21F6884AC","tpstructure":"Full","plantingspaceglobalid":"817681BF-AE93-4872-BB02-E9B21F6884AC","createddate":"2017-11-15 11:11:11.0000000","dbh":"4","planteddate":null,"updateddate":null,"geometry":"POINT(-73.88274744155888 40.83255645459114)","genusspecies":"Quercus phellos - willow oak"}},{"type":"Feature","geometry":{"type":"Point","coordinates":[-73.84016462953628,40.87321418350241]},"properties":{"tpcondition":"Good","stumpdiameter":"0","riskratingdate":null,"riskrating":null,"objectid":"5107995","globalid":"9F2786A4-9F83-47F6-82BB-7562CC7C3C56","tpstructure":"Full","plantingspaceglobalid":"9F2786A4-9F83-47F6-82BB-7562CC7C3C56","createddate":"2017-11-15 11:11:11.0000000","dbh":"19","planteddate":null,"updateddate":null,"geometry":"POINT(-73.84016462953628 40.87321418350241)","genusspecies":"Quercus palustris - pin oak"}},{"type":"Feature","geometry":{"type":"Point","coordinates":[-74.00638035408178,40.71305048931905]},"properties":{"tpcondition":"Good","stumpdiameter":"0","riskratingdate":"2018-04-16 13:09:20.0000000","riskrating":"9","objectid":"5107997","globalid":"0FE04057-7B71-48D8-B3DA-4FEB50DFF2CA","tpstructure":"Full","plantingspaceglobalid":"0FE04057-7B71-48D8-B3DA-4FEB50DFF2CA","createddate":"2017-11-15 11:11:11.0000000","dbh":"29","planteddate":null,"updateddate":"2018-04-16 13:09:20.0000000","geometry":"POINT(-74.00638035408178 40.71305048931905)","genusspecies":"Platanus x acerifolia - London planetree"}},{"type":"Feature","geometry":{"type":"Point","coordinates":[-74.01556295301185,40.704446993177676]},"properties":{"tpcondition":"Fair","stumpdiameter":"0","riskratingdate":null,"riskrating":null,"objectid":"5107998","globalid":"C040CF64-A2D4-422D-8D0D-30CACE7C99EA","tpstructure":"Full","plantingspaceglobalid":"C040CF64-A2D4-422D-8D0D-30CACE7C99EA","createddate":"2017-11-15 11:11:11.0000000","dbh":"20","planteddate":null,"updateddate":null,"geometry":"POINT(-74.01556295301185 40.704446993177676)","genusspecies":"Quercus coccinea - scarlet oak"}},{"type":"Feature","geometry":{"type":"Point","coordinates":[-73.95303649896763,40.82632537502502]},"properties":{"tpcondition":"Fair","stumpdiameter":"0","riskratingdate":null,"riskrating":null,"objectid":"5107999","globalid":"16DE9D7A-9FC9-480B-8CA7-1BE717425ECF","tpstructure":"Full","plantingspaceglobalid":"16DE9D7A-9FC9-480B-8CA7-1BE717425ECF","createddate":"2017-11-15 11:11:11.0000000","dbh":"22","planteddate":null,"updateddate":null,"geometry":"POINT(-73.95303649896763 40.82632537502502)","genusspecies":"Quercus palustris - pin oak"}},{"type":"Feature","geometry":{"type":"Point","coordinates":[-73.89895801630108,40.864863166194674]},"properties":{"tpcondition":"Good","stumpdiameter":null,"riskratingdate":"2025-02-03 18:53:54.0000000","riskrating":"3","objectid":"5108000","globalid":"0FE017A2-1D31-4C9E-B0F9-19BE5DA9E41E","tpstructure":"Full","plantingspaceglobalid":"0FE017A2-1D31-4C9E-B0F9-19BE5DA9E41E","createddate":"2017-11-15 11:11:11.0000000","dbh":"8","planteddate":null,"updateddate":"2025-02-03 18:53:54.0000000","geometry":"POINT(-73.89895801630108 40.864863166194674)","genusspecies":"Acer buergerianum - trident maple"}},{"type":"Feature","geometry":{"type":"Point","coordinates":[-73.8648037513575,40.67408846959993]},"properties":{"tpcondition":"Good","stumpdiameter":"0","riskratingdate":null,"riskrating":null,"objectid":"5108001","globalid":"5F34FA13-166C-4444-A5F8-00D3916C3C51","tpstructure":"Full","plantingspaceglobalid":"5F34FA13-166C-4444-A5F8-00D3916C3C51","createddate":"2017-11-15 11:11:11.0000000","dbh":"6","planteddate":null,"updateddate":null,"geometry":"POINT(-73.8648037513575 40.67408846959993)","genusspecies":"Syringa reticulata - Japanese tree lilac"}},{"type":"Feature","geometry":{"type":"Point","coordinates":[-73.99105400339019,40.722643341944305]},"properties":{"tpcondition":"Fair","stumpdiameter":null,"riskratingdate":"2024-10-28 16:54:58.0000000","riskrating":"8","objectid":"5108002","globalid":"16A41939-89EF-4A9F-9A97-F4DA053EDBB4","tpstructure":"Full","plantingspaceglobalid":"16A41939-89EF-4A9F-9A97-F4DA053EDBB4","createddate":"2017-11-15 11:11:11.0000000","dbh":"24","planteddate":null,"updateddate":"2024-10-28 16:54:58.0000000","geometry":"POINT(-73.99105400339019 40.722643341944305)","genusspecies":"Platanus x acerifolia - London planetree"}},{"type":"Feature","geometry":{"type":"Point","coordinates":[-73.79941042168161,40.713295747518885]},"properties":{"tpcondition":"Good","stumpdiameter":"0","riskratingdate":null,"riskrating":null,"objectid":"5108003","globalid":"648AD4F9-A671-4F40-88A2-F07EB4ACE0B9","tpstructure":"Full","plantingspaceglobalid":"648AD4F9-A671-4F40-88A2-F07EB4ACE0B9","createddate":"2017-11-15 11:11:11.0000000","dbh":"34","planteddate":null,"updateddate":null,"geometry":"POINT(-73.79941042168161 40.713295747518885)","genusspecies":"Quercus palustris - pin oak"}},{"type":"Feature","geometry":{"type":"Point","coordinates":[-73.8469663270185,40.72628521600551]},"properties":{"tpcondition":"Good","stumpdiameter":"0","riskratingdate":null,"riskrating":null,"objectid":"5108004","globalid":"650153FA-F6FA-45B0-A9E8-DAC9A150D78B","tpstructure":"Full","plantingspaceglobalid":"650153FA-F6FA-45B0-A9E8-DAC9A150D78B","createddate":"2017-11-15 11:11:11.0000000","dbh":"9","planteddate":null,"updateddate":null,"geometry":"POINT(-73.8469663270185 40.72628521600551)","genusspecies":"Quercus palustris - pin oak"}},{"type":"Feature","geometry":{"type":"Point","coordinates":[-73.94504982406835,40.75322355972594]},"properties":{"tpcondition":"Fair","stumpdiameter":null,"riskratingdate":"2024-03-27 14:33:57.0000000","riskrating":"6","objectid":"5108005","globalid":"9ACCA91E-C7E5-464F-9081-B36722C2AD4B","tpstructure":"Full","plantingspaceglobalid":"9ACCA91E-C7E5-464F-9081-B36722C2AD4B","createddate":"2017-11-15 11:11:11.0000000","dbh":"26","planteddate":null,"updateddate":"2024-03-27 14:33:57.0000000","geometry":"POINT(-73.94504982406835 40.75322355972594)","genusspecies":"Platanus x acerifolia - London planetree"}},{"type":"Feature","geometry":{"type":"Point","coordinates":[-73.94102927893807,40.84580061654078]},"properties":{"tpcondition":"Fair","stumpdiameter":null,"riskratingdate":"2024-11-22 19:11:59.0000000","riskrating":"6","objectid":"5108006","globalid":"F30EA07D-F072-42AF-821B-9EC8559DA748","tpstructure":"Full","plantingspaceglobalid":"F30EA07D-F072-42AF-821B-9EC8559DA748","createddate":"2017-11-15 11:11:11.0000000","dbh":"23","planteddate":null,"updateddate":"2024-11-22 19:11:59.0000000","geometry":"POINT(-73.94102927893807 40.84580061654078)","genusspecies":"Platanus x acerifolia - London planetree"}},{"type":"Feature","geometry":{"type":"Point","coordinates":[-73.98204185777361,40.72584224978862]},"properties":{"tpcondition":"Good","stumpdiameter":"0","riskratingdate":null,"riskrating":null,"objectid":"5108007","globalid":"7DE32C78-D63C-45D9-9D5E-8F77ECC1FB27","tpstructure":"Full","plantingspaceglobalid":"7DE32C78-D63C-45D9-9D5E-8F77ECC1FB27","createddate":"2017-11-15 11:11:11.0000000","dbh":"2","planteddate":null,"updateddate":null,"geometry":"POINT(-73.98204185777361 40.72584224978862)","genusspecies":"Ilex - holly"}},{"type":"Feature","geometry":{"type":"Point","coordinates":[-73.90522975781921,40.90201149379845]},"properties":{"tpcondition":"Good","stumpdiameter":"0","riskratingdate":"2019-09-17 09:37:00.0000000","riskrating":"3","objectid":"5108009","globalid":"446706B5-AC10-4545-9C5C-44788DDD6AA8","tpstructure":"Full","plantingspaceglobalid":"446706B5-AC10-4545-9C5C-44788DDD6AA8","createddate":"2017-11-15 11:11:11.0000000","dbh":"4","planteddate":null,"updateddate":"2019-09-17 13:37:01.0000000","geometry":"POINT(-73.90522975781921 40.90201149379845)","genusspecies":"Robinia pseudoacacia - black locust"}},{"type":"Feature","geometry":{"type":"Point","coordinates":[-73.93452718340949,40.77203925660029]},"properties":{"tpcondition":"Good","stumpdiameter":"0","riskratingdate":"2018-08-16 11:21:00.0000000","riskrating":"7","objectid":"5108010","globalid":"5CA21280-0F64-4526-84B1-2AAFBBF8BA41","tpstructure":"Full","plantingspaceglobalid":"5CA21280-0F64-4526-84B1-2AAFBBF8BA41","createddate":"2017-11-15 11:11:11.0000000","dbh":"9","planteddate":null,"updateddate":"2019-01-29 15:27:12.0000000","geometry":"POINT(-73.93452718340949 40.77203925660029)","genusspecies":"Quercus palustris - pin oak"}},{"type":"Feature","geometry":{"type":"Point","coordinates":[-73.90957368581478,40.74706463594207]},"properties":{"tpcondition":"Good","stumpdiameter":null,"riskratingdate":"2022-03-22 14:46:33.0000000","riskrating":"5","objectid":"5108011","globalid":"7F727F42-8A30-4A28-BB2F-18CDD7772B55","tpstructure":"Full","plantingspaceglobalid":"7F727F42-8A30-4A28-BB2F-18CDD7772B55","createddate":"2017-11-15 11:11:11.0000000","dbh":"5","planteddate":null,"updateddate":"2022-03-22 14:46:33.0000000","geometry":"POINT(-73.90957368581478 40.74706463594207)","genusspecies":"Ulmus americana - American elm"}},{"type":"Feature","geometry":{"type":"Point","coordinates":[-73.88200316302878,40.834022023178896]},"properties":{"tpcondition":"Poor","stumpdiameter":"0","riskratingdate":null,"riskrating":null,"objectid":"5108012","globalid":"3BF68AE2-8EFB-4C29-A256-084E69142B8D","tpstructure":"Full","plantingspaceglobalid":"3BF68AE2-8EFB-4C29-A256-084E69142B8D","createddate":"2017-11-15 11:11:11.0000000","dbh":"3","planteddate":null,"updateddate":null,"geometry":"POINT(-73.88200316302878 40.834022023178896)","genusspecies":"Acer rubrum - red maple"}},{"type":"Feature","geometry":{"type":"Point","coordinates":[-74.0035028681935,40.726387769558436]},"properties":{"tpcondition":"Good","stumpdiameter":null,"riskratingdate":"2023-09-06 17:46:10.0000000","riskrating":"8","objectid":"5108013","globalid":"984B0C0F-356B-4172-93B9-EB5DF6A68DCA","tpstructure":"Full","plantingspaceglobalid":"984B0C0F-356B-4172-93B9-EB5DF6A68DCA","createddate":"2017-11-15 11:11:11.0000000","dbh":"12","planteddate":null,"updateddate":"2023-09-06 17:46:10.0000000","geometry":"POINT(-74.0035028681935 40.726387769558436)","genusspecies":"Ginkgo biloba - maidenhair tree"}},{"type":"Feature","geometry":{"type":"Point","coordinates":[-73.9486475395741,40.75700182005772]},"properties":{"tpcondition":"Good","stumpdiameter":"0","riskratingdate":null,"riskrating":null,"objectid":"5108014","globalid":"8DBB2791-404B-4EB1-B006-E59F0448A495","tpstructure":"Full","plantingspaceglobalid":"8DBB2791-404B-4EB1-B006-E59F0448A495","createddate":"2017-11-15 11:11:11.0000000","dbh":"3","planteddate":null,"updateddate":null,"geometry":"POINT(-73.9486475395741 40.75700182005772)","genusspecies":"Tilia americana - American basswood"}},{"type":"Feature","geometry":{"type":"Point","coordinates":[-73.84021652519073,40.873210471117545]},"properties":{"tpcondition":"Good","stumpdiameter":"0","riskratingdate":null,"riskrating":null,"objectid":"5108017","globalid":"1238D8C9-0938-474C-81E5-BE43F3E6DEE5","tpstructure":"Full","plantingspaceglobalid":"1238D8C9-0938-474C-81E5-BE43F3E6DEE5","createddate":"2017-11-15 11:11:11.0000000","dbh":"13","planteddate":null,"updateddate":null,"geometry":"POINT(-73.84021652519073 40.873210471117545)","genusspecies":"Pinus resinosa - red pine"}},{"type":"Feature","geometry":{"type":"Point","coordinates":[-73.8937979910403,40.65340534566842]},"properties":{"tpcondition":"Good","stumpdiameter":"0","riskratingdate":null,"riskrating":null,"objectid":"5108018","globalid":"E147312E-514F-455E-8D3F-B2E8A1011213","tpstructure":"Full","plantingspaceglobalid":"E147312E-514F-455E-8D3F-B2E8A1011213","createddate":"2017-11-15 11:11:11.0000000","dbh":"7","planteddate":null,"updateddate":null,"geometry":"POINT(-73.8937979910403 40.65340534566842)","genusspecies":"Platanus x acerifolia - London planetree"}},{"type":"Feature","geometry":{"type":"Point","coordinates":[-73.95057752243088,40.832487303514355]},"properties":{"tpcondition":"Fair","stumpdiameter":"0","riskratingdate":null,"riskrating":null,"objectid":"5108021","globalid":"381AD028-9F05-45A5-A46A-7A91BDBE3BCD","tpstructure":"Full","plantingspaceglobalid":"381AD028-9F05-45A5-A46A-7A91BDBE3BCD","createddate":"2017-11-15 11:11:11.0000000","dbh":"17","planteddate":null,"updateddate":null,"geometry":"POINT(-73.95057752243088 40.832487303514355)","genusspecies":"Gleditsia triacanthos var. inermis - Thornless honeylocust"}},{"type":"Feature","geometry":{"type":"Point","coordinates":[-73.89846166968275,40.86580361543158]},"properties":{"tpcondition":"Good","stumpdiameter":null,"riskratingdate":"2025-03-25 12:29:55.0000000","riskrating":"3","objectid":"5108022","globalid":"62F0213B-84B3-4611-8766-338EFEF02F83","tpstructure":"Full","plantingspaceglobalid":"62F0213B-84B3-4611-8766-338EFEF02F83","createddate":"2017-11-15 11:11:11.0000000","dbh":"15","planteddate":null,"updateddate":"2025-03-25 12:29:55.0000000","geometry":"POINT(-73.89846166968275 40.86580361543158)","genusspecies":"Metasequoia glyptostroboides - dawn redwood"}},{"type":"Feature","geometry":{"type":"Point","coordinates":[-73.9193343030957,40.869670859917804]},"properties":{"tpcondition":"Good","stumpdiameter":"0","riskratingdate":null,"riskrating":null,"objectid":"5108024","globalid":"4A464AF4-65B6-491A-8AF5-FD94DDB034E8","tpstructure":"Full","plantingspaceglobalid":"4A464AF4-65B6-491A-8AF5-FD94DDB034E8","createddate":"2017-11-15 11:11:11.0000000","dbh":"3","planteddate":null,"updateddate":null,"geometry":"POINT(-73.9193343030957 40.869670859917804)","genusspecies":"Liriodendron tulipifera - tuliptree"}},{"type":"Feature","geometry":{"type":"Point","coordinates":[-73.8970323988675,40.864623831854544]},"properties":{"tpcondition":"Poor","stumpdiameter":null,"riskratingdate":"2020-02-04 13:58:00.0000000","riskrating":"5","objectid":"5108025","globalid":"CB3EAB7A-FF27-433D-9F6F-F15153782E0B","tpstructure":"Retired","plantingspaceglobalid":"CB3EAB7A-FF27-433D-9F6F-F15153782E0B","createddate":"2017-11-15 11:11:00.0000000","dbh":"14","planteddate":null,"updateddate":"2023-06-05 15:26:30.0000000","geometry":"POINT(-73.8970323988675 40.864623831854544)","genusspecies":"Cornus canadensis - bunchberry dogwood"}},{"type":"Feature","geometry":{"type":"Point","coordinates":[-73.90319201951694,40.83578748706439]},"properties":{"tpcondition":"Fair","stumpdiameter":"0","riskratingdate":null,"riskrating":null,"objectid":"5108026","globalid":"F36AB6CD-7AF1-4D0E-8548-B0AEC0D79A53","tpstructure":"Full","plantingspaceglobalid":"F36AB6CD-7AF1-4D0E-8548-B0AEC0D79A53","createddate":"2017-11-15 11:11:11.0000000","dbh":"7","planteddate":null,"updateddate":null,"geometry":"POINT(-73.90319201951694 40.83578748706439)","genusspecies":"Platanus x acerifolia - London planetree"}},{"type":"Feature","geometry":{"type":"Point","coordinates":[-73.92178931997246,40.87290159142255]},"properties":{"tpcondition":"Good","stumpdiameter":"0","riskratingdate":null,"riskrating":null,"objectid":"5108027","globalid":"2ABEC68E-4119-441C-BB22-9ABB02FD03AF","tpstructure":"Full","plantingspaceglobalid":"2ABEC68E-4119-441C-BB22-9ABB02FD03AF","createddate":"2017-11-15 11:11:11.0000000","dbh":"6","planteddate":null,"updateddate":null,"geometry":"POINT(-73.92178931997246 40.87290159142255)","genusspecies":"Quercus palustris - pin oak"}},{"type":"Feature","geometry":{"type":"Point","coordinates":[-74.09015758717948,40.60299545159704]},"properties":{"tpcondition":"Poor","stumpdiameter":"36","riskratingdate":"2024-08-12 16:10:08.0000000","riskrating":"9","objectid":"5108029","globalid":"FC6F6F1D-C632-400E-9577-7727BA80A254","tpstructure":"Stump","plantingspaceglobalid":"FC6F6F1D-C632-400E-9577-7727BA80A254","createddate":"2017-11-15 11:11:11.0000000","dbh":"23","planteddate":null,"updateddate":"2025-06-05 17:58:18.0000000","geometry":"POINT(-74.09015758717948 40.60299545159704)","genusspecies":"Platanus x acerifolia - London planetree"}},{"type":"Feature","geometry":{"type":"Point","coordinates":[-74.09067403901604,40.602391817013235]},"properties":{"tpcondition":"Fair","stumpdiameter":"0","riskratingdate":null,"riskrating":null,"objectid":"5108030","globalid":"89983F00-A7EB-4DC5-A32E-7341364DA80A","tpstructure":"Retired","plantingspaceglobalid":"89983F00-A7EB-4DC5-A32E-7341364DA80A","createddate":"2017-11-15 11:11:11.0000000","dbh":"3","planteddate":null,"updateddate":"2023-07-05 13:21:26.0000000","geometry":"POINT(-74.09067403901604 40.602391817013235)","genusspecies":"Fagus grandifolia - American beech"}},{"type":"Feature","geometry":{"type":"Point","coordinates":[-73.85663847932406,40.809606190786695]},"properties":{"tpcondition":"Fair","stumpdiameter":null,"riskratingdate":"2020-08-17 13:57:00.0000000","riskrating":"9","objectid":"5108031","globalid":"6390F992-C00C-4E13-B416-507A0E457F81","tpstructure":"Retired","plantingspaceglobalid":"6390F992-C00C-4E13-B416-507A0E457F81","createddate":"2017-11-15 11:11:00.0000000","dbh":"19","planteddate":null,"updateddate":"2021-11-05 12:05:00.0000000","geometry":"POINT(-73.85663847932406 40.809606190786695)","genusspecies":"Acer saccharinum - silver maple"}},{"type":"Feature","geometry":{"type":"Point","coordinates":[-73.97365941427447,40.72331728905359]},"properties":{"tpcondition":"Dead","stumpdiameter":"0","riskratingdate":null,"riskrating":null,"objectid":"5108032","globalid":"1E5F76D0-80C5-44C4-87B6-363A62AE0D13","tpstructure":"Retired","plantingspaceglobalid":"1E5F76D0-80C5-44C4-87B6-363A62AE0D13","createddate":"2017-11-15 11:11:11.0000000","dbh":"11","planteddate":null,"updateddate":"2024-10-22 19:48:18.0000000","geometry":"POINT(-73.97365941427447 40.72331728905359)","genusspecies":"Pyrus calleryana - Callery pear"}},{"type":"Feature","geometry":{"type":"Point","coordinates":[-73.99391527553387,40.71752370155491]},"properties":{"tpcondition":"Good","stumpdiameter":"0","riskratingdate":null,"riskrating":null,"objectid":"5108033","globalid":"432873FA-75B2-4554-9E16-3296135126BE","tpstructure":"Retired","plantingspaceglobalid":"68AF64EB-6690-4966-AC7E-53D83710250F","createddate":"2017-11-15 11:11:11.0000000","dbh":"18","planteddate":null,"updateddate":null,"geometry":"POINT(-73.99391527553387 40.71752370155491)","genusspecies":"Platanus x acerifolia - London planetree"}},{"type":"Feature","geometry":{"type":"Point","coordinates":[-73.9753017284029,40.78070165463759]},"properties":{"tpcondition":"Good","stumpdiameter":"0","riskratingdate":null,"riskrating":null,"objectid":"5108034","globalid":"B13DC4E2-DE7D-4A06-A297-23D2DD272904","tpstructure":"Full","plantingspaceglobalid":"B13DC4E2-DE7D-4A06-A297-23D2DD272904","createddate":"2017-11-15 11:11:11.0000000","dbh":"48","planteddate":null,"updateddate":null,"geometry":"POINT(-73.9753017284029 40.78070165463759)","genusspecies":"Ginkgo biloba - maidenhair tree"}},{"type":"Feature","geometry":{"type":"Point","coordinates":[-73.95273419451993,40.82675778207959]},"properties":{"tpcondition":"Good","stumpdiameter":"0","riskratingdate":null,"riskrating":null,"objectid":"5108035","globalid":"01A7D6A3-C22D-42EA-9C8C-E23EA630FC6F","tpstructure":"Full","plantingspaceglobalid":"01A7D6A3-C22D-42EA-9C8C-E23EA630FC6F","createddate":"2017-11-15 11:11:11.0000000","dbh":"27","planteddate":null,"updateddate":null,"geometry":"POINT(-73.95273419451993 40.82675778207959)","genusspecies":"Quercus palustris - pin oak"}},{"type":"Feature","geometry":{"type":"Point","coordinates":[-74.13631862604193,40.64070086155952]},"properties":{"tpcondition":"Good","stumpdiameter":"0","riskratingdate":null,"riskrating":null,"objectid":"5108036","globalid":"7CD1A14F-9A41-4B07-9970-E0C09D35BDCB","tpstructure":"Full","plantingspaceglobalid":"7CD1A14F-9A41-4B07-9970-E0C09D35BDCB","createddate":"2017-11-15 11:11:11.0000000","dbh":"10","planteddate":null,"updateddate":null,"geometry":"POINT(-74.13631862604193 40.64070086155952)","genusspecies":"Liquidambar styraciflua - sweetgum"}},{"type":"Feature","geometry":{"type":"Point","coordinates":[-73.93943443547029,40.629474295441256]},"properties":{"tpcondition":"Good","stumpdiameter":"0","riskratingdate":null,"riskrating":null,"objectid":"5108037","globalid":"85579540-2433-4C72-AEBA-ACD5848E845E","tpstructure":"Full","plantingspaceglobalid":"85579540-2433-4C72-AEBA-ACD5848E845E","createddate":"2017-11-15 11:11:11.0000000","dbh":"27","planteddate":null,"updateddate":null,"geometry":"POINT(-73.93943443547029 40.629474295441256)","genusspecies":"Platanus x acerifolia - London planetree"}},{"type":"Feature","geometry":{"type":"Point","coordinates":[-73.87573343184462,40.87809490206159]},"properties":{"tpcondition":"Poor","stumpdiameter":null,"riskratingdate":"2024-04-04 19:16:26.0000000","riskrating":"10","objectid":"5108038","globalid":"C0A3BA9E-9804-4981-9F92-85DD60116262","tpstructure":"Full","plantingspaceglobalid":"C0A3BA9E-9804-4981-9F92-85DD60116262","createddate":"2017-11-15 11:11:11.0000000","dbh":"18","planteddate":null,"updateddate":"2024-04-04 19:16:26.0000000","geometry":"POINT(-73.87573343184462 40.87809490206159)","genusspecies":"Acer platanoides - Norway maple"}},{"type":"Feature","geometry":{"type":"Point","coordinates":[-73.87880521244776,40.87805216652866]},"properties":{"tpcondition":"Good","stumpdiameter":"0","riskratingdate":null,"riskrating":null,"objectid":"5108039","globalid":"6BB2E452-D400-4CBB-A4CA-79146078132A","tpstructure":"Full","plantingspaceglobalid":"6BB2E452-D400-4CBB-A4CA-79146078132A","createddate":"2017-11-15 11:11:11.0000000","dbh":"12","planteddate":null,"updateddate":"2017-11-30 08:54:36.0000000","geometry":"POINT(-73.87880521244776 40.87805216652866)","genusspecies":"Quercus palustris - pin oak"}},{"type":"Feature","geometry":{"type":"Point","coordinates":[-73.91698230154498,40.77166616257992]},"properties":{"tpcondition":"Good","stumpdiameter":"0","riskratingdate":null,"riskrating":null,"objectid":"5108040","globalid":"04AFC586-3EA2-4F36-99B4-670024BA5A31","tpstructure":"Full","plantingspaceglobalid":"04AFC586-3EA2-4F36-99B4-670024BA5A31","createddate":"2017-11-15 11:11:11.0000000","dbh":"15","planteddate":null,"updateddate":null,"geometry":"POINT(-73.91698230154498 40.77166616257992)","genusspecies":"Pyrus calleryana - Callery pear"}},{"type":"Feature","geometry":{"type":"Point","coordinates":[-73.92435010343449,40.83286996685214]},"properties":{"tpcondition":"Good","stumpdiameter":"0","riskratingdate":null,"riskrating":null,"objectid":"5108042","globalid":"19B88F8F-61D1-4243-9A3A-39FE3D32E80E","tpstructure":"Full","plantingspaceglobalid":"19B88F8F-61D1-4243-9A3A-39FE3D32E80E","createddate":"2017-11-15 11:11:11.0000000","dbh":"14","planteddate":null,"updateddate":null,"geometry":"POINT(-73.92435010343449 40.83286996685214)","genusspecies":"Acer platanoides - Norway maple"}},{"type":"Feature","geometry":{"type":"Point","coordinates":[-73.95103783837605,40.83172929691911]},"properties":{"tpcondition":"Good","stumpdiameter":"0","riskratingdate":null,"riskrating":null,"objectid":"5108043","globalid":"38588A2D-62A3-4458-AFD8-399B7A209174","tpstructure":"Full","plantingspaceglobalid":"38588A2D-62A3-4458-AFD8-399B7A209174","createddate":"2017-11-15 11:11:11.0000000","dbh":"20","planteddate":null,"updateddate":null,"geometry":"POINT(-73.95103783837605 40.83172929691911)","genusspecies":"Quercus ellipsoidalis - northern pin oak"}},{"type":"Feature","geometry":{"type":"Point","coordinates":[-73.79888418432188,40.71160038676953]},"properties":{"tpcondition":"Good","stumpdiameter":null,"riskratingdate":"2024-12-16 15:15:26.0000000","riskrating":"9","objectid":"5108044","globalid":"319416C6-B1A7-4486-8D9F-0C0E838AE8F8","tpstructure":"Full","plantingspaceglobalid":"319416C6-B1A7-4486-8D9F-0C0E838AE8F8","createddate":"2017-11-15 11:11:11.0000000","dbh":"54","planteddate":null,"updateddate":"2024-12-16 15:15:26.0000000","geometry":"POINT(-73.79888418432188 40.71160038676953)","genusspecies":"Quercus rubra - northern red oak"}},{"type":"Feature","geometry":{"type":"Point","coordinates":[-73.8236193940819,40.78491054852494]},"properties":{"tpcondition":"Fair","stumpdiameter":null,"riskratingdate":"2025-10-24 14:42:18.0000000","riskrating":"6","objectid":"5108045","globalid":"3F289A82-69B6-4A64-A43C-FD2FB3B4C4C0","tpstructure":"Full","plantingspaceglobalid":"3F289A82-69B6-4A64-A43C-FD2FB3B4C4C0","createddate":"2017-11-15 11:11:11.0000000","dbh":"26","planteddate":null,"updateddate":"2025-10-24 14:42:18.0000000","geometry":"POINT(-73.8236193940819 40.78491054852494)","genusspecies":"Platanus x acerifolia - London planetree"}},{"type":"Feature","geometry":{"type":"Point","coordinates":[-73.93401320312628,40.79363503861041]},"properties":{"tpcondition":"Fair","stumpdiameter":null,"riskratingdate":"2025-07-09 10:55:56.0000000","riskrating":"6","objectid":"5108046","globalid":"C1586AA6-C9C7-4027-AAD3-EBCE92D72A3B","tpstructure":"Full","plantingspaceglobalid":"C1586AA6-C9C7-4027-AAD3-EBCE92D72A3B","createddate":"2017-11-15 11:11:11.0000000","dbh":"8","planteddate":null,"updateddate":"2025-07-09 10:55:56.0000000","geometry":"POINT(-73.93401320312628 40.79363503861041)","genusspecies":"Malus - apple"}},{"type":"Feature","geometry":{"type":"Point","coordinates":[-73.91942568373268,40.88108480351457]},"properties":{"tpcondition":"Good","stumpdiameter":"0","riskratingdate":null,"riskrating":null,"objectid":"5108047","globalid":"757BAB39-857F-45DB-8F60-DF0C6F630B2C","tpstructure":"Full","plantingspaceglobalid":"757BAB39-857F-45DB-8F60-DF0C6F630B2C","createddate":"2017-11-15 11:11:11.0000000","dbh":"3","planteddate":null,"updateddate":null,"geometry":"POINT(-73.91942568373268 40.88108480351457)","genusspecies":"Malus - apple"}},{"type":"Feature","geometry":{"type":"Point","coordinates":[-73.9497273456922,40.83044987332708]},"properties":{"tpcondition":"Good","stumpdiameter":null,"riskratingdate":"2022-05-10 17:26:46.0000000","riskrating":"4","objectid":"5108048","globalid":"C0AF35EB-AFE2-47AD-8848-D657176FAEF3","tpstructure":"Full","plantingspaceglobalid":"C0AF35EB-AFE2-47AD-8848-D657176FAEF3","createddate":"2017-11-15 11:11:11.0000000","dbh":"4","planteddate":null,"updateddate":"2022-05-10 17:26:46.0000000","geometry":"POINT(-73.9497273456922 40.83044987332708)","genusspecies":"Cornus florida - flowering dogwood"}}], "crs" : { "type": "name", "properties": { "name": "urn:ogc:def:crs:OGC:1.3:CRS84" } } }