{ "type": "FeatureCollection", "features": [{"type":"Feature","geometry":{"type":"Point","coordinates":[-73.92821271666234,40.829654496732324]},"properties":{"tpcondition":"Fair","stumpdiameter":"0","riskratingdate":"2017-07-17 10:26:33.0000000","riskrating":"10","objectid":"3663245","globalid":"3E7A970B-3DE4-4497-BBFA-9AD824E624C2","tpstructure":"Retired","plantingspaceglobalid":"8FD51420-FAC0-4AED-BED0-1D5A2ACDE4D7","createddate":"2016-05-11 18:38:01.0000000","dbh":"19","planteddate":null,"updateddate":"2018-08-15 16:42:14.0000000","geometry":"POINT(-73.92821271666234 40.829654496732324)","genusspecies":"Quercus rubra - northern red oak"}},{"type":"Feature","geometry":{"type":"Point","coordinates":[-73.92333564692946,40.837816778292584]},"properties":{"tpcondition":"Poor","stumpdiameter":null,"riskratingdate":"2022-02-17 12:56:00.0000000","riskrating":"7","objectid":"3663246","globalid":"D96865A7-2DFF-4834-ACE5-F74DF6FC8ED1","tpstructure":"Retired","plantingspaceglobalid":"7B78CA33-4388-42C9-A04C-71431EE9912C","createddate":"2016-05-11 18:23:00.0000000","dbh":"21","planteddate":null,"updateddate":"2025-01-09 19:44:00.0000000","geometry":"POINT(-73.92333564692946 40.837816778292584)","genusspecies":"Aesculus hippocastanum - horse chestnut"}},{"type":"Feature","geometry":{"type":"Point","coordinates":[-73.87214746110661,40.74673803418055]},"properties":{"tpcondition":"Poor","stumpdiameter":"0","riskratingdate":"2017-03-15 09:50:23.0000000","riskrating":"11","objectid":"3663247","globalid":"93F2D700-549F-49D6-B01F-10A691AC52E8","tpstructure":"Stump","plantingspaceglobalid":"20A5E410-2DAE-444B-9438-79E65BE37866","createddate":"2016-05-11 19:15:00.0000000","dbh":"10","planteddate":null,"updateddate":"2017-11-21 04:11:11.0000000","geometry":"POINT(-73.87214746110661 40.74673803418055)","genusspecies":"Unknown - Unknown"}},{"type":"Feature","geometry":{"type":"Point","coordinates":[-73.88120583894111,40.75000605884775]},"properties":{"tpcondition":"Fair","stumpdiameter":null,"riskratingdate":"2022-03-08 15:32:00.0000000","riskrating":"6","objectid":"3663248","globalid":"4E43AB84-8CAD-4647-B11F-D32270652BB3","tpstructure":"Full","plantingspaceglobalid":"687B24C1-922B-439B-BC48-591040076CFE","createddate":"2016-05-11 17:42:00.0000000","dbh":"8","planteddate":null,"updateddate":"2025-09-17 19:05:00.0000000","geometry":"POINT(-73.88120583894111 40.75000605884775)","genusspecies":"Tilia cordata - littleleaf linden"}},{"type":"Feature","geometry":{"type":"Point","coordinates":[-73.81260153972754,40.747377867083635]},"properties":{"tpcondition":"Fair","stumpdiameter":"0","riskratingdate":null,"riskrating":null,"objectid":"3663249","globalid":"8E2C1CFB-4D4F-4823-B296-76F17C2E9351","tpstructure":"Full","plantingspaceglobalid":"304A30F2-5EBF-421C-8DB8-93DF4DD80E67","createddate":"2016-05-11 18:03:43.0000000","dbh":"6","planteddate":null,"updateddate":null,"geometry":"POINT(-73.81260153972754 40.747377867083635)","genusspecies":"Prunus cerasifera - cherry plum"}},{"type":"Feature","geometry":{"type":"Point","coordinates":[-73.88846962656439,40.75209827126005]},"properties":{"tpcondition":"Good","stumpdiameter":null,"riskratingdate":"2024-07-27 15:11:27.0000000","riskrating":"3","objectid":"3663250","globalid":"5B52C82D-6217-46CC-B833-E1F28C350252","tpstructure":"Full","plantingspaceglobalid":"B2EC0099-F2E8-479D-8E71-8EC3520F441D","createddate":"2016-05-11 19:33:19.0000000","dbh":"12","planteddate":null,"updateddate":"2024-07-27 15:11:27.0000000","geometry":"POINT(-73.88846962656439 40.75209827126005)","genusspecies":"Quercus velutina - black oak"}},{"type":"Feature","geometry":{"type":"Point","coordinates":[-73.93147302371953,40.7595911356071]},"properties":{"tpcondition":"Good","stumpdiameter":"0","riskratingdate":null,"riskrating":null,"objectid":"3663251","globalid":"97D71C5D-C9C6-43E3-B574-BBADF8295297","tpstructure":"Full","plantingspaceglobalid":"84D636F6-0DD2-4F1E-97E6-868AE2A55CEE","createddate":"2016-05-11 17:36:30.0000000","dbh":"7","planteddate":null,"updateddate":"2017-10-30 09:19:06.0000000","geometry":"POINT(-73.93147302371953 40.7595911356071)","genusspecies":"Quercus bicolor - swamp white oak"}},{"type":"Feature","geometry":{"type":"Point","coordinates":[-73.91097506628985,40.84235824413761]},"properties":{"tpcondition":"Fair","stumpdiameter":null,"riskratingdate":"2025-08-11 15:35:14.0000000","riskrating":"6","objectid":"3663252","globalid":"B2A4F038-57F0-4EDB-B016-92AC332E6EBE","tpstructure":"Full","plantingspaceglobalid":"2DCE881E-5675-42A4-A377-7FBEE2873ED1","createddate":"2016-05-11 20:05:58.0000000","dbh":"17","planteddate":null,"updateddate":"2025-08-11 15:35:14.0000000","geometry":"POINT(-73.91097506628985 40.84235824413761)","genusspecies":"Platanus x acerifolia - London planetree"}},{"type":"Feature","geometry":{"type":"Point","coordinates":[-73.9131799753498,40.75789334033365]},"properties":{"tpcondition":"Poor","stumpdiameter":null,"riskratingdate":"2020-08-04 17:00:00.0000000","riskrating":"10","objectid":"3663253","globalid":"0A4A102E-9D00-4E51-B24B-58E86F6090AC","tpstructure":"Retired","plantingspaceglobalid":"208C9D24-1852-4894-803F-7E4135C207F2","createddate":"2016-05-11 18:56:00.0000000","dbh":"25","planteddate":null,"updateddate":"2024-05-29 21:08:48.0000000","geometry":"POINT(-73.9131799753498 40.75789334033365)","genusspecies":"Ailanthus altissima - tree of heaven"}},{"type":"Feature","geometry":{"type":"Point","coordinates":[-73.86102548849068,40.74609723150297]},"properties":{"tpcondition":"Fair","stumpdiameter":"0","riskratingdate":null,"riskrating":null,"objectid":"3663254","globalid":"228E7FF1-0B03-4AA9-93C3-D391BF740E95","tpstructure":"Full","plantingspaceglobalid":"50609FFA-5596-456B-9318-2280DC7C454B","createddate":"2016-05-11 20:37:14.0000000","dbh":"11","planteddate":null,"updateddate":null,"geometry":"POINT(-73.86102548849068 40.74609723150297)","genusspecies":"Metasequoia glyptostroboides - dawn redwood"}},{"type":"Feature","geometry":{"type":"Point","coordinates":[-73.98769322711873,40.70049401473833]},"properties":{"tpcondition":"Dead","stumpdiameter":"0","riskratingdate":"2019-04-01 12:33:00.0000000","riskrating":"4","objectid":"3663255","globalid":"1D620396-EB3F-4469-99BE-5F71BBC02FC6","tpstructure":"Retired","plantingspaceglobalid":"6624D888-4000-46A4-9C1D-7A319EFE4AF7","createddate":"2016-05-11 20:23:00.0000000","dbh":"4","planteddate":null,"updateddate":"2021-11-29 15:00:00.0000000","geometry":"POINT(-73.98769322711873 40.70049401473833)","genusspecies":"Ginkgo biloba - maidenhair tree"}},{"type":"Feature","geometry":{"type":"Point","coordinates":[-73.96049700020365,40.67584903418202]},"properties":{"tpcondition":"Fair","stumpdiameter":null,"riskratingdate":"2025-07-11 15:17:46.0000000","riskrating":"7","objectid":"3663256","globalid":"8098961B-D847-4BAA-AF7E-CFF28BA46584","tpstructure":"Full","plantingspaceglobalid":"B583D51E-D745-4E78-8294-E04DD41E4B78","createddate":"2016-05-11 18:40:24.0000000","dbh":"22","planteddate":null,"updateddate":"2025-07-11 15:17:46.0000000","geometry":"POINT(-73.96049700020365 40.67584903418202)","genusspecies":"Fraxinus pennsylvanica - Green ash"}},{"type":"Feature","geometry":{"type":"Point","coordinates":[-73.99311731680667,40.68126881128776]},"properties":{"tpcondition":"Good","stumpdiameter":null,"riskratingdate":"2024-06-28 16:10:01.0000000","riskrating":"7","objectid":"3663257","globalid":"DC881161-1917-4D28-A786-916665512791","tpstructure":"Full","plantingspaceglobalid":"C635E935-1266-4768-AE13-C3B3987C7279","createddate":"2016-05-11 19:52:02.0000000","dbh":"23","planteddate":null,"updateddate":"2024-06-28 16:10:01.0000000","geometry":"POINT(-73.99311731680667 40.68126881128776)","genusspecies":"Ginkgo biloba - maidenhair tree"}},{"type":"Feature","geometry":{"type":"Point","coordinates":[-73.99793792424842,40.67963277939881]},"properties":{"tpcondition":"Fair","stumpdiameter":null,"riskratingdate":"2025-01-23 17:06:28.0000000","riskrating":"3","objectid":"3663258","globalid":"C1EFC34E-7400-425A-8896-CE8199BC3B63","tpstructure":"Full","plantingspaceglobalid":"366B33BD-2761-4D06-BC1D-8AAA2B67160B","createddate":"2016-05-11 20:51:00.0000000","dbh":"6","planteddate":null,"updateddate":"2025-01-23 17:06:28.0000000","geometry":"POINT(-73.99793792424842 40.67963277939881)","genusspecies":"Quercus acutissima - sawtooth oak"}},{"type":"Feature","geometry":{"type":"Point","coordinates":[-73.8989694365085,40.70501791400207]},"properties":{"tpcondition":"Good","stumpdiameter":"0","riskratingdate":"2020-01-10 18:58:03.0000000","riskrating":"3","objectid":"3663259","globalid":"67289D24-F705-4325-BD4F-60D6F435E35A","tpstructure":"Full","plantingspaceglobalid":"7715578C-15FD-4D5C-8246-1838568B2419","createddate":"2016-05-11 18:35:00.0000000","dbh":"5","planteddate":null,"updateddate":"2020-01-10 18:58:03.0000000","geometry":"POINT(-73.8989694365085 40.70501791400207)","genusspecies":"Zelkova serrata - Japanese zelkova"}},{"type":"Feature","geometry":{"type":"Point","coordinates":[-73.82584533391578,40.725419344981844]},"properties":{"tpcondition":"Poor","stumpdiameter":null,"riskratingdate":"2023-12-27 18:07:00.0000000","riskrating":"9","objectid":"3663260","globalid":"0A4C4243-287A-4D60-B1A2-148C30857CB7","tpstructure":"Stump","plantingspaceglobalid":"CF1423F1-D104-415B-9E4D-6CDA01CC751B","createddate":"2016-05-11 18:58:00.0000000","dbh":"14","planteddate":null,"updateddate":"2025-03-21 19:01:00.0000000","geometry":"POINT(-73.82584533391578 40.725419344981844)","genusspecies":"Tilia cordata - littleleaf linden"}},{"type":"Feature","geometry":{"type":"Point","coordinates":[-73.88705137917314,40.75404195780361]},"properties":{"tpcondition":"Dead","stumpdiameter":"35","riskratingdate":"2018-11-29 08:13:00.0000000","riskrating":"6","objectid":"3663261","globalid":"274EDCFA-4CBC-4DFD-B784-73FD1BCBFEA8","tpstructure":"Stump","plantingspaceglobalid":"31D5FA4F-A30D-4CBD-9CE2-86AF5735D786","createddate":"2016-05-11 20:50:00.0000000","dbh":null,"planteddate":null,"updateddate":"2024-02-15 15:55:20.0000000","geometry":"POINT(-73.88705137917314 40.75404195780361)","genusspecies":"Acer platanoides - Norway maple"}},{"type":"Feature","geometry":{"type":"Point","coordinates":[-73.8419192292438,40.72318420739023]},"properties":{"tpcondition":"Good","stumpdiameter":"0","riskratingdate":"2019-12-31 17:56:59.0000000","riskrating":"4","objectid":"3663262","globalid":"19855C83-718D-40DE-A30E-E1B0F35B898F","tpstructure":"Full","plantingspaceglobalid":"C0B2E407-1A7F-476E-9DB6-69E5D3F49099","createddate":"2016-05-11 20:17:20.0000000","dbh":"3","planteddate":null,"updateddate":"2019-12-31 17:56:59.0000000","geometry":"POINT(-73.8419192292438 40.72318420739023)","genusspecies":"Malus - apple"}},{"type":"Feature","geometry":{"type":"Point","coordinates":[-73.92491188649095,40.77235691305983]},"properties":{"tpcondition":"Dead","stumpdiameter":"0","riskratingdate":null,"riskrating":null,"objectid":"3663263","globalid":"8BB9C4FF-B55F-426B-896C-C3313DB49268","tpstructure":"Retired","plantingspaceglobalid":"606CEC4A-2688-4F25-A72B-3C61C2D71923","createddate":"2016-05-11 19:02:00.0000000","dbh":"2","planteddate":null,"updateddate":"2023-02-09 18:22:00.0000000","geometry":"POINT(-73.92491188649095 40.77235691305983)","genusspecies":"Quercus palustris - pin oak"}},{"type":"Feature","geometry":{"type":"Point","coordinates":[-73.91025902459813,40.761455268001704]},"properties":{"tpcondition":"Dead","stumpdiameter":"0","riskratingdate":"2018-05-10 10:16:00.0000000","riskrating":"7","objectid":"3663264","globalid":"E4A43DC6-E1C7-42AD-B471-51E1DDB2039E","tpstructure":"Retired","plantingspaceglobalid":"619CEA95-F9AC-478B-91D7-683B8950DCA3","createddate":"2016-05-11 20:16:00.0000000","dbh":"2","planteddate":null,"updateddate":"2024-05-30 16:52:09.0000000","geometry":"POINT(-73.91025902459813 40.761455268001704)","genusspecies":"Ostrya virginiana - hophornbeam"}},{"type":"Feature","geometry":{"type":"Point","coordinates":[-73.9931244932477,40.69451246276965]},"properties":{"tpcondition":"Good","stumpdiameter":"0","riskratingdate":null,"riskrating":null,"objectid":"3663265","globalid":"2193BB6F-E711-44CC-B8A0-52EC5801050E","tpstructure":"Full","plantingspaceglobalid":"64F408F7-EFC4-4809-8848-EA4990D22A2C","createddate":"2016-05-11 20:37:08.0000000","dbh":"8","planteddate":null,"updateddate":"2018-06-20 14:28:48.0000000","geometry":"POINT(-73.9931244932477 40.69451246276965)","genusspecies":"Gleditsia triacanthos var. inermis - Thornless honeylocust"}},{"type":"Feature","geometry":{"type":"Point","coordinates":[-73.96389638823932,40.7029836977152]},"properties":{"tpcondition":"Good","stumpdiameter":"0","riskratingdate":null,"riskrating":null,"objectid":"3663266","globalid":"58637819-ACF3-4C04-8A13-FFDE3F18D342","tpstructure":"Full","plantingspaceglobalid":"3E7F567B-B87D-41CE-BB54-4A81B366B331","createddate":"2016-05-11 19:07:58.0000000","dbh":"14","planteddate":null,"updateddate":"2018-05-03 16:02:01.0000000","geometry":"POINT(-73.96389638823932 40.7029836977152)","genusspecies":"Platanus x acerifolia - London planetree"}},{"type":"Feature","geometry":{"type":"Point","coordinates":[-73.86146189718062,40.74431548506424]},"properties":{"tpcondition":"Fair","stumpdiameter":"0","riskratingdate":null,"riskrating":null,"objectid":"3663267","globalid":"BAA5BA77-9817-4C45-A7F5-3EB7804B7F14","tpstructure":"Full","plantingspaceglobalid":"A406D2BB-1CEC-4EF8-A667-F555A4C6D00E","createddate":"2016-05-11 19:44:16.0000000","dbh":"16","planteddate":null,"updateddate":null,"geometry":"POINT(-73.86146189718062 40.74431548506424)","genusspecies":"Quercus palustris - pin oak"}},{"type":"Feature","geometry":{"type":"Point","coordinates":[-73.89129292884338,40.8543878902891]},"properties":{"tpcondition":"Fair","stumpdiameter":null,"riskratingdate":"2024-10-04 13:17:35.0000000","riskrating":"8","objectid":"3663268","globalid":"F23424BB-9898-4DC5-9A88-32D1332E635E","tpstructure":"Full","plantingspaceglobalid":"CB9748BE-5D17-486B-96F8-EBEF2F37D9FE","createddate":"2016-05-11 18:35:36.0000000","dbh":"14","planteddate":null,"updateddate":"2024-10-04 13:17:35.0000000","geometry":"POINT(-73.89129292884338 40.8543878902891)","genusspecies":"Quercus rubra - northern red oak"}},{"type":"Feature","geometry":{"type":"Point","coordinates":[-73.96379905799247,40.680191315280666]},"properties":{"tpcondition":"Good","stumpdiameter":null,"riskratingdate":"2021-08-27 17:15:02.0000000","riskrating":"7","objectid":"3663269","globalid":"F53556AC-11C4-4FD6-B3BF-0C53BBC09B53","tpstructure":"Full","plantingspaceglobalid":"700A6D18-4DDC-4268-AC34-2ABAC3BFC101","createddate":"2016-05-11 20:15:25.0000000","dbh":"7","planteddate":null,"updateddate":"2021-08-27 17:15:02.0000000","geometry":"POINT(-73.96379905799247 40.680191315280666)","genusspecies":"Ulmus parvifolia - Chinese elm"}},{"type":"Feature","geometry":{"type":"Point","coordinates":[-73.89173092754577,40.760572299021725]},"properties":{"tpcondition":"Poor","stumpdiameter":null,"riskratingdate":"2025-10-27 13:24:00.0000000","riskrating":"7","objectid":"3663270","globalid":"086592EB-99BB-41AE-ACE0-DC2AFAC55B9C","tpstructure":"Full","plantingspaceglobalid":"477FCEBC-78B1-4C43-8EA5-1649CA1E42C4","createddate":"2016-05-11 19:03:13.0000000","dbh":"5","planteddate":null,"updateddate":"2025-10-27 13:24:00.0000000","geometry":"POINT(-73.89173092754577 40.760572299021725)","genusspecies":"Quercus rubra - northern red oak"}},{"type":"Feature","geometry":{"type":"Point","coordinates":[-73.88529355287058,40.85186584952404]},"properties":{"tpcondition":"Good","stumpdiameter":null,"riskratingdate":"2025-09-29 12:53:01.0000000","riskrating":"6","objectid":"3663271","globalid":"3CE0E218-746A-41F1-A5E1-73D139C11E43","tpstructure":"Full","plantingspaceglobalid":"9008B536-2A07-4A83-93B9-27A8EB146E65","createddate":"2016-05-11 18:13:56.0000000","dbh":"9","planteddate":null,"updateddate":"2025-09-29 12:53:01.0000000","geometry":"POINT(-73.88529355287058 40.85186584952404)","genusspecies":"Gleditsia triacanthos var. inermis - Thornless honeylocust"}},{"type":"Feature","geometry":{"type":"Point","coordinates":[-73.87285639356426,40.74822693288612]},"properties":{"tpcondition":"Good","stumpdiameter":"0","riskratingdate":null,"riskrating":null,"objectid":"3663272","globalid":"AC5F9680-637C-43A8-928F-732DB1E18EC8","tpstructure":"Full","plantingspaceglobalid":"28C6C456-80C8-4663-B1E5-3AC8CE6E2FC0","createddate":"2016-05-11 20:52:47.0000000","dbh":"10","planteddate":null,"updateddate":"2017-03-08 10:40:50.0000000","geometry":"POINT(-73.87285639356426 40.74822693288612)","genusspecies":"Acer platanoides - Norway maple"}},{"type":"Feature","geometry":{"type":"Point","coordinates":[-74.09603264716361,40.643414563658624]},"properties":{"tpcondition":"Fair","stumpdiameter":"0","riskratingdate":null,"riskrating":null,"objectid":"3663273","globalid":"A7F35D01-0D3F-4F9F-9891-A33D85647554","tpstructure":"Full","plantingspaceglobalid":"7D9F2A45-AD43-48D1-9C8C-73BDC95A8690","createddate":"2016-05-11 18:15:00.0000000","dbh":"4","planteddate":null,"updateddate":"2019-01-09 16:37:48.0000000","geometry":"POINT(-74.09603264716361 40.643414563658624)","genusspecies":"Zelkova serrata - Japanese zelkova"}},{"type":"Feature","geometry":{"type":"Point","coordinates":[-73.89211723611778,40.833367641002944]},"properties":{"tpcondition":"Good","stumpdiameter":null,"riskratingdate":"2023-04-11 17:41:47.0000000","riskrating":"6","objectid":"3663274","globalid":"A62AB83B-64FE-458D-99ED-5E70A87A8380","tpstructure":"Full","plantingspaceglobalid":"F283C451-B87D-401A-BDA8-4010BBFC1F3F","createddate":"2016-05-11 19:35:37.0000000","dbh":"6","planteddate":null,"updateddate":"2023-04-11 17:41:47.0000000","geometry":"POINT(-73.89211723611778 40.833367641002944)","genusspecies":"Acer rubrum - red maple"}},{"type":"Feature","geometry":{"type":"Point","coordinates":[-73.85257691000498,40.577170168713955]},"properties":{"tpcondition":"Dead","stumpdiameter":null,"riskratingdate":"2022-12-02 17:00:56.0000000","riskrating":"5","objectid":"3663275","globalid":"135B4B8F-1DD4-430C-AB3D-DB16049B5CEE","tpstructure":"Full","plantingspaceglobalid":"4A73D631-929B-4AD8-A8C7-E2F6D8B2E4CC","createddate":"2016-05-11 18:49:40.0000000","dbh":"6","planteddate":null,"updateddate":"2022-12-02 17:00:56.0000000","geometry":"POINT(-73.85257691000498 40.577170168713955)","genusspecies":"Pyrus calleryana - Callery pear"}},{"type":"Feature","geometry":{"type":"Point","coordinates":[-73.96747181757684,40.71124823418634]},"properties":{"tpcondition":"Good","stumpdiameter":"0","riskratingdate":"2019-05-07 10:08:50.0000000","riskrating":"3","objectid":"3663276","globalid":"AAFAC1FF-C30A-415A-80CA-993856297365","tpstructure":"Full","plantingspaceglobalid":"D3BF8196-576F-492E-9025-FA0B19CB56EE","createddate":"2016-05-11 20:31:37.0000000","dbh":"4","planteddate":null,"updateddate":"2019-05-07 14:08:51.0000000","geometry":"POINT(-73.96747181757684 40.71124823418634)","genusspecies":"Gleditsia triacanthos var. inermis - Thornless honeylocust"}},{"type":"Feature","geometry":{"type":"Point","coordinates":[-73.99117836941542,40.693875170386086]},"properties":{"tpcondition":"Poor","stumpdiameter":"0","riskratingdate":"2020-01-22 16:41:00.0000000","riskrating":"4","objectid":"3663277","globalid":"01CDB409-8FA0-48DD-8B1C-A4A6E6CBDB4A","tpstructure":"Retired","plantingspaceglobalid":"BB44EE41-0172-45A3-A7DA-5DDB87FD42F4","createddate":"2016-05-11 19:03:00.0000000","dbh":"6","planteddate":null,"updateddate":"2020-05-20 12:53:00.0000000","geometry":"POINT(-73.99117836941542 40.693875170386086)","genusspecies":"Gymnocladus dioicus - Kentucky coffeetree"}},{"type":"Feature","geometry":{"type":"Point","coordinates":[-73.98682277219905,40.66514432204864]},"properties":{"tpcondition":"Critical","stumpdiameter":null,"riskratingdate":"2024-02-29 11:57:00.0000000","riskrating":"10","objectid":"3663278","globalid":"4C08B7DC-6A75-41AD-904D-6344C31B8A4A","tpstructure":"Stump","plantingspaceglobalid":"00F382DE-7020-4A0F-BAF7-D84A0956D1BF","createddate":"2016-05-11 17:38:00.0000000","dbh":"16","planteddate":null,"updateddate":"2024-03-01 14:21:00.0000000","geometry":"POINT(-73.98682277219905 40.66514432204864)","genusspecies":"Pyrus calleryana - Callery pear"}},{"type":"Feature","geometry":{"type":"Point","coordinates":[-73.97655823818666,40.66536880543412]},"properties":{"tpcondition":"Good","stumpdiameter":"0","riskratingdate":null,"riskrating":null,"objectid":"3663279","globalid":"07BCD11E-C6D1-456E-812B-631622054436","tpstructure":"Full","plantingspaceglobalid":"B4C45B4E-DF37-4F65-8E0C-55F667BCD346","createddate":"2016-05-11 18:47:18.0000000","dbh":"6","planteddate":null,"updateddate":"2018-03-19 12:07:04.0000000","geometry":"POINT(-73.97655823818666 40.66536880543412)","genusspecies":"Gymnocladus dioicus - Kentucky coffeetree"}},{"type":"Feature","geometry":{"type":"Point","coordinates":[-74.03686771490914,40.61791527409718]},"properties":{"tpcondition":"Fair","stumpdiameter":"0","riskratingdate":"2023-07-16 21:03:12.0000000","riskrating":"6","objectid":"3663280","globalid":"C63FED97-9EA7-4207-9BF4-8F9AF0DEC25C","tpstructure":"Full","plantingspaceglobalid":"CE2F417F-A4ED-4CD5-90C9-B4A789AAA63D","createddate":"2016-05-11 18:30:42.0000000","dbh":"16","planteddate":null,"updateddate":"2023-07-16 21:03:12.0000000","geometry":"POINT(-74.03686771490914 40.61791527409718)","genusspecies":"Platanus x acerifolia - London planetree"}},{"type":"Feature","geometry":{"type":"Point","coordinates":[-73.96799394182854,40.67753135519212]},"properties":{"tpcondition":"Fair","stumpdiameter":null,"riskratingdate":"2024-04-30 19:08:38.0000000","riskrating":"8","objectid":"3663281","globalid":"3DDBB47C-7C88-41F3-A6DB-0589877020B0","tpstructure":"Full","plantingspaceglobalid":"7062AE36-4F8B-4009-92D5-519299580E48","createddate":"2016-05-11 18:13:14.0000000","dbh":"15","planteddate":null,"updateddate":"2024-04-30 19:08:38.0000000","geometry":"POINT(-73.96799394182854 40.67753135519212)","genusspecies":"Zelkova serrata - Japanese zelkova"}},{"type":"Feature","geometry":{"type":"Point","coordinates":[-73.92632838053666,40.69716481637709]},"properties":{"tpcondition":"Fair","stumpdiameter":"0","riskratingdate":null,"riskrating":null,"objectid":"3663282","globalid":"2EBB318E-0EEF-46E2-B8AC-A2615FBAC238","tpstructure":"Full","plantingspaceglobalid":"15915379-BD3D-4656-82BA-DE07B2E005DE","createddate":"2016-05-11 17:30:40.0000000","dbh":"17","planteddate":null,"updateddate":"2017-08-09 16:01:52.0000000","geometry":"POINT(-73.92632838053666 40.69716481637709)","genusspecies":"Quercus palustris - pin oak"}},{"type":"Feature","geometry":{"type":"Point","coordinates":[-73.83230317387601,40.84780522541978]},"properties":{"tpcondition":"Dead","stumpdiameter":"8","riskratingdate":"2022-10-24 20:33:00.0000000","riskrating":"7","objectid":"3663283","globalid":"EFB786E0-0577-4AB2-BF03-F302F61EB714","tpstructure":"Retired","plantingspaceglobalid":"1BEDA5EA-17C6-41C1-BDE7-69D390BBC53D","createddate":"2016-05-11 18:38:00.0000000","dbh":"8","planteddate":null,"updateddate":"2024-06-21 20:07:00.0000000","geometry":"POINT(-73.83230317387601 40.84780522541978)","genusspecies":"Acer campestre - hedge maple"}},{"type":"Feature","geometry":{"type":"Point","coordinates":[-73.89369114742183,40.70602080676352]},"properties":{"tpcondition":"Fair","stumpdiameter":null,"riskratingdate":"2024-06-20 17:53:12.0000000","riskrating":"8","objectid":"3663284","globalid":"0334A117-DA9B-4A1D-B624-1FE8221E0A7A","tpstructure":"Full","plantingspaceglobalid":"0C7D8F81-008D-44D3-9E34-27183C1A66DA","createddate":"2016-05-11 18:52:21.0000000","dbh":"17","planteddate":null,"updateddate":"2024-06-20 17:53:12.0000000","geometry":"POINT(-73.89369114742183 40.70602080676352)","genusspecies":"Pyrus calleryana - Callery pear"}},{"type":"Feature","geometry":{"type":"Point","coordinates":[-73.88688823262129,40.75529048027568]},"properties":{"tpcondition":"Fair","stumpdiameter":null,"riskratingdate":"2024-09-05 13:56:20.0000000","riskrating":"7","objectid":"3663285","globalid":"D81F59AD-CA6C-4ED9-8B10-B0C317F9FAC5","tpstructure":"Full","plantingspaceglobalid":"91167EAF-7ACF-4764-8A33-2AEBD1882290","createddate":"2016-05-11 18:43:58.0000000","dbh":"4","planteddate":null,"updateddate":"2024-09-05 13:56:20.0000000","geometry":"POINT(-73.88688823262129 40.75529048027568)","genusspecies":"Pyrus calleryana - Callery pear"}},{"type":"Feature","geometry":{"type":"Point","coordinates":[-73.76066039451196,40.76247345700101]},"properties":{"tpcondition":"Dead","stumpdiameter":null,"riskratingdate":"2025-11-03 12:37:44.0000000","riskrating":"7","objectid":"3663286","globalid":"B792155F-DE57-4041-AFD0-8042D55BCDBE","tpstructure":"Full","plantingspaceglobalid":"AB97EADD-8A0A-408E-84FE-8D602115B337","createddate":"2016-05-11 20:10:16.0000000","dbh":"14","planteddate":null,"updateddate":"2025-11-03 12:37:44.0000000","geometry":"POINT(-73.76066039451196 40.76247345700101)","genusspecies":"Acer platanoides - Norway maple"}},{"type":"Feature","geometry":{"type":"Point","coordinates":[-73.90468939784758,40.76563911499907]},"properties":{"tpcondition":"Dead","stumpdiameter":"26","riskratingdate":null,"riskrating":null,"objectid":"3663287","globalid":"352E34F5-0E10-4358-9F0E-5DD47EB1ED75","tpstructure":"Retired","plantingspaceglobalid":"4029D165-ADE2-4CC9-958E-6953B1C8BD8E","createddate":"2016-05-11 19:00:52.0000000","dbh":"0","planteddate":null,"updateddate":"2018-10-29 16:47:46.0000000","geometry":"POINT(-73.90468939784758 40.76563911499907)","genusspecies":"Unknown - Unknown"}},{"type":"Feature","geometry":{"type":"Point","coordinates":[-73.93963787678224,40.76104817198939]},"properties":{"tpcondition":"Good","stumpdiameter":null,"riskratingdate":"2021-07-30 14:06:23.0000000","riskrating":"4","objectid":"3663288","globalid":"EE5A813F-CF49-449B-B6EB-225AD95CAFA5","tpstructure":"Full","plantingspaceglobalid":"0972B41F-7C84-4E5A-B0E4-4C4636A6287D","createddate":"2016-05-11 19:34:51.0000000","dbh":"26","planteddate":null,"updateddate":"2021-07-30 14:06:23.0000000","geometry":"POINT(-73.93963787678224 40.76104817198939)","genusspecies":"Platanus x acerifolia - London planetree"}},{"type":"Feature","geometry":{"type":"Point","coordinates":[-73.99065684459399,40.665418831478526]},"properties":{"tpcondition":"Fair","stumpdiameter":null,"riskratingdate":"2023-08-14 18:04:34.0000000","riskrating":"9","objectid":"3663289","globalid":"E1734758-158F-486E-9D6F-4F1E45AB6214","tpstructure":"Full","plantingspaceglobalid":"A5D86CAA-D653-4553-9530-637519AD0A88","createddate":"2016-05-11 20:09:45.0000000","dbh":"18","planteddate":null,"updateddate":"2023-08-14 18:04:34.0000000","geometry":"POINT(-73.99065684459399 40.665418831478526)","genusspecies":"Gleditsia triacanthos var. inermis - Thornless honeylocust"}},{"type":"Feature","geometry":{"type":"Point","coordinates":[-73.91117354516113,40.700475279333595]},"properties":{"tpcondition":"Fair","stumpdiameter":null,"riskratingdate":"2022-03-22 16:41:13.0000000","riskrating":"6","objectid":"3663290","globalid":"CEEEA81C-1991-4FF0-93E4-CF2D20450335","tpstructure":"Full","plantingspaceglobalid":"23A6F84F-6344-47F1-8D88-A1E6D3D748B1","createddate":"2016-05-11 17:50:54.0000000","dbh":"10","planteddate":null,"updateddate":"2022-03-22 16:41:13.0000000","geometry":"POINT(-73.91117354516113 40.700475279333595)","genusspecies":"Gleditsia triacanthos var. inermis - Thornless honeylocust"}},{"type":"Feature","geometry":{"type":"Point","coordinates":[-73.83006810198,40.87139568960034]},"properties":{"tpcondition":"Fair","stumpdiameter":null,"riskratingdate":"2024-12-27 17:39:09.0000000","riskrating":"6","objectid":"3663291","globalid":"F076AE2F-BBF4-4BFA-B559-0D45363C5E2C","tpstructure":"Full","plantingspaceglobalid":"FDFF0CC2-A68E-4253-99FA-5412D8EE7378","createddate":"2016-05-11 20:14:44.0000000","dbh":"12","planteddate":null,"updateddate":"2024-12-27 17:39:09.0000000","geometry":"POINT(-73.83006810198 40.87139568960034)","genusspecies":"Gleditsia triacanthos var. inermis - Thornless honeylocust"}},{"type":"Feature","geometry":{"type":"Point","coordinates":[-73.88170686388635,40.82748401795763]},"properties":{"tpcondition":"Good","stumpdiameter":"0","riskratingdate":null,"riskrating":null,"objectid":"3663292","globalid":"56ED6B49-AE7B-4D67-A400-A5557F1ECC90","tpstructure":"Full","plantingspaceglobalid":"419E1862-B68B-469F-AEBA-5CF088BCD82C","createddate":"2016-05-11 17:42:19.0000000","dbh":"4","planteddate":null,"updateddate":"2017-10-08 18:05:02.0000000","geometry":"POINT(-73.88170686388635 40.82748401795763)","genusspecies":"Prunus cerasifera - cherry plum"}},{"type":"Feature","geometry":{"type":"Point","coordinates":[-73.85127012551057,40.57700147314127]},"properties":{"tpcondition":"Fair","stumpdiameter":"0","riskratingdate":null,"riskrating":null,"objectid":"3663293","globalid":"A4597F79-C6D9-4B23-92AE-840129558DB5","tpstructure":"Full","plantingspaceglobalid":"977F2B18-50F5-4C44-B8AE-D5EA70D24F4B","createddate":"2016-05-11 18:17:42.0000000","dbh":"8","planteddate":null,"updateddate":"2019-02-23 13:02:57.0000000","geometry":"POINT(-73.85127012551057 40.57700147314127)","genusspecies":"Pyrus calleryana - Callery pear"}},{"type":"Feature","geometry":{"type":"Point","coordinates":[-73.9934373877255,40.692004751715615]},"properties":{"tpcondition":"Unknown","stumpdiameter":"17","riskratingdate":"2019-06-21 13:21:00.0000000","riskrating":"8","objectid":"3663294","globalid":"6D03B76C-578C-4FAB-AF11-7564774C02AF","tpstructure":"Retired","plantingspaceglobalid":"0BC03E08-6101-4D98-AC80-72674088F749","createddate":"2016-05-11 20:49:00.0000000","dbh":"17","planteddate":null,"updateddate":"2023-03-29 16:34:23.0000000","geometry":"POINT(-73.9934373877255 40.692004751715615)","genusspecies":"Acer platanoides - Norway maple"}},{"type":"Feature","geometry":{"type":"Point","coordinates":[-73.8533950190907,40.82113379472021]},"properties":{"tpcondition":"Good","stumpdiameter":null,"riskratingdate":"2024-10-18 13:55:44.0000000","riskrating":"3","objectid":"3663295","globalid":"FF0EFE78-6F66-4E19-82C7-76E6F718794F","tpstructure":"Full","plantingspaceglobalid":"54171A2E-C06A-4730-B31A-64771C3FCC8D","createddate":"2016-05-11 17:37:30.0000000","dbh":"4","planteddate":null,"updateddate":"2024-10-18 13:55:44.0000000","geometry":"POINT(-73.8533950190907 40.82113379472021)","genusspecies":"Quercus palustris - pin oak"}},{"type":"Feature","geometry":{"type":"Point","coordinates":[-73.86104078976838,40.76098624033608]},"properties":{"tpcondition":"Fair","stumpdiameter":"0","riskratingdate":null,"riskrating":null,"objectid":"3663296","globalid":"5B729149-E33E-469B-B267-947D6D0B4D1C","tpstructure":"Full","plantingspaceglobalid":"9EBD7A9E-D8F5-430F-A95F-DE45387C62DB","createddate":"2016-05-11 18:50:16.0000000","dbh":"25","planteddate":null,"updateddate":"2017-10-16 10:13:46.0000000","geometry":"POINT(-73.86104078976838 40.76098624033608)","genusspecies":"Quercus palustris - pin oak"}},{"type":"Feature","geometry":{"type":"Point","coordinates":[-73.91577693029888,40.70427298654258]},"properties":{"tpcondition":"Dead","stumpdiameter":null,"riskratingdate":"2021-02-05 18:50:54.0000000","riskrating":"8","objectid":"3663297","globalid":"E99A2B4B-985B-4E6F-BA3A-B49D361591EF","tpstructure":"Retired","plantingspaceglobalid":"D4868697-9451-4466-99FF-DC89A3DEEA72","createddate":"2016-05-11 18:29:35.0000000","dbh":"9","planteddate":null,"updateddate":"2021-05-25 12:15:45.0000000","geometry":"POINT(-73.91577693029888 40.70427298654258)","genusspecies":"Fraxinus pennsylvanica - Green ash"}},{"type":"Feature","geometry":{"type":"Point","coordinates":[-73.88682099541302,40.758685874659015]},"properties":{"tpcondition":"Good","stumpdiameter":"0","riskratingdate":"2020-02-05 20:41:18.0000000","riskrating":"3","objectid":"3663298","globalid":"C1D0225D-6C03-4596-BDCF-350069C2E263","tpstructure":"Full","plantingspaceglobalid":"BB3B22F0-54EA-4CA7-A789-FDEBE72977EE","createddate":"2016-05-11 17:39:00.0000000","dbh":"5","planteddate":null,"updateddate":"2020-02-05 20:41:18.0000000","geometry":"POINT(-73.88682099541302 40.758685874659015)","genusspecies":"Quercus bicolor - swamp white oak"}},{"type":"Feature","geometry":{"type":"Point","coordinates":[-73.86408651668839,40.744176655272305]},"properties":{"tpcondition":"Good","stumpdiameter":"0","riskratingdate":null,"riskrating":null,"objectid":"3663299","globalid":"321D271D-4594-44C0-9563-6863D1A78843","tpstructure":"Full","plantingspaceglobalid":"35DDE320-A556-4970-86D4-48BB3935A7D6","createddate":"2016-05-11 20:50:10.0000000","dbh":"8","planteddate":null,"updateddate":null,"geometry":"POINT(-73.86408651668839 40.744176655272305)","genusspecies":"Acer platanoides - Norway maple"}},{"type":"Feature","geometry":{"type":"Point","coordinates":[-73.98346234370649,40.66521033911454]},"properties":{"tpcondition":"Fair","stumpdiameter":"0","riskratingdate":"2020-01-27 18:39:19.0000000","riskrating":"6","objectid":"3663300","globalid":"AC6D75CA-9EB3-411D-895F-3FE09532CC4C","tpstructure":"Full","plantingspaceglobalid":"59FD4850-0E53-40DA-BCF6-44C9949295E1","createddate":"2016-05-11 20:50:06.0000000","dbh":"8","planteddate":null,"updateddate":"2020-01-27 18:39:19.0000000","geometry":"POINT(-73.98346234370649 40.66521033911454)","genusspecies":"Acer platanoides - Norway maple"}},{"type":"Feature","geometry":{"type":"Point","coordinates":[-73.8569028202804,40.7488551361621]},"properties":{"tpcondition":"Dead","stumpdiameter":"0","riskratingdate":"2020-01-28 16:24:00.0000000","riskrating":"5","objectid":"3663301","globalid":"AABC7F4D-9C18-43FA-A243-C55D0A6834F7","tpstructure":"Retired","plantingspaceglobalid":"E00A8FEB-8668-4FBA-976C-C7BB7DCCEB8F","createddate":"2016-05-11 18:26:00.0000000","dbh":"5","planteddate":null,"updateddate":"2020-12-15 20:19:00.0000000","geometry":"POINT(-73.8569028202804 40.7488551361621)","genusspecies":"Pyrus calleryana - Callery pear"}},{"type":"Feature","geometry":{"type":"Point","coordinates":[-73.83070835270044,40.75558477589445]},"properties":{"tpcondition":"Fair","stumpdiameter":"0","riskratingdate":null,"riskrating":null,"objectid":"3663302","globalid":"8DA08397-BC0C-4EEE-A8F6-0927271F575C","tpstructure":"Full","plantingspaceglobalid":"D6E7A49B-751D-41FD-B03B-FB481D56BB1C","createddate":"2016-05-11 18:10:13.0000000","dbh":"4","planteddate":null,"updateddate":"2018-10-25 14:28:37.0000000","geometry":"POINT(-73.83070835270044 40.75558477589445)","genusspecies":"Syringa reticulata - Japanese tree lilac"}},{"type":"Feature","geometry":{"type":"Point","coordinates":[-73.88434341274447,40.7607093162157]},"properties":{"tpcondition":"Fair","stumpdiameter":null,"riskratingdate":"2025-10-03 18:39:44.0000000","riskrating":"9","objectid":"3663303","globalid":"10243C9C-5ABB-4333-8136-C36957084F93","tpstructure":"Full","plantingspaceglobalid":"156325CD-AF60-47EB-A21F-A082491CD592","createddate":"2016-05-11 19:47:31.0000000","dbh":"38","planteddate":null,"updateddate":"2025-10-03 18:39:44.0000000","geometry":"POINT(-73.88434341274447 40.7607093162157)","genusspecies":"Quercus palustris - pin oak"}},{"type":"Feature","geometry":{"type":"Point","coordinates":[-73.86120631372901,40.73065797837088]},"properties":{"tpcondition":"Good","stumpdiameter":"0","riskratingdate":"2020-03-18 14:38:30.0000000","riskrating":"4","objectid":"3663304","globalid":"C08FF09D-47CD-4B7B-8084-59FBD47E3EF8","tpstructure":"Full","plantingspaceglobalid":"60B5BB74-24DD-43E9-A5DA-B9FA03B6CD56","createddate":"2016-05-11 19:30:21.0000000","dbh":"4","planteddate":null,"updateddate":"2020-03-18 14:38:30.0000000","geometry":"POINT(-73.86120631372901 40.73065797837088)","genusspecies":"Gleditsia triacanthos var. inermis - Thornless honeylocust"}},{"type":"Feature","geometry":{"type":"Point","coordinates":[-73.87295760835462,40.82179849998958]},"properties":{"tpcondition":"Fair","stumpdiameter":null,"riskratingdate":"2024-11-26 12:43:10.0000000","riskrating":"6","objectid":"3663305","globalid":"7F7E4F58-6A20-44BB-9BEC-C27F7D50E7E5","tpstructure":"Full","plantingspaceglobalid":"AEB9D2D7-5CE2-4397-9225-AC38FBEB4934","createddate":"2016-05-11 19:39:13.0000000","dbh":"27","planteddate":null,"updateddate":"2024-11-26 12:43:10.0000000","geometry":"POINT(-73.87295760835462 40.82179849998958)","genusspecies":"Platanus x acerifolia - London planetree"}},{"type":"Feature","geometry":{"type":"Point","coordinates":[-73.97034688610871,40.68588846869595]},"properties":{"tpcondition":"Fair","stumpdiameter":null,"riskratingdate":"2024-04-24 17:24:01.0000000","riskrating":"8","objectid":"3663306","globalid":"3F4CE388-34C5-43CD-8DF7-A53AF52A0FF8","tpstructure":"Full","plantingspaceglobalid":"88A07276-486E-42D4-A6D6-A27D77186745","createddate":"2016-05-11 18:06:06.0000000","dbh":"10","planteddate":null,"updateddate":"2024-04-24 17:24:01.0000000","geometry":"POINT(-73.97034688610871 40.68588846869595)","genusspecies":"Gleditsia triacanthos var. inermis - Thornless honeylocust"}},{"type":"Feature","geometry":{"type":"Point","coordinates":[-73.9041343264876,40.768286779196366]},"properties":{"tpcondition":"Poor","stumpdiameter":"0","riskratingdate":null,"riskrating":null,"objectid":"3663307","globalid":"E4B71D36-4BB9-4F76-A2EC-7CB6BD12908E","tpstructure":"Retired","plantingspaceglobalid":"5ED0E974-A4F5-4F30-BE0F-A171E9A1AAF7","createddate":"2016-05-11 17:39:46.0000000","dbh":"2","planteddate":null,"updateddate":"2022-03-31 15:36:05.0000000","geometry":"POINT(-73.9041343264876 40.768286779196366)","genusspecies":"Fagus grandifolia - American beech"}},{"type":"Feature","geometry":{"type":"Point","coordinates":[-73.91788120388605,40.70453716740226]},"properties":{"tpcondition":"Dead","stumpdiameter":"35","riskratingdate":"2025-04-28 14:34:00.0000000","riskrating":"10","objectid":"3663308","globalid":"0C68A9FE-EBBF-4EED-AC03-0A546877B8E2","tpstructure":"Retired","plantingspaceglobalid":"9E3B0A2E-1C3B-42B7-8B8B-EAE262078CE6","createddate":"2016-05-11 19:15:00.0000000","dbh":"17","planteddate":null,"updateddate":"2025-11-12 18:32:00.0000000","geometry":"POINT(-73.91788120388605 40.70453716740226)","genusspecies":"Tilia cordata - littleleaf linden"}},{"type":"Feature","geometry":{"type":"Point","coordinates":[-73.88417993010293,40.75777257810457]},"properties":{"tpcondition":"Poor","stumpdiameter":null,"riskratingdate":"2024-10-24 13:00:14.0000000","riskrating":"8","objectid":"3663309","globalid":"D8A7012B-DDBA-4768-9EFC-7B4D385BC59F","tpstructure":"Full","plantingspaceglobalid":"732F1103-BCDC-4C99-9E62-DB54AD05BBBA","createddate":"2016-05-11 17:57:19.0000000","dbh":"22","planteddate":null,"updateddate":"2024-10-24 13:00:14.0000000","geometry":"POINT(-73.88417993010293 40.75777257810457)","genusspecies":"Platanus x acerifolia - London planetree"}},{"type":"Feature","geometry":{"type":"Point","coordinates":[-73.87002446352086,40.728099195369005]},"properties":{"tpcondition":"Good","stumpdiameter":null,"riskratingdate":"2024-06-12 17:43:47.0000000","riskrating":"6","objectid":"3663310","globalid":"985B142B-E736-41A3-B0D5-781ABB9E3A10","tpstructure":"Full","plantingspaceglobalid":"6D092022-7F33-421E-B27C-50C0445DE0A2","createddate":"2016-05-11 20:35:13.0000000","dbh":"14","planteddate":null,"updateddate":"2024-06-12 17:43:47.0000000","geometry":"POINT(-73.87002446352086 40.728099195369005)","genusspecies":"Gleditsia triacanthos var. inermis - Thornless honeylocust"}},{"type":"Feature","geometry":{"type":"Point","coordinates":[-73.95478702639849,40.70247048762462]},"properties":{"tpcondition":"Good","stumpdiameter":"0","riskratingdate":null,"riskrating":null,"objectid":"3663311","globalid":"863567C3-6BD7-46DF-82A5-0A57E1A9EA3E","tpstructure":"Full","plantingspaceglobalid":"72CE8FAF-3818-4A8F-9AAD-E01E5485FD8D","createddate":"2016-05-11 20:11:16.0000000","dbh":"20","planteddate":null,"updateddate":"2018-05-10 12:58:53.0000000","geometry":"POINT(-73.95478702639849 40.70247048762462)","genusspecies":"Platanus x acerifolia - London planetree"}},{"type":"Feature","geometry":{"type":"Point","coordinates":[-73.87878961131315,40.763601973254886]},"properties":{"tpcondition":"Good","stumpdiameter":"0","riskratingdate":"2020-02-11 14:26:57.0000000","riskrating":"5","objectid":"3663312","globalid":"67A3BC37-611F-4EA9-B180-15DE02EAA948","tpstructure":"Full","plantingspaceglobalid":"8318011A-7FCB-4525-8816-461BF57CCB4C","createddate":"2016-05-11 20:25:03.0000000","dbh":"10","planteddate":null,"updateddate":"2020-02-11 14:26:57.0000000","geometry":"POINT(-73.87878961131315 40.763601973254886)","genusspecies":"Gleditsia triacanthos var. inermis - Thornless honeylocust"}},{"type":"Feature","geometry":{"type":"Point","coordinates":[-73.89709143960589,40.70792882609688]},"properties":{"tpcondition":"Good","stumpdiameter":"0","riskratingdate":"2020-01-24 16:01:33.0000000","riskrating":"8","objectid":"3663313","globalid":"9589351E-86FB-45AA-8C33-AFFC90737AF1","tpstructure":"Full","plantingspaceglobalid":"7AD39C36-78B1-4F21-8EAF-74AAF2433226","createddate":"2016-05-11 19:40:50.0000000","dbh":"15","planteddate":null,"updateddate":"2020-01-24 16:01:33.0000000","geometry":"POINT(-73.89709143960589 40.70792882609688)","genusspecies":"Gleditsia triacanthos var. inermis - Thornless honeylocust"}},{"type":"Feature","geometry":{"type":"Point","coordinates":[-73.93012607685424,40.68874054681674]},"properties":{"tpcondition":"Good","stumpdiameter":"0","riskratingdate":null,"riskrating":null,"objectid":"3663314","globalid":"FCE3FE93-37AA-4EC5-8313-2BD3B11A3185","tpstructure":"Retired","plantingspaceglobalid":"25C1C67D-A46D-42BD-A4CE-C1BC0836CA3B","createddate":"2016-05-11 20:48:04.0000000","dbh":"2","planteddate":null,"updateddate":"2019-03-12 15:06:42.0000000","geometry":"POINT(-73.93012607685424 40.68874054681674)","genusspecies":"Styphnolobium japonicum - Japanese pagoda tree"}},{"type":"Feature","geometry":{"type":"Point","coordinates":[-73.9056298951503,40.7765223666733]},"properties":{"tpcondition":"Good","stumpdiameter":null,"riskratingdate":"2025-05-20 15:18:33.0000000","riskrating":"5","objectid":"3663315","globalid":"E1FA76EF-D150-4FCA-A374-7C1245698A41","tpstructure":"Full","plantingspaceglobalid":"9C912FC7-B4CA-4A6E-84DC-43E805BC6AF7","createddate":"2016-05-11 19:08:25.0000000","dbh":"21","planteddate":null,"updateddate":"2025-05-20 15:18:33.0000000","geometry":"POINT(-73.9056298951503 40.7765223666733)","genusspecies":"Zelkova serrata - Japanese zelkova"}},{"type":"Feature","geometry":{"type":"Point","coordinates":[-73.99365510322303,40.696009285567264]},"properties":{"tpcondition":"Fair","stumpdiameter":"0","riskratingdate":"2017-10-26 11:49:45.0000000","riskrating":"7","objectid":"3663316","globalid":"16A2605C-42A0-42F2-8F53-478A823264D9","tpstructure":"Full","plantingspaceglobalid":"8342282C-7B4B-4065-9C97-A0D1A7BED194","createddate":"2016-05-11 18:09:33.0000000","dbh":"12","planteddate":null,"updateddate":"2018-06-15 14:54:34.0000000","geometry":"POINT(-73.99365510322303 40.696009285567264)","genusspecies":"Gleditsia triacanthos var. inermis - Thornless honeylocust"}},{"type":"Feature","geometry":{"type":"Point","coordinates":[-73.95993322289267,40.706090773281275]},"properties":{"tpcondition":"Good","stumpdiameter":"0","riskratingdate":null,"riskrating":null,"objectid":"3663317","globalid":"216FC1ED-7F43-450F-BC2C-29775E2086FD","tpstructure":"Full","plantingspaceglobalid":"247C6628-F788-4877-AC0E-56BEB924610D","createddate":"2016-05-11 18:01:56.0000000","dbh":"6","planteddate":null,"updateddate":"2018-04-26 14:21:11.0000000","geometry":"POINT(-73.95993322289267 40.706090773281275)","genusspecies":"Pyrus calleryana - Callery pear"}},{"type":"Feature","geometry":{"type":"Point","coordinates":[-73.92016884635916,40.71098011391986]},"properties":{"tpcondition":"Good","stumpdiameter":null,"riskratingdate":"2022-02-11 15:51:43.0000000","riskrating":"5","objectid":"3663318","globalid":"87D3C2BD-3D13-4EC1-8157-991FE0633E63","tpstructure":"Full","plantingspaceglobalid":"1C8BE4E9-D2EB-43F8-8009-9764103DD706","createddate":"2016-05-11 20:09:45.0000000","dbh":"5","planteddate":null,"updateddate":"2022-02-11 15:51:43.0000000","geometry":"POINT(-73.92016884635916 40.71098011391986)","genusspecies":"Gleditsia triacanthos var. inermis - Thornless honeylocust"}},{"type":"Feature","geometry":{"type":"Point","coordinates":[-73.98368900767895,40.68733244463433]},"properties":{"tpcondition":"Fair","stumpdiameter":null,"riskratingdate":"2024-06-13 17:16:34.0000000","riskrating":"7","objectid":"3663319","globalid":"C398DAFD-F9FF-4228-B0F2-B98D78887545","tpstructure":"Full","plantingspaceglobalid":"DB89C877-4532-493F-8B0B-D9EA14C81103","createddate":"2016-05-11 20:20:28.0000000","dbh":"16","planteddate":null,"updateddate":"2024-06-13 17:16:34.0000000","geometry":"POINT(-73.98368900767895 40.68733244463433)","genusspecies":"Platanus x acerifolia - London planetree"}},{"type":"Feature","geometry":{"type":"Point","coordinates":[-73.9675283715754,40.67732399943168]},"properties":{"tpcondition":"Good","stumpdiameter":"0","riskratingdate":null,"riskrating":null,"objectid":"3663320","globalid":"CF4E5D44-7C8C-42D3-96AE-77DDF4666303","tpstructure":"Full","plantingspaceglobalid":"048BE26D-DD32-4BA0-9A82-0690C5F9AF6D","createddate":"2016-05-11 18:35:16.0000000","dbh":"20","planteddate":null,"updateddate":"2018-07-09 13:36:14.0000000","geometry":"POINT(-73.9675283715754 40.67732399943168)","genusspecies":"Styphnolobium japonicum - Japanese pagoda tree"}},{"type":"Feature","geometry":{"type":"Point","coordinates":[-73.89032289969659,40.840930594786286]},"properties":{"tpcondition":"Good","stumpdiameter":null,"riskratingdate":"2023-12-11 15:40:56.0000000","riskrating":"3","objectid":"3663321","globalid":"EE1E5BE0-6DCB-4CE3-8B0D-0CE8D3C1EA87","tpstructure":"Full","plantingspaceglobalid":"1CC2D53E-552C-4B0D-AADB-E034AB5C4C8D","createddate":"2016-05-11 19:33:10.0000000","dbh":"8","planteddate":null,"updateddate":"2023-12-11 15:40:56.0000000","geometry":"POINT(-73.89032289969659 40.840930594786286)","genusspecies":"Koelreuteria paniculata - goldenrain tree"}},{"type":"Feature","geometry":{"type":"Point","coordinates":[-73.88689640329616,40.763622732070466]},"properties":{"tpcondition":"Good","stumpdiameter":"0","riskratingdate":"2020-02-05 12:53:02.0000000","riskrating":"8","objectid":"3663322","globalid":"87915AFE-9681-4B4C-9B40-69C793985414","tpstructure":"Full","plantingspaceglobalid":"492550C7-D231-465E-9BEA-72A1D9C8D50D","createddate":"2016-05-11 19:38:38.0000000","dbh":"19","planteddate":null,"updateddate":"2020-02-05 12:53:02.0000000","geometry":"POINT(-73.88689640329616 40.763622732070466)","genusspecies":"Tilia tomentosa - silver linden"}},{"type":"Feature","geometry":{"type":"Point","coordinates":[-73.83779515090083,40.89115880239712]},"properties":{"tpcondition":"Good","stumpdiameter":null,"riskratingdate":"2024-07-17 16:42:21.0000000","riskrating":"6","objectid":"3663323","globalid":"BFE879F0-3FA3-4AAB-A08E-E01967D66CF4","tpstructure":"Full","plantingspaceglobalid":"5F9260D2-6C2B-4172-AA58-C0ECAE63458D","createddate":"2016-05-11 19:22:51.0000000","dbh":"14","planteddate":null,"updateddate":"2024-09-27 12:41:22.0000000","geometry":"POINT(-73.83779515090083 40.89115880239712)","genusspecies":"Fraxinus americana - white ash"}},{"type":"Feature","geometry":{"type":"Point","coordinates":[-73.818156551603,40.84772010373966]},"properties":{"tpcondition":"Unknown","stumpdiameter":"27","riskratingdate":null,"riskrating":null,"objectid":"3663324","globalid":"C9C08851-41F5-4BB2-8AD8-AED706C1AFF6","tpstructure":"Retired","plantingspaceglobalid":"42A77A6D-7B00-480C-872E-3A8357324A82","createddate":"2016-05-11 20:12:14.0000000","dbh":"0","planteddate":null,"updateddate":"2016-11-17 13:37:21.0000000","geometry":"POINT(-73.818156551603 40.84772010373966)","genusspecies":"Unknown - Unknown"}},{"type":"Feature","geometry":{"type":"Point","coordinates":[-73.99567362333515,40.685310540662485]},"properties":{"tpcondition":"Dead","stumpdiameter":"0","riskratingdate":null,"riskrating":null,"objectid":"3663325","globalid":"DCC89339-34CB-4BBE-9566-497FBEB1BA74","tpstructure":"Retired","plantingspaceglobalid":"ED3D71F9-D941-446E-86B0-713F1307309B","createddate":"2016-05-11 17:57:31.0000000","dbh":"20","planteddate":null,"updateddate":"2018-03-16 11:40:53.0000000","geometry":"POINT(-73.99567362333515 40.685310540662485)","genusspecies":"Platanus x acerifolia - London planetree"}},{"type":"Feature","geometry":{"type":"Point","coordinates":[-73.98939142371053,40.66807697937348]},"properties":{"tpcondition":"Dead","stumpdiameter":"13","riskratingdate":null,"riskrating":null,"objectid":"3663326","globalid":"6ED8E2C0-D900-4A1F-8A5F-AB4026BE9003","tpstructure":"Retired","plantingspaceglobalid":"DC623F5D-04C0-4D12-9B59-A3AB1268A787","createddate":"2016-05-11 17:52:57.0000000","dbh":"0","planteddate":null,"updateddate":"2019-05-01 14:21:49.0000000","geometry":"POINT(-73.98939142371053 40.66807697937348)","genusspecies":"Unknown - Unknown"}},{"type":"Feature","geometry":{"type":"Point","coordinates":[-73.82447405248492,40.73168832496756]},"properties":{"tpcondition":"Fair","stumpdiameter":null,"riskratingdate":"2024-02-20 18:16:09.0000000","riskrating":"8","objectid":"3663327","globalid":"3E179CA8-D49A-42F9-8B49-6622CBD85EE6","tpstructure":"Full","plantingspaceglobalid":"E603707B-2D19-468B-8969-E9328B1C6DB9","createddate":"2016-05-11 19:16:41.0000000","dbh":"28","planteddate":null,"updateddate":"2024-02-20 18:16:09.0000000","geometry":"POINT(-73.82447405248492 40.73168832496756)","genusspecies":"Quercus palustris - pin oak"}},{"type":"Feature","geometry":{"type":"Point","coordinates":[-73.9956267047078,40.6883573580956]},"properties":{"tpcondition":"Fair","stumpdiameter":null,"riskratingdate":"2022-03-01 19:07:58.0000000","riskrating":"6","objectid":"3663328","globalid":"A5532993-001E-464D-9608-3C51818799BC","tpstructure":"Full","plantingspaceglobalid":"9BCAE25E-B927-44E9-A654-0A42C5A880F0","createddate":"2016-05-11 20:11:08.0000000","dbh":"13","planteddate":null,"updateddate":"2022-03-01 19:07:58.0000000","geometry":"POINT(-73.9956267047078 40.6883573580956)","genusspecies":"Platanus x acerifolia - London planetree"}},{"type":"Feature","geometry":{"type":"Point","coordinates":[-73.97684234448278,40.672701225172965]},"properties":{"tpcondition":"Unknown","stumpdiameter":"15","riskratingdate":"2016-10-18 15:51:00.0000000","riskrating":"9","objectid":"3663329","globalid":"B5B2953D-8359-4F0B-87C8-36FA6EC1268A","tpstructure":"Retired","plantingspaceglobalid":"4CB2993B-CF70-43DE-B896-A337978182C8","createddate":"2016-05-11 18:14:00.0000000","dbh":"16","planteddate":null,"updateddate":"2022-07-19 19:56:00.0000000","geometry":"POINT(-73.97684234448278 40.672701225172965)","genusspecies":"Tilia cordata - littleleaf linden"}},{"type":"Feature","geometry":{"type":"Point","coordinates":[-73.93654018552975,40.685631983404384]},"properties":{"tpcondition":"Good","stumpdiameter":"0","riskratingdate":null,"riskrating":null,"objectid":"3663330","globalid":"D5D719FB-27E9-47C9-9986-DE36CAA35669","tpstructure":"Full","plantingspaceglobalid":"07F686F4-E3DE-41B1-974D-E6FDB78CA1A1","createddate":"2016-05-11 20:41:57.0000000","dbh":"14","planteddate":null,"updateddate":"2017-08-02 23:39:40.0000000","geometry":"POINT(-73.93654018552975 40.685631983404384)","genusspecies":"Gleditsia triacanthos var. inermis - Thornless honeylocust"}},{"type":"Feature","geometry":{"type":"Point","coordinates":[-73.92865212219064,40.82258817393678]},"properties":{"tpcondition":"Dead","stumpdiameter":"12","riskratingdate":"2021-02-17 15:13:00.0000000","riskrating":"10","objectid":"3663331","globalid":"AFC36BF1-9E7C-4B65-BA43-E5ACDFBC7C6D","tpstructure":"Retired","plantingspaceglobalid":"5CA235B1-1667-4C79-A305-3ADB410DE299","createddate":"2016-05-11 19:41:00.0000000","dbh":"0","planteddate":null,"updateddate":"2022-03-25 18:05:00.0000000","geometry":"POINT(-73.92865212219064 40.82258817393678)","genusspecies":"Platanus x acerifolia - London planetree"}},{"type":"Feature","geometry":{"type":"Point","coordinates":[-73.99779177356932,40.67626145840731]},"properties":{"tpcondition":"Good","stumpdiameter":"0","riskratingdate":"2019-07-07 09:23:06.0000000","riskrating":"8","objectid":"3663332","globalid":"EED34A72-2968-4AAA-B1F8-9E58037D98C6","tpstructure":"Full","plantingspaceglobalid":"97BCE8CD-3980-4FB8-9EF9-FA3A6420576B","createddate":"2016-05-11 18:18:17.0000000","dbh":"6","planteddate":null,"updateddate":"2019-07-07 13:23:06.0000000","geometry":"POINT(-73.99779177356932 40.67626145840731)","genusspecies":"Gymnocladus dioicus - Kentucky coffeetree"}},{"type":"Feature","geometry":{"type":"Point","coordinates":[-73.85586547574697,40.851848379020005]},"properties":{"tpcondition":"Good","stumpdiameter":null,"riskratingdate":"2021-10-29 18:25:50.0000000","riskrating":"6","objectid":"3663333","globalid":"02B9AB9A-00F6-49C8-9025-00594B2873A8","tpstructure":"Full","plantingspaceglobalid":"7D69F4B3-5338-42DE-8C9E-854503D9E484","createddate":"2016-05-11 18:31:40.0000000","dbh":"16","planteddate":null,"updateddate":"2021-10-29 18:25:50.0000000","geometry":"POINT(-73.85586547574697 40.851848379020005)","genusspecies":"Acer platanoides - Norway maple"}},{"type":"Feature","geometry":{"type":"Point","coordinates":[-73.78197326817632,40.73295134781795]},"properties":{"tpcondition":"Dead","stumpdiameter":"30","riskratingdate":"2016-12-13 09:41:09.0000000","riskrating":"3","objectid":"3663334","globalid":"5C9BC1F6-59E1-45C6-84D9-F9958D38F41F","tpstructure":"Retired","plantingspaceglobalid":"CD03F9AF-BC4A-4714-B95F-0C078826AE91","createddate":"2016-05-11 19:34:00.0000000","dbh":"28","planteddate":null,"updateddate":"2017-11-21 04:11:11.0000000","geometry":"POINT(-73.78197326817632 40.73295134781795)","genusspecies":"Acer platanoides 'Not Green Leaf' - 'Not Green Leaf' Norway maple"}},{"type":"Feature","geometry":{"type":"Point","coordinates":[-73.98068282597173,40.70297791671507]},"properties":{"tpcondition":"Good","stumpdiameter":"0","riskratingdate":null,"riskrating":null,"objectid":"3663335","globalid":"092FB5C1-1D87-4BC6-85CD-E3B335A52AF6","tpstructure":"Retired","plantingspaceglobalid":"F42DB27B-C62C-4F49-B842-46F157BA547D","createddate":"2016-05-11 19:21:02.0000000","dbh":"8","planteddate":null,"updateddate":"2019-02-13 17:34:45.0000000","geometry":"POINT(-73.98068282597173 40.70297791671507)","genusspecies":"Zelkova serrata - Japanese zelkova"}},{"type":"Feature","geometry":{"type":"Point","coordinates":[-73.84011327267226,40.85652255157738]},"properties":{"tpcondition":"Fair","stumpdiameter":"0","riskratingdate":null,"riskrating":null,"objectid":"3663336","globalid":"2FFB4743-39B3-44C4-80B7-EF645F29C019","tpstructure":"Full","plantingspaceglobalid":"D5D22573-FBC8-4A29-A6E6-A1FF3F599F29","createddate":"2016-05-11 18:44:26.0000000","dbh":"25","planteddate":null,"updateddate":"2017-07-12 10:10:49.0000000","geometry":"POINT(-73.84011327267226 40.85652255157738)","genusspecies":"Quercus palustris - pin oak"}},{"type":"Feature","geometry":{"type":"Point","coordinates":[-73.91693364561117,40.742031658411065]},"properties":{"tpcondition":"Dead","stumpdiameter":"26","riskratingdate":"2019-06-19 11:45:00.0000000","riskrating":"8","objectid":"3663337","globalid":"4F6FCCFB-85BF-4360-9BAA-A9595E899A0B","tpstructure":"Retired","plantingspaceglobalid":"BE6DF898-529D-49D9-B216-2622CFD48D81","createddate":"2016-05-11 18:16:00.0000000","dbh":null,"planteddate":null,"updateddate":"2023-09-29 02:57:52.0000000","geometry":"POINT(-73.91693364561117 40.742031658411065)","genusspecies":"Acer platanoides - Norway maple"}},{"type":"Feature","geometry":{"type":"Point","coordinates":[-73.99908441000373,40.680285786074755]},"properties":{"tpcondition":"Good","stumpdiameter":null,"riskratingdate":"2023-07-10 14:51:34.0000000","riskrating":"6","objectid":"3663338","globalid":"B0EC5125-93CC-49E8-8B23-69D15B5514A4","tpstructure":"Full","plantingspaceglobalid":"7BDCD426-63B6-4081-B758-A657F19ECE86","createddate":"2016-05-11 17:57:27.0000000","dbh":"21","planteddate":null,"updateddate":"2023-07-10 14:51:34.0000000","geometry":"POINT(-73.99908441000373 40.680285786074755)","genusspecies":"Platanus x acerifolia - London planetree"}},{"type":"Feature","geometry":{"type":"Point","coordinates":[-73.98151879291599,40.67607018098728]},"properties":{"tpcondition":"Fair","stumpdiameter":null,"riskratingdate":"2022-08-30 14:01:04.0000000","riskrating":"5","objectid":"3663339","globalid":"57869911-65DB-4B45-B433-2129013E881D","tpstructure":"Full","plantingspaceglobalid":"D32CAB7E-3313-4946-8DA4-763A4369D79E","createddate":"2016-05-11 18:16:27.0000000","dbh":"15","planteddate":null,"updateddate":"2024-09-10 11:53:01.0000000","geometry":"POINT(-73.98151879291599 40.67607018098728)","genusspecies":"Fraxinus pennsylvanica - Green ash"}},{"type":"Feature","geometry":{"type":"Point","coordinates":[-73.8582511719357,40.571856676115225]},"properties":{"tpcondition":"Good","stumpdiameter":"0","riskratingdate":null,"riskrating":null,"objectid":"3663340","globalid":"84DDC37C-B700-4967-B182-4E0DF55A7463","tpstructure":"Full","plantingspaceglobalid":"6EC7C8DE-0A53-4F28-ABA6-25D47D75133C","createddate":"2016-05-11 18:45:01.0000000","dbh":"3","planteddate":null,"updateddate":"2019-03-01 13:26:34.0000000","geometry":"POINT(-73.8582511719357 40.571856676115225)","genusspecies":"Celtis occidentalis - common hackberry"}},{"type":"Feature","geometry":{"type":"Point","coordinates":[-73.97300604687955,40.6785799316424]},"properties":{"tpcondition":"Good","stumpdiameter":"0","riskratingdate":null,"riskrating":null,"objectid":"3663341","globalid":"124C7177-9498-456F-8EC8-A2D4FF74AF44","tpstructure":"Full","plantingspaceglobalid":"C0A0FB76-A47B-4722-A3A2-03F26AAB7CEB","createddate":"2016-05-11 20:04:57.0000000","dbh":"12","planteddate":null,"updateddate":"2018-07-09 14:37:20.0000000","geometry":"POINT(-73.97300604687955 40.6785799316424)","genusspecies":"Gleditsia triacanthos var. inermis - Thornless honeylocust"}},{"type":"Feature","geometry":{"type":"Point","coordinates":[-73.8755378988644,40.73831870012719]},"properties":{"tpcondition":"Good","stumpdiameter":null,"riskratingdate":"2023-10-06 14:47:10.0000000","riskrating":"7","objectid":"3663342","globalid":"BE827FF1-5AE4-47AA-8C81-84D3DD03BFEE","tpstructure":"Full","plantingspaceglobalid":"FFD76CED-64D7-4801-BCBE-26417A86883F","createddate":"2016-05-11 19:05:24.0000000","dbh":"21","planteddate":null,"updateddate":"2023-10-06 14:47:10.0000000","geometry":"POINT(-73.8755378988644 40.73831870012719)","genusspecies":"Fraxinus pennsylvanica - Green ash"}},{"type":"Feature","geometry":{"type":"Point","coordinates":[-73.87584057879656,40.7671729473422]},"properties":{"tpcondition":"Good","stumpdiameter":"0","riskratingdate":null,"riskrating":null,"objectid":"3663343","globalid":"90645833-C475-44AA-AD98-F0EF7709C4FA","tpstructure":"Full","plantingspaceglobalid":"B49E0D2E-E6A0-44BD-B3EC-955287CB7BCA","createddate":"2016-05-11 17:50:34.0000000","dbh":"4","planteddate":null,"updateddate":"2018-12-10 18:18:32.0000000","geometry":"POINT(-73.87584057879656 40.7671729473422)","genusspecies":"Crataegus - Hawthorn"}},{"type":"Feature","geometry":{"type":"Point","coordinates":[-73.83449253107071,40.89188774208529]},"properties":{"tpcondition":"Good","stumpdiameter":null,"riskratingdate":"2021-06-18 14:12:32.0000000","riskrating":"3","objectid":"3663344","globalid":"ABDA7E10-90B0-4815-954B-5FB52859F6E2","tpstructure":"Full","plantingspaceglobalid":"9247063A-691D-4342-8CD5-D25C261B870D","createddate":"2016-05-11 19:55:14.0000000","dbh":"8","planteddate":null,"updateddate":"2021-06-18 14:13:49.0000000","geometry":"POINT(-73.83449253107071 40.89188774208529)","genusspecies":"Cryptomeria japonica - Japanese cedar"}},{"type":"Feature","geometry":{"type":"Point","coordinates":[-73.76711872276732,40.76197106333132]},"properties":{"tpcondition":"Fair","stumpdiameter":null,"riskratingdate":"2025-10-31 15:05:37.0000000","riskrating":"8","objectid":"3663345","globalid":"8A04C7AD-6CEC-4F56-B0E3-4C788D897E30","tpstructure":"Full","plantingspaceglobalid":"402C89C4-3886-47CD-ABBE-BD4C7EAE075F","createddate":"2016-05-11 19:53:10.0000000","dbh":"28","planteddate":null,"updateddate":"2025-10-31 15:05:37.0000000","geometry":"POINT(-73.76711872276732 40.76197106333132)","genusspecies":"Quercus palustris - pin oak"}},{"type":"Feature","geometry":{"type":"Point","coordinates":[-73.87004842491184,40.75038378770413]},"properties":{"tpcondition":"Fair","stumpdiameter":"0","riskratingdate":null,"riskrating":null,"objectid":"3663346","globalid":"861EF760-4B61-4800-892F-D65BB3A40C09","tpstructure":"Full","plantingspaceglobalid":"6E36D97A-4AEA-4828-96EC-31E4856C32C9","createddate":"2016-05-11 18:32:31.0000000","dbh":"5","planteddate":null,"updateddate":"2017-03-14 17:51:35.0000000","geometry":"POINT(-73.87004842491184 40.75038378770413)","genusspecies":"Gleditsia triacanthos var. inermis - Thornless honeylocust"}},{"type":"Feature","geometry":{"type":"Point","coordinates":[-73.9232046936154,40.70494955554428]},"properties":{"tpcondition":"Fair","stumpdiameter":"0","riskratingdate":"2017-08-11 15:23:41.0000000","riskrating":"3","objectid":"3663347","globalid":"8F8169F0-802D-4FAE-9FD0-B6214D5F625C","tpstructure":"Full","plantingspaceglobalid":"5933B36A-93DE-4523-A1D7-072C7B62DED9","createddate":"2016-05-11 18:18:32.0000000","dbh":"5","planteddate":null,"updateddate":"2019-03-20 15:31:22.0000000","geometry":"POINT(-73.9232046936154 40.70494955554428)","genusspecies":"Prunus cerasifera - cherry plum"}},{"type":"Feature","geometry":{"type":"Point","coordinates":[-73.84715953802282,40.89684724540884]},"properties":{"tpcondition":"Good","stumpdiameter":null,"riskratingdate":"2024-07-25 13:35:34.0000000","riskrating":"7","objectid":"3663348","globalid":"2DA50654-025A-42A2-9A6E-59FFCD994342","tpstructure":"Full","plantingspaceglobalid":"7F79A567-8600-4AE9-97CC-FA3A520EF9B3","createddate":"2016-05-11 18:32:38.0000000","dbh":"35","planteddate":null,"updateddate":"2024-07-25 13:35:34.0000000","geometry":"POINT(-73.84715953802282 40.89684724540884)","genusspecies":"Quercus velutina - black oak"}},{"type":"Feature","geometry":{"type":"Point","coordinates":[-73.85057815496135,40.717831926544136]},"properties":{"tpcondition":"Good","stumpdiameter":"0","riskratingdate":null,"riskrating":null,"objectid":"3663349","globalid":"E52EFFC1-EB93-4CAA-8006-BCA5752CD67B","tpstructure":"Full","plantingspaceglobalid":"45965751-8C4E-424F-BC02-F08DCD4D5F5B","createddate":"2016-05-11 19:56:51.0000000","dbh":"9","planteddate":null,"updateddate":"2017-08-14 07:45:27.0000000","geometry":"POINT(-73.85057815496135 40.717831926544136)","genusspecies":"Zelkova serrata - Japanese zelkova"}},{"type":"Feature","geometry":{"type":"Point","coordinates":[-73.99743830307727,40.69361236589242]},"properties":{"tpcondition":"Fair","stumpdiameter":null,"riskratingdate":"2025-07-10 11:14:43.0000000","riskrating":"7","objectid":"3663350","globalid":"0A1E77E2-12C1-4438-960A-F92FBEF6D9D6","tpstructure":"Full","plantingspaceglobalid":"3E1AE304-CB61-4DC7-AA92-E2162C7EB053","createddate":"2016-05-11 19:00:00.0000000","dbh":"20","planteddate":null,"updateddate":"2025-07-10 11:14:43.0000000","geometry":"POINT(-73.99743830307727 40.69361236589242)","genusspecies":"Platanus x acerifolia - London planetree"}},{"type":"Feature","geometry":{"type":"Point","coordinates":[-73.95143086202509,40.725586493300135]},"properties":{"tpcondition":"Good","stumpdiameter":"0","riskratingdate":null,"riskrating":null,"objectid":"3663351","globalid":"53910364-CF88-4087-A6D8-00380AB57EA3","tpstructure":"Full","plantingspaceglobalid":"5B759E16-99A5-4E87-9D75-4F6CF08E19AD","createddate":"2016-05-11 19:57:54.0000000","dbh":"10","planteddate":null,"updateddate":null,"geometry":"POINT(-73.95143086202509 40.725586493300135)","genusspecies":"Gleditsia triacanthos var. inermis - Thornless honeylocust"}},{"type":"Feature","geometry":{"type":"Point","coordinates":[-74.00167249212502,40.682539565916805]},"properties":{"tpcondition":"Good","stumpdiameter":null,"riskratingdate":"2022-02-24 19:42:31.0000000","riskrating":"3","objectid":"3663352","globalid":"B77D326E-7D06-47AC-A444-610F3FCCF36C","tpstructure":"Full","plantingspaceglobalid":"058FCF78-FAA2-42F4-8A38-343628B69ACB","createddate":"2016-05-11 17:36:34.0000000","dbh":"5","planteddate":null,"updateddate":"2022-02-24 19:42:31.0000000","geometry":"POINT(-74.00167249212502 40.682539565916805)","genusspecies":"Quercus bicolor - swamp white oak"}},{"type":"Feature","geometry":{"type":"Point","coordinates":[-73.90749236888148,40.69268973326869]},"properties":{"tpcondition":"Good","stumpdiameter":"0","riskratingdate":null,"riskrating":null,"objectid":"3663353","globalid":"4490773C-5162-46FF-95A6-DCE4B842545B","tpstructure":"Full","plantingspaceglobalid":"C091562E-0D1D-4A16-9CEE-8C44F5E9DBC9","createddate":"2016-05-11 19:29:25.0000000","dbh":"2","planteddate":null,"updateddate":"2017-01-13 09:04:10.0000000","geometry":"POINT(-73.90749236888148 40.69268973326869)","genusspecies":"Quercus palustris - pin oak"}},{"type":"Feature","geometry":{"type":"Point","coordinates":[-73.97764152946492,40.685177345852026]},"properties":{"tpcondition":"Fair","stumpdiameter":"0","riskratingdate":null,"riskrating":null,"objectid":"3663354","globalid":"590004A6-73C1-4047-A247-906FE19FAD60","tpstructure":"Full","plantingspaceglobalid":"8ED17737-6D8F-4270-8A38-C8666BC72CFB","createddate":"2016-05-11 19:10:09.0000000","dbh":"5","planteddate":null,"updateddate":"2017-07-14 12:10:41.0000000","geometry":"POINT(-73.97764152946492 40.685177345852026)","genusspecies":"Quercus bicolor - swamp white oak"}},{"type":"Feature","geometry":{"type":"Point","coordinates":[-73.846995745501,40.8150915463733]},"properties":{"tpcondition":"Good","stumpdiameter":null,"riskratingdate":"2025-06-30 13:43:01.0000000","riskrating":"6","objectid":"3663355","globalid":"11EC8FAF-E5A9-4F9E-8766-A3ECFE26A877","tpstructure":"Full","plantingspaceglobalid":"CF116397-D7D7-4BC2-8093-E5F561DFFE9D","createddate":"2016-05-11 19:41:14.0000000","dbh":"9","planteddate":null,"updateddate":"2025-06-30 13:43:01.0000000","geometry":"POINT(-73.846995745501 40.8150915463733)","genusspecies":"Acer ginnala - Amur maple"}},{"type":"Feature","geometry":{"type":"Point","coordinates":[-73.87829381956898,40.752776926929634]},"properties":{"tpcondition":"Fair","stumpdiameter":null,"riskratingdate":"2024-08-13 15:03:44.0000000","riskrating":"8","objectid":"3663356","globalid":"A0D54159-9531-457F-A55D-44B0A75CA3AB","tpstructure":"Full","plantingspaceglobalid":"C4396C03-40AD-4D51-B491-0447A9FB6B37","createddate":"2016-05-11 19:17:13.0000000","dbh":"15","planteddate":null,"updateddate":"2024-08-13 15:03:44.0000000","geometry":"POINT(-73.87829381956898 40.752776926929634)","genusspecies":"Acer platanoides - Norway maple"}},{"type":"Feature","geometry":{"type":"Point","coordinates":[-73.8835785957207,40.761705260199605]},"properties":{"tpcondition":"Fair","stumpdiameter":null,"riskratingdate":"2024-07-25 14:07:15.0000000","riskrating":"7","objectid":"3663357","globalid":"4E08DCA9-77DE-4414-B9EB-1B5C3AAC62DC","tpstructure":"Full","plantingspaceglobalid":"E25FC4AE-042B-4189-8541-F2F9673388B6","createddate":"2016-05-11 19:05:27.0000000","dbh":"17","planteddate":null,"updateddate":"2024-07-25 14:07:15.0000000","geometry":"POINT(-73.8835785957207 40.761705260199605)","genusspecies":"Fraxinus pennsylvanica - Green ash"}},{"type":"Feature","geometry":{"type":"Point","coordinates":[-73.88523751440167,40.749962578079256]},"properties":{"tpcondition":"Fair","stumpdiameter":null,"riskratingdate":"2024-07-29 14:52:00.0000000","riskrating":"5","objectid":"3663358","globalid":"041A9D85-8C18-4FF3-841E-0C878AA0C5A5","tpstructure":"Retired","plantingspaceglobalid":"B49D04F7-D348-47F3-9BEB-C32C8EA4C773","createddate":"2016-05-11 17:38:00.0000000","dbh":"9","planteddate":null,"updateddate":"2025-02-26 15:50:00.0000000","geometry":"POINT(-73.88523751440167 40.749962578079256)","genusspecies":"Pyrus calleryana - Callery pear"}},{"type":"Feature","geometry":{"type":"Point","coordinates":[-73.92349489265195,40.755700969523375]},"properties":{"tpcondition":"Good","stumpdiameter":"0","riskratingdate":null,"riskrating":null,"objectid":"3663359","globalid":"65D620FE-0B91-44EB-9D32-4CB382716EF7","tpstructure":"Full","plantingspaceglobalid":"1E693F1C-2FB8-4535-93F5-B176FD11FA97","createddate":"2016-05-11 19:57:19.0000000","dbh":"16","planteddate":null,"updateddate":"2017-11-02 14:10:16.0000000","geometry":"POINT(-73.92349489265195 40.755700969523375)","genusspecies":"Quercus palustris - pin oak"}},{"type":"Feature","geometry":{"type":"Point","coordinates":[-73.98002888342496,40.66197122650344]},"properties":{"tpcondition":"Good","stumpdiameter":"0","riskratingdate":null,"riskrating":null,"objectid":"3663360","globalid":"09EBEE48-02D0-42F2-9DBF-AA0E90CCD172","tpstructure":"Full","plantingspaceglobalid":"3939A47E-D9C8-4318-A1AD-6026755377ED","createddate":"2016-05-11 19:08:45.0000000","dbh":"15","planteddate":null,"updateddate":"2019-02-18 17:25:49.0000000","geometry":"POINT(-73.98002888342496 40.66197122650344)","genusspecies":"Gleditsia triacanthos var. inermis - Thornless honeylocust"}},{"type":"Feature","geometry":{"type":"Point","coordinates":[-73.98220574763734,40.67793889442852]},"properties":{"tpcondition":"Good","stumpdiameter":"0","riskratingdate":null,"riskrating":null,"objectid":"3663361","globalid":"483CE7DF-39E6-4DDF-9538-6EB21BE89EF8","tpstructure":"Full","plantingspaceglobalid":"C147FCE7-A363-423F-90C6-51DB73353B81","createddate":"2016-05-11 17:39:53.0000000","dbh":"5","planteddate":null,"updateddate":null,"geometry":"POINT(-73.98220574763734 40.67793889442852)","genusspecies":"Gleditsia triacanthos var. inermis - Thornless honeylocust"}},{"type":"Feature","geometry":{"type":"Point","coordinates":[-73.92564143540083,40.76723975251696]},"properties":{"tpcondition":"Dead","stumpdiameter":"0","riskratingdate":"2018-05-31 12:17:00.0000000","riskrating":"4","objectid":"3663362","globalid":"599866C4-07DB-4761-89D6-53065A897241","tpstructure":"Retired","plantingspaceglobalid":"1819FE97-029D-49E8-955C-459713D0C71C","createddate":"2016-05-11 18:18:00.0000000","dbh":"4","planteddate":null,"updateddate":"2024-02-01 15:00:02.0000000","geometry":"POINT(-73.92564143540083 40.76723975251696)","genusspecies":"Prunus serrulata 'Green leaf' - 'Green leaf' Japanese flowering cherry"}},{"type":"Feature","geometry":{"type":"Point","coordinates":[-73.86623578292914,40.84185022580662]},"properties":{"tpcondition":"Good","stumpdiameter":null,"riskratingdate":"2021-10-12 16:57:45.0000000","riskrating":"6","objectid":"3663363","globalid":"CE01DDD0-0D2C-4A39-8B67-78F8F36542AA","tpstructure":"Full","plantingspaceglobalid":"A33EC6B4-8912-43CB-B1D0-DE7927D815F7","createddate":"2016-05-11 20:36:11.0000000","dbh":"6","planteddate":null,"updateddate":"2021-10-12 16:57:45.0000000","geometry":"POINT(-73.86623578292914 40.84185022580662)","genusspecies":"Malus - apple"}},{"type":"Feature","geometry":{"type":"Point","coordinates":[-73.91042432725,40.74785441914835]},"properties":{"tpcondition":"Fair","stumpdiameter":null,"riskratingdate":"2022-03-21 13:07:25.0000000","riskrating":"6","objectid":"3663364","globalid":"F81EFB7E-7EC8-4BDD-89B0-9C5C701512D5","tpstructure":"Full","plantingspaceglobalid":"A27CFBE6-E43E-4EAF-9182-B5712618664B","createddate":"2016-05-11 20:03:08.0000000","dbh":"11","planteddate":null,"updateddate":"2022-03-21 13:07:25.0000000","geometry":"POINT(-73.91042432725 40.74785441914835)","genusspecies":"Acer - maple"}},{"type":"Feature","geometry":{"type":"Point","coordinates":[-73.91408926740228,40.74688780022425]},"properties":{"tpcondition":"Good","stumpdiameter":null,"riskratingdate":"2022-03-21 16:34:58.0000000","riskrating":"7","objectid":"3663365","globalid":"DE52C8C8-D718-4EE5-851C-D5BAC69A951A","tpstructure":"Full","plantingspaceglobalid":"7A59E35F-7FAC-41B3-89F6-CEBCB85CB2B5","createddate":"2016-05-11 20:18:26.0000000","dbh":"22","planteddate":null,"updateddate":"2022-03-21 16:34:58.0000000","geometry":"POINT(-73.91408926740228 40.74688780022425)","genusspecies":"Platanus x acerifolia - London planetree"}},{"type":"Feature","geometry":{"type":"Point","coordinates":[-73.85618065406697,40.852252761771965]},"properties":{"tpcondition":"Good","stumpdiameter":null,"riskratingdate":"2024-09-13 22:49:49.0000000","riskrating":"7","objectid":"3663366","globalid":"B9B41664-0F33-47DA-BB82-77D1BC017DBB","tpstructure":"Full","plantingspaceglobalid":"4C05ED44-2998-4CC5-B973-C9C63DD533C5","createddate":"2016-05-11 17:57:08.0000000","dbh":"18","planteddate":null,"updateddate":"2024-09-13 22:49:49.0000000","geometry":"POINT(-73.85618065406697 40.852252761771965)","genusspecies":"Fraxinus pennsylvanica - Green ash"}},{"type":"Feature","geometry":{"type":"Point","coordinates":[-73.92682756083579,40.82240886235542]},"properties":{"tpcondition":"Dead","stumpdiameter":"4","riskratingdate":null,"riskrating":null,"objectid":"3663367","globalid":"031923F4-02AD-4A23-9262-727831E31CDE","tpstructure":"Retired","plantingspaceglobalid":"5493D8D5-90CC-47BD-AD66-34CD54728A89","createddate":"2016-05-11 17:49:00.0000000","dbh":"4","planteddate":null,"updateddate":"2018-05-15 17:34:00.0000000","geometry":"POINT(-73.92682756083579 40.82240886235542)","genusspecies":"Unknown - Unknown"}},{"type":"Feature","geometry":{"type":"Point","coordinates":[-73.92266761044667,40.70311221444979]},"properties":{"tpcondition":"Good","stumpdiameter":"0","riskratingdate":null,"riskrating":null,"objectid":"3663368","globalid":"DCC69908-71F8-4662-A964-C08EFA57A297","tpstructure":"Full","plantingspaceglobalid":"6CDF8397-57C2-4AFC-AC15-B8B0171B82D6","createddate":"2016-05-11 20:54:08.0000000","dbh":"5","planteddate":null,"updateddate":"2019-03-19 12:56:25.0000000","geometry":"POINT(-73.92266761044667 40.70311221444979)","genusspecies":"Quercus alba - white oak"}},{"type":"Feature","geometry":{"type":"Point","coordinates":[-73.90811115267427,40.77836800743698]},"properties":{"tpcondition":"Good","stumpdiameter":"0","riskratingdate":null,"riskrating":null,"objectid":"3663369","globalid":"27989C3E-27DA-4240-92A4-4DBEFAE10641","tpstructure":"Full","plantingspaceglobalid":"FAE70A62-A5E9-42ED-A8AF-40E836DE44E4","createddate":"2016-05-11 19:07:05.0000000","dbh":"12","planteddate":null,"updateddate":"2017-03-23 08:06:47.0000000","geometry":"POINT(-73.90811115267427 40.77836800743698)","genusspecies":"Quercus palustris - pin oak"}},{"type":"Feature","geometry":{"type":"Point","coordinates":[-73.87236286094098,40.75312239261444]},"properties":{"tpcondition":"Good","stumpdiameter":"0","riskratingdate":null,"riskrating":null,"objectid":"3663370","globalid":"0B8126D6-1EB6-4855-9BB1-0890B379F0E8","tpstructure":"Full","plantingspaceglobalid":"FFE16F27-1661-4320-97B9-0A2E7423AB38","createddate":"2016-05-11 17:46:19.0000000","dbh":"3","planteddate":null,"updateddate":"2017-03-17 09:21:36.0000000","geometry":"POINT(-73.87236286094098 40.75312239261444)","genusspecies":"Quercus imbricaria - shingle oak"}},{"type":"Feature","geometry":{"type":"Point","coordinates":[-73.84460945046487,40.72839965202364]},"properties":{"tpcondition":"Good","stumpdiameter":null,"riskratingdate":"2025-05-21 12:41:05.0000000","riskrating":"7","objectid":"3663371","globalid":"B13F3E1B-3A4E-4E54-BD99-0267D0C5312B","tpstructure":"Full","plantingspaceglobalid":"F985548B-2109-466A-9623-A8D9D62D1B49","createddate":"2016-05-11 20:00:07.0000000","dbh":"13","planteddate":null,"updateddate":"2025-05-21 12:42:21.0000000","geometry":"POINT(-73.84460945046487 40.72839965202364)","genusspecies":"Acer platanoides 'Not Green Leaf' - 'Not Green Leaf' Norway maple"}},{"type":"Feature","geometry":{"type":"Point","coordinates":[-73.89917077942854,40.70204833339496]},"properties":{"tpcondition":"Poor","stumpdiameter":"0","riskratingdate":null,"riskrating":null,"objectid":"3663372","globalid":"D9F1B655-2C4B-4363-B94C-CAA54580C6F1","tpstructure":"Retired","plantingspaceglobalid":"095EDA15-744D-4680-97D9-AE58BC1031F3","createddate":"2016-05-11 20:51:00.0000000","dbh":"10","planteddate":null,"updateddate":"2025-10-06 14:33:00.0000000","geometry":"POINT(-73.89917077942854 40.70204833339496)","genusspecies":"Acer platanoides - Norway maple"}},{"type":"Feature","geometry":{"type":"Point","coordinates":[-73.91055944531377,40.84571863904829]},"properties":{"tpcondition":"Fair","stumpdiameter":null,"riskratingdate":"2025-01-30 15:28:34.0000000","riskrating":"6","objectid":"3663373","globalid":"33034105-61E3-4656-86F5-AAA2DE037B4F","tpstructure":"Full","plantingspaceglobalid":"BC9CB95B-54FE-426E-8393-CE9910A993A5","createddate":"2016-05-11 20:22:38.0000000","dbh":"12","planteddate":null,"updateddate":"2025-01-30 15:28:34.0000000","geometry":"POINT(-73.91055944531377 40.84571863904829)","genusspecies":"Zelkova serrata - Japanese zelkova"}},{"type":"Feature","geometry":{"type":"Point","coordinates":[-73.96210800734845,40.7196957017036]},"properties":{"tpcondition":"Fair","stumpdiameter":null,"riskratingdate":"2023-03-02 16:30:28.0000000","riskrating":"6","objectid":"3663374","globalid":"75177C0F-C1A0-4072-AAAF-D575FD8D46E3","tpstructure":"Full","plantingspaceglobalid":"18164EF3-D7F3-4D92-B72B-4835202B51E8","createddate":"2016-05-11 18:01:56.0000000","dbh":"13","planteddate":null,"updateddate":"2023-03-02 16:30:28.0000000","geometry":"POINT(-73.96210800734845 40.7196957017036)","genusspecies":"Tilia tomentosa - silver linden"}},{"type":"Feature","geometry":{"type":"Point","coordinates":[-73.90026312318832,40.70622077516579]},"properties":{"tpcondition":"Good","stumpdiameter":"0","riskratingdate":"2020-01-22 13:28:28.0000000","riskrating":"5","objectid":"3663375","globalid":"9A73C01C-258A-46C8-8006-51182AC27497","tpstructure":"Full","plantingspaceglobalid":"9D21D494-515A-4246-9E63-AED5C788CE81","createddate":"2016-05-11 18:17:28.0000000","dbh":"10","planteddate":null,"updateddate":"2020-01-22 13:28:28.0000000","geometry":"POINT(-73.90026312318832 40.70622077516579)","genusspecies":"Pyrus calleryana - Callery pear"}},{"type":"Feature","geometry":{"type":"Point","coordinates":[-73.88630674542101,40.75517932708276]},"properties":{"tpcondition":"Dead","stumpdiameter":"0","riskratingdate":null,"riskrating":null,"objectid":"3663376","globalid":"62A76AFF-C3C3-4FAF-B036-F5E4295AA751","tpstructure":"Retired","plantingspaceglobalid":"50F0760E-7C04-45D1-B04C-C8340944AED8","createddate":"2016-05-11 20:47:00.0000000","dbh":"13","planteddate":null,"updateddate":"2016-12-02 20:48:00.0000000","geometry":"POINT(-73.88630674542101 40.75517932708276)","genusspecies":"Styphnolobium japonicum - Japanese pagoda tree"}},{"type":"Feature","geometry":{"type":"Point","coordinates":[-73.86242203151592,40.81874910995278]},"properties":{"tpcondition":"Good","stumpdiameter":"0","riskratingdate":null,"riskrating":null,"objectid":"3663377","globalid":"02CE118D-BA5A-4374-AE5D-E0F9F72D0DDA","tpstructure":"Full","plantingspaceglobalid":"816FF002-703A-42D0-9CC2-40EFC0AB572D","createddate":"2016-05-11 17:28:49.0000000","dbh":"2","planteddate":null,"updateddate":"2016-07-14 09:47:35.0000000","geometry":"POINT(-73.86242203151592 40.81874910995278)","genusspecies":"Quercus palustris - pin oak"}},{"type":"Feature","geometry":{"type":"Point","coordinates":[-73.82005980949877,40.829506012115665]},"properties":{"tpcondition":"Good","stumpdiameter":null,"riskratingdate":"2022-01-10 19:38:29.0000000","riskrating":"6","objectid":"3663378","globalid":"342B4316-E990-40EE-B7CA-9C926C721F42","tpstructure":"Full","plantingspaceglobalid":"7B4274B8-A0B8-42B2-857A-627EDE3ED5A1","createddate":"2016-05-11 17:40:12.0000000","dbh":"15","planteddate":null,"updateddate":"2022-01-10 19:38:29.0000000","geometry":"POINT(-73.82005980949877 40.829506012115665)","genusspecies":"Gleditsia triacanthos var. inermis - Thornless honeylocust"}},{"type":"Feature","geometry":{"type":"Point","coordinates":[-73.8400357109642,40.72740491765778]},"properties":{"tpcondition":"Poor","stumpdiameter":"0","riskratingdate":null,"riskrating":null,"objectid":"3663379","globalid":"42C49347-1BA5-425F-95A5-F6B4E15C3068","tpstructure":"Retired","plantingspaceglobalid":"3FED9206-69E1-45D8-BC4D-8FD4001B38D3","createddate":"2016-05-11 18:24:12.0000000","dbh":"13","planteddate":null,"updateddate":"2021-08-06 12:49:44.0000000","geometry":"POINT(-73.8400357109642 40.72740491765778)","genusspecies":"Prunus cerasifera - cherry plum"}},{"type":"Feature","geometry":{"type":"Point","coordinates":[-73.93991110548804,40.70862957793319]},"properties":{"tpcondition":"Good","stumpdiameter":"0","riskratingdate":"2019-06-14 10:32:30.0000000","riskrating":"5","objectid":"3663380","globalid":"31FA9CC3-830E-42AB-9DFB-87EFB4E1ADE7","tpstructure":"Full","plantingspaceglobalid":"858F0AEF-48BE-4137-8E68-612F205B3653","createddate":"2016-05-11 19:51:07.0000000","dbh":"8","planteddate":null,"updateddate":"2019-06-14 14:32:30.0000000","geometry":"POINT(-73.93991110548804 40.70862957793319)","genusspecies":"Styphnolobium japonicum - Japanese pagoda tree"}},{"type":"Feature","geometry":{"type":"Point","coordinates":[-73.8647178365455,40.75859691044367]},"properties":{"tpcondition":"Fair","stumpdiameter":null,"riskratingdate":"2022-03-04 17:49:03.0000000","riskrating":"6","objectid":"3663381","globalid":"E7C8A2F3-B185-41DC-BBAE-8BE41C49F505","tpstructure":"Full","plantingspaceglobalid":"D9A41F04-CE34-4489-BF7B-BE102E8797AF","createddate":"2016-05-11 20:44:41.0000000","dbh":"12","planteddate":null,"updateddate":"2022-03-04 17:49:03.0000000","geometry":"POINT(-73.8647178365455 40.75859691044367)","genusspecies":"Acer platanoides - Norway maple"}},{"type":"Feature","geometry":{"type":"Point","coordinates":[-73.89452843131414,40.75350495631865]},"properties":{"tpcondition":"Good","stumpdiameter":null,"riskratingdate":"2025-10-29 17:22:45.0000000","riskrating":"7","objectid":"3663382","globalid":"66DCB2A0-F18F-40AC-9E94-255B844428A5","tpstructure":"Full","plantingspaceglobalid":"773C4C68-2366-4F3A-9F70-83C81E7B3321","createddate":"2016-05-11 17:41:16.0000000","dbh":"17","planteddate":null,"updateddate":"2025-10-29 17:22:45.0000000","geometry":"POINT(-73.89452843131414 40.75350495631865)","genusspecies":"Tilia cordata - littleleaf linden"}},{"type":"Feature","geometry":{"type":"Point","coordinates":[-73.8229626314351,40.87835966827473]},"properties":{"tpcondition":"Good","stumpdiameter":"0","riskratingdate":null,"riskrating":null,"objectid":"3663383","globalid":"CE1DDBAD-8154-412E-8A77-4B843BAAAD05","tpstructure":"Full","plantingspaceglobalid":"7714F084-1A12-427F-B94C-E87CA040C44F","createddate":"2016-05-11 20:01:23.0000000","dbh":"18","planteddate":null,"updateddate":null,"geometry":"POINT(-73.8229626314351 40.87835966827473)","genusspecies":"Platanus x acerifolia - London planetree"}},{"type":"Feature","geometry":{"type":"Point","coordinates":[-73.87838286440211,40.7132359161161]},"properties":{"tpcondition":"Good","stumpdiameter":null,"riskratingdate":"2020-07-09 15:02:54.0000000","riskrating":"6","objectid":"3663384","globalid":"30095655-5492-4575-B3C5-6C1C3A61BC63","tpstructure":"Full","plantingspaceglobalid":"105A545E-DF4E-4927-A92C-9B7F03F7B1C2","createddate":"2016-05-11 20:24:13.0000000","dbh":"4","planteddate":null,"updateddate":"2020-07-09 15:02:54.0000000","geometry":"POINT(-73.87838286440211 40.7132359161161)","genusspecies":"Cercis canadensis - eastern redbud"}},{"type":"Feature","geometry":{"type":"Point","coordinates":[-73.92089239347071,40.747263495691584]},"properties":{"tpcondition":"Dead","stumpdiameter":"32","riskratingdate":"2018-02-06 10:40:00.0000000","riskrating":"10","objectid":"3663385","globalid":"2EB816F2-B047-408C-B6FD-428B6B56482C","tpstructure":"Retired","plantingspaceglobalid":"75676304-A27F-4B83-B453-6FCEEBA16889","createddate":"2016-05-11 19:26:00.0000000","dbh":"0","planteddate":null,"updateddate":"2018-10-23 18:28:19.0000000","geometry":"POINT(-73.92089239347071 40.747263495691584)","genusspecies":"Quercus palustris - pin oak"}},{"type":"Feature","geometry":{"type":"Point","coordinates":[-73.87029513229776,40.82000015347456]},"properties":{"tpcondition":"Fair","stumpdiameter":null,"riskratingdate":"2024-11-22 12:31:39.0000000","riskrating":"6","objectid":"3663386","globalid":"59680ADF-26F4-4C48-B434-CF6DB12101C9","tpstructure":"Full","plantingspaceglobalid":"3735FFEB-32E8-4019-BD19-EB13125F0BF9","createddate":"2016-05-11 18:30:50.0000000","dbh":"28","planteddate":null,"updateddate":"2024-11-22 12:31:39.0000000","geometry":"POINT(-73.87029513229776 40.82000015347456)","genusspecies":"Platanus x acerifolia - London planetree"}},{"type":"Feature","geometry":{"type":"Point","coordinates":[-73.87254726723884,40.74646271263263]},"properties":{"tpcondition":"Good","stumpdiameter":"0","riskratingdate":null,"riskrating":null,"objectid":"3663387","globalid":"B47AC1EE-8B23-4DCD-B30E-18695CD8AEAE","tpstructure":"Full","plantingspaceglobalid":"B5641506-82D8-43D7-8702-DBF865FCECA1","createddate":"2016-05-11 19:44:37.0000000","dbh":"10","planteddate":null,"updateddate":"2017-03-08 13:30:54.0000000","geometry":"POINT(-73.87254726723884 40.74646271263263)","genusspecies":"Gleditsia triacanthos var. inermis - Thornless honeylocust"}},{"type":"Feature","geometry":{"type":"Point","coordinates":[-73.81364147884612,40.75070834031621]},"properties":{"tpcondition":"Good","stumpdiameter":"0","riskratingdate":"2019-11-27 19:40:00.0000000","riskrating":"5","objectid":"3663388","globalid":"B1C1E308-DFA8-44F7-B55A-3155312DC172","tpstructure":"Full","plantingspaceglobalid":"145F2638-2F75-471A-8B4E-887C9AB494E0","createddate":"2016-05-11 17:48:00.0000000","dbh":"8","planteddate":null,"updateddate":"2019-12-19 16:13:00.0000000","geometry":"POINT(-73.81364147884612 40.75070834031621)","genusspecies":"Morus - mulberry"}},{"type":"Feature","geometry":{"type":"Point","coordinates":[-73.93347969729369,40.75798419487338]},"properties":{"tpcondition":"Dead","stumpdiameter":"43","riskratingdate":"2023-05-18 14:06:35.0000000","riskrating":"10","objectid":"3663389","globalid":"C2DF2659-D060-41C9-AA52-8B5383A833AE","tpstructure":"Stump","plantingspaceglobalid":"D0DBF671-8350-4AEF-852B-B82496FEDEF4","createddate":"2016-05-11 18:14:40.0000000","dbh":null,"planteddate":null,"updateddate":"2025-08-22 15:11:07.0000000","geometry":"POINT(-73.93347969729369 40.75798419487338)","genusspecies":"Quercus palustris - pin oak"}},{"type":"Feature","geometry":{"type":"Point","coordinates":[-73.94127076214205,40.70757145717474]},"properties":{"tpcondition":"Excellent","stumpdiameter":"0","riskratingdate":"2019-09-09 10:02:34.0000000","riskrating":"3","objectid":"3663390","globalid":"5AF9B95D-0E7F-425A-813B-1F12E192EDA2","tpstructure":"Full","plantingspaceglobalid":"7F13828D-95F4-436E-ACB7-39F061F47752","createddate":"2016-05-11 20:27:22.0000000","dbh":"11","planteddate":null,"updateddate":"2019-09-09 14:02:35.0000000","geometry":"POINT(-73.94127076214205 40.70757145717474)","genusspecies":"Gleditsia triacanthos var. inermis - Thornless honeylocust"}},{"type":"Feature","geometry":{"type":"Point","coordinates":[-73.8242007607347,40.75880933469531]},"properties":{"tpcondition":"Fair","stumpdiameter":"0","riskratingdate":"2019-12-17 14:13:46.0000000","riskrating":"5","objectid":"3663391","globalid":"A1B28051-FD33-4C6B-964E-7B0BB0D90F28","tpstructure":"Full","plantingspaceglobalid":"5C38B9DB-EEB8-421C-A7E2-F04B8245D74C","createddate":"2016-05-11 19:02:56.0000000","dbh":"33","planteddate":null,"updateddate":"2019-12-17 14:13:46.0000000","geometry":"POINT(-73.8242007607347 40.75880933469531)","genusspecies":"Quercus rubra - northern red oak"}},{"type":"Feature","geometry":{"type":"Point","coordinates":[-73.85439709942014,40.821132908101575]},"properties":{"tpcondition":"Fair","stumpdiameter":null,"riskratingdate":"2024-10-18 14:51:46.0000000","riskrating":"6","objectid":"3663392","globalid":"5D5A96A9-6E1B-4B22-A530-347B99A818FF","tpstructure":"Full","plantingspaceglobalid":"C1D10D9D-5596-465F-9990-033744A764E5","createddate":"2016-05-11 17:50:22.0000000","dbh":"12","planteddate":null,"updateddate":"2024-10-18 14:51:46.0000000","geometry":"POINT(-73.85439709942014 40.821132908101575)","genusspecies":"Acer platanoides 'Crimson King' - 'Crimson King' Norway maple"}},{"type":"Feature","geometry":{"type":"Point","coordinates":[-73.91365357246794,40.7095156251658]},"properties":{"tpcondition":"Dead","stumpdiameter":null,"riskratingdate":"2022-02-09 14:43:00.0000000","riskrating":"5","objectid":"3663393","globalid":"E7824522-7FDE-48F5-9A88-6DFA84A8F461","tpstructure":"Retired","plantingspaceglobalid":"7B6E8615-870C-41BA-BDD2-96A4A16DE06F","createddate":"2016-05-11 19:03:00.0000000","dbh":"3","planteddate":null,"updateddate":"2024-12-04 20:57:34.0000000","geometry":"POINT(-73.91365357246794 40.7095156251658)","genusspecies":"Acer platanoides - Norway maple"}},{"type":"Feature","geometry":{"type":"Point","coordinates":[-73.85137989678957,40.74098938950665]},"properties":{"tpcondition":"Good","stumpdiameter":"0","riskratingdate":null,"riskrating":null,"objectid":"3663394","globalid":"805A9D30-C063-4E52-AB22-3B44EA113F5B","tpstructure":"Full","plantingspaceglobalid":"D14F373F-E54C-4907-8F94-1D9D4B7A69DB","createddate":"2016-05-11 18:40:11.0000000","dbh":"5","planteddate":null,"updateddate":"2018-11-16 20:41:50.0000000","geometry":"POINT(-73.85137989678957 40.74098938950665)","genusspecies":"Gleditsia triacanthos var. inermis - Thornless honeylocust"}},{"type":"Feature","geometry":{"type":"Point","coordinates":[-73.90774563462574,40.76184013045416]},"properties":{"tpcondition":"Excellent","stumpdiameter":null,"riskratingdate":"2024-02-01 01:13:00.0000000","riskrating":"5","objectid":"3663395","globalid":"F1DFA8FA-1D18-4846-B514-9F7831D662CD","tpstructure":"Full","plantingspaceglobalid":"69F16D04-615C-4FB7-962B-51B2AE9C903E","createddate":"2016-05-11 17:39:00.0000000","dbh":"10","planteddate":null,"updateddate":"2024-02-01 01:13:00.0000000","geometry":"POINT(-73.90774563462574 40.76184013045416)","genusspecies":"Gleditsia triacanthos var. inermis - Thornless honeylocust"}},{"type":"Feature","geometry":{"type":"Point","coordinates":[-73.99463855732867,40.67835528909528]},"properties":{"tpcondition":"Good","stumpdiameter":null,"riskratingdate":"2024-06-26 15:39:38.0000000","riskrating":"7","objectid":"3663396","globalid":"17893D28-E2E2-4F4C-BECF-0A771E8C2DE7","tpstructure":"Full","plantingspaceglobalid":"85E7A64B-BA43-4E73-8B4E-0371A3E8CCE3","createddate":"2016-05-11 18:45:33.0000000","dbh":"16","planteddate":null,"updateddate":"2024-06-26 15:39:38.0000000","geometry":"POINT(-73.99463855732867 40.67835528909528)","genusspecies":"Platanus x acerifolia - London planetree"}},{"type":"Feature","geometry":{"type":"Point","coordinates":[-74.0039192813728,40.65302640415088]},"properties":{"tpcondition":"Fair","stumpdiameter":null,"riskratingdate":"2023-12-09 14:46:12.0000000","riskrating":"5","objectid":"3663397","globalid":"A8424D65-D9AF-4FD3-BA52-78A1F4A7AB22","tpstructure":"Full","plantingspaceglobalid":"C52B9D62-EFBE-4A27-BF98-E5A1CB7C1A34","createddate":"2016-05-11 19:16:53.0000000","dbh":"2","planteddate":null,"updateddate":"2023-12-09 14:46:12.0000000","geometry":"POINT(-74.0039192813728 40.65302640415088)","genusspecies":"Acer palmatum - Japanese maple"}},{"type":"Feature","geometry":{"type":"Point","coordinates":[-73.97533354844852,40.65801147033231]},"properties":{"tpcondition":"Good","stumpdiameter":"0","riskratingdate":null,"riskrating":null,"objectid":"3663398","globalid":"45142286-BAA9-4BDC-959F-8715DFBCEFD2","tpstructure":"Full","plantingspaceglobalid":"276EA965-D9DB-4657-9596-3F4054909B29","createddate":"2016-05-11 18:15:08.0000000","dbh":"7","planteddate":null,"updateddate":null,"geometry":"POINT(-73.97533354844852 40.65801147033231)","genusspecies":"Prunus serrulata 'Green leaf' - 'Green leaf' Japanese flowering cherry"}},{"type":"Feature","geometry":{"type":"Point","coordinates":[-73.96558186496978,40.67833840821329]},"properties":{"tpcondition":"Fair","stumpdiameter":"0","riskratingdate":"2022-08-22 16:00:10.0000000","riskrating":"8","objectid":"3663399","globalid":"95C74F33-E296-47C1-BED4-B4C9E641C0D0","tpstructure":"Full","plantingspaceglobalid":"73FAE7E1-AE9A-4432-98A2-FAE30DC04043","createddate":"2016-05-11 19:19:29.0000000","dbh":"28","planteddate":null,"updateddate":"2022-08-22 16:00:10.0000000","geometry":"POINT(-73.96558186496978 40.67833840821329)","genusspecies":"Quercus palustris - pin oak"}},{"type":"Feature","geometry":{"type":"Point","coordinates":[-73.92644496740486,40.83858129804157]},"properties":{"tpcondition":"Good","stumpdiameter":null,"riskratingdate":"2024-01-30 13:13:18.0000000","riskrating":"5","objectid":"3663400","globalid":"8F682EF6-7E48-4E88-A9C0-968F92C3438A","tpstructure":"Full","plantingspaceglobalid":"5D7A44B3-DC1E-4ED6-B975-5A873C57708F","createddate":"2016-05-11 17:22:46.0000000","dbh":"7","planteddate":null,"updateddate":"2024-01-30 13:13:18.0000000","geometry":"POINT(-73.92644496740486 40.83858129804157)","genusspecies":"Gleditsia triacanthos var. inermis - Thornless honeylocust"}},{"type":"Feature","geometry":{"type":"Point","coordinates":[-73.88929798236495,40.76119484129246]},"properties":{"tpcondition":"Poor","stumpdiameter":null,"riskratingdate":"2021-08-30 16:49:40.0000000","riskrating":"8","objectid":"3663401","globalid":"EC322C09-0704-4ADF-9E3D-FFC7F865F47C","tpstructure":"Full","plantingspaceglobalid":"A471420F-26E4-43EF-B607-D0CEB373A723","createddate":"2016-05-11 18:54:34.0000000","dbh":"14","planteddate":null,"updateddate":"2021-08-30 16:49:40.0000000","geometry":"POINT(-73.88929798236495 40.76119484129246)","genusspecies":"Fraxinus pennsylvanica - Green ash"}},{"type":"Feature","geometry":{"type":"Point","coordinates":[-73.98519012432321,40.6781809654463]},"properties":{"tpcondition":"Good","stumpdiameter":"0","riskratingdate":null,"riskrating":null,"objectid":"3663402","globalid":"FEE0AF12-4055-4B3D-A503-157C5AD91210","tpstructure":"Full","plantingspaceglobalid":"8CD2F385-4E7A-4B93-BA02-88F5CBE05412","createddate":"2016-05-11 20:14:01.0000000","dbh":"4","planteddate":null,"updateddate":null,"geometry":"POINT(-73.98519012432321 40.6781809654463)","genusspecies":"Liquidambar styraciflua - sweetgum"}},{"type":"Feature","geometry":{"type":"Point","coordinates":[-73.92020489891607,40.68814730529043]},"properties":{"tpcondition":"Good","stumpdiameter":"0","riskratingdate":null,"riskrating":null,"objectid":"3663403","globalid":"7BC610E5-C62F-40FE-BC84-FB5285879942","tpstructure":"Full","plantingspaceglobalid":"7B32EAB8-6F6C-41ED-8557-00514A4CBF94","createddate":"2016-05-11 18:37:40.0000000","dbh":"4","planteddate":null,"updateddate":null,"geometry":"POINT(-73.92020489891607 40.68814730529043)","genusspecies":"Gleditsia triacanthos var. inermis - Thornless honeylocust"}},{"type":"Feature","geometry":{"type":"Point","coordinates":[-73.82019788759601,40.82996361495308]},"properties":{"tpcondition":"Good","stumpdiameter":null,"riskratingdate":"2024-07-22 14:00:07.0000000","riskrating":"5","objectid":"3663404","globalid":"B1E153CE-4E7F-477C-A04A-563DB02CE81E","tpstructure":"Full","plantingspaceglobalid":"A05C768F-9A46-4E2E-ACBD-7F5EDA6C0BD1","createddate":"2016-05-11 20:04:17.0000000","dbh":"24","planteddate":null,"updateddate":"2024-07-22 14:00:07.0000000","geometry":"POINT(-73.82019788759601 40.82996361495308)","genusspecies":"Platanus x acerifolia - London planetree"}},{"type":"Feature","geometry":{"type":"Point","coordinates":[-73.95988649246536,40.70500948384889]},"properties":{"tpcondition":"Fair","stumpdiameter":"0","riskratingdate":"2018-11-16 10:35:51.0000000","riskrating":"7","objectid":"3663405","globalid":"1F74FAE2-EC41-4403-9637-FAF63A4CB5F7","tpstructure":"Full","plantingspaceglobalid":"1E7EE204-EF38-4021-934E-36C418FE9D86","createddate":"2016-05-11 19:22:13.0000000","dbh":"15","planteddate":null,"updateddate":"2018-11-16 15:35:52.0000000","geometry":"POINT(-73.95988649246536 40.70500948384889)","genusspecies":"Pyrus calleryana - Callery pear"}},{"type":"Feature","geometry":{"type":"Point","coordinates":[-73.89424066083859,40.75781864860871]},"properties":{"tpcondition":"Good","stumpdiameter":null,"riskratingdate":"2025-10-24 13:10:07.0000000","riskrating":"7","objectid":"3663406","globalid":"14EBE2A6-25A4-45F8-8E3B-E4A6F3B933BA","tpstructure":"Full","plantingspaceglobalid":"C1CAEC72-8FBB-40D6-BF16-C586EFF229A9","createddate":"2016-05-11 17:27:47.0000000","dbh":"8","planteddate":null,"updateddate":"2025-10-24 13:10:07.0000000","geometry":"POINT(-73.89424066083859 40.75781864860871)","genusspecies":"Quercus palustris - pin oak"}},{"type":"Feature","geometry":{"type":"Point","coordinates":[-73.93673061444774,40.69963041841131]},"properties":{"tpcondition":"Dead","stumpdiameter":"0","riskratingdate":null,"riskrating":null,"objectid":"3663407","globalid":"33362C50-D79B-4542-AC94-C7F71DB95B26","tpstructure":"Retired","plantingspaceglobalid":"E417CF66-B8F3-49B3-83CD-2C9D3F5830C5","createddate":"2016-05-11 18:35:00.0000000","dbh":"2","planteddate":null,"updateddate":"2018-12-28 19:27:00.0000000","geometry":"POINT(-73.93673061444774 40.69963041841131)","genusspecies":"Unknown - Unknown"}},{"type":"Feature","geometry":{"type":"Point","coordinates":[-73.85534680189288,40.85097875609605]},"properties":{"tpcondition":"Dead","stumpdiameter":"36","riskratingdate":"2018-08-31 11:24:00.0000000","riskrating":"10","objectid":"3663408","globalid":"7E0AFF14-7829-4D3A-9577-BA171468C8F8","tpstructure":"Retired","plantingspaceglobalid":"1AF0285E-2B66-4905-9F06-F9AC2969D6A9","createddate":"2016-05-11 18:31:00.0000000","dbh":"0","planteddate":null,"updateddate":"2023-02-20 15:53:00.0000000","geometry":"POINT(-73.85534680189288 40.85097875609605)","genusspecies":"Platanus x acerifolia - London planetree"}},{"type":"Feature","geometry":{"type":"Point","coordinates":[-73.91103611892568,40.77410942331885]},"properties":{"tpcondition":"Dead","stumpdiameter":"0","riskratingdate":"2020-08-03 17:28:00.0000000","riskrating":"5","objectid":"3663409","globalid":"A34E5580-4A98-4A7A-92DB-604EAAA97D3F","tpstructure":"Stump - Uprooted","plantingspaceglobalid":"48611DEC-CB29-4DF9-895C-A5088E3E11E5","createddate":"2016-05-11 18:45:00.0000000","dbh":"5","planteddate":null,"updateddate":"2025-04-09 15:00:00.0000000","geometry":"POINT(-73.91103611892568 40.77410942331885)","genusspecies":"Cercis canadensis - eastern redbud"}},{"type":"Feature","geometry":{"type":"Point","coordinates":[-73.89837086714725,40.75958292254619]},"properties":{"tpcondition":"Good","stumpdiameter":null,"riskratingdate":"2025-10-27 15:34:52.0000000","riskrating":"8","objectid":"3663410","globalid":"56895ED1-1D69-4793-860E-538281926F8D","tpstructure":"Full","plantingspaceglobalid":"EC26ACB9-3958-4AE5-91F6-B56B250881BB","createddate":"2016-05-11 18:19:33.0000000","dbh":"16","planteddate":null,"updateddate":"2025-10-27 15:34:52.0000000","geometry":"POINT(-73.89837086714725 40.75958292254619)","genusspecies":"Fraxinus pennsylvanica - Green ash"}},{"type":"Feature","geometry":{"type":"Point","coordinates":[-73.99698547200204,40.68873293661018]},"properties":{"tpcondition":"Fair","stumpdiameter":null,"riskratingdate":"2022-03-01 19:34:48.0000000","riskrating":"7","objectid":"3663411","globalid":"FF20DDE7-42A5-4FC1-9F07-6D16A47FBDDD","tpstructure":"Full","plantingspaceglobalid":"36B637D4-F662-47E4-A80C-6486F7DFED7B","createddate":"2016-05-11 19:40:19.0000000","dbh":"22","planteddate":null,"updateddate":"2022-03-01 19:34:48.0000000","geometry":"POINT(-73.99698547200204 40.68873293661018)","genusspecies":"Quercus palustris - pin oak"}},{"type":"Feature","geometry":{"type":"Point","coordinates":[-73.83232005463421,40.742801770586254]},"properties":{"tpcondition":"Good","stumpdiameter":"0","riskratingdate":null,"riskrating":null,"objectid":"3663412","globalid":"874A9B07-3386-4378-968C-1AEA2E5B680B","tpstructure":"Full","plantingspaceglobalid":"2065391A-E696-4DD9-9B46-DE451A929416","createddate":"2016-05-11 20:28:08.0000000","dbh":"25","planteddate":null,"updateddate":"2018-10-03 13:27:00.0000000","geometry":"POINT(-73.83232005463421 40.742801770586254)","genusspecies":"Platanus x acerifolia - London planetree"}},{"type":"Feature","geometry":{"type":"Point","coordinates":[-73.84534532339643,40.86171113544616]},"properties":{"tpcondition":"Dead","stumpdiameter":"18","riskratingdate":"2023-06-12 19:07:00.0000000","riskrating":"6","objectid":"3663413","globalid":"F360F15E-9799-4353-AF54-25EF07A44222","tpstructure":"Stump","plantingspaceglobalid":"62DA871F-18B4-4904-89F4-57F8D98558B2","createddate":"2016-05-11 20:38:00.0000000","dbh":null,"planteddate":null,"updateddate":"2024-11-06 13:50:17.0000000","geometry":"POINT(-73.84534532339643 40.86171113544616)","genusspecies":"Acer platanoides - Norway maple"}},{"type":"Feature","geometry":{"type":"Point","coordinates":[-73.92623391381568,40.70082526607258]},"properties":{"tpcondition":"Unknown","stumpdiameter":"10","riskratingdate":"2020-10-13 16:44:00.0000000","riskrating":"9","objectid":"3663414","globalid":"DAF9F342-D238-4B47-8FD5-1EDB721E4631","tpstructure":"Retired","plantingspaceglobalid":"A5C3FA65-B29A-49F5-9D2D-2D28214A59C2","createddate":"2016-05-11 19:46:00.0000000","dbh":"10","planteddate":null,"updateddate":"2023-02-23 18:17:10.0000000","geometry":"POINT(-73.92623391381568 40.70082526607258)","genusspecies":"Gleditsia triacanthos var. inermis - Thornless honeylocust"}},{"type":"Feature","geometry":{"type":"Point","coordinates":[-73.91018923145474,40.70579956866196]},"properties":{"tpcondition":"Unknown","stumpdiameter":"12","riskratingdate":null,"riskrating":null,"objectid":"3663415","globalid":"9896D35E-9DAF-44D8-BDD6-3ABFBDA88DFB","tpstructure":"Retired","plantingspaceglobalid":"A0B79664-7D70-48A3-BDB2-3B7AF215C7E8","createddate":"2016-05-11 20:03:00.0000000","dbh":"0","planteddate":null,"updateddate":"2020-01-10 18:08:00.0000000","geometry":"POINT(-73.91018923145474 40.70579956866196)","genusspecies":"Unknown - Unknown"}},{"type":"Feature","geometry":{"type":"Point","coordinates":[-73.93916114445777,40.70764625425119]},"properties":{"tpcondition":"Good","stumpdiameter":null,"riskratingdate":"2023-11-29 15:57:20.0000000","riskrating":"6","objectid":"3663416","globalid":"CC35A460-E6C9-4EAB-9D05-B2B494683AD9","tpstructure":"Full","plantingspaceglobalid":"9B25E27B-16A3-40D9-B530-AB4D8184B6BE","createddate":"2016-05-11 20:48:36.0000000","dbh":"9","planteddate":null,"updateddate":"2023-11-29 15:57:20.0000000","geometry":"POINT(-73.93916114445777 40.70764625425119)","genusspecies":"Quercus alba - white oak"}},{"type":"Feature","geometry":{"type":"Point","coordinates":[-73.99590126657323,40.699302750098454]},"properties":{"tpcondition":"Fair","stumpdiameter":"0","riskratingdate":"2023-09-18 16:49:59.0000000","riskrating":"4","objectid":"3663417","globalid":"D431B959-B5C9-481A-A46B-70497762D589","tpstructure":"Full","plantingspaceglobalid":"F6843ACB-D9C7-48FC-A0B3-583C6C360FF0","createddate":"2016-05-11 19:48:06.0000000","dbh":"13","planteddate":null,"updateddate":"2023-09-18 16:49:58.0000000","geometry":"POINT(-73.99590126657323 40.699302750098454)","genusspecies":"Gleditsia triacanthos var. inermis - Thornless honeylocust"}},{"type":"Feature","geometry":{"type":"Point","coordinates":[-73.98852007884574,40.69590178422197]},"properties":{"tpcondition":"Poor","stumpdiameter":null,"riskratingdate":"2025-09-12 15:35:19.0000000","riskrating":"8","objectid":"3663418","globalid":"6ABCB8DA-7BEF-4A0D-9A80-C779D8DE3CD3","tpstructure":"Full","plantingspaceglobalid":"B5C425DE-58E6-4C71-B8D6-D91EAEDE4B89","createddate":"2016-05-11 20:53:03.0000000","dbh":"14","planteddate":null,"updateddate":"2025-09-12 15:35:19.0000000","geometry":"POINT(-73.98852007884574 40.69590178422197)","genusspecies":"Styphnolobium japonicum - Japanese pagoda tree"}},{"type":"Feature","geometry":{"type":"Point","coordinates":[-73.81736161795124,40.829574248290335]},"properties":{"tpcondition":"Good","stumpdiameter":null,"riskratingdate":"2024-06-27 15:24:32.0000000","riskrating":"7","objectid":"3663419","globalid":"7C475536-020D-4C33-816C-9DF3C4CDA469","tpstructure":"Full","plantingspaceglobalid":"17D25911-24A6-48C2-9FFD-0349B5BC402F","createddate":"2016-05-11 20:12:34.0000000","dbh":"36","planteddate":null,"updateddate":"2024-06-27 15:24:32.0000000","geometry":"POINT(-73.81736161795124 40.829574248290335)","genusspecies":"Platanus x acerifolia - London planetree"}},{"type":"Feature","geometry":{"type":"Point","coordinates":[-73.88702311630207,40.754584143668794]},"properties":{"tpcondition":"Good","stumpdiameter":null,"riskratingdate":"2024-08-01 13:12:38.0000000","riskrating":"7","objectid":"3663420","globalid":"A2E87C7A-3C85-4F14-A27F-F3649292E384","tpstructure":"Full","plantingspaceglobalid":"116AA032-F5C3-4984-9C09-CD125EEA089F","createddate":"2016-05-11 19:01:23.0000000","dbh":"10","planteddate":null,"updateddate":"2024-08-01 13:12:38.0000000","geometry":"POINT(-73.88702311630207 40.754584143668794)","genusspecies":"Tilia americana - American basswood"}},{"type":"Feature","geometry":{"type":"Point","coordinates":[-73.96576476020992,40.705289000363685]},"properties":{"tpcondition":"Good","stumpdiameter":"0","riskratingdate":null,"riskrating":null,"objectid":"3663421","globalid":"B8256936-383C-4813-9C8E-CBE7889A8161","tpstructure":"Full","plantingspaceglobalid":"C2A3F3C3-AAA5-449A-B8F9-92AA48213CA4","createddate":"2016-05-11 18:22:52.0000000","dbh":"10","planteddate":null,"updateddate":"2018-04-25 08:51:30.0000000","geometry":"POINT(-73.96576476020992 40.705289000363685)","genusspecies":"Quercus rubra - northern red oak"}},{"type":"Feature","geometry":{"type":"Point","coordinates":[-73.91551820659811,40.76450239187974]},"properties":{"tpcondition":"Good","stumpdiameter":"0","riskratingdate":null,"riskrating":null,"objectid":"3663422","globalid":"77ED35DA-BF61-4BA2-85EC-1D9CE669B930","tpstructure":"Full","plantingspaceglobalid":"8A609D16-C693-4EE5-AFD9-3311832E2396","createddate":"2016-05-11 18:14:20.0000000","dbh":"4","planteddate":null,"updateddate":null,"geometry":"POINT(-73.91551820659811 40.76450239187974)","genusspecies":"Tilia cordata - littleleaf linden"}},{"type":"Feature","geometry":{"type":"Point","coordinates":[-73.89263571941898,40.84622712334676]},"properties":{"tpcondition":"Poor","stumpdiameter":"2","riskratingdate":"2022-03-09 17:45:40.0000000","riskrating":"3","objectid":"3663423","globalid":"910C4DCF-2D69-4413-B853-E680A57F52CD","tpstructure":"Full","plantingspaceglobalid":"556A1D9F-3390-44D3-82CB-9588CBFAEF0C","createddate":"2016-05-11 18:57:00.0000000","dbh":"2","planteddate":null,"updateddate":"2022-03-09 17:45:40.0000000","geometry":"POINT(-73.89263571941898 40.84622712334676)","genusspecies":"Quercus palustris - pin oak"}},{"type":"Feature","geometry":{"type":"Point","coordinates":[-73.90499986528648,40.841671460808605]},"properties":{"tpcondition":"Good","stumpdiameter":null,"riskratingdate":"2025-08-04 17:52:02.0000000","riskrating":"6","objectid":"3663424","globalid":"C14ECCB2-F23B-43C3-BDD6-34C72D0D6346","tpstructure":"Full","plantingspaceglobalid":"066E861E-9F43-4733-A439-34E271F8DB56","createddate":"2016-05-11 19:17:55.0000000","dbh":"12","planteddate":null,"updateddate":"2025-08-04 17:52:02.0000000","geometry":"POINT(-73.90499986528648 40.841671460808605)","genusspecies":"Platanus x acerifolia - London planetree"}},{"type":"Feature","geometry":{"type":"Point","coordinates":[-73.96837866033302,40.69057643198963]},"properties":{"tpcondition":"Good","stumpdiameter":null,"riskratingdate":"2022-03-17 15:42:07.0000000","riskrating":"4","objectid":"3663425","globalid":"55F2D790-793A-4CD0-B5E9-B7DA25239698","tpstructure":"Full","plantingspaceglobalid":"7AC672ED-9D6D-4834-A41A-324EBE3F3D0F","createddate":"2016-05-11 17:25:20.0000000","dbh":"12","planteddate":null,"updateddate":"2022-03-17 15:42:07.0000000","geometry":"POINT(-73.96837866033302 40.69057643198963)","genusspecies":"Gleditsia triacanthos var. inermis - Thornless honeylocust"}},{"type":"Feature","geometry":{"type":"Point","coordinates":[-73.90221821941769,40.76167094752146]},"properties":{"tpcondition":"Fair","stumpdiameter":"0","riskratingdate":"2020-03-05 21:35:33.0000000","riskrating":"7","objectid":"3663426","globalid":"EDCC0911-F7B6-471D-A559-EF4707408F93","tpstructure":"Full","plantingspaceglobalid":"9FB72905-CF2A-4CF0-A132-ED58AB806F36","createddate":"2016-05-11 17:32:21.0000000","dbh":"9","planteddate":null,"updateddate":"2020-03-05 21:35:33.0000000","geometry":"POINT(-73.90221821941769 40.76167094752146)","genusspecies":"Tilia tomentosa - silver linden"}},{"type":"Feature","geometry":{"type":"Point","coordinates":[-73.92625951462004,40.83145161254683]},"properties":{"tpcondition":"Dead","stumpdiameter":null,"riskratingdate":"2025-09-26 14:45:00.0000000","riskrating":"9","objectid":"3663427","globalid":"ADCE0157-CBAB-48FD-8221-80A223D2A3F3","tpstructure":"Stump","plantingspaceglobalid":"C1B9E13E-C5FF-46ED-A1FC-60491AA26A37","createddate":"2016-05-11 20:24:00.0000000","dbh":"34","planteddate":null,"updateddate":"2025-10-10 17:12:01.0000000","geometry":"POINT(-73.92625951462004 40.83145161254683)","genusspecies":"Platanus x acerifolia - London planetree"}},{"type":"Feature","geometry":{"type":"Point","coordinates":[-73.98893800846507,40.6729269319296]},"properties":{"tpcondition":"Poor","stumpdiameter":"0","riskratingdate":null,"riskrating":null,"objectid":"3663428","globalid":"66AF4237-9ADD-4992-A4F5-6C60D7E88D6A","tpstructure":"Retired","plantingspaceglobalid":"8941B337-67B3-4FE5-9598-5763E8EFE370","createddate":"2016-05-11 19:14:28.0000000","dbh":"3","planteddate":null,"updateddate":"2019-02-25 18:10:42.0000000","geometry":"POINT(-73.98893800846507 40.6729269319296)","genusspecies":"Gleditsia triacanthos var. inermis - Thornless honeylocust"}},{"type":"Feature","geometry":{"type":"Point","coordinates":[-73.92235548077916,40.77377804194134]},"properties":{"tpcondition":"Good","stumpdiameter":"0","riskratingdate":null,"riskrating":null,"objectid":"3663429","globalid":"F1AB63FF-5F3E-4870-8971-118D2F530B04","tpstructure":"Full","plantingspaceglobalid":"1C632277-A938-4C45-80C1-FEE40720AA58","createddate":"2016-05-11 17:37:20.0000000","dbh":"3","planteddate":null,"updateddate":"2017-04-06 10:03:49.0000000","geometry":"POINT(-73.92235548077916 40.77377804194134)","genusspecies":"Quercus palustris - pin oak"}},{"type":"Feature","geometry":{"type":"Point","coordinates":[-73.90900325928747,40.706779997840684]},"properties":{"tpcondition":"Good","stumpdiameter":"0","riskratingdate":"2020-01-10 12:39:32.0000000","riskrating":"6","objectid":"3663430","globalid":"9C1D84CB-B142-4926-AED8-66B89A5F0652","tpstructure":"Full","plantingspaceglobalid":"04C53982-6193-473A-8D58-E03C4E5C7A35","createddate":"2016-05-11 18:02:08.0000000","dbh":"6","planteddate":null,"updateddate":"2020-01-10 12:39:32.0000000","geometry":"POINT(-73.90900325928747 40.706779997840684)","genusspecies":"Pyrus calleryana - Callery pear"}},{"type":"Feature","geometry":{"type":"Point","coordinates":[-73.76991396499483,40.7611275237586]},"properties":{"tpcondition":"Dead","stumpdiameter":"0","riskratingdate":null,"riskrating":null,"objectid":"3663431","globalid":"358994A0-A67C-4FBF-897D-BAEE675DD389","tpstructure":"Retired","plantingspaceglobalid":"B92CA86F-78D5-4EA8-BEBF-120CC2B0972A","createddate":"2016-05-11 18:11:00.0000000","dbh":"6","planteddate":null,"updateddate":"2019-11-21 11:55:00.0000000","geometry":"POINT(-73.76991396499483 40.7611275237586)","genusspecies":"Prunus serrulata 'Green leaf' - 'Green leaf' Japanese flowering cherry"}},{"type":"Feature","geometry":{"type":"Point","coordinates":[-73.85306592079988,40.73985304042674]},"properties":{"tpcondition":"Good","stumpdiameter":"0","riskratingdate":null,"riskrating":null,"objectid":"3663432","globalid":"342EA9E0-EE24-467A-B63C-FC8CCDE9998A","tpstructure":"Full","plantingspaceglobalid":"9258082E-40FD-4098-AB8F-2BB158868356","createddate":"2016-05-11 19:40:18.0000000","dbh":"13","planteddate":null,"updateddate":"2018-11-17 18:53:53.0000000","geometry":"POINT(-73.85306592079988 40.73985304042674)","genusspecies":"Quercus palustris - pin oak"}},{"type":"Feature","geometry":{"type":"Point","coordinates":[-73.87400339668044,40.7664309556575]},"properties":{"tpcondition":"Good","stumpdiameter":"0","riskratingdate":null,"riskrating":null,"objectid":"3663433","globalid":"37077C7C-0C61-4736-BBBD-86EE80E13CEF","tpstructure":"Full","plantingspaceglobalid":"29AC4474-B7FD-407D-BCF1-AB008372AA35","createddate":"2016-05-11 19:08:03.0000000","dbh":"3","planteddate":null,"updateddate":"2018-12-10 16:20:04.0000000","geometry":"POINT(-73.87400339668044 40.7664309556575)","genusspecies":"Acer ginnala - Amur maple"}},{"type":"Feature","geometry":{"type":"Point","coordinates":[-73.8857269585545,40.73564212300805]},"properties":{"tpcondition":"Dead","stumpdiameter":"9","riskratingdate":"2017-07-12 12:11:00.0000000","riskrating":"5","objectid":"3663434","globalid":"1CCF57A0-CF7C-4429-A735-8F0610BB6294","tpstructure":"Retired","plantingspaceglobalid":"195A2B11-C082-4C43-BDE2-568FB7DEB959","createddate":"2016-05-11 17:37:00.0000000","dbh":"11","planteddate":null,"updateddate":"2021-06-29 18:12:00.0000000","geometry":"POINT(-73.8857269585545 40.73564212300805)","genusspecies":"Pyrus calleryana - Callery pear"}},{"type":"Feature","geometry":{"type":"Point","coordinates":[-73.92161289456801,40.8408538870747]},"properties":{"tpcondition":"Dead","stumpdiameter":"8","riskratingdate":null,"riskrating":null,"objectid":"3663435","globalid":"8F1DFCE8-FF1C-4BEE-8958-F9C266792BC3","tpstructure":"Retired","plantingspaceglobalid":"52E0C72C-541D-4EAA-A4E8-5BF39BB5FCE4","createddate":"2016-05-11 20:03:51.0000000","dbh":"0","planteddate":null,"updateddate":"2018-04-03 07:31:49.0000000","geometry":"POINT(-73.92161289456801 40.8408538870747)","genusspecies":"Unknown - Unknown"}},{"type":"Feature","geometry":{"type":"Point","coordinates":[-73.94600007271711,40.75590006022219]},"properties":{"tpcondition":"Fair","stumpdiameter":null,"riskratingdate":"2024-09-19 12:58:02.0000000","riskrating":"9","objectid":"3663436","globalid":"593E7390-78DF-4514-B69F-F78671E6AEE8","tpstructure":"Full","plantingspaceglobalid":"75FD9ABE-0131-4D69-8354-3D9F7B49F334","createddate":"2016-05-11 17:24:44.0000000","dbh":"15","planteddate":null,"updateddate":"2024-09-19 12:58:02.0000000","geometry":"POINT(-73.94600007271711 40.75590006022219)","genusspecies":"Gleditsia triacanthos var. inermis - Thornless honeylocust"}},{"type":"Feature","geometry":{"type":"Point","coordinates":[-73.89095916671371,40.826966178300054]},"properties":{"tpcondition":"Good","stumpdiameter":null,"riskratingdate":"2022-03-25 11:53:34.0000000","riskrating":"6","objectid":"3663437","globalid":"425CDC39-C1DA-41C8-9C7D-0FEB9F529C93","tpstructure":"Full","plantingspaceglobalid":"DCCFB62E-6AEA-45C7-8486-CF8963C0BB3C","createddate":"2016-05-11 20:35:54.0000000","dbh":"7","planteddate":null,"updateddate":"2022-03-25 11:53:34.0000000","geometry":"POINT(-73.89095916671371 40.826966178300054)","genusspecies":"Gleditsia triacanthos var. inermis - Thornless honeylocust"}},{"type":"Feature","geometry":{"type":"Point","coordinates":[-73.85517773159094,40.84816922889725]},"properties":{"tpcondition":"Fair","stumpdiameter":null,"riskratingdate":"2021-10-26 13:39:11.0000000","riskrating":"6","objectid":"3663438","globalid":"0B23D2C7-8D75-4CD6-B4D3-773BD51B8F0A","tpstructure":"Full","plantingspaceglobalid":"BF90FCFE-651C-414A-8605-9370862F53D7","createddate":"2016-05-11 20:48:57.0000000","dbh":"7","planteddate":null,"updateddate":"2021-10-26 13:39:11.0000000","geometry":"POINT(-73.85517773159094 40.84816922889725)","genusspecies":"Styphnolobium japonicum - Japanese pagoda tree"}},{"type":"Feature","geometry":{"type":"Point","coordinates":[-73.99569896730358,40.68667388890015]},"properties":{"tpcondition":"Fair","stumpdiameter":null,"riskratingdate":"2024-06-27 15:48:29.0000000","riskrating":"8","objectid":"3663439","globalid":"90B40082-C902-43BA-A05D-C45481D58686","tpstructure":"Full","plantingspaceglobalid":"C2BC346E-B795-41A7-8CB6-744538E6447D","createddate":"2016-05-11 19:53:09.0000000","dbh":"20","planteddate":null,"updateddate":"2024-06-27 15:48:29.0000000","geometry":"POINT(-73.99569896730358 40.68667388890015)","genusspecies":"Quercus palustris - pin oak"}},{"type":"Feature","geometry":{"type":"Point","coordinates":[-73.9202846050238,40.70800648985547]},"properties":{"tpcondition":"Fair","stumpdiameter":"0","riskratingdate":null,"riskrating":null,"objectid":"3663440","globalid":"01D359C4-9A98-48FD-AAD7-1CD470DA73EA","tpstructure":"Full","plantingspaceglobalid":"38E50AA7-E3A9-4A84-BDC2-8341608060DE","createddate":"2016-05-11 20:25:39.0000000","dbh":"5","planteddate":null,"updateddate":"2019-03-20 17:58:48.0000000","geometry":"POINT(-73.9202846050238 40.70800648985547)","genusspecies":"Styphnolobium japonicum - Japanese pagoda tree"}},{"type":"Feature","geometry":{"type":"Point","coordinates":[-73.99548928452498,40.69439895835213]},"properties":{"tpcondition":"Good","stumpdiameter":"0","riskratingdate":null,"riskrating":null,"objectid":"3663441","globalid":"74BEBA47-6D9C-4D37-968F-7928EA06B3EC","tpstructure":"Full","plantingspaceglobalid":"A91AC391-1F4F-4E9B-A7FE-67B39A081055","createddate":"2016-05-11 19:11:20.0000000","dbh":"19","planteddate":null,"updateddate":"2018-06-19 16:58:38.0000000","geometry":"POINT(-73.99548928452498 40.69439895835213)","genusspecies":"Platanus x acerifolia - London planetree"}},{"type":"Feature","geometry":{"type":"Point","coordinates":[-73.84223320497618,40.89180959489963]},"properties":{"tpcondition":"Good","stumpdiameter":"0","riskratingdate":null,"riskrating":null,"objectid":"3663442","globalid":"A25D5F62-BF28-4B2C-94D8-7A6CAA25C2B5","tpstructure":"Full","plantingspaceglobalid":"1FA37D0F-B4B6-49FD-BC04-0353981D0B58","createddate":"2016-05-11 19:30:19.0000000","dbh":"14","planteddate":null,"updateddate":"2018-03-02 10:32:11.0000000","geometry":"POINT(-73.84223320497618 40.89180959489963)","genusspecies":"Gleditsia triacanthos var. inermis - Thornless honeylocust"}},{"type":"Feature","geometry":{"type":"Point","coordinates":[-73.92020662570376,40.75485407379725]},"properties":{"tpcondition":"Good","stumpdiameter":"0","riskratingdate":"2020-02-18 14:17:25.0000000","riskrating":"6","objectid":"3663443","globalid":"F886A26E-4334-4DE8-88B4-D7B451954398","tpstructure":"Full","plantingspaceglobalid":"9178567C-1578-40F0-9F1A-9F1C4FFD9330","createddate":"2016-05-11 17:35:18.0000000","dbh":"6","planteddate":null,"updateddate":"2020-02-18 14:17:25.0000000","geometry":"POINT(-73.92020662570376 40.75485407379725)","genusspecies":"Quercus palustris - pin oak"}},{"type":"Feature","geometry":{"type":"Point","coordinates":[-73.85479295142143,40.80770927273353]},"properties":{"tpcondition":"Fair","stumpdiameter":null,"riskratingdate":"2025-06-18 18:08:36.0000000","riskrating":"5","objectid":"3663444","globalid":"3F223BA3-B6EF-40BB-8CD9-2840DF99E5AB","tpstructure":"Full","plantingspaceglobalid":"9483AC61-9BE1-4462-B0A0-39D7916DA42B","createddate":"2016-05-11 17:37:15.0000000","dbh":"9","planteddate":null,"updateddate":"2025-06-18 18:08:36.0000000","geometry":"POINT(-73.85479295142143 40.80770927273353)","genusspecies":"Quercus palustris - pin oak"}},{"type":"Feature","geometry":{"type":"Point","coordinates":[-73.99232570321162,40.68336744337934]},"properties":{"tpcondition":"Good","stumpdiameter":null,"riskratingdate":"2024-06-25 14:06:43.0000000","riskrating":"7","objectid":"3663445","globalid":"6E0C4DE2-765C-4AE9-B085-0F8E504C6046","tpstructure":"Full","plantingspaceglobalid":"A333EC6E-3074-4728-818E-95E5DA466023","createddate":"2016-05-11 18:17:09.0000000","dbh":"15","planteddate":null,"updateddate":"2024-06-25 14:07:32.0000000","geometry":"POINT(-73.99232570321162 40.68336744337934)","genusspecies":"Ulmus americana - American elm"}},{"type":"Feature","geometry":{"type":"Point","coordinates":[-73.92377780489734,40.837986664741884]},"properties":{"tpcondition":"Dead","stumpdiameter":"5","riskratingdate":"2017-09-30 08:50:00.0000000","riskrating":"6","objectid":"3663446","globalid":"02504C23-B62C-41D1-A7C1-647514C4B39E","tpstructure":"Retired","plantingspaceglobalid":"B700E7AC-16F5-4EB6-84BF-2E9F0F10ACBC","createddate":"2016-05-11 20:13:00.0000000","dbh":"3","planteddate":null,"updateddate":"2022-06-26 17:20:00.0000000","geometry":"POINT(-73.92377780489734 40.837986664741884)","genusspecies":"Unknown - Unknown"}},{"type":"Feature","geometry":{"type":"Point","coordinates":[-73.87513963748782,40.82796982950476]},"properties":{"tpcondition":"Good","stumpdiameter":"0","riskratingdate":null,"riskrating":null,"objectid":"3663447","globalid":"465DAFBF-E7F5-46F8-BE03-8AB61DCED47B","tpstructure":"Full","plantingspaceglobalid":"D1D5BFE4-561C-48B2-B528-2B10CFDA51E0","createddate":"2016-05-11 20:34:17.0000000","dbh":"7","planteddate":null,"updateddate":"2017-10-11 11:43:21.0000000","geometry":"POINT(-73.87513963748782 40.82796982950476)","genusspecies":"Styphnolobium japonicum - Japanese pagoda tree"}},{"type":"Feature","geometry":{"type":"Point","coordinates":[-73.94044052708888,40.760201859645434]},"properties":{"tpcondition":"Good","stumpdiameter":"0","riskratingdate":null,"riskrating":null,"objectid":"3663448","globalid":"2AD84EA3-86D2-40DE-AD30-5693DED5951D","tpstructure":"Full","plantingspaceglobalid":"1D22A0CE-D765-4A22-923A-7E93AB198248","createddate":"2016-05-11 19:17:38.0000000","dbh":"10","planteddate":null,"updateddate":null,"geometry":"POINT(-73.94044052708888 40.760201859645434)","genusspecies":"Pyrus calleryana - Callery pear"}},{"type":"Feature","geometry":{"type":"Point","coordinates":[-73.98354522350938,40.69337689145056]},"properties":{"tpcondition":"Good","stumpdiameter":"0","riskratingdate":null,"riskrating":null,"objectid":"3663449","globalid":"4D1002EF-0452-4C2F-B567-767410BC3EDF","tpstructure":"Full","plantingspaceglobalid":"CBC5F1B5-D71F-4209-B715-752F25B9A8A1","createddate":"2016-05-11 19:42:45.0000000","dbh":"9","planteddate":null,"updateddate":"2018-06-29 17:18:11.0000000","geometry":"POINT(-73.98354522350938 40.69337689145056)","genusspecies":"Ginkgo biloba - maidenhair tree"}},{"type":"Feature","geometry":{"type":"Point","coordinates":[-74.10189481831418,40.63596649011413]},"properties":{"tpcondition":"Fair","stumpdiameter":"0","riskratingdate":null,"riskrating":null,"objectid":"3663450","globalid":"E752FD2D-BAB7-4A9C-AE3F-72B8D8844261","tpstructure":"Full","plantingspaceglobalid":"5AD7E809-4CFD-43BA-9E2E-EF4FC24AD6E1","createddate":"2016-05-11 20:15:35.0000000","dbh":"24","planteddate":null,"updateddate":"2019-01-14 20:20:35.0000000","geometry":"POINT(-74.10189481831418 40.63596649011413)","genusspecies":"Platanus x acerifolia - London planetree"}},{"type":"Feature","geometry":{"type":"Point","coordinates":[-73.91545433978246,40.83111778865214]},"properties":{"tpcondition":"Good","stumpdiameter":null,"riskratingdate":"2022-03-15 19:25:43.0000000","riskrating":"5","objectid":"3663451","globalid":"48072276-DB28-4267-ADF8-D5A24501C476","tpstructure":"Full","plantingspaceglobalid":"59BA4A6C-C2A0-420B-8CF1-9B8A7F46552E","createddate":"2016-05-11 20:06:09.0000000","dbh":"8","planteddate":null,"updateddate":"2022-03-15 19:25:43.0000000","geometry":"POINT(-73.91545433978246 40.83111778865214)","genusspecies":"Acer rubrum - red maple"}},{"type":"Feature","geometry":{"type":"Point","coordinates":[-73.9094656958193,40.775169422656525]},"properties":{"tpcondition":"Good","stumpdiameter":null,"riskratingdate":"2022-03-31 13:33:57.0000000","riskrating":"5","objectid":"3663452","globalid":"C5EFCB17-786F-4035-8694-CE8417338D0F","tpstructure":"Full","plantingspaceglobalid":"6B6501B5-8806-450A-BF32-A9A2829391A2","createddate":"2016-05-11 20:17:32.0000000","dbh":"9","planteddate":null,"updateddate":"2022-03-31 13:33:57.0000000","geometry":"POINT(-73.9094656958193 40.775169422656525)","genusspecies":"Ginkgo biloba - maidenhair tree"}},{"type":"Feature","geometry":{"type":"Point","coordinates":[-73.91404109520779,40.76556082609542]},"properties":{"tpcondition":"Good","stumpdiameter":"0","riskratingdate":null,"riskrating":null,"objectid":"3663453","globalid":"BDCA3756-585C-4C48-848F-9906F611914A","tpstructure":"Full","plantingspaceglobalid":"7C598F62-7774-4C20-938B-7B953F83DD59","createddate":"2016-05-11 19:47:00.0000000","dbh":"6","planteddate":null,"updateddate":"2017-10-23 10:52:48.0000000","geometry":"POINT(-73.91404109520779 40.76556082609542)","genusspecies":"Quercus rubra - northern red oak"}},{"type":"Feature","geometry":{"type":"Point","coordinates":[-73.90637177164412,40.84461936328254]},"properties":{"tpcondition":"Fair","stumpdiameter":null,"riskratingdate":"2025-08-06 12:14:50.0000000","riskrating":"6","objectid":"3663454","globalid":"3ADD03AD-0EDD-4BBC-B021-A0B47EAF4CC9","tpstructure":"Full","plantingspaceglobalid":"320BBF4B-9DC5-46E1-9588-6E2784257AD7","createddate":"2016-05-11 20:39:11.0000000","dbh":"13","planteddate":null,"updateddate":"2025-08-06 12:14:50.0000000","geometry":"POINT(-73.90637177164412 40.84461936328254)","genusspecies":"Gleditsia triacanthos var. inermis - Thornless honeylocust"}},{"type":"Feature","geometry":{"type":"Point","coordinates":[-73.88430940942685,40.76052114747237]},"properties":{"tpcondition":"Fair","stumpdiameter":"0","riskratingdate":"2022-08-10 14:00:34.0000000","riskrating":"6","objectid":"3663455","globalid":"4C552D22-F170-4AE2-846C-B9790FA32488","tpstructure":"Full","plantingspaceglobalid":"0E02E314-D70D-4790-BD59-D819B6AC8972","createddate":"2016-05-11 18:50:40.0000000","dbh":"4","planteddate":null,"updateddate":"2022-08-10 14:00:34.0000000","geometry":"POINT(-73.88430940942685 40.76052114747237)","genusspecies":"Ulmus americana - American elm"}},{"type":"Feature","geometry":{"type":"Point","coordinates":[-73.95537612256898,40.70223117379799]},"properties":{"tpcondition":"Excellent","stumpdiameter":null,"riskratingdate":"2023-08-21 18:33:08.0000000","riskrating":"7","objectid":"3663456","globalid":"04AD2A6C-E155-474B-8191-666B9C4B97B9","tpstructure":"Full","plantingspaceglobalid":"D9ECA8F1-3648-4C06-B523-CE3D5765AB04","createddate":"2016-05-11 18:27:38.0000000","dbh":"11","planteddate":null,"updateddate":"2023-08-21 18:33:08.0000000","geometry":"POINT(-73.95537612256898 40.70223117379799)","genusspecies":"Quercus palustris - pin oak"}},{"type":"Feature","geometry":{"type":"Point","coordinates":[-73.8722816879895,40.76211682155057]},"properties":{"tpcondition":"Dead","stumpdiameter":"0","riskratingdate":"2019-01-09 08:41:00.0000000","riskrating":"6","objectid":"3663457","globalid":"91AEC8DC-26FE-4B09-9897-27DD4DAD5D86","tpstructure":"Retired","plantingspaceglobalid":"B677B2ED-2CEB-4DD5-81FF-C12A53D33FDE","createddate":"2016-05-11 20:24:00.0000000","dbh":"6","planteddate":null,"updateddate":"2019-12-24 19:13:00.0000000","geometry":"POINT(-73.8722816879895 40.76211682155057)","genusspecies":"Metasequoia glyptostroboides - dawn redwood"}},{"type":"Feature","geometry":{"type":"Point","coordinates":[-73.9656471652795,40.70736142648403]},"properties":{"tpcondition":"Good","stumpdiameter":"0","riskratingdate":null,"riskrating":null,"objectid":"3663458","globalid":"E7D7E58A-50ED-4BA4-A923-5CAFD78ADA71","tpstructure":"Full","plantingspaceglobalid":"54E01CD8-56FA-454D-B56B-EE96458BCD42","createddate":"2016-05-11 18:59:04.0000000","dbh":"2","planteddate":null,"updateddate":"2018-04-20 12:56:34.0000000","geometry":"POINT(-73.9656471652795 40.70736142648403)","genusspecies":"Tilia cordata - littleleaf linden"}},{"type":"Feature","geometry":{"type":"Point","coordinates":[-73.9433014723181,40.72947035477649]},"properties":{"tpcondition":"Good","stumpdiameter":null,"riskratingdate":"2024-05-21 14:48:24.0000000","riskrating":"3","objectid":"3663459","globalid":"0708DB57-48BA-49FA-BF5C-84C7742A0216","tpstructure":"Full","plantingspaceglobalid":"6B6ECD82-76AD-4BF7-90C0-3C49199BB14E","createddate":"2016-05-11 20:51:30.0000000","dbh":"5","planteddate":null,"updateddate":"2024-05-21 14:48:24.0000000","geometry":"POINT(-73.9433014723181 40.72947035477649)","genusspecies":"Liquidambar styraciflua - sweetgum"}},{"type":"Feature","geometry":{"type":"Point","coordinates":[-73.96271389521459,40.705449009540516]},"properties":{"tpcondition":"Good","stumpdiameter":"0","riskratingdate":null,"riskrating":null,"objectid":"3663460","globalid":"A9304EDE-C7D1-48CD-BB8F-033B632BBB48","tpstructure":"Full","plantingspaceglobalid":"24A07822-5165-4C4A-BA68-C0864D2E73B4","createddate":"2016-05-11 19:57:18.0000000","dbh":"6","planteddate":null,"updateddate":"2018-04-30 12:27:39.0000000","geometry":"POINT(-73.96271389521459 40.705449009540516)","genusspecies":"Quercus palustris - pin oak"}},{"type":"Feature","geometry":{"type":"Point","coordinates":[-73.98196780549337,40.66364246354097]},"properties":{"tpcondition":"Good","stumpdiameter":"0","riskratingdate":null,"riskrating":null,"objectid":"3663461","globalid":"C1D0F991-E107-4B38-B42D-5B8940173570","tpstructure":"Full","plantingspaceglobalid":"BC5E7C08-1981-436D-BA57-FACCCB924FBA","createddate":"2016-05-11 20:51:15.0000000","dbh":"11","planteddate":null,"updateddate":"2019-02-15 21:37:54.0000000","geometry":"POINT(-73.98196780549337 40.66364246354097)","genusspecies":"Styphnolobium japonicum - Japanese pagoda tree"}},{"type":"Feature","geometry":{"type":"Point","coordinates":[-73.83476431929743,40.858889702307245]},"properties":{"tpcondition":"Fair","stumpdiameter":null,"riskratingdate":"2025-09-17 15:04:10.0000000","riskrating":"8","objectid":"3663462","globalid":"4E7E9457-0982-4404-A861-A0FEFFC0E866","tpstructure":"Full","plantingspaceglobalid":"F25E3A5A-06F2-4D1B-A7F7-36FDD3B5A35E","createddate":"2016-05-11 19:18:52.0000000","dbh":"44","planteddate":null,"updateddate":"2025-09-17 15:04:10.0000000","geometry":"POINT(-73.83476431929743 40.858889702307245)","genusspecies":"Quercus rubra - northern red oak"}},{"type":"Feature","geometry":{"type":"Point","coordinates":[-73.95657528782561,40.69163402018482]},"properties":{"tpcondition":"Fair","stumpdiameter":null,"riskratingdate":"2025-06-20 13:16:38.0000000","riskrating":"6","objectid":"3663463","globalid":"6AAD2A28-A0E9-430C-A2FF-3F7B263AC158","tpstructure":"Full","plantingspaceglobalid":"B064425B-70C9-461E-89CD-B6165EAE4BC5","createddate":"2016-05-11 17:58:20.0000000","dbh":"6","planteddate":null,"updateddate":"2025-06-20 13:16:38.0000000","geometry":"POINT(-73.95657528782561 40.69163402018482)","genusspecies":"Quercus palustris - pin oak"}},{"type":"Feature","geometry":{"type":"Point","coordinates":[-73.91604143680404,40.782897388551504]},"properties":{"tpcondition":"Good","stumpdiameter":"0","riskratingdate":null,"riskrating":null,"objectid":"3663464","globalid":"F1F50A00-E051-44EB-B50A-E7EE107E7F8B","tpstructure":"Full","plantingspaceglobalid":"51DEACF3-C3A7-4C8B-BE50-287DC74326E2","createddate":"2016-05-11 19:44:58.0000000","dbh":"20","planteddate":null,"updateddate":"2017-03-22 04:04:55.0000000","geometry":"POINT(-73.91604143680404 40.782897388551504)","genusspecies":"Platanus x acerifolia - London planetree"}},{"type":"Feature","geometry":{"type":"Point","coordinates":[-73.83904354288684,40.722996420782536]},"properties":{"tpcondition":"Fair","stumpdiameter":"0","riskratingdate":"2019-12-27 12:40:56.0000000","riskrating":"5","objectid":"3663465","globalid":"3E1B8B28-F953-4E9C-9156-F693E516847E","tpstructure":"Full","plantingspaceglobalid":"DAF1E708-5E7B-4BAD-88F0-21F252123AA6","createddate":"2016-05-11 20:05:48.0000000","dbh":"20","planteddate":null,"updateddate":"2019-12-27 12:40:56.0000000","geometry":"POINT(-73.83904354288684 40.722996420782536)","genusspecies":"Platanus x acerifolia - London planetree"}},{"type":"Feature","geometry":{"type":"Point","coordinates":[-73.89738558324638,40.70412520029923]},"properties":{"tpcondition":"Fair","stumpdiameter":"0","riskratingdate":"2020-01-23 15:22:06.0000000","riskrating":"7","objectid":"3663466","globalid":"B861FD86-9D90-4B0E-A498-2F47B3B5AB51","tpstructure":"Full","plantingspaceglobalid":"CE2E9437-1D12-4DE3-B214-7D534E6F2913","createddate":"2016-05-11 20:35:33.0000000","dbh":"12","planteddate":null,"updateddate":"2020-01-23 15:22:06.0000000","geometry":"POINT(-73.89738558324638 40.70412520029923)","genusspecies":"Acer platanoides - Norway maple"}},{"type":"Feature","geometry":{"type":"Point","coordinates":[-73.76094501794014,40.76358847358593]},"properties":{"tpcondition":"Good","stumpdiameter":null,"riskratingdate":"2025-10-31 16:23:02.0000000","riskrating":"6","objectid":"3663467","globalid":"943DF077-7578-4CA7-81D9-7B4067816505","tpstructure":"Full","plantingspaceglobalid":"C2EB8EA2-CE26-4511-A483-9A4084BED30C","createddate":"2016-05-11 20:30:50.0000000","dbh":"7","planteddate":null,"updateddate":"2025-10-31 16:23:02.0000000","geometry":"POINT(-73.76094501794014 40.76358847358593)","genusspecies":"Malus - apple"}},{"type":"Feature","geometry":{"type":"Point","coordinates":[-73.97305465253527,40.671968730662826]},"properties":{"tpcondition":"Good","stumpdiameter":"0","riskratingdate":null,"riskrating":null,"objectid":"3663468","globalid":"CA1B70B8-1D06-403B-B8D3-493ABE0A8634","tpstructure":"Full","plantingspaceglobalid":"F725439C-78D0-43E1-8FF3-A695FF30460F","createddate":"2016-05-11 18:50:44.0000000","dbh":"16","planteddate":null,"updateddate":null,"geometry":"POINT(-73.97305465253527 40.671968730662826)","genusspecies":"Platanus x acerifolia - London planetree"}},{"type":"Feature","geometry":{"type":"Point","coordinates":[-73.89557877590657,40.707455288119746]},"properties":{"tpcondition":"Fair","stumpdiameter":"0","riskratingdate":"2020-01-24 18:49:43.0000000","riskrating":"8","objectid":"3663469","globalid":"FD5DD654-D878-44E6-82A4-4C0506CE4F95","tpstructure":"Full","plantingspaceglobalid":"11C833F5-46B2-45AC-8FB3-45E78761EEDF","createddate":"2016-05-11 20:39:40.0000000","dbh":"10","planteddate":null,"updateddate":"2020-01-24 18:49:42.0000000","geometry":"POINT(-73.89557877590657 40.707455288119746)","genusspecies":"Gleditsia triacanthos var. inermis - Thornless honeylocust"}},{"type":"Feature","geometry":{"type":"Point","coordinates":[-73.87114013641585,40.83798786160839]},"properties":{"tpcondition":"Dead","stumpdiameter":"40","riskratingdate":"2023-03-01 05:32:02.0000000","riskrating":"8","objectid":"3663470","globalid":"77851EFC-E96A-4CD1-A133-BDED0DD64B01","tpstructure":"Stump","plantingspaceglobalid":"E1293D76-5245-4C00-99A5-5E04C8EC7216","createddate":"2016-05-11 17:58:04.0000000","dbh":null,"planteddate":null,"updateddate":"2023-12-15 14:37:35.0000000","geometry":"POINT(-73.87114013641585 40.83798786160839)","genusspecies":"Quercus palustris - pin oak"}},{"type":"Feature","geometry":{"type":"Point","coordinates":[-73.90704802721713,40.70583483604005]},"properties":{"tpcondition":"Good","stumpdiameter":"0","riskratingdate":"2020-01-03 17:37:13.0000000","riskrating":"4","objectid":"3663471","globalid":"B8E1E8D3-ED27-4CB5-9EA4-F6F09F20325C","tpstructure":"Full","plantingspaceglobalid":"0B6741DE-B076-4211-85FA-4197BF1C73E4","createddate":"2016-05-11 18:02:50.0000000","dbh":"4","planteddate":null,"updateddate":"2020-01-03 17:37:13.0000000","geometry":"POINT(-73.90704802721713 40.70583483604005)","genusspecies":"Tilia cordata - littleleaf linden"}},{"type":"Feature","geometry":{"type":"Point","coordinates":[-73.84534713308996,40.86740957933861]},"properties":{"tpcondition":"Good","stumpdiameter":"0","riskratingdate":null,"riskrating":null,"objectid":"3663472","globalid":"750E675A-995B-4C55-8815-A3451B017ECE","tpstructure":"Full","plantingspaceglobalid":"666E7C45-6DE5-443C-A591-092A3BBBACCF","createddate":"2016-05-11 19:03:48.0000000","dbh":"8","planteddate":null,"updateddate":"2016-07-05 09:04:11.0000000","geometry":"POINT(-73.84534713308996 40.86740957933861)","genusspecies":"Acer platanoides - Norway maple"}},{"type":"Feature","geometry":{"type":"Point","coordinates":[-73.98083638078172,40.66763281042497]},"properties":{"tpcondition":"Unknown","stumpdiameter":"12","riskratingdate":"2022-05-24 15:31:00.0000000","riskrating":"8","objectid":"3663473","globalid":"D117AAF0-C44E-4B44-8933-D9CB31D60741","tpstructure":"Retired","plantingspaceglobalid":"D87048E9-CF43-4F13-A865-5637A212B584","createddate":"2016-05-11 18:57:00.0000000","dbh":"12","planteddate":null,"updateddate":"2023-03-21 18:10:18.0000000","geometry":"POINT(-73.98083638078172 40.66763281042497)","genusspecies":"Zelkova serrata - Japanese zelkova"}},{"type":"Feature","geometry":{"type":"Point","coordinates":[-73.89630532460829,40.70737524422531]},"properties":{"tpcondition":"Good","stumpdiameter":"0","riskratingdate":"2020-01-24 18:20:16.0000000","riskrating":"6","objectid":"3663474","globalid":"7F8A86AF-388C-4AEE-A6EC-01CC2484AC30","tpstructure":"Full","plantingspaceglobalid":"C12F4653-3B5D-4FC9-94B7-D6BA13557CB5","createddate":"2016-05-11 17:52:42.0000000","dbh":"5","planteddate":null,"updateddate":"2020-01-24 18:20:16.0000000","geometry":"POINT(-73.89630532460829 40.70737524422531)","genusspecies":"Tilia cordata - littleleaf linden"}},{"type":"Feature","geometry":{"type":"Point","coordinates":[-73.9205701704862,40.70063135654608]},"properties":{"tpcondition":"Unknown","stumpdiameter":"17","riskratingdate":"2022-08-09 13:03:00.0000000","riskrating":"10","objectid":"3663475","globalid":"D4BE56D1-0487-4354-A95A-CCB38076F0B8","tpstructure":"Retired","plantingspaceglobalid":"B9CF4148-CA8D-40BC-B5A0-E638B805EC6E","createddate":"2016-05-11 18:20:00.0000000","dbh":"17","planteddate":null,"updateddate":"2023-03-30 16:18:00.0000000","geometry":"POINT(-73.9205701704862 40.70063135654608)","genusspecies":"Tilia cordata - littleleaf linden"}},{"type":"Feature","geometry":{"type":"Point","coordinates":[-73.9039044992814,40.70815574094912]},"properties":{"tpcondition":"Fair","stumpdiameter":"0","riskratingdate":"2020-01-09 18:56:52.0000000","riskrating":"8","objectid":"3663476","globalid":"9E030A8D-066C-4210-B366-BAC145EFE256","tpstructure":"Full","plantingspaceglobalid":"976C123D-A31A-467F-9113-3A7C2F973D82","createddate":"2016-05-11 20:37:28.0000000","dbh":"9","planteddate":null,"updateddate":"2020-01-09 18:56:52.0000000","geometry":"POINT(-73.9039044992814 40.70815574094912)","genusspecies":"Gleditsia triacanthos var. inermis - Thornless honeylocust"}},{"type":"Feature","geometry":{"type":"Point","coordinates":[-73.88461407257681,40.75696695244611]},"properties":{"tpcondition":"Poor","stumpdiameter":null,"riskratingdate":"2024-10-24 12:45:48.0000000","riskrating":"7","objectid":"3663477","globalid":"3DEF0CEA-EFDF-4B1B-83CF-2374545E739F","tpstructure":"Full","plantingspaceglobalid":"C34035B5-47A4-4934-A82E-B0A416953F8B","createddate":"2016-05-11 20:35:42.0000000","dbh":"9","planteddate":null,"updateddate":"2024-10-24 12:45:48.0000000","geometry":"POINT(-73.88461407257681 40.75696695244611)","genusspecies":"Acer platanoides - Norway maple"}},{"type":"Feature","geometry":{"type":"Point","coordinates":[-73.91548692570576,40.688060485167924]},"properties":{"tpcondition":"Good","stumpdiameter":"0","riskratingdate":null,"riskrating":null,"objectid":"3663478","globalid":"83569416-7B2F-4E03-88F7-5A6CE880713C","tpstructure":"Full","plantingspaceglobalid":"537CB24F-CCAA-47A6-A70E-BBFC8833220E","createddate":"2016-05-11 20:03:35.0000000","dbh":"6","planteddate":null,"updateddate":"2017-01-11 14:03:10.0000000","geometry":"POINT(-73.91548692570576 40.688060485167924)","genusspecies":"Gleditsia triacanthos var. inermis - Thornless honeylocust"}},{"type":"Feature","geometry":{"type":"Point","coordinates":[-74.00027642484423,40.68733126893871]},"properties":{"tpcondition":"Fair","stumpdiameter":null,"riskratingdate":"2022-03-03 15:42:55.0000000","riskrating":"4","objectid":"3663479","globalid":"56FBA6D9-272A-4F18-8862-339793337549","tpstructure":"Full","plantingspaceglobalid":"1761DF8E-A73B-47A9-A630-3D32B96F9C91","createddate":"2016-05-11 19:04:09.0000000","dbh":"11","planteddate":null,"updateddate":"2022-03-03 15:42:55.0000000","geometry":"POINT(-74.00027642484423 40.68733126893871)","genusspecies":"Acer platanoides - Norway maple"}},{"type":"Feature","geometry":{"type":"Point","coordinates":[-73.98227991351024,40.68654757775449]},"properties":{"tpcondition":"Fair","stumpdiameter":null,"riskratingdate":"2024-06-14 14:52:55.0000000","riskrating":"9","objectid":"3663480","globalid":"7B035733-BD1B-452D-A524-EEE316694B48","tpstructure":"Full","plantingspaceglobalid":"FE2B04E1-48C6-4DB3-8E97-1CE6C1917EEC","createddate":"2016-05-11 17:24:37.0000000","dbh":"15","planteddate":null,"updateddate":"2024-06-14 14:52:55.0000000","geometry":"POINT(-73.98227991351024 40.68654757775449)","genusspecies":"Gleditsia triacanthos var. inermis - Thornless honeylocust"}},{"type":"Feature","geometry":{"type":"Point","coordinates":[-73.81923060740128,40.74115665688073]},"properties":{"tpcondition":"Dead","stumpdiameter":"12","riskratingdate":null,"riskrating":null,"objectid":"3663481","globalid":"53D807A5-BA2E-4902-A28D-8DF44A5DD31B","tpstructure":"Retired","plantingspaceglobalid":"430E0C9F-1EE3-45B4-A170-BFBE1036B5E9","createddate":"2016-05-11 17:44:00.0000000","dbh":null,"planteddate":null,"updateddate":"2024-07-29 23:31:06.0000000","geometry":"POINT(-73.81923060740128 40.74115665688073)","genusspecies":"Populus grandidentata - bigtooth aspen"}},{"type":"Feature","geometry":{"type":"Point","coordinates":[-73.89152223865497,40.74762678622802]},"properties":{"tpcondition":"Dead","stumpdiameter":"3","riskratingdate":null,"riskrating":null,"objectid":"3663482","globalid":"084C0EDC-758F-4D61-BCBE-1E4DBBCAEDD8","tpstructure":"Retired","plantingspaceglobalid":"051FDD5B-3824-4C39-896B-D868B6597CCA","createddate":"2016-05-11 19:03:00.0000000","dbh":"0","planteddate":null,"updateddate":"2019-04-01 12:44:00.0000000","geometry":"POINT(-73.89152223865497 40.74762678622802)","genusspecies":"Unknown - Unknown"}},{"type":"Feature","geometry":{"type":"Point","coordinates":[-73.82895412632314,40.8529265420308]},"properties":{"tpcondition":"Fair","stumpdiameter":null,"riskratingdate":"2023-11-02 12:28:14.0000000","riskrating":"5","objectid":"3663483","globalid":"FEA87003-F89E-4E2A-820F-0155B78DB913","tpstructure":"Full","plantingspaceglobalid":"69751993-8333-4003-BF8E-B191FCBAED1F","createddate":"2016-05-11 19:56:08.0000000","dbh":"6","planteddate":null,"updateddate":"2023-11-02 12:28:14.0000000","geometry":"POINT(-73.82895412632314 40.8529265420308)","genusspecies":"Platanus x acerifolia - London planetree"}},{"type":"Feature","geometry":{"type":"Point","coordinates":[-73.90536092063175,40.704756315600946]},"properties":{"tpcondition":"Good","stumpdiameter":null,"riskratingdate":"2023-08-10 14:37:30.0000000","riskrating":"4","objectid":"3663484","globalid":"4344C429-9693-4986-B0CD-4349275AD620","tpstructure":"Full","plantingspaceglobalid":"F67D9250-A20A-4BF4-B63E-77755DC92E87","createddate":"2016-05-11 18:35:14.0000000","dbh":"12","planteddate":null,"updateddate":"2023-08-31 15:17:13.0000000","geometry":"POINT(-73.90536092063175 40.704756315600946)","genusspecies":"Fraxinus pennsylvanica - Green ash"}},{"type":"Feature","geometry":{"type":"Point","coordinates":[-73.95075177622697,40.706808661133195]},"properties":{"tpcondition":"Good","stumpdiameter":"0","riskratingdate":null,"riskrating":null,"objectid":"3663485","globalid":"D798A233-4235-4F05-B02C-BFA0CF5A4F15","tpstructure":"Full","plantingspaceglobalid":"A69EFB69-3253-4670-8FB9-F50FC140BF92","createddate":"2016-05-11 19:36:32.0000000","dbh":"7","planteddate":null,"updateddate":null,"geometry":"POINT(-73.95075177622697 40.706808661133195)","genusspecies":"Pyrus calleryana - Callery pear"}},{"type":"Feature","geometry":{"type":"Point","coordinates":[-73.9115968101762,40.74789361599383]},"properties":{"tpcondition":"Poor","stumpdiameter":null,"riskratingdate":"2025-09-12 14:40:20.0000000","riskrating":"7","objectid":"3663486","globalid":"6CAC958E-24CA-48DD-83C6-427ECAC6A4D2","tpstructure":"Full","plantingspaceglobalid":"E6AAA9CD-8A09-49A7-9D18-1DF6F85FAF65","createddate":"2016-05-11 20:36:19.0000000","dbh":"20","planteddate":null,"updateddate":"2025-09-12 14:40:20.0000000","geometry":"POINT(-73.9115968101762 40.74789361599383)","genusspecies":"Liquidambar styraciflua - sweetgum"}},{"type":"Feature","geometry":{"type":"Point","coordinates":[-73.85914720368724,40.741236473878374]},"properties":{"tpcondition":"Good","stumpdiameter":"0","riskratingdate":null,"riskrating":null,"objectid":"3663487","globalid":"5DC5743A-C508-4779-91F6-B236FBA7BEF9","tpstructure":"Full","plantingspaceglobalid":"A31608A8-BFA7-4DEC-B029-BEC747CC720F","createddate":"2016-05-11 18:04:35.0000000","dbh":"29","planteddate":null,"updateddate":"2018-11-21 13:41:17.0000000","geometry":"POINT(-73.85914720368724 40.741236473878374)","genusspecies":"Platanus x acerifolia - London planetree"}},{"type":"Feature","geometry":{"type":"Point","coordinates":[-73.91306211558692,40.70110917578595]},"properties":{"tpcondition":"Fair","stumpdiameter":null,"riskratingdate":"2022-03-30 22:37:09.0000000","riskrating":"5","objectid":"3663488","globalid":"B5C90AD4-42CC-4296-A7BF-23FE05005EDD","tpstructure":"Full","plantingspaceglobalid":"20F26AC2-182F-4C11-8972-94AE3866F18C","createddate":"2016-05-11 20:31:34.0000000","dbh":"15","planteddate":null,"updateddate":"2022-03-30 22:37:09.0000000","geometry":"POINT(-73.91306211558692 40.70110917578595)","genusspecies":"Gleditsia triacanthos var. inermis - Thornless honeylocust"}},{"type":"Feature","geometry":{"type":"Point","coordinates":[-73.93535118811741,40.756117082973354]},"properties":{"tpcondition":"Good","stumpdiameter":"0","riskratingdate":null,"riskrating":null,"objectid":"3663489","globalid":"2CA41D5D-3873-42F2-8402-9CADBC1E30EA","tpstructure":"Full","plantingspaceglobalid":"A12EE1C9-55D0-4951-85D3-5E0F17DF357E","createddate":"2016-05-11 17:41:08.0000000","dbh":"6","planteddate":null,"updateddate":"2017-11-03 12:20:27.0000000","geometry":"POINT(-73.93535118811741 40.756117082973354)","genusspecies":"Pyrus calleryana - Callery pear"}},{"type":"Feature","geometry":{"type":"Point","coordinates":[-73.83814623229044,40.82447672003935]},"properties":{"tpcondition":"Good","stumpdiameter":"0","riskratingdate":null,"riskrating":null,"objectid":"3663490","globalid":"02D7EEA6-96FB-4EEC-9E84-E4E730E7D0E3","tpstructure":"Full","plantingspaceglobalid":"C89D417E-A727-460D-9DDC-EDF4603D6DE8","createddate":"2016-05-11 17:57:38.0000000","dbh":"12","planteddate":null,"updateddate":null,"geometry":"POINT(-73.83814623229044 40.82447672003935)","genusspecies":"Gleditsia triacanthos var. inermis - Thornless honeylocust"}},{"type":"Feature","geometry":{"type":"Point","coordinates":[-73.85404730187757,40.74797661257595]},"properties":{"tpcondition":"Good","stumpdiameter":"0","riskratingdate":"2020-01-27 14:50:56.0000000","riskrating":"5","objectid":"3663491","globalid":"96498C0E-F684-47E4-9446-05934DD11553","tpstructure":"Full","plantingspaceglobalid":"0B43FA0F-D631-43B9-88AB-65244571A6A1","createddate":"2016-05-11 18:47:55.0000000","dbh":"5","planteddate":null,"updateddate":"2020-01-27 14:50:55.0000000","geometry":"POINT(-73.85404730187757 40.74797661257595)","genusspecies":"Ginkgo biloba - maidenhair tree"}},{"type":"Feature","geometry":{"type":"Point","coordinates":[-73.89447019478098,40.85817153624253]},"properties":{"tpcondition":"Good","stumpdiameter":null,"riskratingdate":"2020-10-23 17:27:53.0000000","riskrating":"3","objectid":"3663492","globalid":"8933BAA2-E8C4-4275-9571-37639D940B4B","tpstructure":"Full","plantingspaceglobalid":"68CB2E37-B06C-466F-BED0-C21B8035C1BE","createddate":"2016-05-11 18:48:57.0000000","dbh":"4","planteddate":null,"updateddate":"2020-10-23 17:27:53.0000000","geometry":"POINT(-73.89447019478098 40.85817153624253)","genusspecies":"Tilia cordata - littleleaf linden"}},{"type":"Feature","geometry":{"type":"Point","coordinates":[-73.86993956913233,40.75416565045171]},"properties":{"tpcondition":"Fair","stumpdiameter":"0","riskratingdate":null,"riskrating":null,"objectid":"3663493","globalid":"262351CA-317B-49DD-B162-AC11E84C9C5C","tpstructure":"Full","plantingspaceglobalid":"357E122B-90D3-4F01-A87E-8BE478D5AE8A","createddate":"2016-05-11 18:39:32.0000000","dbh":"34","planteddate":null,"updateddate":"2017-03-10 11:55:16.0000000","geometry":"POINT(-73.86993956913233 40.75416565045171)","genusspecies":"Platanus x acerifolia - London planetree"}},{"type":"Feature","geometry":{"type":"Point","coordinates":[-73.85545581666548,40.74382187775887]},"properties":{"tpcondition":"Good","stumpdiameter":"0","riskratingdate":"2020-02-03 18:43:14.0000000","riskrating":"7","objectid":"3663494","globalid":"8FEA3059-2D73-499A-9C03-29913504EEB2","tpstructure":"Full","plantingspaceglobalid":"C81E30A6-57AB-48B4-AE36-BEB639561C23","createddate":"2016-05-11 18:33:17.0000000","dbh":"15","planteddate":null,"updateddate":"2020-02-03 18:43:14.0000000","geometry":"POINT(-73.85545581666548 40.74382187775887)","genusspecies":"Pyrus calleryana - Callery pear"}},{"type":"Feature","geometry":{"type":"Point","coordinates":[-73.92858946059478,40.82304476353975]},"properties":{"tpcondition":"Dead","stumpdiameter":"14","riskratingdate":null,"riskrating":null,"objectid":"3663495","globalid":"6B1662EC-E2FA-4826-9982-51AC94D4D724","tpstructure":"Retired","plantingspaceglobalid":"B2B7D504-4C98-458D-BA93-D4DCCA48E58F","createddate":"2016-05-11 19:23:21.0000000","dbh":"13","planteddate":null,"updateddate":"2022-01-14 15:33:35.0000000","geometry":"POINT(-73.92858946059478 40.82304476353975)","genusspecies":"Tilia cordata - littleleaf linden"}},{"type":"Feature","geometry":{"type":"Point","coordinates":[-73.96924211629583,40.684607284147475]},"properties":{"tpcondition":"Good","stumpdiameter":"0","riskratingdate":null,"riskrating":null,"objectid":"3663496","globalid":"798D86EE-E307-481C-8337-9C363BF72E69","tpstructure":"Full","plantingspaceglobalid":"37422669-CB52-408E-B9AE-85E63A0FE392","createddate":"2016-05-11 18:45:42.0000000","dbh":"14","planteddate":null,"updateddate":"2017-01-03 11:00:30.0000000","geometry":"POINT(-73.96924211629583 40.684607284147475)","genusspecies":"Platanus x acerifolia - London planetree"}},{"type":"Feature","geometry":{"type":"Point","coordinates":[-73.92311051740968,40.75552235597236]},"properties":{"tpcondition":"Good","stumpdiameter":"0","riskratingdate":null,"riskrating":null,"objectid":"3663497","globalid":"FE77EF55-3C4B-4C1A-AD8C-483CEBF883F9","tpstructure":"Full","plantingspaceglobalid":"086D7840-FCF7-4BA1-819A-B3F0956E80E8","createddate":"2016-05-11 19:57:17.0000000","dbh":"18","planteddate":null,"updateddate":"2017-11-02 14:11:31.0000000","geometry":"POINT(-73.92311051740968 40.75552235597236)","genusspecies":"Quercus palustris - pin oak"}},{"type":"Feature","geometry":{"type":"Point","coordinates":[-73.88585430953047,40.846569233057885]},"properties":{"tpcondition":"Fair","stumpdiameter":"0","riskratingdate":"2019-04-29 16:30:00.0000000","riskrating":"8","objectid":"3663498","globalid":"F02C3556-CC66-411F-AD05-8099F693E61F","tpstructure":"Retired","plantingspaceglobalid":"B9379942-5073-44AA-91D6-8AEB4D591278","createddate":"2016-05-11 19:55:00.0000000","dbh":"13","planteddate":null,"updateddate":"2019-06-03 16:36:00.0000000","geometry":"POINT(-73.88585430953047 40.846569233057885)","genusspecies":"Gleditsia triacanthos var. inermis - Thornless honeylocust"}},{"type":"Feature","geometry":{"type":"Point","coordinates":[-73.92024455667249,40.843223477609016]},"properties":{"tpcondition":"Fair","stumpdiameter":null,"riskratingdate":"2024-01-25 16:01:12.0000000","riskrating":"6","objectid":"3663499","globalid":"5BF9E029-D0D0-4884-9801-035D286A2E9A","tpstructure":"Full","plantingspaceglobalid":"E8925330-B49F-4BD3-B92F-145FF51F1118","createddate":"2016-05-11 19:45:46.0000000","dbh":"12","planteddate":null,"updateddate":"2024-01-25 16:01:12.0000000","geometry":"POINT(-73.92024455667249 40.843223477609016)","genusspecies":"Zelkova serrata - Japanese zelkova"}},{"type":"Feature","geometry":{"type":"Point","coordinates":[-73.81387663848606,40.74875868377266]},"properties":{"tpcondition":"Good","stumpdiameter":"0","riskratingdate":null,"riskrating":null,"objectid":"3663500","globalid":"8EE9D7AC-CF1D-40CE-9D1D-078AC27D728F","tpstructure":"Full","plantingspaceglobalid":"A796457F-C253-4E4E-87E1-EC4940682DD9","createddate":"2016-05-11 20:04:24.0000000","dbh":"2","planteddate":null,"updateddate":null,"geometry":"POINT(-73.81387663848606 40.74875868377266)","genusspecies":"Cercidiphyllum japonicum - katsura tree"}},{"type":"Feature","geometry":{"type":"Point","coordinates":[-73.98399738689515,40.68344269793277]},"properties":{"tpcondition":"Fair","stumpdiameter":null,"riskratingdate":"2024-06-13 14:17:39.0000000","riskrating":"7","objectid":"3663501","globalid":"806EC38A-4B58-45D8-BE28-CCEF695DE593","tpstructure":"Full","plantingspaceglobalid":"2541254C-F645-46AB-A2DA-46D54DBB7592","createddate":"2016-05-11 19:21:16.0000000","dbh":"19","planteddate":null,"updateddate":"2024-06-13 14:17:39.0000000","geometry":"POINT(-73.98399738689515 40.68344269793277)","genusspecies":"Gleditsia triacanthos var. inermis - Thornless honeylocust"}},{"type":"Feature","geometry":{"type":"Point","coordinates":[-73.86818663325498,40.838410190112064]},"properties":{"tpcondition":"Good","stumpdiameter":null,"riskratingdate":"2022-04-07 17:27:08.0000000","riskrating":"5","objectid":"3663502","globalid":"3B83C06E-D785-476B-A2A4-DCA536A697FF","tpstructure":"Full","plantingspaceglobalid":"60DEEF2E-3738-4025-94F7-3BE854DBECE9","createddate":"2016-05-11 20:08:26.0000000","dbh":"8","planteddate":null,"updateddate":"2022-04-07 17:27:08.0000000","geometry":"POINT(-73.86818663325498 40.838410190112064)","genusspecies":"Koelreuteria paniculata - goldenrain tree"}},{"type":"Feature","geometry":{"type":"Point","coordinates":[-73.76970668404424,40.76141555621828]},"properties":{"tpcondition":"Fair","stumpdiameter":null,"riskratingdate":"2025-11-05 13:49:32.0000000","riskrating":"8","objectid":"3663503","globalid":"6EE88664-C99C-4FD7-A19D-FD381E8291FE","tpstructure":"Full","plantingspaceglobalid":"1E03AB0D-9070-4C3D-ACCD-F2821AE51142","createddate":"2016-05-11 19:34:14.0000000","dbh":"5","planteddate":null,"updateddate":"2025-11-05 13:49:32.0000000","geometry":"POINT(-73.76970668404424 40.76141555621828)","genusspecies":"Pyrus calleryana - Callery pear"}},{"type":"Feature","geometry":{"type":"Point","coordinates":[-73.91179720491904,40.837863053595605]},"properties":{"tpcondition":"Unknown","stumpdiameter":"6","riskratingdate":null,"riskrating":null,"objectid":"3663504","globalid":"C510B3EE-DFBA-43B2-A418-89EEE9BA8482","tpstructure":"Retired","plantingspaceglobalid":"0D5FF4DA-F5D2-4792-B25E-5D01E095A394","createddate":"2016-05-11 18:40:59.0000000","dbh":"0","planteddate":null,"updateddate":"2017-03-01 11:01:31.0000000","geometry":"POINT(-73.91179720491904 40.837863053595605)","genusspecies":"Unknown - Unknown"}},{"type":"Feature","geometry":{"type":"Point","coordinates":[-73.97395000058692,40.66836207629104]},"properties":{"tpcondition":"Fair","stumpdiameter":"0","riskratingdate":null,"riskrating":null,"objectid":"3663505","globalid":"49844E27-86CC-46B2-B1BC-10881E326062","tpstructure":"Full","plantingspaceglobalid":"4943264F-0E56-45C3-9CDB-36ADF7FAD3C1","createddate":"2016-05-11 20:14:18.0000000","dbh":"11","planteddate":null,"updateddate":"2017-05-01 10:15:19.0000000","geometry":"POINT(-73.97395000058692 40.66836207629104)","genusspecies":"Ulmus americana - American elm"}},{"type":"Feature","geometry":{"type":"Point","coordinates":[-73.98283374604121,40.66947453439539]},"properties":{"tpcondition":"Good","stumpdiameter":null,"riskratingdate":"2020-09-02 18:27:03.0000000","riskrating":"4","objectid":"3663506","globalid":"6D954209-5744-4880-BEE3-EB62A9871CB5","tpstructure":"Full","plantingspaceglobalid":"2EC6A5C1-765C-4922-A6C7-D00B707BFC0D","createddate":"2016-05-11 20:11:59.0000000","dbh":"12","planteddate":null,"updateddate":"2020-09-02 18:27:03.0000000","geometry":"POINT(-73.98283374604121 40.66947453439539)","genusspecies":"Tilia americana - American basswood"}},{"type":"Feature","geometry":{"type":"Point","coordinates":[-73.92264923999745,40.7056720513577]},"properties":{"tpcondition":"Good","stumpdiameter":"0","riskratingdate":null,"riskrating":null,"objectid":"3663507","globalid":"043FD76B-FD33-4259-9CCA-316D18229028","tpstructure":"Full","plantingspaceglobalid":"CCF0B67D-394B-4305-9361-A735060D9621","createddate":"2016-05-11 19:12:00.0000000","dbh":"6","planteddate":null,"updateddate":"2019-03-20 15:40:02.0000000","geometry":"POINT(-73.92264923999745 40.7056720513577)","genusspecies":"Styphnolobium japonicum - Japanese pagoda tree"}},{"type":"Feature","geometry":{"type":"Point","coordinates":[-73.87382075985775,40.76543281827448]},"properties":{"tpcondition":"Good","stumpdiameter":"0","riskratingdate":null,"riskrating":null,"objectid":"3663508","globalid":"F7E3380D-0FEA-49C3-809E-C75B908E6932","tpstructure":"Full","plantingspaceglobalid":"87AEC050-3977-4D1C-B369-3A60CE80E0A1","createddate":"2016-05-11 18:29:17.0000000","dbh":"4","planteddate":null,"updateddate":"2018-12-05 13:01:58.0000000","geometry":"POINT(-73.87382075985775 40.76543281827448)","genusspecies":"Prunus serrulata 'Green leaf' - 'Green leaf' Japanese flowering cherry"}},{"type":"Feature","geometry":{"type":"Point","coordinates":[-73.98378743877592,40.6738198430369]},"properties":{"tpcondition":"Fair","stumpdiameter":"0","riskratingdate":null,"riskrating":null,"objectid":"3663509","globalid":"23B0208D-D2BD-465A-8DCF-0D331CD339C6","tpstructure":"Full","plantingspaceglobalid":"D51A6E44-8821-49EA-962D-70AE5FFD4ADC","createddate":"2016-05-11 19:28:20.0000000","dbh":"8","planteddate":null,"updateddate":"2017-05-02 10:14:01.0000000","geometry":"POINT(-73.98378743877592 40.6738198430369)","genusspecies":"Gleditsia triacanthos var. inermis - Thornless honeylocust"}},{"type":"Feature","geometry":{"type":"Point","coordinates":[-73.90658181186706,40.71079234237736]},"properties":{"tpcondition":"Fair","stumpdiameter":null,"riskratingdate":"2022-02-17 16:17:30.0000000","riskrating":"4","objectid":"3663510","globalid":"D2FC6736-1D7F-419C-B156-8B2A30F24426","tpstructure":"Full","plantingspaceglobalid":"AD345391-87C9-44DE-83A5-A16DD4E71179","createddate":"2016-05-11 17:40:18.0000000","dbh":"5","planteddate":null,"updateddate":"2022-02-17 16:17:30.0000000","geometry":"POINT(-73.90658181186706 40.71079234237736)","genusspecies":"Acer platanoides - Norway maple"}},{"type":"Feature","geometry":{"type":"Point","coordinates":[-73.97894962080925,40.677471020697745]},"properties":{"tpcondition":"Fair","stumpdiameter":null,"riskratingdate":"2023-05-31 16:18:00.0000000","riskrating":"7","objectid":"3663511","globalid":"308D1E1B-7736-429B-B4A6-6B0E70F13EEA","tpstructure":"Full","plantingspaceglobalid":"C715EF1D-1660-4223-8C20-646684AC3BA1","createddate":"2016-05-11 18:35:17.0000000","dbh":"12","planteddate":null,"updateddate":"2024-09-10 12:38:44.0000000","geometry":"POINT(-73.97894962080925 40.677471020697745)","genusspecies":"Fraxinus pennsylvanica - Green ash"}},{"type":"Feature","geometry":{"type":"Point","coordinates":[-73.93764518888088,40.68550381250178]},"properties":{"tpcondition":"Good","stumpdiameter":"0","riskratingdate":null,"riskrating":null,"objectid":"3663512","globalid":"29D6A5BE-9CCE-44E9-9196-DE319A0F8F15","tpstructure":"Full","plantingspaceglobalid":"58156489-1302-4EA5-B1DD-100A13C3F645","createddate":"2016-05-11 19:37:41.0000000","dbh":"16","planteddate":null,"updateddate":"2017-08-02 23:31:59.0000000","geometry":"POINT(-73.93764518888088 40.68550381250178)","genusspecies":"Gleditsia triacanthos var. inermis - Thornless honeylocust"}},{"type":"Feature","geometry":{"type":"Point","coordinates":[-73.89745644534722,40.69976558679935]},"properties":{"tpcondition":"Good","stumpdiameter":null,"riskratingdate":"2021-05-10 15:01:15.0000000","riskrating":"6","objectid":"3663513","globalid":"3117D11F-56F1-43B7-9951-3EFA8DFD405C","tpstructure":"Full","plantingspaceglobalid":"8062E762-F93C-453D-9914-AFABE0638CAF","createddate":"2016-05-11 20:54:33.0000000","dbh":"8","planteddate":null,"updateddate":"2021-05-10 15:01:15.0000000","geometry":"POINT(-73.89745644534722 40.69976558679935)","genusspecies":"Acer platanoides - Norway maple"}},{"type":"Feature","geometry":{"type":"Point","coordinates":[-73.86386529955963,40.74923812149923]},"properties":{"tpcondition":"Fair","stumpdiameter":null,"riskratingdate":"2025-10-09 16:34:43.0000000","riskrating":"7","objectid":"3663514","globalid":"6246A6EA-3D87-4451-8DBE-46322CF1E82C","tpstructure":"Full","plantingspaceglobalid":"A65E0C21-018D-4B25-B176-0284F7BE7E92","createddate":"2016-05-11 18:44:46.0000000","dbh":"9","planteddate":null,"updateddate":"2025-10-09 16:34:43.0000000","geometry":"POINT(-73.86386529955963 40.74923812149923)","genusspecies":"Tilia cordata - littleleaf linden"}},{"type":"Feature","geometry":{"type":"Point","coordinates":[-73.85278404307994,40.890389834511566]},"properties":{"tpcondition":"Fair","stumpdiameter":null,"riskratingdate":"2023-10-16 12:19:30.0000000","riskrating":"6","objectid":"3663515","globalid":"603A4010-8829-448E-A2A1-5B31BF43E4F1","tpstructure":"Full","plantingspaceglobalid":"A5838324-D0D9-470F-8914-E70091830D7E","createddate":"2016-05-11 17:37:12.0000000","dbh":"22","planteddate":null,"updateddate":"2023-10-16 12:19:30.0000000","geometry":"POINT(-73.85278404307994 40.890389834511566)","genusspecies":"Quercus palustris - pin oak"}},{"type":"Feature","geometry":{"type":"Point","coordinates":[-73.93745382809934,40.69376589025102]},"properties":{"tpcondition":"Good","stumpdiameter":"0","riskratingdate":null,"riskrating":null,"objectid":"3663516","globalid":"CF783A89-F590-4703-862E-718535A63F5B","tpstructure":"Full","plantingspaceglobalid":"03B2D78F-7865-426C-9C55-54EE3BC3B0B8","createddate":"2016-05-11 19:29:34.0000000","dbh":"9","planteddate":null,"updateddate":"2019-03-01 14:35:43.0000000","geometry":"POINT(-73.93745382809934 40.69376589025102)","genusspecies":"Pyrus calleryana - Callery pear"}},{"type":"Feature","geometry":{"type":"Point","coordinates":[-73.87414900773601,40.74414178958441]},"properties":{"tpcondition":"Good","stumpdiameter":"0","riskratingdate":"2018-11-20 06:58:57.0000000","riskrating":"10","objectid":"3663517","globalid":"68195E06-71D8-4D13-9496-D30A2EEE3B5D","tpstructure":"Full","plantingspaceglobalid":"696A1F89-21F8-4503-8335-9533E4CE952F","createddate":"2016-05-11 17:58:49.0000000","dbh":"9","planteddate":null,"updateddate":"2018-12-03 15:41:34.0000000","geometry":"POINT(-73.87414900773601 40.74414178958441)","genusspecies":"Pyrus calleryana - Callery pear"}},{"type":"Feature","geometry":{"type":"Point","coordinates":[-73.94538411844364,40.720487211612685]},"properties":{"tpcondition":"Fair","stumpdiameter":null,"riskratingdate":"2022-08-11 03:09:28.0000000","riskrating":"6","objectid":"3663518","globalid":"F427C987-3FE1-456A-9FA6-51CEA280F748","tpstructure":"Full","plantingspaceglobalid":"E4BECABF-999B-494C-99E1-C7A34B7D845A","createddate":"2016-05-11 18:29:32.0000000","dbh":"14","planteddate":null,"updateddate":"2022-08-11 03:09:28.0000000","geometry":"POINT(-73.94538411844364 40.720487211612685)","genusspecies":"Fraxinus pennsylvanica - Green ash"}},{"type":"Feature","geometry":{"type":"Point","coordinates":[-73.83416449217964,40.890197297797535]},"properties":{"tpcondition":"Fair","stumpdiameter":null,"riskratingdate":"2024-07-31 18:40:28.0000000","riskrating":"6","objectid":"3663519","globalid":"5EB32EAF-1BF1-4CAB-B967-10B40D5F9116","tpstructure":"Full","plantingspaceglobalid":"A446DC48-28E0-4D14-BECC-D513C56DBC38","createddate":"2016-05-11 17:53:34.0000000","dbh":"13","planteddate":null,"updateddate":"2024-09-27 12:58:04.0000000","geometry":"POINT(-73.83416449217964 40.890197297797535)","genusspecies":"Fraxinus pennsylvanica - Green ash"}},{"type":"Feature","geometry":{"type":"Point","coordinates":[-73.85452822583777,40.71927598602635]},"properties":{"tpcondition":"Good","stumpdiameter":"0","riskratingdate":null,"riskrating":null,"objectid":"3663520","globalid":"6BFE02FC-6211-4C89-970E-D536717C21AD","tpstructure":"Full","plantingspaceglobalid":"8CAA8331-1B64-43C9-9CB4-67F57C333D56","createddate":"2016-05-11 18:52:57.0000000","dbh":"15","planteddate":null,"updateddate":"2017-08-12 12:04:20.0000000","geometry":"POINT(-73.85452822583777 40.71927598602635)","genusspecies":"Acer platanoides - Norway maple"}},{"type":"Feature","geometry":{"type":"Point","coordinates":[-73.99193618726359,40.69075197732827]},"properties":{"tpcondition":"Good","stumpdiameter":"0","riskratingdate":null,"riskrating":null,"objectid":"3663521","globalid":"918BE3F8-1206-443E-AAA3-769239DC036C","tpstructure":"Full","plantingspaceglobalid":"B521C187-2184-45E6-935E-B9F2DE60315B","createddate":"2016-05-11 18:25:05.0000000","dbh":"7","planteddate":null,"updateddate":"2018-06-21 18:21:56.0000000","geometry":"POINT(-73.99193618726359 40.69075197732827)","genusspecies":"Gleditsia triacanthos var. inermis - Thornless honeylocust"}},{"type":"Feature","geometry":{"type":"Point","coordinates":[-73.86823860490131,40.839778407420916]},"properties":{"tpcondition":"Good","stumpdiameter":null,"riskratingdate":"2022-04-07 17:37:03.0000000","riskrating":"6","objectid":"3663522","globalid":"9AB9E60C-1C1E-4744-B8D0-F3C11F036232","tpstructure":"Full","plantingspaceglobalid":"D22EDA7E-9939-4B22-811F-7E50E68B9CFA","createddate":"2016-05-11 20:08:29.0000000","dbh":"8","planteddate":null,"updateddate":"2022-04-07 17:37:03.0000000","geometry":"POINT(-73.86823860490131 40.839778407420916)","genusspecies":"Koelreuteria paniculata - goldenrain tree"}},{"type":"Feature","geometry":{"type":"Point","coordinates":[-73.85819061263301,40.746177252532796]},"properties":{"tpcondition":"Good","stumpdiameter":"0","riskratingdate":"2020-01-28 18:38:12.0000000","riskrating":"7","objectid":"3663523","globalid":"06159643-5A54-4F0D-9D67-35D6BEB64F1C","tpstructure":"Full","plantingspaceglobalid":"F06B0B91-22AA-42C0-9A9A-605B2B20B9C6","createddate":"2016-05-11 17:34:17.0000000","dbh":"9","planteddate":null,"updateddate":"2020-01-28 18:38:12.0000000","geometry":"POINT(-73.85819061263301 40.746177252532796)","genusspecies":"Pyrus calleryana - Callery pear"}},{"type":"Feature","geometry":{"type":"Point","coordinates":[-73.84906322263193,40.85430777089145]},"properties":{"tpcondition":"Good","stumpdiameter":null,"riskratingdate":"2025-06-13 13:19:06.0000000","riskrating":"5","objectid":"3663524","globalid":"8454FB08-98A8-4E56-9167-C20963D23056","tpstructure":"Full","plantingspaceglobalid":"F0F21E5A-9597-4314-8DD9-598DB3B5708D","createddate":"2016-05-11 17:53:48.0000000","dbh":"26","planteddate":null,"updateddate":"2025-06-13 13:19:06.0000000","geometry":"POINT(-73.84906322263193 40.85430777089145)","genusspecies":"Fraxinus pennsylvanica - Green ash"}},{"type":"Feature","geometry":{"type":"Point","coordinates":[-73.85050373240512,40.84038725518922]},"properties":{"tpcondition":"Poor","stumpdiameter":null,"riskratingdate":"2025-03-03 12:45:19.0000000","riskrating":"7","objectid":"3663525","globalid":"80A4FE27-8F90-4E35-BA01-555F42C1A864","tpstructure":"Full","plantingspaceglobalid":"5EFF4299-3F4C-4FD3-8A66-E90380F85D14","createddate":"2016-05-11 18:39:06.0000000","dbh":"12","planteddate":null,"updateddate":"2025-03-03 12:45:19.0000000","geometry":"POINT(-73.85050373240512 40.84038725518922)","genusspecies":"Tilia cordata - littleleaf linden"}},{"type":"Feature","geometry":{"type":"Point","coordinates":[-73.7637110020178,40.76253680848605]},"properties":{"tpcondition":"Good","stumpdiameter":null,"riskratingdate":"2025-10-31 13:53:43.0000000","riskrating":"7","objectid":"3663526","globalid":"B4B1AE1A-049D-4B11-97FB-42CDCFDFFE41","tpstructure":"Full","plantingspaceglobalid":"227C9B7C-6A16-41DA-8FF4-1F58F63B7B33","createddate":"2016-05-11 18:22:28.0000000","dbh":"17","planteddate":null,"updateddate":"2025-10-31 13:53:43.0000000","geometry":"POINT(-73.7637110020178 40.76253680848605)","genusspecies":"Tilia americana - American basswood"}},{"type":"Feature","geometry":{"type":"Point","coordinates":[-73.93452044645487,40.73649317715862]},"properties":{"tpcondition":"Good","stumpdiameter":null,"riskratingdate":"2023-11-24 15:31:44.0000000","riskrating":"4","objectid":"3663528","globalid":"964931FA-A567-4764-B8CB-681D7FB16B30","tpstructure":"Full","plantingspaceglobalid":"DA54D240-04C0-41DE-928F-714EB470A562","createddate":"2016-05-11 19:20:38.0000000","dbh":"26","planteddate":null,"updateddate":"2023-11-24 15:31:44.0000000","geometry":"POINT(-73.93452044645487 40.73649317715862)","genusspecies":"Platanus x acerifolia - London planetree"}},{"type":"Feature","geometry":{"type":"Point","coordinates":[-73.89493734155353,40.761740052491064]},"properties":{"tpcondition":"Fair","stumpdiameter":null,"riskratingdate":"2025-10-27 13:45:41.0000000","riskrating":"8","objectid":"3663529","globalid":"ED24A03B-2CB2-4DA8-81AA-6C974D280FDB","tpstructure":"Full","plantingspaceglobalid":"DD4B18FC-C323-429E-B50C-5793D7B75DEE","createddate":"2016-05-11 17:54:18.0000000","dbh":"17","planteddate":null,"updateddate":"2025-10-27 13:45:41.0000000","geometry":"POINT(-73.89493734155353 40.761740052491064)","genusspecies":"Platanus x acerifolia - London planetree"}},{"type":"Feature","geometry":{"type":"Point","coordinates":[-73.92710745055139,40.83054388628786]},"properties":{"tpcondition":"Unknown","stumpdiameter":"6","riskratingdate":"2018-08-22 11:22:23.0000000","riskrating":"7","objectid":"3663530","globalid":"D747AA85-07B1-4806-9982-D94B46AF4F95","tpstructure":"Stump","plantingspaceglobalid":"4DB35888-B4A1-4FB3-812B-1748E5B15AFF","createddate":"2016-05-11 18:42:58.0000000","dbh":null,"planteddate":null,"updateddate":"2025-10-02 15:04:26.0000000","geometry":"POINT(-73.92710745055139 40.83054388628786)","genusspecies":"Platanus x acerifolia - London planetree"}},{"type":"Feature","geometry":{"type":"Point","coordinates":[-73.82473550328108,40.86069757743687]},"properties":{"tpcondition":"Fair","stumpdiameter":null,"riskratingdate":"2025-02-16 14:04:29.0000000","riskrating":"6","objectid":"3663531","globalid":"C9671AF7-6702-4B43-8EE2-705FF9314EEA","tpstructure":"Full","plantingspaceglobalid":"B21E0995-A404-4FEF-BF42-F2AE0000BF70","createddate":"2016-05-11 19:49:51.0000000","dbh":"21","planteddate":null,"updateddate":"2025-02-16 14:04:29.0000000","geometry":"POINT(-73.82473550328108 40.86069757743687)","genusspecies":"Quercus palustris - pin oak"}},{"type":"Feature","geometry":{"type":"Point","coordinates":[-73.91312011501293,40.839616546945884]},"properties":{"tpcondition":"Good","stumpdiameter":null,"riskratingdate":"2025-08-14 12:50:43.0000000","riskrating":"6","objectid":"3663532","globalid":"288A5456-36CE-4D9D-8BE1-6203F9D188A2","tpstructure":"Full","plantingspaceglobalid":"CA83E253-19BB-4854-835A-0D80D97569D1","createddate":"2016-05-11 20:41:48.0000000","dbh":"9","planteddate":null,"updateddate":"2025-08-14 12:50:43.0000000","geometry":"POINT(-73.91312011501293 40.839616546945884)","genusspecies":"Gleditsia triacanthos var. inermis - Thornless honeylocust"}},{"type":"Feature","geometry":{"type":"Point","coordinates":[-73.87754416533626,40.82537274677615]},"properties":{"tpcondition":"Fair","stumpdiameter":"0","riskratingdate":null,"riskrating":null,"objectid":"3663533","globalid":"439184F9-9171-4095-836A-11B37D7DAEB4","tpstructure":"Full","plantingspaceglobalid":"A9A58F4E-9D1D-4658-A5CD-2034054BC0AC","createddate":"2016-05-11 18:17:58.0000000","dbh":"4","planteddate":null,"updateddate":null,"geometry":"POINT(-73.87754416533626 40.82537274677615)","genusspecies":"Tilia cordata - littleleaf linden"}},{"type":"Feature","geometry":{"type":"Point","coordinates":[-73.9049805271507,40.702036446157166]},"properties":{"tpcondition":"Good","stumpdiameter":null,"riskratingdate":"2024-06-20 17:30:21.0000000","riskrating":"6","objectid":"3663534","globalid":"99388C19-76D1-4482-81CC-A55C2C01969D","tpstructure":"Full","plantingspaceglobalid":"3341D73D-711A-46DC-AC22-B23D979E0D77","createddate":"2016-05-11 20:53:18.0000000","dbh":"16","planteddate":null,"updateddate":"2024-06-20 17:30:21.0000000","geometry":"POINT(-73.9049805271507 40.702036446157166)","genusspecies":"Styphnolobium japonicum - Japanese pagoda tree"}},{"type":"Feature","geometry":{"type":"Point","coordinates":[-73.91578375109485,40.74778625896465]},"properties":{"tpcondition":"Good","stumpdiameter":null,"riskratingdate":"2022-03-09 15:15:36.0000000","riskrating":"8","objectid":"3663535","globalid":"78F80A8C-0DDE-4AAF-A128-10DAB4054B93","tpstructure":"Full","plantingspaceglobalid":"48C9DFE8-A329-4484-BDF4-64B033E8B931","createddate":"2016-05-11 19:14:08.0000000","dbh":"18","planteddate":null,"updateddate":"2022-03-09 15:15:36.0000000","geometry":"POINT(-73.91578375109485 40.74778625896465)","genusspecies":"Platanus x acerifolia - London planetree"}},{"type":"Feature","geometry":{"type":"Point","coordinates":[-73.86559373047403,40.84541787339631]},"properties":{"tpcondition":"Good","stumpdiameter":null,"riskratingdate":"2024-10-24 12:49:05.0000000","riskrating":"3","objectid":"3663536","globalid":"79E5D621-AF6E-4A0A-AB84-1A432B26D44F","tpstructure":"Full","plantingspaceglobalid":"D2DF0435-2A94-4B51-B300-A0FF263F4D8D","createddate":"2016-05-11 20:48:30.0000000","dbh":"5","planteddate":null,"updateddate":"2024-10-24 12:49:05.0000000","geometry":"POINT(-73.86559373047403 40.84541787339631)","genusspecies":"Quercus acutissima - sawtooth oak"}},{"type":"Feature","geometry":{"type":"Point","coordinates":[-73.82032388465413,40.83011157157234]},"properties":{"tpcondition":"Good","stumpdiameter":null,"riskratingdate":"2024-07-22 13:56:32.0000000","riskrating":"5","objectid":"3663537","globalid":"FFA5C4F5-4F63-495E-8D8B-6EC5EEACBB97","tpstructure":"Full","plantingspaceglobalid":"FFDFFA23-309A-46C4-9EFC-2F80226A3044","createddate":"2016-05-11 20:05:51.0000000","dbh":"21","planteddate":null,"updateddate":"2024-07-22 13:56:32.0000000","geometry":"POINT(-73.82032388465413 40.83011157157234)","genusspecies":"Platanus x acerifolia - London planetree"}},{"type":"Feature","geometry":{"type":"Point","coordinates":[-73.88556930713351,40.756333540990795]},"properties":{"tpcondition":"Fair","stumpdiameter":null,"riskratingdate":"2024-08-05 18:08:45.0000000","riskrating":"8","objectid":"3663538","globalid":"9C0B4CB0-7248-4463-B9FC-EA5E26CD46F0","tpstructure":"Full","plantingspaceglobalid":"A6DC1317-7451-4DC1-A2B6-479D17AC373F","createddate":"2016-05-11 20:35:40.0000000","dbh":"13","planteddate":null,"updateddate":"2024-08-05 18:08:45.0000000","geometry":"POINT(-73.88556930713351 40.756333540990795)","genusspecies":"Acer platanoides - Norway maple"}},{"type":"Feature","geometry":{"type":"Point","coordinates":[-73.84162497682968,40.72452832533688]},"properties":{"tpcondition":"Good","stumpdiameter":null,"riskratingdate":"2020-09-04 12:39:33.0000000","riskrating":"5","objectid":"3663539","globalid":"45F7A200-7307-4EA7-A446-B1663A10FA04","tpstructure":"Full","plantingspaceglobalid":"5ADC74E5-65B0-485C-A211-E15908F62DD8","createddate":"2016-05-11 18:48:36.0000000","dbh":"6","planteddate":null,"updateddate":"2020-09-04 12:39:33.0000000","geometry":"POINT(-73.84162497682968 40.72452832533688)","genusspecies":"Syringa reticulata - Japanese tree lilac"}},{"type":"Feature","geometry":{"type":"Point","coordinates":[-73.91668413145393,40.78069510887506]},"properties":{"tpcondition":"Good","stumpdiameter":"0","riskratingdate":null,"riskrating":null,"objectid":"3663540","globalid":"0BB64793-B90F-41DB-A445-7E7FC41FEAE8","tpstructure":"Full","plantingspaceglobalid":"F58E4AC5-EBD5-4967-9851-D8EC9D76368F","createddate":"2016-05-11 20:46:14.0000000","dbh":"4","planteddate":null,"updateddate":"2017-03-21 06:42:44.0000000","geometry":"POINT(-73.91668413145393 40.78069510887506)","genusspecies":"Styphnolobium japonicum - Japanese pagoda tree"}},{"type":"Feature","geometry":{"type":"Point","coordinates":[-73.99155847062823,40.69848328584799]},"properties":{"tpcondition":"Good","stumpdiameter":"0","riskratingdate":null,"riskrating":null,"objectid":"3663541","globalid":"CC37D9FE-724D-42E9-AE5E-52AEC8C29FC5","tpstructure":"Full","plantingspaceglobalid":"9960333E-FF34-46E8-95CC-8C4123DF4B29","createddate":"2016-05-11 17:51:44.0000000","dbh":"15","planteddate":null,"updateddate":"2019-02-26 03:52:31.0000000","geometry":"POINT(-73.99155847062823 40.69848328584799)","genusspecies":"Pyrus calleryana - Callery pear"}},{"type":"Feature","geometry":{"type":"Point","coordinates":[-73.97502683853686,40.668852741564926]},"properties":{"tpcondition":"Fair","stumpdiameter":"0","riskratingdate":null,"riskrating":null,"objectid":"3663542","globalid":"8FAB073F-DA14-43D7-BCC4-4771AB7F3E76","tpstructure":"Full","plantingspaceglobalid":"E131D9FB-1086-422B-A01F-47F99B9C6A2E","createddate":"2016-05-11 20:13:01.0000000","dbh":"30","planteddate":null,"updateddate":"2017-05-01 10:07:52.0000000","geometry":"POINT(-73.97502683853686 40.668852741564926)","genusspecies":"Ginkgo biloba - maidenhair tree"}},{"type":"Feature","geometry":{"type":"Point","coordinates":[-73.84651006683059,40.89766297891173]},"properties":{"tpcondition":"Dead","stumpdiameter":"4","riskratingdate":"2017-08-10 10:32:27.0000000","riskrating":"4","objectid":"3663543","globalid":"5198ABA3-A8E5-4EAB-9B10-9C220D0B459F","tpstructure":"Retired","plantingspaceglobalid":"B2B506CF-06C6-432F-8BFA-433B54FE5674","createddate":"2016-05-11 18:25:28.0000000","dbh":"4","planteddate":null,"updateddate":"2023-02-14 14:14:26.0000000","geometry":"POINT(-73.84651006683059 40.89766297891173)","genusspecies":"Unknown - Unknown"}},{"type":"Feature","geometry":{"type":"Point","coordinates":[-74.00713775115936,40.64585449896501]},"properties":{"tpcondition":"Good","stumpdiameter":null,"riskratingdate":"2023-02-14 18:00:11.0000000","riskrating":"7","objectid":"3663544","globalid":"C0B01253-463E-4C58-858A-258A88841FE6","tpstructure":"Full","plantingspaceglobalid":"9A2E77B1-8904-41CC-8CA7-3E95EAFE7A6D","createddate":"2016-05-11 17:54:30.0000000","dbh":"20","planteddate":null,"updateddate":"2023-02-14 18:00:11.0000000","geometry":"POINT(-74.00713775115936 40.64585449896501)","genusspecies":"Platanus x acerifolia - London planetree"}},{"type":"Feature","geometry":{"type":"Point","coordinates":[-73.92321764080823,40.8375116503264]},"properties":{"tpcondition":"Fair","stumpdiameter":null,"riskratingdate":"2024-01-29 17:28:21.0000000","riskrating":"5","objectid":"3663545","globalid":"C4953A6B-5F4A-44D4-9D75-908EA5E6B7D4","tpstructure":"Full","plantingspaceglobalid":"CD1CE916-89FE-4ED1-8715-46EA45F96410","createddate":"2016-05-11 19:40:34.0000000","dbh":"6","planteddate":null,"updateddate":"2024-01-29 17:28:21.0000000","geometry":"POINT(-73.92321764080823 40.8375116503264)","genusspecies":"Acer campestre - hedge maple"}},{"type":"Feature","geometry":{"type":"Point","coordinates":[-73.85037222049444,40.57744000473441]},"properties":{"tpcondition":"Good","stumpdiameter":"0","riskratingdate":null,"riskrating":null,"objectid":"3663546","globalid":"BC6999FD-9423-4DAB-A002-E1FC9B4F7707","tpstructure":"Full","plantingspaceglobalid":"47CBAE2A-4385-4FB4-9B04-833F473F82B0","createddate":"2016-05-11 18:43:52.0000000","dbh":"9","planteddate":null,"updateddate":"2019-02-23 14:36:51.0000000","geometry":"POINT(-73.85037222049444 40.57744000473441)","genusspecies":"Pyrus calleryana - Callery pear"}},{"type":"Feature","geometry":{"type":"Point","coordinates":[-73.91432443372169,40.78103361106229]},"properties":{"tpcondition":"Good","stumpdiameter":null,"riskratingdate":"2023-09-22 15:43:18.0000000","riskrating":"8","objectid":"3663547","globalid":"0AF39B8D-2DD5-4ECD-BA61-2FE53CE8AB99","tpstructure":"Full","plantingspaceglobalid":"7D5079E4-985C-4126-98BA-860B49AAF3AC","createddate":"2016-05-11 18:13:19.0000000","dbh":"19","planteddate":null,"updateddate":"2024-06-06 13:15:33.0000000","geometry":"POINT(-73.91432443372169 40.78103361106229)","genusspecies":"Fraxinus pennsylvanica - Green ash"}},{"type":"Feature","geometry":{"type":"Point","coordinates":[-73.8623968315469,40.74134206806088]},"properties":{"tpcondition":"Good","stumpdiameter":"0","riskratingdate":null,"riskrating":null,"objectid":"3663548","globalid":"91D4DB69-BBC4-423B-B46E-E153A178E9BE","tpstructure":"Full","plantingspaceglobalid":"C863206B-B466-478E-9BAC-D85866365523","createddate":"2016-05-11 19:35:46.0000000","dbh":"3","planteddate":null,"updateddate":null,"geometry":"POINT(-73.8623968315469 40.74134206806088)","genusspecies":"Quercus velutina - black oak"}},{"type":"Feature","geometry":{"type":"Point","coordinates":[-73.98209620842655,40.666121788597636]},"properties":{"tpcondition":"Good","stumpdiameter":"0","riskratingdate":null,"riskrating":null,"objectid":"3663549","globalid":"64F9003B-6FDD-498F-8A75-354D19264E6A","tpstructure":"Full","plantingspaceglobalid":"46860F48-6F4C-4F41-8A0E-A1B093180CCA","createddate":"2016-05-11 18:05:48.0000000","dbh":"10","planteddate":null,"updateddate":"2019-02-21 16:52:14.0000000","geometry":"POINT(-73.98209620842655 40.666121788597636)","genusspecies":"Quercus shumardii - Shumard's oak"}},{"type":"Feature","geometry":{"type":"Point","coordinates":[-73.9752676687289,40.67764420276298]},"properties":{"tpcondition":"Good","stumpdiameter":"0","riskratingdate":null,"riskrating":null,"objectid":"3663550","globalid":"543F29B4-2834-4B4B-9CCF-0F0191C895BC","tpstructure":"Full","plantingspaceglobalid":"D1EE2466-DBE3-46D7-98B1-6217FFC15009","createddate":"2016-05-11 18:52:43.0000000","dbh":"13","planteddate":null,"updateddate":null,"geometry":"POINT(-73.9752676687289 40.67764420276298)","genusspecies":"Quercus palustris - pin oak"}},{"type":"Feature","geometry":{"type":"Point","coordinates":[-73.95410010656771,40.684843361845225]},"properties":{"tpcondition":"Good","stumpdiameter":"0","riskratingdate":null,"riskrating":null,"objectid":"3663551","globalid":"C35CEAE0-7886-4260-86AB-8411863B4EF7","tpstructure":"Full","plantingspaceglobalid":"7B6464FD-7355-4907-9612-1C7B68B51028","createddate":"2016-05-11 18:43:01.0000000","dbh":"2","planteddate":null,"updateddate":"2016-07-15 12:28:08.0000000","geometry":"POINT(-73.95410010656771 40.684843361845225)","genusspecies":"Zelkova serrata - Japanese zelkova"}},{"type":"Feature","geometry":{"type":"Point","coordinates":[-73.99357457698926,40.69617800654504]},"properties":{"tpcondition":"Good","stumpdiameter":"0","riskratingdate":null,"riskrating":null,"objectid":"3663552","globalid":"E633F953-7E62-441F-ACEA-9D707CC7A6D3","tpstructure":"Full","plantingspaceglobalid":"F5EA28C2-3AF8-4A67-89CB-1952B1581B6A","createddate":"2016-05-11 17:22:34.0000000","dbh":"12","planteddate":null,"updateddate":"2018-06-15 14:56:42.0000000","geometry":"POINT(-73.99357457698926 40.69617800654504)","genusspecies":"Gleditsia triacanthos var. inermis - Thornless honeylocust"}},{"type":"Feature","geometry":{"type":"Point","coordinates":[-73.93531833232629,40.6917669704756]},"properties":{"tpcondition":"Fair","stumpdiameter":null,"riskratingdate":"2021-08-30 17:28:15.0000000","riskrating":"6","objectid":"3663553","globalid":"35958511-D870-4C89-ACD8-73B921AA299B","tpstructure":"Full","plantingspaceglobalid":"4BD5DF7A-FCE3-4098-A164-14F5F8987162","createddate":"2016-05-11 19:05:38.0000000","dbh":"13","planteddate":null,"updateddate":"2025-08-28 11:55:08.0000000","geometry":"POINT(-73.93531833232629 40.6917669704756)","genusspecies":"Fraxinus pennsylvanica - Green ash"}},{"type":"Feature","geometry":{"type":"Point","coordinates":[-73.95891840804836,40.6875517173651]},"properties":{"tpcondition":"Good","stumpdiameter":"0","riskratingdate":null,"riskrating":null,"objectid":"3663554","globalid":"5539F36C-38EF-4E6F-9A4E-22D2299B9E91","tpstructure":"Full","plantingspaceglobalid":"8992DA7E-8BC4-49D3-A85C-0B8890017EAD","createddate":"2016-05-11 17:33:32.0000000","dbh":"6","planteddate":null,"updateddate":"2017-07-27 13:23:08.0000000","geometry":"POINT(-73.95891840804836 40.6875517173651)","genusspecies":"Zelkova serrata - Japanese zelkova"}},{"type":"Feature","geometry":{"type":"Point","coordinates":[-73.8610971855385,40.571037021877345]},"properties":{"tpcondition":"Dead","stumpdiameter":null,"riskratingdate":"2021-10-05 12:55:00.0000000","riskrating":"5","objectid":"3663555","globalid":"4459BBAE-E915-4150-B984-3F2D198DF756","tpstructure":"Retired","plantingspaceglobalid":"BDDC4458-7F23-4C0E-A7D6-6BC15AFD979B","createddate":"2016-05-11 18:04:00.0000000","dbh":"9","planteddate":null,"updateddate":"2024-08-26 14:36:38.0000000","geometry":"POINT(-73.8610971855385 40.571037021877345)","genusspecies":"Fraxinus pennsylvanica - Green ash"}},{"type":"Feature","geometry":{"type":"Point","coordinates":[-73.90605824643605,40.76881197260548]},"properties":{"tpcondition":"Fair","stumpdiameter":null,"riskratingdate":"2025-09-27 14:23:23.0000000","riskrating":"7","objectid":"3663556","globalid":"5A7672D3-9958-4D2A-9E88-4C0F3E2390F1","tpstructure":"Full","plantingspaceglobalid":"9E08C773-5166-49C8-B47B-0AEDC80805D4","createddate":"2016-05-11 18:27:34.0000000","dbh":"42","planteddate":null,"updateddate":"2025-09-27 14:23:23.0000000","geometry":"POINT(-73.90605824643605 40.76881197260548)","genusspecies":"Quercus palustris - pin oak"}},{"type":"Feature","geometry":{"type":"Point","coordinates":[-73.7669316527039,40.76489675251396]},"properties":{"tpcondition":"Good","stumpdiameter":"0","riskratingdate":"2019-06-03 11:36:57.0000000","riskrating":"3","objectid":"3663557","globalid":"319D4DB9-FED5-41B7-8686-23DE864BB126","tpstructure":"Full","plantingspaceglobalid":"967F6E18-4678-42C9-B771-51FFE3E2F4ED","createddate":"2016-05-11 19:23:40.0000000","dbh":"2","planteddate":null,"updateddate":"2019-06-03 15:36:57.0000000","geometry":"POINT(-73.7669316527039 40.76489675251396)","genusspecies":"Syringa reticulata - Japanese tree lilac"}},{"type":"Feature","geometry":{"type":"Point","coordinates":[-73.9129939858652,40.70102141526613]},"properties":{"tpcondition":"Dead","stumpdiameter":"14","riskratingdate":"2023-05-09 14:48:00.0000000","riskrating":"3","objectid":"3663558","globalid":"30A89B59-4C8A-451E-BF1B-2DF114671761","tpstructure":"Stump","plantingspaceglobalid":"A4414B48-976F-4444-9DCD-4DAE9CDBD7C2","createddate":"2016-05-11 20:41:00.0000000","dbh":"0","planteddate":null,"updateddate":"2023-09-20 17:53:00.0000000","geometry":"POINT(-73.9129939858652 40.70102141526613)","genusspecies":"Gleditsia triacanthos var. inermis - Thornless honeylocust"}},{"type":"Feature","geometry":{"type":"Point","coordinates":[-73.87568982960008,40.82625261951943]},"properties":{"tpcondition":"Fair","stumpdiameter":"0","riskratingdate":null,"riskrating":null,"objectid":"3663559","globalid":"9FA3E42B-D249-4341-B8A6-79967C02B125","tpstructure":"Full","plantingspaceglobalid":"089D83AF-8BDF-4EEB-8546-8013D2321E0B","createddate":"2016-05-11 20:03:04.0000000","dbh":"4","planteddate":null,"updateddate":"2017-10-04 14:15:28.0000000","geometry":"POINT(-73.87568982960008 40.82625261951943)","genusspecies":"Celtis occidentalis - common hackberry"}},{"type":"Feature","geometry":{"type":"Point","coordinates":[-73.91111766256351,40.84219658666439]},"properties":{"tpcondition":"Good","stumpdiameter":null,"riskratingdate":"2025-08-11 15:08:41.0000000","riskrating":"7","objectid":"3663560","globalid":"A7419CEC-7F76-4024-B8D1-302A96D4D675","tpstructure":"Full","plantingspaceglobalid":"6EB3982E-7AC7-4753-8E49-880C4F0FDB6D","createddate":"2016-05-11 20:53:37.0000000","dbh":"11","planteddate":null,"updateddate":"2025-08-11 15:08:41.0000000","geometry":"POINT(-73.91111766256351 40.84219658666439)","genusspecies":"Quercus acutissima - sawtooth oak"}},{"type":"Feature","geometry":{"type":"Point","coordinates":[-73.93852766135657,40.75385031698677]},"properties":{"tpcondition":"Fair","stumpdiameter":"0","riskratingdate":null,"riskrating":null,"objectid":"3663562","globalid":"B390A6AC-A8D2-4747-B750-23F8D645B2F2","tpstructure":"Full","plantingspaceglobalid":"36D50A05-FB97-477A-984D-3E2C38ECBA33","createddate":"2016-05-11 17:41:37.0000000","dbh":"3","planteddate":null,"updateddate":null,"geometry":"POINT(-73.93852766135657 40.75385031698677)","genusspecies":"Metasequoia glyptostroboides - dawn redwood"}},{"type":"Feature","geometry":{"type":"Point","coordinates":[-73.83372152306478,40.71644462014841]},"properties":{"tpcondition":"Good","stumpdiameter":"0","riskratingdate":"2021-02-03 18:02:28.0000000","riskrating":"3","objectid":"3663563","globalid":"FE9F1F12-376C-480C-B039-09430238BA83","tpstructure":"Full","plantingspaceglobalid":"8B594C0C-D406-4600-97DF-600F2A15A438","createddate":"2016-05-11 19:53:20.0000000","dbh":"5","planteddate":null,"updateddate":"2021-02-03 18:02:28.0000000","geometry":"POINT(-73.83372152306478 40.71644462014841)","genusspecies":"Quercus palustris - pin oak"}},{"type":"Feature","geometry":{"type":"Point","coordinates":[-73.96547614575834,40.71092762052226]},"properties":{"tpcondition":"Fair","stumpdiameter":"0","riskratingdate":null,"riskrating":null,"objectid":"3663564","globalid":"87FC5533-4663-417E-9B91-F418BD6ABA1C","tpstructure":"Full","plantingspaceglobalid":"7F7BAD67-3E3D-4B75-9C1F-8E8DC909D92D","createddate":"2016-05-11 20:42:08.0000000","dbh":"6","planteddate":null,"updateddate":"2018-04-23 14:16:27.0000000","geometry":"POINT(-73.96547614575834 40.71092762052226)","genusspecies":"Gleditsia triacanthos var. inermis - Thornless honeylocust"}},{"type":"Feature","geometry":{"type":"Point","coordinates":[-73.90904671675469,40.76177272593327]},"properties":{"tpcondition":"Good","stumpdiameter":null,"riskratingdate":"2021-07-15 15:26:20.0000000","riskrating":"5","objectid":"3663565","globalid":"6D2AE653-4B51-4EEB-B208-BD883989FC1D","tpstructure":"Full","plantingspaceglobalid":"EB07B935-29F2-460A-966D-9E61F86920F7","createddate":"2016-05-11 18:37:00.0000000","dbh":"6","planteddate":null,"updateddate":"2021-07-15 15:26:20.0000000","geometry":"POINT(-73.90904671675469 40.76177272593327)","genusspecies":"Prunus serrulata 'Green leaf' - 'Green leaf' Japanese flowering cherry"}},{"type":"Feature","geometry":{"type":"Point","coordinates":[-73.94845795089049,40.71832186786375]},"properties":{"tpcondition":"Fair","stumpdiameter":null,"riskratingdate":"2022-05-05 12:33:55.0000000","riskrating":"6","objectid":"3663566","globalid":"30E0D394-50DA-4DA4-B6AF-FA9C8E2A9C61","tpstructure":"Full","plantingspaceglobalid":"3A28FFF4-286D-49BF-BCCA-516E04EBCB9E","createddate":"2016-05-11 20:40:41.0000000","dbh":"5","planteddate":null,"updateddate":"2022-05-05 12:33:55.0000000","geometry":"POINT(-73.94845795089049 40.71832186786375)","genusspecies":"Gleditsia triacanthos var. inermis - Thornless honeylocust"}},{"type":"Feature","geometry":{"type":"Point","coordinates":[-73.88594394542034,40.76359200687798]},"properties":{"tpcondition":"Fair","stumpdiameter":null,"riskratingdate":"2024-07-22 13:59:25.0000000","riskrating":"8","objectid":"3663567","globalid":"06C5D78F-CBE5-406C-BA6E-513E6B0435FD","tpstructure":"Full","plantingspaceglobalid":"1DDAA1A2-1EF1-46B9-94B3-949B82E9BB78","createddate":"2016-05-11 19:16:17.0000000","dbh":"15","planteddate":null,"updateddate":"2024-07-22 13:59:25.0000000","geometry":"POINT(-73.88594394542034 40.76359200687798)","genusspecies":"Fraxinus pennsylvanica - Green ash"}},{"type":"Feature","geometry":{"type":"Point","coordinates":[-73.82126939175521,40.82291440148109]},"properties":{"tpcondition":"Fair","stumpdiameter":null,"riskratingdate":"2025-01-06 14:58:30.0000000","riskrating":"7","objectid":"3663568","globalid":"30DA52EF-DA1A-4520-9852-9C3DDFACB8FE","tpstructure":"Full","plantingspaceglobalid":"43E69647-640B-4C7D-87C3-CE5288ADE90F","createddate":"2016-05-11 20:28:18.0000000","dbh":"27","planteddate":null,"updateddate":"2025-01-06 14:58:30.0000000","geometry":"POINT(-73.82126939175521 40.82291440148109)","genusspecies":"Platanus x acerifolia - London planetree"}},{"type":"Feature","geometry":{"type":"Point","coordinates":[-73.86389178781155,40.75503533615666]},"properties":{"tpcondition":"Fair","stumpdiameter":null,"riskratingdate":"2022-03-02 17:54:16.0000000","riskrating":"6","objectid":"3663569","globalid":"1F9F4987-1415-4098-A83F-7AAF7E2BDBFB","tpstructure":"Full","plantingspaceglobalid":"CAF48A06-2CD6-4428-9BDF-C9D3DD6637E7","createddate":"2016-05-11 19:35:55.0000000","dbh":"13","planteddate":null,"updateddate":"2022-03-02 17:54:16.0000000","geometry":"POINT(-73.86389178781155 40.75503533615666)","genusspecies":"Zelkova serrata - Japanese zelkova"}},{"type":"Feature","geometry":{"type":"Point","coordinates":[-73.9269309146084,40.830730336223965]},"properties":{"tpcondition":"Unknown","stumpdiameter":"31","riskratingdate":"2020-12-21 14:22:00.0000000","riskrating":"9","objectid":"3663570","globalid":"60772C49-D3EA-4F94-9000-34CBF254F9A1","tpstructure":"Stump","plantingspaceglobalid":"42E6CD12-FF81-426D-BD21-553A25612F28","createddate":"2016-05-11 17:23:00.0000000","dbh":null,"planteddate":null,"updateddate":"2025-10-02 15:08:14.0000000","geometry":"POINT(-73.9269309146084 40.830730336223965)","genusspecies":"Platanus x acerifolia - London planetree"}},{"type":"Feature","geometry":{"type":"Point","coordinates":[-73.88724775521524,40.75513738189074]},"properties":{"tpcondition":"Good","stumpdiameter":null,"riskratingdate":"2024-08-01 15:39:56.0000000","riskrating":"7","objectid":"3663571","globalid":"F36526B0-DEEB-4155-80CF-5856458D3084","tpstructure":"Full","plantingspaceglobalid":"74FD47D7-FF58-4378-9570-B24C144D8A28","createddate":"2016-05-11 20:51:04.0000000","dbh":"8","planteddate":null,"updateddate":"2024-08-01 15:39:56.0000000","geometry":"POINT(-73.88724775521524 40.75513738189074)","genusspecies":"Platanus x acerifolia - London planetree"}},{"type":"Feature","geometry":{"type":"Point","coordinates":[-73.98017021804544,40.66795962623559]},"properties":{"tpcondition":"Dead","stumpdiameter":"3","riskratingdate":"2016-08-27 10:55:00.0000000","riskrating":"9","objectid":"3663572","globalid":"6229D0E6-39FE-4C6F-B3D5-7E5B9070616A","tpstructure":"Retired","plantingspaceglobalid":"5E0258C4-2C02-4F1F-A33C-649F0DA8795B","createddate":"2016-05-11 20:04:00.0000000","dbh":"3","planteddate":null,"updateddate":"2018-02-05 19:56:00.0000000","geometry":"POINT(-73.98017021804544 40.66795962623559)","genusspecies":"Styphnolobium japonicum - Japanese pagoda tree"}},{"type":"Feature","geometry":{"type":"Point","coordinates":[-73.89508943433214,40.762228505222026]},"properties":{"tpcondition":"Fair","stumpdiameter":null,"riskratingdate":"2025-10-28 12:02:41.0000000","riskrating":"8","objectid":"3663573","globalid":"E11FFF65-6EA6-4572-8DE4-8323B8E3BBC9","tpstructure":"Full","plantingspaceglobalid":"4362B12F-D95F-44F4-ADE6-8A8629438FE2","createddate":"2016-05-11 20:34:40.0000000","dbh":"17","planteddate":null,"updateddate":"2025-10-28 12:02:41.0000000","geometry":"POINT(-73.89508943433214 40.762228505222026)","genusspecies":"Gleditsia triacanthos var. inermis - Thornless honeylocust"}},{"type":"Feature","geometry":{"type":"Point","coordinates":[-73.93659664874704,40.68851576241602]},"properties":{"tpcondition":"Fair","stumpdiameter":"0","riskratingdate":null,"riskrating":null,"objectid":"3663574","globalid":"5D4D1774-F8D7-469B-92D6-479DA4A7D958","tpstructure":"Full","plantingspaceglobalid":"39A46C9C-3EE0-4A75-910A-9B4AF6683646","createddate":"2016-05-11 20:33:04.0000000","dbh":"3","planteddate":null,"updateddate":"2017-08-01 01:27:49.0000000","geometry":"POINT(-73.93659664874704 40.68851576241602)","genusspecies":"Tilia americana - American basswood"}},{"type":"Feature","geometry":{"type":"Point","coordinates":[-73.84172389648887,40.72749739939232]},"properties":{"tpcondition":"Good","stumpdiameter":"0","riskratingdate":null,"riskrating":null,"objectid":"3663575","globalid":"9DD52AA9-045E-48DC-998B-9EEE8AD64998","tpstructure":"Full","plantingspaceglobalid":"674A6295-037C-4971-BBBB-CF6729BBED02","createddate":"2016-05-11 18:46:07.0000000","dbh":"9","planteddate":null,"updateddate":"2017-02-22 09:13:15.0000000","geometry":"POINT(-73.84172389648887 40.72749739939232)","genusspecies":"Acer saccharum - sugar maple"}},{"type":"Feature","geometry":{"type":"Point","coordinates":[-73.94084048435826,40.70301889929324]},"properties":{"tpcondition":"Unknown","stumpdiameter":"23","riskratingdate":null,"riskrating":null,"objectid":"3663576","globalid":"65840A9D-5BED-4EF0-AD00-C5BD8B3AB3DC","tpstructure":"Retired","plantingspaceglobalid":"5B26997A-2AB7-4FAB-9A07-CE8AB6ED8A04","createddate":"2016-05-11 19:39:48.0000000","dbh":"0","planteddate":null,"updateddate":"2017-05-22 07:45:43.0000000","geometry":"POINT(-73.94084048435826 40.70301889929324)","genusspecies":"Unknown - Unknown"}},{"type":"Feature","geometry":{"type":"Point","coordinates":[-73.82712003237755,40.82245114284974]},"properties":{"tpcondition":"Fair","stumpdiameter":null,"riskratingdate":"2025-01-02 15:54:50.0000000","riskrating":"6","objectid":"3663577","globalid":"0F378A32-C95A-4F6A-86AA-79461B8253F7","tpstructure":"Full","plantingspaceglobalid":"1D89999E-EA23-40E9-BA56-ACC914DA51C3","createddate":"2016-05-11 17:58:35.0000000","dbh":"14","planteddate":null,"updateddate":"2025-01-02 15:54:50.0000000","geometry":"POINT(-73.82712003237755 40.82245114284974)","genusspecies":"Pyrus calleryana - Callery pear"}},{"type":"Feature","geometry":{"type":"Point","coordinates":[-73.82734586249664,40.87889489836579]},"properties":{"tpcondition":"Dead","stumpdiameter":"6","riskratingdate":null,"riskrating":null,"objectid":"3663578","globalid":"9FAA017A-F04C-4363-9D12-0978E7D37402","tpstructure":"Retired","plantingspaceglobalid":"656C19CD-0502-4017-8FC3-E94609374C2D","createddate":"2016-05-11 19:49:00.0000000","dbh":"6","planteddate":null,"updateddate":"2017-02-23 17:02:00.0000000","geometry":"POINT(-73.82734586249664 40.87889489836579)","genusspecies":"Unknown - Unknown"}},{"type":"Feature","geometry":{"type":"Point","coordinates":[-73.99201589323603,40.68026713131048]},"properties":{"tpcondition":"Fair","stumpdiameter":null,"riskratingdate":"2024-06-28 18:37:44.0000000","riskrating":"9","objectid":"3663579","globalid":"FD790986-4E21-45C4-B9B2-6C38C0B75CD4","tpstructure":"Full","plantingspaceglobalid":"10DE69AD-4055-44CD-A8A9-38A53F9A522A","createddate":"2016-05-11 19:48:56.0000000","dbh":"19","planteddate":null,"updateddate":"2024-06-28 18:37:44.0000000","geometry":"POINT(-73.99201589323603 40.68026713131048)","genusspecies":"Platanus x acerifolia - London planetree"}},{"type":"Feature","geometry":{"type":"Point","coordinates":[-73.84963547886235,40.84298730167049]},"properties":{"tpcondition":"Good","stumpdiameter":null,"riskratingdate":"2025-06-12 13:30:23.0000000","riskrating":"6","objectid":"3663580","globalid":"F2159BE3-32EB-4B2D-B324-9ED96F9761C0","tpstructure":"Full","plantingspaceglobalid":"39289220-5D27-4014-9459-581EC0CEC0E5","createddate":"2016-05-11 18:24:10.0000000","dbh":"10","planteddate":null,"updateddate":"2025-06-12 13:30:23.0000000","geometry":"POINT(-73.84963547886235 40.84298730167049)","genusspecies":"Prunus serrulata 'Green leaf' - 'Green leaf' Japanese flowering cherry"}},{"type":"Feature","geometry":{"type":"Point","coordinates":[-73.90345525625767,40.70585866249178]},"properties":{"tpcondition":"Fair","stumpdiameter":"0","riskratingdate":"2020-01-07 13:48:04.0000000","riskrating":"7","objectid":"3663581","globalid":"DFB6CEEE-769C-4AC2-9F02-B36CF6330A1E","tpstructure":"Full","plantingspaceglobalid":"2A135FB9-2D77-46AD-A841-C90B36F0E329","createddate":"2016-05-11 20:16:04.0000000","dbh":"10","planteddate":null,"updateddate":"2020-01-07 13:48:04.0000000","geometry":"POINT(-73.90345525625767 40.70585866249178)","genusspecies":"Gleditsia triacanthos var. inermis - Thornless honeylocust"}},{"type":"Feature","geometry":{"type":"Point","coordinates":[-73.91226506662609,40.7464770547609]},"properties":{"tpcondition":"Poor","stumpdiameter":"0","riskratingdate":"2019-09-23 10:53:00.0000000","riskrating":"7","objectid":"3663582","globalid":"09D42355-9ED6-4223-8D44-4ABD673CBFB9","tpstructure":"Full","plantingspaceglobalid":"6D69435C-FA2D-4BB8-9942-0E220B86006B","createddate":"2016-05-11 19:38:00.0000000","dbh":"26","planteddate":null,"updateddate":"2019-10-11 12:35:00.0000000","geometry":"POINT(-73.91226506662609 40.7464770547609)","genusspecies":"Quercus palustris - pin oak"}},{"type":"Feature","geometry":{"type":"Point","coordinates":[-73.8801512739484,40.752572254922484]},"properties":{"tpcondition":"Good","stumpdiameter":null,"riskratingdate":"2024-08-12 15:43:25.0000000","riskrating":"8","objectid":"3663583","globalid":"4646BD70-7DDF-4640-8A98-05EEE206336D","tpstructure":"Full","plantingspaceglobalid":"D37A3013-E724-4D2B-993E-C3AF0AFFB758","createddate":"2016-05-11 17:29:28.0000000","dbh":"19","planteddate":null,"updateddate":"2024-08-12 15:43:25.0000000","geometry":"POINT(-73.8801512739484 40.752572254922484)","genusspecies":"Acer campestre - hedge maple"}},{"type":"Feature","geometry":{"type":"Point","coordinates":[-73.8952878282308,40.75022154735601]},"properties":{"tpcondition":"Dead","stumpdiameter":"0","riskratingdate":null,"riskrating":null,"objectid":"3663584","globalid":"CBF1550D-4591-4E41-96EA-11E4622CE0AE","tpstructure":"Retired","plantingspaceglobalid":"3557FBEE-B658-4D96-B590-C1D93E1A2AFE","createddate":"2016-05-11 19:03:01.0000000","dbh":"10","planteddate":null,"updateddate":"2025-10-27 16:54:52.0000000","geometry":"POINT(-73.8952878282308 40.75022154735601)","genusspecies":"Unknown - Unknown"}},{"type":"Feature","geometry":{"type":"Point","coordinates":[-73.99553698342298,40.6988312634058]},"properties":{"tpcondition":"Fair","stumpdiameter":null,"riskratingdate":"2024-11-26 15:30:42.0000000","riskrating":"8","objectid":"3663585","globalid":"D468FC78-2704-40F8-9C09-FBC99A0079E0","tpstructure":"Full","plantingspaceglobalid":"42F86002-8A63-4F06-AD6B-7E2895BA0038","createddate":"2016-05-11 18:46:40.0000000","dbh":"18","planteddate":null,"updateddate":"2024-11-26 15:30:42.0000000","geometry":"POINT(-73.99553698342298 40.6988312634058)","genusspecies":"Quercus palustris - pin oak"}},{"type":"Feature","geometry":{"type":"Point","coordinates":[-73.91802416460703,40.83635629899808]},"properties":{"tpcondition":"Fair","stumpdiameter":null,"riskratingdate":"2024-09-18 12:33:12.0000000","riskrating":"6","objectid":"3663586","globalid":"9A3F385F-DC03-4C4C-9C87-FC78A2D2A179","tpstructure":"Full","plantingspaceglobalid":"D2B33A08-0587-4E32-A96F-EFEF3DACA255","createddate":"2016-05-11 19:39:25.0000000","dbh":"11","planteddate":null,"updateddate":"2024-09-18 12:33:12.0000000","geometry":"POINT(-73.91802416460703 40.83635629899808)","genusspecies":"Styphnolobium japonicum - Japanese pagoda tree"}},{"type":"Feature","geometry":{"type":"Point","coordinates":[-73.9603315506062,40.71165437349186]},"properties":{"tpcondition":"Dead","stumpdiameter":"6","riskratingdate":null,"riskrating":null,"objectid":"3663587","globalid":"6E480CDE-4652-4982-983D-EFDE6410E921","tpstructure":"Retired","plantingspaceglobalid":"5A65FB45-6B5B-4827-8236-52CF654E4100","createddate":"2016-05-11 18:22:00.0000000","dbh":"6","planteddate":null,"updateddate":"2018-04-13 12:46:02.0000000","geometry":"POINT(-73.9603315506062 40.71165437349186)","genusspecies":"Unknown - Unknown"}},{"type":"Feature","geometry":{"type":"Point","coordinates":[-74.00328155003521,40.652640544932474]},"properties":{"tpcondition":"Good","stumpdiameter":"0","riskratingdate":"2019-07-31 14:04:42.0000000","riskrating":"3","objectid":"3663588","globalid":"E5FB17E5-0D67-435F-9A61-A7A2EBA70F75","tpstructure":"Full","plantingspaceglobalid":"96D4ABBA-1FBE-45BA-8E2B-4C95CE2F69B9","createddate":"2016-05-11 19:47:09.0000000","dbh":"6","planteddate":null,"updateddate":"2019-07-31 18:05:05.0000000","geometry":"POINT(-74.00328155003521 40.652640544932474)","genusspecies":"Quercus velutina - black oak"}},{"type":"Feature","geometry":{"type":"Point","coordinates":[-74.00115947838134,40.67867619844662]},"properties":{"tpcondition":"Dead","stumpdiameter":null,"riskratingdate":"2023-05-17 19:54:00.0000000","riskrating":"6","objectid":"3663589","globalid":"60F24646-5EAF-4409-9924-795AABAD0FB7","tpstructure":"Stump","plantingspaceglobalid":"940B348B-1616-40EC-BC4F-27AEC3B596AE","createddate":"2016-05-11 20:37:00.0000000","dbh":"4","planteddate":null,"updateddate":"2024-02-20 16:28:00.0000000","geometry":"POINT(-74.00115947838134 40.67867619844662)","genusspecies":"Cercis canadensis - eastern redbud"}},{"type":"Feature","geometry":{"type":"Point","coordinates":[-73.9241071957433,40.828784574720345]},"properties":{"tpcondition":"Poor","stumpdiameter":null,"riskratingdate":"2021-03-26 11:10:19.0000000","riskrating":"6","objectid":"3663590","globalid":"D03A4587-5946-49C6-8D20-834A927EEB39","tpstructure":"Full","plantingspaceglobalid":"0BB023BD-D37C-4C59-9AF9-3980F93F0302","createddate":"2016-05-11 17:57:00.0000000","dbh":"8","planteddate":null,"updateddate":"2021-03-26 11:10:19.0000000","geometry":"POINT(-73.9241071957433 40.828784574720345)","genusspecies":"Ginkgo biloba - maidenhair tree"}},{"type":"Feature","geometry":{"type":"Point","coordinates":[-73.8794928786419,40.75938162608238]},"properties":{"tpcondition":"Dead","stumpdiameter":null,"riskratingdate":"2025-09-26 18:33:33.0000000","riskrating":"9","objectid":"3663591","globalid":"10E34552-1B09-454A-9E65-810383FAB554","tpstructure":"Full","plantingspaceglobalid":"07CD7CCA-48A1-4C13-9FCE-B65A0B4B92D4","createddate":"2016-05-11 18:20:39.0000000","dbh":"14","planteddate":null,"updateddate":"2025-09-26 18:33:33.0000000","geometry":"POINT(-73.8794928786419 40.75938162608238)","genusspecies":"Pyrus calleryana - Callery pear"}},{"type":"Feature","geometry":{"type":"Point","coordinates":[-73.84672421099293,40.723415368161625]},"properties":{"tpcondition":"Good","stumpdiameter":null,"riskratingdate":"2022-03-01 18:44:36.0000000","riskrating":"3","objectid":"3663592","globalid":"631C96BE-0F58-42B0-A55A-07E536763093","tpstructure":"Full","plantingspaceglobalid":"BD2EA453-5D3F-4F83-BEF4-BAE3A77C66B0","createddate":"2016-05-11 20:27:13.0000000","dbh":"6","planteddate":null,"updateddate":"2022-03-01 18:44:36.0000000","geometry":"POINT(-73.84672421099293 40.723415368161625)","genusspecies":"Tilia americana - American basswood"}},{"type":"Feature","geometry":{"type":"Point","coordinates":[-73.99618458004277,40.68425191005673]},"properties":{"tpcondition":"Fair","stumpdiameter":null,"riskratingdate":"2024-09-19 18:52:48.0000000","riskrating":"8","objectid":"3663593","globalid":"18CBDFDE-F42B-4AB8-AEC5-9B9FFCF1CE54","tpstructure":"Full","plantingspaceglobalid":"F3577BD7-3182-4329-A07F-C5E864DD4D73","createddate":"2016-05-11 17:47:25.0000000","dbh":"17","planteddate":null,"updateddate":"2024-09-19 18:52:48.0000000","geometry":"POINT(-73.99618458004277 40.68425191005673)","genusspecies":"Gleditsia triacanthos var. inermis - Thornless honeylocust"}},{"type":"Feature","geometry":{"type":"Point","coordinates":[-73.89065604643154,40.76256956068522]},"properties":{"tpcondition":"Dead","stumpdiameter":"38","riskratingdate":"2018-02-21 10:02:00.0000000","riskrating":"9","objectid":"3663594","globalid":"73C34F37-62D2-4804-A663-85ABA15EC76A","tpstructure":"Retired","plantingspaceglobalid":"2C01E890-8C8A-4DD8-95E7-E958491D04D9","createddate":"2016-05-11 17:51:00.0000000","dbh":"25","planteddate":null,"updateddate":"2019-07-16 17:18:47.0000000","geometry":"POINT(-73.89065604643154 40.76256956068522)","genusspecies":"Gleditsia triacanthos var. inermis - Thornless honeylocust"}},{"type":"Feature","geometry":{"type":"Point","coordinates":[-73.84807624025724,40.72796965178411]},"properties":{"tpcondition":"Good","stumpdiameter":null,"riskratingdate":"2021-11-19 18:25:25.0000000","riskrating":"6","objectid":"3663595","globalid":"5D0225F3-FD18-49DB-9D89-ED4EB3AC85F4","tpstructure":"Full","plantingspaceglobalid":"C2C5D7E3-4954-4B71-A8CE-06B1EB02BEAA","createddate":"2016-05-11 20:39:32.0000000","dbh":"9","planteddate":null,"updateddate":"2021-11-19 18:25:25.0000000","geometry":"POINT(-73.84807624025724 40.72796965178411)","genusspecies":"Gleditsia triacanthos var. inermis - Thornless honeylocust"}},{"type":"Feature","geometry":{"type":"Point","coordinates":[-73.83049636190694,40.869438205199344]},"properties":{"tpcondition":"Fair","stumpdiameter":null,"riskratingdate":"2024-12-27 12:20:45.0000000","riskrating":"6","objectid":"3663596","globalid":"669B050E-6DE8-4448-8822-E29099307829","tpstructure":"Full","plantingspaceglobalid":"E87BDC14-3B2C-4ECF-918E-332ECECE056D","createddate":"2016-05-11 17:53:56.0000000","dbh":"14","planteddate":null,"updateddate":"2024-12-27 12:20:45.0000000","geometry":"POINT(-73.83049636190694 40.869438205199344)","genusspecies":"Gleditsia triacanthos var. inermis - Thornless honeylocust"}},{"type":"Feature","geometry":{"type":"Point","coordinates":[-73.85522930193397,40.71863182920443]},"properties":{"tpcondition":"Good","stumpdiameter":"0","riskratingdate":null,"riskrating":null,"objectid":"3663597","globalid":"9D831A5D-C4C9-4EED-BD27-38DE2153B6D5","tpstructure":"Full","plantingspaceglobalid":"BFA940AB-4EFD-4C8F-A298-78D963741C5D","createddate":"2016-05-11 19:20:06.0000000","dbh":"6","planteddate":null,"updateddate":"2017-08-12 08:54:11.0000000","geometry":"POINT(-73.85522930193397 40.71863182920443)","genusspecies":"Tilia tomentosa - silver linden"}},{"type":"Feature","geometry":{"type":"Point","coordinates":[-73.73879455583887,40.65920279172607]},"properties":{"tpcondition":"Good","stumpdiameter":null,"riskratingdate":"2024-07-24 14:33:00.0000000","riskrating":"9","objectid":"3663598","globalid":"5A7E487D-73A7-4AB7-8002-91437E14637A","tpstructure":"Full","plantingspaceglobalid":"F86B3913-92F1-474E-9FA7-AFBD2D650FC2","createddate":"2016-05-11 19:20:30.0000000","dbh":"34","planteddate":null,"updateddate":"2024-07-24 14:35:12.0000000","geometry":"POINT(-73.73879455583887 40.65920279172607)","genusspecies":"Platanus x acerifolia - London planetree"}},{"type":"Feature","geometry":{"type":"Point","coordinates":[-73.87564332957692,40.75976182687483]},"properties":{"tpcondition":"Poor","stumpdiameter":"0","riskratingdate":"2023-08-07 17:45:10.0000000","riskrating":"7","objectid":"3663599","globalid":"8E9D7626-1473-4A3C-BD81-1F0F3F8C3B12","tpstructure":"Full","plantingspaceglobalid":"99AF10B2-5318-43DE-A89F-08E8B315C844","createddate":"2016-05-11 20:47:30.0000000","dbh":"16","planteddate":null,"updateddate":"2023-08-07 17:45:10.0000000","geometry":"POINT(-73.87564332957692 40.75976182687483)","genusspecies":"Acer platanoides - Norway maple"}},{"type":"Feature","geometry":{"type":"Point","coordinates":[-73.96652946159838,40.6791188537044]},"properties":{"tpcondition":"Good","stumpdiameter":"0","riskratingdate":null,"riskrating":null,"objectid":"3663600","globalid":"377BF2CC-36F3-4A55-A0BD-18C96048D5C4","tpstructure":"Full","plantingspaceglobalid":"551D8AF1-A498-4F32-BA50-872226B7C18B","createddate":"2016-05-11 18:39:11.0000000","dbh":"9","planteddate":null,"updateddate":"2018-07-09 17:18:05.0000000","geometry":"POINT(-73.96652946159838 40.6791188537044)","genusspecies":"Tilia cordata - littleleaf linden"}},{"type":"Feature","geometry":{"type":"Point","coordinates":[-73.88574741226962,40.85336534067099]},"properties":{"tpcondition":"Fair","stumpdiameter":null,"riskratingdate":"2024-05-17 15:31:18.0000000","riskrating":"6","objectid":"3663601","globalid":"50D2862E-4FF8-48A9-A071-25CD2922958F","tpstructure":"Full","plantingspaceglobalid":"0DD33517-85B9-4AB4-AA47-B20FC823C23B","createddate":"2016-05-11 18:26:00.0000000","dbh":"9","planteddate":null,"updateddate":"2024-05-17 15:31:37.0000000","geometry":"POINT(-73.88574741226962 40.85336534067099)","genusspecies":"Quercus palustris - pin oak"}},{"type":"Feature","geometry":{"type":"Point","coordinates":[-73.86966459906459,40.824193557289]},"properties":{"tpcondition":"Fair","stumpdiameter":null,"riskratingdate":"2024-11-25 13:47:30.0000000","riskrating":"6","objectid":"3663602","globalid":"B20B12A3-0AB7-449D-A48A-636F9F35DCEF","tpstructure":"Full","plantingspaceglobalid":"8C3BFB11-1D69-4D47-9EB9-721ECF3BD28B","createddate":"2016-05-11 19:30:57.0000000","dbh":"10","planteddate":null,"updateddate":"2024-11-25 13:47:30.0000000","geometry":"POINT(-73.86966459906459 40.824193557289)","genusspecies":"Zelkova serrata - Japanese zelkova"}},{"type":"Feature","geometry":{"type":"Point","coordinates":[-73.8960690204129,40.70304705598719]},"properties":{"tpcondition":"Dead","stumpdiameter":"13","riskratingdate":null,"riskrating":null,"objectid":"3663603","globalid":"5BAB1D53-2499-45A5-9B6F-DF1DE697784B","tpstructure":"Retired","plantingspaceglobalid":"53C158CF-7699-4AFC-A194-ACBD578A6FA4","createddate":"2016-05-11 18:59:00.0000000","dbh":"13","planteddate":null,"updateddate":"2017-08-03 10:21:07.0000000","geometry":"POINT(-73.8960690204129 40.70304705598719)","genusspecies":"Prunus serrulata 'Green leaf' - 'Green leaf' Japanese flowering cherry"}},{"type":"Feature","geometry":{"type":"Point","coordinates":[-73.81546450433754,40.74579363261051]},"properties":{"tpcondition":"Dead","stumpdiameter":"24","riskratingdate":"2019-06-25 16:01:37.0000000","riskrating":"3","objectid":"3663604","globalid":"E43A11BC-8479-4685-B0C0-37E63695BF04","tpstructure":"Retired","plantingspaceglobalid":"F5C054F0-3F65-4C9E-A291-EAC5659F03CA","createddate":"2016-05-11 19:53:00.0000000","dbh":"22","planteddate":null,"updateddate":"2019-10-03 14:33:13.0000000","geometry":"POINT(-73.81546450433754 40.74579363261051)","genusspecies":"Ginkgo biloba - maidenhair tree"}},{"type":"Feature","geometry":{"type":"Point","coordinates":[-73.90975923906511,40.7467075882348]},"properties":{"tpcondition":"Good","stumpdiameter":null,"riskratingdate":"2022-03-18 13:28:01.0000000","riskrating":"5","objectid":"3663605","globalid":"11F8F456-5CEE-4956-89DC-087BFE3F7F80","tpstructure":"Full","plantingspaceglobalid":"BB39086E-B1CA-4AD4-8570-26F911C4B385","createddate":"2016-05-11 17:40:49.0000000","dbh":"17","planteddate":null,"updateddate":"2022-03-18 13:28:01.0000000","geometry":"POINT(-73.90975923906511 40.7467075882348)","genusspecies":"Quercus palustris - pin oak"}},{"type":"Feature","geometry":{"type":"Point","coordinates":[-73.8297402236808,40.881556260983544]},"properties":{"tpcondition":"Unknown","stumpdiameter":null,"riskratingdate":null,"riskrating":null,"objectid":"3663606","globalid":"0D448401-AB6B-48EC-BA22-24D302CB9647","tpstructure":"Retired","plantingspaceglobalid":"3219B792-7F6D-4CB8-A1CC-2681D6C48010","createddate":"2016-05-11 17:49:53.0000000","dbh":"0","planteddate":null,"updateddate":"2024-07-11 22:30:26.0000000","geometry":"POINT(-73.8297402236808 40.881556260983544)","genusspecies":"Unknown - Unknown"}},{"type":"Feature","geometry":{"type":"Point","coordinates":[-73.87932191307408,40.75323250073846]},"properties":{"tpcondition":"Fair","stumpdiameter":null,"riskratingdate":"2024-09-04 13:05:08.0000000","riskrating":"8","objectid":"3663607","globalid":"9E1123A2-A0FD-44C3-A697-54675D9DCB60","tpstructure":"Full","plantingspaceglobalid":"BAC6C43C-9AB2-490F-B229-15A887F2266C","createddate":"2016-05-11 17:51:37.0000000","dbh":"39","planteddate":null,"updateddate":"2024-09-04 13:05:08.0000000","geometry":"POINT(-73.87932191307408 40.75323250073846)","genusspecies":"Platanus x acerifolia - London planetree"}},{"type":"Feature","geometry":{"type":"Point","coordinates":[-73.876142628312,40.73779982714206]},"properties":{"tpcondition":"Poor","stumpdiameter":null,"riskratingdate":"2024-01-26 16:20:40.0000000","riskrating":"7","objectid":"3663608","globalid":"4C19D967-0183-4F0A-98A3-E0666A04DC57","tpstructure":"Full","plantingspaceglobalid":"EFF13CFA-2742-44A9-A8F7-BEFDA620C1D1","createddate":"2016-05-11 18:00:53.0000000","dbh":"14","planteddate":null,"updateddate":"2024-01-26 16:20:40.0000000","geometry":"POINT(-73.876142628312 40.73779982714206)","genusspecies":"Fraxinus pennsylvanica - Green ash"}},{"type":"Feature","geometry":{"type":"Point","coordinates":[-73.8876669018178,40.762672088218935]},"properties":{"tpcondition":"Good","stumpdiameter":"0","riskratingdate":"2020-02-05 16:43:16.0000000","riskrating":"3","objectid":"3663609","globalid":"00BD2115-5753-44C9-947A-2CE06CEFF69C","tpstructure":"Full","plantingspaceglobalid":"8D0C9C9E-837B-46C7-B3D7-D122AB06F075","createddate":"2016-05-11 20:55:00.0000000","dbh":"5","planteddate":null,"updateddate":"2020-02-05 16:43:16.0000000","geometry":"POINT(-73.8876669018178 40.762672088218935)","genusspecies":"Liquidambar styraciflua - sweetgum"}},{"type":"Feature","geometry":{"type":"Point","coordinates":[-73.96318533980977,40.71122222600702]},"properties":{"tpcondition":"Good","stumpdiameter":"0","riskratingdate":null,"riskrating":null,"objectid":"3663610","globalid":"1A6D1AE5-C4E4-4F53-B294-00331BDBBAFF","tpstructure":"Full","plantingspaceglobalid":"B52206B1-9020-449E-982A-F4890E45358F","createddate":"2016-05-11 20:14:42.0000000","dbh":"5","planteddate":null,"updateddate":"2018-04-18 10:18:33.0000000","geometry":"POINT(-73.96318533980977 40.71122222600702)","genusspecies":"Gleditsia triacanthos var. inermis - Thornless honeylocust"}},{"type":"Feature","geometry":{"type":"Point","coordinates":[-73.8258277323579,40.75649824247559]},"properties":{"tpcondition":"Good","stumpdiameter":"0","riskratingdate":"2019-12-19 19:03:42.0000000","riskrating":"6","objectid":"3663611","globalid":"DFDEBC21-245A-4FFC-A717-199E384A67E3","tpstructure":"Full","plantingspaceglobalid":"FE9F1230-D218-4EEE-BCAF-0C48FBA5D746","createddate":"2016-05-11 17:39:09.0000000","dbh":"7","planteddate":null,"updateddate":"2019-12-19 19:03:42.0000000","geometry":"POINT(-73.8258277323579 40.75649824247559)","genusspecies":"Quercus bicolor - swamp white oak"}},{"type":"Feature","geometry":{"type":"Point","coordinates":[-73.90345170163931,40.70763226814269]},"properties":{"tpcondition":"Unknown","stumpdiameter":"11","riskratingdate":null,"riskrating":null,"objectid":"3663612","globalid":"0473F732-1DC3-4A7F-B500-075084511243","tpstructure":"Retired","plantingspaceglobalid":"2B20630C-39A6-4B4C-9B59-0EF7933913CD","createddate":"2016-05-11 20:10:56.0000000","dbh":"0","planteddate":null,"updateddate":"2017-08-18 07:54:23.0000000","geometry":"POINT(-73.90345170163931 40.70763226814269)","genusspecies":"Unknown - Unknown"}},{"type":"Feature","geometry":{"type":"Point","coordinates":[-73.97808113412003,40.68344055710894]},"properties":{"tpcondition":"Good","stumpdiameter":"0","riskratingdate":null,"riskrating":null,"objectid":"3663613","globalid":"B24CAC14-1B2A-4493-8170-C92167F6A94C","tpstructure":"Full","plantingspaceglobalid":"B8903978-A61C-4839-94FE-F7554240A3BA","createddate":"2016-05-11 18:39:48.0000000","dbh":"8","planteddate":null,"updateddate":null,"geometry":"POINT(-73.97808113412003 40.68344055710894)","genusspecies":"Gleditsia triacanthos var. inermis - Thornless honeylocust"}},{"type":"Feature","geometry":{"type":"Point","coordinates":[-73.91547897451036,40.76638300824617]},"properties":{"tpcondition":"Fair","stumpdiameter":null,"riskratingdate":"2023-10-02 13:19:26.0000000","riskrating":"8","objectid":"3663614","globalid":"EE4EDF21-8103-46E5-8D56-5DE835256967","tpstructure":"Full","plantingspaceglobalid":"A11FB122-11A5-4B49-8659-67F574BAC040","createddate":"2016-05-11 18:35:19.0000000","dbh":"14","planteddate":null,"updateddate":"2024-06-04 15:10:23.0000000","geometry":"POINT(-73.91547897451036 40.76638300824617)","genusspecies":"Fraxinus pennsylvanica - Green ash"}},{"type":"Feature","geometry":{"type":"Point","coordinates":[-73.98385927370745,40.69000977192501]},"properties":{"tpcondition":"Good","stumpdiameter":"0","riskratingdate":null,"riskrating":null,"objectid":"3663615","globalid":"B99B2090-8324-4F7B-B7DC-6324DD5A3BE5","tpstructure":"Full","plantingspaceglobalid":"60351147-CD60-40C9-A662-4CD118EA143D","createddate":"2016-05-11 18:39:53.0000000","dbh":"4","planteddate":null,"updateddate":"2018-06-28 16:58:57.0000000","geometry":"POINT(-73.98385927370745 40.69000977192501)","genusspecies":"Gleditsia triacanthos var. inermis - Thornless honeylocust"}},{"type":"Feature","geometry":{"type":"Point","coordinates":[-73.90476789762408,40.71271599677003]},"properties":{"tpcondition":"Poor","stumpdiameter":null,"riskratingdate":"2022-02-11 17:03:16.0000000","riskrating":"8","objectid":"3663616","globalid":"F49257C2-71A0-4A3D-AA84-EB7CBA2AE0A8","tpstructure":"Full","plantingspaceglobalid":"9DD4F651-9F1D-4FD9-B0A9-98649FC4198B","createddate":"2016-05-11 18:20:25.0000000","dbh":"18","planteddate":null,"updateddate":"2022-02-11 17:06:00.0000000","geometry":"POINT(-73.90476789762408 40.71271599677003)","genusspecies":"Magnolia - magnolia"}},{"type":"Feature","geometry":{"type":"Point","coordinates":[-73.84539944201583,40.72427512399077]},"properties":{"tpcondition":"Fair","stumpdiameter":"0","riskratingdate":"2023-10-19 17:30:54.0000000","riskrating":"7","objectid":"3663617","globalid":"73076997-D745-4D0D-B309-AE697C692B19","tpstructure":"Full","plantingspaceglobalid":"C6AEEB72-0C47-443B-98F1-7BE309976F52","createddate":"2016-05-11 18:17:34.0000000","dbh":"16","planteddate":null,"updateddate":"2023-10-19 17:30:54.0000000","geometry":"POINT(-73.84539944201583 40.72427512399077)","genusspecies":"Pyrus calleryana - Callery pear"}},{"type":"Feature","geometry":{"type":"Point","coordinates":[-73.97064746925298,40.67703134328457]},"properties":{"tpcondition":"Good","stumpdiameter":null,"riskratingdate":"2021-06-09 14:25:22.0000000","riskrating":"5","objectid":"3663618","globalid":"953B76BE-A393-484A-B11D-1CFDE92C2806","tpstructure":"Full","plantingspaceglobalid":"BC6BEB48-E8BE-4A46-A429-35A13BFDC399","createddate":"2016-05-11 19:38:35.0000000","dbh":"9","planteddate":null,"updateddate":"2021-06-09 14:25:22.0000000","geometry":"POINT(-73.97064746925298 40.67703134328457)","genusspecies":"Pyrus calleryana - Callery pear"}},{"type":"Feature","geometry":{"type":"Point","coordinates":[-73.89559788045592,40.708464607739636]},"properties":{"tpcondition":"Good","stumpdiameter":"0","riskratingdate":"2020-01-28 00:26:14.0000000","riskrating":"6","objectid":"3663619","globalid":"D7CF8D64-573A-4DDD-ACE5-0E31F1DA1522","tpstructure":"Full","plantingspaceglobalid":"540599F2-E30D-40CD-9CB5-3D715A4D4108","createddate":"2016-05-11 19:59:00.0000000","dbh":"12","planteddate":null,"updateddate":"2020-01-28 00:26:14.0000000","geometry":"POINT(-73.89559788045592 40.708464607739636)","genusspecies":"Acer rubrum - red maple"}},{"type":"Feature","geometry":{"type":"Point","coordinates":[-73.85077736829308,40.57470852180741]},"properties":{"tpcondition":"Good","stumpdiameter":null,"riskratingdate":null,"riskrating":null,"objectid":"3663620","globalid":"2834F5C0-4644-4BF2-BF26-3A99D86BF35E","tpstructure":"Retired","plantingspaceglobalid":"8A2775AF-64CA-49BF-B26E-8975AAC6B301","createddate":"2016-05-11 18:36:00.0000000","dbh":"2","planteddate":null,"updateddate":"2020-02-03 19:01:00.0000000","geometry":"POINT(-73.85077736829308 40.57470852180741)","genusspecies":"Syringa pekinensis 'China Snow' - 'China Snow' Peking lilac"}},{"type":"Feature","geometry":{"type":"Point","coordinates":[-73.86789320438108,40.82643875201558]},"properties":{"tpcondition":"Fair","stumpdiameter":null,"riskratingdate":"2024-04-01 12:46:36.0000000","riskrating":"8","objectid":"3663621","globalid":"55F00D42-B782-489C-8F5E-271E5A1EADD6","tpstructure":"Full","plantingspaceglobalid":"597C305F-E3C6-4CB1-9FA8-BA9E193196F4","createddate":"2016-05-11 18:29:48.0000000","dbh":"14","planteddate":null,"updateddate":"2024-04-01 12:46:36.0000000","geometry":"POINT(-73.86789320438108 40.82643875201558)","genusspecies":"Fraxinus pennsylvanica - Green ash"}},{"type":"Feature","geometry":{"type":"Point","coordinates":[-74.0769737393202,40.602867814382236]},"properties":{"tpcondition":"Fair","stumpdiameter":null,"riskratingdate":"2023-09-08 14:40:09.0000000","riskrating":"6","objectid":"3663622","globalid":"FBD0D512-3FB8-4765-9854-C9F72D715EBB","tpstructure":"Full","plantingspaceglobalid":"9A5336A3-2A13-4665-93C5-21B4C49E5965","createddate":"2016-05-11 18:57:13.0000000","dbh":"25","planteddate":null,"updateddate":"2023-09-08 14:40:09.0000000","geometry":"POINT(-74.0769737393202 40.602867814382236)","genusspecies":"Platanus x acerifolia - London planetree"}},{"type":"Feature","geometry":{"type":"Point","coordinates":[-73.88624012407305,40.75167666698814]},"properties":{"tpcondition":"Dead","stumpdiameter":"0","riskratingdate":null,"riskrating":null,"objectid":"3663623","globalid":"C4518517-B7B8-497D-8A89-2C1CC9A6F002","tpstructure":"Retired","plantingspaceglobalid":"AADA511B-3DAD-4F97-876E-48D501AB5065","createddate":"2016-05-11 19:56:56.0000000","dbh":null,"planteddate":null,"updateddate":"2024-07-29 16:18:03.0000000","geometry":"POINT(-73.88624012407305 40.75167666698814)","genusspecies":"Unknown - Unknown"}},{"type":"Feature","geometry":{"type":"Point","coordinates":[-73.91700817351669,40.70067886552185]},"properties":{"tpcondition":"Fair","stumpdiameter":null,"riskratingdate":"2025-09-08 17:38:03.0000000","riskrating":"5","objectid":"3663624","globalid":"C466A875-999E-4DFB-A62F-839C1FB19D73","tpstructure":"Full","plantingspaceglobalid":"24D65371-74FC-455C-89F4-C3D0255BE812","createddate":"2016-05-11 18:23:00.0000000","dbh":"8","planteddate":null,"updateddate":"2025-09-08 17:38:03.0000000","geometry":"POINT(-73.91700817351669 40.70067886552185)","genusspecies":"Prunus serrulata 'Not Green leaf' - 'Not Green leaf' Japanese flowering cherry"}},{"type":"Feature","geometry":{"type":"Point","coordinates":[-73.88721030375378,40.729327363795896]},"properties":{"tpcondition":"Fair","stumpdiameter":null,"riskratingdate":"2024-06-21 11:01:34.0000000","riskrating":"7","objectid":"3663625","globalid":"C176F0A9-A6D9-4180-A18C-C4EA90672D18","tpstructure":"Full","plantingspaceglobalid":"19B910CE-D953-4B4C-BB5A-14C7A98A2655","createddate":"2016-05-11 19:51:54.0000000","dbh":"15","planteddate":null,"updateddate":"2024-06-21 11:01:34.0000000","geometry":"POINT(-73.88721030375378 40.729327363795896)","genusspecies":"Gleditsia triacanthos var. inermis - Thornless honeylocust"}},{"type":"Feature","geometry":{"type":"Point","coordinates":[-73.95818232883258,40.69064566338763]},"properties":{"tpcondition":"Fair","stumpdiameter":null,"riskratingdate":"2025-06-07 21:53:18.0000000","riskrating":"6","objectid":"3663626","globalid":"0F1E1ACB-9438-44FD-B3C8-DC5CA6FCCD4E","tpstructure":"Full","plantingspaceglobalid":"AA02AB17-43CE-41A7-B538-75676A89A83B","createddate":"2016-05-11 20:00:59.0000000","dbh":"29","planteddate":null,"updateddate":"2025-06-07 21:53:18.0000000","geometry":"POINT(-73.95818232883258 40.69064566338763)","genusspecies":"Quercus palustris - pin oak"}},{"type":"Feature","geometry":{"type":"Point","coordinates":[-73.91720423271576,40.7639670523226]},"properties":{"tpcondition":"Poor","stumpdiameter":null,"riskratingdate":"2024-12-12 14:52:00.0000000","riskrating":"9","objectid":"3663627","globalid":"7D7170D5-419B-4701-B388-6F08E29734CE","tpstructure":"Stump","plantingspaceglobalid":"40BD50BD-9FAF-4DAC-8E3D-77148B8D6EF0","createddate":"2016-05-11 18:16:00.0000000","dbh":"18","planteddate":null,"updateddate":"2025-01-30 19:25:00.0000000","geometry":"POINT(-73.91720423271576 40.7639670523226)","genusspecies":"Tilia americana - American basswood"}},{"type":"Feature","geometry":{"type":"Point","coordinates":[-73.84791933316433,40.89675721222198]},"properties":{"tpcondition":"Critical","stumpdiameter":"17","riskratingdate":"2022-11-14 16:18:00.0000000","riskrating":"8","objectid":"3663628","globalid":"63FC4057-B47B-4508-9F04-7E9F26A25AA4","tpstructure":"Retired","plantingspaceglobalid":"159F0AA9-E3A7-4A8A-8557-E6C7DFC2DF72","createddate":"2016-05-11 20:35:00.0000000","dbh":"14","planteddate":null,"updateddate":"2024-07-25 13:57:27.0000000","geometry":"POINT(-73.84791933316433 40.89675721222198)","genusspecies":"Gleditsia triacanthos var. inermis - Thornless honeylocust"}},{"type":"Feature","geometry":{"type":"Point","coordinates":[-73.88066603477841,40.74226789074794]},"properties":{"tpcondition":"Dead","stumpdiameter":"0","riskratingdate":"2019-11-12 18:10:00.0000000","riskrating":"8","objectid":"3663629","globalid":"7DCC0945-2DB2-4EA5-A3F2-6280BE2D50D3","tpstructure":"Stump","plantingspaceglobalid":"FE37565D-35FA-4D67-8D11-E6838A7FB72C","createddate":"2016-05-11 19:02:00.0000000","dbh":"13","planteddate":null,"updateddate":"2019-11-13 18:45:00.0000000","geometry":"POINT(-73.88066603477841 40.74226789074794)","genusspecies":"Platanus x acerifolia - London planetree"}},{"type":"Feature","geometry":{"type":"Point","coordinates":[-73.89779549692292,40.77293454477606]},"properties":{"tpcondition":"Good","stumpdiameter":null,"riskratingdate":"2024-10-08 15:30:42.0000000","riskrating":"6","objectid":"3663630","globalid":"829F9C4B-E36F-47D4-977F-92CED53405EF","tpstructure":"Full","plantingspaceglobalid":"09540C25-D064-4A09-B1D0-624465E6DA60","createddate":"2016-05-11 20:13:56.0000000","dbh":"17","planteddate":null,"updateddate":"2024-10-08 15:30:42.0000000","geometry":"POINT(-73.89779549692292 40.77293454477606)","genusspecies":"Liquidambar styraciflua - sweetgum"}},{"type":"Feature","geometry":{"type":"Point","coordinates":[-73.90975991215186,40.70768608583365]},"properties":{"tpcondition":"Fair","stumpdiameter":null,"riskratingdate":"2023-08-10 13:41:22.0000000","riskrating":"6","objectid":"3663631","globalid":"86B583A1-D1F8-4716-AE66-3B9747559A69","tpstructure":"Full","plantingspaceglobalid":"A516A808-2C46-44FE-BB2E-4DC4D05A0804","createddate":"2016-05-11 18:09:04.0000000","dbh":"12","planteddate":null,"updateddate":"2023-08-31 11:39:18.0000000","geometry":"POINT(-73.90975991215186 40.70768608583365)","genusspecies":"Fraxinus pennsylvanica - Green ash"}},{"type":"Feature","geometry":{"type":"Point","coordinates":[-73.8531305912036,40.81762843138343]},"properties":{"tpcondition":"Good","stumpdiameter":null,"riskratingdate":"2025-06-28 23:11:22.0000000","riskrating":"5","objectid":"3663632","globalid":"55F86A81-3864-4B31-A05F-92B46A506A19","tpstructure":"Full","plantingspaceglobalid":"ACD60347-240B-4203-97E4-4AEA392C4F17","createddate":"2016-05-11 19:46:33.0000000","dbh":"10","planteddate":null,"updateddate":"2025-06-28 23:11:22.0000000","geometry":"POINT(-73.8531305912036 40.81762843138343)","genusspecies":"Ginkgo biloba - maidenhair tree"}},{"type":"Feature","geometry":{"type":"Point","coordinates":[-73.89477827371218,40.760865946151014]},"properties":{"tpcondition":"Fair","stumpdiameter":null,"riskratingdate":"2025-10-27 14:07:39.0000000","riskrating":"8","objectid":"3663633","globalid":"F02D668E-48AB-4DCD-9A0B-9C7E6510F499","tpstructure":"Full","plantingspaceglobalid":"83B57C73-E491-4792-888E-621759847E61","createddate":"2016-05-11 17:57:13.0000000","dbh":"25","planteddate":null,"updateddate":"2025-10-27 14:07:39.0000000","geometry":"POINT(-73.89477827371218 40.760865946151014)","genusspecies":"Platanus x acerifolia - London planetree"}},{"type":"Feature","geometry":{"type":"Point","coordinates":[-73.9820089253078,40.67615133588201]},"properties":{"tpcondition":"Good","stumpdiameter":"0","riskratingdate":null,"riskrating":null,"objectid":"3663634","globalid":"9228AC9A-C71F-4A1A-818B-3223B13BA2DE","tpstructure":"Full","plantingspaceglobalid":"C55E8E6F-C790-407F-B17A-CAEDE571BAB6","createddate":"2016-05-11 17:22:30.0000000","dbh":"6","planteddate":null,"updateddate":null,"geometry":"POINT(-73.9820089253078 40.67615133588201)","genusspecies":"Ginkgo biloba - maidenhair tree"}},{"type":"Feature","geometry":{"type":"Point","coordinates":[-73.99436786684431,40.692984707546955]},"properties":{"tpcondition":"Fair","stumpdiameter":"0","riskratingdate":"2023-11-13 14:04:12.0000000","riskrating":"9","objectid":"3663635","globalid":"39ECEA8C-C43E-4FAA-9592-38249C48DA6D","tpstructure":"Full","plantingspaceglobalid":"4FC62E75-5859-45AD-A124-61FF9DFD3EE7","createddate":"2016-05-11 19:41:16.0000000","dbh":"22","planteddate":null,"updateddate":"2023-11-13 14:04:12.0000000","geometry":"POINT(-73.99436786684431 40.692984707546955)","genusspecies":"Platanus x acerifolia - London planetree"}},{"type":"Feature","geometry":{"type":"Point","coordinates":[-73.87557214388464,40.753436126396004]},"properties":{"tpcondition":"Fair","stumpdiameter":null,"riskratingdate":"2024-08-16 13:25:57.0000000","riskrating":"8","objectid":"3663636","globalid":"4A2252CC-189C-4D1B-8859-A9616CB21DCA","tpstructure":"Full","plantingspaceglobalid":"A8750442-E5D1-4246-8A2A-5DE6ECA9CA2C","createddate":"2016-05-11 18:31:33.0000000","dbh":"10","planteddate":null,"updateddate":"2024-08-16 13:25:57.0000000","geometry":"POINT(-73.87557214388464 40.753436126396004)","genusspecies":"Acer platanoides - Norway maple"}},{"type":"Feature","geometry":{"type":"Point","coordinates":[-73.96686801355885,40.69285678742473]},"properties":{"tpcondition":"Unknown","stumpdiameter":"4","riskratingdate":null,"riskrating":null,"objectid":"3663637","globalid":"7A0CB08A-5B96-4E73-84B0-08AA355C8F9C","tpstructure":"Retired","plantingspaceglobalid":"513AC75B-90D2-42DA-B508-56E62EF5C45F","createddate":"2016-05-11 18:57:50.0000000","dbh":"0","planteddate":null,"updateddate":"2019-03-08 19:30:52.0000000","geometry":"POINT(-73.96686801355885 40.69285678742473)","genusspecies":"Unknown - Unknown"}},{"type":"Feature","geometry":{"type":"Point","coordinates":[-73.91855252097706,40.83240115697117]},"properties":{"tpcondition":"Good","stumpdiameter":null,"riskratingdate":"2022-03-17 12:01:06.0000000","riskrating":"5","objectid":"3663638","globalid":"5BC97EBE-5EF2-4E80-BE86-6AC57FF7B706","tpstructure":"Full","plantingspaceglobalid":"4C4F9FE1-6737-4597-BFA4-4DAF52D0E8F9","createddate":"2016-05-11 19:49:54.0000000","dbh":"12","planteddate":null,"updateddate":"2022-03-17 12:01:06.0000000","geometry":"POINT(-73.91855252097706 40.83240115697117)","genusspecies":"Ginkgo biloba - maidenhair tree"}},{"type":"Feature","geometry":{"type":"Point","coordinates":[-73.99101931030488,40.68285861560716]},"properties":{"tpcondition":"Good","stumpdiameter":null,"riskratingdate":"2024-06-25 14:43:03.0000000","riskrating":"8","objectid":"3663639","globalid":"F0C2E9F7-CF71-4683-AF5F-E5B2E8602F56","tpstructure":"Full","plantingspaceglobalid":"E27DD806-CACA-406A-8C19-2985DBD0D5CA","createddate":"2016-05-11 18:05:07.0000000","dbh":"9","planteddate":null,"updateddate":"2024-06-25 14:43:03.0000000","geometry":"POINT(-73.99101931030488 40.68285861560716)","genusspecies":"Cercis canadensis - eastern redbud"}},{"type":"Feature","geometry":{"type":"Point","coordinates":[-73.895254429009,40.70400847679176]},"properties":{"tpcondition":"Good","stumpdiameter":"0","riskratingdate":"2020-01-14 20:52:25.0000000","riskrating":"6","objectid":"3663640","globalid":"24D95B62-3CA5-4DF1-BE6D-EB88F9FEB9E6","tpstructure":"Full","plantingspaceglobalid":"696AD891-BDF1-4441-B219-15B39256BDF1","createddate":"2016-05-11 20:03:16.0000000","dbh":"16","planteddate":null,"updateddate":"2020-01-14 20:52:25.0000000","geometry":"POINT(-73.895254429009 40.70400847679176)","genusspecies":"Gleditsia triacanthos var. inermis - Thornless honeylocust"}},{"type":"Feature","geometry":{"type":"Point","coordinates":[-73.8530700147075,40.890480565441244]},"properties":{"tpcondition":"Fair","stumpdiameter":null,"riskratingdate":"2023-10-16 12:21:18.0000000","riskrating":"5","objectid":"3663641","globalid":"A52B7822-DEF2-4E4B-AEE2-70FAC6BC8C80","tpstructure":"Full","plantingspaceglobalid":"88DBE1FE-6D41-4114-BE2C-260B11857F0B","createddate":"2016-05-11 17:48:33.0000000","dbh":"6","planteddate":null,"updateddate":"2023-10-16 12:21:18.0000000","geometry":"POINT(-73.8530700147075 40.890480565441244)","genusspecies":"Pyrus calleryana - Callery pear"}},{"type":"Feature","geometry":{"type":"Point","coordinates":[-73.855147728484,40.75525553405378]},"properties":{"tpcondition":"Fair","stumpdiameter":null,"riskratingdate":"2022-03-17 12:53:52.0000000","riskrating":"9","objectid":"3663642","globalid":"2A6CEF4D-B62E-42A6-AC0F-EC2D91ACE09E","tpstructure":"Full","plantingspaceglobalid":"C38D1291-58B4-4A51-86FC-A8081E992C11","createddate":"2016-05-11 19:22:41.0000000","dbh":"17","planteddate":null,"updateddate":"2022-03-17 12:53:52.0000000","geometry":"POINT(-73.855147728484 40.75525553405378)","genusspecies":"Platanus x acerifolia - London planetree"}},{"type":"Feature","geometry":{"type":"Point","coordinates":[-73.97954464511791,40.676795165608496]},"properties":{"tpcondition":"Fair","stumpdiameter":null,"riskratingdate":"2025-08-18 17:15:08.0000000","riskrating":"9","objectid":"3663643","globalid":"87B6B23E-A3CA-4CCB-96E1-F9B2DE3BD668","tpstructure":"Full","plantingspaceglobalid":"4D0C00C8-4BC5-489C-BE60-743F342F6DED","createddate":"2016-05-11 18:24:33.0000000","dbh":"17","planteddate":null,"updateddate":"2025-08-18 17:15:08.0000000","geometry":"POINT(-73.97954464511791 40.676795165608496)","genusspecies":"Fraxinus - Ash"}},{"type":"Feature","geometry":{"type":"Point","coordinates":[-73.95778973236115,40.70067049185418]},"properties":{"tpcondition":"Good","stumpdiameter":null,"riskratingdate":"2025-05-12 14:09:19.0000000","riskrating":"6","objectid":"3663644","globalid":"3C61C371-F740-4EC4-9E0E-E7E281326646","tpstructure":"Full","plantingspaceglobalid":"11A23AFC-F68B-4D41-8286-E62C923CF882","createddate":"2016-05-11 19:38:55.0000000","dbh":"15","planteddate":null,"updateddate":"2025-05-12 14:09:19.0000000","geometry":"POINT(-73.95778973236115 40.70067049185418)","genusspecies":"Tilia tomentosa - silver linden"}},{"type":"Feature","geometry":{"type":"Point","coordinates":[-73.90142677543886,40.706021529146824]},"properties":{"tpcondition":"Good","stumpdiameter":"0","riskratingdate":"2020-01-21 18:06:58.0000000","riskrating":"3","objectid":"3663645","globalid":"39F662CB-E8C4-437C-8FD7-CC1629FDC92F","tpstructure":"Full","plantingspaceglobalid":"C0D40AB0-5086-44BD-98D8-B004A5538957","createddate":"2016-05-11 20:19:52.0000000","dbh":"6","planteddate":null,"updateddate":"2020-01-21 18:06:57.0000000","geometry":"POINT(-73.90142677543886 40.706021529146824)","genusspecies":"Tilia americana - American basswood"}},{"type":"Feature","geometry":{"type":"Point","coordinates":[-73.86469053004942,40.75955811919974]},"properties":{"tpcondition":"Poor","stumpdiameter":"0","riskratingdate":"2018-01-08 09:29:03.0000000","riskrating":"3","objectid":"3663646","globalid":"869DF4B4-0767-4D20-89AE-F8F3F7C5F9C4","tpstructure":"Full","plantingspaceglobalid":"A7CC1E23-F48B-429F-B42A-BA338E1B6781","createddate":"2016-05-11 20:10:30.0000000","dbh":"6","planteddate":null,"updateddate":"2018-01-08 09:29:03.0000000","geometry":"POINT(-73.86469053004942 40.75955811919974)","genusspecies":"Acer platanoides - Norway maple"}},{"type":"Feature","geometry":{"type":"Point","coordinates":[-73.90814341255872,40.847612787602515]},"properties":{"tpcondition":"Fair","stumpdiameter":null,"riskratingdate":"2025-01-30 16:28:17.0000000","riskrating":"7","objectid":"3663647","globalid":"72829CC2-2110-4022-9F9E-60FE9B2081E3","tpstructure":"Full","plantingspaceglobalid":"CB7BB858-5A8B-4F9C-B15B-FE65CCB660FF","createddate":"2016-05-11 20:30:05.0000000","dbh":"10","planteddate":null,"updateddate":"2025-01-30 16:28:17.0000000","geometry":"POINT(-73.90814341255872 40.847612787602515)","genusspecies":"Ginkgo biloba - maidenhair tree"}},{"type":"Feature","geometry":{"type":"Point","coordinates":[-73.91086203415065,40.70107924302517]},"properties":{"tpcondition":"Good","stumpdiameter":null,"riskratingdate":"2022-03-22 16:15:40.0000000","riskrating":"3","objectid":"3663648","globalid":"3EB8374D-6D1F-4299-8A5E-6E4F4423EB71","tpstructure":"Full","plantingspaceglobalid":"737054C0-C33F-47DA-9AEF-79B8D1DB3E73","createddate":"2016-05-11 17:38:13.0000000","dbh":"5","planteddate":null,"updateddate":"2022-03-22 16:15:40.0000000","geometry":"POINT(-73.91086203415065 40.70107924302517)","genusspecies":"Prunus serrulata 'Green leaf' - 'Green leaf' Japanese flowering cherry"}},{"type":"Feature","geometry":{"type":"Point","coordinates":[-73.981494176702,40.68315822208222]},"properties":{"tpcondition":"Fair","stumpdiameter":null,"riskratingdate":"2024-06-17 09:59:08.0000000","riskrating":"7","objectid":"3663649","globalid":"443395B4-BDB4-4A64-8D35-ADD3D84F1FF6","tpstructure":"Full","plantingspaceglobalid":"4A93F1A6-4C62-4BF4-A352-4AF573434B30","createddate":"2016-05-11 18:59:58.0000000","dbh":"14","planteddate":null,"updateddate":"2025-08-29 16:23:42.0000000","geometry":"POINT(-73.981494176702 40.68315822208222)","genusspecies":"Fraxinus americana - white ash"}},{"type":"Feature","geometry":{"type":"Point","coordinates":[-73.8381253759649,40.88305500624689]},"properties":{"tpcondition":"Good","stumpdiameter":"0","riskratingdate":null,"riskrating":null,"objectid":"3663650","globalid":"BBE34CE9-8DD0-4F48-AAAB-F0133082F3AA","tpstructure":"Full","plantingspaceglobalid":"2032B909-8F5F-4E8A-B672-ED725CC4B5C3","createddate":"2016-05-11 18:15:57.0000000","dbh":"13","planteddate":null,"updateddate":"2022-01-11 16:20:13.0000000","geometry":"POINT(-73.8381253759649 40.88305500624689)","genusspecies":"Platanus x acerifolia - London planetree"}},{"type":"Feature","geometry":{"type":"Point","coordinates":[-73.85519361039668,40.744771069041796]},"properties":{"tpcondition":"Good","stumpdiameter":"0","riskratingdate":"2020-01-31 17:35:53.0000000","riskrating":"6","objectid":"3663651","globalid":"B5904B52-B9F4-4A4B-BAAC-76D7EC790402","tpstructure":"Full","plantingspaceglobalid":"F4498795-7866-40BC-992F-6EBA907745E4","createddate":"2016-05-11 19:46:03.0000000","dbh":"27","planteddate":null,"updateddate":"2020-01-31 17:35:53.0000000","geometry":"POINT(-73.85519361039668 40.744771069041796)","genusspecies":"Quercus palustris - pin oak"}},{"type":"Feature","geometry":{"type":"Point","coordinates":[-73.87991381370348,40.738199915726426]},"properties":{"tpcondition":"Fair","stumpdiameter":null,"riskratingdate":"2023-10-05 15:40:09.0000000","riskrating":"7","objectid":"3663652","globalid":"ADAF5FC4-CEDD-4FE1-B656-0FDEED78FF11","tpstructure":"Full","plantingspaceglobalid":"8ACCF956-80F2-4383-85EF-06405758231C","createddate":"2016-05-11 19:26:29.0000000","dbh":"12","planteddate":null,"updateddate":"2024-06-17 14:42:41.0000000","geometry":"POINT(-73.87991381370348 40.738199915726426)","genusspecies":"Fraxinus pennsylvanica - Green ash"}},{"type":"Feature","geometry":{"type":"Point","coordinates":[-73.86456026393465,40.6911877251203]},"properties":{"tpcondition":"Good","stumpdiameter":null,"riskratingdate":"2024-01-04 14:15:12.0000000","riskrating":"7","objectid":"3663653","globalid":"D892CBE4-F666-4F8E-9DF7-7DEFF28D3663","tpstructure":"Full","plantingspaceglobalid":"1DABBEA8-1767-4670-9D14-09678779A018","createddate":"2016-05-11 20:40:39.0000000","dbh":"18","planteddate":null,"updateddate":"2024-01-04 14:15:12.0000000","geometry":"POINT(-73.86456026393465 40.6911877251203)","genusspecies":"Gleditsia triacanthos var. inermis - Thornless honeylocust"}},{"type":"Feature","geometry":{"type":"Point","coordinates":[-73.83126506866773,40.849105508674484]},"properties":{"tpcondition":"Good","stumpdiameter":null,"riskratingdate":"2023-11-08 16:09:47.0000000","riskrating":"6","objectid":"3663654","globalid":"BD9E9A40-1DC5-490C-83B3-8AAA5F0A1471","tpstructure":"Full","plantingspaceglobalid":"D7E921E6-0DF6-4CC9-BFC5-7DFD5CE045E9","createddate":"2016-05-11 18:41:49.0000000","dbh":"6","planteddate":null,"updateddate":"2023-11-08 16:09:47.0000000","geometry":"POINT(-73.83126506866773 40.849105508674484)","genusspecies":"Tilia cordata - littleleaf linden"}},{"type":"Feature","geometry":{"type":"Point","coordinates":[-73.88347541428655,40.750704926683646]},"properties":{"tpcondition":"Good","stumpdiameter":null,"riskratingdate":"2024-09-03 14:32:19.0000000","riskrating":"7","objectid":"3663655","globalid":"488559B5-052D-4040-99C9-CA186309508C","tpstructure":"Full","plantingspaceglobalid":"4123AF62-5D2A-49EC-8106-BF3C8EFD0407","createddate":"2016-05-11 20:55:34.0000000","dbh":"12","planteddate":null,"updateddate":"2024-09-03 14:32:19.0000000","geometry":"POINT(-73.88347541428655 40.750704926683646)","genusspecies":"Styphnolobium japonicum - Japanese pagoda tree"}},{"type":"Feature","geometry":{"type":"Point","coordinates":[-73.9202701836765,40.83213762331387]},"properties":{"tpcondition":"Good","stumpdiameter":"0","riskratingdate":null,"riskrating":null,"objectid":"3663656","globalid":"8E65D034-AF13-4244-BEEB-F516DD22E552","tpstructure":"Full","plantingspaceglobalid":"27D10496-22F6-417B-B1C5-4ABF71BA6F89","createddate":"2016-05-11 20:07:35.0000000","dbh":"5","planteddate":null,"updateddate":null,"geometry":"POINT(-73.9202701836765 40.83213762331387)","genusspecies":"Ulmus americana - American elm"}},{"type":"Feature","geometry":{"type":"Point","coordinates":[-73.91831702266722,40.842877585465246]},"properties":{"tpcondition":"Good","stumpdiameter":null,"riskratingdate":"2024-09-11 18:05:58.0000000","riskrating":"5","objectid":"3663657","globalid":"4F32E901-57D3-48FA-BCF1-7B0C799BFF3F","tpstructure":"Full","plantingspaceglobalid":"7A97F14E-16D7-49E2-980F-FD52348A83C1","createddate":"2016-05-11 18:04:00.0000000","dbh":"8","planteddate":null,"updateddate":"2024-09-11 18:05:58.0000000","geometry":"POINT(-73.91831702266722 40.842877585465246)","genusspecies":"Tilia tomentosa - silver linden"}},{"type":"Feature","geometry":{"type":"Point","coordinates":[-73.91375500855659,40.702922001489085]},"properties":{"tpcondition":"Good","stumpdiameter":null,"riskratingdate":"2022-04-01 16:13:34.0000000","riskrating":"7","objectid":"3663658","globalid":"68E73613-C934-4D27-BF2B-0689FE0DA58C","tpstructure":"Full","plantingspaceglobalid":"55D8AD88-8FFA-498C-B4E0-CAA32080C305","createddate":"2016-05-11 18:36:02.0000000","dbh":"20","planteddate":null,"updateddate":"2022-04-01 16:13:34.0000000","geometry":"POINT(-73.91375500855659 40.702922001489085)","genusspecies":"Pyrus calleryana - Callery pear"}},{"type":"Feature","geometry":{"type":"Point","coordinates":[-73.88094083527646,40.75239286663584]},"properties":{"tpcondition":"Unknown","stumpdiameter":"25","riskratingdate":null,"riskrating":null,"objectid":"3663659","globalid":"C3E3A6E5-4E5E-478E-88FA-FE1939BA2243","tpstructure":"Retired","plantingspaceglobalid":"20542683-622B-43B0-8A62-76BD30245989","createddate":"2016-05-11 19:08:13.0000000","dbh":"0","planteddate":null,"updateddate":"2024-08-09 15:37:08.0000000","geometry":"POINT(-73.88094083527646 40.75239286663584)","genusspecies":"Unknown - Unknown"}},{"type":"Feature","geometry":{"type":"Point","coordinates":[-73.84138392228141,40.727100005976325]},"properties":{"tpcondition":"Dead","stumpdiameter":"0","riskratingdate":null,"riskrating":null,"objectid":"3663660","globalid":"AF6725B9-86DB-4983-BF46-AEFFCBB4E633","tpstructure":"Retired","plantingspaceglobalid":"A610702A-C932-4B73-AEB8-EA62BC6AFF7D","createddate":"2016-05-11 18:11:35.0000000","dbh":"7","planteddate":null,"updateddate":"2021-08-06 13:01:38.0000000","geometry":"POINT(-73.84138392228141 40.727100005976325)","genusspecies":"Prunus serrulata 'Green leaf' - 'Green leaf' Japanese flowering cherry"}},{"type":"Feature","geometry":{"type":"Point","coordinates":[-73.98229611322215,40.66560378787826]},"properties":{"tpcondition":"Fair","stumpdiameter":"0","riskratingdate":"2019-09-17 14:55:55.0000000","riskrating":"5","objectid":"3663661","globalid":"3657E15D-C2F7-4F29-9139-FC0C1A2C46E7","tpstructure":"Full","plantingspaceglobalid":"5484A084-A26E-41DE-AB98-6197FCAC656D","createddate":"2016-05-11 17:29:36.0000000","dbh":"11","planteddate":null,"updateddate":"2019-09-17 18:55:56.0000000","geometry":"POINT(-73.98229611322215 40.66560378787826)","genusspecies":"Acer rubrum - red maple"}},{"type":"Feature","geometry":{"type":"Point","coordinates":[-73.90817983274209,40.8474142124718]},"properties":{"tpcondition":"Fair","stumpdiameter":null,"riskratingdate":"2025-01-30 16:36:07.0000000","riskrating":"6","objectid":"3663662","globalid":"648C42F0-508C-4E29-9548-4A474E8EF618","tpstructure":"Full","plantingspaceglobalid":"C7A2E6B0-B7FE-46F0-B614-DD36A65FBB52","createddate":"2016-05-11 20:27:17.0000000","dbh":"9","planteddate":null,"updateddate":"2025-01-30 16:36:07.0000000","geometry":"POINT(-73.90817983274209 40.8474142124718)","genusspecies":"Gleditsia triacanthos var. inermis - Thornless honeylocust"}},{"type":"Feature","geometry":{"type":"Point","coordinates":[-73.9469741378164,40.699075687334776]},"properties":{"tpcondition":"Good","stumpdiameter":null,"riskratingdate":"2025-06-02 13:50:01.0000000","riskrating":"7","objectid":"3663663","globalid":"A95B703F-331C-4920-AE84-FCED3A167907","tpstructure":"Full","plantingspaceglobalid":"F059BC3E-B92B-4FB1-B0D9-22D1CA694379","createddate":"2016-05-11 19:26:51.0000000","dbh":"17","planteddate":null,"updateddate":"2025-06-02 13:50:01.0000000","geometry":"POINT(-73.9469741378164 40.699075687334776)","genusspecies":"Quercus palustris - pin oak"}},{"type":"Feature","geometry":{"type":"Point","coordinates":[-73.92281856412322,40.838984526255295]},"properties":{"tpcondition":"Fair","stumpdiameter":null,"riskratingdate":"2024-01-30 16:27:14.0000000","riskrating":"5","objectid":"3663664","globalid":"F4F8AC92-AFD2-406E-837F-CC9B713571FE","tpstructure":"Full","plantingspaceglobalid":"E3B9F12D-B88A-454F-96BD-4D82FD872D29","createddate":"2016-05-11 19:52:13.0000000","dbh":"10","planteddate":null,"updateddate":"2024-01-30 16:27:14.0000000","geometry":"POINT(-73.92281856412322 40.838984526255295)","genusspecies":"Gleditsia triacanthos var. inermis - Thornless honeylocust"}},{"type":"Feature","geometry":{"type":"Point","coordinates":[-73.86243507772285,40.888478722022]},"properties":{"tpcondition":"Fair","stumpdiameter":null,"riskratingdate":"2023-07-12 15:58:10.0000000","riskrating":"6","objectid":"3663665","globalid":"3E25D537-A87E-4558-B126-7E2440DC25B8","tpstructure":"Full","plantingspaceglobalid":"0190E9EE-4103-4545-9061-9C9549D151EA","createddate":"2016-05-11 19:19:51.0000000","dbh":"8","planteddate":null,"updateddate":"2023-07-12 15:58:10.0000000","geometry":"POINT(-73.86243507772285 40.888478722022)","genusspecies":"Tilia tomentosa - silver linden"}},{"type":"Feature","geometry":{"type":"Point","coordinates":[-73.89494828219784,40.7610162829017]},"properties":{"tpcondition":"Fair","stumpdiameter":null,"riskratingdate":"2025-10-24 16:24:47.0000000","riskrating":"7","objectid":"3663666","globalid":"F7073599-D983-41EF-ADD8-E9DF970487FC","tpstructure":"Full","plantingspaceglobalid":"43DEDF3F-25AD-434D-8591-EA8D492F938D","createddate":"2016-05-11 19:29:57.0000000","dbh":"30","planteddate":null,"updateddate":"2025-10-24 16:24:47.0000000","geometry":"POINT(-73.89494828219784 40.7610162829017)","genusspecies":"Platanus x acerifolia - London planetree"}},{"type":"Feature","geometry":{"type":"Point","coordinates":[-73.97348711225412,40.677747373435594]},"properties":{"tpcondition":"Good","stumpdiameter":"0","riskratingdate":null,"riskrating":null,"objectid":"3663667","globalid":"618262CD-1C44-49B9-A6C0-E8F578A1517A","tpstructure":"Full","plantingspaceglobalid":"60BC09B9-868E-4A81-AFF3-BEEC6219F74C","createddate":"2016-05-11 19:45:29.0000000","dbh":"15","planteddate":null,"updateddate":null,"geometry":"POINT(-73.97348711225412 40.677747373435594)","genusspecies":"Quercus rubra - northern red oak"}},{"type":"Feature","geometry":{"type":"Point","coordinates":[-73.91141312743753,40.76411502102932]},"properties":{"tpcondition":"Good","stumpdiameter":"0","riskratingdate":"2020-02-20 17:59:51.0000000","riskrating":"6","objectid":"3663668","globalid":"FAFEDDBB-E056-4E50-A343-7872D6149B31","tpstructure":"Full","plantingspaceglobalid":"23933636-E9C3-455D-8BFE-1AFEDD074B70","createddate":"2016-05-11 18:12:00.0000000","dbh":"6","planteddate":null,"updateddate":"2020-02-20 17:59:51.0000000","geometry":"POINT(-73.91141312743753 40.76411502102932)","genusspecies":"Styphnolobium japonicum - Japanese pagoda tree"}},{"type":"Feature","geometry":{"type":"Point","coordinates":[-73.9499836496602,40.69885182464494]},"properties":{"tpcondition":"Poor","stumpdiameter":null,"riskratingdate":"2025-06-04 16:37:39.0000000","riskrating":"8","objectid":"3663669","globalid":"6E65DEFC-5D65-4F3F-9C5B-7A872414EF82","tpstructure":"Full","plantingspaceglobalid":"5E4E14C9-155F-4B21-BF16-2AF70F33A8DC","createddate":"2016-05-11 18:50:34.0000000","dbh":"22","planteddate":null,"updateddate":"2025-06-04 16:37:39.0000000","geometry":"POINT(-73.9499836496602 40.69885182464494)","genusspecies":"Platanus x acerifolia - London planetree"}},{"type":"Feature","geometry":{"type":"Point","coordinates":[-73.91544932708611,40.80689758058919]},"properties":{"tpcondition":"Good","stumpdiameter":null,"riskratingdate":"2024-08-16 13:18:56.0000000","riskrating":"4","objectid":"3663670","globalid":"FA15B3CE-67D1-46ED-B0B3-954812874781","tpstructure":"Full","plantingspaceglobalid":"9B735D87-E9C1-4026-8DC5-52F76AE892F9","createddate":"2016-05-11 19:37:58.0000000","dbh":"9","planteddate":null,"updateddate":"2024-08-16 13:18:56.0000000","geometry":"POINT(-73.91544932708611 40.80689758058919)","genusspecies":"Quercus velutina - black oak"}},{"type":"Feature","geometry":{"type":"Point","coordinates":[-73.9214054888719,40.84628051510167]},"properties":{"tpcondition":"Fair","stumpdiameter":null,"riskratingdate":"2025-01-30 12:21:11.0000000","riskrating":"6","objectid":"3663671","globalid":"681350DE-13CF-47FA-BE10-2B7E5EC5C142","tpstructure":"Full","plantingspaceglobalid":"A21CFF06-FA47-423C-A202-C912B842C979","createddate":"2016-05-11 19:24:00.0000000","dbh":"12","planteddate":null,"updateddate":"2025-01-30 12:21:11.0000000","geometry":"POINT(-73.9214054888719 40.84628051510167)","genusspecies":"Quercus bicolor - swamp white oak"}},{"type":"Feature","geometry":{"type":"Point","coordinates":[-73.9785277336834,40.681209449483354]},"properties":{"tpcondition":"Fair","stumpdiameter":null,"riskratingdate":"2022-10-05 15:34:33.0000000","riskrating":"8","objectid":"3663672","globalid":"3FE1AC05-49EB-4C73-8969-60D73B182D99","tpstructure":"Full","plantingspaceglobalid":"74C80F68-E6DB-43CC-895C-E783B84381B3","createddate":"2016-05-11 20:03:24.0000000","dbh":"14","planteddate":null,"updateddate":"2022-10-05 15:34:33.0000000","geometry":"POINT(-73.9785277336834 40.681209449483354)","genusspecies":"Gleditsia triacanthos var. inermis - Thornless honeylocust"}},{"type":"Feature","geometry":{"type":"Point","coordinates":[-73.85229410671262,40.847081480577536]},"properties":{"tpcondition":"Good","stumpdiameter":null,"riskratingdate":"2021-10-20 15:08:59.0000000","riskrating":"6","objectid":"3663674","globalid":"49B26C9A-B65F-4B07-82DF-77E7CE3D2249","tpstructure":"Full","plantingspaceglobalid":"9544E110-160E-412B-958A-C87A4BC7065C","createddate":"2016-05-11 19:49:14.0000000","dbh":"8","planteddate":null,"updateddate":"2021-10-20 15:08:59.0000000","geometry":"POINT(-73.85229410671262 40.847081480577536)","genusspecies":"Ulmus parvifolia - Chinese elm"}},{"type":"Feature","geometry":{"type":"Point","coordinates":[-73.85288162945538,40.7359264136015]},"properties":{"tpcondition":"Good","stumpdiameter":null,"riskratingdate":"2023-10-31 11:44:29.0000000","riskrating":"9","objectid":"3663675","globalid":"4AE3CDF4-E8C2-48CB-817D-4F7131976973","tpstructure":"Full","plantingspaceglobalid":"A11C0D4E-C0AE-4F76-AB91-FAFD4A423522","createddate":"2016-05-11 20:30:18.0000000","dbh":"24","planteddate":null,"updateddate":"2023-10-31 11:44:29.0000000","geometry":"POINT(-73.85288162945538 40.7359264136015)","genusspecies":"Platanus x acerifolia - London planetree"}},{"type":"Feature","geometry":{"type":"Point","coordinates":[-73.91438449860777,40.76725259163743]},"properties":{"tpcondition":"Good","stumpdiameter":"0","riskratingdate":null,"riskrating":null,"objectid":"3663676","globalid":"D83006DE-4455-4882-BA93-DE27E85F68FA","tpstructure":"Full","plantingspaceglobalid":"C9A602A2-B77A-470F-A4CD-7DCFE0CA94B1","createddate":"2016-05-11 18:59:07.0000000","dbh":"13","planteddate":null,"updateddate":"2017-10-23 09:32:42.0000000","geometry":"POINT(-73.91438449860777 40.76725259163743)","genusspecies":"Tilia cordata - littleleaf linden"}},{"type":"Feature","geometry":{"type":"Point","coordinates":[-73.904502114734,40.692969725949624]},"properties":{"tpcondition":"Fair","stumpdiameter":"0","riskratingdate":null,"riskrating":null,"objectid":"3663677","globalid":"1F138050-82CD-4D9C-BA92-A13F0A739C48","tpstructure":"Full","plantingspaceglobalid":"B75E04FC-EC26-4B2B-A04E-EFF263A80D2B","createddate":"2016-05-11 20:45:53.0000000","dbh":"9","planteddate":null,"updateddate":"2017-01-18 08:54:46.0000000","geometry":"POINT(-73.904502114734 40.692969725949624)","genusspecies":"Styphnolobium japonicum - Japanese pagoda tree"}},{"type":"Feature","geometry":{"type":"Point","coordinates":[-73.89222891491139,40.847964287422926]},"properties":{"tpcondition":"Unknown","stumpdiameter":"0","riskratingdate":"2023-12-18 19:00:00.0000000","riskrating":"6","objectid":"3663678","globalid":"1185B67D-E408-4F62-9848-D9FDC14A7A07","tpstructure":"Stump","plantingspaceglobalid":"20ECF3B5-283E-45D5-9936-B105E5AD1338","createddate":"2016-05-11 18:10:00.0000000","dbh":null,"planteddate":null,"updateddate":"2024-09-26 15:41:50.0000000","geometry":"POINT(-73.89222891491139 40.847964287422926)","genusspecies":"Pyrus calleryana - Callery pear"}},{"type":"Feature","geometry":{"type":"Point","coordinates":[-74.06778979637609,40.58922527801484]},"properties":{"tpcondition":"Fair","stumpdiameter":"0","riskratingdate":null,"riskrating":null,"objectid":"3663679","globalid":"254604A9-E29A-4CB6-A651-FE85EEFF2F3C","tpstructure":"Full","plantingspaceglobalid":"D9B00773-1C67-49E1-AD46-F3B1F5BC5CCE","createddate":"2016-05-11 20:51:22.0000000","dbh":"2","planteddate":null,"updateddate":"2018-12-13 19:23:57.0000000","geometry":"POINT(-74.06778979637609 40.58922527801484)","genusspecies":"Styphnolobium japonicum - Japanese pagoda tree"}},{"type":"Feature","geometry":{"type":"Point","coordinates":[-73.86462443533308,40.743561900799385]},"properties":{"tpcondition":"Fair","stumpdiameter":null,"riskratingdate":"2023-05-09 15:41:18.0000000","riskrating":"7","objectid":"3663680","globalid":"DE68E662-EC10-42DC-884B-946C113C7E4D","tpstructure":"Full","plantingspaceglobalid":"1E8E059B-BDE3-45D6-836C-0EE59B39BD17","createddate":"2016-05-11 18:26:59.0000000","dbh":"27","planteddate":null,"updateddate":"2023-05-09 15:41:18.0000000","geometry":"POINT(-73.86462443533308 40.743561900799385)","genusspecies":"Platanus x acerifolia - London planetree"}},{"type":"Feature","geometry":{"type":"Point","coordinates":[-73.92099450293266,40.70496873641295]},"properties":{"tpcondition":"Good","stumpdiameter":"0","riskratingdate":"2019-05-17 09:07:56.0000000","riskrating":"3","objectid":"3663681","globalid":"35FC68FB-E8D7-4336-ACFC-E90893AD6003","tpstructure":"Full","plantingspaceglobalid":"D7C41EF8-6401-4B91-A114-FE519FF5ED67","createddate":"2016-05-11 19:03:23.0000000","dbh":"4","planteddate":null,"updateddate":"2019-05-17 13:07:56.0000000","geometry":"POINT(-73.92099450293266 40.70496873641295)","genusspecies":"Tilia americana - American basswood"}},{"type":"Feature","geometry":{"type":"Point","coordinates":[-73.90803237100872,40.84374976550408]},"properties":{"tpcondition":"Fair","stumpdiameter":null,"riskratingdate":"2025-08-07 15:14:01.0000000","riskrating":"6","objectid":"3663682","globalid":"D3B3FEE4-3255-46B7-B970-E0A1423216C7","tpstructure":"Full","plantingspaceglobalid":"9A4705B5-C64B-43A5-A07B-98273E8C06CA","createddate":"2016-05-11 19:51:30.0000000","dbh":"12","planteddate":null,"updateddate":"2025-08-07 15:14:01.0000000","geometry":"POINT(-73.90803237100872 40.84374976550408)","genusspecies":"Quercus palustris - pin oak"}},{"type":"Feature","geometry":{"type":"Point","coordinates":[-73.88184461621974,40.73864002317849]},"properties":{"tpcondition":"Good","stumpdiameter":null,"riskratingdate":"2023-10-05 16:23:22.0000000","riskrating":"7","objectid":"3663683","globalid":"D5F006EF-6F51-4715-B01D-1ED15AD05BE8","tpstructure":"Full","plantingspaceglobalid":"9DCBF9C6-9A93-4FDC-A0FD-2C8C3CFAB077","createddate":"2016-05-11 18:19:40.0000000","dbh":"15","planteddate":null,"updateddate":"2024-06-17 15:09:39.0000000","geometry":"POINT(-73.88184461621974 40.73864002317849)","genusspecies":"Fraxinus pennsylvanica - Green ash"}},{"type":"Feature","geometry":{"type":"Point","coordinates":[-73.88365045280722,40.76210114279937]},"properties":{"tpcondition":"Fair","stumpdiameter":null,"riskratingdate":"2024-05-30 13:04:41.0000000","riskrating":"7","objectid":"3663684","globalid":"88BA5164-E4D8-4971-A469-36BFB71BCEE4","tpstructure":"Full","plantingspaceglobalid":"816A97C6-9254-4589-B0E4-456578312D61","createddate":"2016-05-11 19:05:39.0000000","dbh":"16","planteddate":null,"updateddate":"2024-05-30 13:04:41.0000000","geometry":"POINT(-73.88365045280722 40.76210114279937)","genusspecies":"Fraxinus pennsylvanica - Green ash"}},{"type":"Feature","geometry":{"type":"Point","coordinates":[-73.96823256722043,40.69063131059469]},"properties":{"tpcondition":"Good","stumpdiameter":null,"riskratingdate":"2022-08-24 14:50:51.0000000","riskrating":"8","objectid":"3663685","globalid":"DE69B5D6-797E-4FD5-8BF8-CDD494AC4DC4","tpstructure":"Full","plantingspaceglobalid":"0CC5526C-7DCA-4821-A294-65D4A55E2F87","createddate":"2016-05-11 18:25:11.0000000","dbh":"15","planteddate":null,"updateddate":"2022-08-24 14:50:51.0000000","geometry":"POINT(-73.96823256722043 40.69063131059469)","genusspecies":"Ginkgo biloba - maidenhair tree"}},{"type":"Feature","geometry":{"type":"Point","coordinates":[-73.88038596832776,40.748664601600375]},"properties":{"tpcondition":"Good","stumpdiameter":null,"riskratingdate":"2024-08-29 13:52:19.0000000","riskrating":"9","objectid":"3663686","globalid":"65D65879-1315-47FD-AA92-2A19DA450088","tpstructure":"Full","plantingspaceglobalid":"9C4A41D1-B9D7-4062-B3EC-0FA0F5D829F9","createddate":"2016-05-11 17:38:08.0000000","dbh":"16","planteddate":null,"updateddate":"2024-08-29 13:52:19.0000000","geometry":"POINT(-73.88038596832776 40.748664601600375)","genusspecies":"Prunus serrulata 'Green leaf' - 'Green leaf' Japanese flowering cherry"}},{"type":"Feature","geometry":{"type":"Point","coordinates":[-73.94310577919515,40.72250294587174]},"properties":{"tpcondition":"Good","stumpdiameter":null,"riskratingdate":"2021-06-15 12:55:47.0000000","riskrating":"4","objectid":"3663687","globalid":"A705499D-574A-43BC-9106-D42225AABDB3","tpstructure":"Full","plantingspaceglobalid":"93BEC708-B666-4063-B057-48708AFDB833","createddate":"2016-05-11 19:23:13.0000000","dbh":"11","planteddate":null,"updateddate":"2021-06-15 12:55:47.0000000","geometry":"POINT(-73.94310577919515 40.72250294587174)","genusspecies":"Tilia cordata - littleleaf linden"}},{"type":"Feature","geometry":{"type":"Point","coordinates":[-73.91751328875146,40.68490666427852]},"properties":{"tpcondition":"Good","stumpdiameter":"0","riskratingdate":null,"riskrating":null,"objectid":"3663688","globalid":"6A8A0489-BC1D-4C9E-85F7-9A9FC7687877","tpstructure":"Full","plantingspaceglobalid":"B65FC2E3-848D-4799-A62B-1078BFD4B685","createddate":"2016-05-11 19:44:57.0000000","dbh":"16","planteddate":null,"updateddate":null,"geometry":"POINT(-73.91751328875146 40.68490666427852)","genusspecies":"Platanus x acerifolia - London planetree"}},{"type":"Feature","geometry":{"type":"Point","coordinates":[-73.83482211953864,40.843173257685095]},"properties":{"tpcondition":"Good","stumpdiameter":null,"riskratingdate":"2023-10-12 13:03:47.0000000","riskrating":"9","objectid":"3663689","globalid":"8D867F13-A4F6-40D8-B308-ABFABC981A55","tpstructure":"Full","plantingspaceglobalid":"E8EFE09A-6079-41D1-BFB3-115B51FE0188","createddate":"2016-05-11 18:24:27.0000000","dbh":"22","planteddate":null,"updateddate":"2023-10-12 13:03:47.0000000","geometry":"POINT(-73.83482211953864 40.843173257685095)","genusspecies":"Platanus x acerifolia - London planetree"}},{"type":"Feature","geometry":{"type":"Point","coordinates":[-73.94059586403422,40.72549144679268]},"properties":{"tpcondition":"Fair","stumpdiameter":null,"riskratingdate":"2024-03-18 22:00:22.0000000","riskrating":"5","objectid":"3663690","globalid":"F7F98192-01F7-4A54-A3F0-5BC0088604B9","tpstructure":"Full","plantingspaceglobalid":"7781A933-3ACD-40DA-8890-618F6E968F86","createddate":"2016-05-11 17:47:32.0000000","dbh":"24","planteddate":null,"updateddate":"2024-03-18 22:00:22.0000000","geometry":"POINT(-73.94059586403422 40.72549144679268)","genusspecies":"Platanus x acerifolia - London planetree"}},{"type":"Feature","geometry":{"type":"Point","coordinates":[-73.8967518026047,40.82040451367028]},"properties":{"tpcondition":"Fair","stumpdiameter":null,"riskratingdate":"2024-09-24 14:01:44.0000000","riskrating":"6","objectid":"3663691","globalid":"92759DDB-FAFE-4F73-B8D9-06A9B6ED4B44","tpstructure":"Full","plantingspaceglobalid":"4F97E0CD-59B1-4C22-89A2-2B06D6B0BBBA","createddate":"2016-05-11 18:44:13.0000000","dbh":"7","planteddate":null,"updateddate":"2024-09-24 14:01:44.0000000","geometry":"POINT(-73.8967518026047 40.82040451367028)","genusspecies":"Quercus palustris - pin oak"}},{"type":"Feature","geometry":{"type":"Point","coordinates":[-73.96891635676333,40.67716560101496]},"properties":{"tpcondition":"Dead","stumpdiameter":"8","riskratingdate":"2021-02-26 17:18:44.0000000","riskrating":"6","objectid":"3663692","globalid":"318C7075-74A4-42DE-A9CD-8514C85B0342","tpstructure":"Stump","plantingspaceglobalid":"D7490ADC-E1DD-431E-962F-FF935952518B","createddate":"2016-05-11 18:55:54.0000000","dbh":null,"planteddate":null,"updateddate":"2023-12-11 13:46:55.0000000","geometry":"POINT(-73.96891635676333 40.67716560101496)","genusspecies":"Carpinus betulus - European hornbeam"}},{"type":"Feature","geometry":{"type":"Point","coordinates":[-73.92591690788163,40.744730864513706]},"properties":{"tpcondition":"Good","stumpdiameter":"0","riskratingdate":null,"riskrating":null,"objectid":"3663693","globalid":"54C3F7FC-58DB-4355-9C82-E9D99C763F60","tpstructure":"Full","plantingspaceglobalid":"C29135D6-B519-4664-BDE3-B9BAD66D2630","createddate":"2016-05-11 20:35:04.0000000","dbh":"12","planteddate":null,"updateddate":null,"geometry":"POINT(-73.92591690788163 40.744730864513706)","genusspecies":"Gleditsia triacanthos var. inermis - Thornless honeylocust"}},{"type":"Feature","geometry":{"type":"Point","coordinates":[-73.93195171307029,40.75961546904072]},"properties":{"tpcondition":"Fair","stumpdiameter":null,"riskratingdate":"2024-01-29 18:02:07.0000000","riskrating":"9","objectid":"3663694","globalid":"00FB5C39-CC4E-4865-8BAD-E107CF0ECA0C","tpstructure":"Full","plantingspaceglobalid":"D9EFB9D8-5CD2-41DC-A0E0-3D7895C9363A","createddate":"2016-05-11 20:23:22.0000000","dbh":"28","planteddate":null,"updateddate":"2024-01-29 18:02:07.0000000","geometry":"POINT(-73.93195171307029 40.75961546904072)","genusspecies":"Platanus x acerifolia - London planetree"}},{"type":"Feature","geometry":{"type":"Point","coordinates":[-73.99353340708274,40.68143067294423]},"properties":{"tpcondition":"Fair","stumpdiameter":null,"riskratingdate":"2024-06-28 15:58:56.0000000","riskrating":"7","objectid":"3663695","globalid":"2651BD1C-20AE-4D10-A690-18F0DDEEFFF5","tpstructure":"Full","plantingspaceglobalid":"C0D36F9C-A1C8-4EB2-8BF7-0DC8E188BB17","createddate":"2016-05-11 20:39:49.0000000","dbh":"15","planteddate":null,"updateddate":"2024-06-28 15:58:56.0000000","geometry":"POINT(-73.99353340708274 40.68143067294423)","genusspecies":"Ginkgo biloba - maidenhair tree"}},{"type":"Feature","geometry":{"type":"Point","coordinates":[-73.98777032650041,40.668982832760285]},"properties":{"tpcondition":"Fair","stumpdiameter":"0","riskratingdate":"2018-09-11 11:26:02.0000000","riskrating":"9","objectid":"3663696","globalid":"69E4D870-D9DE-4F9E-B669-AE90CD40C135","tpstructure":"Full","plantingspaceglobalid":"7A83855D-5530-4AF3-AEC6-A845D9E2D1D1","createddate":"2016-05-11 20:06:02.0000000","dbh":"19","planteddate":null,"updateddate":"2019-02-12 16:25:00.0000000","geometry":"POINT(-73.98777032650041 40.668982832760285)","genusspecies":"Platanus x acerifolia - London planetree"}},{"type":"Feature","geometry":{"type":"Point","coordinates":[-73.87239706685362,40.73488625262293]},"properties":{"tpcondition":"Fair","stumpdiameter":null,"riskratingdate":"2022-02-18 14:33:46.0000000","riskrating":"7","objectid":"3663697","globalid":"DCE70421-134F-40C9-9C45-F54D92F99C8A","tpstructure":"Full","plantingspaceglobalid":"FA469B58-E9CE-4ED5-B1BF-D71FAE061A8D","createddate":"2016-05-11 19:40:14.0000000","dbh":"17","planteddate":null,"updateddate":"2022-02-18 14:33:46.0000000","geometry":"POINT(-73.87239706685362 40.73488625262293)","genusspecies":"Quercus palustris - pin oak"}},{"type":"Feature","geometry":{"type":"Point","coordinates":[-73.96715328911496,40.67819019686499]},"properties":{"tpcondition":"Good","stumpdiameter":"0","riskratingdate":null,"riskrating":null,"objectid":"3663698","globalid":"BC1430EF-AE44-4053-B15C-DF47B93EEA87","tpstructure":"Full","plantingspaceglobalid":"F171810C-AB86-4650-A944-4619630C68FB","createddate":"2016-05-11 19:25:02.0000000","dbh":"9","planteddate":null,"updateddate":"2018-07-12 16:51:55.0000000","geometry":"POINT(-73.96715328911496 40.67819019686499)","genusspecies":"Zelkova serrata - Japanese zelkova"}},{"type":"Feature","geometry":{"type":"Point","coordinates":[-73.91737246306312,40.70603585367227]},"properties":{"tpcondition":"Dead","stumpdiameter":"13","riskratingdate":null,"riskrating":null,"objectid":"3663699","globalid":"C72C584A-7117-423C-860D-FD41CBC53462","tpstructure":"Retired","plantingspaceglobalid":"93AB7B51-40BA-44A9-AD0F-48EAD811B3AC","createddate":"2016-05-11 20:22:00.0000000","dbh":"10","planteddate":null,"updateddate":"2017-04-13 11:11:11.0000000","geometry":"POINT(-73.91737246306312 40.70603585367227)","genusspecies":"Styphnolobium japonicum - Japanese pagoda tree"}},{"type":"Feature","geometry":{"type":"Point","coordinates":[-73.84171130821137,40.84620365544528]},"properties":{"tpcondition":"Fair","stumpdiameter":"0","riskratingdate":null,"riskrating":null,"objectid":"3663700","globalid":"5A339E9C-BFB9-4160-B1EC-EBE991FAAA86","tpstructure":"Retired","plantingspaceglobalid":"E6037112-7309-4AFB-A345-39A969631DE3","createddate":"2016-05-11 19:50:00.0000000","dbh":"18","planteddate":null,"updateddate":"2020-07-20 14:55:00.0000000","geometry":"POINT(-73.84171130821137 40.84620365544528)","genusspecies":"Platanus x acerifolia - London planetree"}},{"type":"Feature","geometry":{"type":"Point","coordinates":[-73.94704940779391,40.70975319508931]},"properties":{"tpcondition":"Good","stumpdiameter":"0","riskratingdate":"2019-06-11 13:16:39.0000000","riskrating":"3","objectid":"3663701","globalid":"5041A854-D682-4F16-9E55-20793546B3DD","tpstructure":"Full","plantingspaceglobalid":"E9A4DB45-ECC4-4CAA-B351-B48E8556B870","createddate":"2016-05-11 17:41:32.0000000","dbh":"7","planteddate":null,"updateddate":"2019-06-11 17:16:39.0000000","geometry":"POINT(-73.94704940779391 40.70975319508931)","genusspecies":"Pyrus calleryana - Callery pear"}},{"type":"Feature","geometry":{"type":"Point","coordinates":[-73.866135847792,40.767591147373885]},"properties":{"tpcondition":"Good","stumpdiameter":"0","riskratingdate":null,"riskrating":null,"objectid":"3663702","globalid":"4D14043A-A5B3-41FD-8235-1AEEABB82DCF","tpstructure":"Full","plantingspaceglobalid":"6158CBEA-8349-4ED1-BE7F-B54E35316594","createddate":"2016-05-11 17:32:23.0000000","dbh":"20","planteddate":null,"updateddate":"2017-10-18 11:55:50.0000000","geometry":"POINT(-73.866135847792 40.767591147373885)","genusspecies":"Pyrus calleryana - Callery pear"}},{"type":"Feature","geometry":{"type":"Point","coordinates":[-73.80296485420695,40.71369179409418]},"properties":{"tpcondition":"Good","stumpdiameter":"0","riskratingdate":null,"riskrating":null,"objectid":"3663703","globalid":"3F0CF84B-1813-41E2-AE4F-5207218CED3B","tpstructure":"Full","plantingspaceglobalid":"0230BD6A-F0EB-4803-8A58-3D0DF229211B","createddate":"2016-05-11 18:16:45.0000000","dbh":"4","planteddate":null,"updateddate":"2016-08-15 11:02:22.0000000","geometry":"POINT(-73.80296485420695 40.71369179409418)","genusspecies":"Pinus strobus - eastern white pine"}},{"type":"Feature","geometry":{"type":"Point","coordinates":[-73.87058291299017,40.76351794074647]},"properties":{"tpcondition":"Good","stumpdiameter":"0","riskratingdate":null,"riskrating":null,"objectid":"3663704","globalid":"47C75723-F783-4473-8708-79ABE4D1461A","tpstructure":"Full","plantingspaceglobalid":"1470B297-541D-4D22-BC3D-58FDB351CF6D","createddate":"2016-05-11 19:30:37.0000000","dbh":"15","planteddate":null,"updateddate":"2018-12-04 13:45:00.0000000","geometry":"POINT(-73.87058291299017 40.76351794074647)","genusspecies":"Ginkgo biloba - maidenhair tree"}},{"type":"Feature","geometry":{"type":"Point","coordinates":[-73.852299536773,40.718355707240285]},"properties":{"tpcondition":"Good","stumpdiameter":null,"riskratingdate":"2024-06-13 15:48:24.0000000","riskrating":"4","objectid":"3663705","globalid":"2FA6389D-1C81-4C16-891E-1E4ED4299901","tpstructure":"Full","plantingspaceglobalid":"5FD587F9-A957-4F20-9A40-C1A034815B03","createddate":"2016-05-11 19:16:00.0000000","dbh":"7","planteddate":null,"updateddate":"2024-06-13 15:48:24.0000000","geometry":"POINT(-73.852299536773 40.718355707240285)","genusspecies":"Prunus serotina - black cherry"}},{"type":"Feature","geometry":{"type":"Point","coordinates":[-73.82401978450265,40.86898837716447]},"properties":{"tpcondition":"Good","stumpdiameter":"0","riskratingdate":null,"riskrating":null,"objectid":"3663706","globalid":"43180C4C-160D-4698-891E-A6F910D6EC2A","tpstructure":"Full","plantingspaceglobalid":"DA69EA4E-0EBF-40DA-AD2C-E8D99A58980A","createddate":"2016-05-11 19:26:14.0000000","dbh":"9","planteddate":null,"updateddate":null,"geometry":"POINT(-73.82401978450265 40.86898837716447)","genusspecies":"Zelkova serrata - Japanese zelkova"}},{"type":"Feature","geometry":{"type":"Point","coordinates":[-73.90929036482648,40.83855572649779]},"properties":{"tpcondition":"Good","stumpdiameter":null,"riskratingdate":"2025-08-13 13:51:49.0000000","riskrating":"7","objectid":"3663707","globalid":"8A72D6DB-4E5B-4DC9-A32D-7034A3139EF0","tpstructure":"Full","plantingspaceglobalid":"009DD3FE-C4F9-47A6-9824-D488685723EB","createddate":"2016-05-11 17:26:37.0000000","dbh":"26","planteddate":null,"updateddate":"2025-08-13 13:51:49.0000000","geometry":"POINT(-73.90929036482648 40.83855572649779)","genusspecies":"Tilia americana - American basswood"}},{"type":"Feature","geometry":{"type":"Point","coordinates":[-73.88591494393468,40.74779362930734]},"properties":{"tpcondition":"Fair","stumpdiameter":null,"riskratingdate":"2024-07-25 13:16:59.0000000","riskrating":"7","objectid":"3663708","globalid":"02FC0071-C86D-41F8-A5D6-0315258EC357","tpstructure":"Full","plantingspaceglobalid":"BD840ED4-EE81-4909-A515-BDD1DF02F539","createddate":"2016-05-11 19:11:25.0000000","dbh":"14","planteddate":null,"updateddate":"2024-07-25 13:16:59.0000000","geometry":"POINT(-73.88591494393468 40.74779362930734)","genusspecies":"Robinia pseudoacacia - black locust"}},{"type":"Feature","geometry":{"type":"Point","coordinates":[-73.7697318102312,40.76274754669383]},"properties":{"tpcondition":"Good","stumpdiameter":null,"riskratingdate":"2025-11-05 15:30:06.0000000","riskrating":"7","objectid":"3663709","globalid":"A85303E0-2ACB-438A-8F5D-2A85F44D3194","tpstructure":"Full","plantingspaceglobalid":"BE281552-4F5A-4CDF-9FC7-626B5196FB83","createddate":"2016-05-11 18:10:35.0000000","dbh":"5","planteddate":null,"updateddate":"2025-11-05 15:30:06.0000000","geometry":"POINT(-73.7697318102312 40.76274754669383)","genusspecies":"Syringa reticulata - Japanese tree lilac"}},{"type":"Feature","geometry":{"type":"Point","coordinates":[-73.99062325609785,40.68842536964849]},"properties":{"tpcondition":"Fair","stumpdiameter":null,"riskratingdate":"2024-06-13 12:59:40.0000000","riskrating":"5","objectid":"3663710","globalid":"E1D3D589-49DA-4BD2-9CC0-99BF42A242DF","tpstructure":"Full","plantingspaceglobalid":"38A93267-5D6C-4D74-B597-BC708D7E8177","createddate":"2016-05-11 18:41:09.0000000","dbh":"18","planteddate":null,"updateddate":"2024-06-13 12:59:40.0000000","geometry":"POINT(-73.99062325609785 40.68842536964849)","genusspecies":"Pyrus calleryana - Callery pear"}},{"type":"Feature","geometry":{"type":"Point","coordinates":[-73.83388122341717,40.71474033977834]},"properties":{"tpcondition":"Good","stumpdiameter":"0","riskratingdate":null,"riskrating":null,"objectid":"3663711","globalid":"0E470F30-08AA-43E2-827F-D55B9E5C93C3","tpstructure":"Full","plantingspaceglobalid":"C6A79165-3484-426C-BA23-E82A7A32CBEE","createddate":"2016-05-11 19:49:37.0000000","dbh":"21","planteddate":null,"updateddate":"2018-10-19 13:38:35.0000000","geometry":"POINT(-73.83388122341717 40.71474033977834)","genusspecies":"Quercus palustris - pin oak"}},{"type":"Feature","geometry":{"type":"Point","coordinates":[-73.89380857241734,40.81824163481308]},"properties":{"tpcondition":"Fair","stumpdiameter":null,"riskratingdate":"2024-09-24 20:18:37.0000000","riskrating":"3","objectid":"3663712","globalid":"7B499C58-3DB5-438F-8442-671F53997880","tpstructure":"Full","plantingspaceglobalid":"8EDF0F82-ECE5-4E71-BC66-5C99CC91F6EF","createddate":"2016-05-11 18:12:01.0000000","dbh":"10","planteddate":null,"updateddate":"2024-09-24 20:18:37.0000000","geometry":"POINT(-73.89380857241734 40.81824163481308)","genusspecies":"Prunus serrulata 'Green leaf' - 'Green leaf' Japanese flowering cherry"}},{"type":"Feature","geometry":{"type":"Point","coordinates":[-73.91600040437102,40.7613801529688]},"properties":{"tpcondition":"Fair","stumpdiameter":null,"riskratingdate":"2023-10-02 16:33:36.0000000","riskrating":"8","objectid":"3663713","globalid":"3D845B71-FC96-4635-B887-0973A71D6292","tpstructure":"Full","plantingspaceglobalid":"54535038-1A06-41C5-BEE3-7C831B0F45F2","createddate":"2016-05-11 19:24:47.0000000","dbh":"11","planteddate":null,"updateddate":"2024-06-04 14:35:26.0000000","geometry":"POINT(-73.91600040437102 40.7613801529688)","genusspecies":"Fraxinus pennsylvanica - Green ash"}},{"type":"Feature","geometry":{"type":"Point","coordinates":[-73.97365531117778,40.67256289932016]},"properties":{"tpcondition":"Good","stumpdiameter":"0","riskratingdate":null,"riskrating":null,"objectid":"3663714","globalid":"59F3FCC5-2C6C-4F33-907E-56BB23F2C5C0","tpstructure":"Full","plantingspaceglobalid":"FE21A414-6700-4C6C-8C52-563FD569DFE1","createddate":"2016-05-11 19:31:32.0000000","dbh":"22","planteddate":null,"updateddate":null,"geometry":"POINT(-73.97365531117778 40.67256289932016)","genusspecies":"Quercus palustris - pin oak"}},{"type":"Feature","geometry":{"type":"Point","coordinates":[-73.8498099595654,40.8413163265333]},"properties":{"tpcondition":"Good","stumpdiameter":"0","riskratingdate":"2017-09-14 14:08:00.0000000","riskrating":"6","objectid":"3663715","globalid":"2A08752C-8B21-4A71-8A04-42EE517B2560","tpstructure":"Retired","plantingspaceglobalid":"8CAED33C-1E7C-4B75-BE10-9BA927B42068","createddate":"2016-05-11 18:57:00.0000000","dbh":"2","planteddate":null,"updateddate":"2025-01-22 20:19:00.0000000","geometry":"POINT(-73.8498099595654 40.8413163265333)","genusspecies":"Tilia tomentosa 'Sterling' - 'Sterling' Silver linden"}},{"type":"Feature","geometry":{"type":"Point","coordinates":[-73.75910876122818,40.76327987483446]},"properties":{"tpcondition":"Good","stumpdiameter":null,"riskratingdate":"2025-10-30 16:15:53.0000000","riskrating":"6","objectid":"3663716","globalid":"8D88C362-B466-46EC-AC98-683E1434D084","tpstructure":"Full","plantingspaceglobalid":"8A65B0E9-041B-4A00-A3D1-436FCA844818","createddate":"2016-05-11 18:29:11.0000000","dbh":"13","planteddate":null,"updateddate":"2025-10-30 16:15:53.0000000","geometry":"POINT(-73.75910876122818 40.76327987483446)","genusspecies":"Zelkova serrata - Japanese zelkova"}},{"type":"Feature","geometry":{"type":"Point","coordinates":[-73.88593888515841,40.758359755028295]},"properties":{"tpcondition":"Good","stumpdiameter":"0","riskratingdate":"2020-02-07 21:27:31.0000000","riskrating":"4","objectid":"3663717","globalid":"0C42B96B-76AD-461A-BEF5-6A45403B3F67","tpstructure":"Full","plantingspaceglobalid":"671AD212-D5B3-4E98-A27C-ED0E6DF41A3E","createddate":"2016-05-11 20:00:09.0000000","dbh":"6","planteddate":null,"updateddate":"2020-02-07 21:27:31.0000000","geometry":"POINT(-73.88593888515841 40.758359755028295)","genusspecies":"Acer platanoides 'Not Green Leaf' - 'Not Green Leaf' Norway maple"}},{"type":"Feature","geometry":{"type":"Point","coordinates":[-73.85384277897221,40.81736108885115]},"properties":{"tpcondition":"Good","stumpdiameter":null,"riskratingdate":"2025-06-24 00:21:25.0000000","riskrating":"6","objectid":"3663718","globalid":"5485F499-6A58-422A-9067-F6A123CF42A4","tpstructure":"Full","plantingspaceglobalid":"57C6BC02-01E7-4FC3-BE2D-95D973C67EED","createddate":"2016-05-11 20:51:28.0000000","dbh":"9","planteddate":null,"updateddate":"2025-06-24 00:21:25.0000000","geometry":"POINT(-73.85384277897221 40.81736108885115)","genusspecies":"Liquidambar styraciflua - sweetgum"}},{"type":"Feature","geometry":{"type":"Point","coordinates":[-73.9102663537672,40.70966752708471]},"properties":{"tpcondition":"Fair","stumpdiameter":null,"riskratingdate":"2022-02-10 14:56:18.0000000","riskrating":"7","objectid":"3663719","globalid":"F0865209-B719-4EA7-AF41-529D27B5D210","tpstructure":"Full","plantingspaceglobalid":"C05817D9-149D-48C6-8B50-7906DD456F9F","createddate":"2016-05-11 18:09:44.0000000","dbh":"13","planteddate":null,"updateddate":"2022-02-10 14:56:18.0000000","geometry":"POINT(-73.9102663537672 40.70966752708471)","genusspecies":"Gleditsia triacanthos var. inermis - Thornless honeylocust"}},{"type":"Feature","geometry":{"type":"Point","coordinates":[-73.91659966903696,40.709288747318766]},"properties":{"tpcondition":"Good","stumpdiameter":null,"riskratingdate":"2024-01-02 14:14:21.0000000","riskrating":"6","objectid":"3663720","globalid":"2E9D28D5-EA9A-47AC-A163-3ECE4C53E847","tpstructure":"Full","plantingspaceglobalid":"E9E2F889-10F7-44F5-A302-578DC1DD9923","createddate":"2016-05-11 20:46:43.0000000","dbh":"12","planteddate":null,"updateddate":"2024-01-02 14:14:21.0000000","geometry":"POINT(-73.91659966903696 40.709288747318766)","genusspecies":"Liquidambar styraciflua - sweetgum"}},{"type":"Feature","geometry":{"type":"Point","coordinates":[-73.84917069270743,40.84052233907753]},"properties":{"tpcondition":"Fair","stumpdiameter":null,"riskratingdate":"2025-03-04 18:27:02.0000000","riskrating":"6","objectid":"3663721","globalid":"338CA878-749C-448B-9918-512B6F5E92DD","tpstructure":"Full","plantingspaceglobalid":"2EB3B9EC-2F6A-44B9-BDA9-11BFABA039A3","createddate":"2016-05-11 18:50:57.0000000","dbh":"7","planteddate":null,"updateddate":"2025-03-04 18:27:02.0000000","geometry":"POINT(-73.84917069270743 40.84052233907753)","genusspecies":"Tilia cordata - littleleaf linden"}},{"type":"Feature","geometry":{"type":"Point","coordinates":[-73.8757361479891,40.76582531935645]},"properties":{"tpcondition":"Fair","stumpdiameter":"0","riskratingdate":null,"riskrating":null,"objectid":"3663722","globalid":"912E1DDA-A527-4225-92A7-8C07AE6FB6D1","tpstructure":"Full","plantingspaceglobalid":"06C36656-A3E8-45A5-B225-FA4D14A3E69D","createddate":"2016-05-11 20:56:49.0000000","dbh":"3","planteddate":null,"updateddate":"2018-12-05 19:36:47.0000000","geometry":"POINT(-73.8757361479891 40.76582531935645)","genusspecies":"Malus - apple"}},{"type":"Feature","geometry":{"type":"Point","coordinates":[-73.89155744098801,40.75799238959607]},"properties":{"tpcondition":"Good","stumpdiameter":null,"riskratingdate":"2025-10-22 15:12:11.0000000","riskrating":"5","objectid":"3663723","globalid":"839410AB-7073-4569-8507-0C29AA677B18","tpstructure":"Full","plantingspaceglobalid":"73429B74-B248-41C0-8D7F-02FF267B113E","createddate":"2016-05-11 20:08:47.0000000","dbh":"7","planteddate":null,"updateddate":"2025-10-22 15:12:11.0000000","geometry":"POINT(-73.89155744098801 40.75799238959607)","genusspecies":"Zelkova serrata - Japanese zelkova"}},{"type":"Feature","geometry":{"type":"Point","coordinates":[-73.98330818985472,40.67528084114715]},"properties":{"tpcondition":"Good","stumpdiameter":"0","riskratingdate":null,"riskrating":null,"objectid":"3663724","globalid":"8826D4A7-20B7-4EBE-BD0B-14A87FF8CB48","tpstructure":"Retired","plantingspaceglobalid":"B1BD1944-4D07-484E-AEE2-1D61BB733D4B","createddate":"2016-05-11 20:37:41.0000000","dbh":"4","planteddate":null,"updateddate":"2017-05-01 07:28:52.0000000","geometry":"POINT(-73.98330818985472 40.67528084114715)","genusspecies":"Gleditsia triacanthos var. inermis - Thornless honeylocust"}},{"type":"Feature","geometry":{"type":"Point","coordinates":[-73.87729562047333,40.71836862378837]},"properties":{"tpcondition":"Critical","stumpdiameter":"0","riskratingdate":"2020-08-09 17:18:33.0000000","riskrating":"8","objectid":"3663725","globalid":"B7CA3C2A-F810-4F00-A8D7-B988816081F9","tpstructure":"Retired","plantingspaceglobalid":"B7A5D8DC-D6FB-404A-8238-407C9AEB846E","createddate":"2016-05-11 17:25:47.0000000","dbh":"25","planteddate":null,"updateddate":"2023-07-28 12:05:37.0000000","geometry":"POINT(-73.87729562047333 40.71836862378837)","genusspecies":"Platanus x acerifolia - London planetree"}},{"type":"Feature","geometry":{"type":"Point","coordinates":[-73.87569147603692,40.75932505984258]},"properties":{"tpcondition":"Fair","stumpdiameter":"0","riskratingdate":"2019-01-04 10:49:17.0000000","riskrating":"3","objectid":"3663726","globalid":"8E950278-228D-4050-B1DE-F845C934C76B","tpstructure":"Full","plantingspaceglobalid":"DC2E2A28-D7A4-48F5-A438-2FE81C3BE4BC","createddate":"2016-05-11 20:27:35.0000000","dbh":"3","planteddate":null,"updateddate":"2019-01-04 15:49:18.0000000","geometry":"POINT(-73.87569147603692 40.75932505984258)","genusspecies":"Acer rubrum - red maple"}},{"type":"Feature","geometry":{"type":"Point","coordinates":[-73.8962079572268,40.70300695679221]},"properties":{"tpcondition":"Good","stumpdiameter":"0","riskratingdate":"2020-01-29 14:09:17.0000000","riskrating":"3","objectid":"3663727","globalid":"37CDFB89-D008-47AB-9A9F-D7B40597B40D","tpstructure":"Full","plantingspaceglobalid":"6716327A-AF90-43DC-93BF-3EA2D299B7EF","createddate":"2016-05-11 20:29:54.0000000","dbh":"4","planteddate":null,"updateddate":"2020-01-29 14:09:13.0000000","geometry":"POINT(-73.8962079572268 40.70300695679221)","genusspecies":"Malus - apple"}},{"type":"Feature","geometry":{"type":"Point","coordinates":[-73.97556083541778,40.671644120149985]},"properties":{"tpcondition":"Fair","stumpdiameter":null,"riskratingdate":"2025-03-15 20:17:21.0000000","riskrating":"7","objectid":"3663728","globalid":"46F29332-451C-425C-99D7-EA3B87979B32","tpstructure":"Full","plantingspaceglobalid":"20BF85AB-70AD-4BF7-906A-A2F857217967","createddate":"2016-05-11 19:33:55.0000000","dbh":"17","planteddate":null,"updateddate":"2025-03-15 20:17:21.0000000","geometry":"POINT(-73.97556083541778 40.671644120149985)","genusspecies":"Quercus palustris - pin oak"}},{"type":"Feature","geometry":{"type":"Point","coordinates":[-73.9582802627094,40.69883143225421]},"properties":{"tpcondition":"Good","stumpdiameter":null,"riskratingdate":"2025-06-11 13:24:57.0000000","riskrating":"3","objectid":"3663729","globalid":"7312D7A5-C9B3-4A0E-9DDA-8D3276FCDC07","tpstructure":"Full","plantingspaceglobalid":"3DD71807-A234-49FF-A5A4-E1B7D299D964","createddate":"2016-05-11 19:58:05.0000000","dbh":"7","planteddate":null,"updateddate":"2025-06-11 13:24:57.0000000","geometry":"POINT(-73.9582802627094 40.69883143225421)","genusspecies":"Ginkgo biloba - maidenhair tree"}},{"type":"Feature","geometry":{"type":"Point","coordinates":[-73.94530909587687,40.721672752458]},"properties":{"tpcondition":"Good","stumpdiameter":"0","riskratingdate":null,"riskrating":null,"objectid":"3663730","globalid":"C6BC6DF3-32D6-475D-8422-D664D6773932","tpstructure":"Full","plantingspaceglobalid":"AD2D67E3-6743-475E-A6BE-B1F88D962B3E","createddate":"2016-05-11 19:23:50.0000000","dbh":"5","planteddate":null,"updateddate":null,"geometry":"POINT(-73.94530909587687 40.721672752458)","genusspecies":"Syringa reticulata - Japanese tree lilac"}},{"type":"Feature","geometry":{"type":"Point","coordinates":[-73.93395459775249,40.69286699727671]},"properties":{"tpcondition":"Good","stumpdiameter":"0","riskratingdate":null,"riskrating":null,"objectid":"3663731","globalid":"FAEEEE6C-14FD-4A29-818F-5908485E3228","tpstructure":"Full","plantingspaceglobalid":"D8DA2A57-9911-42CA-82B6-F8E7C2F9D5F9","createddate":"2016-05-11 17:37:29.0000000","dbh":"9","planteddate":null,"updateddate":"2019-03-12 14:16:35.0000000","geometry":"POINT(-73.93395459775249 40.69286699727671)","genusspecies":"Quercus palustris - pin oak"}},{"type":"Feature","geometry":{"type":"Point","coordinates":[-73.81689650279202,40.829028378512795]},"properties":{"tpcondition":"Fair","stumpdiameter":null,"riskratingdate":"2024-06-27 16:19:23.0000000","riskrating":"7","objectid":"3663732","globalid":"EA8E70E5-1692-4EC8-874C-649FC23B66CD","tpstructure":"Full","plantingspaceglobalid":"6B01631C-9CB0-428B-9BB7-D0890BD2D291","createddate":"2016-05-11 18:41:24.0000000","dbh":"18","planteddate":null,"updateddate":"2024-06-27 16:19:23.0000000","geometry":"POINT(-73.81689650279202 40.829028378512795)","genusspecies":"Pyrus calleryana - Callery pear"}},{"type":"Feature","geometry":{"type":"Point","coordinates":[-73.83420712911877,40.84963649455295]},"properties":{"tpcondition":"Fair","stumpdiameter":null,"riskratingdate":"2025-02-12 15:37:25.0000000","riskrating":"6","objectid":"3663733","globalid":"DA5444F2-AB69-4557-8998-3326F04D4BED","tpstructure":"Full","plantingspaceglobalid":"49EAB66B-4A5B-4B6E-9E64-767DAB6D2B0E","createddate":"2016-05-11 19:27:57.0000000","dbh":"10","planteddate":null,"updateddate":"2025-02-12 15:37:25.0000000","geometry":"POINT(-73.83420712911877 40.84963649455295)","genusspecies":"Tilia cordata - littleleaf linden"}},{"type":"Feature","geometry":{"type":"Point","coordinates":[-73.86720340779677,40.85657389851894]},"properties":{"tpcondition":"Good","stumpdiameter":null,"riskratingdate":"2024-11-21 16:55:00.0000000","riskrating":"3","objectid":"3663734","globalid":"69906BB6-451D-489B-B69C-A15A548FDEA3","tpstructure":"Full","plantingspaceglobalid":"8CCEDC97-AD3E-4440-A80C-966F1CEFC216","createddate":"2016-05-11 17:39:07.0000000","dbh":"6","planteddate":null,"updateddate":"2024-11-21 16:55:00.0000000","geometry":"POINT(-73.86720340779677 40.85657389851894)","genusspecies":"Quercus robur - English oak"}},{"type":"Feature","geometry":{"type":"Point","coordinates":[-73.94886669438314,40.7238372977568]},"properties":{"tpcondition":"Good","stumpdiameter":null,"riskratingdate":"2020-08-11 19:52:33.0000000","riskrating":"8","objectid":"3663735","globalid":"D57018F9-9B03-4966-93C5-A97865589158","tpstructure":"Full","plantingspaceglobalid":"F74BDAFD-BA5E-4EF6-9187-7B29C1D37A58","createddate":"2016-05-11 19:23:10.0000000","dbh":"12","planteddate":null,"updateddate":"2020-08-11 19:52:33.0000000","geometry":"POINT(-73.94886669438314 40.7238372977568)","genusspecies":"Tilia cordata - littleleaf linden"}},{"type":"Feature","geometry":{"type":"Point","coordinates":[-73.90534466219576,40.815101849837916]},"properties":{"tpcondition":"Good","stumpdiameter":"0","riskratingdate":"2020-03-12 18:38:51.0000000","riskrating":"3","objectid":"3663736","globalid":"491A0493-9C4B-4776-92E4-11C65BAE75B2","tpstructure":"Full","plantingspaceglobalid":"FACFA04D-684C-4559-880F-39756DA81AB8","createddate":"2016-05-11 18:17:17.0000000","dbh":"6","planteddate":null,"updateddate":"2020-03-12 18:38:51.0000000","geometry":"POINT(-73.90534466219576 40.815101849837916)","genusspecies":"Carpinus betulus - European hornbeam"}},{"type":"Feature","geometry":{"type":"Point","coordinates":[-73.92815447325607,40.671418766991195]},"properties":{"tpcondition":"Good","stumpdiameter":"0","riskratingdate":null,"riskrating":null,"objectid":"3663737","globalid":"D6016894-8364-44AC-B501-FCE23D10E29B","tpstructure":"Full","plantingspaceglobalid":"07595523-BEA4-4CBB-ACE9-DBDA1CEABDCA","createddate":"2016-05-11 20:41:20.0000000","dbh":"10","planteddate":null,"updateddate":null,"geometry":"POINT(-73.92815447325607 40.671418766991195)","genusspecies":"Gleditsia triacanthos var. inermis - Thornless honeylocust"}},{"type":"Feature","geometry":{"type":"Point","coordinates":[-73.84552344185228,40.72518986215163]},"properties":{"tpcondition":"Dead","stumpdiameter":null,"riskratingdate":"2021-07-27 15:15:00.0000000","riskrating":"8","objectid":"3663738","globalid":"B3C72598-09B2-4E18-9895-7177E83BDDDC","tpstructure":"Retired","plantingspaceglobalid":"198CE725-227F-499A-86C7-BB24B4975390","createddate":"2016-05-11 20:50:00.0000000","dbh":"11","planteddate":null,"updateddate":"2023-07-05 15:41:50.0000000","geometry":"POINT(-73.84552344185228 40.72518986215163)","genusspecies":"Acer platanoides - Norway maple"}},{"type":"Feature","geometry":{"type":"Point","coordinates":[-73.93896653717104,40.70996507241246]},"properties":{"tpcondition":"Good","stumpdiameter":"0","riskratingdate":"2019-06-20 11:14:57.0000000","riskrating":"4","objectid":"3663739","globalid":"E574E70C-DA06-4B65-864A-11D12E52A18B","tpstructure":"Full","plantingspaceglobalid":"C94C8C65-18A1-4210-AF1A-73BF913BF94F","createddate":"2016-05-11 20:34:56.0000000","dbh":"6","planteddate":null,"updateddate":"2019-06-20 15:14:57.0000000","geometry":"POINT(-73.93896653717104 40.70996507241246)","genusspecies":"Gleditsia triacanthos var. inermis - Thornless honeylocust"}},{"type":"Feature","geometry":{"type":"Point","coordinates":[-73.99467149074029,40.69387651391534]},"properties":{"tpcondition":"Good","stumpdiameter":null,"riskratingdate":"2020-05-19 14:17:20.0000000","riskrating":"7","objectid":"3663740","globalid":"3DD8B82D-D365-4DD3-A1E5-CDAF08573459","tpstructure":"Full","plantingspaceglobalid":"7C2CF173-4E17-4EA8-9D57-D837DE9A6360","createddate":"2016-05-11 18:19:36.0000000","dbh":"11","planteddate":null,"updateddate":"2020-05-19 14:17:20.0000000","geometry":"POINT(-73.99467149074029 40.69387651391534)","genusspecies":"Zelkova serrata - Japanese zelkova"}},{"type":"Feature","geometry":{"type":"Point","coordinates":[-73.96061902499746,40.70467327208288]},"properties":{"tpcondition":"Good","stumpdiameter":"0","riskratingdate":null,"riskrating":null,"objectid":"3663741","globalid":"61A5C104-FFC6-4A1C-B2C8-AC6CA9D65F64","tpstructure":"Full","plantingspaceglobalid":"20669BEA-B28A-408A-9881-8A8BA85F94F9","createddate":"2016-05-11 18:32:47.0000000","dbh":"14","planteddate":null,"updateddate":"2018-04-30 09:34:55.0000000","geometry":"POINT(-73.96061902499746 40.70467327208288)","genusspecies":"Zelkova serrata - Japanese zelkova"}},{"type":"Feature","geometry":{"type":"Point","coordinates":[-73.93591273824777,40.687669176333046]},"properties":{"tpcondition":"Dead","stumpdiameter":"0","riskratingdate":null,"riskrating":null,"objectid":"3663742","globalid":"E3850CFD-D5E7-42A9-94D3-D3197DACF34A","tpstructure":"Retired","plantingspaceglobalid":"EA58348D-2AE4-4576-A0FB-5390C749B956","createddate":"2016-05-11 19:28:48.0000000","dbh":"6","planteddate":null,"updateddate":"2017-08-03 05:31:05.0000000","geometry":"POINT(-73.93591273824777 40.687669176333046)","genusspecies":"Unknown - Unknown"}},{"type":"Feature","geometry":{"type":"Point","coordinates":[-73.95724492067838,40.702962809687136]},"properties":{"tpcondition":"Fair","stumpdiameter":null,"riskratingdate":"2022-08-09 14:24:46.0000000","riskrating":"5","objectid":"3663743","globalid":"F8A440C0-675E-433C-B104-0AD56C896264","tpstructure":"Full","plantingspaceglobalid":"1C7F5B29-7019-403B-9E38-028137D0C5A2","createddate":"2016-05-11 19:46:42.0000000","dbh":"20","planteddate":null,"updateddate":"2022-08-09 14:24:46.0000000","geometry":"POINT(-73.95724492067838 40.702962809687136)","genusspecies":"Platanus x acerifolia - London planetree"}},{"type":"Feature","geometry":{"type":"Point","coordinates":[-73.9155251274754,40.68906339328112]},"properties":{"tpcondition":"Good","stumpdiameter":"0","riskratingdate":null,"riskrating":null,"objectid":"3663744","globalid":"027A6A01-CB93-42CD-851A-68F45426BA24","tpstructure":"Full","plantingspaceglobalid":"5C56C7F7-DCD6-4D07-B4CC-B96F07B38E20","createddate":"2016-05-11 19:44:53.0000000","dbh":"30","planteddate":null,"updateddate":"2017-01-06 13:43:43.0000000","geometry":"POINT(-73.9155251274754 40.68906339328112)","genusspecies":"Platanus x acerifolia - London planetree"}},{"type":"Feature","geometry":{"type":"Point","coordinates":[-73.9087427388012,40.702859132234416]},"properties":{"tpcondition":"Dead","stumpdiameter":"14","riskratingdate":"2019-08-30 10:18:00.0000000","riskrating":"9","objectid":"3663745","globalid":"961EF44A-9355-490A-AACE-A0CCC98C803A","tpstructure":"Stump","plantingspaceglobalid":"ACDB1703-2F69-4ED0-B89F-E1B22A94549B","createddate":"2016-05-11 20:50:00.0000000","dbh":null,"planteddate":null,"updateddate":"2025-06-10 14:13:12.0000000","geometry":"POINT(-73.9087427388012 40.702859132234416)","genusspecies":"Acer platanoides - Norway maple"}},{"type":"Feature","geometry":{"type":"Point","coordinates":[-73.86581858972554,40.761388903825036]},"properties":{"tpcondition":"Fair","stumpdiameter":"0","riskratingdate":null,"riskrating":null,"objectid":"3663746","globalid":"06CAE323-747E-49EB-B41B-A68C1E75F1F4","tpstructure":"Full","plantingspaceglobalid":"8B1332FB-C480-4EA3-83FD-DB236FA3E850","createddate":"2016-05-11 18:07:23.0000000","dbh":"2","planteddate":null,"updateddate":null,"geometry":"POINT(-73.86581858972554 40.761388903825036)","genusspecies":"Quercus palustris - pin oak"}},{"type":"Feature","geometry":{"type":"Point","coordinates":[-73.96712038426996,40.67406919647477]},"properties":{"tpcondition":"Good","stumpdiameter":"0","riskratingdate":null,"riskrating":null,"objectid":"3663747","globalid":"921A743B-2F51-4BFB-979B-7F57458C234A","tpstructure":"Full","plantingspaceglobalid":"F77F3B71-C6C6-4F59-8994-2881B8671CE7","createddate":"2016-05-11 19:13:46.0000000","dbh":"5","planteddate":null,"updateddate":"2018-07-20 16:02:18.0000000","geometry":"POINT(-73.96712038426996 40.67406919647477)","genusspecies":"Tilia tomentosa - silver linden"}},{"type":"Feature","geometry":{"type":"Point","coordinates":[-73.9460757422699,40.71479465101865]},"properties":{"tpcondition":"Good","stumpdiameter":null,"riskratingdate":"2023-02-13 16:03:25.0000000","riskrating":"3","objectid":"3663748","globalid":"954FE3D3-5A63-4114-811C-61EE41151C5D","tpstructure":"Full","plantingspaceglobalid":"E8520A32-0CA7-431A-8D84-794872B2CF02","createddate":"2016-05-11 19:29:14.0000000","dbh":"8","planteddate":null,"updateddate":"2023-02-13 16:03:25.0000000","geometry":"POINT(-73.9460757422699 40.71479465101865)","genusspecies":"Quercus palustris - pin oak"}},{"type":"Feature","geometry":{"type":"Point","coordinates":[-73.86552900197377,40.75773503443906]},"properties":{"tpcondition":"Fair","stumpdiameter":null,"riskratingdate":"2022-05-06 15:16:47.0000000","riskrating":"8","objectid":"3663749","globalid":"65E07B25-8A1A-481A-B243-7F33D6ED3132","tpstructure":"Full","plantingspaceglobalid":"D612847B-FD89-41AF-8C76-2669B7F883D5","createddate":"2016-05-11 18:42:27.0000000","dbh":"11","planteddate":null,"updateddate":"2022-05-06 15:16:47.0000000","geometry":"POINT(-73.86552900197377 40.75773503443906)","genusspecies":"Gleditsia triacanthos var. inermis - Thornless honeylocust"}},{"type":"Feature","geometry":{"type":"Point","coordinates":[-73.97285995175291,40.67790715776087]},"properties":{"tpcondition":"Fair","stumpdiameter":null,"riskratingdate":"2023-12-13 21:41:45.0000000","riskrating":"7","objectid":"3663750","globalid":"EE26BD74-58A0-41F0-848C-60FFD804C276","tpstructure":"Full","plantingspaceglobalid":"5DF15C0B-200F-4C69-8FBE-C3E515CE8408","createddate":"2016-05-11 20:53:08.0000000","dbh":"14","planteddate":null,"updateddate":"2023-12-13 21:41:45.0000000","geometry":"POINT(-73.97285995175291 40.67790715776087)","genusspecies":"Styphnolobium japonicum - Japanese pagoda tree"}},{"type":"Feature","geometry":{"type":"Point","coordinates":[-73.92630720050926,40.75528719573419]},"properties":{"tpcondition":"Fair","stumpdiameter":null,"riskratingdate":"2020-07-13 15:55:16.0000000","riskrating":"3","objectid":"3663751","globalid":"BED23C85-DD79-439D-AC05-8911B0EA85FF","tpstructure":"Full","plantingspaceglobalid":"978EF7FF-D3C6-4EC1-BF44-04BE71924666","createddate":"2016-05-11 17:52:56.0000000","dbh":"14","planteddate":null,"updateddate":"2020-07-13 15:55:16.0000000","geometry":"POINT(-73.92630720050926 40.75528719573419)","genusspecies":"Zelkova serrata - Japanese zelkova"}},{"type":"Feature","geometry":{"type":"Point","coordinates":[-73.85178516546043,40.842910130491916]},"properties":{"tpcondition":"Good","stumpdiameter":null,"riskratingdate":"2024-11-19 15:25:21.0000000","riskrating":"3","objectid":"3663752","globalid":"51B87978-8652-4C6D-9BB5-41624D59562B","tpstructure":"Full","plantingspaceglobalid":"89C95C7A-9D97-4FDA-BAB4-A2B2FFBCCF91","createddate":"2016-05-11 19:25:05.0000000","dbh":"9","planteddate":null,"updateddate":"2024-11-19 15:25:21.0000000","geometry":"POINT(-73.85178516546043 40.842910130491916)","genusspecies":"Ulmus parvifolia - Chinese elm"}},{"type":"Feature","geometry":{"type":"Point","coordinates":[-73.96392326356903,40.67305295447102]},"properties":{"tpcondition":"Good","stumpdiameter":null,"riskratingdate":"2021-08-31 13:41:00.0000000","riskrating":"6","objectid":"3663753","globalid":"A4583FBE-7EDA-4C2A-8AC3-1AC9D679A44C","tpstructure":"Full","plantingspaceglobalid":"DE7996DD-061F-40B3-BFCC-8477BB50A264","createddate":"2016-05-11 20:50:15.0000000","dbh":"8","planteddate":null,"updateddate":"2021-08-31 13:41:00.0000000","geometry":"POINT(-73.96392326356903 40.67305295447102)","genusspecies":"Gleditsia triacanthos var. inermis - Thornless honeylocust"}},{"type":"Feature","geometry":{"type":"Point","coordinates":[-73.95801068212694,40.70441074829852]},"properties":{"tpcondition":"Good","stumpdiameter":"0","riskratingdate":null,"riskrating":null,"objectid":"3663754","globalid":"814DC34D-4F9C-49FF-AF1C-7BED196302BB","tpstructure":"Full","plantingspaceglobalid":"7C5A1201-7CD7-45E0-889C-6657F3B13100","createddate":"2016-05-11 19:32:52.0000000","dbh":"10","planteddate":null,"updateddate":"2018-05-01 10:48:15.0000000","geometry":"POINT(-73.95801068212694 40.70441074829852)","genusspecies":"Tilia tomentosa - silver linden"}},{"type":"Feature","geometry":{"type":"Point","coordinates":[-73.97989590921115,40.67193924680677]},"properties":{"tpcondition":"Fair","stumpdiameter":"0","riskratingdate":null,"riskrating":null,"objectid":"3663755","globalid":"3416BA74-A492-4907-9629-182B7ADD0138","tpstructure":"Full","plantingspaceglobalid":"6A9324C4-9D5F-49B0-B01E-194D0C0CE6AD","createddate":"2016-05-11 20:30:39.0000000","dbh":"11","planteddate":null,"updateddate":"2017-05-02 12:17:45.0000000","geometry":"POINT(-73.97989590921115 40.67193924680677)","genusspecies":"Ginkgo biloba - maidenhair tree"}},{"type":"Feature","geometry":{"type":"Point","coordinates":[-73.95534835350179,40.70447022892914]},"properties":{"tpcondition":"Fair","stumpdiameter":null,"riskratingdate":"2023-05-01 18:06:58.0000000","riskrating":"8","objectid":"3663756","globalid":"3ACC799D-4347-403B-B65D-04787437EC9D","tpstructure":"Full","plantingspaceglobalid":"46704BAA-3A1E-401C-B4D5-51DB9959142C","createddate":"2016-05-11 19:50:29.0000000","dbh":"21","planteddate":null,"updateddate":"2023-05-01 18:06:58.0000000","geometry":"POINT(-73.95534835350179 40.70447022892914)","genusspecies":"Platanus x acerifolia - London planetree"}},{"type":"Feature","geometry":{"type":"Point","coordinates":[-73.8129598571891,40.72727274101271]},"properties":{"tpcondition":"Poor","stumpdiameter":null,"riskratingdate":"2022-05-06 15:46:00.0000000","riskrating":"9","objectid":"3663757","globalid":"61106253-C417-4994-9584-E8382E93C8E8","tpstructure":"Retired","plantingspaceglobalid":"1F2AC366-B250-4A83-BCC3-99F11CBE65C7","createddate":"2016-05-11 18:27:00.0000000","dbh":"3","planteddate":null,"updateddate":"2024-04-15 17:57:00.0000000","geometry":"POINT(-73.8129598571891 40.72727274101271)","genusspecies":"Prunus serrulata 'Green leaf' - 'Green leaf' Japanese flowering cherry"}},{"type":"Feature","geometry":{"type":"Point","coordinates":[-73.92961959303109,40.81560273494689]},"properties":{"tpcondition":"Fair","stumpdiameter":null,"riskratingdate":"2024-10-29 13:12:18.0000000","riskrating":"3","objectid":"3663758","globalid":"25185A9A-2301-4E32-A45E-4BE4EC9BB9C1","tpstructure":"Full","plantingspaceglobalid":"5D1DA1D1-7B3A-4B90-A79F-07BF767D169F","createddate":"2016-05-11 18:40:53.0000000","dbh":"7","planteddate":null,"updateddate":"2024-10-29 13:12:18.0000000","geometry":"POINT(-73.92961959303109 40.81560273494689)","genusspecies":"Zelkova serrata - Japanese zelkova"}},{"type":"Feature","geometry":{"type":"Point","coordinates":[-73.95275445532192,40.68815518047307]},"properties":{"tpcondition":"Good","stumpdiameter":"0","riskratingdate":null,"riskrating":null,"objectid":"3663759","globalid":"C57D101E-8F8F-41DC-986C-EE972FC01965","tpstructure":"Full","plantingspaceglobalid":"8574038C-FCD1-4E2C-9969-46D827F723D2","createddate":"2016-05-11 18:30:26.0000000","dbh":"16","planteddate":null,"updateddate":null,"geometry":"POINT(-73.95275445532192 40.68815518047307)","genusspecies":"Tilia cordata - littleleaf linden"}},{"type":"Feature","geometry":{"type":"Point","coordinates":[-73.94314477458326,40.70749194499691]},"properties":{"tpcondition":"Unknown","stumpdiameter":"9","riskratingdate":"2018-02-20 11:39:00.0000000","riskrating":"8","objectid":"3663760","globalid":"2D6B5C51-3998-49CB-83AC-54D920CF419C","tpstructure":"Retired","plantingspaceglobalid":"37C1E5DF-D68E-4807-AFE5-CDACF16986E1","createddate":"2016-05-11 17:42:00.0000000","dbh":"5","planteddate":null,"updateddate":"2018-05-30 00:00:00.0000000","geometry":"POINT(-73.94314477458326 40.70749194499691)","genusspecies":"Tilia cordata - littleleaf linden"}},{"type":"Feature","geometry":{"type":"Point","coordinates":[-73.93669471541303,40.694497567438404]},"properties":{"tpcondition":"Good","stumpdiameter":"0","riskratingdate":null,"riskrating":null,"objectid":"3663761","globalid":"EC0FE6CA-B8DC-4A17-87CD-79852D81979E","tpstructure":"Full","plantingspaceglobalid":"35F21881-2807-4948-AB0C-FD16396B76F0","createddate":"2016-05-11 20:02:30.0000000","dbh":"18","planteddate":null,"updateddate":"2019-02-27 15:18:47.0000000","geometry":"POINT(-73.93669471541303 40.694497567438404)","genusspecies":"Platanus x acerifolia - London planetree"}},{"type":"Feature","geometry":{"type":"Point","coordinates":[-73.85141438189463,40.83181828521155]},"properties":{"tpcondition":"Good","stumpdiameter":null,"riskratingdate":"2022-01-18 16:35:03.0000000","riskrating":"5","objectid":"3663763","globalid":"CADC01BA-1495-4C9E-9B5A-8A8A8A24E07C","tpstructure":"Full","plantingspaceglobalid":"903A4B0B-15F9-4870-AD86-009FD51F143E","createddate":"2016-05-11 19:32:59.0000000","dbh":"9","planteddate":null,"updateddate":"2022-01-18 16:35:03.0000000","geometry":"POINT(-73.85141438189463 40.83181828521155)","genusspecies":"Quercus shumardii - Shumard's oak"}},{"type":"Feature","geometry":{"type":"Point","coordinates":[-73.86036719956707,40.85341768065094]},"properties":{"tpcondition":"Good","stumpdiameter":null,"riskratingdate":"2021-10-29 13:55:18.0000000","riskrating":"6","objectid":"3663764","globalid":"BF69FF65-51EB-438C-988A-6D46C8FCA059","tpstructure":"Full","plantingspaceglobalid":"4EAFA69F-B4A8-4509-A485-2431D330FD95","createddate":"2016-05-11 19:45:07.0000000","dbh":"6","planteddate":null,"updateddate":"2021-10-29 13:55:18.0000000","geometry":"POINT(-73.86036719956707 40.85341768065094)","genusspecies":"Cornus mas - Cornelian cherry"}},{"type":"Feature","geometry":{"type":"Point","coordinates":[-73.87262656201436,40.8203690468923]},"properties":{"tpcondition":"Fair","stumpdiameter":null,"riskratingdate":"2024-11-26 13:09:47.0000000","riskrating":"6","objectid":"3663765","globalid":"25D17C1B-2612-43A7-9462-A6725195EF1E","tpstructure":"Full","plantingspaceglobalid":"B8535F5C-FBA7-4F94-A7A6-EDC0C8F10D29","createddate":"2016-05-11 19:39:19.0000000","dbh":"13","planteddate":null,"updateddate":"2024-11-26 13:09:47.0000000","geometry":"POINT(-73.87262656201436 40.8203690468923)","genusspecies":"Platanus x acerifolia - London planetree"}},{"type":"Feature","geometry":{"type":"Point","coordinates":[-73.84078517750687,40.86595577639376]},"properties":{"tpcondition":"Fair","stumpdiameter":null,"riskratingdate":"2024-07-24 19:47:04.0000000","riskrating":"5","objectid":"3663766","globalid":"116FD440-599C-4EA2-A4A1-25D669783EF3","tpstructure":"Full","plantingspaceglobalid":"6E58C87F-2EB3-452D-8D8B-04D2DDFA98B5","createddate":"2016-05-11 18:35:12.0000000","dbh":"13","planteddate":null,"updateddate":"2024-09-27 16:40:26.0000000","geometry":"POINT(-73.84078517750687 40.86595577639376)","genusspecies":"Fraxinus pennsylvanica - Green ash"}},{"type":"Feature","geometry":{"type":"Point","coordinates":[-73.924451309465,40.83590293192247]},"properties":{"tpcondition":"Good","stumpdiameter":null,"riskratingdate":"2025-01-06 14:17:37.0000000","riskrating":"6","objectid":"3663767","globalid":"DC19F489-9D37-4E03-B117-37744E15F5D0","tpstructure":"Full","plantingspaceglobalid":"149D5599-D07A-4660-B313-BF10959C87EC","createddate":"2016-05-11 17:58:14.0000000","dbh":"9","planteddate":null,"updateddate":"2025-01-06 14:17:37.0000000","geometry":"POINT(-73.924451309465 40.83590293192247)","genusspecies":"Acer x freemanii - Freeman maple"}},{"type":"Feature","geometry":{"type":"Point","coordinates":[-73.92389962514734,40.83661973436055]},"properties":{"tpcondition":"Good","stumpdiameter":null,"riskratingdate":"2024-01-29 15:35:20.0000000","riskrating":"5","objectid":"3663768","globalid":"7B1A94D8-F03F-4A80-BD26-34F1E25400CF","tpstructure":"Full","plantingspaceglobalid":"4638C476-3B50-4D07-BFF2-2965371427BF","createddate":"2016-05-11 20:22:49.0000000","dbh":"12","planteddate":null,"updateddate":"2024-01-29 15:35:20.0000000","geometry":"POINT(-73.92389962514734 40.83661973436055)","genusspecies":"Ginkgo biloba - maidenhair tree"}},{"type":"Feature","geometry":{"type":"Point","coordinates":[-73.85676001494893,40.744302450091254]},"properties":{"tpcondition":"Good","stumpdiameter":"0","riskratingdate":"2020-01-31 17:45:43.0000000","riskrating":"6","objectid":"3663769","globalid":"B4A92F43-EA62-4B3B-9ED8-2D1AA749A59F","tpstructure":"Full","plantingspaceglobalid":"6B30C9B7-A26B-4964-8E63-851942DA2506","createddate":"2016-05-11 18:49:36.0000000","dbh":"8","planteddate":null,"updateddate":"2020-01-31 17:45:43.0000000","geometry":"POINT(-73.85676001494893 40.744302450091254)","genusspecies":"Pyrus calleryana - Callery pear"}},{"type":"Feature","geometry":{"type":"Point","coordinates":[-73.98236044083565,40.67640625177254]},"properties":{"tpcondition":"Dead","stumpdiameter":"17","riskratingdate":"2021-04-19 15:26:00.0000000","riskrating":"10","objectid":"3663770","globalid":"0E840992-1F5A-4908-B5FF-46164E5F008D","tpstructure":"Retired","plantingspaceglobalid":"D12BB2CC-FECE-4181-BEF1-7C132B90980A","createddate":"2016-05-11 18:16:00.0000000","dbh":"17","planteddate":null,"updateddate":"2021-10-19 11:44:00.0000000","geometry":"POINT(-73.98236044083565 40.67640625177254)","genusspecies":"Fraxinus pennsylvanica - Green ash"}},{"type":"Feature","geometry":{"type":"Point","coordinates":[-73.89637731963333,40.90257281867779]},"properties":{"tpcondition":"Dead","stumpdiameter":"36","riskratingdate":null,"riskrating":null,"objectid":"3663771","globalid":"AB39D17B-3148-448F-9A55-1E344464BE7A","tpstructure":"Retired","plantingspaceglobalid":"E338F5BD-CD39-444C-8DD0-D4DDF72EDD69","createddate":"2016-05-11 19:52:00.0000000","dbh":"34","planteddate":null,"updateddate":"2018-04-26 13:17:00.0000000","geometry":"POINT(-73.89637731963333 40.90257281867779)","genusspecies":"Unknown - Unknown"}},{"type":"Feature","geometry":{"type":"Point","coordinates":[-73.92349537771017,40.847114633241524]},"properties":{"tpcondition":"Fair","stumpdiameter":null,"riskratingdate":"2025-01-28 18:49:51.0000000","riskrating":"7","objectid":"3663772","globalid":"97D498AC-7046-42B1-B99F-63DEB16CDE2E","tpstructure":"Full","plantingspaceglobalid":"242F0116-B764-478A-BC8C-47EFD5BE9317","createddate":"2016-05-11 18:26:51.0000000","dbh":"26","planteddate":null,"updateddate":"2025-01-28 18:49:51.0000000","geometry":"POINT(-73.92349537771017 40.847114633241524)","genusspecies":"Platanus x acerifolia - London planetree"}},{"type":"Feature","geometry":{"type":"Point","coordinates":[-73.8199435160689,40.839038798816965]},"properties":{"tpcondition":"Good","stumpdiameter":"0","riskratingdate":"2018-06-23 15:57:09.0000000","riskrating":"5","objectid":"3663773","globalid":"63C2C056-FC55-4CBE-938B-DAB9B3B92BE1","tpstructure":"Full","plantingspaceglobalid":"2FE19C91-1942-426E-BEE5-050A01D820FC","createddate":"2016-05-11 19:54:06.0000000","dbh":"25","planteddate":null,"updateddate":"2018-06-23 19:57:10.0000000","geometry":"POINT(-73.8199435160689 40.839038798816965)","genusspecies":"Platanus x acerifolia - London planetree"}},{"type":"Feature","geometry":{"type":"Point","coordinates":[-73.87238675183696,40.748623715677454]},"properties":{"tpcondition":"Good","stumpdiameter":"0","riskratingdate":null,"riskrating":null,"objectid":"3663774","globalid":"9D76A02D-5589-4FEC-86BD-84EDD54E7953","tpstructure":"Full","plantingspaceglobalid":"2BA20B68-452B-4D9C-ABD8-7EA2FAE85EE4","createddate":"2016-05-11 20:49:41.0000000","dbh":"5","planteddate":null,"updateddate":"2017-03-08 10:08:39.0000000","geometry":"POINT(-73.87238675183696 40.748623715677454)","genusspecies":"Quercus alba - white oak"}},{"type":"Feature","geometry":{"type":"Point","coordinates":[-73.85989374781009,40.8131322541895]},"properties":{"tpcondition":"Good","stumpdiameter":null,"riskratingdate":"2022-01-25 17:26:39.0000000","riskrating":"5","objectid":"3663775","globalid":"E39ED119-CDDC-48D3-9689-1DE2D5136AF4","tpstructure":"Full","plantingspaceglobalid":"48769272-F102-420C-99A9-2E23AD13C5E3","createddate":"2016-05-11 20:42:40.0000000","dbh":"20","planteddate":null,"updateddate":"2022-01-25 17:26:39.0000000","geometry":"POINT(-73.85989374781009 40.8131322541895)","genusspecies":"Gleditsia triacanthos var. inermis - Thornless honeylocust"}},{"type":"Feature","geometry":{"type":"Point","coordinates":[-73.90695704123085,40.74429658235384]},"properties":{"tpcondition":"Fair","stumpdiameter":null,"riskratingdate":"2022-03-07 16:27:18.0000000","riskrating":"6","objectid":"3663776","globalid":"9E34EFA7-0EB3-49A3-80C5-459DC6BA897D","tpstructure":"Full","plantingspaceglobalid":"26CC8EC7-1AFB-4D91-B4F1-3E7EBEC285D3","createddate":"2016-05-11 17:51:11.0000000","dbh":"17","planteddate":null,"updateddate":"2022-03-07 16:27:18.0000000","geometry":"POINT(-73.90695704123085 40.74429658235384)","genusspecies":"Gleditsia triacanthos var. inermis - Thornless honeylocust"}},{"type":"Feature","geometry":{"type":"Point","coordinates":[-73.94007911998665,40.69362645468764]},"properties":{"tpcondition":"Fair","stumpdiameter":"0","riskratingdate":null,"riskrating":null,"objectid":"3663777","globalid":"1643DEAA-FFD0-40EE-BBA6-B381572D1DB8","tpstructure":"Full","plantingspaceglobalid":"E2DE8337-1B03-4A5C-AB80-927DDAC9EFB2","createddate":"2016-05-11 19:30:01.0000000","dbh":"5","planteddate":null,"updateddate":"2019-03-12 12:47:06.0000000","geometry":"POINT(-73.94007911998665 40.69362645468764)","genusspecies":"Quercus - Oak"}},{"type":"Feature","geometry":{"type":"Point","coordinates":[-74.00208377005312,40.68179166817451]},"properties":{"tpcondition":"Good","stumpdiameter":null,"riskratingdate":"2022-02-23 20:18:49.0000000","riskrating":"4","objectid":"3663778","globalid":"5CA2067F-B265-46DA-88FD-F34236FBFD18","tpstructure":"Full","plantingspaceglobalid":"19470210-C9FF-4A64-B355-BB11260A29BE","createddate":"2016-05-11 18:08:33.0000000","dbh":"16","planteddate":null,"updateddate":"2022-02-23 20:18:49.0000000","geometry":"POINT(-74.00208377005312 40.68179166817451)","genusspecies":"Platanus x acerifolia - London planetree"}},{"type":"Feature","geometry":{"type":"Point","coordinates":[-73.8339180173746,40.87492819247115]},"properties":{"tpcondition":"Fair","stumpdiameter":null,"riskratingdate":"2024-12-23 15:36:23.0000000","riskrating":"7","objectid":"3663779","globalid":"DA3BA2D7-A7D4-4837-8AD2-4B7E3F7F83F7","tpstructure":"Full","plantingspaceglobalid":"40F70D51-E74B-40C3-BC08-88A85D4181A0","createddate":"2016-05-11 18:12:39.0000000","dbh":"22","planteddate":null,"updateddate":"2024-12-23 15:36:23.0000000","geometry":"POINT(-73.8339180173746 40.87492819247115)","genusspecies":"Styphnolobium japonicum - Japanese pagoda tree"}},{"type":"Feature","geometry":{"type":"Point","coordinates":[-73.87261716570522,40.73541768956258]},"properties":{"tpcondition":"Fair","stumpdiameter":null,"riskratingdate":"2022-02-18 14:07:52.0000000","riskrating":"7","objectid":"3663780","globalid":"7C045D05-3CA6-458A-B20C-71479484DD87","tpstructure":"Full","plantingspaceglobalid":"5ECB4FA5-EA53-45EF-9F48-60D6FE7127FF","createddate":"2016-05-11 19:26:42.0000000","dbh":"19","planteddate":null,"updateddate":"2022-02-18 14:07:52.0000000","geometry":"POINT(-73.87261716570522 40.73541768956258)","genusspecies":"Quercus palustris - pin oak"}},{"type":"Feature","geometry":{"type":"Point","coordinates":[-73.91612735860346,40.7093112880586]},"properties":{"tpcondition":"Good","stumpdiameter":null,"riskratingdate":"2022-02-07 16:50:50.0000000","riskrating":"5","objectid":"3663781","globalid":"82EF4628-C420-499D-BBB2-30D07C3F4D7C","tpstructure":"Full","plantingspaceglobalid":"F7091765-74C2-4FE9-9105-687A4540737A","createddate":"2016-05-11 17:37:56.0000000","dbh":"6","planteddate":null,"updateddate":"2022-02-07 16:50:50.0000000","geometry":"POINT(-73.91612735860346 40.7093112880586)","genusspecies":"Cercis canadensis - eastern redbud"}},{"type":"Feature","geometry":{"type":"Point","coordinates":[-73.89719221116509,40.75771574841373]},"properties":{"tpcondition":"Fair","stumpdiameter":null,"riskratingdate":"2025-10-24 13:34:30.0000000","riskrating":"5","objectid":"3663782","globalid":"5385CE28-E9B8-478F-9D1D-B6B3D599DA9D","tpstructure":"Full","plantingspaceglobalid":"3ABBE25A-1CAA-4792-86DB-2518F6C57C48","createddate":"2016-05-11 18:47:05.0000000","dbh":"15","planteddate":null,"updateddate":"2025-10-24 13:34:30.0000000","geometry":"POINT(-73.89719221116509 40.75771574841373)","genusspecies":"Acer platanoides 'Not Green Leaf' - 'Not Green Leaf' Norway maple"}},{"type":"Feature","geometry":{"type":"Point","coordinates":[-73.8224380602444,40.84752611174418]},"properties":{"tpcondition":"Fair","stumpdiameter":null,"riskratingdate":"2024-07-26 19:15:46.0000000","riskrating":"7","objectid":"3663783","globalid":"35519DB0-D1E1-4B49-A4B8-03F768D7E197","tpstructure":"Full","plantingspaceglobalid":"0E11F580-8D43-4161-8A6D-3BD3C6C6BD96","createddate":"2016-05-11 19:24:35.0000000","dbh":"19","planteddate":null,"updateddate":"2024-10-02 16:38:01.0000000","geometry":"POINT(-73.8224380602444 40.84752611174418)","genusspecies":"Fraxinus pennsylvanica - Green ash"}},{"type":"Feature","geometry":{"type":"Point","coordinates":[-73.89025918610865,40.76087858957836]},"properties":{"tpcondition":"Fair","stumpdiameter":"0","riskratingdate":"2020-02-03 16:34:10.0000000","riskrating":"3","objectid":"3663784","globalid":"4244BF16-AB44-412D-89FB-11DEB0843366","tpstructure":"Full","plantingspaceglobalid":"3D59982F-CCAB-470F-AD13-5CDECB132E2F","createddate":"2016-05-11 17:31:19.0000000","dbh":"8","planteddate":null,"updateddate":"2020-02-03 16:34:10.0000000","geometry":"POINT(-73.89025918610865 40.76087858957836)","genusspecies":"Pyrus calleryana - Callery pear"}},{"type":"Feature","geometry":{"type":"Point","coordinates":[-73.85407199416585,40.81608968880748]},"properties":{"tpcondition":"Fair","stumpdiameter":null,"riskratingdate":"2022-05-13 15:04:12.0000000","riskrating":"7","objectid":"3663785","globalid":"EAFB57B7-27E4-4BB4-B023-8B5CB292C326","tpstructure":"Full","plantingspaceglobalid":"E427733F-8FF6-4BF1-AEAC-BF421A9770D7","createddate":"2016-05-11 20:19:36.0000000","dbh":"5","planteddate":null,"updateddate":"2022-05-13 15:04:12.0000000","geometry":"POINT(-73.85407199416585 40.81608968880748)","genusspecies":"Cercis canadensis - eastern redbud"}},{"type":"Feature","geometry":{"type":"Point","coordinates":[-73.96296125714387,40.68783437889336]},"properties":{"tpcondition":"Good","stumpdiameter":"0","riskratingdate":null,"riskrating":null,"objectid":"3663786","globalid":"C9A5FBD0-4BB9-41F3-AF63-AF85ED3223D9","tpstructure":"Full","plantingspaceglobalid":"C48E097E-8581-488B-89FC-1AB24DCB84A1","createddate":"2016-05-11 20:46:07.0000000","dbh":"22","planteddate":null,"updateddate":null,"geometry":"POINT(-73.96296125714387 40.68783437889336)","genusspecies":"Styphnolobium japonicum - Japanese pagoda tree"}},{"type":"Feature","geometry":{"type":"Point","coordinates":[-73.90733112994668,40.76390716760812]},"properties":{"tpcondition":"Critical","stumpdiameter":null,"riskratingdate":"2025-10-14 12:36:13.0000000","riskrating":"8","objectid":"3663787","globalid":"DE82D2B1-68BB-4354-B7D7-0B68725DFA35","tpstructure":"Full","plantingspaceglobalid":"7875F3D5-3B70-4731-9A02-0E61F2E32E01","createddate":"2016-05-11 18:43:32.0000000","dbh":"12","planteddate":null,"updateddate":"2025-10-14 12:36:13.0000000","geometry":"POINT(-73.90733112994668 40.76390716760812)","genusspecies":"Prunus cerasifera - cherry plum"}},{"type":"Feature","geometry":{"type":"Point","coordinates":[-73.93676094391621,40.73635183762433]},"properties":{"tpcondition":"Good","stumpdiameter":"0","riskratingdate":null,"riskrating":null,"objectid":"3663788","globalid":"177B3CE1-757B-44BE-916F-5C3545ED815B","tpstructure":"Full","plantingspaceglobalid":"624B31CC-6956-4E0A-9E23-159C85E5CE89","createddate":"2016-05-11 18:28:23.0000000","dbh":"3","planteddate":null,"updateddate":"2017-10-21 13:24:41.0000000","geometry":"POINT(-73.93676094391621 40.73635183762433)","genusspecies":"Quercus bicolor - swamp white oak"}},{"type":"Feature","geometry":{"type":"Point","coordinates":[-73.99398726916799,40.67875587835377]},"properties":{"tpcondition":"Good","stumpdiameter":null,"riskratingdate":"2024-06-27 16:38:45.0000000","riskrating":"7","objectid":"3663789","globalid":"D4A7BCA5-7CBC-47D4-95BD-F4591EAF7D71","tpstructure":"Full","plantingspaceglobalid":"0F78EF44-6D18-4530-B009-43739ADBB795","createddate":"2016-05-11 20:30:56.0000000","dbh":"19","planteddate":null,"updateddate":"2024-06-27 16:38:45.0000000","geometry":"POINT(-73.99398726916799 40.67875587835377)","genusspecies":"Platanus x acerifolia - London planetree"}},{"type":"Feature","geometry":{"type":"Point","coordinates":[-73.89588432759344,40.76199117691045]},"properties":{"tpcondition":"Dead","stumpdiameter":"34","riskratingdate":"2018-12-06 13:03:00.0000000","riskrating":"9","objectid":"3663790","globalid":"94D0552B-B527-4C89-841A-1D3BB73D4743","tpstructure":"Retired","plantingspaceglobalid":"18BA3C71-3B08-4570-8EBA-A5E63EB09854","createddate":"2016-05-11 20:06:00.0000000","dbh":"25","planteddate":null,"updateddate":"2019-07-17 17:30:16.0000000","geometry":"POINT(-73.89588432759344 40.76199117691045)","genusspecies":"Acer saccharinum - silver maple"}},{"type":"Feature","geometry":{"type":"Point","coordinates":[-73.92101538989661,40.74318148455664]},"properties":{"tpcondition":"Good","stumpdiameter":null,"riskratingdate":"2024-02-06 15:57:41.0000000","riskrating":"6","objectid":"3663791","globalid":"4B60C123-D51D-469F-B353-12F997858A48","tpstructure":"Full","plantingspaceglobalid":"6DB45954-44FB-4F6F-B4FA-4AB0F12019A9","createddate":"2016-05-11 18:57:59.0000000","dbh":"9","planteddate":null,"updateddate":"2024-02-06 15:57:41.0000000","geometry":"POINT(-73.92101538989661 40.74318148455664)","genusspecies":"Gleditsia triacanthos var. inermis - Thornless honeylocust"}},{"type":"Feature","geometry":{"type":"Point","coordinates":[-73.87330275604795,40.75504009642551]},"properties":{"tpcondition":"Good","stumpdiameter":"0","riskratingdate":"2024-04-23 14:39:29.0000000","riskrating":"9","objectid":"3663792","globalid":"152B9300-62F3-49AD-946C-A71FEA08E3F5","tpstructure":"Full","plantingspaceglobalid":"496C1195-0EA5-4128-9847-297049A36D1A","createddate":"2016-05-11 17:37:25.0000000","dbh":"30","planteddate":null,"updateddate":"2024-04-23 14:39:29.0000000","geometry":"POINT(-73.87330275604795 40.75504009642551)","genusspecies":"Quercus palustris - pin oak"}},{"type":"Feature","geometry":{"type":"Point","coordinates":[-73.84995008599473,40.72894603379703]},"properties":{"tpcondition":"Dead","stumpdiameter":null,"riskratingdate":"2024-08-27 16:37:00.0000000","riskrating":"8","objectid":"3663793","globalid":"B1B67142-E8A5-4E12-856F-5AC337C1DCE9","tpstructure":"Stump","plantingspaceglobalid":"B88BA7BC-D0CF-4B15-88C1-7FDDB68E9D7E","createddate":"2016-05-11 19:36:00.0000000","dbh":"12","planteddate":null,"updateddate":"2025-07-29 18:18:00.0000000","geometry":"POINT(-73.84995008599473 40.72894603379703)","genusspecies":"Pyrus calleryana - Callery pear"}},{"type":"Feature","geometry":{"type":"Point","coordinates":[-73.81345458199458,40.72773240726228]},"properties":{"tpcondition":"Fair","stumpdiameter":null,"riskratingdate":"2024-01-18 12:36:40.0000000","riskrating":"6","objectid":"3663794","globalid":"2D00DBA8-75E9-4603-951D-B45117627FFA","tpstructure":"Full","plantingspaceglobalid":"7CF18F9A-B9FF-414C-9572-A64E8107B8E4","createddate":"2016-05-11 20:17:39.0000000","dbh":"8","planteddate":null,"updateddate":"2024-01-18 12:36:40.0000000","geometry":"POINT(-73.81345458199458 40.72773240726228)","genusspecies":"Gleditsia triacanthos var. inermis - Thornless honeylocust"}},{"type":"Feature","geometry":{"type":"Point","coordinates":[-73.99220094759258,40.68502874185977]},"properties":{"tpcondition":"Fair","stumpdiameter":null,"riskratingdate":"2024-06-21 13:57:14.0000000","riskrating":"6","objectid":"3663795","globalid":"6AC89850-FA2D-4081-A7E5-E37B01E72080","tpstructure":"Full","plantingspaceglobalid":"EB6A9387-CD1A-4C4B-B597-4974591C4069","createddate":"2016-05-11 18:01:08.0000000","dbh":"4","planteddate":null,"updateddate":"2024-06-21 13:57:14.0000000","geometry":"POINT(-73.99220094759258 40.68502874185977)","genusspecies":"Ginkgo biloba - maidenhair tree"}},{"type":"Feature","geometry":{"type":"Point","coordinates":[-73.88227018663837,40.753806935246864]},"properties":{"tpcondition":"Fair","stumpdiameter":null,"riskratingdate":"2024-08-21 17:53:06.0000000","riskrating":"7","objectid":"3663796","globalid":"8B53D922-3FB9-403D-A169-02692CD68F1D","tpstructure":"Full","plantingspaceglobalid":"471A0413-3F7D-482E-AC84-02B225B0FAB8","createddate":"2016-05-11 18:43:00.0000000","dbh":"16","planteddate":null,"updateddate":"2024-08-21 17:53:06.0000000","geometry":"POINT(-73.88227018663837 40.753806935246864)","genusspecies":"Tilia tomentosa - silver linden"}},{"type":"Feature","geometry":{"type":"Point","coordinates":[-73.7690128120398,40.76930779039102]},"properties":{"tpcondition":"Unknown","stumpdiameter":"17","riskratingdate":null,"riskrating":null,"objectid":"3663797","globalid":"DD1E52AF-AA19-4D8E-898B-93CA61FA98A8","tpstructure":"Retired","plantingspaceglobalid":"D768FD77-3D82-492E-87F9-57060EF6BE54","createddate":"2016-05-11 19:57:03.0000000","dbh":"0","planteddate":null,"updateddate":"2018-07-18 18:21:10.0000000","geometry":"POINT(-73.7690128120398 40.76930779039102)","genusspecies":"Unknown - Unknown"}},{"type":"Feature","geometry":{"type":"Point","coordinates":[-73.83436296460093,40.84700799487508]},"properties":{"tpcondition":"Good","stumpdiameter":null,"riskratingdate":"2023-11-09 18:04:34.0000000","riskrating":"7","objectid":"3663798","globalid":"4CFE61AD-2A34-4D3F-B4F3-FC5EB8B0D3D5","tpstructure":"Full","plantingspaceglobalid":"486921C2-A26E-45FD-91B9-A72298AAF971","createddate":"2016-05-11 19:41:28.0000000","dbh":"15","planteddate":null,"updateddate":"2023-11-09 18:04:34.0000000","geometry":"POINT(-73.83436296460093 40.84700799487508)","genusspecies":"Platanus x acerifolia - London planetree"}},{"type":"Feature","geometry":{"type":"Point","coordinates":[-73.83486559339815,40.836511914396674]},"properties":{"tpcondition":"Dead","stumpdiameter":"5","riskratingdate":null,"riskrating":null,"objectid":"3663799","globalid":"31619F64-A982-49EB-ABAD-8C1A57D7BC82","tpstructure":"Retired","plantingspaceglobalid":"FA1ACADD-6261-4BC1-A00A-1CBFD8134D39","createddate":"2016-05-11 18:57:00.0000000","dbh":"0","planteddate":null,"updateddate":"2017-03-02 13:39:00.0000000","geometry":"POINT(-73.83486559339815 40.836511914396674)","genusspecies":"Unknown - Unknown"}},{"type":"Feature","geometry":{"type":"Point","coordinates":[-73.91135476358141,40.74555642084063]},"properties":{"tpcondition":"Fair","stumpdiameter":null,"riskratingdate":"2024-08-26 11:51:38.0000000","riskrating":"6","objectid":"3663800","globalid":"F11A2759-2E1D-425F-BC66-D80020BC8261","tpstructure":"Full","plantingspaceglobalid":"0EF6866E-6096-4C36-AB2C-E3FDBF3B3ED3","createddate":"2016-05-11 20:27:50.0000000","dbh":"10","planteddate":null,"updateddate":"2024-08-26 11:51:38.0000000","geometry":"POINT(-73.91135476358141 40.74555642084063)","genusspecies":"Acer platanoides - Norway maple"}},{"type":"Feature","geometry":{"type":"Point","coordinates":[-73.98669463101604,40.684492608462726]},"properties":{"tpcondition":"Fair","stumpdiameter":null,"riskratingdate":"2024-06-13 16:19:37.0000000","riskrating":"7","objectid":"3663801","globalid":"4F605040-0EF6-4F78-9D38-C4E90FCE0A78","tpstructure":"Full","plantingspaceglobalid":"DBE4A88C-0564-4B0C-B1C0-3E1806BB978C","createddate":"2016-05-11 19:06:34.0000000","dbh":"22","planteddate":null,"updateddate":"2024-06-13 16:19:37.0000000","geometry":"POINT(-73.98669463101604 40.684492608462726)","genusspecies":"Gleditsia triacanthos var. inermis - Thornless honeylocust"}},{"type":"Feature","geometry":{"type":"Point","coordinates":[-73.9936791238584,40.67958846600256]},"properties":{"tpcondition":"Dead","stumpdiameter":"0","riskratingdate":"2019-06-06 12:40:00.0000000","riskrating":"6","objectid":"3663802","globalid":"759FA6A8-D925-4DDF-B75C-0AD2158DB226","tpstructure":"Retired","plantingspaceglobalid":"8E5F53AB-DDD6-4E14-AF4F-309DEB7B129B","createddate":"2016-05-11 18:13:00.0000000","dbh":"12","planteddate":null,"updateddate":"2020-10-14 16:55:00.0000000","geometry":"POINT(-73.9936791238584 40.67958846600256)","genusspecies":"Pyrus calleryana - Callery pear"}},{"type":"Feature","geometry":{"type":"Point","coordinates":[-73.83269624356547,40.838019163551444]},"properties":{"tpcondition":"Good","stumpdiameter":null,"riskratingdate":"2023-10-13 16:48:33.0000000","riskrating":"6","objectid":"3663803","globalid":"1D68B75F-09FA-4E26-9B61-7FAB0EB480C7","tpstructure":"Full","plantingspaceglobalid":"BA910E34-8CC0-44F3-A563-20C8C57B00E4","createddate":"2016-05-11 18:04:43.0000000","dbh":"23","planteddate":null,"updateddate":"2023-10-13 16:48:33.0000000","geometry":"POINT(-73.83269624356547 40.838019163551444)","genusspecies":"Platanus x acerifolia - London planetree"}},{"type":"Feature","geometry":{"type":"Point","coordinates":[-73.87939684861634,40.753644683256404]},"properties":{"tpcondition":"Good","stumpdiameter":null,"riskratingdate":"2025-02-05 19:13:03.0000000","riskrating":"7","objectid":"3663804","globalid":"54EAB472-4DC0-48B1-9B5D-55436E176327","tpstructure":"Full","plantingspaceglobalid":"16D803AF-35B2-4634-9E74-6E013B8509AC","createddate":"2016-05-11 17:54:36.0000000","dbh":"37","planteddate":null,"updateddate":"2025-02-05 19:13:03.0000000","geometry":"POINT(-73.87939684861634 40.753644683256404)","genusspecies":"Platanus x acerifolia - London planetree"}},{"type":"Feature","geometry":{"type":"Point","coordinates":[-73.86785114353064,40.76481953311287]},"properties":{"tpcondition":"Good","stumpdiameter":null,"riskratingdate":"2024-08-20 18:08:09.0000000","riskrating":"5","objectid":"3663805","globalid":"67943450-A0E9-4B9B-B9D7-DA12E67F6D69","tpstructure":"Full","plantingspaceglobalid":"9E531B86-8DCC-4674-AA7B-5BE6205448C5","createddate":"2016-05-11 18:54:30.0000000","dbh":"17","planteddate":null,"updateddate":"2024-08-20 18:08:09.0000000","geometry":"POINT(-73.86785114353064 40.76481953311287)","genusspecies":"Quercus bicolor - swamp white oak"}},{"type":"Feature","geometry":{"type":"Point","coordinates":[-73.8848608082821,40.751698849887816]},"properties":{"tpcondition":"Dead","stumpdiameter":null,"riskratingdate":"2025-07-18 16:09:25.0000000","riskrating":"8","objectid":"3663806","globalid":"156B64B3-795C-4729-9DC8-F79FCF6F21F9","tpstructure":"Full","plantingspaceglobalid":"3BE99D7F-5A18-43E0-9627-517CE8F22DC3","createddate":"2016-05-11 20:51:53.0000000","dbh":"7","planteddate":null,"updateddate":"2025-07-18 16:09:25.0000000","geometry":"POINT(-73.8848608082821 40.751698849887816)","genusspecies":"Acer platanoides - Norway maple"}},{"type":"Feature","geometry":{"type":"Point","coordinates":[-73.86626488718909,40.76628720298113]},"properties":{"tpcondition":"Good","stumpdiameter":"0","riskratingdate":null,"riskrating":null,"objectid":"3663807","globalid":"9A9EFB22-8956-4B65-806A-1F954593E77C","tpstructure":"Full","plantingspaceglobalid":"6D60284F-D774-47DF-946B-D9D14E98BD57","createddate":"2016-05-11 20:08:20.0000000","dbh":"18","planteddate":null,"updateddate":"2017-10-17 10:01:38.0000000","geometry":"POINT(-73.86626488718909 40.76628720298113)","genusspecies":"Robinia pseudoacacia - black locust"}},{"type":"Feature","geometry":{"type":"Point","coordinates":[-73.97851931538264,40.67296500893429]},"properties":{"tpcondition":"Good","stumpdiameter":"0","riskratingdate":null,"riskrating":null,"objectid":"3663808","globalid":"228AE329-8588-420F-85C9-48FA4B9E05A3","tpstructure":"Full","plantingspaceglobalid":"4E2276F1-0C2A-4D9D-8956-D001403E9A54","createddate":"2016-05-11 19:55:31.0000000","dbh":"4","planteddate":null,"updateddate":"2017-04-27 07:51:08.0000000","geometry":"POINT(-73.97851931538264 40.67296500893429)","genusspecies":"Cornus mas - Cornelian cherry"}},{"type":"Feature","geometry":{"type":"Point","coordinates":[-73.8264788525867,40.845262537888864]},"properties":{"tpcondition":"Good","stumpdiameter":null,"riskratingdate":"2023-11-02 14:49:35.0000000","riskrating":"7","objectid":"3663809","globalid":"E87F9746-1973-4F8F-AC95-AFB3CE82FB2C","tpstructure":"Full","plantingspaceglobalid":"C24447DC-75F2-4FC5-AAD4-85D99F7DC09D","createddate":"2016-05-11 17:23:48.0000000","dbh":"11","planteddate":null,"updateddate":"2023-11-02 14:49:35.0000000","geometry":"POINT(-73.8264788525867 40.845262537888864)","genusspecies":"Platanus x acerifolia - London planetree"}},{"type":"Feature","geometry":{"type":"Point","coordinates":[-73.87578480665168,40.73913157538753]},"properties":{"tpcondition":"Fair","stumpdiameter":null,"riskratingdate":"2022-05-04 12:41:17.0000000","riskrating":"5","objectid":"3663810","globalid":"21C51025-74FA-4EA6-955A-6307F4E2029B","tpstructure":"Full","plantingspaceglobalid":"12A956A4-2F87-42C6-A4A5-88A04166901F","createddate":"2016-05-11 18:27:36.0000000","dbh":"18","planteddate":null,"updateddate":"2022-05-04 12:41:17.0000000","geometry":"POINT(-73.87578480665168 40.73913157538753)","genusspecies":"Quercus palustris - pin oak"}},{"type":"Feature","geometry":{"type":"Point","coordinates":[-73.88008231357661,40.754159613835796]},"properties":{"tpcondition":"Good","stumpdiameter":null,"riskratingdate":"2024-08-12 17:48:57.0000000","riskrating":"7","objectid":"3663811","globalid":"054470A3-CA7C-48F3-BFE7-C71440A24ED9","tpstructure":"Full","plantingspaceglobalid":"56BBD2BE-1CB3-4C41-88EB-612544B4B52F","createddate":"2016-05-11 19:29:43.0000000","dbh":"19","planteddate":null,"updateddate":"2024-08-12 17:48:57.0000000","geometry":"POINT(-73.88008231357661 40.754159613835796)","genusspecies":"Tilia cordata - littleleaf linden"}},{"type":"Feature","geometry":{"type":"Point","coordinates":[-73.8681578247679,40.754138939355045]},"properties":{"tpcondition":"Good","stumpdiameter":"0","riskratingdate":null,"riskrating":null,"objectid":"3663812","globalid":"FC3C2E87-68C5-4C83-B2E8-8DDF58A3E735","tpstructure":"Full","plantingspaceglobalid":"5A50A96E-FE26-4B90-A276-0C8140BF5473","createddate":"2016-05-11 20:21:02.0000000","dbh":"10","planteddate":null,"updateddate":"2017-03-16 14:25:30.0000000","geometry":"POINT(-73.8681578247679 40.754138939355045)","genusspecies":"Tilia americana - American basswood"}},{"type":"Feature","geometry":{"type":"Point","coordinates":[-73.94555066303936,40.70790143586314]},"properties":{"tpcondition":"Good","stumpdiameter":"0","riskratingdate":"2019-06-05 11:40:37.0000000","riskrating":"4","objectid":"3663813","globalid":"03FAE23E-2130-44FC-B84B-CF8E8C67E7E8","tpstructure":"Full","plantingspaceglobalid":"58A5FF02-E19A-4AE9-BCB5-9A0BC8E87AB9","createddate":"2016-05-11 20:25:55.0000000","dbh":"10","planteddate":null,"updateddate":"2019-06-05 17:44:20.0000000","geometry":"POINT(-73.94555066303936 40.70790143586314)","genusspecies":"Styphnolobium japonicum - Japanese pagoda tree"}},{"type":"Feature","geometry":{"type":"Point","coordinates":[-73.8624795085651,40.81804009098113]},"properties":{"tpcondition":"Good","stumpdiameter":null,"riskratingdate":"2024-10-17 14:23:22.0000000","riskrating":"3","objectid":"3663814","globalid":"8AE67CB4-FE2D-4E4C-941F-ADA34A0E9555","tpstructure":"Full","plantingspaceglobalid":"72BE092C-9022-4016-A9B5-36EB6EBBF023","createddate":"2016-05-11 18:17:16.0000000","dbh":"6","planteddate":null,"updateddate":"2024-10-17 14:23:22.0000000","geometry":"POINT(-73.8624795085651 40.81804009098113)","genusspecies":"Maackia amurensis - Amur maackia"}},{"type":"Feature","geometry":{"type":"Point","coordinates":[-73.9767901456335,40.66548087886013]},"properties":{"tpcondition":"Good","stumpdiameter":"0","riskratingdate":null,"riskrating":null,"objectid":"3663815","globalid":"BDF5C3F1-F170-405B-A19A-65A78849EC2A","tpstructure":"Full","plantingspaceglobalid":"85D9636F-98D2-4984-96B3-806D4936ECA4","createddate":"2016-05-11 20:31:41.0000000","dbh":"4","planteddate":null,"updateddate":"2018-03-19 12:04:17.0000000","geometry":"POINT(-73.9767901456335 40.66548087886013)","genusspecies":"Gleditsia triacanthos var. inermis - Thornless honeylocust"}},{"type":"Feature","geometry":{"type":"Point","coordinates":[-73.83929179439596,40.88910997731119]},"properties":{"tpcondition":"Good","stumpdiameter":"0","riskratingdate":null,"riskrating":null,"objectid":"3663816","globalid":"2945E715-3F73-4EEE-972F-7BE1413448A9","tpstructure":"Full","plantingspaceglobalid":"8C2AC6A8-6973-4500-8459-A26AA85C929E","createddate":"2016-05-11 19:22:50.0000000","dbh":"3","planteddate":null,"updateddate":"2018-03-01 10:17:48.0000000","geometry":"POINT(-73.83929179439596 40.88910997731119)","genusspecies":"Malus - apple"}},{"type":"Feature","geometry":{"type":"Point","coordinates":[-73.82024078842944,40.73891559344962]},"properties":{"tpcondition":"Unknown","stumpdiameter":"19","riskratingdate":null,"riskrating":null,"objectid":"3663817","globalid":"AA6D098E-40CE-4E8D-9911-B0AB46EF3D4E","tpstructure":"Retired","plantingspaceglobalid":"6300B0BD-4286-45AF-9D4D-3A4FE33860CA","createddate":"2016-05-11 19:58:20.0000000","dbh":"0","planteddate":null,"updateddate":"2024-01-22 18:09:32.0000000","geometry":"POINT(-73.82024078842944 40.73891559344962)","genusspecies":"Unknown - Unknown"}},{"type":"Feature","geometry":{"type":"Point","coordinates":[-73.9646826973081,40.703224045743205]},"properties":{"tpcondition":"Good","stumpdiameter":"0","riskratingdate":null,"riskrating":null,"objectid":"3663818","globalid":"BAFE2E58-83EE-4A58-88BC-2A2577567C69","tpstructure":"Full","plantingspaceglobalid":"778904FC-F98B-4C14-B996-277A65295DF1","createddate":"2016-05-11 20:35:59.0000000","dbh":"11","planteddate":null,"updateddate":"2018-05-07 12:21:19.0000000","geometry":"POINT(-73.9646826973081 40.703224045743205)","genusspecies":"Gleditsia triacanthos var. inermis - Thornless honeylocust"}},{"type":"Feature","geometry":{"type":"Point","coordinates":[-73.83435850529688,40.76211940870078]},"properties":{"tpcondition":"Good","stumpdiameter":"0","riskratingdate":null,"riskrating":null,"objectid":"3663819","globalid":"F318E161-75BF-4203-A471-323C0F0621E8","tpstructure":"Full","plantingspaceglobalid":"DB4F0C48-3499-41CE-B2BF-1D9436336EE7","createddate":"2016-05-11 20:03:44.0000000","dbh":"8","planteddate":null,"updateddate":"2018-10-16 13:33:09.0000000","geometry":"POINT(-73.83435850529688 40.76211940870078)","genusspecies":"Zelkova serrata - Japanese zelkova"}},{"type":"Feature","geometry":{"type":"Point","coordinates":[-73.924042068786,40.75535593215105]},"properties":{"tpcondition":"Good","stumpdiameter":null,"riskratingdate":"2024-12-17 18:39:09.0000000","riskrating":"6","objectid":"3663820","globalid":"25D5050C-41D3-42AA-B2B9-AB3D6EF43B98","tpstructure":"Full","plantingspaceglobalid":"A60503C3-C7BE-4D57-BEEC-25D5189EAB5C","createddate":"2016-05-11 18:52:09.0000000","dbh":"10","planteddate":null,"updateddate":"2024-12-17 18:40:56.0000000","geometry":"POINT(-73.924042068786 40.75535593215105)","genusspecies":"Tilia cordata - littleleaf linden"}},{"type":"Feature","geometry":{"type":"Point","coordinates":[-73.90026388897454,40.745613445553104]},"properties":{"tpcondition":"Good","stumpdiameter":null,"riskratingdate":"2024-09-26 17:58:42.0000000","riskrating":"7","objectid":"3663821","globalid":"D4CCD12E-74A7-4D2A-92B2-16C4619747A2","tpstructure":"Full","plantingspaceglobalid":"10B287F4-052F-4378-B1B6-5DFDF326B493","createddate":"2016-05-11 17:27:17.0000000","dbh":"8","planteddate":null,"updateddate":"2024-09-26 17:58:42.0000000","geometry":"POINT(-73.90026388897454 40.745613445553104)","genusspecies":"Gleditsia triacanthos var. inermis - Thornless honeylocust"}},{"type":"Feature","geometry":{"type":"Point","coordinates":[-73.90152031004668,40.70294968201044]},"properties":{"tpcondition":"Good","stumpdiameter":"0","riskratingdate":"2020-01-20 18:08:38.0000000","riskrating":"7","objectid":"3663822","globalid":"C52BE534-B82F-43A4-AB3A-E234B1E6F533","tpstructure":"Full","plantingspaceglobalid":"1FDE7D11-30CF-43E3-AEA7-27FBBF57DA66","createddate":"2016-05-11 18:23:44.0000000","dbh":"6","planteddate":null,"updateddate":"2020-01-20 18:08:38.0000000","geometry":"POINT(-73.90152031004668 40.70294968201044)","genusspecies":"Tilia cordata - littleleaf linden"}},{"type":"Feature","geometry":{"type":"Point","coordinates":[-73.82017120904227,40.814034870572776]},"properties":{"tpcondition":"Good","stumpdiameter":null,"riskratingdate":"2021-12-29 13:04:30.0000000","riskrating":"3","objectid":"3663823","globalid":"59A732EB-2F7B-43D4-8507-85A9EF55A0B0","tpstructure":"Full","plantingspaceglobalid":"37FE111A-04E1-4164-A0EB-4385B4E32B92","createddate":"2016-05-11 19:33:41.0000000","dbh":"5","planteddate":null,"updateddate":"2021-12-29 13:04:30.0000000","geometry":"POINT(-73.82017120904227 40.814034870572776)","genusspecies":"Acer rubrum - red maple"}},{"type":"Feature","geometry":{"type":"Point","coordinates":[-73.88891374310118,40.74868775361104]},"properties":{"tpcondition":"Fair","stumpdiameter":null,"riskratingdate":"2025-10-21 11:30:39.0000000","riskrating":"8","objectid":"3663824","globalid":"3970107D-F998-4A91-973B-00B05BF08CD0","tpstructure":"Full","plantingspaceglobalid":"8A6888FF-452D-4008-B013-1C0CC23356B3","createddate":"2016-05-11 18:04:07.0000000","dbh":"14","planteddate":null,"updateddate":"2025-10-21 11:30:39.0000000","geometry":"POINT(-73.88891374310118 40.74868775361104)","genusspecies":"Zelkova serrata - Japanese zelkova"}},{"type":"Feature","geometry":{"type":"Point","coordinates":[-73.99802821715483,40.68446265881985]},"properties":{"tpcondition":"Fair","stumpdiameter":null,"riskratingdate":"2025-01-21 16:41:19.0000000","riskrating":"3","objectid":"3663825","globalid":"F351BFCB-0492-4040-A7B2-819D09D75F60","tpstructure":"Full","plantingspaceglobalid":"C33721B4-729B-4AFF-9AF5-4303B93C80A5","createddate":"2016-05-11 17:38:31.0000000","dbh":"10","planteddate":null,"updateddate":"2025-01-21 16:41:19.0000000","geometry":"POINT(-73.99802821715483 40.68446265881985)","genusspecies":"Pyrus calleryana - Callery pear"}},{"type":"Feature","geometry":{"type":"Point","coordinates":[-73.9219289629413,40.705212248595245]},"properties":{"tpcondition":"Good","stumpdiameter":"0","riskratingdate":null,"riskrating":null,"objectid":"3663826","globalid":"58556588-7215-4ACA-AA15-3AE876C533EF","tpstructure":"Full","plantingspaceglobalid":"B7C27D57-817D-43EA-B149-7402A03004F7","createddate":"2016-05-11 20:47:07.0000000","dbh":"5","planteddate":null,"updateddate":"2019-03-19 15:32:16.0000000","geometry":"POINT(-73.9219289629413 40.705212248595245)","genusspecies":"Liquidambar styraciflua - sweetgum"}},{"type":"Feature","geometry":{"type":"Point","coordinates":[-73.98944645081546,40.69081051572261]},"properties":{"tpcondition":"Fair","stumpdiameter":"0","riskratingdate":null,"riskrating":null,"objectid":"3663827","globalid":"3003107E-6060-4645-BC89-F161DACC66DE","tpstructure":"Full","plantingspaceglobalid":"DDA8CBC2-FBD0-4EB8-A0FE-86432F2E41EC","createddate":"2016-05-11 19:25:46.0000000","dbh":"4","planteddate":null,"updateddate":"2017-07-17 00:22:57.0000000","geometry":"POINT(-73.98944645081546 40.69081051572261)","genusspecies":"Betula papyrifera - paper birch"}},{"type":"Feature","geometry":{"type":"Point","coordinates":[-73.9902517003699,40.66775979069222]},"properties":{"tpcondition":"Fair","stumpdiameter":null,"riskratingdate":"2023-11-13 16:33:00.0000000","riskrating":"8","objectid":"3663828","globalid":"02920C00-B076-41DC-8F12-A72D715889F0","tpstructure":"Full","plantingspaceglobalid":"750D597B-B25F-448E-8D2D-08E62243A5E3","createddate":"2016-05-11 17:31:08.0000000","dbh":"19","planteddate":null,"updateddate":"2023-11-13 16:33:00.0000000","geometry":"POINT(-73.9902517003699 40.66775979069222)","genusspecies":"Pyrus calleryana - Callery pear"}},{"type":"Feature","geometry":{"type":"Point","coordinates":[-73.84905542270931,40.71727686219088]},"properties":{"tpcondition":"Good","stumpdiameter":null,"riskratingdate":"2023-10-13 17:45:58.0000000","riskrating":"6","objectid":"3663829","globalid":"2EA13108-7931-42C9-BF4D-16A91F4E3C54","tpstructure":"Full","plantingspaceglobalid":"F21B033F-78C8-4C75-8EAD-2F97A34F2B16","createddate":"2016-05-11 19:11:53.0000000","dbh":"11","planteddate":null,"updateddate":"2023-10-13 17:45:58.0000000","geometry":"POINT(-73.84905542270931 40.71727686219088)","genusspecies":"Gymnocladus dioicus - Kentucky coffeetree"}},{"type":"Feature","geometry":{"type":"Point","coordinates":[-73.87424921185614,40.75205217893512]},"properties":{"tpcondition":"Fair","stumpdiameter":"0","riskratingdate":null,"riskrating":null,"objectid":"3663830","globalid":"23A9E5AC-B718-45F0-A1C2-161657E6ADFD","tpstructure":"Full","plantingspaceglobalid":"7C7F7844-7900-4112-8BED-D0AFA0461407","createddate":"2016-05-11 20:37:12.0000000","dbh":"9","planteddate":null,"updateddate":"2017-03-10 10:46:46.0000000","geometry":"POINT(-73.87424921185614 40.75205217893512)","genusspecies":"Gleditsia triacanthos var. inermis - Thornless honeylocust"}},{"type":"Feature","geometry":{"type":"Point","coordinates":[-73.97745144632106,40.67002485317221]},"properties":{"tpcondition":"Fair","stumpdiameter":"0","riskratingdate":null,"riskrating":null,"objectid":"3663831","globalid":"57EF946C-FB5F-40B6-A5C2-9E98C42DFF9E","tpstructure":"Full","plantingspaceglobalid":"FAF9E4E1-DBD9-43CE-BCD2-FEFB72C01CE4","createddate":"2016-05-11 18:29:38.0000000","dbh":"3","planteddate":null,"updateddate":"2019-05-02 13:59:53.0000000","geometry":"POINT(-73.97745144632106 40.67002485317221)","genusspecies":"Quercus phellos - willow oak"}},{"type":"Feature","geometry":{"type":"Point","coordinates":[-73.88378792996524,40.767384895266254]},"properties":{"tpcondition":"Good","stumpdiameter":"0","riskratingdate":"2020-02-06 15:30:32.0000000","riskrating":"5","objectid":"3663832","globalid":"1A9A2D0F-50B6-45D3-BC16-EBBED007C17C","tpstructure":"Full","plantingspaceglobalid":"4C3382E9-003C-4E4A-A02B-37E3415E0CF3","createddate":"2016-05-11 20:39:22.0000000","dbh":"11","planteddate":null,"updateddate":"2020-02-06 15:30:32.0000000","geometry":"POINT(-73.88378792996524 40.767384895266254)","genusspecies":"Gleditsia triacanthos var. inermis - Thornless honeylocust"}},{"type":"Feature","geometry":{"type":"Point","coordinates":[-73.87584892537647,40.7497718466804]},"properties":{"tpcondition":"Fair","stumpdiameter":null,"riskratingdate":"2024-08-28 13:08:36.0000000","riskrating":"9","objectid":"3663833","globalid":"96C75346-100A-44CD-BB48-F211AF8AE612","tpstructure":"Full","plantingspaceglobalid":"A10E4E99-460A-4E78-AFC2-3DD2630C0978","createddate":"2016-05-11 19:38:31.0000000","dbh":"5","planteddate":null,"updateddate":"2024-08-28 13:08:36.0000000","geometry":"POINT(-73.87584892537647 40.7497718466804)","genusspecies":"Acer rubrum - red maple"}},{"type":"Feature","geometry":{"type":"Point","coordinates":[-73.81233054035862,40.74807927224665]},"properties":{"tpcondition":"Good","stumpdiameter":null,"riskratingdate":"2022-05-18 13:50:29.0000000","riskrating":"6","objectid":"3663834","globalid":"61AA419D-C629-4713-8A5E-BCDD0AEDF43B","tpstructure":"Full","plantingspaceglobalid":"693A715E-2AB4-4213-8562-48947EDDAE1F","createddate":"2016-05-11 18:32:12.0000000","dbh":"41","planteddate":null,"updateddate":"2022-05-18 13:50:29.0000000","geometry":"POINT(-73.81233054035862 40.74807927224665)","genusspecies":"Quercus palustris - pin oak"}},{"type":"Feature","geometry":{"type":"Point","coordinates":[-73.88168321495431,40.761018595798234]},"properties":{"tpcondition":"Fair","stumpdiameter":"0","riskratingdate":"2020-01-30 20:58:07.0000000","riskrating":"7","objectid":"3663835","globalid":"CB4D3D02-15CE-4FF2-B05B-9CE4D28491BC","tpstructure":"Full","plantingspaceglobalid":"663A9C1B-AA29-4233-84DA-445532F6AB70","createddate":"2016-05-11 17:27:11.0000000","dbh":"14","planteddate":null,"updateddate":"2020-01-30 20:58:07.0000000","geometry":"POINT(-73.88168321495431 40.761018595798234)","genusspecies":"Ginkgo biloba - maidenhair tree"}},{"type":"Feature","geometry":{"type":"Point","coordinates":[-73.99581675198891,40.68501400027401]},"properties":{"tpcondition":"Good","stumpdiameter":null,"riskratingdate":"2023-07-19 16:30:00.0000000","riskrating":"5","objectid":"3663836","globalid":"B8271141-F4A1-4C18-B175-19E5E7FDA6A3","tpstructure":"Retired","plantingspaceglobalid":"4757F363-5037-4EA2-8604-EEE17CC8DF87","createddate":"2016-05-11 19:43:00.0000000","dbh":"17","planteddate":null,"updateddate":"2023-07-19 19:05:00.0000000","geometry":"POINT(-73.99581675198891 40.68501400027401)","genusspecies":"Platanus x acerifolia - London planetree"}},{"type":"Feature","geometry":{"type":"Point","coordinates":[-73.91417000458442,40.759096418613176]},"properties":{"tpcondition":"Good","stumpdiameter":"6","riskratingdate":"2024-04-02 14:27:00.0000000","riskrating":"6","objectid":"3663837","globalid":"5377CA1E-328F-4EB0-912F-2F7548342E88","tpstructure":"Retired","plantingspaceglobalid":"EA5C6267-4C17-42C5-A750-47B4F53D5EBD","createddate":"2016-05-11 19:21:00.0000000","dbh":"6","planteddate":null,"updateddate":"2025-01-23 15:22:00.0000000","geometry":"POINT(-73.91417000458442 40.759096418613176)","genusspecies":"Tilia cordata - littleleaf linden"}},{"type":"Feature","geometry":{"type":"Point","coordinates":[-73.8389449881055,40.890331920159106]},"properties":{"tpcondition":"Good","stumpdiameter":"0","riskratingdate":null,"riskrating":null,"objectid":"3663838","globalid":"33C6494C-B3EA-45AB-91B2-8737C4F6E78B","tpstructure":"Full","plantingspaceglobalid":"9F7CD6C4-3B2F-4A3A-BBF0-CE11CDC94B62","createddate":"2016-05-11 18:10:55.0000000","dbh":"7","planteddate":null,"updateddate":"2018-03-01 13:32:26.0000000","geometry":"POINT(-73.8389449881055 40.890331920159106)","genusspecies":"Tilia cordata - littleleaf linden"}},{"type":"Feature","geometry":{"type":"Point","coordinates":[-73.99683620463925,40.68779358925604]},"properties":{"tpcondition":"Good","stumpdiameter":null,"riskratingdate":"2022-03-03 19:30:01.0000000","riskrating":"6","objectid":"3663839","globalid":"EFAF254F-676B-4670-A3B4-A507DC1F5A10","tpstructure":"Full","plantingspaceglobalid":"CAE4F4CC-C337-4010-9516-E31251C93753","createddate":"2016-05-11 19:38:02.0000000","dbh":"8","planteddate":null,"updateddate":"2022-03-03 19:30:01.0000000","geometry":"POINT(-73.99683620463925 40.68779358925604)","genusspecies":"Quercus rubra - northern red oak"}},{"type":"Feature","geometry":{"type":"Point","coordinates":[-73.8984160222101,40.77246621409058]},"properties":{"tpcondition":"Fair","stumpdiameter":null,"riskratingdate":"2024-12-03 15:00:20.0000000","riskrating":"8","objectid":"3663840","globalid":"EC1DC289-3BB1-4829-8A1E-BD688363EE29","tpstructure":"Full","plantingspaceglobalid":"B05684AC-96D5-4416-9A01-6AD414B229CD","createddate":"2016-05-11 19:48:53.0000000","dbh":"17","planteddate":null,"updateddate":"2024-12-03 15:00:20.0000000","geometry":"POINT(-73.8984160222101 40.77246621409058)","genusspecies":"Platanus x acerifolia - London planetree"}},{"type":"Feature","geometry":{"type":"Point","coordinates":[-73.85206751791131,40.81710353243462]},"properties":{"tpcondition":"Fair","stumpdiameter":null,"riskratingdate":"2025-06-29 00:22:21.0000000","riskrating":"5","objectid":"3663841","globalid":"07A28358-417F-4F3A-9B8E-2D1F7FDD538C","tpstructure":"Full","plantingspaceglobalid":"2FD5FFC6-1AC4-4B1A-85E3-E178AE5230C3","createddate":"2016-05-11 19:47:55.0000000","dbh":"11","planteddate":null,"updateddate":"2025-06-29 00:22:21.0000000","geometry":"POINT(-73.85206751791131 40.81710353243462)","genusspecies":"Ginkgo biloba - maidenhair tree"}},{"type":"Feature","geometry":{"type":"Point","coordinates":[-73.91595464574655,40.70510454721287]},"properties":{"tpcondition":"Fair","stumpdiameter":null,"riskratingdate":"2025-06-24 19:02:09.0000000","riskrating":"7","objectid":"3663842","globalid":"1FE5315B-3AB2-4CCA-9367-64F8C9DA038C","tpstructure":"Full","plantingspaceglobalid":"809F6449-8CE3-4B88-8ECB-1809C600649B","createddate":"2016-05-11 20:40:15.0000000","dbh":"16","planteddate":null,"updateddate":"2025-06-24 19:02:09.0000000","geometry":"POINT(-73.91595464574655 40.70510454721287)","genusspecies":"Gleditsia triacanthos var. inermis - Thornless honeylocust"}},{"type":"Feature","geometry":{"type":"Point","coordinates":[-73.9247773588074,40.702153219938225]},"properties":{"tpcondition":"Good","stumpdiameter":"0","riskratingdate":null,"riskrating":null,"objectid":"3663843","globalid":"B4E9D05D-85F3-464A-AFEC-2B90FB2B700F","tpstructure":"Full","plantingspaceglobalid":"5E60EA80-F7AE-4BC6-AE04-7C1A3FE9569F","createddate":"2016-05-11 20:26:06.0000000","dbh":"7","planteddate":null,"updateddate":"2019-03-19 16:04:23.0000000","geometry":"POINT(-73.9247773588074 40.702153219938225)","genusspecies":"Gleditsia triacanthos var. inermis - Thornless honeylocust"}},{"type":"Feature","geometry":{"type":"Point","coordinates":[-73.86264168215891,40.81819354900988]},"properties":{"tpcondition":"Fair","stumpdiameter":null,"riskratingdate":"2024-10-17 14:26:03.0000000","riskrating":"6","objectid":"3663844","globalid":"9A264FD7-71B0-4D31-85E3-F1E094FE0901","tpstructure":"Full","plantingspaceglobalid":"212807D5-B084-4ADD-998B-78D43C1FB05F","createddate":"2016-05-11 18:13:40.0000000","dbh":"7","planteddate":null,"updateddate":"2024-10-17 14:26:03.0000000","geometry":"POINT(-73.86264168215891 40.81819354900988)","genusspecies":"Pyrus calleryana - Callery pear"}},{"type":"Feature","geometry":{"type":"Point","coordinates":[-73.93727068966595,40.71645449721169]},"properties":{"tpcondition":"Good","stumpdiameter":null,"riskratingdate":"2025-01-29 17:32:38.0000000","riskrating":"7","objectid":"3663845","globalid":"A7657580-C27B-45C4-99BA-E18B3D62EAE6","tpstructure":"Full","plantingspaceglobalid":"7BC3DC03-40C3-446F-87EC-C4EB503C1B41","createddate":"2016-05-11 20:02:27.0000000","dbh":"32","planteddate":null,"updateddate":"2025-01-29 17:32:38.0000000","geometry":"POINT(-73.93727068966595 40.71645449721169)","genusspecies":"Platanus x acerifolia - London planetree"}},{"type":"Feature","geometry":{"type":"Point","coordinates":[-73.98213861952277,40.670304154527294]},"properties":{"tpcondition":"Good","stumpdiameter":null,"riskratingdate":"2025-11-03 14:45:58.0000000","riskrating":"5","objectid":"3663846","globalid":"74FD1488-10FA-4DD7-96A0-D5BAA3B20FAE","tpstructure":"Full","plantingspaceglobalid":"94821A90-C3A0-4256-A4C0-67401018AABE","createddate":"2016-05-11 18:32:25.0000000","dbh":"15","planteddate":null,"updateddate":"2025-11-03 14:46:05.0000000","geometry":"POINT(-73.98213861952277 40.670304154527294)","genusspecies":"Gleditsia triacanthos var. inermis - Thornless honeylocust"}},{"type":"Feature","geometry":{"type":"Point","coordinates":[-73.81511883484009,40.74591909455899]},"properties":{"tpcondition":"Dead","stumpdiameter":null,"riskratingdate":"2022-06-23 15:05:26.0000000","riskrating":"7","objectid":"3663847","globalid":"A392379A-2FFF-46C8-B0B0-FF76C7FCF749","tpstructure":"Full","plantingspaceglobalid":"4F8B7206-C6E0-4023-BB99-49DCC9DECAE7","createddate":"2016-05-11 18:55:57.0000000","dbh":"11","planteddate":null,"updateddate":"2022-06-23 15:05:26.0000000","geometry":"POINT(-73.81511883484009 40.74591909455899)","genusspecies":"Prunus serrulata 'Green leaf' - 'Green leaf' Japanese flowering cherry"}},{"type":"Feature","geometry":{"type":"Point","coordinates":[-73.98479639649658,40.676542701946936]},"properties":{"tpcondition":"Poor","stumpdiameter":"0","riskratingdate":null,"riskrating":null,"objectid":"3663848","globalid":"2F4EF671-B900-4C92-B856-6F78C2030B1E","tpstructure":"Retired","plantingspaceglobalid":"7E4C2A8D-97BE-498B-8A62-EFADD09852B7","createddate":"2016-05-11 20:49:07.0000000","dbh":"6","planteddate":null,"updateddate":"2017-05-15 12:08:44.0000000","geometry":"POINT(-73.98479639649658 40.676542701946936)","genusspecies":"Acer platanoides - Norway maple"}},{"type":"Feature","geometry":{"type":"Point","coordinates":[-73.87419402515359,40.76627388385157]},"properties":{"tpcondition":"Good","stumpdiameter":"0","riskratingdate":null,"riskrating":null,"objectid":"3663849","globalid":"09A95EF3-FEE6-410C-BB50-4E8596BA4003","tpstructure":"Full","plantingspaceglobalid":"8E78CE8F-5CDC-4D59-8BB0-32482E67A53A","createddate":"2016-05-11 20:56:13.0000000","dbh":"6","planteddate":null,"updateddate":"2018-12-06 17:50:39.0000000","geometry":"POINT(-73.87419402515359 40.76627388385157)","genusspecies":"Prunus serrulata 'Not Green leaf' - 'Not Green leaf' Japanese flowering cherry"}},{"type":"Feature","geometry":{"type":"Point","coordinates":[-73.90545272765985,40.706410013604255]},"properties":{"tpcondition":"Good","stumpdiameter":null,"riskratingdate":"2020-04-06 12:57:00.0000000","riskrating":"7","objectid":"3663850","globalid":"82B22D5E-F43A-47B6-8CD7-E7ADBBBC9BB9","tpstructure":"Full","plantingspaceglobalid":"38F95411-F21F-4915-9EEB-7CFA5A019922","createddate":"2016-05-11 17:24:24.0000000","dbh":"16","planteddate":null,"updateddate":"2020-04-06 12:57:00.0000000","geometry":"POINT(-73.90545272765985 40.706410013604255)","genusspecies":"Gleditsia triacanthos var. inermis - Thornless honeylocust"}},{"type":"Feature","geometry":{"type":"Point","coordinates":[-73.88498382454709,40.75569410588102]},"properties":{"tpcondition":"Good","stumpdiameter":null,"riskratingdate":"2024-08-22 13:22:13.0000000","riskrating":"7","objectid":"3663851","globalid":"01DA3DCB-2316-4378-936F-BA4EB6B4A0D8","tpstructure":"Full","plantingspaceglobalid":"1C32663B-7B0B-4915-A35D-53D6C848EA30","createddate":"2016-05-11 19:34:19.0000000","dbh":"16","planteddate":null,"updateddate":"2024-08-22 13:22:13.0000000","geometry":"POINT(-73.88498382454709 40.75569410588102)","genusspecies":"Pyrus calleryana - Callery pear"}},{"type":"Feature","geometry":{"type":"Point","coordinates":[-73.84620909408132,40.86838451079257]},"properties":{"tpcondition":"Good","stumpdiameter":"0","riskratingdate":null,"riskrating":null,"objectid":"3663852","globalid":"F5BB6537-81EF-49C2-9680-A64F728DEAEF","tpstructure":"Full","plantingspaceglobalid":"1BC28787-F6FC-407C-8297-59DF7ACFD045","createddate":"2016-05-11 18:24:29.0000000","dbh":"15","planteddate":null,"updateddate":"2016-07-05 09:56:52.0000000","geometry":"POINT(-73.84620909408132 40.86838451079257)","genusspecies":"Platanus x acerifolia - London planetree"}},{"type":"Feature","geometry":{"type":"Point","coordinates":[-73.93346538919032,40.76350536020104]},"properties":{"tpcondition":"Good","stumpdiameter":"0","riskratingdate":null,"riskrating":null,"objectid":"3663853","globalid":"92481832-3EA1-4123-97FE-A58CFD23CEFF","tpstructure":"Full","plantingspaceglobalid":"4150543D-F122-4312-9581-06B3BE4F971F","createddate":"2016-05-11 17:33:57.0000000","dbh":"14","planteddate":null,"updateddate":"2019-02-05 18:34:35.0000000","geometry":"POINT(-73.93346538919032 40.76350536020104)","genusspecies":"Quercus palustris - pin oak"}},{"type":"Feature","geometry":{"type":"Point","coordinates":[-73.91911708106596,40.82989894280909]},"properties":{"tpcondition":"Fair","stumpdiameter":null,"riskratingdate":"2022-03-16 16:31:30.0000000","riskrating":"6","objectid":"3663854","globalid":"C36035B7-7961-4F21-90F2-E48ECB59684A","tpstructure":"Full","plantingspaceglobalid":"A9FCB001-93E4-4703-9B19-432AA739EF57","createddate":"2016-05-11 18:13:33.0000000","dbh":"9","planteddate":null,"updateddate":"2022-03-16 16:31:30.0000000","geometry":"POINT(-73.91911708106596 40.82989894280909)","genusspecies":"Pyrus calleryana - Callery pear"}},{"type":"Feature","geometry":{"type":"Point","coordinates":[-73.96823319491727,40.71087045126021]},"properties":{"tpcondition":"Good","stumpdiameter":"0","riskratingdate":"2019-05-07 10:01:46.0000000","riskrating":"3","objectid":"3663855","globalid":"9F06295D-781F-46E9-8041-97D33241CAA2","tpstructure":"Full","plantingspaceglobalid":"638C9FE2-8F21-4E37-909D-8C1B0EE11767","createddate":"2016-05-11 20:09:29.0000000","dbh":"4","planteddate":null,"updateddate":"2019-05-07 14:01:46.0000000","geometry":"POINT(-73.96823319491727 40.71087045126021)","genusspecies":"Gleditsia triacanthos var. inermis - Thornless honeylocust"}},{"type":"Feature","geometry":{"type":"Point","coordinates":[-73.90253139257533,40.71032645820685]},"properties":{"tpcondition":"Fair","stumpdiameter":"0","riskratingdate":"2020-01-24 18:06:03.0000000","riskrating":"6","objectid":"3663856","globalid":"CBE5589C-B920-4DB0-880B-49B710A50E93","tpstructure":"Full","plantingspaceglobalid":"6E56E705-8440-4C03-A9F7-95494550BD18","createddate":"2016-05-11 19:17:24.0000000","dbh":"16","planteddate":null,"updateddate":"2020-01-24 18:06:03.0000000","geometry":"POINT(-73.90253139257533 40.71032645820685)","genusspecies":"Pyrus calleryana - Callery pear"}},{"type":"Feature","geometry":{"type":"Point","coordinates":[-74.07687399392417,40.60020844577382]},"properties":{"tpcondition":"Fair","stumpdiameter":null,"riskratingdate":"2023-09-06 15:02:16.0000000","riskrating":"6","objectid":"3663857","globalid":"BF7DC546-27EA-44C5-A43E-414652D9EF13","tpstructure":"Full","plantingspaceglobalid":"210A8C93-937C-4E74-BDAD-8DEA07149128","createddate":"2016-05-11 19:05:51.0000000","dbh":"5","planteddate":null,"updateddate":"2023-09-06 15:02:16.0000000","geometry":"POINT(-74.07687399392417 40.60020844577382)","genusspecies":"Platanus x acerifolia - London planetree"}},{"type":"Feature","geometry":{"type":"Point","coordinates":[-73.8870530839806,40.7547505688359]},"properties":{"tpcondition":"Fair","stumpdiameter":null,"riskratingdate":"2024-08-01 13:05:08.0000000","riskrating":"8","objectid":"3663858","globalid":"02B0760D-2CB7-4DFF-B23F-87EE443220C1","tpstructure":"Full","plantingspaceglobalid":"062FB1F9-A82E-4FB6-974F-BBA914683EA2","createddate":"2016-05-11 20:36:31.0000000","dbh":"17","planteddate":null,"updateddate":"2024-08-01 13:05:08.0000000","geometry":"POINT(-73.8870530839806 40.7547505688359)","genusspecies":"Styphnolobium japonicum - Japanese pagoda tree"}},{"type":"Feature","geometry":{"type":"Point","coordinates":[-73.94771115093639,40.720138673660756]},"properties":{"tpcondition":"Good","stumpdiameter":null,"riskratingdate":"2024-06-22 15:42:27.0000000","riskrating":"4","objectid":"3663859","globalid":"B279ECF5-E126-4F41-BB7D-88924E84B862","tpstructure":"Full","plantingspaceglobalid":"F137F950-A3C1-4E0A-B60A-AC7447E3D586","createddate":"2016-05-11 19:51:32.0000000","dbh":"19","planteddate":null,"updateddate":"2024-06-22 15:42:27.0000000","geometry":"POINT(-73.94771115093639 40.720138673660756)","genusspecies":"Quercus palustris - pin oak"}},{"type":"Feature","geometry":{"type":"Point","coordinates":[-74.099453154647,40.63066470257036]},"properties":{"tpcondition":"Fair","stumpdiameter":"0","riskratingdate":null,"riskrating":null,"objectid":"3663860","globalid":"1E749826-54B0-4C9C-A0BD-1B828252598B","tpstructure":"Full","plantingspaceglobalid":"7C291618-7D58-4D4C-8AFE-F14941ECD5A8","createddate":"2016-05-11 17:58:42.0000000","dbh":"2","planteddate":null,"updateddate":"2019-01-29 18:58:50.0000000","geometry":"POINT(-74.099453154647 40.63066470257036)","genusspecies":"Pyrus calleryana - Callery pear"}},{"type":"Feature","geometry":{"type":"Point","coordinates":[-73.90330277587404,40.711687078168744]},"properties":{"tpcondition":"Dead","stumpdiameter":"13","riskratingdate":null,"riskrating":null,"objectid":"3663861","globalid":"28A37CEB-F5E4-4E66-A235-25C7CD9064F2","tpstructure":"Retired","plantingspaceglobalid":"4D18F38E-4D66-4598-A5FA-CA1E0571EBAF","createddate":"2016-05-11 20:31:00.0000000","dbh":"13","planteddate":null,"updateddate":"2017-08-03 07:54:35.0000000","geometry":"POINT(-73.90330277587404 40.711687078168744)","genusspecies":"Gleditsia triacanthos var. inermis - Thornless honeylocust"}},{"type":"Feature","geometry":{"type":"Point","coordinates":[-73.95533831765414,40.704624210930795]},"properties":{"tpcondition":"Poor","stumpdiameter":null,"riskratingdate":"2022-02-03 16:39:03.0000000","riskrating":"9","objectid":"3663862","globalid":"906C9A62-85B2-46EA-B3C4-B251AF1B3FB5","tpstructure":"Full","plantingspaceglobalid":"57003B80-E5D6-4782-9713-BEC40894FBB8","createddate":"2016-05-11 20:20:44.0000000","dbh":"19","planteddate":null,"updateddate":"2022-02-03 16:39:03.0000000","geometry":"POINT(-73.95533831765414 40.704624210930795)","genusspecies":"Platanus x acerifolia - London planetree"}},{"type":"Feature","geometry":{"type":"Point","coordinates":[-73.83555665791057,40.858951159522135]},"properties":{"tpcondition":"Good","stumpdiameter":null,"riskratingdate":"2022-10-07 10:40:20.0000000","riskrating":"7","objectid":"3663863","globalid":"BCE29DE1-DA78-4712-9C46-EE9ADCD161A2","tpstructure":"Full","plantingspaceglobalid":"9BBE4610-4BC8-4AA8-8E5A-24C7BED84BF2","createddate":"2016-05-11 18:35:26.0000000","dbh":"27","planteddate":null,"updateddate":"2022-10-07 10:40:20.0000000","geometry":"POINT(-73.83555665791057 40.858951159522135)","genusspecies":"Quercus rubra - northern red oak"}},{"type":"Feature","geometry":{"type":"Point","coordinates":[-73.90137034630106,40.696939109059215]},"properties":{"tpcondition":"Fair","stumpdiameter":"0","riskratingdate":null,"riskrating":null,"objectid":"3663864","globalid":"9AD13161-AA14-4C52-9135-23BF35151E5B","tpstructure":"Full","plantingspaceglobalid":"A275ACED-3B32-4BA1-ADF7-3F5A7AEF6992","createddate":"2016-05-11 17:40:15.0000000","dbh":"2","planteddate":null,"updateddate":"2018-11-13 16:27:15.0000000","geometry":"POINT(-73.90137034630106 40.696939109059215)","genusspecies":"Gleditsia triacanthos var. inermis - Thornless honeylocust"}},{"type":"Feature","geometry":{"type":"Point","coordinates":[-73.88812985608631,40.750250878644145]},"properties":{"tpcondition":"Poor","stumpdiameter":"17","riskratingdate":"2024-11-15 18:17:01.0000000","riskrating":"8","objectid":"3663865","globalid":"31FA9FA3-6C99-43DB-A818-033D91F42777","tpstructure":"Stump","plantingspaceglobalid":"93FBA5E3-0B38-4404-9C5C-4385529481BE","createddate":"2016-05-11 20:21:15.0000000","dbh":"17","planteddate":null,"updateddate":"2025-08-20 16:33:43.0000000","geometry":"POINT(-73.88812985608631 40.750250878644145)","genusspecies":"Gleditsia triacanthos var. inermis - Thornless honeylocust"}},{"type":"Feature","geometry":{"type":"Point","coordinates":[-73.77009760549208,40.76590705095114]},"properties":{"tpcondition":"Fair","stumpdiameter":null,"riskratingdate":"2022-08-25 17:15:19.0000000","riskrating":"5","objectid":"3663866","globalid":"2ED90FCC-3F61-42F5-BECC-F2C5E4F19807","tpstructure":"Full","plantingspaceglobalid":"E34AC976-B5EE-461B-A112-46E8CAF510B3","createddate":"2016-05-11 17:46:41.0000000","dbh":"14","planteddate":null,"updateddate":"2022-08-25 17:15:19.0000000","geometry":"POINT(-73.77009760549208 40.76590705095114)","genusspecies":"Acer platanoides 'Not Green Leaf' - 'Not Green Leaf' Norway maple"}},{"type":"Feature","geometry":{"type":"Point","coordinates":[-73.9398394570637,40.7090649995785]},"properties":{"tpcondition":"Good","stumpdiameter":"0","riskratingdate":"2019-06-20 11:23:50.0000000","riskrating":"3","objectid":"3663867","globalid":"0DBAD594-AA1E-4DFF-94F1-B243015E6B43","tpstructure":"Full","plantingspaceglobalid":"DB49EF28-BC7D-403A-A3C4-28759C2AA900","createddate":"2016-05-11 18:15:42.0000000","dbh":"12","planteddate":null,"updateddate":"2019-06-20 15:23:50.0000000","geometry":"POINT(-73.9398394570637 40.7090649995785)","genusspecies":"Zelkova serrata - Japanese zelkova"}},{"type":"Feature","geometry":{"type":"Point","coordinates":[-73.93597485473057,40.69319724537787]},"properties":{"tpcondition":"Fair","stumpdiameter":"0","riskratingdate":null,"riskrating":null,"objectid":"3663868","globalid":"90F2AA62-B8FF-405F-BB28-C6D42AD44F84","tpstructure":"Full","plantingspaceglobalid":"95101BE5-F57A-410A-81E0-3138112AE8C2","createddate":"2016-05-11 18:45:37.0000000","dbh":"19","planteddate":null,"updateddate":"2019-03-04 04:44:13.0000000","geometry":"POINT(-73.93597485473057 40.69319724537787)","genusspecies":"Platanus x acerifolia - London planetree"}},{"type":"Feature","geometry":{"type":"Point","coordinates":[-73.90503158350802,40.84130776084854]},"properties":{"tpcondition":"Good","stumpdiameter":null,"riskratingdate":"2025-08-04 17:59:27.0000000","riskrating":"6","objectid":"3663869","globalid":"9A79C0FC-362D-4040-BC31-D51956924686","tpstructure":"Full","plantingspaceglobalid":"B3901B93-8970-4F85-9301-6EC7235DD54E","createddate":"2016-05-11 20:51:18.0000000","dbh":"14","planteddate":null,"updateddate":"2025-08-04 17:59:27.0000000","geometry":"POINT(-73.90503158350802 40.84130776084854)","genusspecies":"Styphnolobium japonicum - Japanese pagoda tree"}},{"type":"Feature","geometry":{"type":"Point","coordinates":[-73.9710418053982,40.68006241690312]},"properties":{"tpcondition":"Fair","stumpdiameter":null,"riskratingdate":"2021-03-12 21:24:47.0000000","riskrating":"7","objectid":"3663870","globalid":"8A32DD7E-6632-4D41-BD4A-93895911AD96","tpstructure":"Full","plantingspaceglobalid":"01773300-4A4C-491B-B4EA-82DCB6360F06","createddate":"2016-05-11 18:44:18.0000000","dbh":"16","planteddate":null,"updateddate":"2021-03-12 21:24:47.0000000","geometry":"POINT(-73.9710418053982 40.68006241690312)","genusspecies":"Quercus palustris - pin oak"}},{"type":"Feature","geometry":{"type":"Point","coordinates":[-73.83279685088671,40.83920437538332]},"properties":{"tpcondition":"Good","stumpdiameter":"0","riskratingdate":null,"riskrating":null,"objectid":"3663871","globalid":"01737CAE-5408-45CB-8BBE-98744B3F6CCD","tpstructure":"Full","plantingspaceglobalid":"0B557F42-C4CC-4D01-AE5F-099CC4426091","createddate":"2016-05-11 18:08:02.0000000","dbh":"2","planteddate":null,"updateddate":"2017-09-08 09:25:48.0000000","geometry":"POINT(-73.83279685088671 40.83920437538332)","genusspecies":"Tilia americana - American basswood"}},{"type":"Feature","geometry":{"type":"Point","coordinates":[-73.93946724421839,40.755640592825145]},"properties":{"tpcondition":"Good","stumpdiameter":"0","riskratingdate":null,"riskrating":null,"objectid":"3663872","globalid":"B95FB53A-88DE-4121-BB44-4C0CC0E8C0DC","tpstructure":"Full","plantingspaceglobalid":"548DC563-72C6-48F0-9335-2E539EBFBFCB","createddate":"2016-05-11 17:45:40.0000000","dbh":"3","planteddate":null,"updateddate":null,"geometry":"POINT(-73.93946724421839 40.755640592825145)","genusspecies":"Juniperus virginiana - eastern redcedar"}},{"type":"Feature","geometry":{"type":"Point","coordinates":[-73.8158305431203,40.82777590977775]},"properties":{"tpcondition":"Good","stumpdiameter":null,"riskratingdate":"2024-06-26 14:44:20.0000000","riskrating":"7","objectid":"3663873","globalid":"BDDE3EE0-E68A-48CC-8859-68054F6DF15A","tpstructure":"Full","plantingspaceglobalid":"F6EC27D9-E02E-4E93-87F3-FECD058C5775","createddate":"2016-05-11 20:05:27.0000000","dbh":"16","planteddate":null,"updateddate":"2024-06-26 14:44:20.0000000","geometry":"POINT(-73.8158305431203 40.82777590977775)","genusspecies":"Zelkova serrata - Japanese zelkova"}},{"type":"Feature","geometry":{"type":"Point","coordinates":[-73.95430672314333,40.6931052371075]},"properties":{"tpcondition":"Good","stumpdiameter":null,"riskratingdate":"2025-06-07 16:25:40.0000000","riskrating":"7","objectid":"3663874","globalid":"B4043BF1-3441-4A02-9B15-C099B499FF0D","tpstructure":"Full","plantingspaceglobalid":"1D1268E7-F1E6-4835-9638-BB11B1ECD09F","createddate":"2016-05-11 19:19:47.0000000","dbh":"11","planteddate":null,"updateddate":"2025-06-07 16:25:40.0000000","geometry":"POINT(-73.95430672314333 40.6931052371075)","genusspecies":"Quercus robur - English oak"}},{"type":"Feature","geometry":{"type":"Point","coordinates":[-73.83858820674497,40.7236172730666]},"properties":{"tpcondition":"Good","stumpdiameter":null,"riskratingdate":"2025-06-05 14:18:49.0000000","riskrating":"4","objectid":"3663875","globalid":"16483C92-42C7-40B4-90D4-774844604AC4","tpstructure":"Full","plantingspaceglobalid":"DDB74089-6B5A-47BC-87CA-FAF777A9C513","createddate":"2016-05-11 17:56:11.0000000","dbh":"6","planteddate":null,"updateddate":"2025-06-05 14:18:49.0000000","geometry":"POINT(-73.83858820674497 40.7236172730666)","genusspecies":"Quercus rubra - northern red oak"}},{"type":"Feature","geometry":{"type":"Point","coordinates":[-73.96549303496582,40.70546528865197]},"properties":{"tpcondition":"Good","stumpdiameter":"0","riskratingdate":null,"riskrating":null,"objectid":"3663876","globalid":"C61F502B-6B9D-4EDE-B38E-F6BA9FD7B99E","tpstructure":"Full","plantingspaceglobalid":"6F2688D0-DFCA-443F-AF3F-9B08F2A91B3D","createddate":"2016-05-11 19:51:09.0000000","dbh":"14","planteddate":null,"updateddate":"2018-04-25 08:54:16.0000000","geometry":"POINT(-73.96549303496582 40.70546528865197)","genusspecies":"Liquidambar styraciflua - sweetgum"}},{"type":"Feature","geometry":{"type":"Point","coordinates":[-73.8370898036337,40.723032363832274]},"properties":{"tpcondition":"Dead","stumpdiameter":"0","riskratingdate":"2019-12-02 19:44:00.0000000","riskrating":"10","objectid":"3663877","globalid":"A2A1BDE9-9732-4436-AE32-3E29593DB409","tpstructure":"Stump","plantingspaceglobalid":"86854372-2349-44D1-AD0C-5CB89729AD46","createddate":"2016-05-11 20:16:00.0000000","dbh":"27","planteddate":null,"updateddate":"2020-01-29 19:06:45.0000000","geometry":"POINT(-73.8370898036337 40.723032363832274)","genusspecies":"Quercus velutina - black oak"}},{"type":"Feature","geometry":{"type":"Point","coordinates":[-73.91887094026978,40.74198371676331]},"properties":{"tpcondition":"Good","stumpdiameter":"0","riskratingdate":null,"riskrating":null,"objectid":"3663878","globalid":"02EE08B2-765C-42B6-9130-3CEC9F1DC25C","tpstructure":"Full","plantingspaceglobalid":"8B7C898E-E8FC-4AA0-846D-C1F05D738695","createddate":"2016-05-11 19:00:13.0000000","dbh":"17","planteddate":null,"updateddate":null,"geometry":"POINT(-73.91887094026978 40.74198371676331)","genusspecies":"Quercus palustris - pin oak"}},{"type":"Feature","geometry":{"type":"Point","coordinates":[-73.99368523240081,40.70052458152185]},"properties":{"tpcondition":"Good","stumpdiameter":null,"riskratingdate":"2021-08-27 15:11:22.0000000","riskrating":"7","objectid":"3663879","globalid":"56705EBE-5013-4118-A45C-66B773D9E9AE","tpstructure":"Full","plantingspaceglobalid":"15FCFA22-59A6-4335-947A-DE3D1C30BCC7","createddate":"2016-05-11 18:09:21.0000000","dbh":"11","planteddate":null,"updateddate":"2025-08-29 18:00:56.0000000","geometry":"POINT(-73.99368523240081 40.70052458152185)","genusspecies":"Fraxinus pennsylvanica - Green ash"}},{"type":"Feature","geometry":{"type":"Point","coordinates":[-73.81609902807016,40.75668507408683]},"properties":{"tpcondition":"Fair","stumpdiameter":"0","riskratingdate":"2019-11-27 13:50:51.0000000","riskrating":"3","objectid":"3663880","globalid":"8A66ABEC-46C6-4313-A732-ECA92CA07B2E","tpstructure":"Full","plantingspaceglobalid":"521383FE-F8B1-43EB-BEC6-49A1464AE2A8","createddate":"2016-05-11 17:41:45.0000000","dbh":"10","planteddate":null,"updateddate":"2019-11-27 13:50:51.0000000","geometry":"POINT(-73.81609902807016 40.75668507408683)","genusspecies":"Metasequoia glyptostroboides - dawn redwood"}},{"type":"Feature","geometry":{"type":"Point","coordinates":[-73.93426428115718,40.6937177803483]},"properties":{"tpcondition":"Good","stumpdiameter":"0","riskratingdate":null,"riskrating":null,"objectid":"3663881","globalid":"D42C7185-D9B5-4912-8C61-DDD46E483894","tpstructure":"Full","plantingspaceglobalid":"A05ABE87-8E1B-4A96-BD1C-7301A406C16E","createddate":"2016-05-11 18:03:56.0000000","dbh":"5","planteddate":null,"updateddate":"2019-03-12 14:10:51.0000000","geometry":"POINT(-73.93426428115718 40.6937177803483)","genusspecies":"Prunus serrulata 'Not Green leaf' - 'Not Green leaf' Japanese flowering cherry"}},{"type":"Feature","geometry":{"type":"Point","coordinates":[-73.95405899899895,40.69925028643409]},"properties":{"tpcondition":"Fair","stumpdiameter":null,"riskratingdate":"2025-06-05 16:16:08.0000000","riskrating":"6","objectid":"3663882","globalid":"C686ED81-126C-4E7D-99A6-A79A12C1CBE1","tpstructure":"Full","plantingspaceglobalid":"CF42FC76-A713-44DD-BFD4-602282C309A2","createddate":"2016-05-11 18:08:25.0000000","dbh":"8","planteddate":null,"updateddate":"2025-06-05 16:16:08.0000000","geometry":"POINT(-73.95405899899895 40.69925028643409)","genusspecies":"Zelkova serrata - Japanese zelkova"}},{"type":"Feature","geometry":{"type":"Point","coordinates":[-73.8263300770775,40.753656210771155]},"properties":{"tpcondition":"Good","stumpdiameter":"0","riskratingdate":"2019-12-20 13:39:21.0000000","riskrating":"6","objectid":"3663883","globalid":"3086FFCA-4E30-4AB6-95A7-871C1E0F2F1E","tpstructure":"Full","plantingspaceglobalid":"B4962CB8-AA5B-4D18-A277-ED058A841E00","createddate":"2016-05-11 18:23:52.0000000","dbh":"9","planteddate":null,"updateddate":"2019-12-20 13:39:21.0000000","geometry":"POINT(-73.8263300770775 40.753656210771155)","genusspecies":"Tilia cordata - littleleaf linden"}},{"type":"Feature","geometry":{"type":"Point","coordinates":[-73.86476227474049,40.85373296305088]},"properties":{"tpcondition":"Good","stumpdiameter":null,"riskratingdate":"2021-11-08 18:49:52.0000000","riskrating":"6","objectid":"3663884","globalid":"2887E8D6-F58F-44B7-BBE8-CB47D1B2A13F","tpstructure":"Full","plantingspaceglobalid":"F7ED62A4-22C4-478F-AD4E-C4D5804DA7D6","createddate":"2016-05-11 20:10:00.0000000","dbh":"10","planteddate":null,"updateddate":"2021-11-08 18:49:52.0000000","geometry":"POINT(-73.86476227474049 40.85373296305088)","genusspecies":"Ulmus americana - American elm"}},{"type":"Feature","geometry":{"type":"Point","coordinates":[-73.93933622561518,40.75050917341503]},"properties":{"tpcondition":"Good","stumpdiameter":"0","riskratingdate":"2024-11-21 18:22:50.0000000","riskrating":"6","objectid":"3663885","globalid":"16571E71-1A8F-4413-A85E-769DC2035898","tpstructure":"Full","plantingspaceglobalid":"8FDC675F-2047-4605-BE46-1CB544684145","createddate":"2016-05-11 20:41:14.0000000","dbh":"8","planteddate":null,"updateddate":"2024-11-21 18:22:50.0000000","geometry":"POINT(-73.93933622561518 40.75050917341503)","genusspecies":"Tilia americana - American basswood"}},{"type":"Feature","geometry":{"type":"Point","coordinates":[-73.96604849945345,40.708004850716286]},"properties":{"tpcondition":"Good","stumpdiameter":"0","riskratingdate":null,"riskrating":null,"objectid":"3663886","globalid":"FD2F6490-3EE7-43AD-BE81-168713B4A01F","tpstructure":"Full","plantingspaceglobalid":"23029973-8056-40FF-84D4-57212CBABBD2","createddate":"2016-05-11 20:32:38.0000000","dbh":"17","planteddate":null,"updateddate":"2018-04-23 14:04:50.0000000","geometry":"POINT(-73.96604849945345 40.708004850716286)","genusspecies":"Gleditsia triacanthos var. inermis - Thornless honeylocust"}},{"type":"Feature","geometry":{"type":"Point","coordinates":[-73.9373613120011,40.69495468058777]},"properties":{"tpcondition":"Fair","stumpdiameter":null,"riskratingdate":"2025-08-01 17:55:56.0000000","riskrating":"7","objectid":"3663887","globalid":"0D519CBB-6F7D-41A0-94CD-C9BB0F0C1E15","tpstructure":"Full","plantingspaceglobalid":"72A0FB37-D43D-4D94-877D-0FF2CE488D71","createddate":"2016-05-11 18:47:42.0000000","dbh":"23","planteddate":null,"updateddate":"2025-08-01 17:55:56.0000000","geometry":"POINT(-73.9373613120011 40.69495468058777)","genusspecies":"Acer platanoides - Norway maple"}},{"type":"Feature","geometry":{"type":"Point","coordinates":[-73.92379764129517,40.840070003350235]},"properties":{"tpcondition":"Fair","stumpdiameter":null,"riskratingdate":"2020-11-16 18:26:47.0000000","riskrating":"5","objectid":"3663888","globalid":"C4113774-882A-405A-91BA-AC4834495FDA","tpstructure":"Full","plantingspaceglobalid":"8928BBEC-B74D-45DC-8F60-2FF820897636","createddate":"2016-05-11 18:36:22.0000000","dbh":"7","planteddate":null,"updateddate":"2020-11-16 18:26:47.0000000","geometry":"POINT(-73.92379764129517 40.840070003350235)","genusspecies":"Tilia cordata - littleleaf linden"}},{"type":"Feature","geometry":{"type":"Point","coordinates":[-73.89160769791113,40.76259271871665]},"properties":{"tpcondition":"Fair","stumpdiameter":null,"riskratingdate":"2025-10-28 12:50:04.0000000","riskrating":"8","objectid":"3663889","globalid":"5DFD010B-D19F-4641-A822-62C1C6A32575","tpstructure":"Full","plantingspaceglobalid":"F0DD20F7-A766-4B9A-B0BB-0556F022EBE6","createddate":"2016-05-11 19:19:12.0000000","dbh":"14","planteddate":null,"updateddate":"2025-10-28 12:50:04.0000000","geometry":"POINT(-73.89160769791113 40.76259271871665)","genusspecies":"Gleditsia triacanthos var. inermis - Thornless honeylocust"}},{"type":"Feature","geometry":{"type":"Point","coordinates":[-73.98695728893348,40.6764800409556]},"properties":{"tpcondition":"Good","stumpdiameter":"0","riskratingdate":null,"riskrating":null,"objectid":"3663890","globalid":"85A6F76E-DC26-48D3-AC5B-5A717226AC19","tpstructure":"Full","plantingspaceglobalid":"2C21EEDD-9C1E-417C-A21B-A15DFF8564DF","createddate":"2016-05-11 17:33:00.0000000","dbh":"3","planteddate":null,"updateddate":"2019-08-05 21:02:00.0000000","geometry":"POINT(-73.98695728893348 40.6764800409556)","genusspecies":"Prunus virginiana - chokecherry"}},{"type":"Feature","geometry":{"type":"Point","coordinates":[-73.82504298262563,40.84370118889673]},"properties":{"tpcondition":"Good","stumpdiameter":null,"riskratingdate":"2024-07-12 11:35:31.0000000","riskrating":"7","objectid":"3663891","globalid":"EA12C491-9A47-4991-96CB-F61F6D648334","tpstructure":"Full","plantingspaceglobalid":"A71B273D-4BC8-4340-9974-3FD01F13A35B","createddate":"2016-05-11 19:32:11.0000000","dbh":"19","planteddate":null,"updateddate":"2024-07-12 11:35:31.0000000","geometry":"POINT(-73.82504298262563 40.84370118889673)","genusspecies":"Platanus x acerifolia - London planetree"}},{"type":"Feature","geometry":{"type":"Point","coordinates":[-73.98087417554818,40.66311165313413]},"properties":{"tpcondition":"Good","stumpdiameter":null,"riskratingdate":"2025-01-02 15:07:45.0000000","riskrating":"6","objectid":"3663892","globalid":"D888DA54-3274-4CA0-8220-9B3824CB8630","tpstructure":"Full","plantingspaceglobalid":"BC7F54F0-2F79-4D99-A599-27991291F9E5","createddate":"2016-05-11 17:27:35.0000000","dbh":"5","planteddate":null,"updateddate":"2025-01-02 15:07:45.0000000","geometry":"POINT(-73.98087417554818 40.66311165313413)","genusspecies":"Ginkgo biloba - maidenhair tree"}},{"type":"Feature","geometry":{"type":"Point","coordinates":[-73.86939998981771,40.76491993681458]},"properties":{"tpcondition":"Good","stumpdiameter":"0","riskratingdate":null,"riskrating":null,"objectid":"3663893","globalid":"0B8DC48A-8618-4183-932F-F1B70F14465B","tpstructure":"Full","plantingspaceglobalid":"FD8FDACE-5B8E-4D3F-8D63-4E0A7CCCF043","createddate":"2016-05-11 19:42:56.0000000","dbh":"4","planteddate":null,"updateddate":"2017-10-17 09:05:34.0000000","geometry":"POINT(-73.86939998981771 40.76491993681458)","genusspecies":"Acer palmatum - Japanese maple"}},{"type":"Feature","geometry":{"type":"Point","coordinates":[-73.99815843159105,40.692567395888375]},"properties":{"tpcondition":"Good","stumpdiameter":"0","riskratingdate":null,"riskrating":null,"objectid":"3663894","globalid":"C582074C-D3FE-41F9-AF64-A399C05B74FF","tpstructure":"Full","plantingspaceglobalid":"B8F5A4C6-BC94-49A5-A211-941FD2F7F055","createddate":"2016-05-11 17:59:08.0000000","dbh":"15","planteddate":null,"updateddate":"2018-05-22 10:49:13.0000000","geometry":"POINT(-73.99815843159105 40.692567395888375)","genusspecies":"Tilia cordata - littleleaf linden"}},{"type":"Feature","geometry":{"type":"Point","coordinates":[-73.85194537259473,40.84663669648754]},"properties":{"tpcondition":"Good","stumpdiameter":null,"riskratingdate":"2021-10-20 15:14:38.0000000","riskrating":"6","objectid":"3663895","globalid":"FBFD5D72-1C68-4579-8A11-A56C7CFC39C2","tpstructure":"Full","plantingspaceglobalid":"675F3A90-6505-4E2F-84B1-79F3132E3AF5","createddate":"2016-05-11 19:23:12.0000000","dbh":"14","planteddate":null,"updateddate":"2021-10-20 15:14:38.0000000","geometry":"POINT(-73.85194537259473 40.84663669648754)","genusspecies":"Tilia cordata - littleleaf linden"}},{"type":"Feature","geometry":{"type":"Point","coordinates":[-73.9870743037672,40.67129648602848]},"properties":{"tpcondition":"Fair","stumpdiameter":null,"riskratingdate":"2024-01-29 18:24:45.0000000","riskrating":"8","objectid":"3663896","globalid":"CD29BABC-E149-4089-8285-BC5A604AEE61","tpstructure":"Full","plantingspaceglobalid":"354EB18F-7091-4443-8D05-4067C0E84AB5","createddate":"2016-05-11 20:15:16.0000000","dbh":"16","planteddate":null,"updateddate":"2024-01-29 18:24:45.0000000","geometry":"POINT(-73.9870743037672 40.67129648602848)","genusspecies":"Zelkova serrata - Japanese zelkova"}},{"type":"Feature","geometry":{"type":"Point","coordinates":[-73.83341282897644,40.877782526492865]},"properties":{"tpcondition":"Fair","stumpdiameter":null,"riskratingdate":"2024-12-23 13:47:55.0000000","riskrating":"6","objectid":"3663897","globalid":"63556F37-424D-4DC4-A02B-49B6CDA342F3","tpstructure":"Full","plantingspaceglobalid":"BF0C2B65-D572-45DE-AF1D-1CCC77F264D2","createddate":"2016-05-11 19:06:36.0000000","dbh":"9","planteddate":null,"updateddate":"2024-12-23 13:47:55.0000000","geometry":"POINT(-73.83341282897644 40.877782526492865)","genusspecies":"Gleditsia triacanthos var. inermis - Thornless honeylocust"}},{"type":"Feature","geometry":{"type":"Point","coordinates":[-73.9678357430305,40.674259886665894]},"properties":{"tpcondition":"Good","stumpdiameter":"0","riskratingdate":null,"riskrating":null,"objectid":"3663898","globalid":"F0977BD6-FF0A-4300-9315-963A28EC6852","tpstructure":"Full","plantingspaceglobalid":"9EE8ACD5-50C4-4F5A-8E57-E7A2883961E9","createddate":"2016-05-11 18:25:02.0000000","dbh":"9","planteddate":null,"updateddate":"2018-07-16 17:21:33.0000000","geometry":"POINT(-73.9678357430305 40.674259886665894)","genusspecies":"Quercus coccinea - scarlet oak"}},{"type":"Feature","geometry":{"type":"Point","coordinates":[-73.89523962283755,40.81608564783512]},"properties":{"tpcondition":"Good","stumpdiameter":"0","riskratingdate":"2024-09-24 16:50:39.0000000","riskrating":"5","objectid":"3663899","globalid":"9A498599-223E-4FB2-9013-E2ECBB468C86","tpstructure":"Full","plantingspaceglobalid":"F30C8F16-5AEE-44BF-A138-44ABDF82DC02","createddate":"2016-05-11 17:38:37.0000000","dbh":"12","planteddate":null,"updateddate":"2024-09-24 16:50:39.0000000","geometry":"POINT(-73.89523962283755 40.81608564783512)","genusspecies":"Pyrus calleryana - Callery pear"}},{"type":"Feature","geometry":{"type":"Point","coordinates":[-73.82709564736932,40.87897573130003]},"properties":{"tpcondition":"Fair","stumpdiameter":null,"riskratingdate":"2024-12-18 12:53:27.0000000","riskrating":"7","objectid":"3663900","globalid":"B3C185E8-BEE5-4333-9140-D18AADF1A319","tpstructure":"Full","plantingspaceglobalid":"A60B5863-3924-4422-8FC2-743488A1A8A9","createddate":"2016-05-11 20:55:07.0000000","dbh":"19","planteddate":null,"updateddate":"2024-12-18 12:53:27.0000000","geometry":"POINT(-73.82709564736932 40.87897573130003)","genusspecies":"Styphnolobium japonicum - Japanese pagoda tree"}},{"type":"Feature","geometry":{"type":"Point","coordinates":[-73.87749097732022,40.75427228999518]},"properties":{"tpcondition":"Dead","stumpdiameter":"6","riskratingdate":null,"riskrating":null,"objectid":"3663901","globalid":"81459DD2-1130-4413-A6AC-A5A0EE5DAB8E","tpstructure":"Stump","plantingspaceglobalid":"4A7F8A00-0B9F-4865-8A67-9AEB4B9EC1C5","createddate":"2016-05-11 17:59:49.0000000","dbh":null,"planteddate":null,"updateddate":"2024-08-15 13:54:29.0000000","geometry":"POINT(-73.87749097732022 40.75427228999518)","genusspecies":"Unknown - Unknown"}},{"type":"Feature","geometry":{"type":"Point","coordinates":[-73.87816561780606,40.82805550367774]},"properties":{"tpcondition":"Good","stumpdiameter":"0","riskratingdate":null,"riskrating":null,"objectid":"3663902","globalid":"EBA001FE-4BA2-4B96-B8E8-EFC3DC1A9182","tpstructure":"Full","plantingspaceglobalid":"09D5AF3E-CCE1-4BD7-83ED-52A515D9E3BA","createddate":"2016-05-11 18:18:39.0000000","dbh":"6","planteddate":null,"updateddate":"2017-10-09 16:02:10.0000000","geometry":"POINT(-73.87816561780606 40.82805550367774)","genusspecies":"Quercus palustris - pin oak"}},{"type":"Feature","geometry":{"type":"Point","coordinates":[-73.8483969088276,40.89602656247225]},"properties":{"tpcondition":"Good","stumpdiameter":null,"riskratingdate":"2024-07-26 11:40:43.0000000","riskrating":"6","objectid":"3663903","globalid":"511CA2DB-BA17-48B8-B057-68B34FAB9887","tpstructure":"Full","plantingspaceglobalid":"AF8C8A9D-07FB-41BB-B742-8B4C1CC2EC95","createddate":"2016-05-11 20:04:35.0000000","dbh":"16","planteddate":null,"updateddate":"2024-07-26 11:40:43.0000000","geometry":"POINT(-73.8483969088276 40.89602656247225)","genusspecies":"Styphnolobium japonicum - Japanese pagoda tree"}},{"type":"Feature","geometry":{"type":"Point","coordinates":[-73.97235623723425,40.67569643027206]},"properties":{"tpcondition":"Fair","stumpdiameter":"0","riskratingdate":null,"riskrating":null,"objectid":"3663904","globalid":"334743E0-4F56-4952-B360-7A67C08D659C","tpstructure":"Full","plantingspaceglobalid":"3005DB25-96AC-4D29-AEBA-C35A4F2FA025","createddate":"2016-05-11 17:54:00.0000000","dbh":"2","planteddate":null,"updateddate":"2019-08-05 21:33:00.0000000","geometry":"POINT(-73.97235623723425 40.67569643027206)","genusspecies":"Crataegus - Hawthorn"}},{"type":"Feature","geometry":{"type":"Point","coordinates":[-73.97467203172738,40.67037359740666]},"properties":{"tpcondition":"Fair","stumpdiameter":"0","riskratingdate":null,"riskrating":null,"objectid":"3663905","globalid":"12A902B8-EF55-4BF7-AE6F-4FD8C8C5B095","tpstructure":"Full","plantingspaceglobalid":"DBA53867-F450-445B-AEC8-38DB46600B6D","createddate":"2016-05-11 19:02:31.0000000","dbh":"17","planteddate":null,"updateddate":"2017-05-04 10:03:42.0000000","geometry":"POINT(-73.97467203172738 40.67037359740666)","genusspecies":"Platanus x acerifolia - London planetree"}},{"type":"Feature","geometry":{"type":"Point","coordinates":[-73.89223245948772,40.76170875932083]},"properties":{"tpcondition":"Fair","stumpdiameter":null,"riskratingdate":"2025-10-22 14:27:49.0000000","riskrating":"7","objectid":"3663906","globalid":"CD0562D2-848A-47C6-8743-320580A6883E","tpstructure":"Full","plantingspaceglobalid":"826808D7-1C43-4F3E-82BA-8153A2EFF764","createddate":"2016-05-11 20:17:00.0000000","dbh":"10","planteddate":null,"updateddate":"2025-10-22 14:27:49.0000000","geometry":"POINT(-73.89223245948772 40.76170875932083)","genusspecies":"Morus - mulberry"}},{"type":"Feature","geometry":{"type":"Point","coordinates":[-73.92320106211777,40.842095315854415]},"properties":{"tpcondition":"Fair","stumpdiameter":null,"riskratingdate":"2024-01-22 19:09:00.0000000","riskrating":"6","objectid":"3663907","globalid":"EFF13747-9621-42F6-9463-FAB68DDC2EE8","tpstructure":"Full","plantingspaceglobalid":"3ACF3EB1-7583-4F03-B8F9-51A3A0A77F61","createddate":"2016-05-11 19:16:49.0000000","dbh":"6","planteddate":null,"updateddate":"2024-01-22 19:09:00.0000000","geometry":"POINT(-73.92320106211777 40.842095315854415)","genusspecies":"Acer rubrum - red maple"}},{"type":"Feature","geometry":{"type":"Point","coordinates":[-73.91424397207777,40.76742533039511]},"properties":{"tpcondition":"Good","stumpdiameter":null,"riskratingdate":"2020-07-07 11:50:34.0000000","riskrating":"6","objectid":"3663908","globalid":"021D7772-A964-42E7-AAFC-172D03B7FF4C","tpstructure":"Full","plantingspaceglobalid":"64E536F3-1CFD-464A-90F6-1CA9111140A7","createddate":"2016-05-11 18:58:59.0000000","dbh":"16","planteddate":null,"updateddate":"2020-07-07 11:50:34.0000000","geometry":"POINT(-73.91424397207777 40.76742533039511)","genusspecies":"Tilia cordata - littleleaf linden"}},{"type":"Feature","geometry":{"type":"Point","coordinates":[-73.82726196779115,40.7582934060526]},"properties":{"tpcondition":"Good","stumpdiameter":null,"riskratingdate":"2022-07-19 13:14:04.0000000","riskrating":"6","objectid":"3663909","globalid":"DECAF396-B662-4106-8095-984ABF9EFAEA","tpstructure":"Full","plantingspaceglobalid":"C1460639-D43E-443C-A6A6-99C857E03534","createddate":"2016-05-11 17:56:00.0000000","dbh":"22","planteddate":null,"updateddate":"2022-07-19 13:14:04.0000000","geometry":"POINT(-73.82726196779115 40.7582934060526)","genusspecies":"Ulmus americana - American elm"}},{"type":"Feature","geometry":{"type":"Point","coordinates":[-73.87607864318944,40.76787515689944]},"properties":{"tpcondition":"Dead","stumpdiameter":"17","riskratingdate":"2016-12-29 09:33:15.0000000","riskrating":"8","objectid":"3663910","globalid":"52A3459E-C166-4314-A118-EFA623A7A85C","tpstructure":"Retired","plantingspaceglobalid":"3A8B4DE9-EE07-4E47-A4D3-757E320BBDF8","createddate":"2016-05-11 18:14:00.0000000","dbh":"11","planteddate":null,"updateddate":"2018-12-10 18:12:02.0000000","geometry":"POINT(-73.87607864318944 40.76787515689944)","genusspecies":"Tilia cordata - littleleaf linden"}},{"type":"Feature","geometry":{"type":"Point","coordinates":[-73.97955583844167,40.66681604555536]},"properties":{"tpcondition":"Fair","stumpdiameter":null,"riskratingdate":"2023-10-09 13:35:13.0000000","riskrating":"6","objectid":"3663911","globalid":"4D672641-EE6F-44C9-BF5E-1689B7A8D845","tpstructure":"Full","plantingspaceglobalid":"FD7BE4A1-3C70-4E71-9AFA-E3C44EF35FCE","createddate":"2016-05-11 20:09:00.0000000","dbh":"26","planteddate":null,"updateddate":"2024-09-10 12:24:06.0000000","geometry":"POINT(-73.97955583844167 40.66681604555536)","genusspecies":"Fraxinus pennsylvanica - Green ash"}},{"type":"Feature","geometry":{"type":"Point","coordinates":[-73.9634655880528,40.67574222151987]},"properties":{"tpcondition":"Fair","stumpdiameter":"0","riskratingdate":null,"riskrating":null,"objectid":"3663912","globalid":"0AFF93FA-5DA5-4404-8C57-02C7BB1B0D39","tpstructure":"Retired","plantingspaceglobalid":"C604099C-A2D8-4457-B200-7C13365FDB9B","createddate":"2016-05-11 18:24:02.0000000","dbh":"3","planteddate":null,"updateddate":"2016-08-01 11:43:42.0000000","geometry":"POINT(-73.9634655880528 40.67574222151987)","genusspecies":"Prunus cerasifera - cherry plum"}},{"type":"Feature","geometry":{"type":"Point","coordinates":[-73.89250753715343,40.748817288249256]},"properties":{"tpcondition":"Good","stumpdiameter":null,"riskratingdate":"2025-10-22 13:04:47.0000000","riskrating":"8","objectid":"3663913","globalid":"8FBFF7EA-53B2-4A0C-96E7-B8D07EF9AABA","tpstructure":"Full","plantingspaceglobalid":"5CB96D25-9D11-4689-B559-0430D8DB9D49","createddate":"2016-05-11 18:25:10.0000000","dbh":"12","planteddate":null,"updateddate":"2025-10-22 13:04:47.0000000","geometry":"POINT(-73.89250753715343 40.748817288249256)","genusspecies":"Gleditsia triacanthos var. inermis - Thornless honeylocust"}},{"type":"Feature","geometry":{"type":"Point","coordinates":[-73.89210705110776,40.75127524204874]},"properties":{"tpcondition":"Fair","stumpdiameter":null,"riskratingdate":"2025-11-05 15:45:06.0000000","riskrating":"7","objectid":"3663914","globalid":"BD291795-1B41-41AA-8279-169C9DC7F341","tpstructure":"Full","plantingspaceglobalid":"8D7C539B-2693-4973-83A4-F3F26B2732E7","createddate":"2016-05-11 17:53:43.0000000","dbh":"11","planteddate":null,"updateddate":"2025-11-05 15:45:06.0000000","geometry":"POINT(-73.89210705110776 40.75127524204874)","genusspecies":"Fraxinus pennsylvanica - Green ash"}},{"type":"Feature","geometry":{"type":"Point","coordinates":[-73.9438880789791,40.72728536930656]},"properties":{"tpcondition":"Good","stumpdiameter":"0","riskratingdate":null,"riskrating":null,"objectid":"3663915","globalid":"ED5D5562-5387-496A-967F-E136A90D677A","tpstructure":"Full","plantingspaceglobalid":"2EF64184-1A00-4F2D-9954-3725EFDBF715","createddate":"2016-05-11 20:45:17.0000000","dbh":"11","planteddate":null,"updateddate":null,"geometry":"POINT(-73.9438880789791 40.72728536930656)","genusspecies":"Styphnolobium japonicum - Japanese pagoda tree"}},{"type":"Feature","geometry":{"type":"Point","coordinates":[-73.88048731355848,40.82226422626679]},"properties":{"tpcondition":"Fair","stumpdiameter":"0","riskratingdate":null,"riskrating":null,"objectid":"3663916","globalid":"D61DBB0E-BEF5-4FE0-846A-03953AE3B68B","tpstructure":"Full","plantingspaceglobalid":"4447F975-E62F-445D-A62F-36B307EF3681","createddate":"2016-05-11 18:13:44.0000000","dbh":"8","planteddate":null,"updateddate":"2017-09-26 12:58:45.0000000","geometry":"POINT(-73.88048731355848 40.82226422626679)","genusspecies":"Pyrus calleryana - Callery pear"}},{"type":"Feature","geometry":{"type":"Point","coordinates":[-73.93492063593085,40.694060957898145]},"properties":{"tpcondition":"Good","stumpdiameter":"0","riskratingdate":null,"riskrating":null,"objectid":"3663917","globalid":"4AAC9E73-D09B-4A05-861D-E3A51B48246D","tpstructure":"Full","plantingspaceglobalid":"DAED09C4-BA3F-4676-8E6E-AD9CDD1C2DF5","createddate":"2016-05-11 19:44:48.0000000","dbh":"3","planteddate":null,"updateddate":"2019-05-14 15:49:11.0000000","geometry":"POINT(-73.93492063593085 40.694060957898145)","genusspecies":"Platanus x acerifolia - London planetree"}},{"type":"Feature","geometry":{"type":"Point","coordinates":[-73.98401148557006,40.68903410920358]},"properties":{"tpcondition":"Fair","stumpdiameter":"0","riskratingdate":null,"riskrating":null,"objectid":"3663918","globalid":"8BE663BF-3076-44EB-94AA-A6FF9B8745B8","tpstructure":"Full","plantingspaceglobalid":"77FB1C7C-9113-4DE7-8336-D0948F739709","createddate":"2016-05-11 19:37:48.0000000","dbh":"5","planteddate":null,"updateddate":"2017-07-18 02:49:11.0000000","geometry":"POINT(-73.98401148557006 40.68903410920358)","genusspecies":"Zelkova serrata - Japanese zelkova"}},{"type":"Feature","geometry":{"type":"Point","coordinates":[-73.85947426447048,40.760494960332615]},"properties":{"tpcondition":"Critical","stumpdiameter":null,"riskratingdate":"2024-01-22 12:59:00.0000000","riskrating":"11","objectid":"3663919","globalid":"C4360BB9-2442-4BB8-9FF3-68A83F1AD54A","tpstructure":"Stump","plantingspaceglobalid":"2E04D3AF-9C4D-4B6B-9A39-1C939E3042E2","createddate":"2016-05-11 17:53:00.0000000","dbh":"14","planteddate":null,"updateddate":"2024-01-24 12:31:00.0000000","geometry":"POINT(-73.85947426447048 40.760494960332615)","genusspecies":"Fraxinus pennsylvanica - Green ash"}},{"type":"Feature","geometry":{"type":"Point","coordinates":[-73.9972029478401,40.68862649590806]},"properties":{"tpcondition":"Unknown","stumpdiameter":"19","riskratingdate":"2017-12-05 12:43:00.0000000","riskrating":"7","objectid":"3663920","globalid":"02C44CBC-CE91-4807-BD3B-00D09BF6FBE9","tpstructure":"Retired","plantingspaceglobalid":"DB2E82F1-FF67-44C1-8F82-41332C4D09E7","createddate":"2016-05-11 19:22:00.0000000","dbh":"13","planteddate":null,"updateddate":"2019-03-22 17:24:57.0000000","geometry":"POINT(-73.9972029478401 40.68862649590806)","genusspecies":"Platanus x acerifolia - London planetree"}},{"type":"Feature","geometry":{"type":"Point","coordinates":[-73.85082088459927,40.725251282392456]},"properties":{"tpcondition":"Fair","stumpdiameter":"0","riskratingdate":null,"riskrating":null,"objectid":"3663921","globalid":"1153B4DE-2E13-4FE3-A77C-99734D650C98","tpstructure":"Full","plantingspaceglobalid":"1CA6D372-D3DE-49D7-B77A-794BCE55E2E1","createddate":"2016-05-11 19:34:00.0000000","dbh":"3","planteddate":null,"updateddate":null,"geometry":"POINT(-73.85082088459927 40.725251282392456)","genusspecies":"Quercus palustris - pin oak"}},{"type":"Feature","geometry":{"type":"Point","coordinates":[-74.0775145181856,40.603314279384435]},"properties":{"tpcondition":"Fair","stumpdiameter":null,"riskratingdate":"2023-09-08 15:20:44.0000000","riskrating":"6","objectid":"3663922","globalid":"BC529589-8B8F-4526-BE26-34AD8DFEAEA2","tpstructure":"Full","plantingspaceglobalid":"8269B952-5773-42AB-AA67-10E0601A0428","createddate":"2016-05-11 20:01:20.0000000","dbh":"23","planteddate":null,"updateddate":"2023-09-08 15:20:44.0000000","geometry":"POINT(-74.0775145181856 40.603314279384435)","genusspecies":"Platanus x acerifolia - London planetree"}},{"type":"Feature","geometry":{"type":"Point","coordinates":[-73.96935553231702,40.68517829325682]},"properties":{"tpcondition":"Poor","stumpdiameter":null,"riskratingdate":"2023-10-18 17:48:07.0000000","riskrating":"9","objectid":"3663923","globalid":"A9362410-0758-44C1-8BE7-202AB5F823BF","tpstructure":"Full","plantingspaceglobalid":"489D492B-A72D-4CB5-BDB6-133FDA4915C7","createddate":"2016-05-11 18:50:25.0000000","dbh":"17","planteddate":null,"updateddate":"2023-10-18 17:48:07.0000000","geometry":"POINT(-73.96935553231702 40.68517829325682)","genusspecies":"Platanus x acerifolia - London planetree"}},{"type":"Feature","geometry":{"type":"Point","coordinates":[-73.85032284641788,40.822347454190634]},"properties":{"tpcondition":"Good","stumpdiameter":null,"riskratingdate":"2024-10-17 15:06:11.0000000","riskrating":"4","objectid":"3663924","globalid":"350CBAD6-6FD6-41F3-9EA8-62A21F49524E","tpstructure":"Full","plantingspaceglobalid":"54C3C166-9FB6-48CB-B0F2-DA61F689F14F","createddate":"2016-05-11 19:07:37.0000000","dbh":"8","planteddate":null,"updateddate":"2024-10-17 15:06:11.0000000","geometry":"POINT(-73.85032284641788 40.822347454190634)","genusspecies":"Tilia tomentosa - silver linden"}},{"type":"Feature","geometry":{"type":"Point","coordinates":[-73.93701338405124,40.686217942262225]},"properties":{"tpcondition":"Good","stumpdiameter":"0","riskratingdate":null,"riskrating":null,"objectid":"3663925","globalid":"1955D20D-E664-4D74-A1F6-536C0136A576","tpstructure":"Full","plantingspaceglobalid":"53EFB54D-D743-4CAF-8375-9203404DD47B","createddate":"2016-05-11 20:30:31.0000000","dbh":"11","planteddate":null,"updateddate":"2017-08-04 01:53:40.0000000","geometry":"POINT(-73.93701338405124 40.686217942262225)","genusspecies":"Ostrya virginiana - hophornbeam"}},{"type":"Feature","geometry":{"type":"Point","coordinates":[-73.97136050171507,40.671355802884534]},"properties":{"tpcondition":"Good","stumpdiameter":"0","riskratingdate":"2019-02-21 10:40:10.0000000","riskrating":"6","objectid":"3663926","globalid":"C14710BE-B5BB-48D6-B3C7-49CDB10CC1EF","tpstructure":"Full","plantingspaceglobalid":"7C02E650-94DF-4BB1-8E7D-CFE5C336D0FF","createddate":"2016-05-11 18:04:24.0000000","dbh":"15","planteddate":null,"updateddate":"2019-02-21 15:40:10.0000000","geometry":"POINT(-73.97136050171507 40.671355802884534)","genusspecies":"Platanus x acerifolia - London planetree"}},{"type":"Feature","geometry":{"type":"Point","coordinates":[-73.84479329183752,40.722155523604485]},"properties":{"tpcondition":"Good","stumpdiameter":"0","riskratingdate":"2019-12-24 20:10:16.0000000","riskrating":"8","objectid":"3663927","globalid":"A93E9EF3-4ECD-4134-9ECA-800039FB0FB0","tpstructure":"Full","plantingspaceglobalid":"86B7C38A-0CB5-46DD-B714-1930B0209B09","createddate":"2016-05-11 19:51:42.0000000","dbh":"27","planteddate":null,"updateddate":"2019-12-24 20:10:16.0000000","geometry":"POINT(-73.84479329183752 40.722155523604485)","genusspecies":"Quercus palustris - pin oak"}},{"type":"Feature","geometry":{"type":"Point","coordinates":[-73.92123575801303,40.706923084887485]},"properties":{"tpcondition":"Good","stumpdiameter":"0","riskratingdate":null,"riskrating":null,"objectid":"3663928","globalid":"FEEEAE5C-23ED-4642-BDAC-579C7FC9A4E9","tpstructure":"Full","plantingspaceglobalid":"7B7B0EC4-5A36-42C4-8C21-D97F50F3F13F","createddate":"2016-05-11 19:28:30.0000000","dbh":"4","planteddate":null,"updateddate":"2019-05-17 15:13:00.0000000","geometry":"POINT(-73.92123575801303 40.706923084887485)","genusspecies":"Prunus cerasifera - cherry plum"}},{"type":"Feature","geometry":{"type":"Point","coordinates":[-73.8557409239069,40.73260101059924]},"properties":{"tpcondition":"Good","stumpdiameter":"0","riskratingdate":"2020-03-18 16:36:38.0000000","riskrating":"7","objectid":"3663929","globalid":"A750D151-A05F-4391-BFCE-DF2216686F25","tpstructure":"Full","plantingspaceglobalid":"D3E285A9-BD64-47D1-A00B-4C0E2799B365","createddate":"2016-05-11 20:40:34.0000000","dbh":"14","planteddate":null,"updateddate":"2020-03-18 16:36:38.0000000","geometry":"POINT(-73.8557409239069 40.73260101059924)","genusspecies":"Gleditsia triacanthos var. inermis - Thornless honeylocust"}},{"type":"Feature","geometry":{"type":"Point","coordinates":[-73.9232285234292,40.75518633530931]},"properties":{"tpcondition":"Dead","stumpdiameter":"10","riskratingdate":null,"riskrating":null,"objectid":"3663930","globalid":"2F62865E-CFD2-473E-84CB-413D0FC386D9","tpstructure":"Stump","plantingspaceglobalid":"A701D3C1-7551-4699-96E9-C723E0E45228","createddate":"2016-05-11 18:15:23.0000000","dbh":null,"planteddate":null,"updateddate":"2025-07-31 15:39:13.0000000","geometry":"POINT(-73.9232285234292 40.75518633530931)","genusspecies":"Unknown - Unknown"}},{"type":"Feature","geometry":{"type":"Point","coordinates":[-73.91469102391123,40.70983495429449]},"properties":{"tpcondition":"Fair","stumpdiameter":null,"riskratingdate":"2022-02-07 18:38:08.0000000","riskrating":"5","objectid":"3663931","globalid":"5F1F384D-E02C-4BBC-81D0-FA101C912788","tpstructure":"Full","plantingspaceglobalid":"3295979E-0B07-4CF0-84E9-1A8204F31893","createddate":"2016-05-11 20:48:12.0000000","dbh":"11","planteddate":null,"updateddate":"2022-02-07 18:38:08.0000000","geometry":"POINT(-73.91469102391123 40.70983495429449)","genusspecies":"Acer platanoides - Norway maple"}},{"type":"Feature","geometry":{"type":"Point","coordinates":[-73.8864723286188,40.73295619406889]},"properties":{"tpcondition":"Good","stumpdiameter":null,"riskratingdate":"2024-06-25 15:32:38.0000000","riskrating":"6","objectid":"3663932","globalid":"EDB81E8F-948D-4BC6-9C3D-0E88BFA94939","tpstructure":"Full","plantingspaceglobalid":"A7EB3A2B-E8D2-4290-8F42-F5A8EC990E03","createddate":"2016-05-11 17:49:00.0000000","dbh":"6","planteddate":null,"updateddate":"2024-06-25 15:32:38.0000000","geometry":"POINT(-73.8864723286188 40.73295619406889)","genusspecies":"Prunus serrulata 'Green leaf' - 'Green leaf' Japanese flowering cherry"}},{"type":"Feature","geometry":{"type":"Point","coordinates":[-73.8858273402971,40.753213250569786]},"properties":{"tpcondition":"Fair","stumpdiameter":null,"riskratingdate":"2024-07-29 15:30:55.0000000","riskrating":"8","objectid":"3663933","globalid":"FEBE2588-D07E-43B6-823B-8FB449057D44","tpstructure":"Full","plantingspaceglobalid":"430A776D-76D8-4A40-B14B-B916671FC95A","createddate":"2016-05-11 17:45:11.0000000","dbh":"13","planteddate":null,"updateddate":"2024-07-29 15:30:55.0000000","geometry":"POINT(-73.8858273402971 40.753213250569786)","genusspecies":"Platanus x acerifolia - London planetree"}},{"type":"Feature","geometry":{"type":"Point","coordinates":[-73.95210104656272,40.688230941652286]},"properties":{"tpcondition":"Good","stumpdiameter":null,"riskratingdate":"2023-09-07 13:44:49.0000000","riskrating":"6","objectid":"3663934","globalid":"3745A6E6-DD30-4B02-A5CC-303CFCDF2236","tpstructure":"Full","plantingspaceglobalid":"EB01764C-9C14-4542-8059-B39179BAC56C","createddate":"2016-05-11 20:12:51.0000000","dbh":"37","planteddate":null,"updateddate":"2023-09-07 13:44:49.0000000","geometry":"POINT(-73.95210104656272 40.688230941652286)","genusspecies":"Platanus x acerifolia - London planetree"}},{"type":"Feature","geometry":{"type":"Point","coordinates":[-73.89099997894614,40.7496995003085]},"properties":{"tpcondition":"Good","stumpdiameter":null,"riskratingdate":"2025-10-24 16:57:11.0000000","riskrating":"8","objectid":"3663935","globalid":"77819749-E1F3-4804-878E-2E425EA16724","tpstructure":"Full","plantingspaceglobalid":"8C2764A6-A98F-435B-8198-1ED6EEB51106","createddate":"2016-05-11 19:54:57.0000000","dbh":"32","planteddate":null,"updateddate":"2025-10-24 16:57:11.0000000","geometry":"POINT(-73.89099997894614 40.7496995003085)","genusspecies":"Quercus palustris - pin oak"}},{"type":"Feature","geometry":{"type":"Point","coordinates":[-73.92174619355968,40.833951738062154]},"properties":{"tpcondition":"Fair","stumpdiameter":null,"riskratingdate":"2025-01-15 13:48:00.0000000","riskrating":"6","objectid":"3663936","globalid":"94A34431-DCE4-4875-B4DD-352483373AB6","tpstructure":"Full","plantingspaceglobalid":"8EF9C8C6-256D-40DF-90A7-2215AE0A3C3E","createddate":"2016-05-11 18:22:05.0000000","dbh":"10","planteddate":null,"updateddate":"2025-01-15 13:48:00.0000000","geometry":"POINT(-73.92174619355968 40.833951738062154)","genusspecies":"Platanus x acerifolia - London planetree"}},{"type":"Feature","geometry":{"type":"Point","coordinates":[-73.87302727248415,40.75298367533986]},"properties":{"tpcondition":"Fair","stumpdiameter":null,"riskratingdate":"2024-07-23 17:48:34.0000000","riskrating":"8","objectid":"3663937","globalid":"39E71207-6C90-4070-AA11-6781F385DF44","tpstructure":"Full","plantingspaceglobalid":"C3F503B4-1B20-464F-9070-30C29FA5B52D","createddate":"2016-05-11 18:02:16.0000000","dbh":"19","planteddate":null,"updateddate":"2024-09-19 14:38:20.0000000","geometry":"POINT(-73.87302727248415 40.75298367533986)","genusspecies":"Fraxinus pennsylvanica - Green ash"}},{"type":"Feature","geometry":{"type":"Point","coordinates":[-73.88364617529837,40.75096367074247]},"properties":{"tpcondition":"Good","stumpdiameter":null,"riskratingdate":"2024-08-23 13:40:47.0000000","riskrating":"7","objectid":"3663938","globalid":"B5911EEA-F52B-4A9F-A5A7-6FEDA88A49BC","tpstructure":"Full","plantingspaceglobalid":"1B9A9963-8ADB-4A9C-8C73-E8EE59E3398B","createddate":"2016-05-11 17:43:21.0000000","dbh":"18","planteddate":null,"updateddate":"2024-08-23 13:40:47.0000000","geometry":"POINT(-73.88364617529837 40.75096367074247)","genusspecies":"Styphnolobium japonicum - Japanese pagoda tree"}},{"type":"Feature","geometry":{"type":"Point","coordinates":[-73.85698314473866,40.75038176205847]},"properties":{"tpcondition":"Fair","stumpdiameter":"0","riskratingdate":"2020-01-29 14:08:57.0000000","riskrating":"6","objectid":"3663939","globalid":"1D9B3585-6A6C-4787-A44E-96E99576D514","tpstructure":"Full","plantingspaceglobalid":"C1A18B79-6F7A-4136-9BC0-4F9F85B066FB","createddate":"2016-05-11 18:48:25.0000000","dbh":"6","planteddate":null,"updateddate":"2020-01-29 14:08:57.0000000","geometry":"POINT(-73.85698314473866 40.75038176205847)","genusspecies":"Syringa reticulata - Japanese tree lilac"}},{"type":"Feature","geometry":{"type":"Point","coordinates":[-73.99214836862485,40.68581079055506]},"properties":{"tpcondition":"Fair","stumpdiameter":null,"riskratingdate":"2024-06-15 15:34:58.0000000","riskrating":"7","objectid":"3663940","globalid":"80149D83-6A62-469B-AC8E-876B90B49E1C","tpstructure":"Full","plantingspaceglobalid":"8A300AFB-5CC1-4F54-B021-23B4787A0970","createddate":"2016-05-11 17:49:42.0000000","dbh":"17","planteddate":null,"updateddate":"2024-06-15 15:34:58.0000000","geometry":"POINT(-73.99214836862485 40.68581079055506)","genusspecies":"Zelkova serrata - Japanese zelkova"}},{"type":"Feature","geometry":{"type":"Point","coordinates":[-73.83097925626427,40.842986451589894]},"properties":{"tpcondition":"Good","stumpdiameter":null,"riskratingdate":"2023-10-30 17:54:59.0000000","riskrating":"8","objectid":"3663941","globalid":"81FD5A56-8050-49A9-8D6B-2BA1795E9015","tpstructure":"Full","plantingspaceglobalid":"DC393B81-CFC3-49D6-A6D5-541E172BA6BE","createddate":"2016-05-11 18:36:42.0000000","dbh":"26","planteddate":null,"updateddate":"2023-10-30 17:54:59.0000000","geometry":"POINT(-73.83097925626427 40.842986451589894)","genusspecies":"Platanus x acerifolia - London planetree"}},{"type":"Feature","geometry":{"type":"Point","coordinates":[-73.87628698507419,40.82879491630289]},"properties":{"tpcondition":"Critical","stumpdiameter":"0","riskratingdate":"2017-11-01 09:54:15.0000000","riskrating":"9","objectid":"3663942","globalid":"982AF2C4-2803-47F0-ACA7-F9981F7E7239","tpstructure":"Retired","plantingspaceglobalid":"4F0AFA37-49EA-4DB3-A5A1-6AFBC528C4E4","createddate":"2016-05-11 19:54:27.0000000","dbh":"6","planteddate":null,"updateddate":"2019-01-16 20:08:15.0000000","geometry":"POINT(-73.87628698507419 40.82879491630289)","genusspecies":"Zelkova serrata - Japanese zelkova"}},{"type":"Feature","geometry":{"type":"Point","coordinates":[-73.84157618716196,40.72253276570444]},"properties":{"tpcondition":"Dead","stumpdiameter":"23","riskratingdate":null,"riskrating":null,"objectid":"3663943","globalid":"074695A8-341A-40C9-A65A-BA485ADBC8ED","tpstructure":"Retired","plantingspaceglobalid":"27B68A91-7CED-4E7C-A64E-7571347BF2BB","createddate":"2016-05-11 18:30:00.0000000","dbh":"19","planteddate":null,"updateddate":"2020-04-06 17:44:00.0000000","geometry":"POINT(-73.84157618716196 40.72253276570444)","genusspecies":"Tilia cordata - littleleaf linden"}},{"type":"Feature","geometry":{"type":"Point","coordinates":[-73.8584668701378,40.57817180554757]},"properties":{"tpcondition":"Poor","stumpdiameter":null,"riskratingdate":"2023-05-09 16:34:07.0000000","riskrating":"6","objectid":"3663944","globalid":"10FEB258-6994-4EBB-8D25-4B2130F5979B","tpstructure":"Full","plantingspaceglobalid":"82E06CEE-5D6F-41CA-A04F-CBEFB09D2BFD","createddate":"2016-05-11 20:49:49.0000000","dbh":"3","planteddate":null,"updateddate":"2023-05-09 16:34:07.0000000","geometry":"POINT(-73.8584668701378 40.57817180554757)","genusspecies":"Styphnolobium japonicum - Japanese pagoda tree"}},{"type":"Feature","geometry":{"type":"Point","coordinates":[-73.86749703833135,40.81976084824388]},"properties":{"tpcondition":"Fair","stumpdiameter":null,"riskratingdate":"2024-11-21 12:19:41.0000000","riskrating":"5","objectid":"3663945","globalid":"7ACF18CD-594A-4368-AEEF-DAD4C2EC6CD6","tpstructure":"Full","plantingspaceglobalid":"3FBAB3D9-6BEC-4B10-8D16-38BD65F623EA","createddate":"2016-05-11 17:37:44.0000000","dbh":"9","planteddate":null,"updateddate":"2024-11-21 12:19:41.0000000","geometry":"POINT(-73.86749703833135 40.81976084824388)","genusspecies":"Celtis occidentalis - common hackberry"}},{"type":"Feature","geometry":{"type":"Point","coordinates":[-73.89719741406377,40.758437461239446]},"properties":{"tpcondition":"Good","stumpdiameter":null,"riskratingdate":"2025-10-28 13:30:01.0000000","riskrating":"8","objectid":"3663946","globalid":"6D181653-6DE1-4D3A-A61D-11517EA0A76C","tpstructure":"Full","plantingspaceglobalid":"C8403481-D0A4-4D78-901D-FEBB66888E5A","createddate":"2016-05-11 18:40:34.0000000","dbh":"18","planteddate":null,"updateddate":"2025-10-28 13:30:01.0000000","geometry":"POINT(-73.89719741406377 40.758437461239446)","genusspecies":"Fraxinus pennsylvanica - Green ash"}},{"type":"Feature","geometry":{"type":"Point","coordinates":[-73.93024123132358,40.831247878249116]},"properties":{"tpcondition":"Dead","stumpdiameter":"0","riskratingdate":null,"riskrating":null,"objectid":"3663947","globalid":"A95DABD6-B4F2-42A8-970B-149672CBA5B3","tpstructure":"Retired","plantingspaceglobalid":"AF4AB6C2-106F-4454-A390-766FEA88F538","createddate":"2016-05-11 19:47:20.0000000","dbh":"3","planteddate":null,"updateddate":"2019-09-18 12:47:31.0000000","geometry":"POINT(-73.93024123132358 40.831247878249116)","genusspecies":"Unknown - Unknown"}},{"type":"Feature","geometry":{"type":"Point","coordinates":[-73.82497660320453,40.82993415004471]},"properties":{"tpcondition":"Good","stumpdiameter":null,"riskratingdate":"2024-07-22 19:36:33.0000000","riskrating":"4","objectid":"3663948","globalid":"664398B4-1FC7-4400-B4A8-FA8BDB3D18CF","tpstructure":"Full","plantingspaceglobalid":"3673BD5A-D465-4B41-8387-8377C4B1D239","createddate":"2016-05-11 20:02:00.0000000","dbh":"8","planteddate":null,"updateddate":"2024-07-22 19:36:33.0000000","geometry":"POINT(-73.82497660320453 40.82993415004471)","genusspecies":"Ulmus parvifolia - Chinese elm"}},{"type":"Feature","geometry":{"type":"Point","coordinates":[-73.88300807475589,40.8696853624232]},"properties":{"tpcondition":"Fair","stumpdiameter":null,"riskratingdate":"2022-02-14 20:50:06.0000000","riskrating":"7","objectid":"3663949","globalid":"F178165B-D4FE-4CB6-968D-CF864F2C53B0","tpstructure":"Full","plantingspaceglobalid":"BED09E11-072E-4272-A0D6-3C50BBCDECE9","createddate":"2016-05-11 19:38:15.0000000","dbh":"10","planteddate":null,"updateddate":"2022-02-14 20:50:06.0000000","geometry":"POINT(-73.88300807475589 40.8696853624232)","genusspecies":"Quercus palustris - pin oak"}},{"type":"Feature","geometry":{"type":"Point","coordinates":[-73.95550617600836,40.59375842375305]},"properties":{"tpcondition":"Fair","stumpdiameter":"0","riskratingdate":"2020-02-03 12:52:19.0000000","riskrating":"6","objectid":"3663950","globalid":"810503E6-6F70-48DC-A003-352523F6B2CD","tpstructure":"Full","plantingspaceglobalid":"32BAA1EA-1F5E-4487-BB2C-1ECB8BC58FBE","createddate":"2016-05-11 20:15:52.0000000","dbh":"20","planteddate":null,"updateddate":"2020-02-03 12:52:19.0000000","geometry":"POINT(-73.95550617600836 40.59375842375305)","genusspecies":"Platanus x acerifolia - London planetree"}},{"type":"Feature","geometry":{"type":"Point","coordinates":[-73.9842455957318,40.69269782329321]},"properties":{"tpcondition":"Fair","stumpdiameter":"0","riskratingdate":null,"riskrating":null,"objectid":"3663951","globalid":"65B3CA85-DEAB-420C-96BC-411C061FAD91","tpstructure":"Full","plantingspaceglobalid":"84EF53AF-31DA-4816-AC67-3DE39DDFACEE","createddate":"2016-05-11 18:06:18.0000000","dbh":"8","planteddate":null,"updateddate":"2018-06-27 12:25:48.0000000","geometry":"POINT(-73.9842455957318 40.69269782329321)","genusspecies":"Ginkgo biloba - maidenhair tree"}},{"type":"Feature","geometry":{"type":"Point","coordinates":[-73.9792291834291,40.66187522918832]},"properties":{"tpcondition":"Good","stumpdiameter":"0","riskratingdate":null,"riskrating":null,"objectid":"3663952","globalid":"C01A96FF-D691-4E11-9138-EBEEBFF8EB20","tpstructure":"Full","plantingspaceglobalid":"4BF8E9D7-D3E2-44EF-986C-6B2DEE12D7EC","createddate":"2016-05-11 19:40:57.0000000","dbh":"6","planteddate":null,"updateddate":"2019-02-20 20:19:20.0000000","geometry":"POINT(-73.9792291834291 40.66187522918832)","genusspecies":"Tilia americana - American basswood"}},{"type":"Feature","geometry":{"type":"Point","coordinates":[-73.93678551188712,40.69205279006476]},"properties":{"tpcondition":"Good","stumpdiameter":"0","riskratingdate":"2020-01-24 19:15:54.0000000","riskrating":"3","objectid":"3663954","globalid":"BF10E713-3986-4773-BBCB-5D2AE26A135F","tpstructure":"Full","plantingspaceglobalid":"515257DF-BB77-4D72-8BD0-8056386B5216","createddate":"2016-05-11 20:35:00.0000000","dbh":"27","planteddate":null,"updateddate":"2020-01-24 19:15:54.0000000","geometry":"POINT(-73.93678551188712 40.69205279006476)","genusspecies":"Ginkgo biloba - maidenhair tree"}},{"type":"Feature","geometry":{"type":"Point","coordinates":[-73.83252446607743,40.71552273034123]},"properties":{"tpcondition":"Good","stumpdiameter":null,"riskratingdate":"2020-03-17 13:21:09.0000000","riskrating":"7","objectid":"3663955","globalid":"A1E68BDF-43B7-46B7-90B3-619DEEB3E8F2","tpstructure":"Full","plantingspaceglobalid":"E6335F6C-8097-44FE-9779-FD34F3CDACF9","createddate":"2016-05-11 19:48:11.0000000","dbh":"12","planteddate":null,"updateddate":"2020-03-17 13:21:09.0000000","geometry":"POINT(-73.83252446607743 40.71552273034123)","genusspecies":"Gleditsia triacanthos var. inermis - Thornless honeylocust"}},{"type":"Feature","geometry":{"type":"Point","coordinates":[-73.84326636332221,40.86224661833042]},"properties":{"tpcondition":"Fair","stumpdiameter":null,"riskratingdate":"2025-11-12 18:34:24.0000000","riskrating":"8","objectid":"3663956","globalid":"A8774F08-EEB9-4B26-9BE9-EC3292FE544A","tpstructure":"Full","plantingspaceglobalid":"CA665B95-EF58-4C39-8B78-59ACB449FB8D","createddate":"2016-05-11 19:06:12.0000000","dbh":"5","planteddate":null,"updateddate":"2025-11-12 18:34:24.0000000","geometry":"POINT(-73.84326636332221 40.86224661833042)","genusspecies":"Quercus rubra - northern red oak"}},{"type":"Feature","geometry":{"type":"Point","coordinates":[-73.90701935124265,40.70454668960562]},"properties":{"tpcondition":"Fair","stumpdiameter":"0","riskratingdate":"2020-01-11 12:57:34.0000000","riskrating":"8","objectid":"3663957","globalid":"2032F894-9B9B-464B-85A0-D2EB9959E095","tpstructure":"Full","plantingspaceglobalid":"C2AEA050-9BC6-4575-8D6E-310AC20F188A","createddate":"2016-05-11 17:59:44.0000000","dbh":"18","planteddate":null,"updateddate":"2020-01-11 12:57:34.0000000","geometry":"POINT(-73.90701935124265 40.70454668960562)","genusspecies":"Zelkova serrata - Japanese zelkova"}},{"type":"Feature","geometry":{"type":"Point","coordinates":[-73.82153968445644,40.823046736617016]},"properties":{"tpcondition":"Fair","stumpdiameter":null,"riskratingdate":"2025-01-06 14:55:45.0000000","riskrating":"8","objectid":"3663958","globalid":"F63035E0-DFE0-40A6-B95F-DC533F91D886","tpstructure":"Full","plantingspaceglobalid":"8105331A-27C9-4C9F-A78B-8E539B2BA84B","createddate":"2016-05-11 20:28:11.0000000","dbh":"19","planteddate":null,"updateddate":"2025-01-06 14:55:45.0000000","geometry":"POINT(-73.82153968445644 40.823046736617016)","genusspecies":"Platanus x acerifolia - London planetree"}},{"type":"Feature","geometry":{"type":"Point","coordinates":[-73.87704824803654,40.823292696039466]},"properties":{"tpcondition":"Fair","stumpdiameter":null,"riskratingdate":"2024-11-27 15:55:39.0000000","riskrating":"6","objectid":"3663959","globalid":"8ABA1095-1CE7-4C4C-A874-3643380C2570","tpstructure":"Full","plantingspaceglobalid":"F4F58D09-231F-4A4F-A1B6-5B871C1D5D5F","createddate":"2016-05-11 20:11:23.0000000","dbh":"15","planteddate":null,"updateddate":"2024-11-27 15:55:39.0000000","geometry":"POINT(-73.87704824803654 40.823292696039466)","genusspecies":"Platanus x acerifolia - London planetree"}},{"type":"Feature","geometry":{"type":"Point","coordinates":[-73.91743578486836,40.69190353006334]},"properties":{"tpcondition":"Fair","stumpdiameter":null,"riskratingdate":"2025-05-06 18:26:28.0000000","riskrating":"7","objectid":"3663960","globalid":"C5D8EE90-CB12-4C9D-9D78-483D304C07E2","tpstructure":"Full","plantingspaceglobalid":"708B0A14-1526-4792-B94A-E6F0F9247C61","createddate":"2016-05-11 17:56:14.0000000","dbh":"10","planteddate":null,"updateddate":"2025-05-06 18:26:28.0000000","geometry":"POINT(-73.91743578486836 40.69190353006334)","genusspecies":"Zelkova serrata - Japanese zelkova"}},{"type":"Feature","geometry":{"type":"Point","coordinates":[-73.9561284672557,40.69988031050205]},"properties":{"tpcondition":"Fair","stumpdiameter":"0","riskratingdate":null,"riskrating":null,"objectid":"3663961","globalid":"23C0D3C9-33C2-48DF-ABBB-2C1346DA451C","tpstructure":"Full","plantingspaceglobalid":"DE5F41F4-D857-4222-BDCE-62940E5D3F67","createddate":"2016-05-11 19:32:47.0000000","dbh":"3","planteddate":null,"updateddate":"2017-05-18 09:04:53.0000000","geometry":"POINT(-73.9561284672557 40.69988031050205)","genusspecies":"Ginkgo biloba - maidenhair tree"}},{"type":"Feature","geometry":{"type":"Point","coordinates":[-73.76677949060114,40.76771782261922]},"properties":{"tpcondition":"Good","stumpdiameter":"0","riskratingdate":"2019-06-04 10:28:54.0000000","riskrating":"5","objectid":"3663962","globalid":"E66C9CB2-A214-4304-85D0-ACC680E47601","tpstructure":"Full","plantingspaceglobalid":"051D85E4-80C3-47DB-BE27-8C9911EA1D2C","createddate":"2016-05-11 20:17:00.0000000","dbh":"16","planteddate":null,"updateddate":"2019-06-04 14:28:55.0000000","geometry":"POINT(-73.76677949060114 40.76771782261922)","genusspecies":"Platanus x acerifolia - London planetree"}},{"type":"Feature","geometry":{"type":"Point","coordinates":[-74.00496137834566,40.643749110418725]},"properties":{"tpcondition":"Fair","stumpdiameter":"0","riskratingdate":null,"riskrating":null,"objectid":"3663963","globalid":"916EA9CD-18E8-419A-8061-92C1681B89C3","tpstructure":"Full","plantingspaceglobalid":"69D67E53-ABEF-4BAB-A45A-1FF8C1E72141","createddate":"2016-05-11 20:33:25.0000000","dbh":"8","planteddate":null,"updateddate":"2019-02-04 17:46:04.0000000","geometry":"POINT(-74.00496137834566 40.643749110418725)","genusspecies":"Taxodium distichum - bald cypress"}},{"type":"Feature","geometry":{"type":"Point","coordinates":[-73.88949747197222,40.760958058353495]},"properties":{"tpcondition":"Fair","stumpdiameter":"0","riskratingdate":"2020-02-10 15:26:08.0000000","riskrating":"6","objectid":"3663964","globalid":"9B35B43B-C136-4165-BDA0-9EA5FD5111DF","tpstructure":"Full","plantingspaceglobalid":"1EAE9F0F-CB7C-41D9-8FF2-7E8901F46059","createddate":"2016-05-11 18:17:25.0000000","dbh":"6","planteddate":null,"updateddate":"2020-02-10 15:26:08.0000000","geometry":"POINT(-73.88949747197222 40.760958058353495)","genusspecies":"Pyrus calleryana - Callery pear"}},{"type":"Feature","geometry":{"type":"Point","coordinates":[-73.86817501828592,40.82679179824467]},"properties":{"tpcondition":"Dead","stumpdiameter":"4","riskratingdate":"2019-05-29 09:51:23.0000000","riskrating":"4","objectid":"3663965","globalid":"44691ACB-D921-495A-A003-F653CEC130AC","tpstructure":"Retired","plantingspaceglobalid":"45E61894-A340-4789-AE76-7724E2F8682C","createddate":"2016-05-11 20:40:28.0000000","dbh":"3","planteddate":null,"updateddate":"2024-10-04 15:12:52.0000000","geometry":"POINT(-73.86817501828592 40.82679179824467)","genusspecies":"Tilia americana - American basswood"}},{"type":"Feature","geometry":{"type":"Point","coordinates":[-73.99158096305304,40.69592535877392]},"properties":{"tpcondition":"Unknown","stumpdiameter":"16","riskratingdate":"2022-11-03 17:31:00.0000000","riskrating":"10","objectid":"3663966","globalid":"33AE7FD1-7590-4372-84F1-DF6A0FFC7619","tpstructure":"Retired","plantingspaceglobalid":"EFD2F673-EEA3-494C-930C-B547ACC50277","createddate":"2016-05-11 18:26:00.0000000","dbh":"16","planteddate":null,"updateddate":"2023-03-29 16:54:21.0000000","geometry":"POINT(-73.99158096305304 40.69592535877392)","genusspecies":"Platanus x acerifolia - London planetree"}},{"type":"Feature","geometry":{"type":"Point","coordinates":[-73.91392717340761,40.70957005860372]},"properties":{"tpcondition":"Fair","stumpdiameter":null,"riskratingdate":"2022-04-18 12:31:52.0000000","riskrating":"5","objectid":"3663967","globalid":"27D4CABD-21D7-4010-B4FD-633DB53990B0","tpstructure":"Full","plantingspaceglobalid":"8622FF64-DC9C-48E3-8C8B-A63B7559FDBA","createddate":"2016-05-11 19:10:51.0000000","dbh":"17","planteddate":null,"updateddate":"2022-04-18 12:31:52.0000000","geometry":"POINT(-73.91392717340761 40.70957005860372)","genusspecies":"Pyrus calleryana - Callery pear"}},{"type":"Feature","geometry":{"type":"Point","coordinates":[-74.10811308921942,40.62486271226293]},"properties":{"tpcondition":"Good","stumpdiameter":"0","riskratingdate":null,"riskrating":null,"objectid":"3663968","globalid":"3BE2EF5C-9E28-4107-B94F-E70E7284C2B1","tpstructure":"Full","plantingspaceglobalid":"734C0F2E-2049-4B23-8DF9-E15657145B9E","createddate":"2016-05-11 19:18:20.0000000","dbh":"2","planteddate":null,"updateddate":"2017-10-25 10:19:40.0000000","geometry":"POINT(-74.10811308921942 40.62486271226293)","genusspecies":"Acer buergerianum - trident maple"}},{"type":"Feature","geometry":{"type":"Point","coordinates":[-73.85461204431512,40.575341884277904]},"properties":{"tpcondition":"Dead","stumpdiameter":"11","riskratingdate":"2021-12-02 18:42:00.0000000","riskrating":"8","objectid":"3663969","globalid":"35A9F5DE-1526-47ED-B947-CD5F61EB448E","tpstructure":"Stump","plantingspaceglobalid":"1852C17B-2CD3-46BF-AC54-33820731D7F8","createddate":"2016-05-11 20:24:00.0000000","dbh":null,"planteddate":null,"updateddate":"2024-08-27 16:35:23.0000000","geometry":"POINT(-73.85461204431512 40.575341884277904)","genusspecies":"Acer campestre - hedge maple"}},{"type":"Feature","geometry":{"type":"Point","coordinates":[-73.96583592414704,40.6789726919506]},"properties":{"tpcondition":"Fair","stumpdiameter":null,"riskratingdate":"2024-07-24 18:40:47.0000000","riskrating":"8","objectid":"3663970","globalid":"73263505-D6FF-46BC-BE85-D0B46DF93D2A","tpstructure":"Full","plantingspaceglobalid":"C844ED9D-6EB3-4B37-9C63-D06C0837445B","createddate":"2016-05-11 18:39:18.0000000","dbh":"6","planteddate":null,"updateddate":"2024-07-24 18:40:47.0000000","geometry":"POINT(-73.96583592414704 40.6789726919506)","genusspecies":"Tilia cordata - littleleaf linden"}},{"type":"Feature","geometry":{"type":"Point","coordinates":[-73.89218838831766,40.748849410040144]},"properties":{"tpcondition":"Good","stumpdiameter":null,"riskratingdate":"2025-10-22 13:14:30.0000000","riskrating":"7","objectid":"3663971","globalid":"0A1DC20D-3E60-40A0-AF74-5AFB35C5D47C","tpstructure":"Full","plantingspaceglobalid":"4FF9E838-BD16-4DF6-A355-F793D9D92AEA","createddate":"2016-05-11 18:25:07.0000000","dbh":"8","planteddate":null,"updateddate":"2025-10-22 13:14:30.0000000","geometry":"POINT(-73.89218838831766 40.748849410040144)","genusspecies":"Gleditsia triacanthos var. inermis - Thornless honeylocust"}},{"type":"Feature","geometry":{"type":"Point","coordinates":[-73.89733752446816,40.70354542837594]},"properties":{"tpcondition":"Fair","stumpdiameter":"0","riskratingdate":"2020-01-23 20:08:41.0000000","riskrating":"6","objectid":"3663972","globalid":"A589DD8F-655C-4617-B3BE-503313DC0239","tpstructure":"Full","plantingspaceglobalid":"F6B616EE-8C81-4CAD-BE70-A04F09EA0847","createddate":"2016-05-11 19:52:00.0000000","dbh":"8","planteddate":null,"updateddate":"2020-01-23 20:08:40.0000000","geometry":"POINT(-73.89733752446816 40.70354542837594)","genusspecies":"Prunus serrulata 'Green leaf' - 'Green leaf' Japanese flowering cherry"}},{"type":"Feature","geometry":{"type":"Point","coordinates":[-73.84157683683,40.72760828562822]},"properties":{"tpcondition":"Good","stumpdiameter":"0","riskratingdate":null,"riskrating":null,"objectid":"3663973","globalid":"5201CD30-777E-4BAD-A251-4D5003F15377","tpstructure":"Full","plantingspaceglobalid":"B5914C30-9848-4FD8-92B8-72FB53421FF2","createddate":"2016-05-11 19:09:08.0000000","dbh":"14","planteddate":null,"updateddate":"2017-02-16 09:56:02.0000000","geometry":"POINT(-73.84157683683 40.72760828562822)","genusspecies":"Acer saccharum - sugar maple"}},{"type":"Feature","geometry":{"type":"Point","coordinates":[-73.77273549676548,40.76711436857152]},"properties":{"tpcondition":"Good","stumpdiameter":"0","riskratingdate":"2019-06-03 14:04:52.0000000","riskrating":"3","objectid":"3663974","globalid":"8367F3AE-A0BB-48E7-B1EE-7FAA23D0D2FF","tpstructure":"Full","plantingspaceglobalid":"7128DADD-6BEB-43E3-86C9-2BBFFBCD2504","createddate":"2016-05-11 18:54:01.0000000","dbh":"10","planteddate":null,"updateddate":"2019-06-03 18:04:53.0000000","geometry":"POINT(-73.77273549676548 40.76711436857152)","genusspecies":"Gleditsia triacanthos var. inermis - Thornless honeylocust"}},{"type":"Feature","geometry":{"type":"Point","coordinates":[-73.95001499614897,40.707477714352656]},"properties":{"tpcondition":"Good","stumpdiameter":"0","riskratingdate":"2019-06-05 10:59:52.0000000","riskrating":"3","objectid":"3663975","globalid":"5FF552F5-A9B1-4B19-8CF1-D35714BEF9C6","tpstructure":"Full","plantingspaceglobalid":"68331953-6E34-4BCB-ADFD-13B0172764D1","createddate":"2016-05-11 17:29:46.0000000","dbh":"4","planteddate":null,"updateddate":"2019-06-05 14:59:52.0000000","geometry":"POINT(-73.95001499614897 40.707477714352656)","genusspecies":"Quercus palustris - pin oak"}},{"type":"Feature","geometry":{"type":"Point","coordinates":[-73.9393255905609,40.694943311119815]},"properties":{"tpcondition":"Unknown","stumpdiameter":"12","riskratingdate":null,"riskrating":null,"objectid":"3663976","globalid":"8224C267-FC94-4B87-ADF5-E6E2C13034FE","tpstructure":"Retired","plantingspaceglobalid":"281C3C17-5AAD-48C1-9F44-02C0142C0EE0","createddate":"2016-05-11 18:38:00.0000000","dbh":"0","planteddate":null,"updateddate":"2017-04-13 11:11:11.0000000","geometry":"POINT(-73.9393255905609 40.694943311119815)","genusspecies":"Unknown - Unknown"}},{"type":"Feature","geometry":{"type":"Point","coordinates":[-73.9792423808513,40.670755202436034]},"properties":{"tpcondition":"Fair","stumpdiameter":"0","riskratingdate":null,"riskrating":null,"objectid":"3663977","globalid":"0606EC82-6A72-45BB-8106-3C335A99A7F6","tpstructure":"Full","plantingspaceglobalid":"87149FD8-2838-40C8-821A-3B2CD8925E99","createddate":"2016-05-11 20:10:34.0000000","dbh":"10","planteddate":null,"updateddate":"2017-04-28 10:15:23.0000000","geometry":"POINT(-73.9792423808513 40.670755202436034)","genusspecies":"Acer platanoides - Norway maple"}},{"type":"Feature","geometry":{"type":"Point","coordinates":[-73.97228920836524,40.67647091350015]},"properties":{"tpcondition":"Poor","stumpdiameter":null,"riskratingdate":"2023-01-18 20:56:37.0000000","riskrating":"4","objectid":"3663978","globalid":"DDA3B1D4-582D-4BE4-9CCE-CF3A581702F9","tpstructure":"Full","plantingspaceglobalid":"AA479C8E-DC65-4857-9060-CCE509CA6B11","createddate":"2016-05-11 18:27:14.0000000","dbh":"4","planteddate":null,"updateddate":"2023-01-18 20:56:37.0000000","geometry":"POINT(-73.97228920836524 40.67647091350015)","genusspecies":"Prunus serrulata 'Green leaf' - 'Green leaf' Japanese flowering cherry"}},{"type":"Feature","geometry":{"type":"Point","coordinates":[-73.99939758688166,40.682664796439205]},"properties":{"tpcondition":"Good","stumpdiameter":null,"riskratingdate":"2022-02-28 13:00:32.0000000","riskrating":"3","objectid":"3663979","globalid":"AFB69E42-D989-436D-941F-C600C9B1FFE6","tpstructure":"Full","plantingspaceglobalid":"F1CA6EA7-5F87-40B2-BCF3-7C46FAC5040E","createddate":"2016-05-11 19:29:19.0000000","dbh":"3","planteddate":null,"updateddate":"2022-02-28 13:00:32.0000000","geometry":"POINT(-73.99939758688166 40.682664796439205)","genusspecies":"Quercus palustris - pin oak"}},{"type":"Feature","geometry":{"type":"Point","coordinates":[-73.93405610870454,40.69191202828876]},"properties":{"tpcondition":"Good","stumpdiameter":"0","riskratingdate":null,"riskrating":null,"objectid":"3663980","globalid":"6964DEEE-2C84-4A7A-9A1C-91BC4BEE3DEA","tpstructure":"Full","plantingspaceglobalid":"D26C561B-DFD1-4845-8B54-86729845E579","createddate":"2016-05-11 20:42:52.0000000","dbh":"5","planteddate":null,"updateddate":"2019-03-06 14:45:27.0000000","geometry":"POINT(-73.93405610870454 40.69191202828876)","genusspecies":"Gleditsia triacanthos var. inermis - Thornless honeylocust"}},{"type":"Feature","geometry":{"type":"Point","coordinates":[-73.94030909354068,40.711953747669995]},"properties":{"tpcondition":"Good","stumpdiameter":"0","riskratingdate":null,"riskrating":null,"objectid":"3663981","globalid":"5BBCB479-1F4F-4DD6-B45D-4A0B1E813BCF","tpstructure":"Full","plantingspaceglobalid":"40A5A7CA-7A2E-4163-BFB4-8657773E3F96","createddate":"2016-05-11 19:43:53.0000000","dbh":"12","planteddate":null,"updateddate":null,"geometry":"POINT(-73.94030909354068 40.711953747669995)","genusspecies":"Quercus palustris - pin oak"}},{"type":"Feature","geometry":{"type":"Point","coordinates":[-73.98041269929418,40.673148330757584]},"properties":{"tpcondition":"Good","stumpdiameter":"0","riskratingdate":"2017-05-16 07:29:05.0000000","riskrating":"10","objectid":"3663982","globalid":"B7D68C01-39EE-475B-84A1-6BCA7F0C6F3C","tpstructure":"Full","plantingspaceglobalid":"79FE88D9-B1A6-43F8-B44E-0EDE47A05562","createddate":"2016-05-11 19:34:42.0000000","dbh":"20","planteddate":null,"updateddate":"2017-11-21 04:11:11.0000000","geometry":"POINT(-73.98041269929418 40.673148330757584)","genusspecies":"Platanus x acerifolia - London planetree"}},{"type":"Feature","geometry":{"type":"Point","coordinates":[-73.97558083689455,40.66624874204844]},"properties":{"tpcondition":"Good","stumpdiameter":"0","riskratingdate":null,"riskrating":null,"objectid":"3663983","globalid":"18FE7DBA-EEA5-4FCE-B6C6-B24F0495D459","tpstructure":"Full","plantingspaceglobalid":"2D2DE837-115B-4BF9-96AE-EE05530D1534","createddate":"2016-05-11 20:00:46.0000000","dbh":"12","planteddate":null,"updateddate":"2018-03-22 15:56:14.0000000","geometry":"POINT(-73.97558083689455 40.66624874204844)","genusspecies":"Quercus palustris - pin oak"}},{"type":"Feature","geometry":{"type":"Point","coordinates":[-73.85656725785836,40.88484770688728]},"properties":{"tpcondition":"Good","stumpdiameter":null,"riskratingdate":"2025-10-06 13:47:11.0000000","riskrating":"3","objectid":"3663984","globalid":"7669BB7B-F44D-4483-AC7F-D86F6E7ACBCE","tpstructure":"Full","plantingspaceglobalid":"CF730D2B-8652-41FB-8514-B959EE31F8E3","createddate":"2016-05-11 20:21:34.0000000","dbh":"8","planteddate":null,"updateddate":"2025-10-06 13:47:11.0000000","geometry":"POINT(-73.85656725785836 40.88484770688728)","genusspecies":"Corylus colurna - Turkish hazelnut"}},{"type":"Feature","geometry":{"type":"Point","coordinates":[-73.96641527246236,40.67709103912581]},"properties":{"tpcondition":"Good","stumpdiameter":"0","riskratingdate":null,"riskrating":null,"objectid":"3663985","globalid":"4796E8B2-F3EE-4201-9F46-42724C509756","tpstructure":"Full","plantingspaceglobalid":"5CBC770C-7724-48DF-BC26-FF23783AB800","createddate":"2016-05-11 20:40:53.0000000","dbh":"17","planteddate":null,"updateddate":"2018-07-09 13:22:28.0000000","geometry":"POINT(-73.96641527246236 40.67709103912581)","genusspecies":"Gleditsia triacanthos var. inermis - Thornless honeylocust"}},{"type":"Feature","geometry":{"type":"Point","coordinates":[-73.97775254996162,40.681815035827285]},"properties":{"tpcondition":"Fair","stumpdiameter":null,"riskratingdate":"2025-06-25 17:12:32.0000000","riskrating":"8","objectid":"3663986","globalid":"5AAD1A71-FEE9-4952-8DCB-C1B7A8A6F318","tpstructure":"Full","plantingspaceglobalid":"0A5348F1-729F-4A7D-9C1D-4E32E1D0D661","createddate":"2016-05-11 20:26:36.0000000","dbh":"38","planteddate":null,"updateddate":"2025-06-25 17:12:32.0000000","geometry":"POINT(-73.97775254996162 40.681815035827285)","genusspecies":"Platanus x acerifolia - London planetree"}},{"type":"Feature","geometry":{"type":"Point","coordinates":[-73.85004177105165,40.72815142171469]},"properties":{"tpcondition":"Fair","stumpdiameter":"0","riskratingdate":"2020-02-28 16:08:38.0000000","riskrating":"5","objectid":"3663987","globalid":"8A89170D-E7AA-410A-8596-B36E0DA09EB7","tpstructure":"Full","plantingspaceglobalid":"F30942DC-EFBF-4A79-A271-D395A9C80C10","createddate":"2016-05-11 19:26:00.0000000","dbh":"10","planteddate":null,"updateddate":"2020-02-28 16:08:38.0000000","geometry":"POINT(-73.85004177105165 40.72815142171469)","genusspecies":"Quercus palustris - pin oak"}},{"type":"Feature","geometry":{"type":"Point","coordinates":[-73.88824502697524,40.7492613147892]},"properties":{"tpcondition":"Dead","stumpdiameter":null,"riskratingdate":"2021-08-31 13:15:00.0000000","riskrating":"8","objectid":"3663988","globalid":"B89C0120-4D95-4173-97BD-327AB7EC027B","tpstructure":"Stump","plantingspaceglobalid":"FD0FD306-B374-4C4C-BFC5-D8795BB695E0","createddate":"2016-05-11 18:40:00.0000000","dbh":"9","planteddate":null,"updateddate":"2025-01-31 19:46:00.0000000","geometry":"POINT(-73.88824502697524 40.7492613147892)","genusspecies":"Fraxinus pennsylvanica - Green ash"}},{"type":"Feature","geometry":{"type":"Point","coordinates":[-73.79173956533396,40.69093736324304]},"properties":{"tpcondition":"Fair","stumpdiameter":null,"riskratingdate":null,"riskrating":null,"objectid":"3663989","globalid":"C48DEF1E-2018-4CC3-84CC-AD056D6BD4C2","tpstructure":"Full","plantingspaceglobalid":"17FA0FA0-DE03-4EDE-9B2D-AE332BE2D1D7","createddate":"2016-06-22 18:19:25.0000000","dbh":"21","planteddate":null,"updateddate":"2016-06-22 18:19:29.0000000","geometry":"POINT(-73.79173956533396 40.69093736324304)","genusspecies":"Gleditsia triacanthos var. inermis - Thornless honeylocust"}},{"type":"Feature","geometry":{"type":"Point","coordinates":[-73.79218053906934,40.69126052820623]},"properties":{"tpcondition":"Fair","stumpdiameter":null,"riskratingdate":null,"riskrating":null,"objectid":"3663990","globalid":"8D288812-36F6-414F-A6A7-A779C25B6499","tpstructure":"Full","plantingspaceglobalid":"2AF3CECC-B255-4192-B894-0C7453BF1E5A","createddate":"2016-06-22 18:13:37.0000000","dbh":"3","planteddate":null,"updateddate":"2016-06-22 18:13:44.0000000","geometry":"POINT(-73.79218053906934 40.69126052820623)","genusspecies":"Unknown - Unknown"}},{"type":"Feature","geometry":{"type":"Point","coordinates":[-73.7920825012525,40.69135664648154]},"properties":{"tpcondition":"Fair","stumpdiameter":null,"riskratingdate":null,"riskrating":null,"objectid":"3663991","globalid":"AA390E34-B340-4475-B30A-2DB77C43D562","tpstructure":"Full","plantingspaceglobalid":"7209FB2C-C7CC-413E-90B6-39B6975C62F5","createddate":"2016-06-22 18:12:02.0000000","dbh":"6","planteddate":null,"updateddate":"2016-10-12 20:21:58.0000000","geometry":"POINT(-73.7920825012525 40.69135664648154)","genusspecies":"Acer platanoides - Norway maple"}},{"type":"Feature","geometry":{"type":"Point","coordinates":[-73.79213158998645,40.69142463979985]},"properties":{"tpcondition":"Fair","stumpdiameter":null,"riskratingdate":null,"riskrating":null,"objectid":"3663992","globalid":"444193BB-3A67-4D09-AD4F-935297A8825E","tpstructure":"Full","plantingspaceglobalid":"28859188-FB38-4FCE-904F-170864245EE6","createddate":"2016-06-22 18:11:35.0000000","dbh":"6","planteddate":null,"updateddate":"2016-10-12 20:21:01.0000000","geometry":"POINT(-73.79213158998645 40.69142463979985)","genusspecies":"Acer platanoides - Norway maple"}},{"type":"Feature","geometry":{"type":"Point","coordinates":[-73.79296907852752,40.689914666408704]},"properties":{"tpcondition":"Good","stumpdiameter":null,"riskratingdate":"2021-09-16 15:18:10.0000000","riskrating":"6","objectid":"3663993","globalid":"5FA61240-802E-4BB1-BB40-4F2CE5894E91","tpstructure":"Full","plantingspaceglobalid":"D50B68B8-7005-44F3-8503-D74C775809E7","createddate":"2016-06-22 17:55:47.0000000","dbh":"21","planteddate":null,"updateddate":"2021-09-16 15:18:10.0000000","geometry":"POINT(-73.79296907852752 40.689914666408704)","genusspecies":"Platanus x acerifolia - London planetree"}},{"type":"Feature","geometry":{"type":"Point","coordinates":[-73.79301845552924,40.689777938933794]},"properties":{"tpcondition":"Dead","stumpdiameter":null,"riskratingdate":null,"riskrating":null,"objectid":"3663994","globalid":"D65EB01D-7E77-422A-BF8B-DF799F7CCC16","tpstructure":"Retired","plantingspaceglobalid":"D148F86A-2723-4342-8050-7A3A083CB5FF","createddate":"2016-06-22 17:53:13.0000000","dbh":"41","planteddate":null,"updateddate":"2021-09-16 14:55:24.0000000","geometry":"POINT(-73.79301845552924 40.689777938933794)","genusspecies":"Unknown - Unknown"}},{"type":"Feature","geometry":{"type":"Point","coordinates":[-73.79308241092818,40.68987256235463]},"properties":{"tpcondition":"Fair","stumpdiameter":null,"riskratingdate":"2021-09-16 15:38:47.0000000","riskrating":"4","objectid":"3663995","globalid":"9EE26CC4-6056-46E7-9C26-AD56F4DFB700","tpstructure":"Full","plantingspaceglobalid":"072C9C06-07B3-4F77-A7EC-36659FBFD7DB","createddate":"2016-06-22 17:50:30.0000000","dbh":"12","planteddate":null,"updateddate":"2021-09-16 15:38:47.0000000","geometry":"POINT(-73.79308241092818 40.68987256235463)","genusspecies":"Acer platanoides - Norway maple"}},{"type":"Feature","geometry":{"type":"Point","coordinates":[-73.79314831497243,40.689961449797]},"properties":{"tpcondition":"Good","stumpdiameter":null,"riskratingdate":"2021-09-16 15:40:36.0000000","riskrating":"6","objectid":"3663996","globalid":"3B88A2FF-F038-4162-BFF6-D824394B6C3A","tpstructure":"Shaft","plantingspaceglobalid":"DAEF0CDA-1DC2-4C1A-ABF5-AAB5342AB33C","createddate":"2016-06-22 17:46:02.0000000","dbh":"33","planteddate":null,"updateddate":"2021-09-16 15:40:36.0000000","geometry":"POINT(-73.79314831497243 40.689961449797)","genusspecies":"Quercus falcata - southern red oak"}},{"type":"Feature","geometry":{"type":"Point","coordinates":[-73.79321324761743,40.690048715464336]},"properties":{"tpcondition":"Fair","stumpdiameter":null,"riskratingdate":"2021-09-16 15:41:21.0000000","riskrating":"6","objectid":"3663997","globalid":"3F4F0DA3-D6CD-4DA1-B4B9-7EDE59FA8572","tpstructure":"Full","plantingspaceglobalid":"D518E78C-DD65-4712-B45C-4565F45AF04B","createddate":"2016-06-22 17:45:10.0000000","dbh":"12","planteddate":null,"updateddate":"2021-09-16 15:41:21.0000000","geometry":"POINT(-73.79321324761743 40.690048715464336)","genusspecies":"Acer platanoides - Norway maple"}},{"type":"Feature","geometry":{"type":"Point","coordinates":[-73.79326883389159,40.69012642620272]},"properties":{"tpcondition":"Fair","stumpdiameter":null,"riskratingdate":"2021-09-16 15:41:58.0000000","riskrating":"6","objectid":"3663998","globalid":"51340B41-C192-4F44-ACCD-12EBFA648D15","tpstructure":"Full","plantingspaceglobalid":"31D9D1A7-E490-45BB-A157-5B2AD17747E6","createddate":"2016-06-22 17:44:46.0000000","dbh":"11","planteddate":null,"updateddate":"2021-09-16 15:41:58.0000000","geometry":"POINT(-73.79326883389159 40.69012642620272)","genusspecies":"Acer platanoides - Norway maple"}},{"type":"Feature","geometry":{"type":"Point","coordinates":[-73.7932129796016,40.69024825858447]},"properties":{"tpcondition":"Fair","stumpdiameter":null,"riskratingdate":"2021-09-16 15:14:57.0000000","riskrating":"6","objectid":"3663999","globalid":"317BD02D-F67C-4D61-A538-8B60974C4B29","tpstructure":"Full","plantingspaceglobalid":"EAF6AFDF-4FD3-4074-95B9-C6B615480078","createddate":"2016-06-22 17:39:04.0000000","dbh":"30","planteddate":null,"updateddate":"2021-09-16 15:14:57.0000000","geometry":"POINT(-73.7932129796016 40.69024825858447)","genusspecies":"Quercus falcata - southern red oak"}},{"type":"Feature","geometry":{"type":"Point","coordinates":[-73.79336276735775,40.690453986230985]},"properties":{"tpcondition":"Good","stumpdiameter":null,"riskratingdate":"2021-11-03 15:45:25.0000000","riskrating":"7","objectid":"3664000","globalid":"598247E0-204A-4933-BF40-4929924D1F08","tpstructure":"Full","plantingspaceglobalid":"D1F13524-CF8E-4B01-A07A-53F3E9DB4EA6","createddate":"2016-06-22 17:31:24.0000000","dbh":"31","planteddate":null,"updateddate":"2021-11-03 15:45:24.0000000","geometry":"POINT(-73.79336276735775 40.690453986230985)","genusspecies":"Quercus palustris - pin oak"}},{"type":"Feature","geometry":{"type":"Point","coordinates":[-73.79343429251844,40.69035271341589]},"properties":{"tpcondition":"Dead","stumpdiameter":null,"riskratingdate":"2024-05-15 13:09:00.0000000","riskrating":"8","objectid":"3664001","globalid":"B18968EB-7BBE-4EB8-BCDF-1042E3372028","tpstructure":"Stump","plantingspaceglobalid":"BFE1818B-2EC6-4B09-9560-0C9F4235B005","createddate":"2016-06-22 17:27:00.0000000","dbh":"11","planteddate":null,"updateddate":"2025-02-14 14:35:00.0000000","geometry":"POINT(-73.79343429251844 40.69035271341589)","genusspecies":"Acer platanoides - Norway maple"}},{"type":"Feature","geometry":{"type":"Point","coordinates":[-73.79350079300816,40.69044143245872]},"properties":{"tpcondition":"Fair","stumpdiameter":null,"riskratingdate":"2021-09-16 15:48:03.0000000","riskrating":"6","objectid":"3664002","globalid":"CAC4001B-C8CE-4FC9-8213-BCCFED4F5DB6","tpstructure":"Full","plantingspaceglobalid":"6C723801-88E2-43A5-A58B-D84B5B0D94D1","createddate":"2016-06-22 17:26:49.0000000","dbh":"13","planteddate":null,"updateddate":"2021-09-16 15:48:03.0000000","geometry":"POINT(-73.79350079300816 40.69044143245872)","genusspecies":"Acer platanoides - Norway maple"}},{"type":"Feature","geometry":{"type":"Point","coordinates":[-73.7935519939177,40.690513414041085]},"properties":{"tpcondition":"Good","stumpdiameter":null,"riskratingdate":"2024-09-20 12:26:58.0000000","riskrating":"6","objectid":"3664003","globalid":"15A7911B-FBF0-4F27-96E7-98A0C8C2EE38","tpstructure":"Full","plantingspaceglobalid":"384F43E6-BA13-4B70-AA85-843ADAD2B8C4","createddate":"2016-06-22 17:26:10.0000000","dbh":"28","planteddate":null,"updateddate":"2024-09-20 12:26:58.0000000","geometry":"POINT(-73.7935519939177 40.690513414041085)","genusspecies":"Quercus falcata - southern red oak"}},{"type":"Feature","geometry":{"type":"Point","coordinates":[-73.79367794469623,40.69068643679833]},"properties":{"tpcondition":"Fair","stumpdiameter":null,"riskratingdate":"2021-09-16 15:56:46.0000000","riskrating":"6","objectid":"3664004","globalid":"D9FE5231-9AC0-4FF9-8438-086F30CFBCF0","tpstructure":"Full","plantingspaceglobalid":"CF5155B5-6F13-4FF4-8C40-62C6378CB58C","createddate":"2016-06-22 17:20:03.0000000","dbh":"14","planteddate":null,"updateddate":"2021-09-16 15:56:46.0000000","geometry":"POINT(-73.79367794469623 40.69068643679833)","genusspecies":"Acer platanoides - Norway maple"}},{"type":"Feature","geometry":{"type":"Point","coordinates":[-73.7937304918217,40.69075174461335]},"properties":{"tpcondition":"Fair","stumpdiameter":null,"riskratingdate":"2021-09-16 16:08:28.0000000","riskrating":"4","objectid":"3664005","globalid":"6112D1C1-5EBF-4619-99A2-443F9E74B18B","tpstructure":"Full","plantingspaceglobalid":"DA89257F-5C03-4A25-89DE-253C2E900A8A","createddate":"2016-06-22 17:19:27.0000000","dbh":"11","planteddate":null,"updateddate":"2021-09-16 16:08:28.0000000","geometry":"POINT(-73.7937304918217 40.69075174461335)","genusspecies":"Acer platanoides - Norway maple"}},{"type":"Feature","geometry":{"type":"Point","coordinates":[-73.79358277135897,40.69075489413496]},"properties":{"tpcondition":"Fair","stumpdiameter":null,"riskratingdate":"2021-09-16 13:18:25.0000000","riskrating":"6","objectid":"3664006","globalid":"BA1EBE3A-43A4-4214-B821-4AB46AEB5739","tpstructure":"Full","plantingspaceglobalid":"64BB2C58-536C-460B-B379-9E79B9C0A1D1","createddate":"2016-06-22 17:16:52.0000000","dbh":"30","planteddate":null,"updateddate":"2021-09-16 13:18:25.0000000","geometry":"POINT(-73.79358277135897 40.69075489413496)","genusspecies":"Quercus falcata - southern red oak"}},{"type":"Feature","geometry":{"type":"Point","coordinates":[-73.79371066551053,40.6909286065302]},"properties":{"tpcondition":"Good","stumpdiameter":null,"riskratingdate":"2021-09-16 13:19:10.0000000","riskrating":"6","objectid":"3664007","globalid":"28166F36-F393-4D80-9D13-BC3730C80541","tpstructure":"Full","plantingspaceglobalid":"2B66F24D-0054-46AE-A700-722CF12A4394","createddate":"2016-06-22 17:16:17.0000000","dbh":"33","planteddate":null,"updateddate":"2021-09-16 13:19:10.0000000","geometry":"POINT(-73.79371066551053 40.6909286065302)","genusspecies":"Quercus falcata - southern red oak"}},{"type":"Feature","geometry":{"type":"Point","coordinates":[-73.79379942751758,40.690854427893306]},"properties":{"tpcondition":"Fair","stumpdiameter":null,"riskratingdate":"2021-09-16 16:09:02.0000000","riskrating":"5","objectid":"3664008","globalid":"0406DCC2-3103-47AD-AED2-3CE15367E68A","tpstructure":"Full","plantingspaceglobalid":"6073B473-B083-4443-BC08-EFE771974585","createddate":"2016-06-22 17:13:43.0000000","dbh":"8","planteddate":null,"updateddate":"2021-09-16 16:09:02.0000000","geometry":"POINT(-73.79379942751758 40.690854427893306)","genusspecies":"Acer platanoides - Norway maple"}},{"type":"Feature","geometry":{"type":"Point","coordinates":[-73.79385171184059,40.69092560557228]},"properties":{"tpcondition":"Fair","stumpdiameter":null,"riskratingdate":"2021-09-16 16:09:31.0000000","riskrating":"6","objectid":"3664009","globalid":"E7AF53F5-C5DB-4A08-A61F-DE99E3BBFC65","tpstructure":"Full","plantingspaceglobalid":"BF026F4C-58C5-48A7-ADC9-D4166E68850F","createddate":"2016-06-22 17:13:11.0000000","dbh":"9","planteddate":null,"updateddate":"2021-09-16 16:09:31.0000000","geometry":"POINT(-73.79385171184059 40.69092560557228)","genusspecies":"Acer platanoides - Norway maple"}},{"type":"Feature","geometry":{"type":"Point","coordinates":[-73.79392255479215,40.691023110281755]},"properties":{"tpcondition":"Fair","stumpdiameter":null,"riskratingdate":"2021-09-16 16:10:06.0000000","riskrating":"5","objectid":"3664010","globalid":"AF0C87DF-6C56-4590-B762-7539484E8982","tpstructure":"Full","plantingspaceglobalid":"0B548C88-9110-4471-A600-0AA477E75D75","createddate":"2016-06-22 17:12:36.0000000","dbh":"15","planteddate":null,"updateddate":"2021-09-16 16:10:06.0000000","geometry":"POINT(-73.79392255479215 40.691023110281755)","genusspecies":"Acer platanoides - Norway maple"}},{"type":"Feature","geometry":{"type":"Point","coordinates":[-73.79398313114794,40.69110392662176]},"properties":{"tpcondition":"Fair","stumpdiameter":null,"riskratingdate":"2021-09-16 16:11:35.0000000","riskrating":"6","objectid":"3664011","globalid":"A06EECAC-B698-40A9-A194-00C6178DE632","tpstructure":"Full","plantingspaceglobalid":"C8A63692-9B1F-401B-82B9-88C9EA838B26","createddate":"2016-06-22 17:11:45.0000000","dbh":"11","planteddate":null,"updateddate":"2021-09-16 16:11:35.0000000","geometry":"POINT(-73.79398313114794 40.69110392662176)","genusspecies":"Acer platanoides - Norway maple"}},{"type":"Feature","geometry":{"type":"Point","coordinates":[-73.79357690560052,40.689100461570504]},"properties":{"tpcondition":"Dead","stumpdiameter":null,"riskratingdate":"2020-05-08 12:00:00.0000000","riskrating":"7","objectid":"3664012","globalid":"392E11B1-D245-4125-B481-EC6BCF36B632","tpstructure":"Retired","plantingspaceglobalid":"7F3C1258-388A-4E33-874A-40B51F4FEE32","createddate":"2016-06-22 17:01:00.0000000","dbh":"16","planteddate":null,"updateddate":"2021-10-20 13:15:00.0000000","geometry":"POINT(-73.79357690560052 40.689100461570504)","genusspecies":"Pyrus calleryana - Callery pear"}},{"type":"Feature","geometry":{"type":"Point","coordinates":[-73.79348209831001,40.688970176994964]},"properties":{"tpcondition":"Dead","stumpdiameter":null,"riskratingdate":null,"riskrating":null,"objectid":"3664013","globalid":"50A774C4-65E8-4695-A779-001C9C5D6511","tpstructure":"Retired","plantingspaceglobalid":"2EF4E9A3-9710-4669-B9EE-807A1E9B81FA","createddate":"2016-06-22 17:01:19.0000000","dbh":"20","planteddate":null,"updateddate":"2019-01-11 18:33:46.0000000","geometry":"POINT(-73.79348209831001 40.688970176994964)","genusspecies":"Unknown - Unknown"}},{"type":"Feature","geometry":{"type":"Point","coordinates":[-73.79325777325953,40.6886417686753]},"properties":{"tpcondition":"Dead","stumpdiameter":null,"riskratingdate":null,"riskrating":null,"objectid":"3664014","globalid":"EC53DB1A-7626-4E7C-86AC-84E9D6A82CF0","tpstructure":"Retired","plantingspaceglobalid":"E569C157-6074-458A-9BDD-8C44616DD577","createddate":"2016-06-22 17:00:44.0000000","dbh":"26","planteddate":null,"updateddate":"2019-01-11 18:34:51.0000000","geometry":"POINT(-73.79325777325953 40.6886417686753)","genusspecies":"Unknown - Unknown"}},{"type":"Feature","geometry":{"type":"Point","coordinates":[-73.79331850291662,40.68874075667139]},"properties":{"tpcondition":"Dead","stumpdiameter":null,"riskratingdate":null,"riskrating":null,"objectid":"3664015","globalid":"424A6B77-D4E9-42E4-9177-0B9647AA21F7","tpstructure":"Retired","plantingspaceglobalid":"364DE82F-22E9-4579-A482-B8E572E70C7D","createddate":"2016-06-22 17:00:19.0000000","dbh":"18","planteddate":null,"updateddate":"2019-01-11 18:34:21.0000000","geometry":"POINT(-73.79331850291662 40.68874075667139)","genusspecies":"Unknown - Unknown"}},{"type":"Feature","geometry":{"type":"Point","coordinates":[-73.79312682548718,40.6884410124489]},"properties":{"tpcondition":"Poor","stumpdiameter":null,"riskratingdate":"2019-07-19 10:22:00.0000000","riskrating":"8","objectid":"3664016","globalid":"22DC68B0-508F-4842-9F99-59EF5E900F76","tpstructure":"Retired","plantingspaceglobalid":"9D53F731-7C69-4C01-B324-36CB66DC3C80","createddate":"2016-06-22 16:53:00.0000000","dbh":"17","planteddate":null,"updateddate":"2024-10-28 17:32:13.0000000","geometry":"POINT(-73.79312682548718 40.6884410124489)","genusspecies":"Pyrus calleryana - Callery pear"}},{"type":"Feature","geometry":{"type":"Point","coordinates":[-73.79271462193057,40.687799208318935]},"properties":{"tpcondition":"Fair","stumpdiameter":null,"riskratingdate":null,"riskrating":null,"objectid":"3664017","globalid":"77B2C05B-3613-4285-ACCB-29E95AE3D15C","tpstructure":"Full","plantingspaceglobalid":"96CF9219-AA78-4DBB-9232-A4C83CB99DE3","createddate":"2016-06-22 16:46:24.0000000","dbh":"4","planteddate":null,"updateddate":"2016-10-20 14:41:18.0000000","geometry":"POINT(-73.79271462193057 40.687799208318935)","genusspecies":"Ginkgo biloba - maidenhair tree"}},{"type":"Feature","geometry":{"type":"Point","coordinates":[-73.79159509536456,40.68803718282892]},"properties":{"tpcondition":"Fair","stumpdiameter":null,"riskratingdate":null,"riskrating":null,"objectid":"3664018","globalid":"76CC4C21-1DEF-441B-B2F7-0D538E402284","tpstructure":"Full","plantingspaceglobalid":"B3A70528-BF5E-4A43-A103-6F3C62F69D7A","createddate":"2016-06-22 16:34:49.0000000","dbh":"3","planteddate":null,"updateddate":"2016-06-22 16:34:54.0000000","geometry":"POINT(-73.79159509536456 40.68803718282892)","genusspecies":"Zelkova serrata - Japanese zelkova"}},{"type":"Feature","geometry":{"type":"Point","coordinates":[-73.79353781301903,40.687217429659846]},"properties":{"tpcondition":"Good","stumpdiameter":null,"riskratingdate":null,"riskrating":null,"objectid":"3664019","globalid":"603757A7-F6FE-4D30-8367-15D9913ECE67","tpstructure":"Full","plantingspaceglobalid":"D40E9FC4-4B4E-490F-9E24-3CB4D06CE032","createddate":"2016-06-22 16:31:15.0000000","dbh":"3","planteddate":null,"updateddate":"2016-10-20 14:51:36.0000000","geometry":"POINT(-73.79353781301903 40.687217429659846)","genusspecies":"Quercus falcata - southern red oak"}},{"type":"Feature","geometry":{"type":"Point","coordinates":[-73.79368091809157,40.6864727214163]},"properties":{"tpcondition":"Good","stumpdiameter":null,"riskratingdate":"2020-07-12 11:36:08.0000000","riskrating":"4","objectid":"3664020","globalid":"4878678C-5296-4AAE-9049-60135BD52C2C","tpstructure":"Full","plantingspaceglobalid":"884201C5-D195-447F-A8DC-FCBD4E49D857","createddate":"2016-06-22 16:25:31.0000000","dbh":"10","planteddate":null,"updateddate":"2020-07-12 11:36:04.0000000","geometry":"POINT(-73.79368091809157 40.6864727214163)","genusspecies":"Gleditsia triacanthos var. inermis - Thornless honeylocust"}},{"type":"Feature","geometry":{"type":"Point","coordinates":[-73.7934560623944,40.686563453845295]},"properties":{"tpcondition":"Dead","stumpdiameter":null,"riskratingdate":null,"riskrating":null,"objectid":"3664021","globalid":"FBDE902C-C4B3-4F89-ACAF-35C717A60120","tpstructure":"Retired","plantingspaceglobalid":"55C31477-D451-4640-96C3-F3C164ACBAC5","createddate":"2016-06-22 16:25:07.0000000","dbh":"35","planteddate":null,"updateddate":"2024-11-12 14:14:00.0000000","geometry":"POINT(-73.7934560623944 40.686563453845295)","genusspecies":"Unknown - Unknown"}},{"type":"Feature","geometry":{"type":"Point","coordinates":[-73.79337614058356,40.686597857408856]},"properties":{"tpcondition":"Fair","stumpdiameter":null,"riskratingdate":null,"riskrating":null,"objectid":"3664022","globalid":"1BBF4AF2-17E8-4030-8920-840053872D02","tpstructure":"Full","plantingspaceglobalid":"5F197A3E-FA88-41DA-888D-8FA319E6A1AC","createddate":"2016-06-22 16:24:42.0000000","dbh":"15","planteddate":null,"updateddate":"2016-10-20 15:43:29.0000000","geometry":"POINT(-73.79337614058356 40.686597857408856)","genusspecies":"Gleditsia triacanthos var. inermis - Thornless honeylocust"}},{"type":"Feature","geometry":{"type":"Point","coordinates":[-73.79329936367233,40.68662750265955]},"properties":{"tpcondition":"Fair","stumpdiameter":null,"riskratingdate":null,"riskrating":null,"objectid":"3664023","globalid":"C833F7B3-AE89-469A-AD21-460FAC276CC3","tpstructure":"Full","plantingspaceglobalid":"5CD52B14-62B2-4903-9B6D-93C51DF30087","createddate":"2016-06-22 16:23:22.0000000","dbh":"15","planteddate":null,"updateddate":"2016-10-20 15:43:49.0000000","geometry":"POINT(-73.79329936367233 40.68662750265955)","genusspecies":"Gleditsia triacanthos var. inermis - Thornless honeylocust"}},{"type":"Feature","geometry":{"type":"Point","coordinates":[-73.7931027017761,40.6867099449135]},"properties":{"tpcondition":"Fair","stumpdiameter":null,"riskratingdate":null,"riskrating":null,"objectid":"3664024","globalid":"D12BF451-0D11-4B8E-9FFD-98D882BF326E","tpstructure":"Full","plantingspaceglobalid":"5AD687BC-F5FC-4398-A098-96437F9F2ADF","createddate":"2016-06-22 16:18:17.0000000","dbh":"11","planteddate":null,"updateddate":"2016-10-20 15:44:21.0000000","geometry":"POINT(-73.7931027017761 40.6867099449135)","genusspecies":"Gleditsia triacanthos var. inermis - Thornless honeylocust"}},{"type":"Feature","geometry":{"type":"Point","coordinates":[-73.79300085182572,40.686750266673606]},"properties":{"tpcondition":"Poor","stumpdiameter":null,"riskratingdate":"2021-04-22 14:10:00.0000000","riskrating":"9","objectid":"3664025","globalid":"5F6D6CDF-1301-4AA7-987C-5EC9665CD3BB","tpstructure":"Stump","plantingspaceglobalid":"C9CCDB34-C99E-425A-AD91-A5FE2EE7770A","createddate":"2016-06-22 16:16:00.0000000","dbh":"13","planteddate":null,"updateddate":"2022-01-13 11:54:00.0000000","geometry":"POINT(-73.79300085182572 40.686750266673606)","genusspecies":"Gleditsia triacanthos var. inermis - Thornless honeylocust"}},{"type":"Feature","geometry":{"type":"Point","coordinates":[-73.79291859022503,40.68678228404321]},"properties":{"tpcondition":"Good","stumpdiameter":null,"riskratingdate":"2018-02-15 13:19:06.0000000","riskrating":"3","objectid":"3664026","globalid":"89E4FA26-904D-4BE1-A89B-A81DC3DEA5C4","tpstructure":"Full","plantingspaceglobalid":"F308E321-57A3-4776-8280-C1672D94E0FF","createddate":"2016-06-22 16:16:26.0000000","dbh":"12","planteddate":null,"updateddate":"2018-02-15 13:19:06.0000000","geometry":"POINT(-73.79291859022503 40.68678228404321)","genusspecies":"Gleditsia triacanthos var. inermis - Thornless honeylocust"}},{"type":"Feature","geometry":{"type":"Point","coordinates":[-73.7928112538488,40.68682557327528]},"properties":{"tpcondition":"Good","stumpdiameter":null,"riskratingdate":"2017-10-14 13:05:31.0000000","riskrating":"3","objectid":"3664027","globalid":"2D533479-2117-4081-90A3-AC624B9A0011","tpstructure":"Full","plantingspaceglobalid":"B2286A74-5CF3-49B0-98F1-D14C4DF951AE","createddate":"2016-06-22 16:16:01.0000000","dbh":"12","planteddate":null,"updateddate":"2017-11-21 04:11:11.0000000","geometry":"POINT(-73.7928112538488 40.68682557327528)","genusspecies":"Gleditsia triacanthos var. inermis - Thornless honeylocust"}},{"type":"Feature","geometry":{"type":"Point","coordinates":[-73.7927294828546,40.686860890845615]},"properties":{"tpcondition":"Fair","stumpdiameter":null,"riskratingdate":null,"riskrating":null,"objectid":"3664028","globalid":"37E3E0AB-1B13-4583-BE86-E816339B3B8E","tpstructure":"Full","plantingspaceglobalid":"459FD3B1-65AF-4930-9ABC-B6DB9FE55E5F","createddate":"2016-06-22 16:15:32.0000000","dbh":"13","planteddate":null,"updateddate":"2016-06-22 16:15:37.0000000","geometry":"POINT(-73.7927294828546 40.686860890845615)","genusspecies":"Gleditsia triacanthos var. inermis - Thornless honeylocust"}},{"type":"Feature","geometry":{"type":"Point","coordinates":[-73.79263623668126,40.68690241889932]},"properties":{"tpcondition":"Fair","stumpdiameter":null,"riskratingdate":null,"riskrating":null,"objectid":"3664029","globalid":"4F0C1A4C-E846-4261-BDB9-20FCE9A3B99D","tpstructure":"Full","plantingspaceglobalid":"2E98E337-FE45-4742-BB1E-C7EA84369918","createddate":"2016-06-22 16:14:49.0000000","dbh":"12","planteddate":null,"updateddate":"2016-06-22 16:14:53.0000000","geometry":"POINT(-73.79263623668126 40.68690241889932)","genusspecies":"Gleditsia triacanthos var. inermis - Thornless honeylocust"}},{"type":"Feature","geometry":{"type":"Point","coordinates":[-73.79234114754804,40.68702069679789]},"properties":{"tpcondition":"Good","stumpdiameter":null,"riskratingdate":"2018-06-27 15:47:46.0000000","riskrating":"6","objectid":"3664030","globalid":"3AC4A4AA-671D-42BD-B085-4B775A7C9CF4","tpstructure":"Full","plantingspaceglobalid":"466EBFD4-9B26-4FFC-847F-83F67A631CF3","createddate":"2016-06-22 16:11:12.0000000","dbh":"15","planteddate":null,"updateddate":"2018-06-27 19:47:47.0000000","geometry":"POINT(-73.79234114754804 40.68702069679789)","genusspecies":"Gleditsia triacanthos var. inermis - Thornless honeylocust"}},{"type":"Feature","geometry":{"type":"Point","coordinates":[-73.79224822176961,40.687057612171955]},"properties":{"tpcondition":"Fair","stumpdiameter":null,"riskratingdate":null,"riskrating":null,"objectid":"3664031","globalid":"A625CD63-4B78-4172-A437-2CC0AE01FD50","tpstructure":"Full","plantingspaceglobalid":"2F33ED5D-A19A-4349-9F3E-51CE247BC4FE","createddate":"2016-06-22 16:10:20.0000000","dbh":"7","planteddate":null,"updateddate":"2016-10-20 15:33:51.0000000","geometry":"POINT(-73.79224822176961 40.687057612171955)","genusspecies":"Ginkgo biloba - maidenhair tree"}},{"type":"Feature","geometry":{"type":"Point","coordinates":[-73.7918174487664,40.68724796803113]},"properties":{"tpcondition":"Fair","stumpdiameter":null,"riskratingdate":"2017-03-04 11:39:15.0000000","riskrating":"7","objectid":"3664032","globalid":"9DEA7908-6F00-4D4D-AFEC-2B153DFB61B6","tpstructure":"Full","plantingspaceglobalid":"610CD18A-4FA9-42E2-9861-55718AD12D44","createddate":"2016-06-22 16:06:06.0000000","dbh":"14","planteddate":null,"updateddate":"2017-11-21 04:11:11.0000000","geometry":"POINT(-73.7918174487664 40.68724796803113)","genusspecies":"Gleditsia triacanthos var. inermis - Thornless honeylocust"}},{"type":"Feature","geometry":{"type":"Point","coordinates":[-73.79117202289488,40.687508014001786]},"properties":{"tpcondition":"Fair","stumpdiameter":null,"riskratingdate":null,"riskrating":null,"objectid":"3664033","globalid":"9807B090-53FE-464B-82FE-748E377050E1","tpstructure":"Full","plantingspaceglobalid":"134BC8C5-846B-4B47-9F27-AEF8BB37F6B3","createddate":"2016-06-22 16:03:05.0000000","dbh":"18","planteddate":null,"updateddate":"2016-10-20 14:19:30.0000000","geometry":"POINT(-73.79117202289488 40.687508014001786)","genusspecies":"Gleditsia triacanthos var. inermis - Thornless honeylocust"}},{"type":"Feature","geometry":{"type":"Point","coordinates":[-73.7889148711916,40.68825118175866]},"properties":{"tpcondition":"Fair","stumpdiameter":null,"riskratingdate":null,"riskrating":null,"objectid":"3664034","globalid":"B7B73FE4-495B-429A-AE4B-8CDA592C7EB0","tpstructure":"Full","plantingspaceglobalid":"CD80B7D6-FE1C-498C-9EC3-0E64F882E801","createddate":"2016-06-22 15:55:24.0000000","dbh":"14","planteddate":null,"updateddate":"2016-06-22 15:55:30.0000000","geometry":"POINT(-73.7889148711916 40.68825118175866)","genusspecies":"Platanus x acerifolia - London planetree"}},{"type":"Feature","geometry":{"type":"Point","coordinates":[-73.78739351790519,40.68856759252507]},"properties":{"tpcondition":"Fair","stumpdiameter":null,"riskratingdate":null,"riskrating":null,"objectid":"3664035","globalid":"4F705163-1C2F-4E91-9A84-D67FC1E4E050","tpstructure":"Full","plantingspaceglobalid":"F72FF4BA-63F3-4E72-B3EC-64B50EC5311D","createddate":"2016-06-22 15:49:33.0000000","dbh":"14","planteddate":null,"updateddate":"2016-06-22 15:49:37.0000000","geometry":"POINT(-73.78739351790519 40.68856759252507)","genusspecies":"Platanus x acerifolia - London planetree"}},{"type":"Feature","geometry":{"type":"Point","coordinates":[-73.78742953012592,40.68856229758534]},"properties":{"tpcondition":"Fair","stumpdiameter":null,"riskratingdate":null,"riskrating":null,"objectid":"3664036","globalid":"22650C84-52D4-4CB2-8636-361C0233A4AF","tpstructure":"Full","plantingspaceglobalid":"B50C8C9B-DBBC-4BA9-91D2-8BBC98B05F47","createddate":"2016-06-22 15:48:47.0000000","dbh":"7","planteddate":null,"updateddate":"2016-06-22 15:48:51.0000000","geometry":"POINT(-73.78742953012592 40.68856229758534)","genusspecies":"Platanus x acerifolia - London planetree"}},{"type":"Feature","geometry":{"type":"Point","coordinates":[-73.7874742585855,40.688544787885114]},"properties":{"tpcondition":"Fair","stumpdiameter":null,"riskratingdate":null,"riskrating":null,"objectid":"3664037","globalid":"5452C455-D608-4165-A4F0-B6AC89421739","tpstructure":"Full","plantingspaceglobalid":"DF5A9FA5-EA6F-4D4B-A778-3A54A3FE501F","createddate":"2016-06-22 15:47:58.0000000","dbh":"14","planteddate":null,"updateddate":"2016-10-20 12:11:10.0000000","geometry":"POINT(-73.7874742585855 40.688544787885114)","genusspecies":"Platanus x acerifolia - London planetree"}},{"type":"Feature","geometry":{"type":"Point","coordinates":[-73.78752507435753,40.68853805236928]},"properties":{"tpcondition":"Fair","stumpdiameter":null,"riskratingdate":null,"riskrating":null,"objectid":"3664038","globalid":"D4A8A0EC-EE28-4282-993D-3868A0971D89","tpstructure":"Full","plantingspaceglobalid":"01EAA856-9B41-4965-A2D8-3A6E20031A20","createddate":"2016-06-22 15:47:28.0000000","dbh":"12","planteddate":null,"updateddate":"2016-06-22 15:47:33.0000000","geometry":"POINT(-73.78752507435753 40.68853805236928)","genusspecies":"Platanus x acerifolia - London planetree"}},{"type":"Feature","geometry":{"type":"Point","coordinates":[-73.78757833700027,40.688522068013654]},"properties":{"tpcondition":"Fair","stumpdiameter":null,"riskratingdate":null,"riskrating":null,"objectid":"3664039","globalid":"F6E0952A-1754-435D-ADFA-7CAD7487B8D8","tpstructure":"Full","plantingspaceglobalid":"2EC531D8-1336-4ADF-9937-30312E833E41","createddate":"2016-06-22 15:46:58.0000000","dbh":"12","planteddate":null,"updateddate":"2016-06-22 15:47:02.0000000","geometry":"POINT(-73.78757833700027 40.688522068013654)","genusspecies":"Platanus x acerifolia - London planetree"}},{"type":"Feature","geometry":{"type":"Point","coordinates":[-73.78934485059449,40.693080723509276]},"properties":{"tpcondition":"Fair","stumpdiameter":null,"riskratingdate":null,"riskrating":null,"objectid":"3664040","globalid":"CDC8D826-0E4A-41AE-B4AF-CE7A5561BC57","tpstructure":"Full","plantingspaceglobalid":"DA8102D6-F327-4EE9-954D-A292F4D60A56","createddate":"2016-06-22 15:08:54.0000000","dbh":"9","planteddate":null,"updateddate":"2016-06-22 15:08:58.0000000","geometry":"POINT(-73.78934485059449 40.693080723509276)","genusspecies":"Acer platanoides - Norway maple"}},{"type":"Feature","geometry":{"type":"Point","coordinates":[-73.79002753960857,40.69283614375402]},"properties":{"tpcondition":"Good","stumpdiameter":null,"riskratingdate":"2020-07-22 12:45:12.0000000","riskrating":"4","objectid":"3664041","globalid":"3F15F204-A442-4A66-9AEF-A2FBE65A5C01","tpstructure":"Full","plantingspaceglobalid":"669DC234-B283-434C-A246-20DAA309E1F1","createddate":"2016-06-22 15:04:14.0000000","dbh":"7","planteddate":null,"updateddate":"2020-07-22 12:45:12.0000000","geometry":"POINT(-73.79002753960857 40.69283614375402)","genusspecies":"Gleditsia triacanthos var. inermis - Thornless honeylocust"}},{"type":"Feature","geometry":{"type":"Point","coordinates":[-73.79015130335247,40.692787847561064]},"properties":{"tpcondition":"Fair","stumpdiameter":null,"riskratingdate":null,"riskrating":null,"objectid":"3664042","globalid":"5170A314-982A-47B3-B0F7-7D32FE094DB0","tpstructure":"Full","plantingspaceglobalid":"E547B302-FB52-40FC-933B-3F0E031993AF","createddate":"2016-06-22 15:03:33.0000000","dbh":"23","planteddate":null,"updateddate":"2016-10-18 13:04:57.0000000","geometry":"POINT(-73.79015130335247 40.692787847561064)","genusspecies":"Platanus x acerifolia - London planetree"}},{"type":"Feature","geometry":{"type":"Point","coordinates":[-73.79028895004116,40.69272625293021]},"properties":{"tpcondition":"Fair","stumpdiameter":null,"riskratingdate":null,"riskrating":null,"objectid":"3664043","globalid":"42E924D5-94EC-4A87-BFDD-CD079AE6461F","tpstructure":"Full","plantingspaceglobalid":"89D02CD1-F938-4CB2-99A5-CBDE25D82AE0","createddate":"2016-06-22 15:02:21.0000000","dbh":"3","planteddate":null,"updateddate":"2016-10-17 19:38:54.0000000","geometry":"POINT(-73.79028895004116 40.69272625293021)","genusspecies":"Ginkgo biloba - maidenhair tree"}},{"type":"Feature","geometry":{"type":"Point","coordinates":[-73.79039703549346,40.69268409793173]},"properties":{"tpcondition":"Fair","stumpdiameter":null,"riskratingdate":null,"riskrating":null,"objectid":"3664044","globalid":"FCD6A0AC-E9C0-44E8-A569-DA11C3DA0397","tpstructure":"Full","plantingspaceglobalid":"A19E8440-B734-4249-A302-278F32A6B01E","createddate":"2016-06-22 15:01:44.0000000","dbh":"3","planteddate":null,"updateddate":"2016-10-18 12:54:01.0000000","geometry":"POINT(-73.79039703549346 40.69268409793173)","genusspecies":"Ginkgo biloba - maidenhair tree"}},{"type":"Feature","geometry":{"type":"Point","coordinates":[-73.79057448586286,40.692608408967914]},"properties":{"tpcondition":"Unknown","stumpdiameter":null,"riskratingdate":null,"riskrating":null,"objectid":"3664045","globalid":"5E09AABE-918F-439D-B28B-4E1EE408F090","tpstructure":"Full","plantingspaceglobalid":"341594DD-BD43-4241-9CD8-43AEA3407342","createddate":"2016-06-22 15:00:59.0000000","dbh":"19","planteddate":null,"updateddate":"2020-08-12 15:52:14.0000000","geometry":"POINT(-73.79057448586286 40.692608408967914)","genusspecies":"Platanus x acerifolia - London planetree"}},{"type":"Feature","geometry":{"type":"Point","coordinates":[-73.79060836142064,40.692592506872295]},"properties":{"tpcondition":"Fair","stumpdiameter":null,"riskratingdate":null,"riskrating":null,"objectid":"3664046","globalid":"6540EDBF-A16A-4952-A143-AF88BFA729B2","tpstructure":"Full","plantingspaceglobalid":"0BD9EA43-D0A2-44F1-B87A-147228CFA6C5","createddate":"2016-06-22 15:00:00.0000000","dbh":"18","planteddate":null,"updateddate":"2016-10-17 18:58:59.0000000","geometry":"POINT(-73.79060836142064 40.692592506872295)","genusspecies":"Platanus x acerifolia - London planetree"}},{"type":"Feature","geometry":{"type":"Point","coordinates":[-73.79068726520013,40.69255991437049]},"properties":{"tpcondition":"Fair","stumpdiameter":null,"riskratingdate":null,"riskrating":null,"objectid":"3664047","globalid":"40E82534-D66E-449F-95B4-92C81ABBC422","tpstructure":"Full","plantingspaceglobalid":"C34D6AFE-EE3A-481B-BBB4-43C7759E71AF","createddate":"2016-06-22 14:54:37.0000000","dbh":"2","planteddate":null,"updateddate":"2016-10-17 19:41:57.0000000","geometry":"POINT(-73.79068726520013 40.69255991437049)","genusspecies":"Ginkgo biloba - maidenhair tree"}},{"type":"Feature","geometry":{"type":"Point","coordinates":[-73.7907584149334,40.69253217111805]},"properties":{"tpcondition":"Fair","stumpdiameter":null,"riskratingdate":null,"riskrating":null,"objectid":"3664048","globalid":"3B5621CE-43CC-47BC-B7B6-C9FFE1F6CD8E","tpstructure":"Full","plantingspaceglobalid":"F87C31EB-3FAE-4072-AA01-F7B57CF07D20","createddate":"2016-06-22 14:54:10.0000000","dbh":"2","planteddate":null,"updateddate":"2016-10-18 13:08:05.0000000","geometry":"POINT(-73.7907584149334 40.69253217111805)","genusspecies":"Ginkgo biloba - maidenhair tree"}},{"type":"Feature","geometry":{"type":"Point","coordinates":[-73.79109206475255,40.69238182655041]},"properties":{"tpcondition":"Poor","stumpdiameter":null,"riskratingdate":null,"riskrating":null,"objectid":"3664049","globalid":"91DD891A-A513-4694-9B3C-28EC94627674","tpstructure":"Retired","plantingspaceglobalid":"7CDFE4E9-7527-4EBE-96E9-A245D421D928","createddate":"2016-06-22 14:49:00.0000000","dbh":"6","planteddate":null,"updateddate":"2024-10-25 16:51:31.0000000","geometry":"POINT(-73.79109206475255 40.69238182655041)","genusspecies":"Gleditsia triacanthos var. inermis - Thornless honeylocust"}},{"type":"Feature","geometry":{"type":"Point","coordinates":[-73.79117557075224,40.69234572017625]},"properties":{"tpcondition":"Good","stumpdiameter":null,"riskratingdate":"2025-04-25 15:54:45.0000000","riskrating":"4","objectid":"3664050","globalid":"5C84F0FF-05A4-47E5-8DBD-C2E478B8F319","tpstructure":"Full","plantingspaceglobalid":"26C471EB-3171-4598-A8C3-57C1C348FD8D","createddate":"2016-06-22 14:49:28.0000000","dbh":"6","planteddate":null,"updateddate":"2025-04-25 15:54:45.0000000","geometry":"POINT(-73.79117557075224 40.69234572017625)","genusspecies":"Gleditsia triacanthos var. inermis - Thornless honeylocust"}},{"type":"Feature","geometry":{"type":"Point","coordinates":[-73.791423425766,40.69223787505622]},"properties":{"tpcondition":"Dead","stumpdiameter":null,"riskratingdate":"2021-01-22 12:58:41.0000000","riskrating":"5","objectid":"3664051","globalid":"5E0A69D8-003C-401F-AAD8-AD0D5DA141A0","tpstructure":"Full","plantingspaceglobalid":"126A682E-C57A-4006-B9E8-7DD4D37B1BFA","createddate":"2016-06-22 14:47:59.0000000","dbh":"8","planteddate":null,"updateddate":"2021-01-22 12:58:41.0000000","geometry":"POINT(-73.791423425766 40.69223787505622)","genusspecies":"Prunus serrulata 'Green leaf' - 'Green leaf' Japanese flowering cherry"}},{"type":"Feature","geometry":{"type":"Point","coordinates":[-73.79335452584498,40.69142444342249]},"properties":{"tpcondition":"Fair","stumpdiameter":null,"riskratingdate":"2024-02-21 15:24:42.0000000","riskrating":"3","objectid":"3664052","globalid":"641CB552-9E83-4EBA-9EF0-49EE2CD0F2AB","tpstructure":"Full","plantingspaceglobalid":"69E1A105-9A4C-453F-9133-BC7509BEA0FC","createddate":"2016-06-22 13:46:29.0000000","dbh":"9","planteddate":null,"updateddate":"2024-02-21 15:24:42.0000000","geometry":"POINT(-73.79335452584498 40.69142444342249)","genusspecies":"Tilia x. europaea - Common linden"}},{"type":"Feature","geometry":{"type":"Point","coordinates":[-73.79343472895947,40.69139083237178]},"properties":{"tpcondition":"Good","stumpdiameter":null,"riskratingdate":"2021-09-16 15:01:16.0000000","riskrating":"3","objectid":"3664053","globalid":"6E11FF23-92C7-47D5-8A55-428BA5A856D3","tpstructure":"Full","plantingspaceglobalid":"5FA0A07D-4BFE-4095-9093-73AF42DF09EA","createddate":"2016-06-22 13:45:58.0000000","dbh":"9","planteddate":null,"updateddate":"2021-09-16 15:01:16.0000000","geometry":"POINT(-73.79343472895947 40.69139083237178)","genusspecies":"Tilia x. europaea - Common linden"}},{"type":"Feature","geometry":{"type":"Point","coordinates":[-73.79354504074558,40.691345268027916]},"properties":{"tpcondition":"Good","stumpdiameter":null,"riskratingdate":"2021-09-16 15:03:24.0000000","riskrating":"3","objectid":"3664054","globalid":"DF60A53A-D723-4BCF-80DC-B3D6F9C6683D","tpstructure":"Full","plantingspaceglobalid":"E6A9CDC3-4C6F-446E-820C-72CC1EC3F7A2","createddate":"2016-06-22 13:45:28.0000000","dbh":"9","planteddate":null,"updateddate":"2021-09-16 15:03:24.0000000","geometry":"POINT(-73.79354504074558 40.691345268027916)","genusspecies":"Tilia x. europaea - Common linden"}},{"type":"Feature","geometry":{"type":"Point","coordinates":[-73.79366827827484,40.691292447376476]},"properties":{"tpcondition":"Good","stumpdiameter":null,"riskratingdate":"2021-09-16 15:05:03.0000000","riskrating":"3","objectid":"3664055","globalid":"FAB8FD5D-4919-425C-9934-1A9ABFD11BB3","tpstructure":"Full","plantingspaceglobalid":"39F413E8-893D-46E7-BC16-C8986651CB2E","createddate":"2016-06-22 13:45:02.0000000","dbh":"8","planteddate":null,"updateddate":"2021-09-16 15:05:03.0000000","geometry":"POINT(-73.79366827827484 40.691292447376476)","genusspecies":"Tilia x. europaea - Common linden"}},{"type":"Feature","geometry":{"type":"Point","coordinates":[-73.7937653209532,40.69125449294134]},"properties":{"tpcondition":"Good","stumpdiameter":null,"riskratingdate":"2025-05-20 15:36:34.0000000","riskrating":"6","objectid":"3664056","globalid":"B2941765-CBF0-4FBB-B360-525230BF9989","tpstructure":"Full","plantingspaceglobalid":"94D5B687-7103-4E2B-932C-15042C36E989","createddate":"2016-06-22 13:44:32.0000000","dbh":"11","planteddate":null,"updateddate":"2025-05-20 15:36:34.0000000","geometry":"POINT(-73.7937653209532 40.69125449294134)","genusspecies":"Zelkova serrata - Japanese zelkova"}},{"type":"Feature","geometry":{"type":"Point","coordinates":[-73.79454722932225,40.69065083001185]},"properties":{"tpcondition":"Fair","stumpdiameter":null,"riskratingdate":"2021-09-16 17:49:44.0000000","riskrating":"7","objectid":"3664057","globalid":"FF9967DC-33BA-4CC0-9B40-7383463C0254","tpstructure":"Full","plantingspaceglobalid":"AAAFD07E-EA8A-434F-AB93-2707FBF9209A","createddate":"2016-06-22 13:33:48.0000000","dbh":"17","planteddate":null,"updateddate":"2021-09-16 17:49:44.0000000","geometry":"POINT(-73.79454722932225 40.69065083001185)","genusspecies":"Pyrus calleryana - Callery pear"}},{"type":"Feature","geometry":{"type":"Point","coordinates":[-73.79443189162745,40.69049575342202]},"properties":{"tpcondition":"Fair","stumpdiameter":null,"riskratingdate":"2021-09-16 17:48:55.0000000","riskrating":"6","objectid":"3664058","globalid":"054A1CC0-CEBD-4758-95A3-00B537C9514A","tpstructure":"Full","plantingspaceglobalid":"DF8DE768-CA26-4380-A86C-03E12546AF0C","createddate":"2016-06-22 13:33:21.0000000","dbh":"18","planteddate":null,"updateddate":"2021-09-16 17:48:55.0000000","geometry":"POINT(-73.79443189162745 40.69049575342202)","genusspecies":"Pyrus calleryana - Callery pear"}},{"type":"Feature","geometry":{"type":"Point","coordinates":[-73.7943243957286,40.69034364994097]},"properties":{"tpcondition":"Fair","stumpdiameter":null,"riskratingdate":"2021-09-16 17:45:26.0000000","riskrating":"6","objectid":"3664059","globalid":"7F16E664-CEDD-453A-BAF2-D42485CD898D","tpstructure":"Full","plantingspaceglobalid":"0DEE6A7C-498B-408F-9193-AD36A214BE54","createddate":"2016-06-22 13:32:44.0000000","dbh":"18","planteddate":null,"updateddate":"2021-09-16 17:45:26.0000000","geometry":"POINT(-73.7943243957286 40.69034364994097)","genusspecies":"Pyrus calleryana - Callery pear"}},{"type":"Feature","geometry":{"type":"Point","coordinates":[-73.79410776759823,40.690047264641564]},"properties":{"tpcondition":"Fair","stumpdiameter":null,"riskratingdate":"2021-09-16 17:09:09.0000000","riskrating":"3","objectid":"3664060","globalid":"B40616A8-CE8A-4A49-8EBD-4E0615ADEACB","tpstructure":"Full","plantingspaceglobalid":"01C8FE3F-D3B2-4C91-95C4-432BD018B37D","createddate":"2016-06-22 13:30:50.0000000","dbh":"3","planteddate":null,"updateddate":"2021-09-16 17:09:09.0000000","geometry":"POINT(-73.79410776759823 40.690047264641564)","genusspecies":"Pyrus calleryana - Callery pear"}},{"type":"Feature","geometry":{"type":"Point","coordinates":[-73.79414933356213,40.690105606049485]},"properties":{"tpcondition":"Fair","stumpdiameter":null,"riskratingdate":"2021-09-16 17:09:21.0000000","riskrating":"3","objectid":"3664061","globalid":"E0FF8FB6-FB2E-404C-8A9D-CFE75929C2D7","tpstructure":"Full","plantingspaceglobalid":"D2BF3738-C324-4312-ABE5-3C320513777E","createddate":"2016-06-22 13:30:29.0000000","dbh":"6","planteddate":null,"updateddate":"2021-09-16 17:09:21.0000000","geometry":"POINT(-73.79414933356213 40.690105606049485)","genusspecies":"Pyrus calleryana - Callery pear"}},{"type":"Feature","geometry":{"type":"Point","coordinates":[-73.79402799781886,40.68993831091413]},"properties":{"tpcondition":"Fair","stumpdiameter":null,"riskratingdate":"2025-02-24 18:42:46.0000000","riskrating":"7","objectid":"3664062","globalid":"F32504D4-3186-45BA-A448-014A5ACB50D8","tpstructure":"Full","plantingspaceglobalid":"903E3058-2FDA-4F3D-918C-071A2DE154B3","createddate":"2016-06-22 13:26:22.0000000","dbh":"19","planteddate":null,"updateddate":"2025-02-24 18:42:46.0000000","geometry":"POINT(-73.79402799781886 40.68993831091413)","genusspecies":"Pyrus calleryana - Callery pear"}},{"type":"Feature","geometry":{"type":"Point","coordinates":[-73.79396838601139,40.68985564244259]},"properties":{"tpcondition":"Dead","stumpdiameter":null,"riskratingdate":null,"riskrating":null,"objectid":"3664063","globalid":"D0D697F1-87E7-4AE4-9581-44177451A9B0","tpstructure":"Retired","plantingspaceglobalid":"0CBDEAF7-514E-4675-919C-629A8198126B","createddate":"2016-06-22 13:25:00.0000000","dbh":"4","planteddate":null,"updateddate":"2020-12-04 20:43:00.0000000","geometry":"POINT(-73.79396838601139 40.68985564244259)","genusspecies":"Pyrus calleryana - Callery pear"}},{"type":"Feature","geometry":{"type":"Point","coordinates":[-73.79391574035219,40.68978469403382]},"properties":{"tpcondition":"Fair","stumpdiameter":null,"riskratingdate":"2021-09-16 17:06:53.0000000","riskrating":"7","objectid":"3664064","globalid":"1C293523-1EC4-44BA-BF62-B92691DCF9AD","tpstructure":"Full","plantingspaceglobalid":"A30F99F9-93BA-4BCC-88D6-C1AE78B1DA18","createddate":"2016-06-22 13:25:18.0000000","dbh":"19","planteddate":null,"updateddate":"2021-09-16 17:06:53.0000000","geometry":"POINT(-73.79391574035219 40.68978469403382)","genusspecies":"Pyrus calleryana - Callery pear"}},{"type":"Feature","geometry":{"type":"Point","coordinates":[-73.79385240762856,40.68969679289461]},"properties":{"tpcondition":"Fair","stumpdiameter":null,"riskratingdate":"2025-07-28 14:45:19.0000000","riskrating":"5","objectid":"3664065","globalid":"B41D0E3A-3C08-48AC-BE15-BC0F650F96D7","tpstructure":"Full","plantingspaceglobalid":"D97E4F67-6F4E-4C77-9FB9-C8013F4D6383","createddate":"2016-06-22 13:22:46.0000000","dbh":"5","planteddate":null,"updateddate":"2025-07-28 14:45:19.0000000","geometry":"POINT(-73.79385240762856 40.68969679289461)","genusspecies":"Pyrus calleryana - Callery pear"}},{"type":"Feature","geometry":{"type":"Point","coordinates":[-73.79382053013408,40.68965129542261]},"properties":{"tpcondition":"Fair","stumpdiameter":null,"riskratingdate":"2025-07-28 14:45:54.0000000","riskrating":"6","objectid":"3664066","globalid":"218C340F-65C3-43A3-AEB1-60539D588E50","tpstructure":"Full","plantingspaceglobalid":"A1F8C0B7-65F7-4262-AA8E-F1451BDBD35F","createddate":"2016-06-22 13:21:58.0000000","dbh":"13","planteddate":null,"updateddate":"2025-07-28 14:45:54.0000000","geometry":"POINT(-73.79382053013408 40.68965129542261)","genusspecies":"Pyrus calleryana - Callery pear"}},{"type":"Feature","geometry":{"type":"Point","coordinates":[-73.79374374300677,40.68956295725519]},"properties":{"tpcondition":"Dead","stumpdiameter":null,"riskratingdate":null,"riskrating":null,"objectid":"3664067","globalid":"52E8E530-E712-42B9-B46B-A347DC4D4130","tpstructure":"Retired","plantingspaceglobalid":"349D8561-9C5C-42FC-B654-4A5DA3316525","createddate":"2016-06-22 13:21:06.0000000","dbh":"23","planteddate":null,"updateddate":"2021-09-16 14:10:39.0000000","geometry":"POINT(-73.79374374300677 40.68956295725519)","genusspecies":"Unknown - Unknown"}},{"type":"Feature","geometry":{"type":"Point","coordinates":[-73.79407129682079,40.691129404416536]},"properties":{"tpcondition":"Fair","stumpdiameter":null,"riskratingdate":"2021-09-16 16:22:42.0000000","riskrating":"6","objectid":"3664068","globalid":"58779062-B70F-4C6A-A08D-EDDF057E0B5B","tpstructure":"Full","plantingspaceglobalid":"1AF456FE-DEB0-4DD3-94C5-108316428DF6","createddate":"2016-06-22 12:38:24.0000000","dbh":"14","planteddate":null,"updateddate":"2021-09-16 16:22:42.0000000","geometry":"POINT(-73.79407129682079 40.691129404416536)","genusspecies":"Acer platanoides - Norway maple"}},{"type":"Feature","geometry":{"type":"Point","coordinates":[-73.79417841818315,40.69108303376844]},"properties":{"tpcondition":"Fair","stumpdiameter":null,"riskratingdate":"2021-09-16 16:24:12.0000000","riskrating":"6","objectid":"3664069","globalid":"C910B6BD-8C54-439F-A429-C96B327381E1","tpstructure":"Full","plantingspaceglobalid":"7A8D61E0-7472-4EFE-8170-665BEC2416DC","createddate":"2016-06-22 12:37:29.0000000","dbh":"12","planteddate":null,"updateddate":"2021-09-16 16:24:12.0000000","geometry":"POINT(-73.79417841818315 40.69108303376844)","genusspecies":"Acer platanoides - Norway maple"}},{"type":"Feature","geometry":{"type":"Point","coordinates":[-73.79431074556656,40.691029474443916]},"properties":{"tpcondition":"Fair","stumpdiameter":null,"riskratingdate":"2021-09-16 16:26:09.0000000","riskrating":"5","objectid":"3664070","globalid":"0DEC87E8-A484-4EA9-9DB0-58157EE5713F","tpstructure":"Full","plantingspaceglobalid":"9084D947-102B-4AA0-88EE-8AB96561C467","createddate":"2016-06-22 12:37:00.0000000","dbh":"15","planteddate":null,"updateddate":"2021-09-16 16:26:09.0000000","geometry":"POINT(-73.79431074556656 40.691029474443916)","genusspecies":"Acer platanoides - Norway maple"}},{"type":"Feature","geometry":{"type":"Point","coordinates":[-73.79445794160094,40.690964386013185]},"properties":{"tpcondition":"Fair","stumpdiameter":null,"riskratingdate":"2021-09-16 16:26:39.0000000","riskrating":"6","objectid":"3664071","globalid":"26513C27-1FC9-4F5C-AAFC-F70C72A4CC0A","tpstructure":"Full","plantingspaceglobalid":"EB8BABCD-2C9A-44F9-ACB9-EAC847C91AE8","createddate":"2016-06-22 12:36:23.0000000","dbh":"15","planteddate":null,"updateddate":"2021-09-16 16:26:39.0000000","geometry":"POINT(-73.79445794160094 40.690964386013185)","genusspecies":"Acer platanoides - Norway maple"}},{"type":"Feature","geometry":{"type":"Point","coordinates":[-73.79459762127838,40.69086974960598]},"properties":{"tpcondition":"Fair","stumpdiameter":null,"riskratingdate":"2021-09-16 16:28:25.0000000","riskrating":"4","objectid":"3664072","globalid":"BFB1057A-4962-42DB-9126-95DB7A4F0850","tpstructure":"Full","plantingspaceglobalid":"5A9343F1-CF81-400D-970A-2072B4C0ECE9","createddate":"2016-06-22 12:35:50.0000000","dbh":"10","planteddate":null,"updateddate":"2021-09-16 16:28:25.0000000","geometry":"POINT(-73.79459762127838 40.69086974960598)","genusspecies":"Tilia cordata - littleleaf linden"}},{"type":"Feature","geometry":{"type":"Point","coordinates":[-73.7958261480528,40.68995792614415]},"properties":{"tpcondition":"Good","stumpdiameter":null,"riskratingdate":"2021-09-17 17:49:00.0000000","riskrating":"6","objectid":"3664073","globalid":"83190A35-1639-4C52-BF22-9C0C0A99CB9D","tpstructure":"Full","plantingspaceglobalid":"A880D2E7-E551-4BFC-8797-B79FA634766F","createddate":"2016-06-22 12:20:46.0000000","dbh":"22","planteddate":null,"updateddate":"2021-09-17 17:49:00.0000000","geometry":"POINT(-73.7958261480528 40.68995792614415)","genusspecies":"Platanus x acerifolia - London planetree"}},{"type":"Feature","geometry":{"type":"Point","coordinates":[-73.79749263788963,40.68874333326597]},"properties":{"tpcondition":"Dead","stumpdiameter":null,"riskratingdate":"2020-06-24 12:48:52.0000000","riskrating":"7","objectid":"3664074","globalid":"0F2021BA-CF07-44C4-95B1-983CA804CA25","tpstructure":"Full","plantingspaceglobalid":"B49BAFCF-7B96-4C7A-A401-FC10DEC8492A","createddate":"2016-06-22 11:26:15.0000000","dbh":"8","planteddate":null,"updateddate":"2020-06-24 12:48:52.0000000","geometry":"POINT(-73.79749263788963 40.68874333326597)","genusspecies":"Prunus cerasifera - cherry plum"}},{"type":"Feature","geometry":{"type":"Point","coordinates":[-73.79758038947799,40.68870715308822]},"properties":{"tpcondition":"Fair","stumpdiameter":null,"riskratingdate":"2021-08-10 13:03:35.0000000","riskrating":"5","objectid":"3664075","globalid":"8BE5A376-6D7D-45AB-A408-8427B0998411","tpstructure":"Full","plantingspaceglobalid":"496A3D8C-F6D4-4B6E-836A-C94DBE9BA96B","createddate":"2016-06-22 11:25:37.0000000","dbh":"10","planteddate":null,"updateddate":"2021-08-10 13:03:35.0000000","geometry":"POINT(-73.79758038947799 40.68870715308822)","genusspecies":"Acer buergerianum - trident maple"}},{"type":"Feature","geometry":{"type":"Point","coordinates":[-73.79724034871586,40.688847724659865]},"properties":{"tpcondition":"Dead","stumpdiameter":null,"riskratingdate":"2021-08-10 13:11:13.0000000","riskrating":"6","objectid":"3664076","globalid":"50DAB235-3A5E-4A23-BFB8-2CB59A11DE71","tpstructure":"Full","plantingspaceglobalid":"B572CEEE-681B-413E-A19B-AAEB27823982","createddate":"2016-06-22 11:23:48.0000000","dbh":"9","planteddate":null,"updateddate":"2021-08-10 13:11:13.0000000","geometry":"POINT(-73.79724034871586 40.688847724659865)","genusspecies":"Prunus cerasifera - cherry plum"}},{"type":"Feature","geometry":{"type":"Point","coordinates":[-73.79715808112726,40.68888153200667]},"properties":{"tpcondition":"Fair","stumpdiameter":null,"riskratingdate":null,"riskrating":null,"objectid":"3664077","globalid":"E2CAB7DE-7A5E-4AE6-A1CB-620B69F1B7D2","tpstructure":"Full","plantingspaceglobalid":"0CE570CB-8032-4FFC-85FB-50ED5B6FDBF1","createddate":"2016-06-22 11:23:23.0000000","dbh":"8","planteddate":null,"updateddate":"2016-10-20 15:50:49.0000000","geometry":"POINT(-73.79715808112726 40.68888153200667)","genusspecies":"Acer buergerianum - trident maple"}},{"type":"Feature","geometry":{"type":"Point","coordinates":[-73.79699772383583,40.68895191296718]},"properties":{"tpcondition":"Dead","stumpdiameter":"7","riskratingdate":null,"riskrating":null,"objectid":"3664078","globalid":"EA953FA3-1666-4D47-AAB3-1B5B2F918515","tpstructure":"Retired","plantingspaceglobalid":"1435648C-1ED5-4315-AB42-517A607749BF","createddate":"2016-06-22 11:22:00.0000000","dbh":"9","planteddate":null,"updateddate":"2019-03-13 17:59:00.0000000","geometry":"POINT(-73.79699772383583 40.68895191296718)","genusspecies":"Prunus serrulata 'Green leaf' - 'Green leaf' Japanese flowering cherry"}},{"type":"Feature","geometry":{"type":"Point","coordinates":[-73.79677754958246,40.68904563763502]},"properties":{"tpcondition":"Fair","stumpdiameter":null,"riskratingdate":null,"riskrating":null,"objectid":"3664079","globalid":"7F387F64-6EC4-4175-84C4-43AC1A5E6875","tpstructure":"Full","plantingspaceglobalid":"E4E9D14C-F841-4355-8D13-33EB835937A0","createddate":"2016-06-22 11:21:06.0000000","dbh":"6","planteddate":null,"updateddate":"2016-10-20 15:55:07.0000000","geometry":"POINT(-73.79677754958246 40.68904563763502)","genusspecies":"Prunus cerasifera - cherry plum"}},{"type":"Feature","geometry":{"type":"Point","coordinates":[-73.79661380446932,40.68911027434904]},"properties":{"tpcondition":"Dead","stumpdiameter":null,"riskratingdate":null,"riskrating":null,"objectid":"3664080","globalid":"7001FC40-789A-472F-8BFA-A14A82334E37","tpstructure":"Retired","plantingspaceglobalid":"229F4EC9-8244-44DE-800C-5B3EEF933450","createddate":"2016-06-22 11:20:00.0000000","dbh":"10","planteddate":null,"updateddate":"2024-11-15 16:32:22.0000000","geometry":"POINT(-73.79661380446932 40.68911027434904)","genusspecies":"Acer buergerianum - trident maple"}},{"type":"Feature","geometry":{"type":"Point","coordinates":[-73.79778255354061,40.68839883082363]},"properties":{"tpcondition":"Fair","stumpdiameter":null,"riskratingdate":null,"riskrating":null,"objectid":"3664081","globalid":"19A0E343-F7CD-4F86-8C9F-FF2DA1076287","tpstructure":"Full","plantingspaceglobalid":"3DB1AE28-A39A-4868-94AC-8D454CF2FC1D","createddate":"2016-06-22 11:13:47.0000000","dbh":"14","planteddate":null,"updateddate":"2016-10-20 15:11:47.0000000","geometry":"POINT(-73.79778255354061 40.68839883082363)","genusspecies":"Gleditsia triacanthos var. inermis - Thornless honeylocust"}},{"type":"Feature","geometry":{"type":"Point","coordinates":[-73.79775300728913,40.68833623513776]},"properties":{"tpcondition":"Good","stumpdiameter":null,"riskratingdate":"2022-09-13 16:37:07.0000000","riskrating":"7","objectid":"3664082","globalid":"4AC5EC35-FB21-47B2-9A04-B5B726BB3CEA","tpstructure":"Full","plantingspaceglobalid":"903733B1-C411-4EF6-AF5A-AC24CF78FAF6","createddate":"2016-06-22 11:13:20.0000000","dbh":"15","planteddate":null,"updateddate":"2022-09-13 16:37:06.0000000","geometry":"POINT(-73.79775300728913 40.68833623513776)","genusspecies":"Gleditsia triacanthos var. inermis - Thornless honeylocust"}},{"type":"Feature","geometry":{"type":"Point","coordinates":[-73.79771799847617,40.68826886479331]},"properties":{"tpcondition":"Fair","stumpdiameter":null,"riskratingdate":null,"riskrating":null,"objectid":"3664083","globalid":"5A41D10C-2B7C-41D7-A7B4-EC45D8AE95F5","tpstructure":"Full","plantingspaceglobalid":"346F0AB9-5E2C-4D5F-A836-0D3DC9A9DF65","createddate":"2016-06-22 11:12:57.0000000","dbh":"10","planteddate":null,"updateddate":"2016-10-20 15:09:02.0000000","geometry":"POINT(-73.79771799847617 40.68826886479331)","genusspecies":"Gleditsia triacanthos var. inermis - Thornless honeylocust"}},{"type":"Feature","geometry":{"type":"Point","coordinates":[-73.79769778718868,40.6882247504211]},"properties":{"tpcondition":"Fair","stumpdiameter":null,"riskratingdate":null,"riskrating":null,"objectid":"3664084","globalid":"D4161B2D-4B90-4D1B-A84B-7B77953E9BF5","tpstructure":"Full","plantingspaceglobalid":"BF113E0E-D9E8-4D2C-ABD4-5DC69C63E140","createddate":"2016-06-22 11:11:21.0000000","dbh":"15","planteddate":null,"updateddate":"2016-10-20 15:11:19.0000000","geometry":"POINT(-73.79769778718868 40.6882247504211)","genusspecies":"Acer platanoides - Norway maple"}},{"type":"Feature","geometry":{"type":"Point","coordinates":[-73.79766555450574,40.68813327263901]},"properties":{"tpcondition":"Fair","stumpdiameter":null,"riskratingdate":null,"riskrating":null,"objectid":"3664085","globalid":"A96F11CB-0DD9-46B1-BA56-4F208A4B729D","tpstructure":"Full","plantingspaceglobalid":"15C87F24-3AB6-459D-9CE9-A63C1D78DB7D","createddate":"2016-06-22 11:10:21.0000000","dbh":"10","planteddate":null,"updateddate":"2016-06-22 11:10:26.0000000","geometry":"POINT(-73.79766555450574 40.68813327263901)","genusspecies":"Gleditsia triacanthos var. inermis - Thornless honeylocust"}},{"type":"Feature","geometry":{"type":"Point","coordinates":[-73.79759862422634,40.68801283302942]},"properties":{"tpcondition":"Good","stumpdiameter":null,"riskratingdate":"2020-09-24 16:07:53.0000000","riskrating":"6","objectid":"3664086","globalid":"47DD751D-A97D-4FD9-8EB4-F5D6A7527F81","tpstructure":"Full","plantingspaceglobalid":"11E9D1FD-E401-4BBA-AC43-779870130F66","createddate":"2016-06-22 11:09:22.0000000","dbh":"11","planteddate":null,"updateddate":"2020-09-24 16:07:53.0000000","geometry":"POINT(-73.79759862422634 40.68801283302942)","genusspecies":"Gleditsia triacanthos var. inermis - Thornless honeylocust"}},{"type":"Feature","geometry":{"type":"Point","coordinates":[-73.79694793427858,40.68984791202707]},"properties":{"tpcondition":"Fair","stumpdiameter":null,"riskratingdate":null,"riskrating":null,"objectid":"3664087","globalid":"59D8AC1B-BD14-4CB2-B694-308A76DC0F2D","tpstructure":"Full","plantingspaceglobalid":"06B4F0FA-8148-4853-95CD-D0AED01590AE","createddate":"2016-06-22 10:56:07.0000000","dbh":"16","planteddate":null,"updateddate":"2016-10-18 15:17:26.0000000","geometry":"POINT(-73.79694793427858 40.68984791202707)","genusspecies":"Prunus serrulata 'Green leaf' - 'Green leaf' Japanese flowering cherry"}},{"type":"Feature","geometry":{"type":"Point","coordinates":[-73.79702963205327,40.68978528881267]},"properties":{"tpcondition":"Fair","stumpdiameter":null,"riskratingdate":null,"riskrating":null,"objectid":"3664088","globalid":"21D72D5F-18C5-407E-959D-B84510476189","tpstructure":"Full","plantingspaceglobalid":"9868337E-0E15-469F-9EFF-00BAF75BAC34","createddate":"2016-06-22 10:55:29.0000000","dbh":"16","planteddate":null,"updateddate":"2016-10-18 15:18:47.0000000","geometry":"POINT(-73.79702963205327 40.68978528881267)","genusspecies":"Gleditsia triacanthos var. inermis - Thornless honeylocust"}},{"type":"Feature","geometry":{"type":"Point","coordinates":[-73.797100217282,40.689733591318905]},"properties":{"tpcondition":"Fair","stumpdiameter":null,"riskratingdate":null,"riskrating":null,"objectid":"3664089","globalid":"36477DFB-45FE-43B4-B0F2-A7348BAACAF8","tpstructure":"Full","plantingspaceglobalid":"5B463DBC-EA5D-474C-8124-CF3DBF9FCEB7","createddate":"2016-06-22 10:54:42.0000000","dbh":"7","planteddate":null,"updateddate":"2016-10-18 15:19:49.0000000","geometry":"POINT(-73.797100217282 40.689733591318905)","genusspecies":"Zelkova serrata - Japanese zelkova"}},{"type":"Feature","geometry":{"type":"Point","coordinates":[-73.79722727657727,40.689638510314126]},"properties":{"tpcondition":"Good","stumpdiameter":null,"riskratingdate":"2024-03-20 14:15:29.0000000","riskrating":"6","objectid":"3664090","globalid":"0627AA0F-A69C-4D0A-ABBE-DE5F71987B66","tpstructure":"Full","plantingspaceglobalid":"84F5D5D9-6D79-474B-B27E-DF37BFC49097","createddate":"2016-06-22 10:52:37.0000000","dbh":"12","planteddate":null,"updateddate":"2024-03-20 14:15:29.0000000","geometry":"POINT(-73.79722727657727 40.689638510314126)","genusspecies":"Gleditsia triacanthos var. inermis - Thornless honeylocust"}},{"type":"Feature","geometry":{"type":"Point","coordinates":[-73.79738371101529,40.68951838676574]},"properties":{"tpcondition":"Fair","stumpdiameter":null,"riskratingdate":null,"riskrating":null,"objectid":"3664091","globalid":"924C6DCA-2336-4A8C-A556-B02CC1F240F6","tpstructure":"Full","plantingspaceglobalid":"C8AD6B78-1EEB-414B-8569-48E65A296E37","createddate":"2016-06-22 10:48:40.0000000","dbh":"9","planteddate":null,"updateddate":"2016-06-22 10:51:47.0000000","geometry":"POINT(-73.79738371101529 40.68951838676574)","genusspecies":"Styphnolobium japonicum - Japanese pagoda tree"}},{"type":"Feature","geometry":{"type":"Point","coordinates":[-73.79748568917972,40.68943636590835]},"properties":{"tpcondition":"Good","stumpdiameter":null,"riskratingdate":"2022-07-29 15:38:44.0000000","riskrating":"8","objectid":"3664092","globalid":"7118B019-FCB3-402B-B3C0-C55C4A57E6F8","tpstructure":"Full","plantingspaceglobalid":"B7585D66-96D5-4074-BFD0-445547FA0879","createddate":"2016-06-22 10:46:20.0000000","dbh":"12","planteddate":null,"updateddate":"2022-07-29 15:38:44.0000000","geometry":"POINT(-73.79748568917972 40.68943636590835)","genusspecies":"Tilia cordata - littleleaf linden"}},{"type":"Feature","geometry":{"type":"Point","coordinates":[-73.79755278488598,40.68938890839437]},"properties":{"tpcondition":"Fair","stumpdiameter":null,"riskratingdate":null,"riskrating":null,"objectid":"3664093","globalid":"18B20300-2D58-457B-91F0-29C88A8CF467","tpstructure":"Full","plantingspaceglobalid":"95324CFB-DDD3-4D53-B2E3-DAC40B68B541","createddate":"2016-06-22 10:45:57.0000000","dbh":"11","planteddate":null,"updateddate":"2016-10-18 15:22:31.0000000","geometry":"POINT(-73.79755278488598 40.68938890839437)","genusspecies":"Zelkova serrata - Japanese zelkova"}},{"type":"Feature","geometry":{"type":"Point","coordinates":[-73.79763356328019,40.6893300806461]},"properties":{"tpcondition":"Fair","stumpdiameter":null,"riskratingdate":null,"riskrating":null,"objectid":"3664094","globalid":"7CE15C72-F49A-4589-B5C3-34B6648B020A","tpstructure":"Full","plantingspaceglobalid":"1B154286-0271-4E2B-81D6-A9DEE540373D","createddate":"2016-06-22 10:44:54.0000000","dbh":"8","planteddate":null,"updateddate":"2016-10-18 15:22:56.0000000","geometry":"POINT(-73.79763356328019 40.6893300806461)","genusspecies":"Gleditsia triacanthos var. inermis - Thornless honeylocust"}},{"type":"Feature","geometry":{"type":"Point","coordinates":[-73.79778374462191,40.68920696747214]},"properties":{"tpcondition":"Fair","stumpdiameter":null,"riskratingdate":null,"riskrating":null,"objectid":"3664095","globalid":"B9CCF6D4-426C-47AD-81F7-80618F05D5E2","tpstructure":"Full","plantingspaceglobalid":"FE2C5B21-54EF-4C33-B998-51E60125E782","createddate":"2016-06-22 10:42:29.0000000","dbh":"12","planteddate":null,"updateddate":"2016-06-22 10:42:33.0000000","geometry":"POINT(-73.79778374462191 40.68920696747214)","genusspecies":"Unknown - Unknown"}},{"type":"Feature","geometry":{"type":"Point","coordinates":[-73.7978821978609,40.68913633546868]},"properties":{"tpcondition":"Fair","stumpdiameter":null,"riskratingdate":"2023-08-04 14:50:52.0000000","riskrating":"3","objectid":"3664096","globalid":"D82FECF1-5AEB-4D19-903B-B4AA4253FF88","tpstructure":"Full","plantingspaceglobalid":"6A6728E2-9E48-49F5-ABBF-C3D7D162FBB2","createddate":"2016-06-22 10:40:58.0000000","dbh":"11","planteddate":null,"updateddate":"2023-08-04 14:50:52.0000000","geometry":"POINT(-73.7978821978609 40.68913633546868)","genusspecies":"Gleditsia triacanthos var. inermis - Thornless honeylocust"}},{"type":"Feature","geometry":{"type":"Point","coordinates":[-73.79795356812127,40.68908344770943]},"properties":{"tpcondition":"Fair","stumpdiameter":null,"riskratingdate":null,"riskrating":null,"objectid":"3664097","globalid":"E1531A5B-037F-4D5F-A602-1696C82AEE93","tpstructure":"Full","plantingspaceglobalid":"DBF8152F-A65B-48D9-AD00-760D34431068","createddate":"2016-06-22 10:40:32.0000000","dbh":"13","planteddate":null,"updateddate":"2016-10-20 15:56:21.0000000","geometry":"POINT(-73.79795356812127 40.68908344770943)","genusspecies":"Gleditsia triacanthos var. inermis - Thornless honeylocust"}},{"type":"Feature","geometry":{"type":"Point","coordinates":[-73.79802885602743,40.689028779817114]},"properties":{"tpcondition":"Fair","stumpdiameter":null,"riskratingdate":null,"riskrating":null,"objectid":"3664098","globalid":"C754013E-D8C4-4037-9E51-3ABBE032A37D","tpstructure":"Full","plantingspaceglobalid":"44E43858-6116-4081-A0FA-A20D0014C1DF","createddate":"2016-06-22 10:39:57.0000000","dbh":"10","planteddate":null,"updateddate":"2016-10-20 15:55:54.0000000","geometry":"POINT(-73.79802885602743 40.689028779817114)","genusspecies":"Zelkova serrata - Japanese zelkova"}},{"type":"Feature","geometry":{"type":"Point","coordinates":[-73.79835340405705,40.68878522102677]},"properties":{"tpcondition":"Fair","stumpdiameter":null,"riskratingdate":"2022-06-08 17:05:36.0000000","riskrating":"8","objectid":"3664099","globalid":"88CE3ABC-159A-4CF3-B56F-3BF77141B352","tpstructure":"Full","plantingspaceglobalid":"1388CCA2-0CAD-4ABC-AE67-E05A23AAC77E","createddate":"2016-06-22 10:30:58.0000000","dbh":"19","planteddate":null,"updateddate":"2022-06-08 17:05:36.0000000","geometry":"POINT(-73.79835340405705 40.68878522102677)","genusspecies":"Tilia cordata - littleleaf linden"}},{"type":"Feature","geometry":{"type":"Point","coordinates":[-73.79851574674387,40.68866577875704]},"properties":{"tpcondition":"Good","stumpdiameter":null,"riskratingdate":null,"riskrating":null,"objectid":"3664100","globalid":"67C41430-9B2A-40C8-BB34-88F0BCCA8A28","tpstructure":"Full","plantingspaceglobalid":"898B811E-8DF1-4D92-B388-944AB7361C9B","createddate":"2016-06-22 10:30:31.0000000","dbh":"18","planteddate":null,"updateddate":"2018-12-10 19:30:11.0000000","geometry":"POINT(-73.79851574674387 40.68866577875704)","genusspecies":"Tilia cordata - littleleaf linden"}},{"type":"Feature","geometry":{"type":"Point","coordinates":[-73.798591042713,40.688608132426225]},"properties":{"tpcondition":"Critical","stumpdiameter":null,"riskratingdate":"2023-05-17 12:39:00.0000000","riskrating":"10","objectid":"3664101","globalid":"E7DE7D65-308A-4F40-AB3E-3CA67DD9BB9C","tpstructure":"Stump","plantingspaceglobalid":"C0BDBB67-A010-4527-8CC9-2852FD6BBE40","createddate":"2016-06-22 10:29:00.0000000","dbh":"11","planteddate":null,"updateddate":"2023-05-17 18:18:00.0000000","geometry":"POINT(-73.798591042713 40.688608132426225)","genusspecies":"Tilia cordata - littleleaf linden"}},{"type":"Feature","geometry":{"type":"Point","coordinates":[-73.79869143089277,40.68853325557145]},"properties":{"tpcondition":"Fair","stumpdiameter":null,"riskratingdate":null,"riskrating":null,"objectid":"3664102","globalid":"2DD9FD95-83D2-4F62-822E-BCF2B18D35F7","tpstructure":"Full","plantingspaceglobalid":"C5FF181B-423B-4EB8-8EA7-FA8C264DB850","createddate":"2016-06-22 10:27:16.0000000","dbh":"11","planteddate":null,"updateddate":"2016-10-20 15:09:42.0000000","geometry":"POINT(-73.79869143089277 40.68853325557145)","genusspecies":"Tilia cordata - littleleaf linden"}},{"type":"Feature","geometry":{"type":"Point","coordinates":[-73.79877143242474,40.68847204285271]},"properties":{"tpcondition":"Dead","stumpdiameter":null,"riskratingdate":"2019-08-16 08:18:00.0000000","riskrating":"10","objectid":"3664103","globalid":"063E1E3B-D9DD-4298-932A-F19786150456","tpstructure":"Stump","plantingspaceglobalid":"1E772743-AB26-4983-9295-48711CE71B45","createddate":"2016-06-22 10:26:00.0000000","dbh":"13","planteddate":null,"updateddate":"2019-08-26 17:50:00.0000000","geometry":"POINT(-73.79877143242474 40.68847204285271)","genusspecies":"Tilia x. europaea - Common linden"}},{"type":"Feature","geometry":{"type":"Point","coordinates":[-73.79908044270655,40.68824027739123]},"properties":{"tpcondition":"Good","stumpdiameter":null,"riskratingdate":"2024-12-12 18:20:41.0000000","riskrating":"3","objectid":"3664104","globalid":"16596584-233E-4DF4-BF48-10EFCFBC2F76","tpstructure":"Full","plantingspaceglobalid":"12DEE302-15F0-48EF-A78F-D5FB807C582B","createddate":"2016-06-22 10:18:00.0000000","dbh":"19","planteddate":null,"updateddate":"2024-12-12 18:20:41.0000000","geometry":"POINT(-73.79908044270655 40.68824027739123)","genusspecies":"Tilia cordata - littleleaf linden"}},{"type":"Feature","geometry":{"type":"Point","coordinates":[-73.79917535092468,40.68816598639034]},"properties":{"tpcondition":"Poor","stumpdiameter":"17","riskratingdate":"2024-07-11 15:01:22.0000000","riskrating":"9","objectid":"3664105","globalid":"4591469C-77FD-4E4F-92A2-C8D726161CFE","tpstructure":"Stump","plantingspaceglobalid":"DAFA7362-AB8E-4569-A360-AC2D947E6EF9","createddate":"2016-06-22 10:17:18.0000000","dbh":"17","planteddate":null,"updateddate":"2024-07-12 15:21:43.0000000","geometry":"POINT(-73.79917535092468 40.68816598639034)","genusspecies":"Tilia cordata - littleleaf linden"}},{"type":"Feature","geometry":{"type":"Point","coordinates":[-73.79926509964477,40.68809941857834]},"properties":{"tpcondition":"Fair","stumpdiameter":null,"riskratingdate":null,"riskrating":null,"objectid":"3664106","globalid":"83D578A6-C84C-437E-9535-73EEC348B377","tpstructure":"Full","plantingspaceglobalid":"E41430F5-6D01-45F0-8B92-4DECFB21AF61","createddate":"2016-06-22 10:16:48.0000000","dbh":"11","planteddate":null,"updateddate":"2016-10-19 16:44:43.0000000","geometry":"POINT(-73.79926509964477 40.68809941857834)","genusspecies":"Tilia cordata - littleleaf linden"}},{"type":"Feature","geometry":{"type":"Point","coordinates":[-73.79941567454577,40.6879888893299]},"properties":{"tpcondition":"Fair","stumpdiameter":null,"riskratingdate":null,"riskrating":null,"objectid":"3664107","globalid":"CDD13ACB-3F14-4553-9561-A950DBFB063E","tpstructure":"Full","plantingspaceglobalid":"021C38EF-7992-4276-A124-35EF51D1B176","createddate":"2016-06-22 10:14:22.0000000","dbh":"9","planteddate":null,"updateddate":"2016-10-19 16:45:20.0000000","geometry":"POINT(-73.79941567454577 40.6879888893299)","genusspecies":"Tilia cordata - littleleaf linden"}},{"type":"Feature","geometry":{"type":"Point","coordinates":[-73.79949662650782,40.68792668849816]},"properties":{"tpcondition":"Fair","stumpdiameter":null,"riskratingdate":null,"riskrating":null,"objectid":"3664108","globalid":"5749AA0D-98C2-4777-9162-765954A9307E","tpstructure":"Full","plantingspaceglobalid":"717CD7D0-15D3-4F0C-BAA0-F5CC99169769","createddate":"2016-06-22 10:13:56.0000000","dbh":"9","planteddate":null,"updateddate":"2016-06-22 10:14:02.0000000","geometry":"POINT(-73.79949662650782 40.68792668849816)","genusspecies":"Tilia x. europaea - Common linden"}},{"type":"Feature","geometry":{"type":"Point","coordinates":[-73.79962665379311,40.68782783422114]},"properties":{"tpcondition":"Fair","stumpdiameter":null,"riskratingdate":null,"riskrating":null,"objectid":"3664109","globalid":"8F2C923D-B8D8-4526-9589-3E896F56F19E","tpstructure":"Full","plantingspaceglobalid":"AE4A8316-9E7A-4B82-9D79-1840ADCF1088","createddate":"2016-06-22 10:13:26.0000000","dbh":"10","planteddate":null,"updateddate":"2016-10-19 16:46:01.0000000","geometry":"POINT(-73.79962665379311 40.68782783422114)","genusspecies":"Tilia cordata - littleleaf linden"}},{"type":"Feature","geometry":{"type":"Point","coordinates":[-73.79969802305918,40.68777434952897]},"properties":{"tpcondition":"Fair","stumpdiameter":null,"riskratingdate":null,"riskrating":null,"objectid":"3664110","globalid":"46A4EF1E-C9E9-4C17-9257-294AB6C51A62","tpstructure":"Full","plantingspaceglobalid":"49745F1E-E2F4-4241-B825-882B4CB4FA0F","createddate":"2016-06-22 10:13:01.0000000","dbh":"12","planteddate":null,"updateddate":"2016-10-19 16:46:20.0000000","geometry":"POINT(-73.79969802305918 40.68777434952897)","genusspecies":"Unknown - Unknown"}},{"type":"Feature","geometry":{"type":"Point","coordinates":[-73.80131404649414,40.68670768554084]},"properties":{"tpcondition":"Fair","stumpdiameter":null,"riskratingdate":"2021-10-06 13:47:42.0000000","riskrating":"4","objectid":"3664111","globalid":"C5070FD9-A7E2-460B-9629-372D5B58A22A","tpstructure":"Full","plantingspaceglobalid":"31D7AB5D-6DE9-4E61-B476-155CF7A60CFA","createddate":"2016-06-22 10:04:49.0000000","dbh":"39","planteddate":null,"updateddate":"2021-10-06 13:47:42.0000000","geometry":"POINT(-73.80131404649414 40.68670768554084)","genusspecies":"Quercus falcata - southern red oak"}},{"type":"Feature","geometry":{"type":"Point","coordinates":[-73.8014387518613,40.68661080941342]},"properties":{"tpcondition":"Fair","stumpdiameter":null,"riskratingdate":"2021-10-06 13:47:11.0000000","riskrating":"5","objectid":"3664112","globalid":"37BEF9E4-7B2A-4116-8270-656F868E56EA","tpstructure":"Full","plantingspaceglobalid":"B4D47396-BC11-4755-A769-443ECBBA64C3","createddate":"2016-06-22 10:04:17.0000000","dbh":"33","planteddate":null,"updateddate":"2021-10-06 13:47:11.0000000","geometry":"POINT(-73.8014387518613 40.68661080941342)","genusspecies":"Quercus falcata - southern red oak"}},{"type":"Feature","geometry":{"type":"Point","coordinates":[-73.80097080894815,40.68679607924381]},"properties":{"tpcondition":"Good","stumpdiameter":null,"riskratingdate":"2023-05-13 10:14:46.0000000","riskrating":"7","objectid":"3664113","globalid":"7AAF23EC-5ABF-4C59-A62C-C50F05DFF870","tpstructure":"Full","plantingspaceglobalid":"5F23ED99-7538-43F2-8AC8-975B22E3E138","createddate":"2016-06-22 09:58:44.0000000","dbh":"32","planteddate":null,"updateddate":"2023-05-13 10:14:46.0000000","geometry":"POINT(-73.80097080894815 40.68679607924381)","genusspecies":"Quercus falcata - southern red oak"}},{"type":"Feature","geometry":{"type":"Point","coordinates":[-73.78761796941714,40.69112854912421]},"properties":{"tpcondition":"Fair","stumpdiameter":null,"riskratingdate":null,"riskrating":null,"objectid":"3664114","globalid":"7B9B9437-954F-411D-8DF9-476B9BD54BD4","tpstructure":"Full","plantingspaceglobalid":"3A010FC5-FB82-45AC-9D14-BA2592A061C1","createddate":"2016-06-22 09:57:12.0000000","dbh":"13","planteddate":null,"updateddate":"2016-06-22 09:57:18.0000000","geometry":"POINT(-73.78761796941714 40.69112854912421)","genusspecies":"Acer platanoides - Norway maple"}},{"type":"Feature","geometry":{"type":"Point","coordinates":[-73.78791540020848,40.6911088457624]},"properties":{"tpcondition":"Fair","stumpdiameter":null,"riskratingdate":null,"riskrating":null,"objectid":"3664115","globalid":"23350E28-6D47-4259-921C-3F5545A2F0EE","tpstructure":"Full","plantingspaceglobalid":"385F3DB8-2D77-4313-8DF5-369A6AF1DC1C","createddate":"2016-06-22 09:45:25.0000000","dbh":"37","planteddate":null,"updateddate":"2016-06-22 09:46:04.0000000","geometry":"POINT(-73.78791540020848 40.6911088457624)","genusspecies":"Quercus falcata - southern red oak"}},{"type":"Feature","geometry":{"type":"Point","coordinates":[-73.78825181172866,40.690818913392974]},"properties":{"tpcondition":"Fair","stumpdiameter":null,"riskratingdate":null,"riskrating":null,"objectid":"3664116","globalid":"9ADD109A-AED3-47BE-9BD0-BB76F490054A","tpstructure":"Full","plantingspaceglobalid":"E6A9E9AA-45BE-4DA6-B77D-D9B1E235B727","createddate":"2016-06-22 09:44:00.0000000","dbh":"36","planteddate":null,"updateddate":"2016-10-17 19:06:39.0000000","geometry":"POINT(-73.78825181172866 40.690818913392974)","genusspecies":"Quercus falcata - southern red oak"}},{"type":"Feature","geometry":{"type":"Point","coordinates":[-73.78842520761197,40.69067946537698]},"properties":{"tpcondition":"Fair","stumpdiameter":null,"riskratingdate":"2025-02-24 18:32:02.0000000","riskrating":"8","objectid":"3664117","globalid":"A392E52D-ED85-453B-B65D-2FEA9E0B39F2","tpstructure":"Full","plantingspaceglobalid":"49850D3A-7280-4700-A5D2-160BBE2D10B3","createddate":"2016-06-22 09:42:03.0000000","dbh":"38","planteddate":null,"updateddate":"2025-02-24 18:32:02.0000000","geometry":"POINT(-73.78842520761197 40.69067946537698)","genusspecies":"Quercus falcata - southern red oak"}},{"type":"Feature","geometry":{"type":"Point","coordinates":[-73.78856489791552,40.690496815278394]},"properties":{"tpcondition":"Fair","stumpdiameter":null,"riskratingdate":null,"riskrating":null,"objectid":"3664118","globalid":"EE0E120A-BB89-4450-8A49-8CFAF267FF86","tpstructure":"Full","plantingspaceglobalid":"3854318A-47B7-4E8F-A965-2813F8F481FF","createddate":"2016-06-22 09:41:22.0000000","dbh":"36","planteddate":null,"updateddate":"2016-06-22 09:41:27.0000000","geometry":"POINT(-73.78856489791552 40.690496815278394)","genusspecies":"Acer platanoides - Norway maple"}},{"type":"Feature","geometry":{"type":"Point","coordinates":[-73.78889003473083,40.6903758985934]},"properties":{"tpcondition":"Fair","stumpdiameter":null,"riskratingdate":null,"riskrating":null,"objectid":"3664119","globalid":"E29B13DF-004E-4331-A5EF-B58ACB1EF162","tpstructure":"Full","plantingspaceglobalid":"567315C2-6D65-4FBD-9C1B-7F53C0184523","createddate":"2016-06-22 09:40:38.0000000","dbh":"27","planteddate":null,"updateddate":"2016-06-22 09:40:42.0000000","geometry":"POINT(-73.78889003473083 40.6903758985934)","genusspecies":"Unknown - Unknown"}},{"type":"Feature","geometry":{"type":"Point","coordinates":[-73.78964915248419,40.69085878381934]},"properties":{"tpcondition":"Fair","stumpdiameter":null,"riskratingdate":null,"riskrating":null,"objectid":"3664120","globalid":"C11F4D29-813B-45AA-A94D-332F3F36051F","tpstructure":"Full","plantingspaceglobalid":"5EC14B12-268C-4E1B-8597-226D2C3D31E1","createddate":"2016-06-22 09:35:05.0000000","dbh":"23","planteddate":null,"updateddate":"2016-10-17 19:01:03.0000000","geometry":"POINT(-73.78964915248419 40.69085878381934)","genusspecies":"Platanus x acerifolia - London planetree"}},{"type":"Feature","geometry":{"type":"Point","coordinates":[-73.79026944135295,40.691699465528046]},"properties":{"tpcondition":"Good","stumpdiameter":null,"riskratingdate":"2025-06-02 15:48:52.0000000","riskrating":"8","objectid":"3664121","globalid":"50D06191-1098-4990-AA3D-0ECC0E73DD4C","tpstructure":"Full","plantingspaceglobalid":"35762B12-DA47-40C0-A266-CDD72702EB3C","createddate":"2016-06-22 09:31:56.0000000","dbh":"11","planteddate":null,"updateddate":"2025-06-02 15:48:52.0000000","geometry":"POINT(-73.79026944135295 40.691699465528046)","genusspecies":"Tilia x. europaea - Common linden"}},{"type":"Feature","geometry":{"type":"Point","coordinates":[-73.79031889438319,40.691580638174244]},"properties":{"tpcondition":"Good","stumpdiameter":null,"riskratingdate":"2024-05-29 15:33:48.0000000","riskrating":"6","objectid":"3664122","globalid":"CDC63188-7DBE-4769-B45A-E23D7F03A226","tpstructure":"Full","plantingspaceglobalid":"BEE8B052-2F65-4BD2-9075-128C21FEE144","createddate":"2016-06-22 09:30:49.0000000","dbh":"14","planteddate":null,"updateddate":"2024-05-29 15:33:48.0000000","geometry":"POINT(-73.79031889438319 40.691580638174244)","genusspecies":"Tilia x. europaea - Common linden"}},{"type":"Feature","geometry":{"type":"Point","coordinates":[-73.79054172411745,40.691879952464916]},"properties":{"tpcondition":"Fair","stumpdiameter":null,"riskratingdate":null,"riskrating":null,"objectid":"3664123","globalid":"F9CBCDB4-96C1-4C95-86E0-18DBAE4D135E","tpstructure":"Full","plantingspaceglobalid":"907AE009-8665-44EB-A38B-600B31B4A35C","createddate":"2016-06-22 09:28:33.0000000","dbh":"4","planteddate":null,"updateddate":"2016-10-12 20:04:41.0000000","geometry":"POINT(-73.79054172411745 40.691879952464916)","genusspecies":"Acer platanoides - Norway maple"}},{"type":"Feature","geometry":{"type":"Point","coordinates":[-73.79057055346264,40.6919199134182]},"properties":{"tpcondition":"Fair","stumpdiameter":null,"riskratingdate":null,"riskrating":null,"objectid":"3664124","globalid":"60F9D73D-D7D9-4C6F-A909-44BD7C3C7D72","tpstructure":"Full","plantingspaceglobalid":"02AB7D6C-536B-4926-B7DC-12AF54621D96","createddate":"2016-06-22 09:28:08.0000000","dbh":"4","planteddate":null,"updateddate":"2016-10-12 20:05:21.0000000","geometry":"POINT(-73.79057055346264 40.6919199134182)","genusspecies":"Acer platanoides - Norway maple"}},{"type":"Feature","geometry":{"type":"Point","coordinates":[-73.79062084370881,40.69199129536141]},"properties":{"tpcondition":"Fair","stumpdiameter":null,"riskratingdate":null,"riskrating":null,"objectid":"3664125","globalid":"4A471945-EA50-41FF-BFE4-822BAC081F6E","tpstructure":"Full","plantingspaceglobalid":"4BC16A60-ACD3-4BD8-9095-9E5ECA0F87B4","createddate":"2016-06-22 09:27:25.0000000","dbh":"3","planteddate":null,"updateddate":"2016-06-22 09:27:30.0000000","geometry":"POINT(-73.79062084370881 40.69199129536141)","genusspecies":"Ginkgo biloba - maidenhair tree"}},{"type":"Feature","geometry":{"type":"Point","coordinates":[-73.78960705206327,40.692767236721174]},"properties":{"tpcondition":"Good","stumpdiameter":null,"riskratingdate":"2025-07-21 14:34:05.0000000","riskrating":"6","objectid":"3664126","globalid":"C4CB5EC0-0555-432E-A660-22193BC1B2A9","tpstructure":"Full","plantingspaceglobalid":"637D54DA-FFEC-49C6-8FE1-B486A7FDE0FE","createddate":"2016-06-22 09:22:46.0000000","dbh":"26","planteddate":null,"updateddate":"2025-07-21 14:34:05.0000000","geometry":"POINT(-73.78960705206327 40.692767236721174)","genusspecies":"Platanus x acerifolia - London planetree"}},{"type":"Feature","geometry":{"type":"Point","coordinates":[-73.78912041522545,40.69210873065813]},"properties":{"tpcondition":"Fair","stumpdiameter":null,"riskratingdate":null,"riskrating":null,"objectid":"3664127","globalid":"FFC4FA13-35D8-4555-A690-BA3EF1F5F62F","tpstructure":"Full","plantingspaceglobalid":"53344D53-3DF6-42A5-9388-A7E45EBC7599","createddate":"2016-06-22 09:18:58.0000000","dbh":"3","planteddate":null,"updateddate":"2016-06-22 09:19:02.0000000","geometry":"POINT(-73.78912041522545 40.69210873065813)","genusspecies":"Prunus serrulata 'Green leaf' - 'Green leaf' Japanese flowering cherry"}},{"type":"Feature","geometry":{"type":"Point","coordinates":[-73.78907145285416,40.69203105065607]},"properties":{"tpcondition":"Fair","stumpdiameter":null,"riskratingdate":null,"riskrating":null,"objectid":"3664128","globalid":"2F159C9E-909B-417D-AC46-443CBDAF1C4A","tpstructure":"Full","plantingspaceglobalid":"AF53F39E-1AF1-4004-A7AA-4BCAA96083D8","createddate":"2016-06-22 09:17:27.0000000","dbh":"3","planteddate":null,"updateddate":"2016-10-18 14:45:05.0000000","geometry":"POINT(-73.78907145285416 40.69203105065607)","genusspecies":"Prunus serrulata 'Green leaf' - 'Green leaf' Japanese flowering cherry"}},{"type":"Feature","geometry":{"type":"Point","coordinates":[-73.78900827716578,40.69194851948526]},"properties":{"tpcondition":"Fair","stumpdiameter":null,"riskratingdate":null,"riskrating":null,"objectid":"3664129","globalid":"10B9E920-03D4-4EF3-B7DC-A466401C6EDB","tpstructure":"Full","plantingspaceglobalid":"8D0DE05F-0251-49B4-958C-631E810A5BB2","createddate":"2016-06-22 09:13:27.0000000","dbh":"3","planteddate":null,"updateddate":"2016-10-17 19:35:37.0000000","geometry":"POINT(-73.78900827716578 40.69194851948526)","genusspecies":"Prunus serrulata 'Green leaf' - 'Green leaf' Japanese flowering cherry"}},{"type":"Feature","geometry":{"type":"Point","coordinates":[-73.78892085470895,40.69186414655177]},"properties":{"tpcondition":"Fair","stumpdiameter":null,"riskratingdate":null,"riskrating":null,"objectid":"3664130","globalid":"15F085D3-1645-47DC-AFB1-1AD81F41D24E","tpstructure":"Full","plantingspaceglobalid":"C26CD9EB-34C4-48D7-80D2-F655B6CDBD5C","createddate":"2016-06-22 09:12:30.0000000","dbh":"3","planteddate":null,"updateddate":"2016-06-22 09:12:36.0000000","geometry":"POINT(-73.78892085470895 40.69186414655177)","genusspecies":"Prunus serrulata 'Green leaf' - 'Green leaf' Japanese flowering cherry"}},{"type":"Feature","geometry":{"type":"Point","coordinates":[-73.78896164284075,40.691636205282855]},"properties":{"tpcondition":"Fair","stumpdiameter":null,"riskratingdate":null,"riskrating":null,"objectid":"3664131","globalid":"26EE9634-55C9-4B90-B807-F90FF1985B71","tpstructure":"Full","plantingspaceglobalid":"8492A207-67AA-4823-8795-845A777A82A8","createddate":"2016-06-22 09:11:29.0000000","dbh":"30","planteddate":null,"updateddate":"2016-06-22 09:11:33.0000000","geometry":"POINT(-73.78896164284075 40.691636205282855)","genusspecies":"Unknown - Unknown"}},{"type":"Feature","geometry":{"type":"Point","coordinates":[-73.78893048465628,40.69159087875882]},"properties":{"tpcondition":"Fair","stumpdiameter":null,"riskratingdate":"2022-11-01 12:18:11.0000000","riskrating":"6","objectid":"3664132","globalid":"A424D060-8B89-4BAE-AE9B-7FF626D0F9EF","tpstructure":"Full","plantingspaceglobalid":"8879D048-0173-4264-AC3C-32B3F89ED8A0","createddate":"2016-06-22 09:08:47.0000000","dbh":"30","planteddate":null,"updateddate":"2022-11-01 12:18:11.0000000","geometry":"POINT(-73.78893048465628 40.69159087875882)","genusspecies":"Quercus falcata - southern red oak"}},{"type":"Feature","geometry":{"type":"Point","coordinates":[-73.78870495192974,40.69164049989618]},"properties":{"tpcondition":"Fair","stumpdiameter":null,"riskratingdate":null,"riskrating":null,"objectid":"3664133","globalid":"F610129A-9CDC-4F0B-B45F-6C8F08B61DE6","tpstructure":"Full","plantingspaceglobalid":"0A5DDE04-6969-4604-A08A-64638BB7530D","createddate":"2016-06-22 09:08:12.0000000","dbh":"7","planteddate":null,"updateddate":"2016-06-22 09:08:16.0000000","geometry":"POINT(-73.78870495192974 40.69164049989618)","genusspecies":"Unknown - Unknown"}},{"type":"Feature","geometry":{"type":"Point","coordinates":[-73.78866749148943,40.69160826575335]},"properties":{"tpcondition":"Fair","stumpdiameter":null,"riskratingdate":null,"riskrating":null,"objectid":"3664134","globalid":"DE241134-F8FD-4EC9-83EC-E5E4D616D180","tpstructure":"Full","plantingspaceglobalid":"22E9FD5A-94E2-419E-8D5A-C80D2CC54243","createddate":"2016-06-22 09:07:17.0000000","dbh":"11","planteddate":null,"updateddate":"2016-06-22 09:07:29.0000000","geometry":"POINT(-73.78866749148943 40.69160826575335)","genusspecies":"Unknown - Unknown"}},{"type":"Feature","geometry":{"type":"Point","coordinates":[-73.787875065835,40.6916757995413]},"properties":{"tpcondition":"Fair","stumpdiameter":null,"riskratingdate":null,"riskrating":null,"objectid":"3664135","globalid":"889306B0-EE57-4E05-9795-A6050F6FA8B6","tpstructure":"Full","plantingspaceglobalid":"AFC2B031-904F-4804-95AB-6FA3A72FFCE0","createddate":"2016-06-22 08:55:04.0000000","dbh":"18","planteddate":null,"updateddate":"2016-10-17 19:45:13.0000000","geometry":"POINT(-73.787875065835 40.6916757995413)","genusspecies":"Platanus x acerifolia - London planetree"}},{"type":"Feature","geometry":{"type":"Point","coordinates":[-73.78861532404116,40.69138521111296]},"properties":{"tpcondition":"Good","stumpdiameter":null,"riskratingdate":"2022-07-08 16:49:04.0000000","riskrating":"6","objectid":"3664136","globalid":"FBB53903-11EE-4F29-88D7-E616F1058831","tpstructure":"Full","plantingspaceglobalid":"6ECF3DAB-F7FD-4AD5-8270-6C27C055E158","createddate":"2016-06-22 08:54:10.0000000","dbh":"19","planteddate":null,"updateddate":"2022-07-08 16:49:04.0000000","geometry":"POINT(-73.78861532404116 40.69138521111296)","genusspecies":"Platanus x acerifolia - London planetree"}},{"type":"Feature","geometry":{"type":"Point","coordinates":[-73.78897626724057,40.69141670996255]},"properties":{"tpcondition":"Dead","stumpdiameter":"36","riskratingdate":"2023-02-01 16:41:00.0000000","riskrating":"8","objectid":"3664137","globalid":"5331D904-B88D-490D-A1D2-1B5EEFC6528C","tpstructure":"Full","plantingspaceglobalid":"9A98AB27-9D34-4EFB-BEBE-5266576A2CEA","createddate":"2016-06-22 08:53:00.0000000","dbh":"10","planteddate":null,"updateddate":"2025-09-23 17:51:00.0000000","geometry":"POINT(-73.78897626724057 40.69141670996255)","genusspecies":"Morus - mulberry"}},{"type":"Feature","geometry":{"type":"Point","coordinates":[-73.78919319192619,40.69112187813647]},"properties":{"tpcondition":"Fair","stumpdiameter":null,"riskratingdate":null,"riskrating":null,"objectid":"3664138","globalid":"56828750-CD0B-49F9-83DC-37A8DEBB6213","tpstructure":"Full","plantingspaceglobalid":"ECFD5CDE-7842-457E-A29A-FAA341BDEBD2","createddate":"2016-06-22 08:50:27.0000000","dbh":"19","planteddate":null,"updateddate":"2016-10-17 19:04:09.0000000","geometry":"POINT(-73.78919319192619 40.69112187813647)","genusspecies":"Platanus x acerifolia - London planetree"}},{"type":"Feature","geometry":{"type":"Point","coordinates":[-73.7894167332514,40.69102800830313]},"properties":{"tpcondition":"Good","stumpdiameter":null,"riskratingdate":"2020-07-22 14:27:37.0000000","riskrating":"4","objectid":"3664139","globalid":"46D339AC-4B30-4A66-A824-9A53D52C2622","tpstructure":"Full","plantingspaceglobalid":"0C8A4FE3-E33C-4B23-845B-6D3F0BA301B9","createddate":"2016-06-22 08:46:21.0000000","dbh":"24","planteddate":null,"updateddate":"2020-07-22 14:27:37.0000000","geometry":"POINT(-73.7894167332514 40.69102800830313)","genusspecies":"Platanus x acerifolia - London planetree"}},{"type":"Feature","geometry":{"type":"Point","coordinates":[-73.78955129894771,40.69096885461948]},"properties":{"tpcondition":"Fair","stumpdiameter":null,"riskratingdate":null,"riskrating":null,"objectid":"3664140","globalid":"676728E7-0110-4391-BCA3-C5436C2BC934","tpstructure":"Full","plantingspaceglobalid":"2CBB5164-0F25-4E5B-9DC3-AD0F9DD3F948","createddate":"2016-06-22 08:45:34.0000000","dbh":"25","planteddate":null,"updateddate":"2016-10-17 19:04:37.0000000","geometry":"POINT(-73.78955129894771 40.69096885461948)","genusspecies":"Platanus x acerifolia - London planetree"}},{"type":"Feature","geometry":{"type":"Point","coordinates":[-73.79311251882503,40.68964327488269]},"properties":{"tpcondition":"Good","stumpdiameter":null,"riskratingdate":"2021-09-16 16:32:09.0000000","riskrating":"5","objectid":"3664141","globalid":"6CCF589A-43D9-40C8-A07D-CC76C433B791","tpstructure":"Full","plantingspaceglobalid":"58B7251A-4C8B-423F-A7EA-2318B5D90ED9","createddate":"2016-06-22 08:30:15.0000000","dbh":"24","planteddate":null,"updateddate":"2021-09-16 16:32:09.0000000","geometry":"POINT(-73.79311251882503 40.68964327488269)","genusspecies":"Platanus x acerifolia - London planetree"}},{"type":"Feature","geometry":{"type":"Point","coordinates":[-73.79320133200922,40.689616446489865]},"properties":{"tpcondition":"Fair","stumpdiameter":null,"riskratingdate":null,"riskrating":null,"objectid":"3664142","globalid":"4FCEAD32-C1FC-4B2B-9AB0-B47B7B46D41F","tpstructure":"Retired","plantingspaceglobalid":"A3FF5485-F7E0-4D4B-9596-9B5D95389DDD","createddate":"2016-06-22 08:27:48.0000000","dbh":"18","planteddate":null,"updateddate":"2021-09-16 14:08:33.0000000","geometry":"POINT(-73.79320133200922 40.689616446489865)","genusspecies":"Platanus x acerifolia - London planetree"}},{"type":"Feature","geometry":{"type":"Point","coordinates":[-73.79341940535977,40.68952923286931]},"properties":{"tpcondition":"Poor","stumpdiameter":null,"riskratingdate":"2024-09-13 12:32:49.0000000","riskrating":"8","objectid":"3664143","globalid":"8559E8F0-9A2C-4E62-9A03-9DB686B79BA3","tpstructure":"Full","plantingspaceglobalid":"C755C35C-F2F4-4353-85BD-CB5403E68DB8","createddate":"2016-06-22 08:25:34.0000000","dbh":"14","planteddate":null,"updateddate":"2024-09-13 12:32:49.0000000","geometry":"POINT(-73.79341940535977 40.68952923286931)","genusspecies":"Acer platanoides - Norway maple"}},{"type":"Feature","geometry":{"type":"Point","coordinates":[-74.21209501379536,40.52908556482666]},"properties":{"tpcondition":"Fair","stumpdiameter":null,"riskratingdate":"2024-07-30 14:34:18.0000000","riskrating":"6","objectid":"3664144","globalid":"7F1421F9-1915-432E-847B-CA3DD9E96440","tpstructure":"Full","plantingspaceglobalid":"DBE9CF50-7948-433E-88DC-566119602EB4","createddate":"2016-06-22 09:43:25.0000000","dbh":"6","planteddate":null,"updateddate":"2024-07-30 14:34:18.0000000","geometry":"POINT(-74.21209501379536 40.52908556482666)","genusspecies":"Pyrus calleryana - Callery pear"}},{"type":"Feature","geometry":{"type":"Point","coordinates":[-74.2160443357128,40.52722948165593]},"properties":{"tpcondition":"Dead","stumpdiameter":null,"riskratingdate":null,"riskrating":null,"objectid":"3664145","globalid":"8AE5C10E-D396-48A3-9CDE-0DFB44BAF0F6","tpstructure":"Retired","plantingspaceglobalid":"0B6D939C-396F-413B-9240-56F7A051E231","createddate":"2016-06-22 07:52:11.0000000","dbh":"25","planteddate":null,"updateddate":"2024-03-24 17:30:42.0000000","geometry":"POINT(-74.2160443357128 40.52722948165593)","genusspecies":"Acer saccharinum - silver maple"}},{"type":"Feature","geometry":{"type":"Point","coordinates":[-74.21606243349488,40.52727412302183]},"properties":{"tpcondition":"Dead","stumpdiameter":"26","riskratingdate":"2024-03-24 17:31:00.0000000","riskrating":"7","objectid":"3664146","globalid":"D9900A1D-926A-4ECE-A864-39D3AFAC8D9A","tpstructure":"Stump","plantingspaceglobalid":"3E1B1E49-5AA5-43E2-9326-44FCAED3A493","createddate":"2016-06-22 07:50:00.0000000","dbh":null,"planteddate":null,"updateddate":"2024-05-07 14:23:41.0000000","geometry":"POINT(-74.21606243349488 40.52727412302183)","genusspecies":"Acer saccharinum - silver maple"}},{"type":"Feature","geometry":{"type":"Point","coordinates":[-74.21563702012537,40.526551623706396]},"properties":{"tpcondition":"Good","stumpdiameter":null,"riskratingdate":"2025-07-31 14:39:07.0000000","riskrating":"4","objectid":"3664147","globalid":"85BA622A-9906-4503-8C90-CE9BB67F0C66","tpstructure":"Full","plantingspaceglobalid":"3D08629B-11B1-4A9B-A6CE-36E0FFE6DE62","createddate":"2016-06-21 13:55:57.0000000","dbh":"34","planteddate":null,"updateddate":"2025-07-31 14:39:07.0000000","geometry":"POINT(-74.21563702012537 40.526551623706396)","genusspecies":"Quercus palustris - pin oak"}},{"type":"Feature","geometry":{"type":"Point","coordinates":[-74.21519712422196,40.52666800794745]},"properties":{"tpcondition":"Good","stumpdiameter":null,"riskratingdate":null,"riskrating":null,"objectid":"3664148","globalid":"BCF68F09-4518-4EA1-AD29-D3FDC7C04753","tpstructure":"Full","plantingspaceglobalid":"1839E642-E2AD-45A7-B828-9F50BBF24CAF","createddate":"2016-06-21 13:53:07.0000000","dbh":"17","planteddate":null,"updateddate":"2016-06-21 13:53:14.0000000","geometry":"POINT(-74.21519712422196 40.52666800794745)","genusspecies":"Liquidambar styraciflua - sweetgum"}},{"type":"Feature","geometry":{"type":"Point","coordinates":[-74.21526078295553,40.52655828666335]},"properties":{"tpcondition":"Good","stumpdiameter":null,"riskratingdate":null,"riskrating":null,"objectid":"3664149","globalid":"0C20196B-3FAC-4A25-89F8-98FF593D7BFC","tpstructure":"Full","plantingspaceglobalid":"494FB688-A163-4A67-A581-07E335EEE08E","createddate":"2016-06-21 13:49:01.0000000","dbh":"6","planteddate":null,"updateddate":"2016-06-21 13:49:10.0000000","geometry":"POINT(-74.21526078295553 40.52655828666335)","genusspecies":"Ginkgo biloba - maidenhair tree"}},{"type":"Feature","geometry":{"type":"Point","coordinates":[-74.21533721408792,40.526536699386824]},"properties":{"tpcondition":"Good","stumpdiameter":null,"riskratingdate":null,"riskrating":null,"objectid":"3664150","globalid":"11E7624C-54D5-4201-B015-3DAEFBE1B66D","tpstructure":"Full","plantingspaceglobalid":"82B449BF-198C-4B64-9E86-25C6158D6BC5","createddate":"2016-06-21 13:46:44.0000000","dbh":"11","planteddate":null,"updateddate":"2016-06-21 13:46:53.0000000","geometry":"POINT(-74.21533721408792 40.526536699386824)","genusspecies":"Acer platanoides - Norway maple"}},{"type":"Feature","geometry":{"type":"Point","coordinates":[-74.21542456587233,40.52651270871671]},"properties":{"tpcondition":"Good","stumpdiameter":null,"riskratingdate":null,"riskrating":null,"objectid":"3664151","globalid":"B3C3933E-82E5-4782-A9AF-8BF750A282CB","tpstructure":"Full","plantingspaceglobalid":"FDB939CA-1FFC-4142-8789-F5D35ADFFFC3","createddate":"2016-06-21 13:44:46.0000000","dbh":"7","planteddate":null,"updateddate":"2016-06-21 13:44:53.0000000","geometry":"POINT(-74.21542456587233 40.52651270871671)","genusspecies":"Ginkgo biloba - maidenhair tree"}},{"type":"Feature","geometry":{"type":"Point","coordinates":[-74.21554621142516,40.526471975933525]},"properties":{"tpcondition":"Good","stumpdiameter":null,"riskratingdate":null,"riskrating":null,"objectid":"3664152","globalid":"F437E3EC-5DF7-4E08-A999-BC9181420F6B","tpstructure":"Full","plantingspaceglobalid":"A1B0E974-6502-483B-9CAC-799167E638B6","createddate":"2016-06-21 13:40:32.0000000","dbh":"11","planteddate":null,"updateddate":"2016-08-02 13:30:58.0000000","geometry":"POINT(-74.21554621142516 40.526471975933525)","genusspecies":"Acer platanoides - Norway maple"}},{"type":"Feature","geometry":{"type":"Point","coordinates":[-74.21558308927479,40.526288441556304]},"properties":{"tpcondition":"Good","stumpdiameter":null,"riskratingdate":null,"riskrating":null,"objectid":"3664153","globalid":"E3FB2E34-F1B5-4100-B865-A610B31606B4","tpstructure":"Full","plantingspaceglobalid":"C94A1037-2D1E-4C9F-9BB1-66DA68D8AA3B","createddate":"2016-06-21 13:38:02.0000000","dbh":"25","planteddate":null,"updateddate":"2016-08-02 13:28:59.0000000","geometry":"POINT(-74.21558308927479 40.526288441556304)","genusspecies":"Quercus palustris - pin oak"}},{"type":"Feature","geometry":{"type":"Point","coordinates":[-74.21555455689843,40.52615506698988]},"properties":{"tpcondition":"Good","stumpdiameter":null,"riskratingdate":null,"riskrating":null,"objectid":"3664154","globalid":"A20BB520-5752-42B9-8484-29CDAA86AD46","tpstructure":"Full","plantingspaceglobalid":"E5481254-DED1-4650-B169-A0888E9AB5BE","createddate":"2016-06-21 13:36:13.0000000","dbh":"41","planteddate":null,"updateddate":"2016-06-21 13:42:50.0000000","geometry":"POINT(-74.21555455689843 40.52615506698988)","genusspecies":"Platanus x acerifolia - London planetree"}},{"type":"Feature","geometry":{"type":"Point","coordinates":[-74.21565968014357,40.52438098278511]},"properties":{"tpcondition":"Good","stumpdiameter":null,"riskratingdate":null,"riskrating":null,"objectid":"3664155","globalid":"2FE21965-BE3A-48E7-88FB-AB29B086F7EC","tpstructure":"Full","plantingspaceglobalid":"1B6974A2-45C7-4E92-813D-CDC5901762AF","createddate":"2016-06-21 13:13:43.0000000","dbh":"8","planteddate":null,"updateddate":"2016-06-21 13:13:50.0000000","geometry":"POINT(-74.21565968014357 40.52438098278511)","genusspecies":"Acer platanoides - Norway maple"}},{"type":"Feature","geometry":{"type":"Point","coordinates":[-74.21565175942511,40.524345257774215]},"properties":{"tpcondition":"Good","stumpdiameter":null,"riskratingdate":null,"riskrating":null,"objectid":"3664156","globalid":"D7F5573C-2A8E-47FE-9C04-0C91111B7506","tpstructure":"Full","plantingspaceglobalid":"07C0B71E-6F3A-4ED7-9458-46B2A46A8F2D","createddate":"2016-06-21 13:12:06.0000000","dbh":"8","planteddate":null,"updateddate":"2016-06-21 13:12:17.0000000","geometry":"POINT(-74.21565175942511 40.524345257774215)","genusspecies":"Acer platanoides - Norway maple"}},{"type":"Feature","geometry":{"type":"Point","coordinates":[-74.21566102199282,40.524313074470776]},"properties":{"tpcondition":"Good","stumpdiameter":null,"riskratingdate":null,"riskrating":null,"objectid":"3664157","globalid":"48C14E4D-2F80-4F89-BEDC-21360E0FEB21","tpstructure":"Full","plantingspaceglobalid":"BA87C5C6-3FCE-497D-B385-EEA49B35B8EC","createddate":"2016-06-21 13:10:00.0000000","dbh":"6","planteddate":null,"updateddate":"2016-06-21 13:10:09.0000000","geometry":"POINT(-74.21566102199282 40.524313074470776)","genusspecies":"Acer platanoides - Norway maple"}},{"type":"Feature","geometry":{"type":"Point","coordinates":[-74.21565608552915,40.524234456555476]},"properties":{"tpcondition":"Good","stumpdiameter":null,"riskratingdate":null,"riskrating":null,"objectid":"3664158","globalid":"701D7026-F088-49E5-A048-092356C43622","tpstructure":"Full","plantingspaceglobalid":"8ADDC1A3-5E8C-481F-9E47-9DD8EBB2CBA7","createddate":"2016-06-21 13:07:17.0000000","dbh":"20","planteddate":null,"updateddate":"2016-08-02 13:14:14.0000000","geometry":"POINT(-74.21565608552915 40.524234456555476)","genusspecies":"Quercus palustris - pin oak"}},{"type":"Feature","geometry":{"type":"Point","coordinates":[-74.21565582801662,40.52415463813845]},"properties":{"tpcondition":"Good","stumpdiameter":null,"riskratingdate":null,"riskrating":null,"objectid":"3664159","globalid":"148CDB3D-2C57-4EA6-A191-CB5E96958AC1","tpstructure":"Full","plantingspaceglobalid":"8BAA3257-ED85-4487-A265-CF1857254D30","createddate":"2016-06-21 13:05:08.0000000","dbh":"16","planteddate":null,"updateddate":"2016-06-21 13:05:18.0000000","geometry":"POINT(-74.21565582801662 40.52415463813845)","genusspecies":"Acer platanoides - Norway maple"}},{"type":"Feature","geometry":{"type":"Point","coordinates":[-74.21471418117378,40.52560832457587]},"properties":{"tpcondition":"Good","stumpdiameter":null,"riskratingdate":null,"riskrating":null,"objectid":"3664160","globalid":"FD1F62D2-9B02-44BC-9E08-97E4D478C014","tpstructure":"Full","plantingspaceglobalid":"CAB8A79E-62D3-44FD-8862-80B8B66932A3","createddate":"2016-06-21 12:08:49.0000000","dbh":"9","planteddate":null,"updateddate":"2016-06-21 12:08:58.0000000","geometry":"POINT(-74.21471418117378 40.52560832457587)","genusspecies":"Prunus serrulata 'Green leaf' - 'Green leaf' Japanese flowering cherry"}},{"type":"Feature","geometry":{"type":"Point","coordinates":[-74.21480626920264,40.52560100489022]},"properties":{"tpcondition":"Good","stumpdiameter":null,"riskratingdate":null,"riskrating":null,"objectid":"3664161","globalid":"FD5E8CED-C9EA-4B66-AE0B-811090125DB0","tpstructure":"Full","plantingspaceglobalid":"AC12610F-BEF4-4B80-B0C0-B4D0F9AF835C","createddate":"2016-06-21 12:07:10.0000000","dbh":"10","planteddate":null,"updateddate":"2016-06-21 12:07:17.0000000","geometry":"POINT(-74.21480626920264 40.52560100489022)","genusspecies":"Prunus serrulata 'Green leaf' - 'Green leaf' Japanese flowering cherry"}},{"type":"Feature","geometry":{"type":"Point","coordinates":[-74.21499044594557,40.525586364152275]},"properties":{"tpcondition":"Good","stumpdiameter":null,"riskratingdate":null,"riskrating":null,"objectid":"3664162","globalid":"87E3144B-9678-4F3F-91D1-5CECF38AE6AE","tpstructure":"Full","plantingspaceglobalid":"9A5F8E35-F0EC-45A4-A3A7-6C6BBADD4E5A","createddate":"2016-06-21 12:00:59.0000000","dbh":"10","planteddate":null,"updateddate":"2016-06-21 12:01:08.0000000","geometry":"POINT(-74.21499044594557 40.525586364152275)","genusspecies":"Prunus serrulata 'Green leaf' - 'Green leaf' Japanese flowering cherry"}},{"type":"Feature","geometry":{"type":"Point","coordinates":[-74.21348184796487,40.524953010741854]},"properties":{"tpcondition":"Good","stumpdiameter":null,"riskratingdate":null,"riskrating":null,"objectid":"3664163","globalid":"D41A990C-7377-4C89-BE96-3128422EFDC9","tpstructure":"Full","plantingspaceglobalid":"4B4C2079-D673-4A5D-93BC-8EC97C420B8C","createddate":"2016-06-21 11:49:15.0000000","dbh":"11","planteddate":null,"updateddate":"2016-06-21 11:49:25.0000000","geometry":"POINT(-74.21348184796487 40.524953010741854)","genusspecies":"Pyrus calleryana - Callery pear"}},{"type":"Feature","geometry":{"type":"Point","coordinates":[-74.21348361892481,40.52501853038467]},"properties":{"tpcondition":"Good","stumpdiameter":null,"riskratingdate":null,"riskrating":null,"objectid":"3664164","globalid":"873B0B64-5C1B-4AAC-B17A-043245AE845F","tpstructure":"Full","plantingspaceglobalid":"144B2A23-8595-4034-AECA-8BA5E1E77C8D","createddate":"2016-06-21 11:47:44.0000000","dbh":"11","planteddate":null,"updateddate":"2016-06-21 11:47:54.0000000","geometry":"POINT(-74.21348361892481 40.52501853038467)","genusspecies":"Pyrus calleryana - Callery pear"}},{"type":"Feature","geometry":{"type":"Point","coordinates":[-74.2134912560371,40.525082407663156]},"properties":{"tpcondition":"Good","stumpdiameter":null,"riskratingdate":null,"riskrating":null,"objectid":"3664165","globalid":"6C1488D0-C948-4EAC-BF79-06C33592F5B0","tpstructure":"Full","plantingspaceglobalid":"92BFFB2D-BDA0-468C-A64A-00A7E65111D2","createddate":"2016-06-21 11:35:16.0000000","dbh":"12","planteddate":null,"updateddate":"2016-06-21 11:35:23.0000000","geometry":"POINT(-74.2134912560371 40.525082407663156)","genusspecies":"Pyrus calleryana - Callery pear"}},{"type":"Feature","geometry":{"type":"Point","coordinates":[-74.2115139451826,40.52466917795454]},"properties":{"tpcondition":"Fair","stumpdiameter":null,"riskratingdate":"2024-08-12 14:57:49.0000000","riskrating":"6","objectid":"3664166","globalid":"BDAF52A1-793B-49B6-996C-05CEABD68476","tpstructure":"Full","plantingspaceglobalid":"DB58F759-FA84-4374-A569-548891BBDCE0","createddate":"2016-06-21 10:12:39.0000000","dbh":"8","planteddate":null,"updateddate":"2024-08-12 14:57:49.0000000","geometry":"POINT(-74.2115139451826 40.52466917795454)","genusspecies":"Pyrus calleryana - Callery pear"}},{"type":"Feature","geometry":{"type":"Point","coordinates":[-74.21150598329656,40.52461975263909]},"properties":{"tpcondition":"Fair","stumpdiameter":null,"riskratingdate":"2024-08-12 14:58:32.0000000","riskrating":"6","objectid":"3664167","globalid":"4F11F9ED-3ABB-419E-8259-290E6F0FD462","tpstructure":"Full","plantingspaceglobalid":"358EF6AB-73D5-4B62-82C7-E4E9B7790CF5","createddate":"2016-06-21 10:11:01.0000000","dbh":"7","planteddate":null,"updateddate":"2024-08-12 14:58:32.0000000","geometry":"POINT(-74.21150598329656 40.52461975263909)","genusspecies":"Pyrus calleryana - Callery pear"}},{"type":"Feature","geometry":{"type":"Point","coordinates":[-74.21149088978743,40.524536982853505]},"properties":{"tpcondition":"Good","stumpdiameter":null,"riskratingdate":"2024-08-12 17:47:06.0000000","riskrating":"6","objectid":"3664168","globalid":"A01B01AA-AF60-4CAB-9683-43F2565A5193","tpstructure":"Full","plantingspaceglobalid":"E58F67D7-919B-4E94-BAC9-D431CC1960D2","createddate":"2016-06-21 10:08:53.0000000","dbh":"7","planteddate":null,"updateddate":"2024-08-12 17:47:06.0000000","geometry":"POINT(-74.21149088978743 40.524536982853505)","genusspecies":"Pyrus calleryana - Callery pear"}},{"type":"Feature","geometry":{"type":"Point","coordinates":[-74.21148996893851,40.524491075664905]},"properties":{"tpcondition":"Good","stumpdiameter":null,"riskratingdate":null,"riskrating":null,"objectid":"3664169","globalid":"53675A87-AB5B-47A5-908B-329FAD532C99","tpstructure":"Full","plantingspaceglobalid":"89A32D1E-CFA1-4901-9914-29DF4302C81F","createddate":"2016-06-21 10:07:29.0000000","dbh":"27","planteddate":null,"updateddate":"2016-06-21 10:07:38.0000000","geometry":"POINT(-74.21148996893851 40.524491075664905)","genusspecies":"Quercus palustris - pin oak"}},{"type":"Feature","geometry":{"type":"Point","coordinates":[-74.21153452939961,40.52475904156422]},"properties":{"tpcondition":"Good","stumpdiameter":null,"riskratingdate":"2024-08-12 17:55:25.0000000","riskrating":"6","objectid":"3664170","globalid":"02C61A8E-545E-4124-87CD-03B997BAC279","tpstructure":"Full","plantingspaceglobalid":"F9086916-89EB-4FBA-99B7-EAD5474A4F5A","createddate":"2016-06-21 10:04:17.0000000","dbh":"7","planteddate":null,"updateddate":"2024-08-12 17:55:25.0000000","geometry":"POINT(-74.21153452939961 40.52475904156422)","genusspecies":"Pyrus calleryana - Callery pear"}},{"type":"Feature","geometry":{"type":"Point","coordinates":[-74.21152221226491,40.5247072957506]},"properties":{"tpcondition":"Good","stumpdiameter":null,"riskratingdate":"2024-08-12 17:54:21.0000000","riskrating":"6","objectid":"3664171","globalid":"33CB83E0-FD87-42EA-967C-C8AA10ED8EFF","tpstructure":"Full","plantingspaceglobalid":"DAB90BF0-4941-4B0F-8485-8DD1B43B6B0C","createddate":"2016-06-21 10:02:41.0000000","dbh":"7","planteddate":null,"updateddate":"2024-08-12 17:54:21.0000000","geometry":"POINT(-74.21152221226491 40.5247072957506)","genusspecies":"Pyrus calleryana - Callery pear"}},{"type":"Feature","geometry":{"type":"Point","coordinates":[-74.2115473743422,40.52487100267889]},"properties":{"tpcondition":"Good","stumpdiameter":null,"riskratingdate":"2024-08-12 18:00:31.0000000","riskrating":"5","objectid":"3664172","globalid":"CA86AA75-EF78-41C7-9B9B-5E36C2C09680","tpstructure":"Full","plantingspaceglobalid":"AF1D1DE9-C29A-4FBB-B452-750F4784D451","createddate":"2016-06-21 10:00:51.0000000","dbh":"6","planteddate":null,"updateddate":"2024-08-12 18:00:31.0000000","geometry":"POINT(-74.2115473743422 40.52487100267889)","genusspecies":"Pyrus calleryana - Callery pear"}},{"type":"Feature","geometry":{"type":"Point","coordinates":[-74.21154285474148,40.52481745550361]},"properties":{"tpcondition":"Good","stumpdiameter":null,"riskratingdate":"2024-08-12 17:59:41.0000000","riskrating":"5","objectid":"3664173","globalid":"A67D3F6F-1B79-4897-9BDE-E24A81DE5A37","tpstructure":"Full","plantingspaceglobalid":"AB270988-CF05-4E7D-9D10-48A53938E77D","createddate":"2016-06-21 09:59:13.0000000","dbh":"7","planteddate":null,"updateddate":"2024-08-12 17:59:41.0000000","geometry":"POINT(-74.21154285474148 40.52481745550361)","genusspecies":"Pyrus calleryana - Callery pear"}},{"type":"Feature","geometry":{"type":"Point","coordinates":[-74.21157153955004,40.52500146305061]},"properties":{"tpcondition":"Fair","stumpdiameter":null,"riskratingdate":"2024-08-12 18:02:35.0000000","riskrating":"6","objectid":"3664174","globalid":"3CC64266-F9EF-426A-B307-90D96C9893B8","tpstructure":"Full","plantingspaceglobalid":"D8BF5CF4-E3EA-411F-B718-FA136EAB2170","createddate":"2016-06-21 09:56:48.0000000","dbh":"7","planteddate":null,"updateddate":"2024-08-12 18:02:35.0000000","geometry":"POINT(-74.21157153955004 40.52500146305061)","genusspecies":"Pyrus calleryana - Callery pear"}},{"type":"Feature","geometry":{"type":"Point","coordinates":[-74.21155533892573,40.524921024412876]},"properties":{"tpcondition":"Good","stumpdiameter":null,"riskratingdate":null,"riskrating":null,"objectid":"3664175","globalid":"AEA81D31-156F-473F-B97C-7716CF753B5A","tpstructure":"Retired","plantingspaceglobalid":"1EEB42AC-9AC8-4536-81BE-51FC5FE4E009","createddate":"2016-06-21 09:55:12.0000000","dbh":"6","planteddate":null,"updateddate":"2024-08-12 14:52:39.0000000","geometry":"POINT(-74.21155533892573 40.524921024412876)","genusspecies":"Pyrus calleryana - Callery pear"}},{"type":"Feature","geometry":{"type":"Point","coordinates":[-74.21158555950211,40.525097285292375]},"properties":{"tpcondition":"Fair","stumpdiameter":null,"riskratingdate":null,"riskrating":null,"objectid":"3664176","globalid":"FCB68A26-3992-4455-80E0-056F38423ED2","tpstructure":"Retired","plantingspaceglobalid":"A926BC59-EF8B-4160-90B4-A3034E60AD1B","createddate":"2016-06-21 09:53:05.0000000","dbh":"6","planteddate":null,"updateddate":"2024-08-12 14:51:25.0000000","geometry":"POINT(-74.21158555950211 40.525097285292375)","genusspecies":"Pyrus calleryana - Callery pear"}},{"type":"Feature","geometry":{"type":"Point","coordinates":[-74.21157944949015,40.5250342107959]},"properties":{"tpcondition":"Fair","stumpdiameter":null,"riskratingdate":"2024-08-12 18:03:41.0000000","riskrating":"5","objectid":"3664177","globalid":"281CA558-CC74-4C39-AA1E-09F112F89AB4","tpstructure":"Full","plantingspaceglobalid":"01187072-B8E9-4C1F-9D0A-9E6D4A0D5BBD","createddate":"2016-06-21 09:51:39.0000000","dbh":"6","planteddate":null,"updateddate":"2024-08-12 18:03:41.0000000","geometry":"POINT(-74.21157944949015 40.5250342107959)","genusspecies":"Pyrus calleryana - Callery pear"}},{"type":"Feature","geometry":{"type":"Point","coordinates":[-74.21159830277035,40.52517708011784]},"properties":{"tpcondition":"Fair","stumpdiameter":null,"riskratingdate":"2024-08-12 18:05:10.0000000","riskrating":"5","objectid":"3664178","globalid":"4E8E1559-C8AF-49F3-8373-7C738B32CA6C","tpstructure":"Full","plantingspaceglobalid":"F8CCAFD7-ED11-4678-B25B-73B08D7243A0","createddate":"2016-06-21 09:49:20.0000000","dbh":"6","planteddate":null,"updateddate":"2024-08-12 18:05:10.0000000","geometry":"POINT(-74.21159830277035 40.52517708011784)","genusspecies":"Pyrus calleryana - Callery pear"}},{"type":"Feature","geometry":{"type":"Point","coordinates":[-74.21163107569953,40.5253146731564]},"properties":{"tpcondition":"Fair","stumpdiameter":null,"riskratingdate":"2024-08-12 14:45:02.0000000","riskrating":"6","objectid":"3664179","globalid":"7BD2EDE3-80FC-4C41-BD55-56C3AC5ECBEE","tpstructure":"Full","plantingspaceglobalid":"E4ACAA0E-C6FA-4529-8D0D-2ED0C0DB78A9","createddate":"2016-06-21 09:47:11.0000000","dbh":"7","planteddate":null,"updateddate":"2024-08-12 14:45:02.0000000","geometry":"POINT(-74.21163107569953 40.5253146731564)","genusspecies":"Pyrus calleryana - Callery pear"}},{"type":"Feature","geometry":{"type":"Point","coordinates":[-74.21161683136548,40.52525334518471]},"properties":{"tpcondition":"Good","stumpdiameter":null,"riskratingdate":null,"riskrating":null,"objectid":"3664180","globalid":"A487D966-E05A-4820-BE16-4FC4E5DFFAAC","tpstructure":"Retired","plantingspaceglobalid":"4F5F287D-1035-4879-A467-E6D6A099C494","createddate":"2016-06-21 09:45:46.0000000","dbh":"9","planteddate":null,"updateddate":"2024-08-12 14:48:22.0000000","geometry":"POINT(-74.21161683136548 40.52525334518471)","genusspecies":"Pyrus calleryana - Callery pear"}},{"type":"Feature","geometry":{"type":"Point","coordinates":[-74.21164223736453,40.52538791991379]},"properties":{"tpcondition":"Good","stumpdiameter":null,"riskratingdate":"2024-08-12 18:05:59.0000000","riskrating":"6","objectid":"3664181","globalid":"C77AD892-45DC-46DD-BA69-E5FC4A1B62BB","tpstructure":"Full","plantingspaceglobalid":"8F449803-73F3-4675-B2AF-4E6C14DD2E3D","createddate":"2016-06-21 09:42:48.0000000","dbh":"7","planteddate":null,"updateddate":"2024-08-12 18:05:59.0000000","geometry":"POINT(-74.21164223736453 40.52538791991379)","genusspecies":"Prunus cerasifera - cherry plum"}},{"type":"Feature","geometry":{"type":"Point","coordinates":[-74.21165970815107,40.525482001968605]},"properties":{"tpcondition":"Fair","stumpdiameter":null,"riskratingdate":"2024-08-12 18:07:19.0000000","riskrating":"5","objectid":"3664182","globalid":"1EECB76E-4A9A-4EF1-88F1-CAC87C40E421","tpstructure":"Full","plantingspaceglobalid":"00114111-DF7B-41ED-8989-B75640363B79","createddate":"2016-06-21 09:40:19.0000000","dbh":"8","planteddate":null,"updateddate":"2024-08-12 18:07:19.0000000","geometry":"POINT(-74.21165970815107 40.525482001968605)","genusspecies":"Pyrus calleryana - Callery pear"}},{"type":"Feature","geometry":{"type":"Point","coordinates":[-74.21167446127465,40.525562929892025]},"properties":{"tpcondition":"Fair","stumpdiameter":null,"riskratingdate":"2024-08-12 18:08:24.0000000","riskrating":"5","objectid":"3664183","globalid":"2A8F7F5C-DE3D-477C-A312-FB3BDD0C9898","tpstructure":"Full","plantingspaceglobalid":"C708FC13-AF27-47D3-80D7-B9117AF13CD6","createddate":"2016-06-21 09:39:13.0000000","dbh":"6","planteddate":null,"updateddate":"2024-08-12 18:08:24.0000000","geometry":"POINT(-74.21167446127465 40.525562929892025)","genusspecies":"Pyrus calleryana - Callery pear"}},{"type":"Feature","geometry":{"type":"Point","coordinates":[-74.21169830956076,40.52569869690165]},"properties":{"tpcondition":"Good","stumpdiameter":null,"riskratingdate":null,"riskrating":null,"objectid":"3664184","globalid":"5080AA49-0484-4160-8F04-0D9BF192B47F","tpstructure":"Retired","plantingspaceglobalid":"46091B88-6F05-46D1-AE2F-BA133B757FF8","createddate":"2016-06-21 09:37:05.0000000","dbh":"14","planteddate":null,"updateddate":"2024-08-12 14:42:25.0000000","geometry":"POINT(-74.21169830956076 40.52569869690165)","genusspecies":"Platanus x acerifolia - London planetree"}},{"type":"Feature","geometry":{"type":"Point","coordinates":[-74.21171419312836,40.525784442757775]},"properties":{"tpcondition":"Good","stumpdiameter":null,"riskratingdate":null,"riskrating":null,"objectid":"3664185","globalid":"7A2273AA-E159-4560-BFAF-29BDE7809FF6","tpstructure":"Retired","plantingspaceglobalid":"26A6021A-C3F7-4176-85FF-04672DFB73F7","createddate":"2016-06-21 09:35:20.0000000","dbh":"11","planteddate":null,"updateddate":"2024-08-12 14:42:17.0000000","geometry":"POINT(-74.21171419312836 40.525784442757775)","genusspecies":"Platanus x acerifolia - London planetree"}},{"type":"Feature","geometry":{"type":"Point","coordinates":[-74.21174206473137,40.52595110046583]},"properties":{"tpcondition":"Excellent","stumpdiameter":null,"riskratingdate":"2024-08-12 18:09:13.0000000","riskrating":"3","objectid":"3664186","globalid":"BE8D7334-1D3C-40CC-AAC5-7E93E77B29C9","tpstructure":"Full","plantingspaceglobalid":"8A80C971-A3C8-4690-8853-BDAF0D0C67D0","createddate":"2016-06-21 09:33:33.0000000","dbh":"4","planteddate":null,"updateddate":"2024-08-12 18:09:13.0000000","geometry":"POINT(-74.21174206473137 40.52595110046583)","genusspecies":"Acer platanoides 'Crimson King' - 'Crimson King' Norway maple"}},{"type":"Feature","geometry":{"type":"Point","coordinates":[-74.21180513893466,40.526296007784765]},"properties":{"tpcondition":"Good","stumpdiameter":null,"riskratingdate":"2024-08-12 18:15:11.0000000","riskrating":"6","objectid":"3664187","globalid":"2EB25E43-34A1-4DA0-AFDC-20257DF8BD1B","tpstructure":"Full","plantingspaceglobalid":"21772661-F8AA-4766-B06C-3FA452CEC5CB","createddate":"2016-06-21 09:31:11.0000000","dbh":"5","planteddate":null,"updateddate":"2024-08-12 18:15:11.0000000","geometry":"POINT(-74.21180513893466 40.526296007784765)","genusspecies":"Pyrus calleryana - Callery pear"}},{"type":"Feature","geometry":{"type":"Point","coordinates":[-74.21179558923772,40.52623824573719]},"properties":{"tpcondition":"Good","stumpdiameter":null,"riskratingdate":"2024-08-12 18:11:11.0000000","riskrating":"6","objectid":"3664188","globalid":"F9616845-8851-44B0-B536-DEC95FC2E595","tpstructure":"Full","plantingspaceglobalid":"7349F95E-F538-4904-854F-2D2539E549B3","createddate":"2016-06-21 09:30:09.0000000","dbh":"4","planteddate":null,"updateddate":"2024-08-12 18:11:11.0000000","geometry":"POINT(-74.21179558923772 40.52623824573719)","genusspecies":"Pyrus calleryana - Callery pear"}},{"type":"Feature","geometry":{"type":"Point","coordinates":[-74.21178370263355,40.52618227556584]},"properties":{"tpcondition":"Good","stumpdiameter":null,"riskratingdate":"2024-08-12 18:10:04.0000000","riskrating":"6","objectid":"3664189","globalid":"7DD9A51B-112E-44B8-81B2-FADDFCF47E09","tpstructure":"Full","plantingspaceglobalid":"6FDD010C-977B-4459-896D-949BB6573202","createddate":"2016-06-21 09:28:58.0000000","dbh":"5","planteddate":null,"updateddate":"2024-08-12 18:10:04.0000000","geometry":"POINT(-74.21178370263355 40.52618227556584)","genusspecies":"Pyrus calleryana - Callery pear"}},{"type":"Feature","geometry":{"type":"Point","coordinates":[-74.21186627226943,40.526373331004066]},"properties":{"tpcondition":"Good","stumpdiameter":null,"riskratingdate":null,"riskrating":null,"objectid":"3664190","globalid":"DD8AF382-1C24-4344-B4DB-405484ABD21C","tpstructure":"Retired","plantingspaceglobalid":"D804B6A0-A63C-41C1-896D-02BA9C625E89","createddate":"2016-06-21 09:23:40.0000000","dbh":"9","planteddate":null,"updateddate":"2024-08-09 13:37:51.0000000","geometry":"POINT(-74.21186627226943 40.526373331004066)","genusspecies":"Acer platanoides - Norway maple"}},{"type":"Feature","geometry":{"type":"Point","coordinates":[-74.21256927882287,40.526268981585886]},"properties":{"tpcondition":"Good","stumpdiameter":null,"riskratingdate":"2024-08-12 16:31:17.0000000","riskrating":"6","objectid":"3664191","globalid":"4E5391E2-39E9-4D22-ACCE-0E3AF83FE3FE","tpstructure":"Full","plantingspaceglobalid":"E86A02DD-30B9-4CCC-8496-480A9688A80D","createddate":"2016-06-21 09:19:43.0000000","dbh":"5","planteddate":null,"updateddate":"2024-08-12 16:31:17.0000000","geometry":"POINT(-74.21256927882287 40.526268981585886)","genusspecies":"Acer platanoides 'Crimson King' - 'Crimson King' Norway maple"}},{"type":"Feature","geometry":{"type":"Point","coordinates":[-74.2125123138584,40.52627563974774]},"properties":{"tpcondition":"Good","stumpdiameter":null,"riskratingdate":"2024-08-12 16:20:00.0000000","riskrating":"5","objectid":"3664192","globalid":"CA05247F-50DB-461D-8661-5ACC14FEB9F1","tpstructure":"Full","plantingspaceglobalid":"A5E5D533-20BE-4658-A9A4-6799CC5FDAD9","createddate":"2016-06-21 09:18:14.0000000","dbh":"5","planteddate":null,"updateddate":"2024-08-12 16:20:00.0000000","geometry":"POINT(-74.2125123138584 40.52627563974774)","genusspecies":"Acer platanoides 'Crimson King' - 'Crimson King' Norway maple"}},{"type":"Feature","geometry":{"type":"Point","coordinates":[-74.21245848065846,40.52628467436284]},"properties":{"tpcondition":"Good","stumpdiameter":null,"riskratingdate":"2024-08-12 16:08:32.0000000","riskrating":"5","objectid":"3664193","globalid":"47777851-59EA-4A82-B6A6-FC0C9827E72C","tpstructure":"Full","plantingspaceglobalid":"F6C84131-13C2-458E-A0FB-EC4FAE1B97D9","createddate":"2016-06-21 09:16:52.0000000","dbh":"6","planteddate":null,"updateddate":"2024-08-12 16:08:32.0000000","geometry":"POINT(-74.21245848065846 40.52628467436284)","genusspecies":"Acer platanoides 'Crimson King' - 'Crimson King' Norway maple"}},{"type":"Feature","geometry":{"type":"Point","coordinates":[-74.21238826061966,40.526296120977555]},"properties":{"tpcondition":"Good","stumpdiameter":null,"riskratingdate":"2024-08-12 16:07:34.0000000","riskrating":"5","objectid":"3664194","globalid":"DBBB0CC8-23E6-4613-A2DD-F4BD7B74127B","tpstructure":"Full","plantingspaceglobalid":"B185E0B8-C3BE-41E0-840B-6F98C5FA1CC7","createddate":"2016-06-21 09:15:55.0000000","dbh":"5","planteddate":null,"updateddate":"2024-08-12 16:07:34.0000000","geometry":"POINT(-74.21238826061966 40.526296120977555)","genusspecies":"Acer platanoides 'Crimson King' - 'Crimson King' Norway maple"}},{"type":"Feature","geometry":{"type":"Point","coordinates":[-74.21232973802728,40.526303377785815]},"properties":{"tpcondition":"Good","stumpdiameter":null,"riskratingdate":"2024-08-12 15:47:23.0000000","riskrating":"5","objectid":"3664195","globalid":"64066117-8B41-4769-9C49-7CB10743E937","tpstructure":"Full","plantingspaceglobalid":"E263AB55-A7E7-4289-9E7C-3DDA010C4864","createddate":"2016-06-21 09:13:11.0000000","dbh":"5","planteddate":null,"updateddate":"2024-08-12 15:47:23.0000000","geometry":"POINT(-74.21232973802728 40.526303377785815)","genusspecies":"Acer platanoides 'Crimson King' - 'Crimson King' Norway maple"}},{"type":"Feature","geometry":{"type":"Point","coordinates":[-74.21161672433769,40.52606458527422]},"properties":{"tpcondition":"Unknown","stumpdiameter":null,"riskratingdate":"2024-10-22 14:54:56.0000000","riskrating":"3","objectid":"3664196","globalid":"23C18E0C-B7BA-442D-8B87-3407B49E210A","tpstructure":"Full","plantingspaceglobalid":"49181621-B722-4B23-9E57-BB9779A704EE","createddate":"2016-06-21 08:57:40.0000000","dbh":"10","planteddate":null,"updateddate":"2024-10-22 14:54:56.0000000","geometry":"POINT(-74.21161672433769 40.52606458527422)","genusspecies":"Ailanthus altissima - tree of heaven"}},{"type":"Feature","geometry":{"type":"Point","coordinates":[-74.21145440739228,40.525093952393824]},"properties":{"tpcondition":"Good","stumpdiameter":null,"riskratingdate":null,"riskrating":null,"objectid":"3664197","globalid":"5A2E6B00-9FBB-4C0F-B100-BE7E466796CC","tpstructure":"Full","plantingspaceglobalid":"8813EEE9-8783-495E-BD62-E21963E776A4","createddate":"2016-06-21 08:34:39.0000000","dbh":"21","planteddate":null,"updateddate":"2016-06-21 08:34:54.0000000","geometry":"POINT(-74.21145440739228 40.525093952393824)","genusspecies":"Quercus palustris - pin oak"}},{"type":"Feature","geometry":{"type":"Point","coordinates":[-74.21145585453282,40.52505820984301]},"properties":{"tpcondition":"Good","stumpdiameter":null,"riskratingdate":null,"riskrating":null,"objectid":"3664198","globalid":"688C9E14-3B55-444C-94D4-0E87959D28A1","tpstructure":"Full","plantingspaceglobalid":"586D96B6-90BE-47BF-A4B9-3A06CCA635D3","createddate":"2016-06-21 08:32:32.0000000","dbh":"18","planteddate":null,"updateddate":"2016-06-21 08:32:44.0000000","geometry":"POINT(-74.21145585453282 40.52505820984301)","genusspecies":"Acer rubrum - red maple"}},{"type":"Feature","geometry":{"type":"Point","coordinates":[-73.85875789490622,40.88734008745902]},"properties":{"tpcondition":"Fair","stumpdiameter":null,"riskratingdate":"2023-07-12 18:15:00.0000000","riskrating":"5","objectid":"3664199","globalid":"5B1A1EBE-6C7E-4A23-A1C1-C8463DB2BF3C","tpstructure":"Full","plantingspaceglobalid":"F7031EBA-24B5-43A6-BC94-0BEB0E23A4FA","createddate":"2016-06-23 11:03:41.0000000","dbh":"28","planteddate":null,"updateddate":"2023-07-12 18:15:00.0000000","geometry":"POINT(-73.85875789490622 40.88734008745902)","genusspecies":"Tilia americana - American basswood"}},{"type":"Feature","geometry":{"type":"Point","coordinates":[-73.85865496832417,40.886322607402526]},"properties":{"tpcondition":"Fair","stumpdiameter":null,"riskratingdate":null,"riskrating":null,"objectid":"3664200","globalid":"542B5CB4-BDDB-4E26-A89E-3F00D69FE892","tpstructure":"Full","plantingspaceglobalid":"A3670AE2-9FC9-4AE5-AB75-721FE550BF49","createddate":"2016-06-23 10:25:51.0000000","dbh":"12","planteddate":null,"updateddate":"2016-06-23 10:25:57.0000000","geometry":"POINT(-73.85865496832417 40.886322607402526)","genusspecies":"Ailanthus altissima - tree of heaven"}},{"type":"Feature","geometry":{"type":"Point","coordinates":[-73.85226265637719,40.88430399364525]},"properties":{"tpcondition":"Good","stumpdiameter":null,"riskratingdate":null,"riskrating":null,"objectid":"3664201","globalid":"38A08D02-02F8-4869-9E8A-B017F08BD144","tpstructure":"Retired","plantingspaceglobalid":"3AFF2452-AD87-43B3-B4D5-DC9436F2E3EA","createddate":"2016-06-23 09:26:00.0000000","dbh":"2","planteddate":null,"updateddate":"2020-04-03 15:52:00.0000000","geometry":"POINT(-73.85226265637719 40.88430399364525)","genusspecies":"Tilia x. europaea - Common linden"}},{"type":"Feature","geometry":{"type":"Point","coordinates":[-73.85196161822189,40.88421564686008]},"properties":{"tpcondition":"Good","stumpdiameter":null,"riskratingdate":"2024-12-10 17:19:44.0000000","riskrating":"5","objectid":"3664202","globalid":"624CAFAA-24BE-4E7D-BC8E-52D159E1EF69","tpstructure":"Full","plantingspaceglobalid":"C1B91C26-FF2D-4D11-BDC0-723C984FD874","createddate":"2016-06-23 09:25:28.0000000","dbh":"7","planteddate":null,"updateddate":"2024-12-10 17:19:44.0000000","geometry":"POINT(-73.85196161822189 40.88421564686008)","genusspecies":"Tilia cordata - littleleaf linden"}},{"type":"Feature","geometry":{"type":"Point","coordinates":[-73.85020276122232,40.883064453050686]},"properties":{"tpcondition":"Good","stumpdiameter":null,"riskratingdate":null,"riskrating":null,"objectid":"3664203","globalid":"A032D9B2-2E73-4DC9-B511-CFA1363DEAD8","tpstructure":"Full","plantingspaceglobalid":"D1AC3750-835E-4045-BCA2-23D825350ADE","createddate":"2016-06-23 09:12:37.0000000","dbh":"2","planteddate":null,"updateddate":"2016-06-23 09:14:19.0000000","geometry":"POINT(-73.85020276122232 40.883064453050686)","genusspecies":"Tsuga canadensis - eastern hemlock"}},{"type":"Feature","geometry":{"type":"Point","coordinates":[-73.8498911353347,40.883090256555754]},"properties":{"tpcondition":"Fair","stumpdiameter":null,"riskratingdate":null,"riskrating":null,"objectid":"3664204","globalid":"60B45A91-955F-48F5-AA01-6D91638997BA","tpstructure":"Retired","plantingspaceglobalid":"6BFCEEC3-3F0D-404A-BB9F-74CE1FA42C1C","createddate":"2016-06-23 09:07:11.0000000","dbh":"22","planteddate":null,"updateddate":"2024-12-10 15:27:21.0000000","geometry":"POINT(-73.8498911353347 40.883090256555754)","genusspecies":"Ailanthus altissima - tree of heaven"}},{"type":"Feature","geometry":{"type":"Point","coordinates":[-73.85007615965465,40.88282662979374]},"properties":{"tpcondition":"Fair","stumpdiameter":null,"riskratingdate":"2024-12-10 15:24:31.0000000","riskrating":"7","objectid":"3664205","globalid":"3E32DCD1-CF36-49C8-85CA-60A1640F9A47","tpstructure":"Full","plantingspaceglobalid":"37E0A763-5111-4D27-B327-A1D620654951","createddate":"2016-06-23 09:04:48.0000000","dbh":"19","planteddate":null,"updateddate":"2024-12-10 15:24:31.0000000","geometry":"POINT(-73.85007615965465 40.88282662979374)","genusspecies":"Acer negundo - boxelder"}},{"type":"Feature","geometry":{"type":"Point","coordinates":[-73.85013840130578,40.88271830501215]},"properties":{"tpcondition":"Fair","stumpdiameter":null,"riskratingdate":null,"riskrating":null,"objectid":"3664206","globalid":"A922126F-4A22-4DA8-8E2A-7675DF6455BC","tpstructure":"Retired","plantingspaceglobalid":"304AC4C7-E162-45E9-A900-38FD3631DF1E","createddate":"2016-06-23 09:02:53.0000000","dbh":"20","planteddate":null,"updateddate":"2024-12-10 15:19:20.0000000","geometry":"POINT(-73.85013840130578 40.88271830501215)","genusspecies":"Ailanthus altissima - tree of heaven"}},{"type":"Feature","geometry":{"type":"Point","coordinates":[-73.85050485473748,40.882610757172515]},"properties":{"tpcondition":"Good","stumpdiameter":null,"riskratingdate":"2024-12-10 15:10:48.0000000","riskrating":"3","objectid":"3664207","globalid":"53AAB860-0B2D-45BA-A7E2-7A14E21460CE","tpstructure":"Full","plantingspaceglobalid":"61576532-6C42-47CD-9752-BB1613A95962","createddate":"2016-06-23 08:51:28.0000000","dbh":"5","planteddate":null,"updateddate":"2024-12-10 15:10:48.0000000","geometry":"POINT(-73.85050485473748 40.882610757172515)","genusspecies":"Cercis canadensis - eastern redbud"}},{"type":"Feature","geometry":{"type":"Point","coordinates":[-73.85043793756225,40.88270358974112]},"properties":{"tpcondition":"Good","stumpdiameter":null,"riskratingdate":null,"riskrating":null,"objectid":"3664208","globalid":"09AAFB51-83CB-4655-BD77-BBB419F17314","tpstructure":"Full","plantingspaceglobalid":"3CB4AFF0-5A4F-4A0F-8956-EA399FA57066","createddate":"2016-06-23 08:50:35.0000000","dbh":"2","planteddate":null,"updateddate":"2016-06-23 08:50:53.0000000","geometry":"POINT(-73.85043793756225 40.88270358974112)","genusspecies":"Cercis canadensis - eastern redbud"}},{"type":"Feature","geometry":{"type":"Point","coordinates":[-73.85306783343485,40.88370993294291]},"properties":{"tpcondition":"Fair","stumpdiameter":null,"riskratingdate":null,"riskrating":null,"objectid":"3664209","globalid":"9AED1982-8655-4677-BC21-20BB193FC30A","tpstructure":"Retired","plantingspaceglobalid":"D7632BBA-C90D-4068-BF95-450EF0CEF584","createddate":"2016-06-23 08:28:28.0000000","dbh":"24","planteddate":null,"updateddate":"2023-07-11 11:51:48.0000000","geometry":"POINT(-73.85306783343485 40.88370993294291)","genusspecies":"Picea - spruce"}},{"type":"Feature","geometry":{"type":"Point","coordinates":[-73.85716734964,40.885148473755834]},"properties":{"tpcondition":"Good","stumpdiameter":null,"riskratingdate":"2023-07-10 18:26:32.0000000","riskrating":"5","objectid":"3664210","globalid":"77C46870-59BF-40BD-84E6-C05903FB5D27","tpstructure":"Full","plantingspaceglobalid":"0486968B-8C00-42C1-80E0-E3BE751CB8D4","createddate":"2016-06-23 08:10:01.0000000","dbh":"9","planteddate":null,"updateddate":"2023-07-10 18:26:32.0000000","geometry":"POINT(-73.85716734964 40.885148473755834)","genusspecies":"Acer saccharinum - silver maple"}},{"type":"Feature","geometry":{"type":"Point","coordinates":[-73.77999155637217,40.689128368473334]},"properties":{"tpcondition":"Fair","stumpdiameter":null,"riskratingdate":null,"riskrating":null,"objectid":"3664211","globalid":"3FD2C0C9-538B-47D1-9794-653F321AFEC1","tpstructure":"Full","plantingspaceglobalid":"A8A36746-E8D5-4869-9A9F-8B8BA2E43381","createddate":"2016-06-23 19:29:46.0000000","dbh":"6","planteddate":null,"updateddate":"2016-06-23 19:29:50.0000000","geometry":"POINT(-73.77999155637217 40.689128368473334)","genusspecies":"Liriodendron tulipifera - tuliptree"}},{"type":"Feature","geometry":{"type":"Point","coordinates":[-73.78025711971321,40.689044365281404]},"properties":{"tpcondition":"Fair","stumpdiameter":null,"riskratingdate":null,"riskrating":null,"objectid":"3664212","globalid":"2D3A72DA-460C-4088-90B9-7F2CE2217DCD","tpstructure":"Full","plantingspaceglobalid":"152C21A8-C5FC-4DD8-9532-6D3EBD89AB56","createddate":"2016-06-23 19:28:30.0000000","dbh":"6","planteddate":null,"updateddate":"2016-10-20 13:42:03.0000000","geometry":"POINT(-73.78025711971321 40.689044365281404)","genusspecies":"Liriodendron tulipifera - tuliptree"}},{"type":"Feature","geometry":{"type":"Point","coordinates":[-73.78044592870063,40.688977416822354]},"properties":{"tpcondition":"Unknown","stumpdiameter":null,"riskratingdate":null,"riskrating":null,"objectid":"3664213","globalid":"52E6C8AB-99BC-4D70-85E8-059E7A069B0D","tpstructure":"Full","plantingspaceglobalid":"4EE96AFD-7F0F-4C64-AFE1-48F5C78580C4","createddate":"2016-06-23 19:27:28.0000000","dbh":"31","planteddate":null,"updateddate":"2020-08-11 23:48:49.0000000","geometry":"POINT(-73.78044592870063 40.688977416822354)","genusspecies":"Quercus ellipsoidalis - northern pin oak"}},{"type":"Feature","geometry":{"type":"Point","coordinates":[-73.78078358160035,40.68886012081324]},"properties":{"tpcondition":"Dead","stumpdiameter":null,"riskratingdate":"2019-11-25 19:07:00.0000000","riskrating":"9","objectid":"3664214","globalid":"F40988FE-F637-4A85-8363-331103F94250","tpstructure":"Stump","plantingspaceglobalid":"F15F3017-545E-4828-AB49-452C6EEDDF88","createddate":"2016-06-23 19:25:00.0000000","dbh":"30","planteddate":null,"updateddate":"2020-01-24 19:20:00.0000000","geometry":"POINT(-73.78078358160035 40.68886012081324)","genusspecies":"Quercus ellipsoidalis - northern pin oak"}},{"type":"Feature","geometry":{"type":"Point","coordinates":[-73.78088369371235,40.68882426223911]},"properties":{"tpcondition":"Fair","stumpdiameter":null,"riskratingdate":"2021-06-01 16:02:55.0000000","riskrating":"7","objectid":"3664215","globalid":"04BCED3C-66E5-4DF6-81BC-EEC373F3BC81","tpstructure":"Full","plantingspaceglobalid":"917DBA95-4D2C-4081-8262-6EEA069E7052","createddate":"2016-06-23 19:24:45.0000000","dbh":"31","planteddate":null,"updateddate":"2021-06-01 16:02:55.0000000","geometry":"POINT(-73.78088369371235 40.68882426223911)","genusspecies":"Quercus ellipsoidalis - northern pin oak"}},{"type":"Feature","geometry":{"type":"Point","coordinates":[-73.78103113889082,40.68877481779239]},"properties":{"tpcondition":"Good","stumpdiameter":null,"riskratingdate":"2020-07-22 15:00:38.0000000","riskrating":"4","objectid":"3664216","globalid":"809FF87E-8585-4E03-AC78-5D1C88C5B53D","tpstructure":"Full","plantingspaceglobalid":"4BE6F26B-2BF5-4251-8769-DB8F63D49CD7","createddate":"2016-06-23 19:23:55.0000000","dbh":"31","planteddate":null,"updateddate":"2020-07-22 15:00:38.0000000","geometry":"POINT(-73.78103113889082 40.68877481779239)","genusspecies":"Quercus ellipsoidalis - northern pin oak"}},{"type":"Feature","geometry":{"type":"Point","coordinates":[-73.78112357694906,40.68874401938896]},"properties":{"tpcondition":"Fair","stumpdiameter":null,"riskratingdate":"2023-05-13 10:35:47.0000000","riskrating":"7","objectid":"3664217","globalid":"605F1AA2-1D53-41C1-89A4-35DDB8E5727B","tpstructure":"Full","plantingspaceglobalid":"D19C7165-974D-4347-8442-BB2F924693F1","createddate":"2016-06-23 19:23:19.0000000","dbh":"32","planteddate":null,"updateddate":"2023-05-13 10:35:47.0000000","geometry":"POINT(-73.78112357694906 40.68874401938896)","genusspecies":"Quercus ellipsoidalis - northern pin oak"}},{"type":"Feature","geometry":{"type":"Point","coordinates":[-73.78162805982002,40.688579385872664]},"properties":{"tpcondition":"Fair","stumpdiameter":null,"riskratingdate":null,"riskrating":null,"objectid":"3664218","globalid":"37D9EC33-D468-4DEC-84E1-54F0CBA3664E","tpstructure":"Full","plantingspaceglobalid":"FBD4970C-A39D-4ACC-A069-A33A68D0E28C","createddate":"2016-06-23 19:20:50.0000000","dbh":"24","planteddate":null,"updateddate":"2016-10-20 13:33:53.0000000","geometry":"POINT(-73.78162805982002 40.688579385872664)","genusspecies":"Quercus ellipsoidalis - northern pin oak"}},{"type":"Feature","geometry":{"type":"Point","coordinates":[-73.78201272167729,40.688443114680865]},"properties":{"tpcondition":"Fair","stumpdiameter":null,"riskratingdate":null,"riskrating":null,"objectid":"3664219","globalid":"2ACBFDA1-3C95-4737-9133-C60BEA26467E","tpstructure":"Shaft","plantingspaceglobalid":"501D678A-AD0A-4C72-BF8D-23F81B7E0EF9","createddate":"2016-06-23 19:16:19.0000000","dbh":"18","planteddate":null,"updateddate":"2016-10-20 13:31:22.0000000","geometry":"POINT(-73.78201272167729 40.688443114680865)","genusspecies":"Quercus ellipsoidalis - northern pin oak"}},{"type":"Feature","geometry":{"type":"Point","coordinates":[-73.78214119548213,40.68839987495868]},"properties":{"tpcondition":"Good","stumpdiameter":null,"riskratingdate":"2023-11-29 15:43:06.0000000","riskrating":"5","objectid":"3664220","globalid":"071F8FBA-F5DD-49F3-B561-B1FC3067629E","tpstructure":"Full","plantingspaceglobalid":"CD801100-6862-4C22-987C-D8804C0B9162","createddate":"2016-06-23 19:15:18.0000000","dbh":"6","planteddate":null,"updateddate":"2023-11-29 15:44:13.0000000","geometry":"POINT(-73.78214119548213 40.68839987495868)","genusspecies":"Cladrastis kentukea - Kentucky yellowwood"}},{"type":"Feature","geometry":{"type":"Point","coordinates":[-73.78260884099886,40.688241756013326]},"properties":{"tpcondition":"Dead","stumpdiameter":null,"riskratingdate":null,"riskrating":null,"objectid":"3664221","globalid":"F9302F03-6030-4CDE-9338-90687D255D03","tpstructure":"Retired","plantingspaceglobalid":"FAA2B429-2702-4B8E-9361-821DC5276838","createddate":"2016-06-23 19:14:00.0000000","dbh":"7","planteddate":null,"updateddate":"2021-04-14 16:18:00.0000000","geometry":"POINT(-73.78260884099886 40.688241756013326)","genusspecies":"Tilia x. europaea - Common linden"}},{"type":"Feature","geometry":{"type":"Point","coordinates":[-73.78283132959761,40.68816354962367]},"properties":{"tpcondition":"Good","stumpdiameter":null,"riskratingdate":"2024-10-10 20:36:37.0000000","riskrating":"6","objectid":"3664222","globalid":"3283A026-897F-4FA6-AC3A-7D8B2E4F6AC7","tpstructure":"Full","plantingspaceglobalid":"9B327DD8-46BC-437A-BAC7-C54E04E082A8","createddate":"2016-06-23 19:13:15.0000000","dbh":"13","planteddate":null,"updateddate":"2024-10-10 20:36:37.0000000","geometry":"POINT(-73.78283132959761 40.68816354962367)","genusspecies":"Gleditsia triacanthos var. inermis - Thornless honeylocust"}},{"type":"Feature","geometry":{"type":"Point","coordinates":[-73.78364938615505,40.68787884554507]},"properties":{"tpcondition":"Fair","stumpdiameter":null,"riskratingdate":"2021-03-05 14:20:47.0000000","riskrating":"5","objectid":"3664223","globalid":"49D24B86-54CB-44B5-A0BC-F28B906CB9ED","tpstructure":"Full","plantingspaceglobalid":"39CC7C08-7B8D-4A6B-A3BC-E3BC3CE232F4","createddate":"2016-06-23 19:09:34.0000000","dbh":"9","planteddate":null,"updateddate":"2021-03-05 14:20:47.0000000","geometry":"POINT(-73.78364938615505 40.68787884554507)","genusspecies":"Pyrus calleryana - Callery pear"}},{"type":"Feature","geometry":{"type":"Point","coordinates":[-73.78374532366965,40.68785506509792]},"properties":{"tpcondition":"Good","stumpdiameter":null,"riskratingdate":"2024-01-29 14:44:56.0000000","riskrating":"5","objectid":"3664224","globalid":"CEE736E8-052D-4774-B98D-4BE2F042388D","tpstructure":"Full","plantingspaceglobalid":"F724599B-A05D-478E-8EAB-05A466377D6F","createddate":"2016-06-23 19:08:49.0000000","dbh":"10","planteddate":null,"updateddate":"2024-01-29 14:44:56.0000000","geometry":"POINT(-73.78374532366965 40.68785506509792)","genusspecies":"Styphnolobium japonicum - Japanese pagoda tree"}},{"type":"Feature","geometry":{"type":"Point","coordinates":[-73.78378784082537,40.68783322793022]},"properties":{"tpcondition":"Fair","stumpdiameter":null,"riskratingdate":null,"riskrating":null,"objectid":"3664225","globalid":"9ABF89F7-B5A9-40C1-90F1-A2D089F43A30","tpstructure":"Full","plantingspaceglobalid":"42B0BA4B-DFBD-4058-9648-AEECF4EBF91C","createddate":"2016-06-23 19:08:02.0000000","dbh":"7","planteddate":null,"updateddate":"2016-11-09 15:56:59.0000000","geometry":"POINT(-73.78378784082537 40.68783322793022)","genusspecies":"Pyrus calleryana - Callery pear"}},{"type":"Feature","geometry":{"type":"Point","coordinates":[-73.78387569176162,40.68780610928263]},"properties":{"tpcondition":"Fair","stumpdiameter":null,"riskratingdate":null,"riskrating":null,"objectid":"3664226","globalid":"B25484E8-3996-418D-9988-77AC85BD9B74","tpstructure":"Full","plantingspaceglobalid":"29F4D0ED-DFA3-4257-B3DB-51F465F0B5D1","createddate":"2016-06-23 19:06:52.0000000","dbh":"9","planteddate":null,"updateddate":"2016-06-23 19:06:57.0000000","geometry":"POINT(-73.78387569176162 40.68780610928263)","genusspecies":"Styphnolobium japonicum - Japanese pagoda tree"}},{"type":"Feature","geometry":{"type":"Point","coordinates":[-73.78388678364429,40.68776383878894]},"properties":{"tpcondition":"Unknown","stumpdiameter":null,"riskratingdate":"2017-06-27 12:07:23.0000000","riskrating":"3","objectid":"3664227","globalid":"C3AD2A1D-C373-4FF8-A082-31C6A34EFD7D","tpstructure":"Full","plantingspaceglobalid":"D55ABF38-C934-4AE8-A73A-99FC7206154C","createddate":"2016-06-23 19:05:44.0000000","dbh":"9","planteddate":null,"updateddate":"2017-11-21 04:11:11.0000000","geometry":"POINT(-73.78388678364429 40.68776383878894)","genusspecies":"Prunus serrulata 'Green leaf' - 'Green leaf' Japanese flowering cherry"}},{"type":"Feature","geometry":{"type":"Point","coordinates":[-73.78607946871354,40.689239344631005]},"properties":{"tpcondition":"Fair","stumpdiameter":null,"riskratingdate":null,"riskrating":null,"objectid":"3664228","globalid":"C3B35B12-2AB5-4F6A-9B54-FDED799E5FEB","tpstructure":"Full","plantingspaceglobalid":"75024F05-AE97-4FF2-951C-2737D79FA150","createddate":"2016-06-23 18:59:25.0000000","dbh":"18","planteddate":null,"updateddate":"2016-06-23 18:59:30.0000000","geometry":"POINT(-73.78607946871354 40.689239344631005)","genusspecies":"Quercus ellipsoidalis - northern pin oak"}},{"type":"Feature","geometry":{"type":"Point","coordinates":[-73.78613397216385,40.68938485056156]},"properties":{"tpcondition":"Fair","stumpdiameter":null,"riskratingdate":null,"riskrating":null,"objectid":"3664229","globalid":"CE83DE44-BC0D-4900-B24D-4B059C9A2340","tpstructure":"Full","plantingspaceglobalid":"60ED905A-698D-47C5-B5CB-D3876D501CCA","createddate":"2016-06-23 18:58:57.0000000","dbh":"23","planteddate":null,"updateddate":"2016-10-18 14:15:29.0000000","geometry":"POINT(-73.78613397216385 40.68938485056156)","genusspecies":"Quercus ellipsoidalis - northern pin oak"}},{"type":"Feature","geometry":{"type":"Point","coordinates":[-73.7865889915366,40.69005478525587]},"properties":{"tpcondition":"Fair","stumpdiameter":null,"riskratingdate":null,"riskrating":null,"objectid":"3664230","globalid":"2E2B9672-D351-4844-A097-B5BDA654CE4B","tpstructure":"Full","plantingspaceglobalid":"28084E2F-EEB9-4646-A763-AE03A83F840B","createddate":"2016-06-23 18:55:34.0000000","dbh":"2","planteddate":null,"updateddate":"2016-10-18 14:58:02.0000000","geometry":"POINT(-73.7865889915366 40.69005478525587)","genusspecies":"Tilia x. europaea - Common linden"}},{"type":"Feature","geometry":{"type":"Point","coordinates":[-73.78655591452576,40.69000743138707]},"properties":{"tpcondition":"Fair","stumpdiameter":null,"riskratingdate":null,"riskrating":null,"objectid":"3664231","globalid":"0AD722AF-28A2-4C5D-B432-4AB1E4392F89","tpstructure":"Full","plantingspaceglobalid":"6F0FB96D-097B-42E7-9D7E-D8AC8B959000","createddate":"2016-06-23 18:54:43.0000000","dbh":"2","planteddate":null,"updateddate":"2016-06-23 18:54:48.0000000","geometry":"POINT(-73.78655591452576 40.69000743138707)","genusspecies":"Tilia x. europaea - Common linden"}},{"type":"Feature","geometry":{"type":"Point","coordinates":[-73.78652006254335,40.68996100444157]},"properties":{"tpcondition":"Good","stumpdiameter":null,"riskratingdate":null,"riskrating":null,"objectid":"3664232","globalid":"7BF95C4A-D622-42DE-9F2D-E144B6EF316C","tpstructure":"Full","plantingspaceglobalid":"57308882-0211-4414-899B-C62293DF367C","createddate":"2016-06-23 18:53:41.0000000","dbh":"2","planteddate":null,"updateddate":"2016-10-18 14:27:08.0000000","geometry":"POINT(-73.78652006254335 40.68996100444157)","genusspecies":"Tilia x. europaea - Common linden"}},{"type":"Feature","geometry":{"type":"Point","coordinates":[-73.78649980957749,40.68993346590942]},"properties":{"tpcondition":"Good","stumpdiameter":null,"riskratingdate":null,"riskrating":null,"objectid":"3664233","globalid":"E20FDBD7-A856-44E6-B98E-E3D687318524","tpstructure":"Full","plantingspaceglobalid":"ED21E0C3-3558-4896-B202-716BFF27283E","createddate":"2016-06-23 18:53:05.0000000","dbh":"2","planteddate":null,"updateddate":"2016-06-23 18:53:11.0000000","geometry":"POINT(-73.78649980957749 40.68993346590942)","genusspecies":"Tilia x. europaea - Common linden"}},{"type":"Feature","geometry":{"type":"Point","coordinates":[-73.78646705778343,40.689897665845535]},"properties":{"tpcondition":"Fair","stumpdiameter":null,"riskratingdate":null,"riskrating":null,"objectid":"3664234","globalid":"D82C5BA4-DDBE-487D-9A71-11303AEFAD75","tpstructure":"Full","plantingspaceglobalid":"51548FFA-09A7-40F2-BF12-BD780C021D56","createddate":"2016-06-23 18:52:25.0000000","dbh":"2","planteddate":null,"updateddate":"2016-06-23 18:52:31.0000000","geometry":"POINT(-73.78646705778343 40.689897665845535)","genusspecies":"Tilia x. europaea - Common linden"}},{"type":"Feature","geometry":{"type":"Point","coordinates":[-73.7867590631875,40.690290951279124]},"properties":{"tpcondition":"Fair","stumpdiameter":null,"riskratingdate":null,"riskrating":null,"objectid":"3664235","globalid":"70705DE6-5348-441B-9244-7C8373F2E0BA","tpstructure":"Full","plantingspaceglobalid":"A00EA81D-AB74-47C8-8F87-AE8CDC9D3A72","createddate":"2016-06-23 18:49:19.0000000","dbh":"22","planteddate":null,"updateddate":"2016-10-18 14:44:12.0000000","geometry":"POINT(-73.7867590631875 40.690290951279124)","genusspecies":"Quercus ellipsoidalis - northern pin oak"}},{"type":"Feature","geometry":{"type":"Point","coordinates":[-73.7868329186886,40.69038638850926]},"properties":{"tpcondition":"Fair","stumpdiameter":null,"riskratingdate":null,"riskrating":null,"objectid":"3664236","globalid":"64450837-733B-4A0A-AC5A-5225C4816461","tpstructure":"Full","plantingspaceglobalid":"D7863336-EA52-4256-AE2A-F7A4C30B07BF","createddate":"2016-06-23 18:48:40.0000000","dbh":"10","planteddate":null,"updateddate":"2016-10-18 14:05:40.0000000","geometry":"POINT(-73.7868329186886 40.69038638850926)","genusspecies":"Quercus ellipsoidalis - northern pin oak"}},{"type":"Feature","geometry":{"type":"Point","coordinates":[-73.7869798100585,40.690587581669824]},"properties":{"tpcondition":"Fair","stumpdiameter":null,"riskratingdate":null,"riskrating":null,"objectid":"3664237","globalid":"778F09C2-CCBF-43DA-88C7-86BB116161FE","tpstructure":"Full","plantingspaceglobalid":"A25EB758-24D2-4164-A2D5-F2A3563C4299","createddate":"2016-06-23 18:45:08.0000000","dbh":"19","planteddate":null,"updateddate":"2016-10-18 14:46:16.0000000","geometry":"POINT(-73.7869798100585 40.690587581669824)","genusspecies":"Quercus ellipsoidalis - northern pin oak"}},{"type":"Feature","geometry":{"type":"Point","coordinates":[-73.78703182942324,40.69065375847178]},"properties":{"tpcondition":"Unknown","stumpdiameter":null,"riskratingdate":null,"riskrating":null,"objectid":"3664238","globalid":"7339E247-DE33-4065-8CFA-53867141683D","tpstructure":"Full","plantingspaceglobalid":"214317FD-A962-46CD-AF02-4302DBCB8B6C","createddate":"2016-06-23 18:44:19.0000000","dbh":"10","planteddate":null,"updateddate":"2020-09-04 12:43:10.0000000","geometry":"POINT(-73.78703182942324 40.69065375847178)","genusspecies":"Gleditsia triacanthos var. inermis - Thornless honeylocust"}},{"type":"Feature","geometry":{"type":"Point","coordinates":[-73.78707776193207,40.69071794260139]},"properties":{"tpcondition":"Fair","stumpdiameter":null,"riskratingdate":null,"riskrating":null,"objectid":"3664239","globalid":"84EBCCDC-AAF2-4877-BB41-62D47048A3E6","tpstructure":"Full","plantingspaceglobalid":"147558BC-2166-47B1-BAD0-564EDDD5154D","createddate":"2016-06-23 18:43:42.0000000","dbh":"14","planteddate":null,"updateddate":"2016-10-18 14:33:49.0000000","geometry":"POINT(-73.78707776193207 40.69071794260139)","genusspecies":"Gleditsia triacanthos var. inermis - Thornless honeylocust"}},{"type":"Feature","geometry":{"type":"Point","coordinates":[-73.78737661714295,40.69114224134933]},"properties":{"tpcondition":"Fair","stumpdiameter":null,"riskratingdate":null,"riskrating":null,"objectid":"3664240","globalid":"2AA2590A-4CD0-487D-AA54-9AC211D86E4E","tpstructure":"Full","plantingspaceglobalid":"8CBF9A7C-F6B2-438B-9CFF-77F31BD4E64F","createddate":"2016-06-23 18:39:27.0000000","dbh":"13","planteddate":null,"updateddate":"2016-06-23 18:39:31.0000000","geometry":"POINT(-73.78737661714295 40.69114224134933)","genusspecies":"Gleditsia triacanthos var. inermis - Thornless honeylocust"}},{"type":"Feature","geometry":{"type":"Point","coordinates":[-73.78730337998336,40.69103591514626]},"properties":{"tpcondition":"Fair","stumpdiameter":null,"riskratingdate":null,"riskrating":null,"objectid":"3664241","globalid":"C6FF6B1D-B16B-42D1-9CA0-17BD7D74A1DF","tpstructure":"Full","plantingspaceglobalid":"A30888B3-A943-42A2-88C1-EC182BFDE548","createddate":"2016-06-23 18:38:23.0000000","dbh":"13","planteddate":null,"updateddate":"2016-10-17 19:31:26.0000000","geometry":"POINT(-73.78730337998336 40.69103591514626)","genusspecies":"Tilia x. europaea - Common linden"}},{"type":"Feature","geometry":{"type":"Point","coordinates":[-73.78727380404419,40.69099075520683]},"properties":{"tpcondition":"Fair","stumpdiameter":null,"riskratingdate":null,"riskrating":null,"objectid":"3664242","globalid":"69463294-E72F-4263-816E-A1478275E7F8","tpstructure":"Full","plantingspaceglobalid":"0779D660-598B-4532-AA12-4DEEF39AC92E","createddate":"2016-06-23 18:36:49.0000000","dbh":"31","planteddate":null,"updateddate":"2016-06-23 18:36:53.0000000","geometry":"POINT(-73.78727380404419 40.69099075520683)","genusspecies":"Tilia x. europaea - Common linden"}},{"type":"Feature","geometry":{"type":"Point","coordinates":[-73.78719587911398,40.69088947866374]},"properties":{"tpcondition":"Dead","stumpdiameter":null,"riskratingdate":null,"riskrating":null,"objectid":"3664243","globalid":"4896D548-FA72-4797-83F6-E271D9C401FA","tpstructure":"Full","plantingspaceglobalid":"E0EF9D5E-CCC2-4EC2-B4E1-D19980D0989D","createddate":"2016-06-23 18:34:58.0000000","dbh":"15","planteddate":null,"updateddate":"2016-10-17 18:57:29.0000000","geometry":"POINT(-73.78719587911398 40.69088947866374)","genusspecies":"Unknown - Unknown"}},{"type":"Feature","geometry":{"type":"Point","coordinates":[-73.78818480614923,40.69224394536356]},"properties":{"tpcondition":"Fair","stumpdiameter":null,"riskratingdate":null,"riskrating":null,"objectid":"3664244","globalid":"5077410F-A9E5-4192-A462-E47276123845","tpstructure":"Full","plantingspaceglobalid":"15E9A511-5452-4B4F-A3EF-F45978E58B4A","createddate":"2016-06-23 18:29:05.0000000","dbh":"18","planteddate":null,"updateddate":"2016-10-18 15:09:18.0000000","geometry":"POINT(-73.78818480614923 40.69224394536356)","genusspecies":"Quercus ellipsoidalis - northern pin oak"}},{"type":"Feature","geometry":{"type":"Point","coordinates":[-73.78847556468313,40.692642877089966]},"properties":{"tpcondition":"Fair","stumpdiameter":null,"riskratingdate":null,"riskrating":null,"objectid":"3664245","globalid":"A8C077E4-7157-4176-A2CA-0C5D09B8EAAE","tpstructure":"Full","plantingspaceglobalid":"6097D3B6-0DAA-4888-BFE9-6B5A811FAC39","createddate":"2016-06-23 18:26:06.0000000","dbh":"17","planteddate":null,"updateddate":"2016-06-23 18:26:41.0000000","geometry":"POINT(-73.78847556468313 40.692642877089966)","genusspecies":"Quercus ellipsoidalis - northern pin oak"}},{"type":"Feature","geometry":{"type":"Point","coordinates":[-73.78856122378946,40.69276391961901]},"properties":{"tpcondition":"Fair","stumpdiameter":null,"riskratingdate":null,"riskrating":null,"objectid":"3664246","globalid":"E9EF9111-C406-4E7E-B865-A87389D20DC6","tpstructure":"Full","plantingspaceglobalid":"966DCE90-E63E-45EF-998C-FC7E2506089A","createddate":"2016-06-23 18:25:39.0000000","dbh":"16","planteddate":null,"updateddate":"2016-10-17 19:05:40.0000000","geometry":"POINT(-73.78856122378946 40.69276391961901)","genusspecies":"Quercus ellipsoidalis - northern pin oak"}},{"type":"Feature","geometry":{"type":"Point","coordinates":[-73.78861269284761,40.692833141945265]},"properties":{"tpcondition":"Fair","stumpdiameter":null,"riskratingdate":null,"riskrating":null,"objectid":"3664247","globalid":"F86C4A90-5AAF-44DB-8FC1-747BAA628B1D","tpstructure":"Full","plantingspaceglobalid":"BD4BB5B9-0E7C-48E0-8B94-E52B4069519B","createddate":"2016-06-23 18:25:09.0000000","dbh":"15","planteddate":null,"updateddate":"2016-06-23 18:25:14.0000000","geometry":"POINT(-73.78861269284761 40.692833141945265)","genusspecies":"Quercus ellipsoidalis - northern pin oak"}},{"type":"Feature","geometry":{"type":"Point","coordinates":[-73.78870504844485,40.6929648664112]},"properties":{"tpcondition":"Fair","stumpdiameter":null,"riskratingdate":null,"riskrating":null,"objectid":"3664248","globalid":"4B41503A-463A-4190-9ADB-842C5C808181","tpstructure":"Full","plantingspaceglobalid":"4C0A8A28-580D-4C0F-B8AD-F284AD5689D9","createddate":"2016-06-23 18:18:38.0000000","dbh":"21","planteddate":null,"updateddate":"2016-10-17 19:07:01.0000000","geometry":"POINT(-73.78870504844485 40.6929648664112)","genusspecies":"Quercus ellipsoidalis - northern pin oak"}},{"type":"Feature","geometry":{"type":"Point","coordinates":[-73.78880373724935,40.693095515948464]},"properties":{"tpcondition":"Fair","stumpdiameter":null,"riskratingdate":null,"riskrating":null,"objectid":"3664249","globalid":"AEB7BBB2-F3F1-4F26-B8EE-45A73307A026","tpstructure":"Full","plantingspaceglobalid":"E7320CFC-1101-418C-9243-ABBC2E19F72D","createddate":"2016-06-23 18:17:26.0000000","dbh":"18","planteddate":null,"updateddate":"2016-10-17 18:59:36.0000000","geometry":"POINT(-73.78880373724935 40.693095515948464)","genusspecies":"Quercus ellipsoidalis - northern pin oak"}}], "crs" : { "type": "name", "properties": { "name": "urn:ogc:def:crs:OGC:1.3:CRS84" } } }