{ "type": "FeatureCollection", "features": [{"type":"Feature","geometry":{"type":"Point","coordinates":[-74.155213434246,40.55327322228992]},"properties":{"tpcondition":"Fair","stumpdiameter":"0","riskratingdate":"2019-08-07 10:41:48.0000000","riskrating":"6","objectid":"2940881","globalid":"94560D69-CFE2-472E-8E43-FA452E002269","tpstructure":"Full","plantingspaceglobalid":"FAD7421E-4332-4341-99D3-9732E507D878","createddate":"2016-03-15 17:20:21.0000000","dbh":"6","planteddate":null,"updateddate":"2019-08-07 14:41:50.0000000","geometry":"POINT(-74.155213434246 40.55327322228992)","genusspecies":"Acer saccharinum - silver maple"}},{"type":"Feature","geometry":{"type":"Point","coordinates":[-74.15523864905023,40.55332756010144]},"properties":{"tpcondition":"Fair","stumpdiameter":"0","riskratingdate":"2019-08-07 10:44:53.0000000","riskrating":"7","objectid":"2940882","globalid":"52019D64-F027-44AA-A0F4-F9BC4ECD08B9","tpstructure":"Full","plantingspaceglobalid":"5514BFBE-4E6C-4CE1-BE60-2CF52B2A21EF","createddate":"2016-03-15 17:20:21.0000000","dbh":"12","planteddate":null,"updateddate":"2019-08-07 14:44:54.0000000","geometry":"POINT(-74.15523864905023 40.55332756010144)","genusspecies":"Acer saccharinum - silver maple"}},{"type":"Feature","geometry":{"type":"Point","coordinates":[-74.16540569784044,40.54914436309707]},"properties":{"tpcondition":"Good","stumpdiameter":null,"riskratingdate":"2023-04-11 14:20:14.0000000","riskrating":"6","objectid":"2940883","globalid":"C0A0F738-AB01-4507-A992-3ED450981333","tpstructure":"Full","plantingspaceglobalid":"D62D6AF3-4ADB-493E-9C88-7BC7048D71BB","createddate":"2016-03-15 17:20:22.0000000","dbh":"13","planteddate":null,"updateddate":"2023-04-11 14:20:14.0000000","geometry":"POINT(-74.16540569784044 40.54914436309707)","genusspecies":"Gleditsia triacanthos var. inermis - Thornless honeylocust"}},{"type":"Feature","geometry":{"type":"Point","coordinates":[-74.16544069098597,40.54930130923589]},"properties":{"tpcondition":"Fair","stumpdiameter":null,"riskratingdate":"2025-09-13 17:10:23.0000000","riskrating":"8","objectid":"2940884","globalid":"3C9253D3-8BB0-49CF-BE5C-692A11BCE78F","tpstructure":"Full","plantingspaceglobalid":"ED3664C3-6202-4CA3-AA64-CFFF89561C58","createddate":"2016-03-15 17:20:22.0000000","dbh":"17","planteddate":null,"updateddate":"2025-09-13 17:10:23.0000000","geometry":"POINT(-74.16544069098597 40.54930130923589)","genusspecies":"Fraxinus - Ash"}},{"type":"Feature","geometry":{"type":"Point","coordinates":[-74.16548714712441,40.549509667523544]},"properties":{"tpcondition":"Dead","stumpdiameter":"7","riskratingdate":"2020-05-18 13:23:00.0000000","riskrating":"6","objectid":"2940885","globalid":"096182CB-D609-4ADD-90DD-4097736C0786","tpstructure":"Stump","plantingspaceglobalid":"A5240195-605F-4CBD-953B-78DE0BD288DB","createddate":"2016-03-15 17:20:00.0000000","dbh":"4","planteddate":null,"updateddate":"2020-11-16 19:37:09.0000000","geometry":"POINT(-74.16548714712441 40.549509667523544)","genusspecies":"Prunus virginiana - chokecherry"}},{"type":"Feature","geometry":{"type":"Point","coordinates":[-74.16552575972356,40.54968284857028]},"properties":{"tpcondition":"Good","stumpdiameter":null,"riskratingdate":"2020-11-02 18:13:35.0000000","riskrating":"5","objectid":"2940886","globalid":"5B15B00B-22EB-4FCF-95E9-C98B83F2ECA6","tpstructure":"Full","plantingspaceglobalid":"EB987E6C-E52C-421E-A75F-5F3B2CA633CA","createddate":"2016-03-15 17:20:23.0000000","dbh":"9","planteddate":null,"updateddate":"2020-11-02 18:13:35.0000000","geometry":"POINT(-74.16552575972356 40.54968284857028)","genusspecies":"Quercus rubra - northern red oak"}},{"type":"Feature","geometry":{"type":"Point","coordinates":[-74.16558488623649,40.54994803080206]},"properties":{"tpcondition":"Fair","stumpdiameter":null,"riskratingdate":"2025-01-22 15:45:10.0000000","riskrating":"5","objectid":"2940887","globalid":"BDABE941-7685-4B40-A409-8DD23D9003B2","tpstructure":"Full","plantingspaceglobalid":"8A3A14EF-E4B3-46D9-987D-CA1972158368","createddate":"2016-03-15 17:20:23.0000000","dbh":"13","planteddate":null,"updateddate":"2025-01-22 15:45:10.0000000","geometry":"POINT(-74.16558488623649 40.54994803080206)","genusspecies":"Liquidambar styraciflua - sweetgum"}},{"type":"Feature","geometry":{"type":"Point","coordinates":[-74.16560057178117,40.55001838637597]},"properties":{"tpcondition":"Dead","stumpdiameter":"12","riskratingdate":"2023-02-10 14:18:50.0000000","riskrating":"9","objectid":"2940888","globalid":"2E66C98B-B5E7-4AD7-8A4E-1D0482C07B87","tpstructure":"Stump","plantingspaceglobalid":"13A2516C-520D-458E-AF44-6ECE4FC3FB09","createddate":"2016-03-15 17:20:23.0000000","dbh":"10","planteddate":null,"updateddate":"2024-03-11 10:17:47.0000000","geometry":"POINT(-74.16560057178117 40.55001838637597)","genusspecies":"Acer rubrum - red maple"}},{"type":"Feature","geometry":{"type":"Point","coordinates":[-74.16561505198472,40.55008332953878]},"properties":{"tpcondition":"Dead","stumpdiameter":"9","riskratingdate":"2020-09-22 12:40:47.0000000","riskrating":"9","objectid":"2940889","globalid":"1677FCF1-2208-4916-92C8-CFE66168B779","tpstructure":"Stump","plantingspaceglobalid":"9AAAC591-6D34-4A08-B434-6E7079751C46","createddate":"2016-03-15 17:20:23.0000000","dbh":"9","planteddate":null,"updateddate":"2021-06-26 13:16:09.0000000","geometry":"POINT(-74.16561505198472 40.55008332953878)","genusspecies":"Acer platanoides - Norway maple"}},{"type":"Feature","geometry":{"type":"Point","coordinates":[-74.1656265165284,40.55013474225348]},"properties":{"tpcondition":"Dead","stumpdiameter":"15","riskratingdate":"2021-06-04 16:54:00.0000000","riskrating":"6","objectid":"2940890","globalid":"0437BBAE-16AD-4747-A581-AE5589B8239E","tpstructure":"Stump","plantingspaceglobalid":"47A78D5F-E4B2-463F-9A44-1623C2107BB4","createddate":"2016-03-15 17:20:00.0000000","dbh":"10","planteddate":null,"updateddate":"2022-03-17 14:16:23.0000000","geometry":"POINT(-74.1656265165284 40.55013474225348)","genusspecies":"Acer rubrum - red maple"}},{"type":"Feature","geometry":{"type":"Point","coordinates":[-74.16566814705149,40.550321453115075]},"properties":{"tpcondition":"Good","stumpdiameter":null,"riskratingdate":"2023-04-11 14:22:40.0000000","riskrating":"4","objectid":"2940891","globalid":"A4BF9D7E-496C-424B-8816-37786874BD34","tpstructure":"Full","plantingspaceglobalid":"1E12FCED-EF9A-477D-BB0C-C2B5EE46226F","createddate":"2016-03-15 17:20:24.0000000","dbh":"29","planteddate":null,"updateddate":"2023-04-11 14:22:40.0000000","geometry":"POINT(-74.16566814705149 40.550321453115075)","genusspecies":"Platanus occidentalis - American sycamore"}},{"type":"Feature","geometry":{"type":"Point","coordinates":[-74.16569047063088,40.55042157347466]},"properties":{"tpcondition":"Dead","stumpdiameter":"21","riskratingdate":null,"riskrating":null,"objectid":"2940892","globalid":"696142E4-6F27-4528-AF19-07200F2FEE76","tpstructure":"Retired","plantingspaceglobalid":"158A436E-DF4B-49B5-A92D-C46FB87CEFFC","createddate":"2016-03-15 17:20:24.0000000","dbh":"0","planteddate":null,"updateddate":"2016-06-21 11:36:49.0000000","geometry":"POINT(-74.16569047063088 40.55042157347466)","genusspecies":"Unknown - Unknown"}},{"type":"Feature","geometry":{"type":"Point","coordinates":[-74.16571460310772,40.55052981072348]},"properties":{"tpcondition":"Fair","stumpdiameter":"0","riskratingdate":null,"riskrating":null,"objectid":"2940893","globalid":"8B2F3677-9CA7-4F45-A304-A8AA7EFD5B5F","tpstructure":"Full","plantingspaceglobalid":"C0C55E61-70DE-4D63-858E-F92D86B28B68","createddate":"2016-03-15 17:20:25.0000000","dbh":"10","planteddate":null,"updateddate":"2017-12-06 07:55:36.0000000","geometry":"POINT(-74.16571460310772 40.55052981072348)","genusspecies":"Acer platanoides - Norway maple"}},{"type":"Feature","geometry":{"type":"Point","coordinates":[-74.16573511723794,40.55062181303573]},"properties":{"tpcondition":"Fair","stumpdiameter":"0","riskratingdate":"2017-05-23 10:37:04.0000000","riskrating":"3","objectid":"2940894","globalid":"392D7059-6C3F-4FF0-95EE-4BFFAF362D78","tpstructure":"Full","plantingspaceglobalid":"DBB5BC99-80E7-4D26-BBBA-DAD43D41BE16","createddate":"2016-03-15 17:20:25.0000000","dbh":"11","planteddate":null,"updateddate":"2017-12-06 07:56:43.0000000","geometry":"POINT(-74.16573511723794 40.55062181303573)","genusspecies":"Acer saccharinum - silver maple"}},{"type":"Feature","geometry":{"type":"Point","coordinates":[-74.15531641345174,40.55349298035197]},"properties":{"tpcondition":"Fair","stumpdiameter":null,"riskratingdate":"2025-03-06 12:48:17.0000000","riskrating":"7","objectid":"2940895","globalid":"58A11760-3404-4E06-A566-18E93B321511","tpstructure":"Full","plantingspaceglobalid":"48218400-432B-4978-BCE6-090BCF5A2EF6","createddate":"2016-03-15 17:20:25.0000000","dbh":"10","planteddate":null,"updateddate":"2025-03-06 12:48:17.0000000","geometry":"POINT(-74.15531641345174 40.55349298035197)","genusspecies":"Liquidambar styraciflua - sweetgum"}},{"type":"Feature","geometry":{"type":"Point","coordinates":[-74.15534320258479,40.5535527118561]},"properties":{"tpcondition":"Dead","stumpdiameter":"12","riskratingdate":"2025-03-06 12:50:20.0000000","riskrating":"8","objectid":"2940896","globalid":"4D35D4AC-62EE-440B-84A7-D95E7BC4059A","tpstructure":"Stump","plantingspaceglobalid":"26EA0BCA-AD52-499E-B9F0-9705BD2A23AA","createddate":"2016-03-15 17:20:25.0000000","dbh":"10","planteddate":null,"updateddate":"2025-03-28 14:51:35.0000000","geometry":"POINT(-74.15534320258479 40.5535527118561)","genusspecies":"Acer platanoides - Norway maple"}},{"type":"Feature","geometry":{"type":"Point","coordinates":[-74.15536999101737,40.55361244392643]},"properties":{"tpcondition":"Critical","stumpdiameter":null,"riskratingdate":"2024-07-08 15:58:26.0000000","riskrating":"8","objectid":"2940897","globalid":"4EACFE03-AFB0-4D2F-BB46-2D7417606F90","tpstructure":"Full","plantingspaceglobalid":"2F154B4C-A7FB-418E-B300-A60BFBDC0042","createddate":"2016-03-15 17:20:25.0000000","dbh":"14","planteddate":null,"updateddate":"2024-07-08 15:58:26.0000000","geometry":"POINT(-74.15536999101737 40.55361244392643)","genusspecies":"Liquidambar styraciflua - sweetgum"}},{"type":"Feature","geometry":{"type":"Point","coordinates":[-74.1553967802502,40.55367217713296]},"properties":{"tpcondition":"Fair","stumpdiameter":"0","riskratingdate":"2019-08-07 11:23:19.0000000","riskrating":"7","objectid":"2940898","globalid":"2D4F4F4C-C515-4E7E-A7D7-84E7887FEB77","tpstructure":"Full","plantingspaceglobalid":"F94A4182-70CC-41F4-9CE8-668DE5F89A37","createddate":"2016-03-15 17:20:26.0000000","dbh":"13","planteddate":null,"updateddate":"2019-08-07 15:23:21.0000000","geometry":"POINT(-74.1553967802502 40.55367217713296)","genusspecies":"Liquidambar styraciflua - sweetgum"}},{"type":"Feature","geometry":{"type":"Point","coordinates":[-74.15547598239782,40.5538487770091]},"properties":{"tpcondition":"Fair","stumpdiameter":"0","riskratingdate":"2019-08-07 12:23:12.0000000","riskrating":"7","objectid":"2940899","globalid":"B3CFC8BC-1C98-4399-97A7-6BA2393DE5E4","tpstructure":"Full","plantingspaceglobalid":"33C2FA92-EA37-40A2-8FEF-A2D2A86276F0","createddate":"2016-03-15 17:20:26.0000000","dbh":"6","planteddate":null,"updateddate":"2019-08-07 16:23:14.0000000","geometry":"POINT(-74.15547598239782 40.5538487770091)","genusspecies":"Pyrus calleryana - Callery pear"}},{"type":"Feature","geometry":{"type":"Point","coordinates":[-74.15550975932649,40.55392409126714]},"properties":{"tpcondition":"Good","stumpdiameter":"0","riskratingdate":"2019-08-07 12:49:31.0000000","riskrating":"3","objectid":"2940900","globalid":"2F205CC5-123E-4696-B972-92AFF445DF59","tpstructure":"Full","plantingspaceglobalid":"A1BD201F-F374-4048-B5EB-C796F19F5556","createddate":"2016-03-15 17:20:26.0000000","dbh":"6","planteddate":null,"updateddate":"2019-08-07 16:49:33.0000000","geometry":"POINT(-74.15550975932649 40.55392409126714)","genusspecies":"Pyrus calleryana - Callery pear"}},{"type":"Feature","geometry":{"type":"Point","coordinates":[-74.15552024284646,40.55394746516673]},"properties":{"tpcondition":"Fair","stumpdiameter":"0","riskratingdate":"2019-08-07 12:54:26.0000000","riskrating":"7","objectid":"2940901","globalid":"8DBD3AC5-B13F-4FB0-9AAC-4532E9500A68","tpstructure":"Full","plantingspaceglobalid":"36E8B201-DEE7-4DE7-A93C-3656BE8AB1AC","createddate":"2016-03-15 17:20:26.0000000","dbh":"8","planteddate":null,"updateddate":"2019-08-07 16:54:27.0000000","geometry":"POINT(-74.15552024284646 40.55394746516673)","genusspecies":"Pyrus calleryana - Callery pear"}},{"type":"Feature","geometry":{"type":"Point","coordinates":[-74.15553824196242,40.55397591193784]},"properties":{"tpcondition":"Fair","stumpdiameter":"0","riskratingdate":"2019-08-07 13:28:32.0000000","riskrating":"3","objectid":"2940902","globalid":"84A6288C-7605-4397-9B99-BA88578BCB09","tpstructure":"Full","plantingspaceglobalid":"22380154-AFD8-4D11-81AE-25AA2849FB95","createddate":"2016-03-15 17:20:26.0000000","dbh":"6","planteddate":null,"updateddate":"2019-08-07 17:32:13.0000000","geometry":"POINT(-74.15553824196242 40.55397591193784)","genusspecies":"Pyrus calleryana - Callery pear"}},{"type":"Feature","geometry":{"type":"Point","coordinates":[-74.15556916078397,40.554056541262106]},"properties":{"tpcondition":"Fair","stumpdiameter":"0","riskratingdate":"2019-08-07 13:37:15.0000000","riskrating":"7","objectid":"2940903","globalid":"F075D9E2-6A96-4154-9937-C230C2043754","tpstructure":"Full","plantingspaceglobalid":"493A3134-77C7-4964-BF5A-46FB634534B0","createddate":"2016-03-15 17:20:27.0000000","dbh":"6","planteddate":null,"updateddate":"2019-08-07 17:37:16.0000000","geometry":"POINT(-74.15556916078397 40.554056541262106)","genusspecies":"Pyrus calleryana - Callery pear"}},{"type":"Feature","geometry":{"type":"Point","coordinates":[-74.15560410301705,40.55413445347961]},"properties":{"tpcondition":"Fair","stumpdiameter":"0","riskratingdate":"2019-08-08 09:30:57.0000000","riskrating":"7","objectid":"2940904","globalid":"D1A692AE-64B5-443C-B16B-635BA3EC3264","tpstructure":"Full","plantingspaceglobalid":"58A40114-39BB-4CA6-BC61-DD74341204D9","createddate":"2016-03-15 17:20:27.0000000","dbh":"9","planteddate":null,"updateddate":"2019-08-08 13:30:59.0000000","geometry":"POINT(-74.15560410301705 40.55413445347961)","genusspecies":"Pyrus calleryana - Callery pear"}},{"type":"Feature","geometry":{"type":"Point","coordinates":[-74.15798633641121,40.55333157228986]},"properties":{"tpcondition":"Good","stumpdiameter":"0","riskratingdate":"2019-07-30 13:33:47.0000000","riskrating":"7","objectid":"2940905","globalid":"095F5139-20F9-438B-A704-126320A17191","tpstructure":"Full","plantingspaceglobalid":"6DBC42CD-08E4-4C22-ABDA-8A0DB7D398C1","createddate":"2016-03-15 17:20:27.0000000","dbh":"10","planteddate":null,"updateddate":"2019-07-30 17:33:49.0000000","geometry":"POINT(-74.15798633641121 40.55333157228986)","genusspecies":"Zelkova serrata - Japanese zelkova"}},{"type":"Feature","geometry":{"type":"Point","coordinates":[-74.15806084468929,40.553321952125714]},"properties":{"tpcondition":"Good","stumpdiameter":"0","riskratingdate":"2019-07-30 13:36:12.0000000","riskrating":"6","objectid":"2940906","globalid":"30D47159-A382-44FB-B9FC-EED0452CA9F0","tpstructure":"Full","plantingspaceglobalid":"15B5E3EF-25FB-479B-93C3-55A344C984C4","createddate":"2016-03-15 17:20:27.0000000","dbh":"19","planteddate":null,"updateddate":"2019-07-30 17:36:14.0000000","geometry":"POINT(-74.15806084468929 40.553321952125714)","genusspecies":"Platanus x acerifolia - London planetree"}},{"type":"Feature","geometry":{"type":"Point","coordinates":[-74.15821695863723,40.5533017983735]},"properties":{"tpcondition":"Good","stumpdiameter":"0","riskratingdate":"2019-07-30 13:39:28.0000000","riskrating":"6","objectid":"2940907","globalid":"E16F8E11-E8DD-4729-A96F-DCE343667A61","tpstructure":"Full","plantingspaceglobalid":"FE2CCE21-8DC9-4802-8EED-E4E480B312A1","createddate":"2016-03-15 17:20:27.0000000","dbh":"8","planteddate":null,"updateddate":"2019-07-30 17:39:29.0000000","geometry":"POINT(-74.15821695863723 40.5533017983735)","genusspecies":"Acer saccharum - sugar maple"}},{"type":"Feature","geometry":{"type":"Point","coordinates":[-74.15830920896781,40.553289887988974]},"properties":{"tpcondition":"Dead","stumpdiameter":"23","riskratingdate":"2017-06-01 15:53:28.0000000","riskrating":"10","objectid":"2940908","globalid":"5A7D0305-C558-41B1-B8A2-E342FD4DAE4F","tpstructure":"Retired","plantingspaceglobalid":"3776AC57-C29B-47B3-95C3-89A712BE7FE9","createddate":"2016-03-15 17:20:27.0000000","dbh":"21","planteddate":null,"updateddate":"2018-11-17 20:48:34.0000000","geometry":"POINT(-74.15830920896781 40.553289887988974)","genusspecies":"Acer saccharinum - silver maple"}},{"type":"Feature","geometry":{"type":"Point","coordinates":[-74.15845468110072,40.5532711084088]},"properties":{"tpcondition":"Fair","stumpdiameter":null,"riskratingdate":"2024-07-22 13:10:04.0000000","riskrating":"9","objectid":"2940909","globalid":"6F1AC963-63BA-4D54-8D88-FB5B4E222EA0","tpstructure":"Full","plantingspaceglobalid":"1FC900CE-2644-4EFA-9AC3-063F4F3BD963","createddate":"2016-03-15 17:20:28.0000000","dbh":"30","planteddate":null,"updateddate":"2024-07-22 13:10:04.0000000","geometry":"POINT(-74.15845468110072 40.5532711084088)","genusspecies":"Platanus occidentalis - American sycamore"}},{"type":"Feature","geometry":{"type":"Point","coordinates":[-74.15867111178302,40.55324316530842]},"properties":{"tpcondition":"Good","stumpdiameter":"0","riskratingdate":"2019-07-31 08:47:22.0000000","riskrating":"6","objectid":"2940910","globalid":"5862C195-D0F0-4BAF-AEE7-9817F2F6DD0B","tpstructure":"Full","plantingspaceglobalid":"575A05F0-2252-426B-9E81-A01BA07A7585","createddate":"2016-03-15 17:20:28.0000000","dbh":"4","planteddate":null,"updateddate":"2019-07-31 12:47:23.0000000","geometry":"POINT(-74.15867111178302 40.55324316530842)","genusspecies":"Acer rubrum - red maple"}},{"type":"Feature","geometry":{"type":"Point","coordinates":[-74.15883880298367,40.55322304560744]},"properties":{"tpcondition":"Good","stumpdiameter":"0","riskratingdate":"2019-07-31 08:51:49.0000000","riskrating":"7","objectid":"2940911","globalid":"D0201D65-F7D1-4A5A-B4CF-6AF2C6EBB152","tpstructure":"Full","plantingspaceglobalid":"326388BB-1771-447A-B2D5-0221129A772E","createddate":"2016-03-15 17:20:28.0000000","dbh":"13","planteddate":null,"updateddate":"2019-07-31 12:51:50.0000000","geometry":"POINT(-74.15883880298367 40.55322304560744)","genusspecies":"Tilia cordata - littleleaf linden"}},{"type":"Feature","geometry":{"type":"Point","coordinates":[-74.15931685853973,40.5531597948017]},"properties":{"tpcondition":"Fair","stumpdiameter":"0","riskratingdate":"2019-07-31 09:04:09.0000000","riskrating":"7","objectid":"2940912","globalid":"47965620-2032-42A2-812E-09A0511AF986","tpstructure":"Full","plantingspaceglobalid":"5F97232F-8A6D-4855-95FD-3CF9E1B73313","createddate":"2016-03-15 17:20:28.0000000","dbh":"11","planteddate":null,"updateddate":"2019-07-31 13:04:11.0000000","geometry":"POINT(-74.15931685853973 40.5531597948017)","genusspecies":"Quercus rubra - northern red oak"}},{"type":"Feature","geometry":{"type":"Point","coordinates":[-74.15945878064409,40.553141470052125]},"properties":{"tpcondition":"Dead","stumpdiameter":"32","riskratingdate":"2021-08-23 16:38:00.0000000","riskrating":"9","objectid":"2940913","globalid":"A4253DF3-3AB5-4F70-A2A8-5A12E9B60529","tpstructure":"Stump","plantingspaceglobalid":"43B8E76E-EE39-4AE8-AF8C-EFDC4ACA56B6","createddate":"2016-03-15 17:20:00.0000000","dbh":null,"planteddate":null,"updateddate":"2024-03-20 16:22:49.0000000","geometry":"POINT(-74.15945878064409 40.553141470052125)","genusspecies":"Platanus x acerifolia - London planetree"}},{"type":"Feature","geometry":{"type":"Point","coordinates":[-74.15960425212936,40.553122688443736]},"properties":{"tpcondition":"Dead","stumpdiameter":"0","riskratingdate":null,"riskrating":null,"objectid":"2940914","globalid":"48453ADA-EBCC-4175-BF00-45BD8F4DC4AA","tpstructure":"Retired","plantingspaceglobalid":"D6329606-CFC5-431C-8741-92E8C51E4AF8","createddate":"2016-03-15 17:20:29.0000000","dbh":"3","planteddate":null,"updateddate":"2019-07-31 13:14:28.0000000","geometry":"POINT(-74.15960425212936 40.553122688443736)","genusspecies":"Unknown - Unknown"}},{"type":"Feature","geometry":{"type":"Point","coordinates":[-74.1598029413355,40.55309703405058]},"properties":{"tpcondition":"Fair","stumpdiameter":"0","riskratingdate":"2019-08-06 14:19:34.0000000","riskrating":"7","objectid":"2940915","globalid":"3AECD066-EAD7-44D1-A6AF-FDEF42FD3D58","tpstructure":"Full","plantingspaceglobalid":"00A155C0-CF12-48AE-9A3A-E2852223BD3D","createddate":"2016-03-15 17:20:29.0000000","dbh":"12","planteddate":null,"updateddate":"2019-08-06 18:19:35.0000000","geometry":"POINT(-74.1598029413355 40.55309703405058)","genusspecies":"Fraxinus pennsylvanica - Green ash"}},{"type":"Feature","geometry":{"type":"Point","coordinates":[-74.15992712416787,40.553081000163175]},"properties":{"tpcondition":"Good","stumpdiameter":"0","riskratingdate":"2019-07-31 09:21:00.0000000","riskrating":"3","objectid":"2940916","globalid":"5A44AE08-09CF-4FA0-9578-4E5AE6503513","tpstructure":"Full","plantingspaceglobalid":"0E93DC6F-A275-4B08-9713-43BB59E7E78F","createddate":"2016-03-15 17:20:29.0000000","dbh":"15","planteddate":null,"updateddate":"2019-08-06 18:05:24.0000000","geometry":"POINT(-74.15992712416787 40.553081000163175)","genusspecies":"Gleditsia triacanthos var. inermis - Thornless honeylocust"}},{"type":"Feature","geometry":{"type":"Point","coordinates":[-74.14458334940552,40.558816484061566]},"properties":{"tpcondition":"Fair","stumpdiameter":null,"riskratingdate":"2025-10-03 11:31:58.0000000","riskrating":"7","objectid":"2940917","globalid":"01252C2B-DB59-4F82-AF49-B9BB1B7659A9","tpstructure":"Full","plantingspaceglobalid":"3FA9D520-16D3-4DE1-8767-4AE4E7A1A609","createddate":"2016-03-15 17:20:29.0000000","dbh":"11","planteddate":null,"updateddate":"2025-10-03 11:31:58.0000000","geometry":"POINT(-74.14458334940552 40.558816484061566)","genusspecies":"Platanus x acerifolia - London planetree"}},{"type":"Feature","geometry":{"type":"Point","coordinates":[-74.14453550206673,40.55884556380417]},"properties":{"tpcondition":"Fair","stumpdiameter":null,"riskratingdate":"2025-10-03 11:29:40.0000000","riskrating":"6","objectid":"2940918","globalid":"ACF0F29C-E3D7-4500-ADE1-B00744F090AE","tpstructure":"Full","plantingspaceglobalid":"C73425D3-DF51-4816-8C55-729B11124CEA","createddate":"2016-03-15 17:20:30.0000000","dbh":"8","planteddate":null,"updateddate":"2025-10-03 11:29:40.0000000","geometry":"POINT(-74.14453550206673 40.55884556380417)","genusspecies":"Platanus x acerifolia - London planetree"}},{"type":"Feature","geometry":{"type":"Point","coordinates":[-74.14450735641937,40.558862668516824]},"properties":{"tpcondition":"Fair","stumpdiameter":null,"riskratingdate":"2025-10-03 11:27:51.0000000","riskrating":"7","objectid":"2940919","globalid":"734034CC-C553-4C42-A044-9C1FB8D1250D","tpstructure":"Full","plantingspaceglobalid":"918DF762-8459-4229-A3EC-5D55766E2D12","createddate":"2016-03-15 17:20:30.0000000","dbh":"12","planteddate":null,"updateddate":"2025-10-03 11:27:51.0000000","geometry":"POINT(-74.14450735641937 40.558862668516824)","genusspecies":"Platanus x acerifolia - London planetree"}},{"type":"Feature","geometry":{"type":"Point","coordinates":[-74.14446795444314,40.55888661738784]},"properties":{"tpcondition":"Fair","stumpdiameter":null,"riskratingdate":"2025-10-03 11:26:25.0000000","riskrating":"7","objectid":"2940920","globalid":"BD8EE1B2-02EF-4AF9-946F-069E4C0BA88C","tpstructure":"Full","plantingspaceglobalid":"94362A10-335B-4A6E-949D-000DC15A7FF7","createddate":"2016-03-15 17:20:30.0000000","dbh":"16","planteddate":null,"updateddate":"2025-10-03 11:26:25.0000000","geometry":"POINT(-74.14446795444314 40.55888661738784)","genusspecies":"Platanus x acerifolia - London planetree"}},{"type":"Feature","geometry":{"type":"Point","coordinates":[-74.14440040673786,40.558927671503405]},"properties":{"tpcondition":"Fair","stumpdiameter":null,"riskratingdate":"2025-10-03 11:24:06.0000000","riskrating":"7","objectid":"2940921","globalid":"81B3D736-B0EB-4F94-82FC-86937DE3875C","tpstructure":"Full","plantingspaceglobalid":"007A3EEA-6CAD-4C61-8E6D-EA1563E510AA","createddate":"2016-03-15 17:20:30.0000000","dbh":"17","planteddate":null,"updateddate":"2025-10-03 11:24:06.0000000","geometry":"POINT(-74.14440040673786 40.558927671503405)","genusspecies":"Platanus x acerifolia - London planetree"}},{"type":"Feature","geometry":{"type":"Point","coordinates":[-74.14436663322705,40.55894819768807]},"properties":{"tpcondition":"Fair","stumpdiameter":null,"riskratingdate":"2025-10-03 11:20:49.0000000","riskrating":"7","objectid":"2940922","globalid":"02BAA037-4C4D-48D2-B489-8361A1379804","tpstructure":"Full","plantingspaceglobalid":"A31E794B-9894-48A5-905C-53716E75DF9B","createddate":"2016-03-15 17:20:31.0000000","dbh":"18","planteddate":null,"updateddate":"2025-10-03 11:20:49.0000000","geometry":"POINT(-74.14436663322705 40.55894819768807)","genusspecies":"Platanus x acerifolia - London planetree"}},{"type":"Feature","geometry":{"type":"Point","coordinates":[-74.14427656818627,40.559002936612394]},"properties":{"tpcondition":"Fair","stumpdiameter":null,"riskratingdate":"2025-10-03 11:19:30.0000000","riskrating":"7","objectid":"2940923","globalid":"AF0E6042-14B1-4120-9788-834924E700AA","tpstructure":"Full","plantingspaceglobalid":"50E315BA-C26F-415A-ABAE-75D4FF324C99","createddate":"2016-03-15 17:20:31.0000000","dbh":"18","planteddate":null,"updateddate":"2025-10-03 11:19:30.0000000","geometry":"POINT(-74.14427656818627 40.559002936612394)","genusspecies":"Platanus x acerifolia - London planetree"}},{"type":"Feature","geometry":{"type":"Point","coordinates":[-74.14422590667417,40.55903372611813]},"properties":{"tpcondition":"Fair","stumpdiameter":null,"riskratingdate":"2025-10-03 11:16:09.0000000","riskrating":"7","objectid":"2940924","globalid":"B430D646-1E6D-470E-8DCF-9015D79BF0C5","tpstructure":"Full","plantingspaceglobalid":"BFDCA594-8E37-4467-BC00-B55A27D81808","createddate":"2016-03-15 17:20:31.0000000","dbh":"20","planteddate":null,"updateddate":"2025-10-03 11:16:09.0000000","geometry":"POINT(-74.14422590667417 40.55903372611813)","genusspecies":"Liquidambar styraciflua - sweetgum"}},{"type":"Feature","geometry":{"type":"Point","coordinates":[-74.14416680339541,40.55906964870231]},"properties":{"tpcondition":"Fair","stumpdiameter":null,"riskratingdate":"2025-10-03 11:34:12.0000000","riskrating":"7","objectid":"2940925","globalid":"606F723A-6024-4C8B-AD6F-2FCBBA4B00AA","tpstructure":"Full","plantingspaceglobalid":"C4E1BCF7-8E85-4612-B2D8-2470CF65E766","createddate":"2016-03-15 17:20:31.0000000","dbh":"17","planteddate":null,"updateddate":"2025-10-03 11:34:12.0000000","geometry":"POINT(-74.14416680339541 40.55906964870231)","genusspecies":"Liquidambar styraciflua - sweetgum"}},{"type":"Feature","geometry":{"type":"Point","coordinates":[-74.14411614103484,40.55910043930401]},"properties":{"tpcondition":"Fair","stumpdiameter":null,"riskratingdate":"2025-10-03 11:37:10.0000000","riskrating":"7","objectid":"2940926","globalid":"239E7A2F-17B6-4471-ACCF-2E10408B3422","tpstructure":"Full","plantingspaceglobalid":"6842348E-0176-4828-894C-8183FA9A1234","createddate":"2016-03-15 17:20:31.0000000","dbh":"15","planteddate":null,"updateddate":"2025-10-03 11:37:10.0000000","geometry":"POINT(-74.14411614103484 40.55910043930401)","genusspecies":"Liquidambar styraciflua - sweetgum"}},{"type":"Feature","geometry":{"type":"Point","coordinates":[-74.1440654801271,40.55913122988142]},"properties":{"tpcondition":"Fair","stumpdiameter":null,"riskratingdate":"2025-10-03 11:39:35.0000000","riskrating":"7","objectid":"2940927","globalid":"D67A86BC-B43F-4371-8E3E-BD1269E84CCD","tpstructure":"Full","plantingspaceglobalid":"8A0E6C54-09B3-4E3C-B6FC-E1A0EF68B160","createddate":"2016-03-15 17:20:32.0000000","dbh":"12","planteddate":null,"updateddate":"2025-10-03 11:39:35.0000000","geometry":"POINT(-74.1440654801271 40.55913122988142)","genusspecies":"Liquidambar styraciflua - sweetgum"}},{"type":"Feature","geometry":{"type":"Point","coordinates":[-74.16602278249626,40.548290677459484]},"properties":{"tpcondition":"Fair","stumpdiameter":"0","riskratingdate":null,"riskrating":null,"objectid":"2940928","globalid":"A842FA3F-B52D-4C1D-97B5-68462D04557E","tpstructure":"Full","plantingspaceglobalid":"90D0BFF6-AB26-4A79-AF2F-A48BFE1F2495","createddate":"2016-03-15 17:20:32.0000000","dbh":"9","planteddate":null,"updateddate":"2017-11-29 10:50:58.0000000","geometry":"POINT(-74.16602278249626 40.548290677459484)","genusspecies":"Acer platanoides 'Not Green Leaf' - 'Not Green Leaf' Norway maple"}},{"type":"Feature","geometry":{"type":"Point","coordinates":[-74.16600207004998,40.54818480214313]},"properties":{"tpcondition":"Fair","stumpdiameter":"0","riskratingdate":null,"riskrating":null,"objectid":"2940929","globalid":"6B460C25-EEF4-46FE-9416-B8E8E88D2952","tpstructure":"Full","plantingspaceglobalid":"59738E59-5D95-4869-B256-7D83B1946B86","createddate":"2016-03-15 17:20:32.0000000","dbh":"6","planteddate":null,"updateddate":"2017-11-29 10:49:43.0000000","geometry":"POINT(-74.16600207004998 40.54818480214313)","genusspecies":"Acer platanoides 'Not Green Leaf' - 'Not Green Leaf' Norway maple"}},{"type":"Feature","geometry":{"type":"Point","coordinates":[-74.16597073763114,40.5480246308578]},"properties":{"tpcondition":"Fair","stumpdiameter":"0","riskratingdate":null,"riskrating":null,"objectid":"2940930","globalid":"0B9722CC-B8FE-4074-9BF5-FEF387FC703A","tpstructure":"Full","plantingspaceglobalid":"E312440D-9380-4F06-822C-722E4CB04DB9","createddate":"2016-03-15 17:20:32.0000000","dbh":"8","planteddate":null,"updateddate":"2017-11-29 10:48:44.0000000","geometry":"POINT(-74.16597073763114 40.5480246308578)","genusspecies":"Pyrus calleryana - Callery pear"}},{"type":"Feature","geometry":{"type":"Point","coordinates":[-74.16596489650982,40.54799476999268]},"properties":{"tpcondition":"Fair","stumpdiameter":"0","riskratingdate":null,"riskrating":null,"objectid":"2940931","globalid":"323C9EBE-A9D3-49F3-862D-539837A88C18","tpstructure":"Full","plantingspaceglobalid":"A2BB2EC8-01D1-4691-8706-A773A0630235","createddate":"2016-03-15 17:20:32.0000000","dbh":"6","planteddate":null,"updateddate":"2017-11-29 10:48:00.0000000","geometry":"POINT(-74.16596489650982 40.54799476999268)","genusspecies":"Pyrus calleryana - Callery pear"}},{"type":"Feature","geometry":{"type":"Point","coordinates":[-74.16594949461505,40.5479160417889]},"properties":{"tpcondition":"Fair","stumpdiameter":"0","riskratingdate":null,"riskrating":null,"objectid":"2940932","globalid":"3E29976E-7071-427F-A317-A32D7E331939","tpstructure":"Full","plantingspaceglobalid":"568A602B-D6F3-463E-90CE-7EF18FE3F3F1","createddate":"2016-03-15 17:20:33.0000000","dbh":"9","planteddate":null,"updateddate":"2017-11-29 10:42:54.0000000","geometry":"POINT(-74.16594949461505 40.5479160417889)","genusspecies":"Pyrus calleryana - Callery pear"}},{"type":"Feature","geometry":{"type":"Point","coordinates":[-74.1659208183758,40.54776944604959]},"properties":{"tpcondition":"Fair","stumpdiameter":"0","riskratingdate":null,"riskrating":null,"objectid":"2940933","globalid":"EA8CEA01-B9C8-4A93-8C71-C90D92AFD372","tpstructure":"Full","plantingspaceglobalid":"891D8B09-D0CC-4652-8573-5DC666D6EFAA","createddate":"2016-03-15 17:20:33.0000000","dbh":"7","planteddate":null,"updateddate":"2017-11-29 10:41:45.0000000","geometry":"POINT(-74.1659208183758 40.54776944604959)","genusspecies":"Pyrus calleryana - Callery pear"}},{"type":"Feature","geometry":{"type":"Point","coordinates":[-74.16605558633339,40.547411199245744]},"properties":{"tpcondition":"Fair","stumpdiameter":"0","riskratingdate":null,"riskrating":null,"objectid":"2940934","globalid":"61727621-2647-460B-AFD3-E45B7D353B70","tpstructure":"Full","plantingspaceglobalid":"9FD2AC14-D53F-4D76-8B89-07EA836D03A2","createddate":"2016-03-15 17:20:33.0000000","dbh":"3","planteddate":null,"updateddate":"2017-11-29 10:40:17.0000000","geometry":"POINT(-74.16605558633339 40.547411199245744)","genusspecies":"Pyrus calleryana - Callery pear"}},{"type":"Feature","geometry":{"type":"Point","coordinates":[-74.16607735898509,40.5473389745418]},"properties":{"tpcondition":"Fair","stumpdiameter":"0","riskratingdate":null,"riskrating":null,"objectid":"2940935","globalid":"07EDBA5E-A1EE-447D-B3C6-46372016F1E8","tpstructure":"Full","plantingspaceglobalid":"FEC61374-E272-4D4A-8E81-6573172C9357","createddate":"2016-03-15 17:20:33.0000000","dbh":"3","planteddate":null,"updateddate":"2017-11-29 10:39:12.0000000","geometry":"POINT(-74.16607735898509 40.5473389745418)","genusspecies":"Crataegus - Hawthorn"}},{"type":"Feature","geometry":{"type":"Point","coordinates":[-74.16609278458968,40.54723693373598]},"properties":{"tpcondition":"Dead","stumpdiameter":"4","riskratingdate":null,"riskrating":null,"objectid":"2940936","globalid":"B26A6420-B858-44FC-B6A9-78257CAC06B4","tpstructure":"Retired","plantingspaceglobalid":"C574BA34-ABA0-4687-B3F5-AE087BA02F4E","createddate":"2016-03-15 17:20:33.0000000","dbh":"4","planteddate":null,"updateddate":"2018-09-04 17:36:30.0000000","geometry":"POINT(-74.16609278458968 40.54723693373598)","genusspecies":"Unknown - Unknown"}},{"type":"Feature","geometry":{"type":"Point","coordinates":[-74.1660727136554,40.547041322047455]},"properties":{"tpcondition":"Good","stumpdiameter":"0","riskratingdate":null,"riskrating":null,"objectid":"2940937","globalid":"F50E3599-8484-4396-A988-CC7C9923B361","tpstructure":"Full","plantingspaceglobalid":"EE947D9C-10D7-4A37-9C56-4DD42750212F","createddate":"2016-03-15 17:20:34.0000000","dbh":"2","planteddate":null,"updateddate":"2017-11-28 14:31:10.0000000","geometry":"POINT(-74.1660727136554 40.547041322047455)","genusspecies":"Crataegus - Hawthorn"}},{"type":"Feature","geometry":{"type":"Point","coordinates":[-74.16604774096847,40.546939495774474]},"properties":{"tpcondition":"Dead","stumpdiameter":"9","riskratingdate":"2019-06-12 13:55:00.0000000","riskrating":"7","objectid":"2940938","globalid":"BD8F5DA1-6ED9-41E8-B204-8813912EF1F5","tpstructure":"Stump","plantingspaceglobalid":"558BD562-B944-4476-95EC-894FD30258DA","createddate":"2016-03-15 17:20:00.0000000","dbh":"9","planteddate":null,"updateddate":"2020-06-15 14:49:00.0000000","geometry":"POINT(-74.16604774096847 40.546939495774474)","genusspecies":"Liquidambar styraciflua - sweetgum"}},{"type":"Feature","geometry":{"type":"Point","coordinates":[-74.16603200547961,40.54688031457432]},"properties":{"tpcondition":"Fair","stumpdiameter":"0","riskratingdate":null,"riskrating":null,"objectid":"2940939","globalid":"FE4C42C9-4D2D-45E3-8391-709510E03478","tpstructure":"Full","plantingspaceglobalid":"C6B38816-080E-4FAE-A2EB-D40B190EDF77","createddate":"2016-03-15 17:20:34.0000000","dbh":"5","planteddate":null,"updateddate":"2017-11-28 14:29:37.0000000","geometry":"POINT(-74.16603200547961 40.54688031457432)","genusspecies":"Pyrus calleryana - Callery pear"}},{"type":"Feature","geometry":{"type":"Point","coordinates":[-74.16602199063924,40.54684265417518]},"properties":{"tpcondition":"Fair","stumpdiameter":"0","riskratingdate":null,"riskrating":null,"objectid":"2940940","globalid":"4BC3A94B-4B32-4271-A3EA-94EBF65CAFF5","tpstructure":"Full","plantingspaceglobalid":"79AE40C5-EAC7-4572-8768-A519A42C9906","createddate":"2016-03-15 17:20:34.0000000","dbh":"7","planteddate":null,"updateddate":"2017-11-28 14:28:52.0000000","geometry":"POINT(-74.16602199063924 40.54684265417518)","genusspecies":"Pyrus calleryana - Callery pear"}},{"type":"Feature","geometry":{"type":"Point","coordinates":[-74.16600983283023,40.546796924256576]},"properties":{"tpcondition":"Fair","stumpdiameter":"0","riskratingdate":null,"riskrating":null,"objectid":"2940941","globalid":"567F238D-8096-455B-90E0-B39CEE987CAE","tpstructure":"Full","plantingspaceglobalid":"68C55C53-AC37-46D7-8EC5-84D64359DC67","createddate":"2016-03-15 17:20:34.0000000","dbh":"6","planteddate":null,"updateddate":"2017-11-28 14:28:12.0000000","geometry":"POINT(-74.16600983283023 40.546796924256576)","genusspecies":"Pyrus calleryana - Callery pear"}},{"type":"Feature","geometry":{"type":"Point","coordinates":[-74.16599767203934,40.54675119434084]},"properties":{"tpcondition":"Fair","stumpdiameter":"0","riskratingdate":null,"riskrating":null,"objectid":"2940942","globalid":"BD77BC78-6F4A-4A94-A415-EE8A01810C07","tpstructure":"Full","plantingspaceglobalid":"A0BC2B6F-8A17-40F9-A220-23B16E66321B","createddate":"2016-03-15 17:20:34.0000000","dbh":"10","planteddate":null,"updateddate":"2017-11-28 14:27:30.0000000","geometry":"POINT(-74.16599767203934 40.54675119434084)","genusspecies":"Pyrus calleryana - Callery pear"}},{"type":"Feature","geometry":{"type":"Point","coordinates":[-74.16591684786371,40.54644721933464]},"properties":{"tpcondition":"Fair","stumpdiameter":"0","riskratingdate":null,"riskrating":null,"objectid":"2940943","globalid":"F8E9DC1B-3584-49DA-AE0F-B8673286C37F","tpstructure":"Full","plantingspaceglobalid":"5B00E17E-2BC7-4AC1-A595-55B8E4753AAA","createddate":"2016-03-15 17:20:35.0000000","dbh":"15","planteddate":null,"updateddate":"2017-11-28 14:25:23.0000000","geometry":"POINT(-74.16591684786371 40.54644721933464)","genusspecies":"Quercus palustris - pin oak"}},{"type":"Feature","geometry":{"type":"Point","coordinates":[-74.16588394574963,40.546323478549056]},"properties":{"tpcondition":"Good","stumpdiameter":"0","riskratingdate":null,"riskrating":null,"objectid":"2940944","globalid":"15A49018-08DA-4AF8-AE7D-04D5D0EAEDC8","tpstructure":"Full","plantingspaceglobalid":"24D5069D-C8B6-4D3F-BE4D-CDC0F5193EA3","createddate":"2016-03-15 17:20:35.0000000","dbh":"14","planteddate":null,"updateddate":"2017-11-28 14:24:32.0000000","geometry":"POINT(-74.16588394574963 40.546323478549056)","genusspecies":"Gleditsia triacanthos var. inermis - Thornless honeylocust"}},{"type":"Feature","geometry":{"type":"Point","coordinates":[-74.16584246074635,40.546167457394056]},"properties":{"tpcondition":"Fair","stumpdiameter":"0","riskratingdate":null,"riskrating":null,"objectid":"2940945","globalid":"30F5D0AC-FB56-4B59-A2F0-9F31C6FC74C4","tpstructure":"Full","plantingspaceglobalid":"6804C03D-86E4-44F3-AE38-F9AB51A6CF18","createddate":"2016-03-15 17:20:35.0000000","dbh":"17","planteddate":null,"updateddate":"2017-11-28 14:23:36.0000000","geometry":"POINT(-74.16584246074635 40.546167457394056)","genusspecies":"Quercus palustris - pin oak"}},{"type":"Feature","geometry":{"type":"Point","coordinates":[-74.1658167125085,40.54607061459674]},"properties":{"tpcondition":"Good","stumpdiameter":null,"riskratingdate":"2024-10-24 17:03:33.0000000","riskrating":"5","objectid":"2940946","globalid":"8C70950F-EB84-4FF5-9BBE-4EC11C71930A","tpstructure":"Full","plantingspaceglobalid":"C164C01E-D0D6-4323-9536-ACDBF57F53A0","createddate":"2016-03-15 17:20:35.0000000","dbh":"23","planteddate":null,"updateddate":"2024-10-24 17:03:33.0000000","geometry":"POINT(-74.1658167125085 40.54607061459674)","genusspecies":"Quercus coccinea - scarlet oak"}},{"type":"Feature","geometry":{"type":"Point","coordinates":[-74.16578810186654,40.5459630139612]},"properties":{"tpcondition":"Fair","stumpdiameter":null,"riskratingdate":"2025-01-23 17:01:43.0000000","riskrating":"4","objectid":"2940947","globalid":"0857521A-4A49-4D21-AD44-893910404CC6","tpstructure":"Full","plantingspaceglobalid":"7C670EF7-180D-4CA7-B0D2-A03E6096D1AA","createddate":"2016-03-15 17:20:36.0000000","dbh":"8","planteddate":null,"updateddate":"2025-01-23 17:01:43.0000000","geometry":"POINT(-74.16578810186654 40.5459630139612)","genusspecies":"Prunus cerasifera - cherry plum"}},{"type":"Feature","geometry":{"type":"Point","coordinates":[-74.16577162269584,40.545893951315136]},"properties":{"tpcondition":"Good","stumpdiameter":null,"riskratingdate":"2024-10-24 17:11:52.0000000","riskrating":"6","objectid":"2940948","globalid":"E215BF6F-A9B1-4930-A8EC-7AD9CEE884FB","tpstructure":"Full","plantingspaceglobalid":"5184B1D5-B14F-4119-9867-6A0F78F8B26A","createddate":"2016-03-15 17:20:36.0000000","dbh":"30","planteddate":null,"updateddate":"2024-10-24 17:11:52.0000000","geometry":"POINT(-74.16577162269584 40.545893951315136)","genusspecies":"Quercus coccinea - scarlet oak"}},{"type":"Feature","geometry":{"type":"Point","coordinates":[-74.16570619399754,40.545644462524145]},"properties":{"tpcondition":"Good","stumpdiameter":"0","riskratingdate":"2022-08-08 16:59:42.0000000","riskrating":"6","objectid":"2940949","globalid":"57F98CEC-D6F8-4E39-B62A-CB1D25F121AD","tpstructure":"Full","plantingspaceglobalid":"E9935354-199D-47AE-B43C-49FAE4587B6C","createddate":"2016-03-15 17:20:36.0000000","dbh":"23","planteddate":null,"updateddate":"2022-08-08 16:59:42.0000000","geometry":"POINT(-74.16570619399754 40.545644462524145)","genusspecies":"Quercus palustris - pin oak"}},{"type":"Feature","geometry":{"type":"Point","coordinates":[-74.16549376098226,40.545541431146816]},"properties":{"tpcondition":"Good","stumpdiameter":"0","riskratingdate":null,"riskrating":null,"objectid":"2940950","globalid":"16CFF296-BBED-479F-8707-948293456F3B","tpstructure":"Retired","plantingspaceglobalid":"E899D45B-5E79-4F8B-AA34-9EFAD5B4C6D6","createddate":"2016-03-15 17:20:36.0000000","dbh":"2","planteddate":null,"updateddate":"2017-12-08 07:54:26.0000000","geometry":"POINT(-74.16549376098226 40.545541431146816)","genusspecies":"Cornus kousa - kousa dogwood"}},{"type":"Feature","geometry":{"type":"Point","coordinates":[-74.16522271404534,40.545649506872216]},"properties":{"tpcondition":"Fair","stumpdiameter":"0","riskratingdate":null,"riskrating":null,"objectid":"2940951","globalid":"4D20CBBB-9469-42E6-8E1B-C6104DFC6A1F","tpstructure":"Full","plantingspaceglobalid":"27F3333C-A918-4618-97A2-2A9F8A0868E4","createddate":"2016-03-15 17:20:36.0000000","dbh":"12","planteddate":null,"updateddate":"2017-12-08 07:53:10.0000000","geometry":"POINT(-74.16522271404534 40.545649506872216)","genusspecies":"Pyrus calleryana - Callery pear"}},{"type":"Feature","geometry":{"type":"Point","coordinates":[-74.16507922037091,40.545706723641274]},"properties":{"tpcondition":"Fair","stumpdiameter":"0","riskratingdate":null,"riskrating":null,"objectid":"2940952","globalid":"B0798DF2-FB88-4832-B773-AD980321112D","tpstructure":"Full","plantingspaceglobalid":"F7294CB4-413A-4895-B84D-6E5675E24490","createddate":"2016-03-15 17:20:37.0000000","dbh":"3","planteddate":null,"updateddate":"2017-12-08 07:52:18.0000000","geometry":"POINT(-74.16507922037091 40.545706723641274)","genusspecies":"Pyrus calleryana - Callery pear"}},{"type":"Feature","geometry":{"type":"Point","coordinates":[-74.16502501018581,40.545728338642505]},"properties":{"tpcondition":"Fair","stumpdiameter":"0","riskratingdate":"2019-03-05 11:03:36.0000000","riskrating":"5","objectid":"2940953","globalid":"D3EDDAF9-352A-4AFD-8C56-C40938B9099F","tpstructure":"Full","plantingspaceglobalid":"418AB2D5-8847-4B08-BE86-187A3B3B8700","createddate":"2016-03-15 17:20:37.0000000","dbh":"7","planteddate":null,"updateddate":"2019-03-05 16:03:38.0000000","geometry":"POINT(-74.16502501018581 40.545728338642505)","genusspecies":"Pyrus calleryana - Callery pear"}},{"type":"Feature","geometry":{"type":"Point","coordinates":[-74.16482092618944,40.54580971303694]},"properties":{"tpcondition":"Dead","stumpdiameter":"15","riskratingdate":"2020-08-06 22:42:58.0000000","riskrating":"8","objectid":"2940954","globalid":"E1C5AE9B-C4C8-4892-83DE-23771A2C15D7","tpstructure":"Stump - Uprooted","plantingspaceglobalid":"7E71B389-F70F-47F1-95DA-04C92AA55896","createddate":"2016-03-15 17:20:37.0000000","dbh":null,"planteddate":null,"updateddate":"2021-03-17 18:22:49.0000000","geometry":"POINT(-74.16482092618944 40.54580971303694)","genusspecies":"Fraxinus - Ash"}},{"type":"Feature","geometry":{"type":"Point","coordinates":[-74.16476671733504,40.545831327342064]},"properties":{"tpcondition":"Fair","stumpdiameter":null,"riskratingdate":"2025-09-13 16:07:06.0000000","riskrating":"7","objectid":"2940955","globalid":"5FFE28F0-8D1B-40D5-9D08-7A838ACA3AFB","tpstructure":"Full","plantingspaceglobalid":"DDB34A3E-522E-4E5C-AAEE-AC4B1D7A21D8","createddate":"2016-03-15 17:20:37.0000000","dbh":"14","planteddate":null,"updateddate":"2025-09-13 16:07:06.0000000","geometry":"POINT(-74.16476671733504 40.545831327342064)","genusspecies":"Fraxinus - Ash"}},{"type":"Feature","geometry":{"type":"Point","coordinates":[-74.16663805110066,40.54772208758876]},"properties":{"tpcondition":"Fair","stumpdiameter":"0","riskratingdate":null,"riskrating":null,"objectid":"2940956","globalid":"4BA18F8C-4B1D-458E-9CA2-622D673643D8","tpstructure":"Full","plantingspaceglobalid":"77742678-B53E-4DF9-8742-D5F63D435944","createddate":"2016-03-15 17:20:37.0000000","dbh":"4","planteddate":null,"updateddate":"2017-11-28 14:33:04.0000000","geometry":"POINT(-74.16663805110066 40.54772208758876)","genusspecies":"Prunus cerasifera - cherry plum"}},{"type":"Feature","geometry":{"type":"Point","coordinates":[-74.16671384469835,40.547786256575705]},"properties":{"tpcondition":"Fair","stumpdiameter":"0","riskratingdate":null,"riskrating":null,"objectid":"2940957","globalid":"B2FC4C1B-4FA1-4A71-A6FC-98E4E4D7C771","tpstructure":"Full","plantingspaceglobalid":"F31DCF40-FE5C-4CDD-9BB8-F967D91C7D1D","createddate":"2016-03-15 17:20:38.0000000","dbh":"4","planteddate":null,"updateddate":"2017-11-28 14:33:52.0000000","geometry":"POINT(-74.16671384469835 40.547786256575705)","genusspecies":"Prunus cerasifera - cherry plum"}},{"type":"Feature","geometry":{"type":"Point","coordinates":[-74.16691274388094,40.54811798849816]},"properties":{"tpcondition":"Fair","stumpdiameter":"0","riskratingdate":null,"riskrating":null,"objectid":"2940958","globalid":"FD305C32-A123-49B2-9923-1877530B2EC4","tpstructure":"Full","plantingspaceglobalid":"94412B9C-F4F1-41FD-8CAB-219B1B11D1DD","createddate":"2016-03-15 17:20:38.0000000","dbh":"16","planteddate":null,"updateddate":"2017-11-28 14:35:57.0000000","geometry":"POINT(-74.16691274388094 40.54811798849816)","genusspecies":"Quercus palustris - pin oak"}},{"type":"Feature","geometry":{"type":"Point","coordinates":[-74.16694314816867,40.54824210144064]},"properties":{"tpcondition":"Fair","stumpdiameter":"0","riskratingdate":null,"riskrating":null,"objectid":"2940959","globalid":"99AA6D86-126A-426F-A16D-C1FC828F2026","tpstructure":"Full","plantingspaceglobalid":"F81EDC52-18BB-410C-84A6-932DFB2FA55E","createddate":"2016-03-15 17:20:38.0000000","dbh":"9","planteddate":null,"updateddate":"2017-11-28 14:36:38.0000000","geometry":"POINT(-74.16694314816867 40.54824210144064)","genusspecies":"Quercus palustris - pin oak"}},{"type":"Feature","geometry":{"type":"Point","coordinates":[-74.16695979857899,40.54854249153059]},"properties":{"tpcondition":"Fair","stumpdiameter":"0","riskratingdate":null,"riskrating":null,"objectid":"2940960","globalid":"E31AAD29-8FFA-48A5-87ED-EEF337D5C622","tpstructure":"Full","plantingspaceglobalid":"0C11F1EC-86B9-4D25-803C-C019D292D371","createddate":"2016-03-15 17:20:38.0000000","dbh":"5","planteddate":null,"updateddate":"2017-11-28 14:42:28.0000000","geometry":"POINT(-74.16695979857899 40.54854249153059)","genusspecies":"Pyrus calleryana - Callery pear"}},{"type":"Feature","geometry":{"type":"Point","coordinates":[-74.1669029176748,40.54854928185849]},"properties":{"tpcondition":"Fair","stumpdiameter":"0","riskratingdate":null,"riskrating":null,"objectid":"2940961","globalid":"A770540A-DF2B-4FF5-86EE-3D908DC34F1E","tpstructure":"Full","plantingspaceglobalid":"6B2FAA14-05C5-4C07-BDBE-E3AC43B58AA0","createddate":"2016-03-15 17:20:38.0000000","dbh":"4","planteddate":null,"updateddate":"2017-11-28 14:43:09.0000000","geometry":"POINT(-74.1669029176748 40.54854928185849)","genusspecies":"Pyrus calleryana - Callery pear"}},{"type":"Feature","geometry":{"type":"Point","coordinates":[-74.1668389285189,40.54855692136987]},"properties":{"tpcondition":"Fair","stumpdiameter":"0","riskratingdate":null,"riskrating":null,"objectid":"2940962","globalid":"36AFA613-9971-44C9-BBB0-340C28D5B5BE","tpstructure":"Full","plantingspaceglobalid":"A13EF294-314F-4012-8E45-DC6E9492072B","createddate":"2016-03-15 17:20:39.0000000","dbh":"6","planteddate":null,"updateddate":"2017-11-28 14:43:49.0000000","geometry":"POINT(-74.1668389285189 40.54855692136987)","genusspecies":"Pyrus calleryana - Callery pear"}},{"type":"Feature","geometry":{"type":"Point","coordinates":[-74.16676427211067,40.54856583380559]},"properties":{"tpcondition":"Fair","stumpdiameter":"0","riskratingdate":null,"riskrating":null,"objectid":"2940963","globalid":"D8CC1517-B86D-4D78-842B-DC32DB076B31","tpstructure":"Full","plantingspaceglobalid":"FECE720C-634E-47D3-8B2A-057F53670F87","createddate":"2016-03-15 17:20:39.0000000","dbh":"8","planteddate":null,"updateddate":"2017-11-28 14:44:31.0000000","geometry":"POINT(-74.16676427211067 40.54856583380559)","genusspecies":"Pyrus calleryana - Callery pear"}},{"type":"Feature","geometry":{"type":"Point","coordinates":[-74.14648632032349,40.54037107422044]},"properties":{"tpcondition":"Good","stumpdiameter":"0","riskratingdate":null,"riskrating":null,"objectid":"2940964","globalid":"48B688CE-C07B-4B5F-9223-30FCD06C620D","tpstructure":"Full","plantingspaceglobalid":"2E4FC597-F602-48D3-8A12-7157F3C44650","createddate":"2016-03-15 17:20:40.0000000","dbh":"6","planteddate":null,"updateddate":null,"geometry":"POINT(-74.14648632032349 40.54037107422044)","genusspecies":"Prunus serrulata 'Green leaf' - 'Green leaf' Japanese flowering cherry"}},{"type":"Feature","geometry":{"type":"Point","coordinates":[-74.14645020738473,40.5403267943717]},"properties":{"tpcondition":"Good","stumpdiameter":"0","riskratingdate":null,"riskrating":null,"objectid":"2940965","globalid":"17B3FA57-52C4-44CB-8EFF-74F2DC6BA4DE","tpstructure":"Full","plantingspaceglobalid":"6A5B7796-35CC-4CE2-87FF-51897C271BE2","createddate":"2016-03-15 17:20:40.0000000","dbh":"5","planteddate":null,"updateddate":null,"geometry":"POINT(-74.14645020738473 40.5403267943717)","genusspecies":"Prunus serrulata 'Green leaf' - 'Green leaf' Japanese flowering cherry"}},{"type":"Feature","geometry":{"type":"Point","coordinates":[-74.1463527715417,40.54170493670323]},"properties":{"tpcondition":"Good","stumpdiameter":null,"riskratingdate":"2025-07-17 13:52:07.0000000","riskrating":"6","objectid":"2940966","globalid":"2C80D5ED-CEDD-47F9-89EE-19311ADC88F8","tpstructure":"Full","plantingspaceglobalid":"05B9F7A7-A99F-44D6-A2EB-CDAEB90C3DB0","createddate":"2016-03-15 17:20:41.0000000","dbh":"4","planteddate":null,"updateddate":"2025-07-17 13:52:07.0000000","geometry":"POINT(-74.1463527715417 40.54170493670323)","genusspecies":"Syringa reticulata - Japanese tree lilac"}},{"type":"Feature","geometry":{"type":"Point","coordinates":[-74.1465117036866,40.54151531315784]},"properties":{"tpcondition":"Fair","stumpdiameter":null,"riskratingdate":"2025-07-17 13:53:38.0000000","riskrating":"6","objectid":"2940967","globalid":"E6AA333E-4AA6-4EAB-A453-D3D6B6CBA4E2","tpstructure":"Full","plantingspaceglobalid":"083F6554-8E47-4425-A119-79B457169A5E","createddate":"2016-03-15 17:20:41.0000000","dbh":"11","planteddate":null,"updateddate":"2025-07-17 13:53:38.0000000","geometry":"POINT(-74.1465117036866 40.54151531315784)","genusspecies":"Acer - maple"}},{"type":"Feature","geometry":{"type":"Point","coordinates":[-74.14654271518887,40.54147831349874]},"properties":{"tpcondition":"Fair","stumpdiameter":null,"riskratingdate":"2025-07-17 13:54:22.0000000","riskrating":"6","objectid":"2940968","globalid":"7EE29D42-1F5C-480C-AAC9-4486413E7CAB","tpstructure":"Full","plantingspaceglobalid":"E50B49FF-CC0C-4478-91B7-50DC3E874F98","createddate":"2016-03-15 17:20:41.0000000","dbh":"9","planteddate":null,"updateddate":"2025-07-17 13:54:22.0000000","geometry":"POINT(-74.14654271518887 40.54147831349874)","genusspecies":"Acer - maple"}},{"type":"Feature","geometry":{"type":"Point","coordinates":[-74.14672102709457,40.54126556272572]},"properties":{"tpcondition":"Dead","stumpdiameter":"0","riskratingdate":"2017-07-19 12:12:00.0000000","riskrating":"7","objectid":"2940969","globalid":"B0681848-6AF8-4126-81A6-43562C11D35D","tpstructure":"Retired","plantingspaceglobalid":"1716E954-0159-4999-BF8F-CA5B07ACA36F","createddate":"2016-03-15 17:20:00.0000000","dbh":"5","planteddate":null,"updateddate":"2024-03-28 18:35:16.0000000","geometry":"POINT(-74.14672102709457 40.54126556272572)","genusspecies":"Acer - maple"}},{"type":"Feature","geometry":{"type":"Point","coordinates":[-74.14717415265702,40.540725973648705]},"properties":{"tpcondition":"Fair","stumpdiameter":null,"riskratingdate":"2025-07-17 13:56:41.0000000","riskrating":"6","objectid":"2940970","globalid":"D909B628-908B-4C11-9EB4-1C37CC1DD7D1","tpstructure":"Full","plantingspaceglobalid":"9AA33623-54A4-4DE5-914F-F666A239166E","createddate":"2016-03-15 17:20:42.0000000","dbh":"7","planteddate":null,"updateddate":"2025-07-17 13:56:41.0000000","geometry":"POINT(-74.14717415265702 40.540725973648705)","genusspecies":"Cercis canadensis - eastern redbud"}},{"type":"Feature","geometry":{"type":"Point","coordinates":[-74.14722064140908,40.54067046019607]},"properties":{"tpcondition":"Fair","stumpdiameter":null,"riskratingdate":"2025-07-17 13:57:20.0000000","riskrating":"6","objectid":"2940971","globalid":"381F5F95-F812-472D-BADA-7C5D58555664","tpstructure":"Full","plantingspaceglobalid":"439C5DCC-0EEB-461E-B9DC-49E8F5530F42","createddate":"2016-03-15 17:20:42.0000000","dbh":"7","planteddate":null,"updateddate":"2025-07-17 13:57:20.0000000","geometry":"POINT(-74.14722064140908 40.54067046019607)","genusspecies":"Cercis canadensis - eastern redbud"}},{"type":"Feature","geometry":{"type":"Point","coordinates":[-74.147261317596,40.54062188483898]},"properties":{"tpcondition":"Fair","stumpdiameter":null,"riskratingdate":"2025-07-17 13:58:11.0000000","riskrating":"6","objectid":"2940972","globalid":"18667BB2-ACCE-4B56-8791-71B7B7DEB310","tpstructure":"Full","plantingspaceglobalid":"C3C9825D-D743-426D-8A62-21857E3CE076","createddate":"2016-03-15 17:20:42.0000000","dbh":"6","planteddate":null,"updateddate":"2025-07-17 13:58:11.0000000","geometry":"POINT(-74.147261317596 40.54062188483898)","genusspecies":"Cercis canadensis - eastern redbud"}},{"type":"Feature","geometry":{"type":"Point","coordinates":[-74.14730392996913,40.54057099733521]},"properties":{"tpcondition":"Fair","stumpdiameter":null,"riskratingdate":"2025-07-17 13:59:32.0000000","riskrating":"6","objectid":"2940973","globalid":"4B662EAD-5006-49D1-9239-6CF880016A1A","tpstructure":"Full","plantingspaceglobalid":"2CE87A79-BDF2-467A-903C-E70F769893C8","createddate":"2016-03-15 17:20:42.0000000","dbh":"6","planteddate":null,"updateddate":"2025-07-17 13:59:32.0000000","geometry":"POINT(-74.14730392996913 40.54057099733521)","genusspecies":"Gleditsia triacanthos var. inermis - Thornless honeylocust"}},{"type":"Feature","geometry":{"type":"Point","coordinates":[-74.14751699760717,40.54031655956738]},"properties":{"tpcondition":"Dead","stumpdiameter":"0","riskratingdate":"2019-06-04 13:09:00.0000000","riskrating":"8","objectid":"2940974","globalid":"D717A755-0242-48D1-B2E9-03B898DA8CAB","tpstructure":"Retired","plantingspaceglobalid":"7F491749-A62E-40A9-9E63-721E308CBF8C","createddate":"2016-03-15 17:20:00.0000000","dbh":"11","planteddate":null,"updateddate":"2020-02-12 18:02:00.0000000","geometry":"POINT(-74.14751699760717 40.54031655956738)","genusspecies":"Platanus x acerifolia - London planetree"}},{"type":"Feature","geometry":{"type":"Point","coordinates":[-74.14755186318945,40.540274924517924]},"properties":{"tpcondition":"Fair","stumpdiameter":null,"riskratingdate":"2025-07-17 14:00:32.0000000","riskrating":"7","objectid":"2940975","globalid":"691E24E4-B595-4998-AB43-6E0ED810821D","tpstructure":"Full","plantingspaceglobalid":"3F44BFDE-0CEC-4308-8861-490A05FAC9FC","createddate":"2016-03-15 17:20:43.0000000","dbh":"12","planteddate":null,"updateddate":"2025-07-17 14:00:32.0000000","geometry":"POINT(-74.14755186318945 40.540274924517924)","genusspecies":"Platanus x acerifolia - London planetree"}},{"type":"Feature","geometry":{"type":"Point","coordinates":[-74.14826448070012,40.53943090772673]},"properties":{"tpcondition":"Dead","stumpdiameter":"10","riskratingdate":"2022-07-12 14:07:09.0000000","riskrating":"8","objectid":"2940976","globalid":"500EDBEA-415A-480A-BBAC-DB85D07BB5F6","tpstructure":"Stump","plantingspaceglobalid":"8B135014-E2FB-45AD-A7B1-A0FC9A92D3E4","createddate":"2016-03-15 17:20:43.0000000","dbh":"8","planteddate":null,"updateddate":"2023-01-13 15:12:13.0000000","geometry":"POINT(-74.14826448070012 40.53943090772673)","genusspecies":"Pyrus calleryana - Callery pear"}},{"type":"Feature","geometry":{"type":"Point","coordinates":[-74.14854224071219,40.53909199223711]},"properties":{"tpcondition":"Good","stumpdiameter":null,"riskratingdate":"2025-07-17 14:03:55.0000000","riskrating":"5","objectid":"2940977","globalid":"105AF9DB-AC0A-48D3-BBD5-23C3EDAA4EE4","tpstructure":"Full","plantingspaceglobalid":"8D92C753-2B24-4C45-BAA7-D4F5AE25B9E3","createddate":"2016-03-15 17:20:43.0000000","dbh":"7","planteddate":null,"updateddate":"2025-07-17 14:03:55.0000000","geometry":"POINT(-74.14854224071219 40.53909199223711)","genusspecies":"Ginkgo biloba - maidenhair tree"}},{"type":"Feature","geometry":{"type":"Point","coordinates":[-74.14876254201813,40.53883131488357]},"properties":{"tpcondition":"Good","stumpdiameter":"0","riskratingdate":null,"riskrating":null,"objectid":"2940978","globalid":"DA399B75-ABFB-48B8-B9EA-19945D7BA07E","tpstructure":"Retired","plantingspaceglobalid":"B289F0E8-BDE0-4B6E-9E39-13ABC635A861","createddate":"2016-03-15 17:20:43.0000000","dbh":"10","planteddate":null,"updateddate":"2025-07-17 14:05:08.0000000","geometry":"POINT(-74.14876254201813 40.53883131488357)","genusspecies":"Acer - maple"}},{"type":"Feature","geometry":{"type":"Point","coordinates":[-74.14882492842816,40.53875749512001]},"properties":{"tpcondition":"Good","stumpdiameter":"0","riskratingdate":null,"riskrating":null,"objectid":"2940979","globalid":"43829A96-2511-4564-9220-FBA4E5A8C42B","tpstructure":"Retired","plantingspaceglobalid":"F19D8889-4088-4958-A3FC-985183FB19C1","createddate":"2016-03-15 17:20:44.0000000","dbh":"6","planteddate":null,"updateddate":"2025-07-17 14:05:12.0000000","geometry":"POINT(-74.14882492842816 40.53875749512001)","genusspecies":"Zelkova serrata - Japanese zelkova"}},{"type":"Feature","geometry":{"type":"Point","coordinates":[-74.14663471584505,40.54582697635895]},"properties":{"tpcondition":"Good","stumpdiameter":null,"riskratingdate":"2025-06-25 20:18:25.0000000","riskrating":"5","objectid":"2940980","globalid":"A9527407-47F0-42AB-A0D3-58674050A76D","tpstructure":"Full","plantingspaceglobalid":"0B938686-C9E5-494A-823F-A92C49F909E5","createddate":"2016-03-15 17:20:44.0000000","dbh":"9","planteddate":null,"updateddate":"2025-06-25 20:18:25.0000000","geometry":"POINT(-74.14663471584505 40.54582697635895)","genusspecies":"Pyrus calleryana - Callery pear"}},{"type":"Feature","geometry":{"type":"Point","coordinates":[-74.1465785075773,40.545851521002696]},"properties":{"tpcondition":"Good","stumpdiameter":null,"riskratingdate":"2025-06-25 20:17:46.0000000","riskrating":"5","objectid":"2940981","globalid":"11386E51-A33D-45BA-806E-597FF7D34D9D","tpstructure":"Full","plantingspaceglobalid":"4EE897F7-A745-4260-B410-6531B77A4204","createddate":"2016-03-15 17:20:44.0000000","dbh":"8","planteddate":null,"updateddate":"2025-06-25 20:17:46.0000000","geometry":"POINT(-74.1465785075773 40.545851521002696)","genusspecies":"Pyrus calleryana - Callery pear"}},{"type":"Feature","geometry":{"type":"Point","coordinates":[-74.14649107183266,40.5458897031575]},"properties":{"tpcondition":"Good","stumpdiameter":null,"riskratingdate":"2025-06-25 20:17:01.0000000","riskrating":"5","objectid":"2940982","globalid":"61C54EF3-D73E-4AFB-8F31-65592E54DBEE","tpstructure":"Full","plantingspaceglobalid":"BC2F628D-5463-4D4D-B5D3-E1128F90DB36","createddate":"2016-03-15 17:20:44.0000000","dbh":"7","planteddate":null,"updateddate":"2025-06-25 20:17:01.0000000","geometry":"POINT(-74.14649107183266 40.5458897031575)","genusspecies":"Pyrus calleryana - Callery pear"}},{"type":"Feature","geometry":{"type":"Point","coordinates":[-74.1464254962692,40.545918339156344]},"properties":{"tpcondition":"Good","stumpdiameter":null,"riskratingdate":"2025-06-25 20:16:07.0000000","riskrating":"5","objectid":"2940983","globalid":"89C37AEB-2E75-4AF4-B03C-62C8D64A2914","tpstructure":"Full","plantingspaceglobalid":"85F04290-9B81-4553-B03D-D1397BCB4F81","createddate":"2016-03-15 17:20:44.0000000","dbh":"7","planteddate":null,"updateddate":"2025-06-25 20:16:07.0000000","geometry":"POINT(-74.1464254962692 40.545918339156344)","genusspecies":"Pyrus calleryana - Callery pear"}},{"type":"Feature","geometry":{"type":"Point","coordinates":[-74.14627872896396,40.54598243064146]},"properties":{"tpcondition":"Fair","stumpdiameter":null,"riskratingdate":"2025-06-25 13:36:43.0000000","riskrating":"6","objectid":"2940984","globalid":"7316ECF1-2898-4922-8F3D-D75E67BE06A5","tpstructure":"Full","plantingspaceglobalid":"69EC3F8F-227E-4EF8-9929-8015844032EA","createddate":"2016-03-15 17:20:44.0000000","dbh":"6","planteddate":null,"updateddate":"2025-06-25 13:36:43.0000000","geometry":"POINT(-74.14627872896396 40.54598243064146)","genusspecies":"Acer rubrum - red maple"}},{"type":"Feature","geometry":{"type":"Point","coordinates":[-74.14618504856074,40.546023339027165]},"properties":{"tpcondition":"Excellent","stumpdiameter":null,"riskratingdate":"2025-06-25 20:14:50.0000000","riskrating":"3","objectid":"2940985","globalid":"44877577-5690-43C7-8CC8-2864B9BCFD03","tpstructure":"Full","plantingspaceglobalid":"C228A0F6-CCDA-45FF-AFA4-268E08D10201","createddate":"2016-03-15 17:20:45.0000000","dbh":"5","planteddate":null,"updateddate":"2025-06-25 20:14:50.0000000","geometry":"POINT(-74.14618504856074 40.546023339027165)","genusspecies":"Acer ginnala - Amur maple"}},{"type":"Feature","geometry":{"type":"Point","coordinates":[-74.14612571705383,40.546049247251304]},"properties":{"tpcondition":"Good","stumpdiameter":null,"riskratingdate":"2025-06-25 20:14:15.0000000","riskrating":"6","objectid":"2940986","globalid":"A9EDD677-6CAF-4F11-9F47-AE9867F70234","tpstructure":"Full","plantingspaceglobalid":"153CEB88-DEA3-494C-87A5-5237BAFF6A37","createddate":"2016-03-15 17:20:45.0000000","dbh":"9","planteddate":null,"updateddate":"2025-06-25 20:14:15.0000000","geometry":"POINT(-74.14612571705383 40.546049247251304)","genusspecies":"Liquidambar styraciflua - sweetgum"}},{"type":"Feature","geometry":{"type":"Point","coordinates":[-74.14600080882633,40.546103792345264]},"properties":{"tpcondition":"Fair","stumpdiameter":null,"riskratingdate":"2025-06-25 13:39:30.0000000","riskrating":"6","objectid":"2940987","globalid":"B36E11A7-EE45-47CD-B26C-A52D8BD38DF0","tpstructure":"Full","plantingspaceglobalid":"309D8667-08CE-4DC8-B966-BC18DD5EBD0E","createddate":"2016-03-15 17:20:45.0000000","dbh":"12","planteddate":null,"updateddate":"2025-06-25 13:39:30.0000000","geometry":"POINT(-74.14600080882633 40.546103792345264)","genusspecies":"Acer rubrum - red maple"}},{"type":"Feature","geometry":{"type":"Point","coordinates":[-74.14590088224818,40.54614742866529]},"properties":{"tpcondition":"Good","stumpdiameter":null,"riskratingdate":"2025-06-25 20:12:28.0000000","riskrating":"5","objectid":"2940988","globalid":"106D70D6-D79B-41A5-8DDE-46E26400CF23","tpstructure":"Full","plantingspaceglobalid":"18514048-1E6F-4AB5-A103-2A59F1B3EE10","createddate":"2016-03-15 17:20:00.0000000","dbh":"5","planteddate":null,"updateddate":"2025-06-25 20:12:28.0000000","geometry":"POINT(-74.14590088224818 40.54614742866529)","genusspecies":"Acer platanoides - Norway maple"}},{"type":"Feature","geometry":{"type":"Point","coordinates":[-74.14585091853347,40.546169245935374]},"properties":{"tpcondition":"Fair","stumpdiameter":null,"riskratingdate":"2025-06-25 20:11:32.0000000","riskrating":"5","objectid":"2940989","globalid":"74CE8161-4346-406F-97ED-C1BDFFF2A54E","tpstructure":"Full","plantingspaceglobalid":"3AF112A2-BDF3-4674-8EF6-8371A2C284AB","createddate":"2016-03-15 17:20:45.0000000","dbh":"8","planteddate":null,"updateddate":"2025-06-25 20:11:32.0000000","geometry":"POINT(-74.14585091853347 40.546169245935374)","genusspecies":"Acer rubrum - red maple"}},{"type":"Feature","geometry":{"type":"Point","coordinates":[-74.14570727454885,40.546231971749826]},"properties":{"tpcondition":"Fair","stumpdiameter":null,"riskratingdate":"2025-06-25 20:10:44.0000000","riskrating":"6","objectid":"2940990","globalid":"0D35FF7A-AB57-4469-A7CC-FEBCC3A12D40","tpstructure":"Full","plantingspaceglobalid":"3412A190-E0E4-4ABF-8F1C-46D91219070D","createddate":"2016-03-15 17:20:46.0000000","dbh":"9","planteddate":null,"updateddate":"2025-06-25 20:10:44.0000000","geometry":"POINT(-74.14570727454885 40.546231971749826)","genusspecies":"Acer rubrum - red maple"}},{"type":"Feature","geometry":{"type":"Point","coordinates":[-74.14548555994817,40.546328787989694]},"properties":{"tpcondition":"Fair","stumpdiameter":null,"riskratingdate":"2025-06-25 20:09:33.0000000","riskrating":"6","objectid":"2940991","globalid":"5347CB33-2CD3-4109-8FFF-61B52A449781","tpstructure":"Full","plantingspaceglobalid":"294A2978-F941-4BE6-9B7E-0D252FDE4C61","createddate":"2016-03-15 17:20:46.0000000","dbh":"7","planteddate":null,"updateddate":"2025-06-25 20:09:33.0000000","geometry":"POINT(-74.14548555994817 40.546328787989694)","genusspecies":"Acer ginnala - Amur maple"}},{"type":"Feature","geometry":{"type":"Point","coordinates":[-74.14537314243762,40.546377878408975]},"properties":{"tpcondition":"Fair","stumpdiameter":null,"riskratingdate":"2025-06-25 20:08:49.0000000","riskrating":"6","objectid":"2940992","globalid":"93A47512-CAF7-46ED-B420-A11ACB8D9B58","tpstructure":"Full","plantingspaceglobalid":"8B04C3AF-4B42-4936-A838-DD808FA1F285","createddate":"2016-03-15 17:20:46.0000000","dbh":"12","planteddate":null,"updateddate":"2025-06-25 20:08:49.0000000","geometry":"POINT(-74.14537314243762 40.546377878408975)","genusspecies":"Liquidambar styraciflua - sweetgum"}},{"type":"Feature","geometry":{"type":"Point","coordinates":[-74.1453169332431,40.546402422434056]},"properties":{"tpcondition":"Fair","stumpdiameter":null,"riskratingdate":"2025-06-25 13:42:53.0000000","riskrating":"6","objectid":"2940993","globalid":"9DF4EDAD-F051-4639-B7E5-3DBC6FCFFCA8","tpstructure":"Full","plantingspaceglobalid":"B584FD07-00BC-4295-B443-F03AD3FDB7D2","createddate":"2016-03-15 17:20:46.0000000","dbh":"10","planteddate":null,"updateddate":"2025-06-25 13:42:53.0000000","geometry":"POINT(-74.1453169332431 40.546402422434056)","genusspecies":"Liquidambar styraciflua - sweetgum"}},{"type":"Feature","geometry":{"type":"Point","coordinates":[-74.1452201279669,40.5464446938109]},"properties":{"tpcondition":"Fair","stumpdiameter":null,"riskratingdate":"2025-06-25 13:43:36.0000000","riskrating":"6","objectid":"2940994","globalid":"E3FC6FC9-EC3F-4D7C-AE5F-EA1B1D87E1A5","tpstructure":"Full","plantingspaceglobalid":"156649D0-5646-48F1-A36E-BA926F9356B9","createddate":"2016-03-15 17:20:47.0000000","dbh":"10","planteddate":null,"updateddate":"2025-06-25 13:43:36.0000000","geometry":"POINT(-74.1452201279669 40.5464446938109)","genusspecies":"Acer rubrum - red maple"}},{"type":"Feature","geometry":{"type":"Point","coordinates":[-74.14502651854748,40.546529236889256]},"properties":{"tpcondition":"Good","stumpdiameter":null,"riskratingdate":"2025-06-25 20:06:55.0000000","riskrating":"5","objectid":"2940995","globalid":"1974D075-041E-4BC7-917D-071B84605CAF","tpstructure":"Full","plantingspaceglobalid":"1FEF5870-EB9D-4FB8-B0E6-A790B7196634","createddate":"2016-03-15 17:20:47.0000000","dbh":"6","planteddate":null,"updateddate":"2025-06-25 20:06:55.0000000","geometry":"POINT(-74.14502651854748 40.546529236889256)","genusspecies":"Pyrus calleryana - Callery pear"}},{"type":"Feature","geometry":{"type":"Point","coordinates":[-74.14498514385745,40.54655298946415]},"properties":{"tpcondition":"Good","stumpdiameter":null,"riskratingdate":"2025-06-25 20:06:04.0000000","riskrating":"5","objectid":"2940996","globalid":"F97E1C9C-06D2-47CD-B289-219C444F4507","tpstructure":"Full","plantingspaceglobalid":"2A64E9B5-0835-4F4E-8ACB-C47585D04800","createddate":"2016-03-15 17:20:47.0000000","dbh":"6","planteddate":null,"updateddate":"2025-06-25 20:06:04.0000000","geometry":"POINT(-74.14498514385745 40.54655298946415)","genusspecies":"Pyrus calleryana - Callery pear"}},{"type":"Feature","geometry":{"type":"Point","coordinates":[-74.14489410426833,40.54661532817079]},"properties":{"tpcondition":"Good","stumpdiameter":null,"riskratingdate":"2025-06-25 20:05:18.0000000","riskrating":"5","objectid":"2940997","globalid":"75D6A696-B21A-4919-8E04-5EE28C10D842","tpstructure":"Full","plantingspaceglobalid":"1CC2AE16-B85C-484C-B166-73EA3031E8BD","createddate":"2016-03-15 17:20:47.0000000","dbh":"7","planteddate":null,"updateddate":"2025-06-25 20:05:18.0000000","geometry":"POINT(-74.14489410426833 40.54661532817079)","genusspecies":"Pyrus calleryana - Callery pear"}},{"type":"Feature","geometry":{"type":"Point","coordinates":[-74.14484054989931,40.546651996688155]},"properties":{"tpcondition":"Good","stumpdiameter":null,"riskratingdate":"2025-06-25 20:04:36.0000000","riskrating":"5","objectid":"2940998","globalid":"217A45C2-DD0E-4A9A-987F-39FFD859239B","tpstructure":"Full","plantingspaceglobalid":"D87C9AD1-5F91-4FA1-8110-BADFF2F9964C","createddate":"2016-03-15 17:20:47.0000000","dbh":"5","planteddate":null,"updateddate":"2025-06-25 20:04:36.0000000","geometry":"POINT(-74.14484054989931 40.546651996688155)","genusspecies":"Pyrus calleryana - Callery pear"}},{"type":"Feature","geometry":{"type":"Point","coordinates":[-74.14481132285184,40.546687935720286]},"properties":{"tpcondition":"Good","stumpdiameter":null,"riskratingdate":"2025-06-25 20:03:43.0000000","riskrating":"5","objectid":"2940999","globalid":"4342EB66-06C0-4A75-841C-57F56A1455AD","tpstructure":"Full","plantingspaceglobalid":"421E7BB0-B590-4135-8D49-790A1A5BF13A","createddate":"2016-03-15 17:20:48.0000000","dbh":"6","planteddate":null,"updateddate":"2025-06-25 20:03:43.0000000","geometry":"POINT(-74.14481132285184 40.546687935720286)","genusspecies":"Pyrus calleryana - Callery pear"}},{"type":"Feature","geometry":{"type":"Point","coordinates":[-74.14479161740282,40.546726266167354]},"properties":{"tpcondition":"Good","stumpdiameter":null,"riskratingdate":"2025-06-25 20:02:39.0000000","riskrating":"5","objectid":"2941000","globalid":"1EA007C2-38D4-4A62-9736-900E46820817","tpstructure":"Full","plantingspaceglobalid":"CB77044F-06CB-4DF5-A847-69D83411BFA0","createddate":"2016-03-15 17:20:48.0000000","dbh":"5","planteddate":null,"updateddate":"2025-06-25 20:02:39.0000000","geometry":"POINT(-74.14479161740282 40.546726266167354)","genusspecies":"Pyrus calleryana - Callery pear"}},{"type":"Feature","geometry":{"type":"Point","coordinates":[-74.14485501642994,40.54688142318237]},"properties":{"tpcondition":"Fair","stumpdiameter":null,"riskratingdate":"2025-06-20 13:40:48.0000000","riskrating":"7","objectid":"2941001","globalid":"ABFC288D-5FA7-46B2-B91E-58593267D65F","tpstructure":"Full","plantingspaceglobalid":"20274354-4855-4772-9249-CD2DC0C09441","createddate":"2016-03-15 17:20:48.0000000","dbh":"14","planteddate":null,"updateddate":"2025-06-20 13:41:51.0000000","geometry":"POINT(-74.14485501642994 40.54688142318237)","genusspecies":"Acer saccharinum - silver maple"}},{"type":"Feature","geometry":{"type":"Point","coordinates":[-74.14488779372867,40.546902862861124]},"properties":{"tpcondition":"Fair","stumpdiameter":null,"riskratingdate":"2025-06-20 13:39:30.0000000","riskrating":"6","objectid":"2941002","globalid":"F8B8B836-D98E-4AF4-B5ED-203F678FDC8B","tpstructure":"Full","plantingspaceglobalid":"431D59BD-CF00-48A7-97F1-140BD493D7B0","createddate":"2016-03-15 17:20:48.0000000","dbh":"7","planteddate":null,"updateddate":"2025-06-20 13:39:30.0000000","geometry":"POINT(-74.14488779372867 40.546902862861124)","genusspecies":"Pyrus calleryana - Callery pear"}},{"type":"Feature","geometry":{"type":"Point","coordinates":[-74.14492876557246,40.54692966401866]},"properties":{"tpcondition":"Fair","stumpdiameter":null,"riskratingdate":"2025-06-20 13:38:40.0000000","riskrating":"5","objectid":"2941003","globalid":"2CFA133D-C2B2-4EE5-8D7F-E1DBFC2977B1","tpstructure":"Full","plantingspaceglobalid":"08DCC69D-4AC5-4DAF-9014-3D59881428F4","createddate":"2016-03-15 17:20:49.0000000","dbh":"9","planteddate":null,"updateddate":"2025-06-20 13:38:40.0000000","geometry":"POINT(-74.14492876557246 40.54692966401866)","genusspecies":"Pyrus calleryana - Callery pear"}},{"type":"Feature","geometry":{"type":"Point","coordinates":[-74.1452565430006,40.5471440704614]},"properties":{"tpcondition":"Unknown","stumpdiameter":"0","riskratingdate":null,"riskrating":null,"objectid":"2941004","globalid":"81A93A56-56EE-4686-8AC1-81432CDB5325","tpstructure":"Full","plantingspaceglobalid":"11BE2963-5EF2-477A-9992-1675FAFF6D2A","createddate":"2016-03-15 17:20:00.0000000","dbh":"11","planteddate":null,"updateddate":"2021-08-18 20:21:01.0000000","geometry":"POINT(-74.1452565430006 40.5471440704614)","genusspecies":"Ginkgo biloba - maidenhair tree"}},{"type":"Feature","geometry":{"type":"Point","coordinates":[-74.14532482991824,40.547188738829014]},"properties":{"tpcondition":"Good","stumpdiameter":"0","riskratingdate":null,"riskrating":null,"objectid":"2941005","globalid":"EC836508-BFD7-4F41-BEC3-F0E2F4789BBD","tpstructure":"Full","plantingspaceglobalid":"B7AE6CE5-9B98-4284-A19F-29943D8793C1","createddate":"2016-03-15 17:20:49.0000000","dbh":"8","planteddate":null,"updateddate":null,"geometry":"POINT(-74.14532482991824 40.547188738829014)","genusspecies":"Ginkgo biloba - maidenhair tree"}},{"type":"Feature","geometry":{"type":"Point","coordinates":[-74.14435035179346,40.54666866138771]},"properties":{"tpcondition":"Dead","stumpdiameter":"0","riskratingdate":"2019-08-13 12:51:00.0000000","riskrating":"6","objectid":"2941006","globalid":"8277F857-079A-40C0-B6CD-5960D5593BD6","tpstructure":"Retired","plantingspaceglobalid":"134A11C3-FD2F-49C3-9018-41875D305F8B","createddate":"2016-03-15 17:20:00.0000000","dbh":"2","planteddate":null,"updateddate":"2020-09-02 14:20:00.0000000","geometry":"POINT(-74.14435035179346 40.54666866138771)","genusspecies":"Lagerstroemia - lagerstroemia"}},{"type":"Feature","geometry":{"type":"Point","coordinates":[-74.14422033185095,40.546577821012754]},"properties":{"tpcondition":"Fair","stumpdiameter":null,"riskratingdate":"2025-06-20 13:46:02.0000000","riskrating":"6","objectid":"2941007","globalid":"81987ACE-30E9-441C-8CBF-859D4887D812","tpstructure":"Full","plantingspaceglobalid":"14247E30-931A-487F-BABF-ED3BB893A499","createddate":"2016-03-15 17:20:49.0000000","dbh":"17","planteddate":null,"updateddate":"2025-06-20 13:46:02.0000000","geometry":"POINT(-74.14422033185095 40.546577821012754)","genusspecies":"Tilia americana - American basswood"}},{"type":"Feature","geometry":{"type":"Point","coordinates":[-74.14413542410463,40.54651849724442]},"properties":{"tpcondition":"Fair","stumpdiameter":null,"riskratingdate":"2025-06-20 13:47:25.0000000","riskrating":"6","objectid":"2941008","globalid":"16988BD2-586C-418F-95B4-2AEE95D2F086","tpstructure":"Full","plantingspaceglobalid":"618E1081-0709-41FA-BC1B-1D62E3FEEA45","createddate":"2016-03-15 17:20:50.0000000","dbh":"13","planteddate":null,"updateddate":"2025-06-20 13:47:25.0000000","geometry":"POINT(-74.14413542410463 40.54651849724442)","genusspecies":"Tilia americana - American basswood"}},{"type":"Feature","geometry":{"type":"Point","coordinates":[-74.14410623567221,40.54649810445399]},"properties":{"tpcondition":"Fair","stumpdiameter":null,"riskratingdate":"2025-06-20 13:49:55.0000000","riskrating":"6","objectid":"2941009","globalid":"6115A9D2-59FD-4373-B2B3-2C2B83F41186","tpstructure":"Full","plantingspaceglobalid":"38F8F4D1-3CCD-4201-A94D-293365E93933","createddate":"2016-03-15 17:20:50.0000000","dbh":"15","planteddate":null,"updateddate":"2025-06-20 13:49:55.0000000","geometry":"POINT(-74.14410623567221 40.54649810445399)","genusspecies":"Tilia americana - American basswood"}},{"type":"Feature","geometry":{"type":"Point","coordinates":[-74.14399744455794,40.54642209520611]},"properties":{"tpcondition":"Fair","stumpdiameter":null,"riskratingdate":"2025-06-20 13:50:52.0000000","riskrating":"6","objectid":"2941010","globalid":"18ABC6A5-AF2E-4D71-B7CA-6732FD177CB2","tpstructure":"Full","plantingspaceglobalid":"A6652ADC-B29D-422B-948C-30FB1F8A0C74","createddate":"2016-03-15 17:20:50.0000000","dbh":"12","planteddate":null,"updateddate":"2025-06-20 13:50:52.0000000","geometry":"POINT(-74.14399744455794 40.54642209520611)","genusspecies":"Liquidambar styraciflua - sweetgum"}},{"type":"Feature","geometry":{"type":"Point","coordinates":[-74.14390988181559,40.54636091670393]},"properties":{"tpcondition":"Fair","stumpdiameter":null,"riskratingdate":"2025-06-20 13:52:15.0000000","riskrating":"6","objectid":"2941011","globalid":"F358D5E6-C486-41E9-BDEC-51F6A2F64B4F","tpstructure":"Full","plantingspaceglobalid":"BC6EBD90-459E-4C12-A266-AFB6447FE6D8","createddate":"2016-03-15 17:20:50.0000000","dbh":"22","planteddate":null,"updateddate":"2025-06-20 13:52:15.0000000","geometry":"POINT(-74.14390988181559 40.54636091670393)","genusspecies":"Platanus x acerifolia - London planetree"}},{"type":"Feature","geometry":{"type":"Point","coordinates":[-74.14386742707539,40.546331254999664]},"properties":{"tpcondition":"Fair","stumpdiameter":null,"riskratingdate":"2025-06-20 13:53:09.0000000","riskrating":"6","objectid":"2941012","globalid":"C503D96D-0A0A-48C7-B3F6-46F7554926F2","tpstructure":"Full","plantingspaceglobalid":"20033017-9A32-4433-9446-5F24F036BF01","createddate":"2016-03-15 17:20:50.0000000","dbh":"17","planteddate":null,"updateddate":"2025-06-20 13:53:09.0000000","geometry":"POINT(-74.14386742707539 40.546331254999664)","genusspecies":"Platanus x acerifolia - London planetree"}},{"type":"Feature","geometry":{"type":"Point","coordinates":[-74.14381966534843,40.54629788470603]},"properties":{"tpcondition":"Dead","stumpdiameter":"11","riskratingdate":"2018-03-02 16:40:00.0000000","riskrating":"9","objectid":"2941013","globalid":"071ABDB1-7183-4122-B9F4-91F9096C3FEC","tpstructure":"Retired","plantingspaceglobalid":"CD356535-50D5-4592-AC3B-3C09626A7F56","createddate":"2016-03-15 17:20:00.0000000","dbh":"9","planteddate":null,"updateddate":"2018-05-30 13:11:00.0000000","geometry":"POINT(-74.14381966534843 40.54629788470603)","genusspecies":"Acer rubrum - red maple"}},{"type":"Feature","geometry":{"type":"Point","coordinates":[-74.16190644401479,40.546993792539645]},"properties":{"tpcondition":"Fair","stumpdiameter":null,"riskratingdate":"2023-03-01 17:56:43.0000000","riskrating":"9","objectid":"2941014","globalid":"77BFDCAA-E625-43F0-961F-6C723D679DA7","tpstructure":"Full","plantingspaceglobalid":"CE501A2E-D18F-4292-AAAF-5ACAAC3CA079","createddate":"2016-03-15 17:20:51.0000000","dbh":"14","planteddate":null,"updateddate":"2023-03-01 17:56:43.0000000","geometry":"POINT(-74.16190644401479 40.546993792539645)","genusspecies":"Acer saccharinum - silver maple"}},{"type":"Feature","geometry":{"type":"Point","coordinates":[-74.1619669383433,40.54696949967594]},"properties":{"tpcondition":"Dead","stumpdiameter":"3","riskratingdate":"2018-02-14 12:46:00.0000000","riskrating":"6","objectid":"2941015","globalid":"DCD2FEB8-7F04-4F7E-8464-CDA9C97474ED","tpstructure":"Retired","plantingspaceglobalid":"8DCE43B8-7FB6-4067-8118-D35319B2A08C","createddate":"2016-03-15 17:20:00.0000000","dbh":"3","planteddate":null,"updateddate":"2019-11-20 16:48:00.0000000","geometry":"POINT(-74.1619669383433 40.54696949967594)","genusspecies":"Unknown - Unknown"}},{"type":"Feature","geometry":{"type":"Point","coordinates":[-74.16222867458582,40.546825410539334]},"properties":{"tpcondition":"Fair","stumpdiameter":"0","riskratingdate":null,"riskrating":null,"objectid":"2941016","globalid":"8F95328E-6996-42E7-8F7B-F211979BC4FF","tpstructure":"Full","plantingspaceglobalid":"FF750C81-2BDD-4387-8BD3-A3BACBC85097","createddate":"2016-03-15 17:20:51.0000000","dbh":"6","planteddate":null,"updateddate":"2017-12-07 14:38:27.0000000","geometry":"POINT(-74.16222867458582 40.546825410539334)","genusspecies":"Acer platanoides - Norway maple"}},{"type":"Feature","geometry":{"type":"Point","coordinates":[-74.16259649580972,40.54668149315553]},"properties":{"tpcondition":"Good","stumpdiameter":"0","riskratingdate":"2019-04-24 10:45:46.0000000","riskrating":"3","objectid":"2941017","globalid":"12094CF9-EA73-4A3A-955F-8B9AC1E3D454","tpstructure":"Full","plantingspaceglobalid":"40042BEC-645D-4B96-9691-A93815D52B35","createddate":"2016-03-15 17:20:51.0000000","dbh":"11","planteddate":null,"updateddate":"2019-04-24 14:45:47.0000000","geometry":"POINT(-74.16259649580972 40.54668149315553)","genusspecies":"Liquidambar styraciflua - sweetgum"}},{"type":"Feature","geometry":{"type":"Point","coordinates":[-74.16008256263635,40.54755443169773]},"properties":{"tpcondition":"Fair","stumpdiameter":"0","riskratingdate":null,"riskrating":null,"objectid":"2941018","globalid":"2EE4D804-C495-42BB-BB1C-01E71F83E188","tpstructure":"Full","plantingspaceglobalid":"4CF5CEF2-DA73-48F8-85FB-E0908CCD7775","createddate":"2016-03-15 17:20:52.0000000","dbh":"8","planteddate":null,"updateddate":"2017-12-07 13:44:59.0000000","geometry":"POINT(-74.16008256263635 40.54755443169773)","genusspecies":"Pyrus calleryana - Callery pear"}},{"type":"Feature","geometry":{"type":"Point","coordinates":[-74.16042210780783,40.547421903662126]},"properties":{"tpcondition":"Fair","stumpdiameter":"0","riskratingdate":null,"riskrating":null,"objectid":"2941019","globalid":"66E48281-678C-431B-81A9-97A1FF2AB497","tpstructure":"Full","plantingspaceglobalid":"0B6AEE76-F2D3-4DEB-BC9D-F19E32BFBE15","createddate":"2016-03-15 17:20:52.0000000","dbh":"5","planteddate":null,"updateddate":"2017-12-07 13:47:28.0000000","geometry":"POINT(-74.16042210780783 40.547421903662126)","genusspecies":"Pyrus calleryana - Callery pear"}},{"type":"Feature","geometry":{"type":"Point","coordinates":[-74.16049898523542,40.547391897197166]},"properties":{"tpcondition":"Fair","stumpdiameter":"0","riskratingdate":null,"riskrating":null,"objectid":"2941020","globalid":"2A2F9061-55B9-434B-90BC-FF278E8FC568","tpstructure":"Full","plantingspaceglobalid":"C47C96FA-4FC9-4E35-8AAF-4CA69ABF8B92","createddate":"2016-03-15 17:20:52.0000000","dbh":"4","planteddate":null,"updateddate":"2017-12-07 13:48:18.0000000","geometry":"POINT(-74.16049898523542 40.547391897197166)","genusspecies":"Pyrus calleryana - Callery pear"}},{"type":"Feature","geometry":{"type":"Point","coordinates":[-74.16057265943516,40.54736314119141]},"properties":{"tpcondition":"Fair","stumpdiameter":"0","riskratingdate":null,"riskrating":null,"objectid":"2941021","globalid":"739CDCB5-04EE-4194-A8CD-79DC2F35347D","tpstructure":"Full","plantingspaceglobalid":"73E8AD6F-DDC7-4DE3-B7EF-2AFF919CD6D2","createddate":"2016-03-15 17:20:52.0000000","dbh":"7","planteddate":null,"updateddate":"2017-12-07 13:49:14.0000000","geometry":"POINT(-74.16057265943516 40.54736314119141)","genusspecies":"Pyrus calleryana - Callery pear"}},{"type":"Feature","geometry":{"type":"Point","coordinates":[-74.16061109883823,40.547348137342034]},"properties":{"tpcondition":"Fair","stumpdiameter":"0","riskratingdate":null,"riskrating":null,"objectid":"2941022","globalid":"9880C65B-33BF-404A-A477-5BA6982F2A52","tpstructure":"Full","plantingspaceglobalid":"F465A231-DD6B-49E3-93B5-E34FF2080A45","createddate":"2016-03-15 17:20:53.0000000","dbh":"7","planteddate":null,"updateddate":"2017-12-07 13:50:16.0000000","geometry":"POINT(-74.16061109883823 40.547348137342034)","genusspecies":"Pyrus calleryana - Callery pear"}},{"type":"Feature","geometry":{"type":"Point","coordinates":[-74.16069758705864,40.54731437920617]},"properties":{"tpcondition":"Dead","stumpdiameter":"12","riskratingdate":null,"riskrating":null,"objectid":"2941023","globalid":"78FE1E7E-A9ED-4099-810F-25C678B34BD8","tpstructure":"Retired","plantingspaceglobalid":"C0F4F5BC-5371-4FE3-9100-FB1678433174","createddate":"2016-03-15 17:20:53.0000000","dbh":"0","planteddate":null,"updateddate":"2016-06-16 11:29:03.0000000","geometry":"POINT(-74.16069758705864 40.54731437920617)","genusspecies":"Unknown - Unknown"}},{"type":"Feature","geometry":{"type":"Point","coordinates":[-74.16080970040409,40.5472706203005]},"properties":{"tpcondition":"Fair","stumpdiameter":"0","riskratingdate":null,"riskrating":null,"objectid":"2941024","globalid":"0ADA0873-178B-472D-83C5-DEA1175B0174","tpstructure":"Full","plantingspaceglobalid":"C0E9973A-9A64-47BE-98CC-3190DF3A3194","createddate":"2016-03-15 17:20:53.0000000","dbh":"8","planteddate":null,"updateddate":"2017-12-07 13:51:33.0000000","geometry":"POINT(-74.16080970040409 40.5472706203005)","genusspecies":"Pyrus calleryana - Callery pear"}},{"type":"Feature","geometry":{"type":"Point","coordinates":[-74.1608641546968,40.54724936549524]},"properties":{"tpcondition":"Fair","stumpdiameter":"0","riskratingdate":null,"riskrating":null,"objectid":"2941025","globalid":"CFB698C2-0B3A-4D10-A1A7-5E2C6887B52C","tpstructure":"Full","plantingspaceglobalid":"3E8243AB-A401-4729-B7EB-B5CE98FAD330","createddate":"2016-03-15 17:20:53.0000000","dbh":"11","planteddate":null,"updateddate":"2017-12-07 13:52:26.0000000","geometry":"POINT(-74.1608641546968 40.54724936549524)","genusspecies":"Pyrus calleryana - Callery pear"}},{"type":"Feature","geometry":{"type":"Point","coordinates":[-74.16094423637307,40.5472181087826]},"properties":{"tpcondition":"Good","stumpdiameter":null,"riskratingdate":"2020-06-18 16:50:38.0000000","riskrating":"3","objectid":"2941026","globalid":"F830A9AB-7662-4595-A2F3-3D8163F24C80","tpstructure":"Full","plantingspaceglobalid":"623EF013-782A-447F-99FC-356B3E6BA982","createddate":"2016-03-15 17:20:53.0000000","dbh":"9","planteddate":null,"updateddate":"2020-06-18 16:50:38.0000000","geometry":"POINT(-74.16094423637307 40.5472181087826)","genusspecies":"Pyrus calleryana - Callery pear"}},{"type":"Feature","geometry":{"type":"Point","coordinates":[-74.16102431647109,40.547186850300704]},"properties":{"tpcondition":"Fair","stumpdiameter":"0","riskratingdate":null,"riskrating":null,"objectid":"2941027","globalid":"CDE22684-7D4B-42EC-9814-8F8ECF519892","tpstructure":"Full","plantingspaceglobalid":"DE283692-15F9-4917-9E92-0EFF2B4788E1","createddate":"2016-03-15 17:20:54.0000000","dbh":"5","planteddate":null,"updateddate":"2017-12-07 13:55:20.0000000","geometry":"POINT(-74.16102431647109 40.547186850300704)","genusspecies":"Pyrus calleryana - Callery pear"}},{"type":"Feature","geometry":{"type":"Point","coordinates":[-74.16111400816646,40.54715184304187]},"properties":{"tpcondition":"Good","stumpdiameter":"0","riskratingdate":null,"riskrating":null,"objectid":"2941028","globalid":"3E4F76D2-E3C2-4A3B-AD43-A29D338461AE","tpstructure":"Full","plantingspaceglobalid":"E3DBEAED-36AE-410D-B920-4766AE47DFBE","createddate":"2016-03-15 17:20:54.0000000","dbh":"8","planteddate":null,"updateddate":"2017-12-07 13:57:00.0000000","geometry":"POINT(-74.16111400816646 40.54715184304187)","genusspecies":"Acer campestre - hedge maple"}},{"type":"Feature","geometry":{"type":"Point","coordinates":[-74.16117807167896,40.547126838225196]},"properties":{"tpcondition":"Dead","stumpdiameter":"5","riskratingdate":"2018-09-11 13:25:00.0000000","riskrating":"6","objectid":"2941029","globalid":"FE2B66CD-8ECC-419E-A99E-A6638AC0BA81","tpstructure":"Retired","plantingspaceglobalid":"788E29B0-718D-4C44-B4E9-897F5DD671BC","createddate":"2016-03-15 17:20:00.0000000","dbh":"5","planteddate":null,"updateddate":"2019-11-26 20:21:00.0000000","geometry":"POINT(-74.16117807167896 40.547126838225196)","genusspecies":"Pyrus calleryana - Callery pear"}},{"type":"Feature","geometry":{"type":"Point","coordinates":[-74.1612677632077,40.54709182855877]},"properties":{"tpcondition":"Dead","stumpdiameter":"6","riskratingdate":"2020-07-28 19:16:00.0000000","riskrating":"6","objectid":"2941030","globalid":"6988AA36-370C-44D0-9035-DBD3336D179C","tpstructure":"Stump","plantingspaceglobalid":"BB0A5687-5F09-4358-BACD-06DE6BD250CD","createddate":"2016-03-15 17:20:00.0000000","dbh":"4","planteddate":null,"updateddate":"2021-03-05 18:42:09.0000000","geometry":"POINT(-74.1612677632077 40.54709182855877)","genusspecies":"Pyrus calleryana - Callery pear"}},{"type":"Feature","geometry":{"type":"Point","coordinates":[-74.16133503048387,40.547065572551375]},"properties":{"tpcondition":"Dead","stumpdiameter":"8","riskratingdate":"2020-06-23 16:24:00.0000000","riskrating":"6","objectid":"2941031","globalid":"1ABD7B6C-5EA7-4B55-9C96-C6B6D378DE72","tpstructure":"Stump","plantingspaceglobalid":"48ADB752-5D6A-4E25-AC4A-E06F480CA495","createddate":"2016-03-15 17:20:00.0000000","dbh":"7","planteddate":null,"updateddate":"2021-03-05 18:48:22.0000000","geometry":"POINT(-74.16133503048387 40.547065572551375)","genusspecies":"Pyrus calleryana - Callery pear"}},{"type":"Feature","geometry":{"type":"Point","coordinates":[-74.16143112660822,40.547028063982424]},"properties":{"tpcondition":"Fair","stumpdiameter":null,"riskratingdate":"2021-04-30 13:22:05.0000000","riskrating":"5","objectid":"2941032","globalid":"23A1F604-1D67-40C8-8FBA-2748D08976D2","tpstructure":"Full","plantingspaceglobalid":"7BB4336F-E856-400D-8EF4-3FEE262962D2","createddate":"2016-03-15 17:20:55.0000000","dbh":"10","planteddate":null,"updateddate":"2021-04-30 13:22:05.0000000","geometry":"POINT(-74.16143112660822 40.547028063982424)","genusspecies":"Quercus bicolor - swamp white oak"}},{"type":"Feature","geometry":{"type":"Point","coordinates":[-74.16149839300633,40.54700180788026]},"properties":{"tpcondition":"Fair","stumpdiameter":"0","riskratingdate":null,"riskrating":null,"objectid":"2941033","globalid":"41BF2CA2-768C-4C62-9125-DE9B2FA6DE01","tpstructure":"Full","plantingspaceglobalid":"D52F5AF2-C640-49D6-8FAF-8780CF3C7EBC","createddate":"2016-03-15 17:20:55.0000000","dbh":"7","planteddate":null,"updateddate":"2017-12-07 14:06:28.0000000","geometry":"POINT(-74.16149839300633 40.54700180788026)","genusspecies":"Pyrus calleryana - Callery pear"}},{"type":"Feature","geometry":{"type":"Point","coordinates":[-74.16162011541086,40.546954295999306]},"properties":{"tpcondition":"Fair","stumpdiameter":null,"riskratingdate":"2022-08-06 15:48:59.0000000","riskrating":"7","objectid":"2941034","globalid":"95F1E4A4-529F-4A22-9AC6-10CBFBF0C914","tpstructure":"Full","plantingspaceglobalid":"D596888C-F9D8-4DE5-88A2-506A024FB16E","createddate":"2016-03-15 17:20:55.0000000","dbh":"9","planteddate":null,"updateddate":"2022-08-06 15:48:59.0000000","geometry":"POINT(-74.16162011541086 40.546954295999306)","genusspecies":"Pyrus calleryana - Callery pear"}},{"type":"Feature","geometry":{"type":"Point","coordinates":[-74.16164894423999,40.546943043994354]},"properties":{"tpcondition":"Fair","stumpdiameter":"0","riskratingdate":null,"riskrating":null,"objectid":"2941035","globalid":"431D3560-7190-46B6-8794-CEE34C69A949","tpstructure":"Full","plantingspaceglobalid":"FD6CAB92-0218-46A8-83AE-79D851E23279","createddate":"2016-03-15 17:20:55.0000000","dbh":"7","planteddate":null,"updateddate":"2017-12-07 14:08:52.0000000","geometry":"POINT(-74.16164894423999 40.546943043994354)","genusspecies":"Pyrus calleryana - Callery pear"}},{"type":"Feature","geometry":{"type":"Point","coordinates":[-74.16180269832036,40.54688302879397]},"properties":{"tpcondition":"Fair","stumpdiameter":"0","riskratingdate":null,"riskrating":null,"objectid":"2941036","globalid":"F59B12FF-55E4-4A92-8CB4-C3909BBC2023","tpstructure":"Full","plantingspaceglobalid":"28D09978-CC45-4690-9123-0D7DF3815167","createddate":"2016-03-15 17:20:55.0000000","dbh":"7","planteddate":null,"updateddate":"2017-12-07 14:31:28.0000000","geometry":"POINT(-74.16180269832036 40.54688302879397)","genusspecies":"Pyrus calleryana - Callery pear"}},{"type":"Feature","geometry":{"type":"Point","coordinates":[-74.16203653277756,40.54679175534013]},"properties":{"tpcondition":"Good","stumpdiameter":"0","riskratingdate":null,"riskrating":null,"objectid":"2941037","globalid":"E224F94D-3180-46BF-9C18-1F1BB07C67C3","tpstructure":"Full","plantingspaceglobalid":"F923B488-2D81-45C1-BCF8-F0660C8E4345","createddate":"2016-03-15 17:20:56.0000000","dbh":"10","planteddate":null,"updateddate":"2017-12-07 14:33:15.0000000","geometry":"POINT(-74.16203653277756 40.54679175534013)","genusspecies":"Liquidambar styraciflua - sweetgum"}},{"type":"Feature","geometry":{"type":"Point","coordinates":[-74.1622671620027,40.54670173254148]},"properties":{"tpcondition":"Dead","stumpdiameter":"7","riskratingdate":"2018-02-14 12:49:00.0000000","riskrating":"8","objectid":"2941038","globalid":"FAE4C942-2871-49A6-B782-370053F00B87","tpstructure":"Retired","plantingspaceglobalid":"28F2C874-441D-41D0-964B-700F8DE28271","createddate":"2016-03-15 17:20:00.0000000","dbh":"6","planteddate":null,"updateddate":"2018-05-30 14:24:00.0000000","geometry":"POINT(-74.1622671620027 40.54670173254148)","genusspecies":"Acer rubrum - red maple"}},{"type":"Feature","geometry":{"type":"Point","coordinates":[-74.162315209181,40.54668297816295]},"properties":{"tpcondition":"Fair","stumpdiameter":null,"riskratingdate":"2023-03-03 17:10:05.0000000","riskrating":"3","objectid":"2941039","globalid":"7F9B2E4B-8287-4472-B50D-D23F1207A04A","tpstructure":"Full","plantingspaceglobalid":"FB960823-B4EF-4454-B67C-8CFA01DE785B","createddate":"2016-03-15 17:20:57.0000000","dbh":"10","planteddate":null,"updateddate":"2023-03-03 17:10:05.0000000","geometry":"POINT(-74.162315209181 40.54668297816295)","genusspecies":"Liquidambar styraciflua - sweetgum"}},{"type":"Feature","geometry":{"type":"Point","coordinates":[-74.16259068383994,40.54657544972876]},"properties":{"tpcondition":"Dead","stumpdiameter":null,"riskratingdate":"2023-11-09 17:35:10.0000000","riskrating":"7","objectid":"2941040","globalid":"26D7AF5B-630B-478A-B635-7A345531E7FC","tpstructure":"Full","plantingspaceglobalid":"154363C6-6818-4AE3-9C6C-63F26590524F","createddate":"2016-03-15 17:20:57.0000000","dbh":"8","planteddate":null,"updateddate":"2023-11-09 17:35:10.0000000","geometry":"POINT(-74.16259068383994 40.54657544972876)","genusspecies":"Pyrus calleryana - Callery pear"}},{"type":"Feature","geometry":{"type":"Point","coordinates":[-74.16304873711422,40.54639665144438]},"properties":{"tpcondition":"Good","stumpdiameter":"0","riskratingdate":null,"riskrating":null,"objectid":"2941041","globalid":"559FF20C-9E26-41EC-B968-EF6CEB5D94FC","tpstructure":"Full","plantingspaceglobalid":"199CAE04-5B00-4979-BFB2-692053D64DF6","createddate":"2016-03-15 17:20:57.0000000","dbh":"7","planteddate":null,"updateddate":"2017-12-08 07:22:39.0000000","geometry":"POINT(-74.16304873711422 40.54639665144438)","genusspecies":"Liquidambar styraciflua - sweetgum"}},{"type":"Feature","geometry":{"type":"Point","coordinates":[-74.16311279917593,40.54637164440314]},"properties":{"tpcondition":"Good","stumpdiameter":"0","riskratingdate":null,"riskrating":null,"objectid":"2941042","globalid":"711C4D4C-1548-4EEB-80F0-9E8EE5F8FB1D","tpstructure":"Full","plantingspaceglobalid":"8F0805BE-0664-4726-B2B0-E22259EDFF5E","createddate":"2016-03-15 17:20:57.0000000","dbh":"8","planteddate":null,"updateddate":"2017-12-08 07:23:23.0000000","geometry":"POINT(-74.16311279917593 40.54637164440314)","genusspecies":"Liquidambar styraciflua - sweetgum"}},{"type":"Feature","geometry":{"type":"Point","coordinates":[-74.16320248718232,40.54633663494104]},"properties":{"tpcondition":"Dead","stumpdiameter":"13","riskratingdate":null,"riskrating":null,"objectid":"2941043","globalid":"E69334BF-4F10-42D4-BC40-664AE917393D","tpstructure":"Retired","plantingspaceglobalid":"2E657489-F437-422A-804A-7A1FF5E7B734","createddate":"2016-03-15 17:20:58.0000000","dbh":"0","planteddate":null,"updateddate":"2016-06-15 11:47:04.0000000","geometry":"POINT(-74.16320248718232 40.54633663494104)","genusspecies":"Unknown - Unknown"}},{"type":"Feature","geometry":{"type":"Point","coordinates":[-74.16326655062684,40.54631162723993]},"properties":{"tpcondition":"Dead","stumpdiameter":"15","riskratingdate":null,"riskrating":null,"objectid":"2941044","globalid":"533D34EE-4309-46CA-B961-BCB2982F1CF9","tpstructure":"Retired","plantingspaceglobalid":"675F43F0-C6E6-477C-B5A0-B36D0F066E14","createddate":"2016-03-15 17:20:58.0000000","dbh":"0","planteddate":null,"updateddate":"2016-06-15 11:47:49.0000000","geometry":"POINT(-74.16326655062684 40.54631162723993)","genusspecies":"Unknown - Unknown"}},{"type":"Feature","geometry":{"type":"Point","coordinates":[-74.16416342709657,40.54596152711257]},"properties":{"tpcondition":"Fair","stumpdiameter":null,"riskratingdate":"2022-08-08 14:24:21.0000000","riskrating":"10","objectid":"2941045","globalid":"04D4F73B-BD74-4643-A487-A8DE89D8AD85","tpstructure":"Full","plantingspaceglobalid":"EF70D05F-F981-4BE8-BB32-816F06B1F0BE","createddate":"2016-03-15 17:20:58.0000000","dbh":"30","planteddate":null,"updateddate":"2022-08-08 14:24:21.0000000","geometry":"POINT(-74.16416342709657 40.54596152711257)","genusspecies":"Acer rubrum - red maple"}},{"type":"Feature","geometry":{"type":"Point","coordinates":[-74.16442620611639,40.54596082061585]},"properties":{"tpcondition":"Fair","stumpdiameter":null,"riskratingdate":"2025-09-13 16:04:36.0000000","riskrating":"7","objectid":"2941046","globalid":"02960DCF-079B-4184-AC08-B0C95CCCA5F2","tpstructure":"Full","plantingspaceglobalid":"3B73B326-E2DD-4459-B7B6-560277AE6E34","createddate":"2016-03-15 17:20:58.0000000","dbh":"13","planteddate":null,"updateddate":"2025-09-13 16:04:36.0000000","geometry":"POINT(-74.16442620611639 40.54596082061585)","genusspecies":"Fraxinus - Ash"}},{"type":"Feature","geometry":{"type":"Point","coordinates":[-74.1637805336035,40.54621541061234]},"properties":{"tpcondition":"Fair","stumpdiameter":"0","riskratingdate":null,"riskrating":null,"objectid":"2941047","globalid":"C3A205B0-B628-43A7-9EB5-CABA172866A7","tpstructure":"Full","plantingspaceglobalid":"17CBA8C8-CEC1-467B-9B90-0331B6516716","createddate":"2016-03-15 17:20:58.0000000","dbh":"10","planteddate":null,"updateddate":"2017-12-08 07:34:16.0000000","geometry":"POINT(-74.1637805336035 40.54621541061234)","genusspecies":"Acer rubrum - red maple"}},{"type":"Feature","geometry":{"type":"Point","coordinates":[-74.16360792791566,40.54628346904712]},"properties":{"tpcondition":"Good","stumpdiameter":"0","riskratingdate":null,"riskrating":null,"objectid":"2941048","globalid":"F855E9A9-A54E-49CC-976D-97289F218CC7","tpstructure":"Full","plantingspaceglobalid":"D0DB2279-7A39-41A9-84A1-F0812356958D","createddate":"2016-03-15 17:20:59.0000000","dbh":"4","planteddate":null,"updateddate":"2017-12-08 07:32:39.0000000","geometry":"POINT(-74.16360792791566 40.54628346904712)","genusspecies":"Acer rubrum - red maple"}},{"type":"Feature","geometry":{"type":"Point","coordinates":[-74.16355998070325,40.5463023736469]},"properties":{"tpcondition":"Fair","stumpdiameter":"0","riskratingdate":null,"riskrating":null,"objectid":"2941049","globalid":"C83F5C62-9BC6-4226-A389-E00F333C0B4B","tpstructure":"Full","plantingspaceglobalid":"490B9EEC-6160-457A-BB38-442FBF6EF0C0","createddate":"2016-03-15 17:20:59.0000000","dbh":"4","planteddate":null,"updateddate":"2017-12-08 07:31:49.0000000","geometry":"POINT(-74.16355998070325 40.5463023736469)","genusspecies":"Acer - maple"}},{"type":"Feature","geometry":{"type":"Point","coordinates":[-74.1634353211252,40.54635152665134]},"properties":{"tpcondition":"Dead","stumpdiameter":null,"riskratingdate":"2023-11-09 17:28:00.0000000","riskrating":"7","objectid":"2941050","globalid":"0FB1EEF5-30EB-452C-AEA0-9C81DD5BE819","tpstructure":"Stump","plantingspaceglobalid":"33BDA103-0471-4E81-99CE-72E2AA06ECF8","createddate":"2016-03-15 17:20:00.0000000","dbh":"4","planteddate":null,"updateddate":"2024-06-18 16:55:00.0000000","geometry":"POINT(-74.1634353211252 40.54635152665134)","genusspecies":"Acer rubrum - red maple"}},{"type":"Feature","geometry":{"type":"Point","coordinates":[-74.16321476732642,40.54643848902186]},"properties":{"tpcondition":"Fair","stumpdiameter":"0","riskratingdate":null,"riskrating":null,"objectid":"2941051","globalid":"71CAAD46-CF1C-435F-8EC5-0CB63F77C779","tpstructure":"Full","plantingspaceglobalid":"2DAEE487-1406-489E-9889-A08D53563B63","createddate":"2016-03-15 17:20:59.0000000","dbh":"11","planteddate":null,"updateddate":"2017-12-08 07:28:59.0000000","geometry":"POINT(-74.16321476732642 40.54643848902186)","genusspecies":"Acer rubrum - red maple"}},{"type":"Feature","geometry":{"type":"Point","coordinates":[-74.16311248133165,40.54647881845699]},"properties":{"tpcondition":"Fair","stumpdiameter":"0","riskratingdate":"2018-08-03 10:00:14.0000000","riskrating":"6","objectid":"2941052","globalid":"F1E03689-6D1A-4989-9BA0-104B620F3FFF","tpstructure":"Full","plantingspaceglobalid":"90C04EDA-E191-47A4-B15C-829807A470C8","createddate":"2016-03-15 17:20:59.0000000","dbh":"12","planteddate":null,"updateddate":"2018-08-03 14:00:15.0000000","geometry":"POINT(-74.16311248133165 40.54647881845699)","genusspecies":"Acer rubrum - red maple"}},{"type":"Feature","geometry":{"type":"Point","coordinates":[-74.16301978562124,40.54651536749904]},"properties":{"tpcondition":"Fair","stumpdiameter":"0","riskratingdate":null,"riskrating":null,"objectid":"2941053","globalid":"9AD77323-E69D-4F0F-BCCD-C2C39F7C4E94","tpstructure":"Full","plantingspaceglobalid":"2BC0010D-601D-46FB-81D7-C98118680FCD","createddate":"2016-03-15 17:21:00.0000000","dbh":"3","planteddate":null,"updateddate":"2017-12-08 07:21:08.0000000","geometry":"POINT(-74.16301978562124 40.54651536749904)","genusspecies":"Syringa reticulata - Japanese tree lilac"}},{"type":"Feature","geometry":{"type":"Point","coordinates":[-74.14618170793527,40.54505207061822]},"properties":{"tpcondition":"Good","stumpdiameter":null,"riskratingdate":"2025-06-27 17:52:49.0000000","riskrating":"5","objectid":"2941054","globalid":"FCE4FA3C-0F65-4940-962C-3B5B6C7374DE","tpstructure":"Full","plantingspaceglobalid":"2468C7EA-7761-4EF8-9E54-C3C27651EB5E","createddate":"2016-03-15 17:21:00.0000000","dbh":"8","planteddate":null,"updateddate":"2025-06-27 17:52:49.0000000","geometry":"POINT(-74.14618170793527 40.54505207061822)","genusspecies":"Platanus x acerifolia - London planetree"}},{"type":"Feature","geometry":{"type":"Point","coordinates":[-74.14612409135022,40.545010661224374]},"properties":{"tpcondition":"Good","stumpdiameter":null,"riskratingdate":"2025-06-27 17:53:29.0000000","riskrating":"5","objectid":"2941055","globalid":"64C30AB0-A946-4EC0-8BE5-B21CEB718011","tpstructure":"Full","plantingspaceglobalid":"D8987A2A-D478-41E4-A6A7-AECB3CB03257","createddate":"2016-03-15 17:21:00.0000000","dbh":"10","planteddate":null,"updateddate":"2025-06-27 17:53:29.0000000","geometry":"POINT(-74.14612409135022 40.545010661224374)","genusspecies":"Platanus x acerifolia - London planetree"}},{"type":"Feature","geometry":{"type":"Point","coordinates":[-74.1458700587903,40.54482808805627]},"properties":{"tpcondition":"Fair","stumpdiameter":null,"riskratingdate":"2025-06-27 17:57:34.0000000","riskrating":"6","objectid":"2941056","globalid":"F0B7DF70-5FDD-4123-AEA4-0803351D6C01","tpstructure":"Full","plantingspaceglobalid":"864BB35B-5679-4587-9CE3-9E5F43D8D9E3","createddate":"2016-03-15 17:21:00.0000000","dbh":"25","planteddate":null,"updateddate":"2025-06-27 17:57:34.0000000","geometry":"POINT(-74.1458700587903 40.54482808805627)","genusspecies":"Platanus x acerifolia - London planetree"}},{"type":"Feature","geometry":{"type":"Point","coordinates":[-74.14476490365323,40.544033796302145]},"properties":{"tpcondition":"Good","stumpdiameter":null,"riskratingdate":"2025-06-27 14:02:51.0000000","riskrating":"5","objectid":"2941057","globalid":"761277C4-823D-4E6F-A6FB-FE6F2226A2BB","tpstructure":"Full","plantingspaceglobalid":"553DA3E7-C118-46B5-8DBA-B58BF3FEE8CA","createddate":"2016-03-15 17:21:00.0000000","dbh":"5","planteddate":null,"updateddate":"2025-06-27 14:02:51.0000000","geometry":"POINT(-74.14476490365323 40.544033796302145)","genusspecies":"Prunus cerasifera - cherry plum"}},{"type":"Feature","geometry":{"type":"Point","coordinates":[-74.14469943287804,40.543986740631595]},"properties":{"tpcondition":"Good","stumpdiameter":"0","riskratingdate":null,"riskrating":null,"objectid":"2941058","globalid":"6CC97503-A195-46D5-8FE9-198C46687FC5","tpstructure":"Retired","plantingspaceglobalid":"8C5C93C6-5FD7-4AAF-8795-9B1FE1D42B2D","createddate":"2016-03-15 17:21:00.0000000","dbh":"2","planteddate":null,"updateddate":"2025-06-27 14:03:09.0000000","geometry":"POINT(-74.14469943287804 40.543986740631595)","genusspecies":"Prunus cerasifera - cherry plum"}},{"type":"Feature","geometry":{"type":"Point","coordinates":[-74.14465753226139,40.54395662562248]},"properties":{"tpcondition":"Fair","stumpdiameter":null,"riskratingdate":"2025-06-27 14:02:21.0000000","riskrating":"6","objectid":"2941059","globalid":"44C6845D-CB8F-44F8-A862-579DF048DDF2","tpstructure":"Full","plantingspaceglobalid":"9FA5D1A2-9C30-481B-8006-5F72C84EA8B5","createddate":"2016-03-15 17:21:01.0000000","dbh":"4","planteddate":null,"updateddate":"2025-06-27 14:02:21.0000000","geometry":"POINT(-74.14465753226139 40.54395662562248)","genusspecies":"Prunus cerasifera - cherry plum"}},{"type":"Feature","geometry":{"type":"Point","coordinates":[-74.14464993676644,40.54410211838426]},"properties":{"tpcondition":"Fair","stumpdiameter":null,"riskratingdate":"2025-06-27 18:05:10.0000000","riskrating":"6","objectid":"2941060","globalid":"C89B9515-D12B-4FE1-ADDB-E4141674B870","tpstructure":"Full","plantingspaceglobalid":"7F289E85-10D7-4E9A-B9D1-23F5F8FA3ACF","createddate":"2016-03-15 17:21:01.0000000","dbh":"25","planteddate":null,"updateddate":"2025-06-27 18:05:10.0000000","geometry":"POINT(-74.14464993676644 40.54410211838426)","genusspecies":"Quercus palustris - pin oak"}},{"type":"Feature","geometry":{"type":"Point","coordinates":[-74.144862809115,40.544253971667985]},"properties":{"tpcondition":"Fair","stumpdiameter":null,"riskratingdate":"2025-06-27 18:03:31.0000000","riskrating":"6","objectid":"2941061","globalid":"4BFA9D99-F41D-4451-A66C-167A578048A9","tpstructure":"Full","plantingspaceglobalid":"67A0A444-6457-409A-9D7C-0E5043CB642D","createddate":"2016-03-15 17:21:01.0000000","dbh":"19","planteddate":null,"updateddate":"2025-06-27 18:03:31.0000000","geometry":"POINT(-74.144862809115 40.544253971667985)","genusspecies":"Acer saccharum - sugar maple"}},{"type":"Feature","geometry":{"type":"Point","coordinates":[-74.14495478946071,40.54431958704405]},"properties":{"tpcondition":"Dead","stumpdiameter":"15","riskratingdate":"2019-06-04 13:32:00.0000000","riskrating":"7","objectid":"2941062","globalid":"4354AE29-7B48-43C6-B7F2-9F9B555E3459","tpstructure":"Retired","plantingspaceglobalid":"4E9065E0-4C4C-4FB3-86FA-2F016E014FD1","createddate":"2016-03-15 17:21:00.0000000","dbh":"13","planteddate":null,"updateddate":"2022-05-05 17:05:00.0000000","geometry":"POINT(-74.14495478946071 40.54431958704405)","genusspecies":"Acer platanoides - Norway maple"}},{"type":"Feature","geometry":{"type":"Point","coordinates":[-74.14507568168014,40.54440582398434]},"properties":{"tpcondition":"Fair","stumpdiameter":null,"riskratingdate":"2025-06-27 18:02:17.0000000","riskrating":"6","objectid":"2941063","globalid":"7E20B4D1-8278-4C04-BCBF-132DA90F616B","tpstructure":"Full","plantingspaceglobalid":"16EB8EE5-953B-4B2F-8B27-F46B05A55071","createddate":"2016-03-15 17:21:01.0000000","dbh":"19","planteddate":null,"updateddate":"2025-06-27 18:02:17.0000000","geometry":"POINT(-74.14507568168014 40.54440582398434)","genusspecies":"Acer platanoides - Norway maple"}},{"type":"Feature","geometry":{"type":"Point","coordinates":[-74.14352684281619,40.54492401969577]},"properties":{"tpcondition":"Unknown","stumpdiameter":"3","riskratingdate":null,"riskrating":null,"objectid":"2941064","globalid":"11CAAF2D-796B-42A2-B06A-B1B9DABAE179","tpstructure":"Retired","plantingspaceglobalid":"39F5A0FB-B92D-4155-90E3-38FE391C342D","createddate":"2016-03-15 17:21:02.0000000","dbh":"0","planteddate":null,"updateddate":"2016-12-06 08:12:43.0000000","geometry":"POINT(-74.14352684281619 40.54492401969577)","genusspecies":"Unknown - Unknown"}},{"type":"Feature","geometry":{"type":"Point","coordinates":[-74.14346287867954,40.54497609670992]},"properties":{"tpcondition":"Dead","stumpdiameter":"4","riskratingdate":"2019-08-15 13:36:14.0000000","riskrating":"3","objectid":"2941065","globalid":"42395CED-8674-4ED2-AF75-48A7AE368111","tpstructure":"Stump","plantingspaceglobalid":"8C4DD555-223D-4251-A2B4-1E54A2F76406","createddate":"2016-03-15 17:21:02.0000000","dbh":"3","planteddate":null,"updateddate":"2024-09-24 16:55:47.0000000","geometry":"POINT(-74.14346287867954 40.54497609670992)","genusspecies":"Chionanthus retusus - Chinese fringetree"}},{"type":"Feature","geometry":{"type":"Point","coordinates":[-74.14340629412978,40.54502216476488]},"properties":{"tpcondition":"Excellent","stumpdiameter":null,"riskratingdate":"2025-08-07 14:49:42.0000000","riskrating":"3","objectid":"2941066","globalid":"DE2CEA39-22BE-448A-9B07-3777A2D1A29D","tpstructure":"Full","plantingspaceglobalid":"1C69883A-F1FE-4B85-922A-011AD972190B","createddate":"2016-03-15 17:21:02.0000000","dbh":"4","planteddate":null,"updateddate":"2025-08-07 14:49:42.0000000","geometry":"POINT(-74.14340629412978 40.54502216476488)","genusspecies":"Chionanthus retusus - Chinese fringetree"}},{"type":"Feature","geometry":{"type":"Point","coordinates":[-74.14321440235385,40.54517839435143]},"properties":{"tpcondition":"Dead","stumpdiameter":"12","riskratingdate":null,"riskrating":null,"objectid":"2941067","globalid":"3566822C-151A-4188-B75A-DC1D573F14BF","tpstructure":"Retired","plantingspaceglobalid":"B0BB21FA-A14C-4C76-BA17-E687956B1157","createddate":"2016-03-15 17:21:00.0000000","dbh":"12","planteddate":null,"updateddate":"2020-02-07 16:40:00.0000000","geometry":"POINT(-74.14321440235385 40.54517839435143)","genusspecies":"Tilia cordata - littleleaf linden"}},{"type":"Feature","geometry":{"type":"Point","coordinates":[-74.14295667262245,40.545534745388764]},"properties":{"tpcondition":"Fair","stumpdiameter":null,"riskratingdate":"2025-09-13 19:30:49.0000000","riskrating":"8","objectid":"2941068","globalid":"72D8B56B-30C9-49DD-BD01-BC6E71228035","tpstructure":"Full","plantingspaceglobalid":"8CD5439C-3759-447E-AA4E-660F16D4B917","createddate":"2016-03-15 17:21:02.0000000","dbh":"12","planteddate":null,"updateddate":"2025-09-13 19:30:49.0000000","geometry":"POINT(-74.14295667262245 40.545534745388764)","genusspecies":"Fraxinus pennsylvanica - Green ash"}},{"type":"Feature","geometry":{"type":"Point","coordinates":[-74.14376559788094,40.54611259567035]},"properties":{"tpcondition":"Fair","stumpdiameter":null,"riskratingdate":"2025-06-20 14:12:04.0000000","riskrating":"7","objectid":"2941069","globalid":"5F73A973-54B5-4556-A5D4-7FFCC7382EA5","tpstructure":"Full","plantingspaceglobalid":"F9C5EEBC-6920-4588-A95F-6E1CDDF44C27","createddate":"2016-03-15 17:21:02.0000000","dbh":"16","planteddate":null,"updateddate":"2025-06-20 14:12:04.0000000","geometry":"POINT(-74.14376559788094 40.54611259567035)","genusspecies":"Tilia americana - American basswood"}},{"type":"Feature","geometry":{"type":"Point","coordinates":[-74.14381287380841,40.54614636573695]},"properties":{"tpcondition":"Fair","stumpdiameter":null,"riskratingdate":"2025-06-20 14:13:19.0000000","riskrating":"6","objectid":"2941070","globalid":"19CE3463-C53D-4FCD-AA24-8DAC6FE63127","tpstructure":"Full","plantingspaceglobalid":"C074A926-0AEE-41C0-8A89-A0347B39B56D","createddate":"2016-03-15 17:21:03.0000000","dbh":"17","planteddate":null,"updateddate":"2025-06-20 14:13:19.0000000","geometry":"POINT(-74.14381287380841 40.54614636573695)","genusspecies":"Tilia americana - American basswood"}},{"type":"Feature","geometry":{"type":"Point","coordinates":[-74.14434866275639,40.546529095995446]},"properties":{"tpcondition":"Dead","stumpdiameter":"18","riskratingdate":"2022-02-11 16:48:49.0000000","riskrating":"8","objectid":"2941071","globalid":"A3A28E2E-24B5-4E0B-ACA6-F827643FB831","tpstructure":"Stump","plantingspaceglobalid":"EA768B90-C84B-41BE-9E83-C0C863D31445","createddate":"2016-03-15 17:21:03.0000000","dbh":null,"planteddate":null,"updateddate":"2022-04-21 15:06:13.0000000","geometry":"POINT(-74.14434866275639 40.546529095995446)","genusspecies":"Tilia americana - American basswood"}},{"type":"Feature","geometry":{"type":"Point","coordinates":[-74.14440907264694,40.546572246291426]},"properties":{"tpcondition":"Fair","stumpdiameter":null,"riskratingdate":"2025-06-20 14:15:31.0000000","riskrating":"6","objectid":"2941072","globalid":"C60B970C-BB44-4A43-86DA-5717E71FBC57","tpstructure":"Full","plantingspaceglobalid":"53794165-9F2D-4002-9FA9-8C3055C9A587","createddate":"2016-03-15 17:21:03.0000000","dbh":"16","planteddate":null,"updateddate":"2025-06-20 14:15:31.0000000","geometry":"POINT(-74.14440907264694 40.546572246291426)","genusspecies":"Tilia americana - American basswood"}},{"type":"Feature","geometry":{"type":"Point","coordinates":[-74.14377444056956,40.54321713792774]},"properties":{"tpcondition":"Good","stumpdiameter":null,"riskratingdate":"2025-10-02 12:13:33.0000000","riskrating":"6","objectid":"2941073","globalid":"4268165B-5F6C-47C2-89B6-2ABCF7B17A59","tpstructure":"Full","plantingspaceglobalid":"A8AF66D6-E35C-4F01-A168-FDACCABA1C73","createddate":"2016-03-15 17:21:03.0000000","dbh":"16","planteddate":null,"updateddate":"2025-10-02 12:13:33.0000000","geometry":"POINT(-74.14377444056956 40.54321713792774)","genusspecies":"Platanus x acerifolia - London planetree"}},{"type":"Feature","geometry":{"type":"Point","coordinates":[-74.143823890889,40.54317725673962]},"properties":{"tpcondition":"Fair","stumpdiameter":null,"riskratingdate":"2025-07-30 15:12:00.0000000","riskrating":"6","objectid":"2941074","globalid":"B024384F-38F9-4D43-990B-41A8DAB6BFDA","tpstructure":"Full","plantingspaceglobalid":"D29E1C07-7B30-40AB-BC03-6FAC040FC0A6","createddate":"2016-03-15 17:21:03.0000000","dbh":"17","planteddate":null,"updateddate":"2025-07-30 15:12:00.0000000","geometry":"POINT(-74.143823890889 40.54317725673962)","genusspecies":"Platanus x acerifolia - London planetree"}},{"type":"Feature","geometry":{"type":"Point","coordinates":[-74.14392526142157,40.54309549949673]},"properties":{"tpcondition":"Fair","stumpdiameter":null,"riskratingdate":"2025-07-30 14:51:19.0000000","riskrating":"6","objectid":"2941075","globalid":"CA2B90AE-014E-467F-8111-4025FA146E07","tpstructure":"Full","plantingspaceglobalid":"2DD16E48-C385-4C54-BFE5-4D81A0DA9CD8","createddate":"2016-03-15 17:21:04.0000000","dbh":"26","planteddate":null,"updateddate":"2025-07-30 14:51:19.0000000","geometry":"POINT(-74.14392526142157 40.54309549949673)","genusspecies":"Acer saccharinum - silver maple"}},{"type":"Feature","geometry":{"type":"Point","coordinates":[-74.14475847020323,40.54242349347824]},"properties":{"tpcondition":"Fair","stumpdiameter":"0","riskratingdate":null,"riskrating":null,"objectid":"2941076","globalid":"6CFDC5CA-BDA7-4111-9B48-E56C01F86B97","tpstructure":"Retired","plantingspaceglobalid":"7D938782-1EB5-46D8-819D-9C2F193DFBE4","createddate":"2016-03-15 17:21:04.0000000","dbh":"3","planteddate":null,"updateddate":"2025-07-30 14:49:07.0000000","geometry":"POINT(-74.14475847020323 40.54242349347824)","genusspecies":"Amelanchier - serviceberry"}},{"type":"Feature","geometry":{"type":"Point","coordinates":[-74.14496615246586,40.542255989872245]},"properties":{"tpcondition":"Fair","stumpdiameter":null,"riskratingdate":"2025-07-30 14:46:48.0000000","riskrating":"6","objectid":"2941077","globalid":"A6AECC4E-324B-47D7-8A01-F5DBB547FC41","tpstructure":"Full","plantingspaceglobalid":"80FAB203-B7A9-4E29-8C07-81109506DF2A","createddate":"2016-03-15 17:21:04.0000000","dbh":"12","planteddate":null,"updateddate":"2025-07-30 14:46:48.0000000","geometry":"POINT(-74.14496615246586 40.542255989872245)","genusspecies":"Acer platanoides 'Crimson King' - 'Crimson King' Norway maple"}},{"type":"Feature","geometry":{"type":"Point","coordinates":[-74.14506752020347,40.54217423161489]},"properties":{"tpcondition":"Good","stumpdiameter":null,"riskratingdate":"2025-07-30 14:47:19.0000000","riskrating":"6","objectid":"2941079","globalid":"EF20F0B0-94AB-4F41-B336-A9745DC26D90","tpstructure":"Full","plantingspaceglobalid":"B6BF9566-D4E6-4B16-95C2-B790E4BF19B1","createddate":"2016-03-15 17:21:04.0000000","dbh":"10","planteddate":null,"updateddate":"2025-07-30 14:47:19.0000000","geometry":"POINT(-74.14506752020347 40.54217423161489)","genusspecies":"Liquidambar styraciflua - sweetgum"}},{"type":"Feature","geometry":{"type":"Point","coordinates":[-74.14345021266966,40.54602890956894]},"properties":{"tpcondition":"Fair","stumpdiameter":null,"riskratingdate":"2025-06-20 13:55:09.0000000","riskrating":"6","objectid":"2941080","globalid":"C0FC52C3-A859-45EF-A0B7-AAEC4F6B3BA0","tpstructure":"Full","plantingspaceglobalid":"9F1D3E25-1EEE-4622-BFB7-E89E0772ADE7","createddate":"2016-03-15 17:21:05.0000000","dbh":"24","planteddate":null,"updateddate":"2025-06-20 13:55:09.0000000","geometry":"POINT(-74.14345021266966 40.54602890956894)","genusspecies":"Platanus x acerifolia - London planetree"}},{"type":"Feature","geometry":{"type":"Point","coordinates":[-74.14339823317937,40.54599094566088]},"properties":{"tpcondition":"Fair","stumpdiameter":null,"riskratingdate":"2025-06-20 13:56:06.0000000","riskrating":"6","objectid":"2941081","globalid":"6ED719A6-450C-400C-A62E-3B3567C066DA","tpstructure":"Full","plantingspaceglobalid":"CE3ECC2F-599C-4692-B5D2-558EFD1C33DB","createddate":"2016-03-15 17:21:05.0000000","dbh":"17","planteddate":null,"updateddate":"2025-06-20 13:56:06.0000000","geometry":"POINT(-74.14339823317937 40.54599094566088)","genusspecies":"Liquidambar styraciflua - sweetgum"}},{"type":"Feature","geometry":{"type":"Point","coordinates":[-74.14321890576991,40.54585996619225]},"properties":{"tpcondition":"Fair","stumpdiameter":null,"riskratingdate":"2025-06-20 13:57:28.0000000","riskrating":"5","objectid":"2941082","globalid":"9F77D9DE-30D2-4C74-A539-5F9366F99B14","tpstructure":"Full","plantingspaceglobalid":"52781485-D182-4D4B-918D-4DF876F6E107","createddate":"2016-03-15 17:21:05.0000000","dbh":"12","planteddate":null,"updateddate":"2025-06-20 13:57:28.0000000","geometry":"POINT(-74.14321890576991 40.54585996619225)","genusspecies":"Pyrus calleryana - Callery pear"}},{"type":"Feature","geometry":{"type":"Point","coordinates":[-74.14311860269336,40.54578588862336]},"properties":{"tpcondition":"Fair","stumpdiameter":null,"riskratingdate":"2025-06-20 13:58:13.0000000","riskrating":"6","objectid":"2941083","globalid":"4B211D1D-B1E7-4271-82BC-6D87241CAEE9","tpstructure":"Full","plantingspaceglobalid":"293B73C4-5351-4800-A828-5B548A17F5DA","createddate":"2016-03-15 17:21:05.0000000","dbh":"11","planteddate":null,"updateddate":"2025-06-20 13:58:13.0000000","geometry":"POINT(-74.14311860269336 40.54578588862336)","genusspecies":"Pyrus calleryana - Callery pear"}},{"type":"Feature","geometry":{"type":"Point","coordinates":[-74.14304737596017,40.54573468136877]},"properties":{"tpcondition":"Fair","stumpdiameter":null,"riskratingdate":"2025-06-20 14:00:04.0000000","riskrating":"6","objectid":"2941084","globalid":"17B66B20-0CB8-4925-A9AF-058E7B0D1F97","tpstructure":"Full","plantingspaceglobalid":"51D4510C-A75E-40DC-9840-CEE1D8225B42","createddate":"2016-03-15 17:21:06.0000000","dbh":"9","planteddate":null,"updateddate":"2025-06-20 14:00:16.0000000","geometry":"POINT(-74.14304737596017 40.54573468136877)","genusspecies":"Tilia cordata - littleleaf linden"}},{"type":"Feature","geometry":{"type":"Point","coordinates":[-74.14299279846252,40.54569481801381]},"properties":{"tpcondition":"Poor","stumpdiameter":null,"riskratingdate":"2025-11-07 15:39:00.0000000","riskrating":"10","objectid":"2941085","globalid":"84454F87-6CF7-43AD-88E1-F70CA6E429DF","tpstructure":"Stump","plantingspaceglobalid":"57633F49-1E9B-4720-AA3F-B04660D97954","createddate":"2016-03-15 17:21:00.0000000","dbh":"10","planteddate":null,"updateddate":"2025-11-12 12:35:00.0000000","geometry":"POINT(-74.14299279846252 40.54569481801381)","genusspecies":"Pyrus calleryana - Callery pear"}},{"type":"Feature","geometry":{"type":"Point","coordinates":[-74.1429642108818,40.545673936979846]},"properties":{"tpcondition":"Fair","stumpdiameter":null,"riskratingdate":"2020-09-03 16:24:35.0000000","riskrating":"6","objectid":"2941086","globalid":"65E3143F-C204-47E5-A07F-0564C3EE9933","tpstructure":"Full","plantingspaceglobalid":"E8E8C5C0-6F87-4CCD-B391-16F1C54F30EC","createddate":"2016-03-15 17:21:06.0000000","dbh":"11","planteddate":null,"updateddate":"2020-09-03 16:24:35.0000000","geometry":"POINT(-74.1429642108818 40.545673936979846)","genusspecies":"Pyrus calleryana - Callery pear"}},{"type":"Feature","geometry":{"type":"Point","coordinates":[-74.14292002956849,40.54564166778512]},"properties":{"tpcondition":"Fair","stumpdiameter":null,"riskratingdate":"2025-06-20 14:04:56.0000000","riskrating":"7","objectid":"2941087","globalid":"3DAE85D1-CC86-4999-B9DD-52A873D0675E","tpstructure":"Full","plantingspaceglobalid":"0591C4FA-3784-41D8-99D2-46583F3C2B00","createddate":"2016-03-15 17:21:06.0000000","dbh":"11","planteddate":null,"updateddate":"2025-06-20 14:04:56.0000000","geometry":"POINT(-74.14292002956849 40.54564166778512)","genusspecies":"Pyrus calleryana - Callery pear"}},{"type":"Feature","geometry":{"type":"Point","coordinates":[-74.14284985774168,40.545590413919754]},"properties":{"tpcondition":"Fair","stumpdiameter":null,"riskratingdate":"2025-06-20 14:07:37.0000000","riskrating":"6","objectid":"2941088","globalid":"EB9FEE06-6ECB-454F-8ED7-31F1764CA250","tpstructure":"Full","plantingspaceglobalid":"B4F12101-0B14-4C8C-850E-BED9D871D9EC","createddate":"2016-03-15 17:21:06.0000000","dbh":"11","planteddate":null,"updateddate":"2025-06-20 14:07:37.0000000","geometry":"POINT(-74.14284985774168 40.545590413919754)","genusspecies":"Pyrus calleryana - Callery pear"}},{"type":"Feature","geometry":{"type":"Point","coordinates":[-74.14223914551934,40.545639472760335]},"properties":{"tpcondition":"Fair","stumpdiameter":null,"riskratingdate":"2025-08-06 14:36:44.0000000","riskrating":"6","objectid":"2941089","globalid":"8F3D099D-C825-4833-B487-BB2E24FDC241","tpstructure":"Full","plantingspaceglobalid":"2C45F314-607F-4D4C-AB5D-8B869300154E","createddate":"2016-03-15 17:21:07.0000000","dbh":"17","planteddate":null,"updateddate":"2025-08-06 14:36:44.0000000","geometry":"POINT(-74.14223914551934 40.545639472760335)","genusspecies":"Gleditsia triacanthos var. inermis - Thornless honeylocust"}},{"type":"Feature","geometry":{"type":"Point","coordinates":[-74.14210048915803,40.54574330520356]},"properties":{"tpcondition":"Fair","stumpdiameter":null,"riskratingdate":"2025-08-06 14:38:31.0000000","riskrating":"6","objectid":"2941090","globalid":"D434B0C8-A92A-47B5-8243-ADD8E4AFB84C","tpstructure":"Full","plantingspaceglobalid":"29CB6F95-B167-480A-A067-2062EDACCEC4","createddate":"2016-03-15 17:21:07.0000000","dbh":"15","planteddate":null,"updateddate":"2025-08-06 14:38:31.0000000","geometry":"POINT(-74.14210048915803 40.54574330520356)","genusspecies":"Gleditsia triacanthos var. inermis - Thornless honeylocust"}},{"type":"Feature","geometry":{"type":"Point","coordinates":[-74.14383455334078,40.54336619644756]},"properties":{"tpcondition":"Good","stumpdiameter":"0","riskratingdate":null,"riskrating":null,"objectid":"2941091","globalid":"1257B2AC-C8AB-41F3-9F51-A2AEF8D21AA4","tpstructure":"Full","plantingspaceglobalid":"E88FB09E-A45A-40A9-ABCA-C6889270898C","createddate":"2016-03-15 17:21:07.0000000","dbh":"19","planteddate":null,"updateddate":"2016-09-29 08:42:44.0000000","geometry":"POINT(-74.14383455334078 40.54336619644756)","genusspecies":"Acer - maple"}},{"type":"Feature","geometry":{"type":"Point","coordinates":[-74.14428623952251,40.54360310714867]},"properties":{"tpcondition":"Good","stumpdiameter":"0","riskratingdate":null,"riskrating":null,"objectid":"2941092","globalid":"F47EA9CB-440F-4C49-814C-D10A3F4D9DE6","tpstructure":"Full","plantingspaceglobalid":"F765E667-7548-4FA1-9E85-46B09C028812","createddate":"2016-03-15 17:21:07.0000000","dbh":"13","planteddate":null,"updateddate":"2016-08-11 09:35:03.0000000","geometry":"POINT(-74.14428623952251 40.54360310714867)","genusspecies":"Acer - maple"}},{"type":"Feature","geometry":{"type":"Point","coordinates":[-74.15967336006165,40.54588147908737]},"properties":{"tpcondition":"Fair","stumpdiameter":"0","riskratingdate":null,"riskrating":null,"objectid":"2941093","globalid":"5D3C234D-5298-4FAF-939D-D99C3FE00E71","tpstructure":"Full","plantingspaceglobalid":"E4A14CC8-5EA0-41C7-9AF1-0089D20FDB67","createddate":"2016-03-15 17:21:08.0000000","dbh":"5","planteddate":null,"updateddate":"2017-04-14 12:43:44.0000000","geometry":"POINT(-74.15967336006165 40.54588147908737)","genusspecies":"Pyrus calleryana - Callery pear"}},{"type":"Feature","geometry":{"type":"Point","coordinates":[-74.15990852682157,40.545754850310196]},"properties":{"tpcondition":"Fair","stumpdiameter":"0","riskratingdate":null,"riskrating":null,"objectid":"2941094","globalid":"2D21F4CF-291E-4282-99AE-900F409D3707","tpstructure":"Full","plantingspaceglobalid":"8F29A987-B1FC-41AD-8ADD-E4A8091F30E2","createddate":"2016-03-15 17:21:08.0000000","dbh":"4","planteddate":null,"updateddate":"2017-04-14 12:45:00.0000000","geometry":"POINT(-74.15990852682157 40.545754850310196)","genusspecies":"Pyrus calleryana - Callery pear"}},{"type":"Feature","geometry":{"type":"Point","coordinates":[-74.15997907622732,40.54571686215535]},"properties":{"tpcondition":"Fair","stumpdiameter":"0","riskratingdate":null,"riskrating":null,"objectid":"2941095","globalid":"FF6E3ADF-4019-4FC9-912E-19AEF00D6823","tpstructure":"Full","plantingspaceglobalid":"F95C1CD9-2248-403C-A87A-A2FEA9B2A3D3","createddate":"2016-03-15 17:21:08.0000000","dbh":"4","planteddate":null,"updateddate":"2017-04-14 12:45:18.0000000","geometry":"POINT(-74.15997907622732 40.54571686215535)","genusspecies":"Pyrus calleryana - Callery pear"}},{"type":"Feature","geometry":{"type":"Point","coordinates":[-74.16005844458435,40.54567412399908]},"properties":{"tpcondition":"Dead","stumpdiameter":"0","riskratingdate":null,"riskrating":null,"objectid":"2941096","globalid":"0292BE2C-8E21-4DDC-BC88-CBB353EE27FA","tpstructure":"Full","plantingspaceglobalid":"0D7CB68C-2A7A-4873-9076-498056ED11B0","createddate":"2016-03-15 17:21:08.0000000","dbh":"4","planteddate":null,"updateddate":"2017-04-14 12:45:55.0000000","geometry":"POINT(-74.16005844458435 40.54567412399908)","genusspecies":"Acer - maple"}},{"type":"Feature","geometry":{"type":"Point","coordinates":[-74.16013487291855,40.54563296987202]},"properties":{"tpcondition":"Poor","stumpdiameter":"0","riskratingdate":null,"riskrating":null,"objectid":"2941097","globalid":"4183EA8C-81AD-4A51-B04A-8E7C1DB55A7F","tpstructure":"Shaft","plantingspaceglobalid":"C35740C6-A38E-4CC4-8114-A2FA3808FCA2","createddate":"2016-03-15 17:21:08.0000000","dbh":"4","planteddate":null,"updateddate":"2017-04-14 12:47:05.0000000","geometry":"POINT(-74.16013487291855 40.54563296987202)","genusspecies":"Pyrus calleryana - Callery pear"}},{"type":"Feature","geometry":{"type":"Point","coordinates":[-74.16021718099654,40.54558864866515]},"properties":{"tpcondition":"Dead","stumpdiameter":"0","riskratingdate":null,"riskrating":null,"objectid":"2941098","globalid":"1A06128B-7ACA-4317-82B7-354D4697B992","tpstructure":"Full","plantingspaceglobalid":"8ED32E62-9B7E-443E-8709-1E1DF3F50452","createddate":"2016-03-15 17:21:08.0000000","dbh":"4","planteddate":null,"updateddate":"2017-04-14 12:47:36.0000000","geometry":"POINT(-74.16021718099654 40.54558864866515)","genusspecies":"Pyrus calleryana - Callery pear"}},{"type":"Feature","geometry":{"type":"Point","coordinates":[-74.16034358245376,40.54552058608597]},"properties":{"tpcondition":"Critical","stumpdiameter":"0","riskratingdate":null,"riskrating":null,"objectid":"2941099","globalid":"C9B4F0F6-D9D2-407C-8C88-CE6A373B60B9","tpstructure":"Retired","plantingspaceglobalid":"F827A2CB-576B-495A-BE6F-D026ECB9D605","createddate":"2016-03-15 17:21:09.0000000","dbh":"4","planteddate":null,"updateddate":"2018-05-25 15:28:15.0000000","geometry":"POINT(-74.16034358245376 40.54552058608597)","genusspecies":"Pyrus calleryana - Callery pear"}},{"type":"Feature","geometry":{"type":"Point","coordinates":[-74.16085800162165,40.54524358207147]},"properties":{"tpcondition":"Fair","stumpdiameter":"0","riskratingdate":null,"riskrating":null,"objectid":"2941100","globalid":"56CCE52E-549D-4DC7-811A-D39D4C9C344E","tpstructure":"Full","plantingspaceglobalid":"801EB7A5-389A-4CC6-92B5-A026DBBA73D7","createddate":"2016-03-15 17:21:09.0000000","dbh":"4","planteddate":null,"updateddate":"2017-04-14 12:50:11.0000000","geometry":"POINT(-74.16085800162165 40.54524358207147)","genusspecies":"Pyrus calleryana - Callery pear"}},{"type":"Feature","geometry":{"type":"Point","coordinates":[-74.16091679264686,40.54521192402786]},"properties":{"tpcondition":"Poor","stumpdiameter":"0","riskratingdate":null,"riskrating":null,"objectid":"2941101","globalid":"68995B3B-EDE4-45D2-993A-4E9859E3EFAE","tpstructure":"Full","plantingspaceglobalid":"7A85A204-AE9A-4944-9538-431047E59987","createddate":"2016-03-15 17:21:09.0000000","dbh":"4","planteddate":null,"updateddate":"2017-04-14 12:51:39.0000000","geometry":"POINT(-74.16091679264686 40.54521192402786)","genusspecies":"Pyrus calleryana - Callery pear"}},{"type":"Feature","geometry":{"type":"Point","coordinates":[-74.16109316389041,40.545116950289795]},"properties":{"tpcondition":"Dead","stumpdiameter":"0","riskratingdate":null,"riskrating":null,"objectid":"2941102","globalid":"B800B440-C2EC-483D-969B-AE602454DE58","tpstructure":"Full","plantingspaceglobalid":"D103CD83-8ABC-429C-A921-4FBFBDE03CF5","createddate":"2016-03-15 17:21:09.0000000","dbh":"4","planteddate":null,"updateddate":"2017-04-14 12:52:43.0000000","geometry":"POINT(-74.16109316389041 40.545116950289795)","genusspecies":"Pyrus calleryana - Callery pear"}},{"type":"Feature","geometry":{"type":"Point","coordinates":[-74.16115783444711,40.5450821273357]},"properties":{"tpcondition":"Fair","stumpdiameter":"0","riskratingdate":null,"riskrating":null,"objectid":"2941103","globalid":"B9949109-B4EF-4589-B71D-831FAA7C97F3","tpstructure":"Full","plantingspaceglobalid":"C8D1FB20-9A3F-40BA-99C6-2B62F58E4CA0","createddate":"2016-03-15 17:21:09.0000000","dbh":"4","planteddate":null,"updateddate":"2017-04-14 12:52:26.0000000","geometry":"POINT(-74.16115783444711 40.5450821273357)","genusspecies":"Pyrus calleryana - Callery pear"}},{"type":"Feature","geometry":{"type":"Point","coordinates":[-74.16171339952113,40.5447829579438]},"properties":{"tpcondition":"Dead","stumpdiameter":"0","riskratingdate":null,"riskrating":null,"objectid":"2941104","globalid":"049AFBCA-2502-4ACC-ABA5-E98B9929E6DE","tpstructure":"Retired","plantingspaceglobalid":"0B66536D-3DAA-4CBF-B547-FA5FD4743EC1","createddate":"2016-03-15 17:21:00.0000000","dbh":"3","planteddate":null,"updateddate":"2021-12-13 20:59:00.0000000","geometry":"POINT(-74.16171339952113 40.5447829579438)","genusspecies":"Pyrus calleryana - Callery pear"}},{"type":"Feature","geometry":{"type":"Point","coordinates":[-74.16313609645167,40.54401682083694]},"properties":{"tpcondition":"Fair","stumpdiameter":null,"riskratingdate":"2025-03-21 16:50:09.0000000","riskrating":"7","objectid":"2941105","globalid":"3431138F-DFD4-4C0B-A507-053E8B15D3C8","tpstructure":"Full","plantingspaceglobalid":"0E0F6F1C-085E-4CC8-A0CB-D8FC818A0A85","createddate":"2016-03-15 17:21:10.0000000","dbh":"8","planteddate":null,"updateddate":"2025-03-21 16:50:09.0000000","geometry":"POINT(-74.16313609645167 40.54401682083694)","genusspecies":"Pyrus calleryana - Callery pear"}},{"type":"Feature","geometry":{"type":"Point","coordinates":[-74.16319194629015,40.54398674521362]},"properties":{"tpcondition":"Dead","stumpdiameter":"7","riskratingdate":null,"riskrating":null,"objectid":"2941106","globalid":"5CF5B90B-DF72-43A1-8EDA-D9EB1F756C16","tpstructure":"Retired","plantingspaceglobalid":"504FE93D-B86D-4B23-A41E-5B3DEA2B21C6","createddate":"2016-03-15 17:21:00.0000000","dbh":"0","planteddate":null,"updateddate":"2017-05-03 16:57:00.0000000","geometry":"POINT(-74.16319194629015 40.54398674521362)","genusspecies":"Unknown - Unknown"}},{"type":"Feature","geometry":{"type":"Point","coordinates":[-74.14376853553284,40.54442447958607]},"properties":{"tpcondition":"Critical","stumpdiameter":null,"riskratingdate":"2022-10-24 16:39:00.0000000","riskrating":"8","objectid":"2941107","globalid":"7F528CA5-9FE0-4920-A98C-F55C84AF28AC","tpstructure":"Retired","plantingspaceglobalid":"63757EDD-C196-4569-8D1F-EBB61595963A","createddate":"2016-03-15 17:21:00.0000000","dbh":"3","planteddate":null,"updateddate":"2024-03-28 18:32:22.0000000","geometry":"POINT(-74.14376853553284 40.54442447958607)","genusspecies":"Syringa reticulata - Japanese tree lilac"}},{"type":"Feature","geometry":{"type":"Point","coordinates":[-74.16479676806252,40.54392501823319]},"properties":{"tpcondition":"Fair","stumpdiameter":"0","riskratingdate":null,"riskrating":null,"objectid":"2941108","globalid":"7981505D-DF80-4BF5-94C8-F957E6A104F4","tpstructure":"Full","plantingspaceglobalid":"08770021-05B9-494E-845A-C4878E050998","createddate":"2016-03-15 17:21:10.0000000","dbh":"18","planteddate":null,"updateddate":"2017-11-28 14:04:20.0000000","geometry":"POINT(-74.16479676806252 40.54392501823319)","genusspecies":"Quercus palustris - pin oak"}},{"type":"Feature","geometry":{"type":"Point","coordinates":[-74.16489463407571,40.54401319733717]},"properties":{"tpcondition":"Dead","stumpdiameter":"26","riskratingdate":"2022-08-05 12:41:30.0000000","riskrating":"8","objectid":"2941109","globalid":"C50F9C7B-38B0-41CA-8082-861F182E057A","tpstructure":"Stump","plantingspaceglobalid":"7E7A06C7-8AEF-4229-AADE-5DFD0248F5E4","createddate":"2016-03-15 17:21:10.0000000","dbh":"22","planteddate":null,"updateddate":"2022-08-24 12:24:43.0000000","geometry":"POINT(-74.16489463407571 40.54401319733717)","genusspecies":"Quercus palustris - pin oak"}},{"type":"Feature","geometry":{"type":"Point","coordinates":[-74.14413989265513,40.543731433205835]},"properties":{"tpcondition":"Fair","stumpdiameter":null,"riskratingdate":"2025-08-21 12:21:04.0000000","riskrating":"12","objectid":"2941110","globalid":"3C6A2CEF-3E59-43AD-9B3C-C49EFAFE5278","tpstructure":"Full","plantingspaceglobalid":"F817B673-BDA4-49A5-9D91-517CE9991993","createddate":"2016-03-15 17:21:11.0000000","dbh":"14","planteddate":null,"updateddate":"2025-08-21 12:21:04.0000000","geometry":"POINT(-74.14413989265513 40.543731433205835)","genusspecies":"Platanus x acerifolia - London planetree"}},{"type":"Feature","geometry":{"type":"Point","coordinates":[-74.14426002998896,40.54381828095972]},"properties":{"tpcondition":"Fair","stumpdiameter":null,"riskratingdate":"2025-08-21 12:35:22.0000000","riskrating":"12","objectid":"2941111","globalid":"04A8FAF9-1D63-4BA5-B3AE-0882362903FB","tpstructure":"Full","plantingspaceglobalid":"F781DC2F-F70C-4FAC-B50F-41F0130AE595","createddate":"2016-03-15 17:21:11.0000000","dbh":"14","planteddate":null,"updateddate":"2025-08-21 12:35:22.0000000","geometry":"POINT(-74.14426002998896 40.54381828095972)","genusspecies":"Platanus x acerifolia - London planetree"}},{"type":"Feature","geometry":{"type":"Point","coordinates":[-74.15963160629342,40.543465127920946]},"properties":{"tpcondition":"Fair","stumpdiameter":"0","riskratingdate":null,"riskrating":null,"objectid":"2941112","globalid":"DFE3D497-2EC9-4C2F-B9E5-B0ACFBD382A6","tpstructure":"Full","plantingspaceglobalid":"20B534F3-C25A-41AE-8089-012F5CC12CA5","createddate":"2016-03-15 17:21:11.0000000","dbh":"4","planteddate":null,"updateddate":"2017-04-06 12:02:14.0000000","geometry":"POINT(-74.15963160629342 40.543465127920946)","genusspecies":"Prunus serrulata 'Green leaf' - 'Green leaf' Japanese flowering cherry"}},{"type":"Feature","geometry":{"type":"Point","coordinates":[-74.15968502624796,40.54352033709303]},"properties":{"tpcondition":"Fair","stumpdiameter":"0","riskratingdate":null,"riskrating":null,"objectid":"2941113","globalid":"49086CDD-5A36-4DBB-962F-5DD26860CDDC","tpstructure":"Full","plantingspaceglobalid":"06D847CA-89DF-4E8A-B9D3-29F5053B790E","createddate":"2016-03-15 17:21:11.0000000","dbh":"4","planteddate":null,"updateddate":"2017-04-06 12:02:31.0000000","geometry":"POINT(-74.15968502624796 40.54352033709303)","genusspecies":"Prunus serrulata 'Green leaf' - 'Green leaf' Japanese flowering cherry"}},{"type":"Feature","geometry":{"type":"Point","coordinates":[-74.1601294755906,40.543979673789416]},"properties":{"tpcondition":"Fair","stumpdiameter":null,"riskratingdate":"2022-06-17 15:00:35.0000000","riskrating":"6","objectid":"2941114","globalid":"137EB455-A3B4-4832-AFDE-CB3B5E38BAD0","tpstructure":"Full","plantingspaceglobalid":"76C893FB-1F0F-4B9F-BF8B-9A203C53C49D","createddate":"2016-03-15 17:21:11.0000000","dbh":"6","planteddate":null,"updateddate":"2022-06-17 15:00:35.0000000","geometry":"POINT(-74.1601294755906 40.543979673789416)","genusspecies":"Fraxinus - Ash"}},{"type":"Feature","geometry":{"type":"Point","coordinates":[-74.1602747782131,40.5441298423656]},"properties":{"tpcondition":"Fair","stumpdiameter":"0","riskratingdate":null,"riskrating":null,"objectid":"2941115","globalid":"366D4377-3BEE-4622-BDCE-2F57247D2E3D","tpstructure":"Full","plantingspaceglobalid":"3B398AA3-B0D4-4E57-BDC7-AE0A437E3DFC","createddate":"2016-03-15 17:21:11.0000000","dbh":"9","planteddate":null,"updateddate":"2017-04-06 12:14:12.0000000","geometry":"POINT(-74.1602747782131 40.5441298423656)","genusspecies":"Pyrus calleryana - Callery pear"}},{"type":"Feature","geometry":{"type":"Point","coordinates":[-74.16031324073501,40.54416959193184]},"properties":{"tpcondition":"Fair","stumpdiameter":"0","riskratingdate":null,"riskrating":null,"objectid":"2941116","globalid":"E3C63854-3A63-44D0-BC38-2A056E0D8197","tpstructure":"Full","plantingspaceglobalid":"62980058-2014-47A1-91D2-4849C823BC74","createddate":"2016-03-15 17:21:12.0000000","dbh":"9","planteddate":null,"updateddate":"2017-04-06 12:14:47.0000000","geometry":"POINT(-74.16031324073501 40.54416959193184)","genusspecies":"Pyrus calleryana - Callery pear"}},{"type":"Feature","geometry":{"type":"Point","coordinates":[-74.16034742901829,40.54420492601328]},"properties":{"tpcondition":"Good","stumpdiameter":"0","riskratingdate":null,"riskrating":null,"objectid":"2941117","globalid":"4B95F38B-23EE-416C-839B-65826415DDD1","tpstructure":"Full","plantingspaceglobalid":"62D06EC1-41A6-43E2-84F8-E3C8A0724897","createddate":"2016-03-15 17:21:12.0000000","dbh":"8","planteddate":null,"updateddate":"2017-04-06 12:15:21.0000000","geometry":"POINT(-74.16034742901829 40.54420492601328)","genusspecies":"Pyrus calleryana - Callery pear"}},{"type":"Feature","geometry":{"type":"Point","coordinates":[-74.16038375598126,40.544242467817625]},"properties":{"tpcondition":"Dead","stumpdiameter":"12","riskratingdate":"2022-08-05 17:25:46.0000000","riskrating":"8","objectid":"2941118","globalid":"B9AEFDAD-6369-48D3-AE06-67C82ED0B91C","tpstructure":"Stump","plantingspaceglobalid":"0D1D7FEA-B20D-4DC0-8DC3-3C40D0099AF5","createddate":"2016-03-15 17:21:12.0000000","dbh":"8","planteddate":null,"updateddate":"2022-08-17 17:19:12.0000000","geometry":"POINT(-74.16038375598126 40.544242467817625)","genusspecies":"Pyrus calleryana - Callery pear"}},{"type":"Feature","geometry":{"type":"Point","coordinates":[-74.15503347343453,40.535813490584054]},"properties":{"tpcondition":"Good","stumpdiameter":"0","riskratingdate":null,"riskrating":null,"objectid":"2941119","globalid":"C0C7140E-86E9-4ABA-A2BA-9F5AE0DDFF1A","tpstructure":"Full","plantingspaceglobalid":"FEB0DFBF-5B0C-4100-844C-B56C2FAEACB6","createddate":"2016-03-15 17:21:12.0000000","dbh":"3","planteddate":null,"updateddate":"2017-04-10 14:24:15.0000000","geometry":"POINT(-74.15503347343453 40.535813490584054)","genusspecies":"Prunus serrulata 'Green leaf' - 'Green leaf' Japanese flowering cherry"}},{"type":"Feature","geometry":{"type":"Point","coordinates":[-74.15478232365466,40.53567563361327]},"properties":{"tpcondition":"Fair","stumpdiameter":"0","riskratingdate":null,"riskrating":null,"objectid":"2941120","globalid":"B8D2BCCF-593F-4ED4-AA53-3A78A92BE8E9","tpstructure":"Full","plantingspaceglobalid":"516DDF84-4396-4F1F-B978-0D241F20711A","createddate":"2016-03-15 17:21:12.0000000","dbh":"2","planteddate":null,"updateddate":"2017-04-10 14:24:32.0000000","geometry":"POINT(-74.15478232365466 40.53567563361327)","genusspecies":"Prunus serrulata 'Green leaf' - 'Green leaf' Japanese flowering cherry"}},{"type":"Feature","geometry":{"type":"Point","coordinates":[-74.15452825491806,40.53553617487545]},"properties":{"tpcondition":"Good","stumpdiameter":"0","riskratingdate":"2022-05-27 18:31:00.0000000","riskrating":"5","objectid":"2941121","globalid":"72EA15EF-019F-4A77-9B55-1B4F2BA4D354","tpstructure":"Retired","plantingspaceglobalid":"EF424AF1-3347-4695-AEA1-38E96F1DC66F","createddate":"2016-03-15 17:21:00.0000000","dbh":"6","planteddate":null,"updateddate":"2023-12-01 17:10:11.0000000","geometry":"POINT(-74.15452825491806 40.53553617487545)","genusspecies":"Prunus cerasifera - cherry plum"}},{"type":"Feature","geometry":{"type":"Point","coordinates":[-74.15439684020876,40.53546403946413]},"properties":{"tpcondition":"Fair","stumpdiameter":"0","riskratingdate":null,"riskrating":null,"objectid":"2941122","globalid":"4E8593C0-82B9-48CC-B576-CE297EF3209F","tpstructure":"Full","plantingspaceglobalid":"C7BA88D6-D0E1-413A-85FE-DDF1962B98AA","createddate":"2016-03-15 17:21:13.0000000","dbh":"8","planteddate":null,"updateddate":"2017-04-10 14:27:07.0000000","geometry":"POINT(-74.15439684020876 40.53546403946413)","genusspecies":"Prunus cerasifera - cherry plum"}},{"type":"Feature","geometry":{"type":"Point","coordinates":[-74.15407268539624,40.53528610812096]},"properties":{"tpcondition":"Fair","stumpdiameter":"0","riskratingdate":null,"riskrating":null,"objectid":"2941124","globalid":"E4ED68FD-C086-4A0F-87CD-A81CA1AE88C8","tpstructure":"Full","plantingspaceglobalid":"E09879A6-260D-4B80-A618-EDE1625C853F","createddate":"2016-03-15 17:21:13.0000000","dbh":"8","planteddate":null,"updateddate":"2017-04-10 14:27:52.0000000","geometry":"POINT(-74.15407268539624 40.53528610812096)","genusspecies":"Prunus cerasifera - cherry plum"}},{"type":"Feature","geometry":{"type":"Point","coordinates":[-74.15393835020417,40.53521236981391]},"properties":{"tpcondition":"Fair","stumpdiameter":"0","riskratingdate":null,"riskrating":null,"objectid":"2941125","globalid":"C6F0BE17-5F89-429D-BD08-6AE6A922D0DB","tpstructure":"Full","plantingspaceglobalid":"9A73D939-E9D0-47E0-A557-B0618497ABCC","createddate":"2016-03-15 17:21:13.0000000","dbh":"12","planteddate":null,"updateddate":"2017-04-10 14:32:17.0000000","geometry":"POINT(-74.15393835020417 40.53521236981391)","genusspecies":"Pyrus calleryana - Callery pear"}},{"type":"Feature","geometry":{"type":"Point","coordinates":[-74.15382738025683,40.53515145551284]},"properties":{"tpcondition":"Dead","stumpdiameter":"5","riskratingdate":null,"riskrating":null,"objectid":"2941126","globalid":"BAF67E74-928F-4415-BAE1-66A2F51BA906","tpstructure":"Retired","plantingspaceglobalid":"AD13A428-2909-4CCF-9EC4-D1F9BA8B8376","createddate":"2016-03-15 17:21:00.0000000","dbh":"3","planteddate":null,"updateddate":"2018-05-30 14:04:00.0000000","geometry":"POINT(-74.15382738025683 40.53515145551284)","genusspecies":"Prunus serrulata 'Green leaf' - 'Green leaf' Japanese flowering cherry"}},{"type":"Feature","geometry":{"type":"Point","coordinates":[-74.15357915738916,40.534767529407205]},"properties":{"tpcondition":"Good","stumpdiameter":"0","riskratingdate":null,"riskrating":null,"objectid":"2941127","globalid":"BFEF011A-6011-46EF-B8F6-2ED66DB59A48","tpstructure":"Full","plantingspaceglobalid":"76C506F2-E157-41F3-9E1D-F77602500AB4","createddate":"2016-03-15 17:21:14.0000000","dbh":"6","planteddate":null,"updateddate":null,"geometry":"POINT(-74.15357915738916 40.534767529407205)","genusspecies":"Pyrus calleryana - Callery pear"}},{"type":"Feature","geometry":{"type":"Point","coordinates":[-74.15365786408692,40.534699718029394]},"properties":{"tpcondition":"Good","stumpdiameter":"0","riskratingdate":null,"riskrating":null,"objectid":"2941128","globalid":"04C8EC65-53BF-42ED-AAA2-EAC90E368511","tpstructure":"Full","plantingspaceglobalid":"A983A17F-1E22-4A94-BB33-83E6388ACB27","createddate":"2016-03-15 17:21:14.0000000","dbh":"11","planteddate":null,"updateddate":null,"geometry":"POINT(-74.15365786408692 40.534699718029394)","genusspecies":"Pyrus calleryana - Callery pear"}},{"type":"Feature","geometry":{"type":"Point","coordinates":[-74.15371033512879,40.534654509842206]},"properties":{"tpcondition":"Good","stumpdiameter":"0","riskratingdate":null,"riskrating":null,"objectid":"2941129","globalid":"06EF7E05-AFD8-40D4-BE6E-0B8A2B6BF2FA","tpstructure":"Full","plantingspaceglobalid":"6507593F-6F2D-4F03-9E61-2F01F8AA2906","createddate":"2016-03-15 17:21:14.0000000","dbh":"10","planteddate":null,"updateddate":null,"geometry":"POINT(-74.15371033512879 40.534654509842206)","genusspecies":"Pyrus calleryana - Callery pear"}},{"type":"Feature","geometry":{"type":"Point","coordinates":[-74.15377950002923,40.53459491644291]},"properties":{"tpcondition":"Good","stumpdiameter":"0","riskratingdate":null,"riskrating":null,"objectid":"2941130","globalid":"57BE44CD-D0F6-4AB5-89F3-07FFF3875C11","tpstructure":"Full","plantingspaceglobalid":"502540C7-9B27-4119-A8CE-60269B2CFB02","createddate":"2016-03-15 17:21:15.0000000","dbh":"7","planteddate":null,"updateddate":null,"geometry":"POINT(-74.15377950002923 40.53459491644291)","genusspecies":"Pyrus calleryana - Callery pear"}},{"type":"Feature","geometry":{"type":"Point","coordinates":[-74.15389748205727,40.53449508602823]},"properties":{"tpcondition":"Good","stumpdiameter":"0","riskratingdate":null,"riskrating":null,"objectid":"2941131","globalid":"F4F0C83F-C93F-4408-92FA-A4C05384415E","tpstructure":"Full","plantingspaceglobalid":"2BB0266F-6174-4F1C-BA86-4E7BA99F3162","createddate":"2016-03-15 17:21:15.0000000","dbh":"11","planteddate":null,"updateddate":null,"geometry":"POINT(-74.15389748205727 40.53449508602823)","genusspecies":"Pyrus calleryana - Callery pear"}},{"type":"Feature","geometry":{"type":"Point","coordinates":[-74.15393368529851,40.53446455458068]},"properties":{"tpcondition":"Good","stumpdiameter":"0","riskratingdate":null,"riskrating":null,"objectid":"2941132","globalid":"20B41D7B-7072-45CB-A123-464AA4BA1B26","tpstructure":"Full","plantingspaceglobalid":"853E95EC-49F6-478E-90A8-4C905F6C4679","createddate":"2016-03-15 17:21:15.0000000","dbh":"10","planteddate":null,"updateddate":null,"geometry":"POINT(-74.15393368529851 40.53446455458068)","genusspecies":"Pyrus calleryana - Callery pear"}},{"type":"Feature","geometry":{"type":"Point","coordinates":[-74.15397230240615,40.534431989291264]},"properties":{"tpcondition":"Fair","stumpdiameter":"0","riskratingdate":null,"riskrating":null,"objectid":"2941133","globalid":"4E534223-5FFE-4738-878E-7F413BBA066D","tpstructure":"Full","plantingspaceglobalid":"CFB3A863-66F7-44E3-A31F-BAF486A09095","createddate":"2016-03-15 17:21:15.0000000","dbh":"9","planteddate":null,"updateddate":null,"geometry":"POINT(-74.15397230240615 40.534431989291264)","genusspecies":"Pyrus calleryana - Callery pear"}},{"type":"Feature","geometry":{"type":"Point","coordinates":[-74.15483745885454,40.53668266469635]},"properties":{"tpcondition":"Fair","stumpdiameter":"0","riskratingdate":null,"riskrating":null,"objectid":"2941134","globalid":"6E7ECD55-7BAD-4F12-9044-28864515CA24","tpstructure":"Full","plantingspaceglobalid":"69FFB786-3F33-4157-990F-4A45B704E026","createddate":"2016-03-15 17:21:15.0000000","dbh":"14","planteddate":null,"updateddate":"2017-04-08 11:23:14.0000000","geometry":"POINT(-74.15483745885454 40.53668266469635)","genusspecies":"Platanus x acerifolia - London planetree"}},{"type":"Feature","geometry":{"type":"Point","coordinates":[-74.15499567466142,40.53677332524778]},"properties":{"tpcondition":"Dead","stumpdiameter":"4","riskratingdate":"2019-09-20 13:33:00.0000000","riskrating":"5","objectid":"2941135","globalid":"80ED6DC0-C01C-4DD0-BB20-02851045575A","tpstructure":"Retired","plantingspaceglobalid":"6E6E1B17-BA27-4157-B6B6-72DF63FACFAB","createddate":"2016-03-15 17:21:00.0000000","dbh":"4","planteddate":null,"updateddate":"2022-05-05 16:58:00.0000000","geometry":"POINT(-74.15499567466142 40.53677332524778)","genusspecies":"Prunus serrulata 'Green leaf' - 'Green leaf' Japanese flowering cherry"}},{"type":"Feature","geometry":{"type":"Point","coordinates":[-74.15511074036013,40.536839260473606]},"properties":{"tpcondition":"Fair","stumpdiameter":"0","riskratingdate":null,"riskrating":null,"objectid":"2941136","globalid":"D56736E3-A906-4761-A418-3A9E36B0D679","tpstructure":"Full","plantingspaceglobalid":"F1C4C0B4-9B21-41AE-B702-5FC3361E9A55","createddate":"2016-03-15 17:21:16.0000000","dbh":"2","planteddate":null,"updateddate":"2017-04-08 11:23:59.0000000","geometry":"POINT(-74.15511074036013 40.536839260473606)","genusspecies":"Syringa reticulata - Japanese tree lilac"}},{"type":"Feature","geometry":{"type":"Point","coordinates":[-74.15523156044766,40.5369084913058]},"properties":{"tpcondition":"Fair","stumpdiameter":"0","riskratingdate":null,"riskrating":null,"objectid":"2941137","globalid":"BB518F40-625B-459E-846B-4E00B00BD2A5","tpstructure":"Full","plantingspaceglobalid":"6C30778D-D2B0-4402-A38E-2DC7144FDC29","createddate":"2016-03-15 17:21:16.0000000","dbh":"2","planteddate":null,"updateddate":"2017-04-08 11:31:33.0000000","geometry":"POINT(-74.15523156044766 40.5369084913058)","genusspecies":"Syringa reticulata - Japanese tree lilac"}},{"type":"Feature","geometry":{"type":"Point","coordinates":[-74.1553236129114,40.536961239421025]},"properties":{"tpcondition":"Fair","stumpdiameter":"0","riskratingdate":null,"riskrating":null,"objectid":"2941138","globalid":"730357F8-1966-4677-BB82-3C253B6C4E3B","tpstructure":"Full","plantingspaceglobalid":"23D22B18-DFD2-4771-8256-97B8D57D633C","createddate":"2016-03-15 17:21:16.0000000","dbh":"4","planteddate":null,"updateddate":"2017-04-08 11:31:50.0000000","geometry":"POINT(-74.1553236129114 40.536961239421025)","genusspecies":"Parrotia persica - Persian ironwood"}},{"type":"Feature","geometry":{"type":"Point","coordinates":[-74.15559689744474,40.53711783403666]},"properties":{"tpcondition":"Dead","stumpdiameter":null,"riskratingdate":"2023-05-31 18:44:00.0000000","riskrating":"7","objectid":"2941139","globalid":"86BA6E1C-D3BF-4F95-A937-101B77B6230D","tpstructure":"Stump","plantingspaceglobalid":"8C6D230A-1156-49EF-975F-DC10991F2C8B","createddate":"2016-03-15 17:21:00.0000000","dbh":"2","planteddate":null,"updateddate":"2024-06-21 12:59:00.0000000","geometry":"POINT(-74.15559689744474 40.53711783403666)","genusspecies":"Ginkgo biloba - maidenhair tree"}},{"type":"Feature","geometry":{"type":"Point","coordinates":[-74.15566306066815,40.537155745772246]},"properties":{"tpcondition":"Excellent","stumpdiameter":"0","riskratingdate":null,"riskrating":null,"objectid":"2941140","globalid":"376AFAFE-FC84-4318-8FF3-7C4AD92C3F76","tpstructure":"Full","plantingspaceglobalid":"52B5EE30-102C-48CA-8D3A-6B570B252FB8","createddate":"2016-03-15 17:21:17.0000000","dbh":"4","planteddate":null,"updateddate":"2017-04-08 11:33:39.0000000","geometry":"POINT(-74.15566306066815 40.537155745772246)","genusspecies":"Quercus palustris - pin oak"}},{"type":"Feature","geometry":{"type":"Point","coordinates":[-74.1557522385793,40.5372068454042]},"properties":{"tpcondition":"Dead","stumpdiameter":"0","riskratingdate":null,"riskrating":null,"objectid":"2941141","globalid":"A031AA97-9273-4293-9DAC-43BD2280BF49","tpstructure":"Retired","plantingspaceglobalid":"FFED3447-4CC8-405C-B9E3-221C35443670","createddate":"2016-03-15 17:21:17.0000000","dbh":"10","planteddate":null,"updateddate":"2018-03-03 15:36:30.0000000","geometry":"POINT(-74.1557522385793 40.5372068454042)","genusspecies":"Pyrus calleryana - Callery pear"}},{"type":"Feature","geometry":{"type":"Point","coordinates":[-74.15585004533956,40.53726288936449]},"properties":{"tpcondition":"Fair","stumpdiameter":"0","riskratingdate":"2018-05-01 13:09:40.0000000","riskrating":"7","objectid":"2941142","globalid":"8DB782D4-5CD1-4A27-ADCB-89D24BCB1E70","tpstructure":"Full","plantingspaceglobalid":"AFAB61F6-57FB-458D-AC77-EBFEBCC6A7B5","createddate":"2016-03-15 17:21:17.0000000","dbh":"6","planteddate":null,"updateddate":"2018-05-01 13:09:40.0000000","geometry":"POINT(-74.15585004533956 40.53726288936449)","genusspecies":"Pyrus calleryana - Callery pear"}},{"type":"Feature","geometry":{"type":"Point","coordinates":[-74.15593922353533,40.537313988278946]},"properties":{"tpcondition":"Dead","stumpdiameter":"0","riskratingdate":"2020-05-05 19:09:00.0000000","riskrating":"3","objectid":"2941143","globalid":"6BAE284A-BB3E-47F8-9458-A5E77DE315A0","tpstructure":"Retired","plantingspaceglobalid":"274B2AC6-139D-4C74-B336-A0F46D2E680E","createddate":"2016-03-15 17:21:00.0000000","dbh":"2","planteddate":null,"updateddate":"2020-09-23 19:48:00.0000000","geometry":"POINT(-74.15593922353533 40.537313988278946)","genusspecies":"Syringa reticulata - Japanese tree lilac"}},{"type":"Feature","geometry":{"type":"Point","coordinates":[-74.15603415461344,40.53736838452313]},"properties":{"tpcondition":"Fair","stumpdiameter":"0","riskratingdate":null,"riskrating":null,"objectid":"2941144","globalid":"3A2B33D6-1ABA-402C-A837-3DC8D01BF057","tpstructure":"Full","plantingspaceglobalid":"F5483EA2-6125-433E-A0F2-CBE07CB2B67D","createddate":"2016-03-15 17:21:17.0000000","dbh":"6","planteddate":null,"updateddate":"2017-04-08 11:38:05.0000000","geometry":"POINT(-74.15603415461344 40.53736838452313)","genusspecies":"Zelkova serrata - Japanese zelkova"}},{"type":"Feature","geometry":{"type":"Point","coordinates":[-74.15615857416124,40.537483746429224]},"properties":{"tpcondition":"Dead","stumpdiameter":"23","riskratingdate":"2020-06-09 15:10:00.0000000","riskrating":"8","objectid":"2941145","globalid":"F59BD822-5E03-471B-8C58-CD523F8238AF","tpstructure":"Retired","plantingspaceglobalid":"139EA165-6E3E-4359-9987-CB95E59B2544","createddate":"2016-03-15 17:21:00.0000000","dbh":"21","planteddate":null,"updateddate":"2022-05-05 16:59:00.0000000","geometry":"POINT(-74.15615857416124 40.537483746429224)","genusspecies":"Platanus x acerifolia - London planetree"}},{"type":"Feature","geometry":{"type":"Point","coordinates":[-74.15624736757017,40.53757360873242]},"properties":{"tpcondition":"Good","stumpdiameter":"0","riskratingdate":"2019-07-02 16:25:53.0000000","riskrating":"3","objectid":"2941146","globalid":"5D16BA7E-7623-45C7-BDB3-0EE2656479C8","tpstructure":"Full","plantingspaceglobalid":"67ADA8F0-764D-4C4A-971F-3A96703A7E3B","createddate":"2016-03-15 17:21:18.0000000","dbh":"10","planteddate":null,"updateddate":"2019-07-02 20:25:54.0000000","geometry":"POINT(-74.15624736757017 40.53757360873242)","genusspecies":"Platanus x acerifolia - London planetree"}},{"type":"Feature","geometry":{"type":"Point","coordinates":[-74.15644661211832,40.537775253009]},"properties":{"tpcondition":"Fair","stumpdiameter":"0","riskratingdate":null,"riskrating":null,"objectid":"2941147","globalid":"7587EB08-D404-4B6B-BCD7-48FF4F521505","tpstructure":"Full","plantingspaceglobalid":"282D0887-731F-4EB6-BC75-C37A37DFDCD8","createddate":"2016-03-15 17:21:18.0000000","dbh":"2","planteddate":null,"updateddate":"2017-04-08 11:44:13.0000000","geometry":"POINT(-74.15644661211832 40.537775253009)","genusspecies":"Syringa reticulata - Japanese tree lilac"}},{"type":"Feature","geometry":{"type":"Point","coordinates":[-74.15670216754803,40.53803388312493]},"properties":{"tpcondition":"Fair","stumpdiameter":"0","riskratingdate":null,"riskrating":null,"objectid":"2941148","globalid":"3C0A4F4E-5938-4A62-A146-CBA826A949D5","tpstructure":"Full","plantingspaceglobalid":"2B5CE2FA-6279-4B10-951E-1BE2DBF49B53","createddate":"2016-03-15 17:21:18.0000000","dbh":"4","planteddate":null,"updateddate":"2017-04-08 11:46:36.0000000","geometry":"POINT(-74.15670216754803 40.53803388312493)","genusspecies":"Pyrus calleryana - Callery pear"}},{"type":"Feature","geometry":{"type":"Point","coordinates":[-74.15679962426994,40.538132513157834]},"properties":{"tpcondition":"Fair","stumpdiameter":"0","riskratingdate":null,"riskrating":null,"objectid":"2941149","globalid":"6E4AC26E-7BD4-4619-BB9A-8AB91AE78BEB","tpstructure":"Full","plantingspaceglobalid":"A6E18DE6-0F64-4763-B8F1-EAD18C8B91BA","createddate":"2016-03-15 17:21:19.0000000","dbh":"4","planteddate":null,"updateddate":"2017-04-08 11:47:08.0000000","geometry":"POINT(-74.15679962426994 40.538132513157834)","genusspecies":"Pyrus calleryana - Callery pear"}},{"type":"Feature","geometry":{"type":"Point","coordinates":[-74.15684293879552,40.53817634933614]},"properties":{"tpcondition":"Fair","stumpdiameter":"0","riskratingdate":null,"riskrating":null,"objectid":"2941150","globalid":"068FB4BF-880C-4D08-A466-C9476288E562","tpstructure":"Full","plantingspaceglobalid":"170402F5-40C3-4F7E-A2D7-255056D230BE","createddate":"2016-03-15 17:21:19.0000000","dbh":"13","planteddate":null,"updateddate":"2017-04-08 11:47:29.0000000","geometry":"POINT(-74.15684293879552 40.53817634933614)","genusspecies":"Pyrus calleryana - Callery pear"}},{"type":"Feature","geometry":{"type":"Point","coordinates":[-74.15692956876259,40.53826401992673]},"properties":{"tpcondition":"Fair","stumpdiameter":"0","riskratingdate":null,"riskrating":null,"objectid":"2941151","globalid":"1C54386B-ED8F-44BF-8CDA-CB0C3339440B","tpstructure":"Full","plantingspaceglobalid":"D96768F2-E13D-46BF-90C3-2C80C6E4B6BA","createddate":"2016-03-15 17:21:19.0000000","dbh":"2","planteddate":null,"updateddate":"2017-04-08 11:49:07.0000000","geometry":"POINT(-74.15692956876259 40.53826401992673)","genusspecies":"Syringa reticulata - Japanese tree lilac"}},{"type":"Feature","geometry":{"type":"Point","coordinates":[-74.1564673163867,40.53877386633166]},"properties":{"tpcondition":"Fair","stumpdiameter":"0","riskratingdate":null,"riskrating":null,"objectid":"2941152","globalid":"95823CE9-BE4C-4999-B737-9867A19197F8","tpstructure":"Full","plantingspaceglobalid":"B8595AEE-AB79-43A4-AF34-9A14F653174D","createddate":"2016-03-15 17:21:19.0000000","dbh":"2","planteddate":null,"updateddate":"2017-04-11 13:24:32.0000000","geometry":"POINT(-74.1564673163867 40.53877386633166)","genusspecies":"Metasequoia glyptostroboides - dawn redwood"}},{"type":"Feature","geometry":{"type":"Point","coordinates":[-74.1565850861014,40.53870610380562]},"properties":{"tpcondition":"Fair","stumpdiameter":"0","riskratingdate":null,"riskrating":null,"objectid":"2941153","globalid":"4FD9ECE3-C30E-4D80-B5E9-F7CEDD809523","tpstructure":"Full","plantingspaceglobalid":"2234BB43-9AC1-469A-90F9-59131AB48A75","createddate":"2016-03-15 17:21:19.0000000","dbh":"2","planteddate":null,"updateddate":"2017-04-11 13:25:36.0000000","geometry":"POINT(-74.1565850861014 40.53870610380562)","genusspecies":"Metasequoia glyptostroboides - dawn redwood"}},{"type":"Feature","geometry":{"type":"Point","coordinates":[-74.1568033901444,40.53858049584895]},"properties":{"tpcondition":"Fair","stumpdiameter":"0","riskratingdate":null,"riskrating":null,"objectid":"2941154","globalid":"B27D765D-5EE6-42C5-B327-D1CA089B4C17","tpstructure":"Full","plantingspaceglobalid":"B551857B-3F3A-4B39-870A-E6B65F745E67","createddate":"2016-03-15 17:21:19.0000000","dbh":"2","planteddate":null,"updateddate":"2017-04-11 13:26:33.0000000","geometry":"POINT(-74.1568033901444 40.53858049584895)","genusspecies":"Metasequoia glyptostroboides - dawn redwood"}},{"type":"Feature","geometry":{"type":"Point","coordinates":[-74.15685596863881,40.53836447900559]},"properties":{"tpcondition":"Good","stumpdiameter":"0","riskratingdate":"2019-07-23 15:35:05.0000000","riskrating":"3","objectid":"2941155","globalid":"3AE1C06E-FEA9-450E-BAA0-0C7256A49F7F","tpstructure":"Full","plantingspaceglobalid":"5A098A61-654C-46F9-867A-7EDEB2AC46B0","createddate":"2016-03-15 17:21:20.0000000","dbh":"4","planteddate":null,"updateddate":"2019-07-23 19:35:06.0000000","geometry":"POINT(-74.15685596863881 40.53836447900559)","genusspecies":"Ginkgo biloba - maidenhair tree"}},{"type":"Feature","geometry":{"type":"Point","coordinates":[-74.15678902900632,40.53829642006568]},"properties":{"tpcondition":"Fair","stumpdiameter":"0","riskratingdate":"2019-07-23 15:32:20.0000000","riskrating":"5","objectid":"2941156","globalid":"22233FF8-6511-444E-8157-68ABC5EED901","tpstructure":"Full","plantingspaceglobalid":"BAF590E6-2A97-4EB0-A403-DE4883A4D3AA","createddate":"2016-03-15 17:21:20.0000000","dbh":"7","planteddate":null,"updateddate":"2019-07-23 19:32:21.0000000","geometry":"POINT(-74.15678902900632 40.53829642006568)","genusspecies":"Ginkgo biloba - maidenhair tree"}},{"type":"Feature","geometry":{"type":"Point","coordinates":[-74.15674152311078,40.538248121256295]},"properties":{"tpcondition":"Good","stumpdiameter":"0","riskratingdate":"2019-07-23 15:29:54.0000000","riskrating":"3","objectid":"2941157","globalid":"6D52A3B9-DDD4-4ED3-8E25-BC4EC7466C2C","tpstructure":"Full","plantingspaceglobalid":"2D9739FA-80F2-40AF-ABF9-E7C1342CE7CA","createddate":"2016-03-15 17:21:20.0000000","dbh":"5","planteddate":null,"updateddate":"2019-07-23 19:29:54.0000000","geometry":"POINT(-74.15674152311078 40.538248121256295)","genusspecies":"Quercus phellos - willow oak"}},{"type":"Feature","geometry":{"type":"Point","coordinates":[-74.1566681051096,40.53817347666702]},"properties":{"tpcondition":"Fair","stumpdiameter":"0","riskratingdate":null,"riskrating":null,"objectid":"2941158","globalid":"A0C431B1-DFA5-413E-979F-C5B3F11C8A4B","tpstructure":"Full","plantingspaceglobalid":"0878EA28-D4D0-4436-88A3-BA10BC59A6D8","createddate":"2016-03-15 17:21:20.0000000","dbh":"2","planteddate":null,"updateddate":"2017-04-08 11:46:19.0000000","geometry":"POINT(-74.1566681051096 40.53817347666702)","genusspecies":"Syringa reticulata - Japanese tree lilac"}},{"type":"Feature","geometry":{"type":"Point","coordinates":[-74.15662923576349,40.538133958589135]},"properties":{"tpcondition":"Fair","stumpdiameter":"0","riskratingdate":null,"riskrating":null,"objectid":"2941159","globalid":"65FEA80F-1F5F-4DFE-9560-66219CD78F6F","tpstructure":"Full","plantingspaceglobalid":"6E1822E1-804B-4273-B0D5-A607AAE859AC","createddate":"2016-03-15 17:21:21.0000000","dbh":"6","planteddate":null,"updateddate":"2017-04-08 11:46:00.0000000","geometry":"POINT(-74.15662923576349 40.538133958589135)","genusspecies":"Syringa reticulata - Japanese tree lilac"}},{"type":"Feature","geometry":{"type":"Point","coordinates":[-74.15654718165511,40.538050531996085]},"properties":{"tpcondition":"Fair","stumpdiameter":null,"riskratingdate":"2020-04-30 20:11:12.0000000","riskrating":"7","objectid":"2941160","globalid":"048CF294-8FC7-460D-83D4-CDF9F6BF538D","tpstructure":"Full","plantingspaceglobalid":"488727D9-C507-49DF-97F3-7DA313BC466B","createddate":"2016-03-15 17:21:21.0000000","dbh":"13","planteddate":null,"updateddate":"2020-04-30 20:11:12.0000000","geometry":"POINT(-74.15654718165511 40.538050531996085)","genusspecies":"Gleditsia triacanthos var. inermis - Thornless honeylocust"}},{"type":"Feature","geometry":{"type":"Point","coordinates":[-74.15648887824246,40.537991254811814]},"properties":{"tpcondition":"Fair","stumpdiameter":"0","riskratingdate":null,"riskrating":null,"objectid":"2941161","globalid":"A60AE260-5CA9-4891-94D4-DCE8B55AFF37","tpstructure":"Full","plantingspaceglobalid":"DC382537-A965-4B9E-B375-3777D507F4D1","createddate":"2016-03-15 17:21:21.0000000","dbh":"11","planteddate":null,"updateddate":"2017-04-08 11:45:08.0000000","geometry":"POINT(-74.15648887824246 40.537991254811814)","genusspecies":"Liquidambar styraciflua - sweetgum"}},{"type":"Feature","geometry":{"type":"Point","coordinates":[-74.15638307180302,40.53788367806367]},"properties":{"tpcondition":"Fair","stumpdiameter":"0","riskratingdate":null,"riskrating":null,"objectid":"2941162","globalid":"E4BC72E6-833F-4412-973F-4DAF2E07779E","tpstructure":"Full","plantingspaceglobalid":"A2BB4860-C760-424D-A333-D605E5BADF50","createddate":"2016-03-15 17:21:21.0000000","dbh":"13","planteddate":null,"updateddate":"2017-04-08 11:44:41.0000000","geometry":"POINT(-74.15638307180302 40.53788367806367)","genusspecies":"Liquidambar styraciflua - sweetgum"}},{"type":"Feature","geometry":{"type":"Point","coordinates":[-74.15632476868153,40.53782440079527]},"properties":{"tpcondition":"Fair","stumpdiameter":null,"riskratingdate":"2022-06-17 16:25:54.0000000","riskrating":"6","objectid":"2941163","globalid":"045BD724-640B-4757-BE4A-308F5CE374D2","tpstructure":"Full","plantingspaceglobalid":"49D166B8-4A1D-4A2E-8DB3-9E759A1996C0","createddate":"2016-03-15 17:21:21.0000000","dbh":"12","planteddate":null,"updateddate":"2023-05-30 16:57:14.0000000","geometry":"POINT(-74.15632476868153 40.53782440079527)","genusspecies":"Fraxinus - Ash"}},{"type":"Feature","geometry":{"type":"Point","coordinates":[-74.15627942271531,40.53777829699385]},"properties":{"tpcondition":"Good","stumpdiameter":null,"riskratingdate":"2022-08-05 15:07:24.0000000","riskrating":"7","objectid":"2941164","globalid":"F543D5D1-C0C0-46C8-AE93-188B515CB53A","tpstructure":"Full","plantingspaceglobalid":"872D0034-E135-4124-A3BE-ADE4D7F9B54D","createddate":"2016-03-15 17:21:21.0000000","dbh":"16","planteddate":null,"updateddate":"2023-05-30 16:55:54.0000000","geometry":"POINT(-74.15627942271531 40.53777829699385)","genusspecies":"Fraxinus - Ash"}},{"type":"Feature","geometry":{"type":"Point","coordinates":[-74.15622112052984,40.537719020814976]},"properties":{"tpcondition":"Poor","stumpdiameter":null,"riskratingdate":"2022-07-27 16:38:12.0000000","riskrating":"7","objectid":"2941165","globalid":"0EDE4B7D-F285-41D3-8808-BD7C24AB57D4","tpstructure":"Full","plantingspaceglobalid":"6A8A8780-5780-4474-8C10-3D5DA5B04A1F","createddate":"2016-03-15 17:21:22.0000000","dbh":"8","planteddate":null,"updateddate":"2022-07-27 16:38:12.0000000","geometry":"POINT(-74.15622112052984 40.537719020814976)","genusspecies":"Pyrus calleryana - Callery pear"}},{"type":"Feature","geometry":{"type":"Point","coordinates":[-74.1561628191946,40.537659743461546]},"properties":{"tpcondition":"Fair","stumpdiameter":null,"riskratingdate":"2022-06-17 16:23:56.0000000","riskrating":"7","objectid":"2941166","globalid":"3CB0BCA7-28CD-45F0-B2BB-B0656030F873","tpstructure":"Full","plantingspaceglobalid":"AD8C9636-684B-4E5B-8B22-556F3E5C866C","createddate":"2016-03-15 17:21:22.0000000","dbh":"20","planteddate":null,"updateddate":"2023-05-30 16:54:21.0000000","geometry":"POINT(-74.1561628191946 40.537659743461546)","genusspecies":"Fraxinus - Ash"}},{"type":"Feature","geometry":{"type":"Point","coordinates":[-74.15609372097818,40.53758948890945]},"properties":{"tpcondition":"Fair","stumpdiameter":"0","riskratingdate":null,"riskrating":null,"objectid":"2941167","globalid":"3110CA88-D3BD-4896-BFAA-B36A460D1559","tpstructure":"Full","plantingspaceglobalid":"BDC48965-AE7B-4ED3-9F6E-B257005227D4","createddate":"2016-03-15 17:21:22.0000000","dbh":"19","planteddate":null,"updateddate":"2017-04-08 11:39:12.0000000","geometry":"POINT(-74.15609372097818 40.53758948890945)","genusspecies":"Platanus x acerifolia - London planetree"}},{"type":"Feature","geometry":{"type":"Point","coordinates":[-74.15592125122103,40.53743556976389]},"properties":{"tpcondition":"Good","stumpdiameter":null,"riskratingdate":"2022-10-31 18:19:06.0000000","riskrating":"5","objectid":"2941168","globalid":"9206964B-8AC5-42D8-94DE-3736951948E6","tpstructure":"Full","plantingspaceglobalid":"FCA7FB57-2364-4BA1-88A6-EF4F02BB7D1B","createddate":"2016-03-15 17:21:22.0000000","dbh":"8","planteddate":null,"updateddate":"2022-10-31 18:19:06.0000000","geometry":"POINT(-74.15592125122103 40.53743556976389)","genusspecies":"Taxodium distichum - bald cypress"}},{"type":"Feature","geometry":{"type":"Point","coordinates":[-74.15584938792341,40.53739430637322]},"properties":{"tpcondition":"Poor","stumpdiameter":null,"riskratingdate":"2025-09-19 14:54:28.0000000","riskrating":"7","objectid":"2941169","globalid":"8F1C2184-3F5E-4D42-8DB7-646857E04780","tpstructure":"Full","plantingspaceglobalid":"9E48EA9D-6BFF-4499-968C-80EE2342E2AA","createddate":"2016-03-15 17:21:22.0000000","dbh":"5","planteddate":null,"updateddate":"2025-09-19 14:54:28.0000000","geometry":"POINT(-74.15584938792341 40.53739430637322)","genusspecies":"Pyrus calleryana - Callery pear"}},{"type":"Feature","geometry":{"type":"Point","coordinates":[-74.15577465246139,40.537351390223]},"properties":{"tpcondition":"Poor","stumpdiameter":null,"riskratingdate":"2025-09-19 14:50:08.0000000","riskrating":"7","objectid":"2941170","globalid":"3C38B2AC-3733-4C28-9CB5-7255639F50D1","tpstructure":"Full","plantingspaceglobalid":"7FE09E0F-1723-4F77-831E-A57574089569","createddate":"2016-03-15 17:21:23.0000000","dbh":"6","planteddate":null,"updateddate":"2025-09-19 14:50:08.0000000","geometry":"POINT(-74.15577465246139 40.537351390223)","genusspecies":"Pyrus calleryana - Callery pear"}},{"type":"Feature","geometry":{"type":"Point","coordinates":[-74.15569704035575,40.53730682417284]},"properties":{"tpcondition":"Fair","stumpdiameter":"0","riskratingdate":null,"riskrating":null,"objectid":"2941171","globalid":"B2991F7B-C108-4E8C-9F10-1CD3263C04F0","tpstructure":"Full","plantingspaceglobalid":"A1065D19-DB06-410E-9004-E25FD08CBC58","createddate":"2016-03-15 17:21:23.0000000","dbh":"15","planteddate":null,"updateddate":"2017-04-08 11:35:55.0000000","geometry":"POINT(-74.15569704035575 40.53730682417284)","genusspecies":"Pyrus calleryana - Callery pear"}},{"type":"Feature","geometry":{"type":"Point","coordinates":[-74.15551882282787,40.53720448732629]},"properties":{"tpcondition":"Fair","stumpdiameter":"0","riskratingdate":null,"riskrating":null,"objectid":"2941172","globalid":"6539A7E5-79A0-446F-94AB-FF8586D98F6E","tpstructure":"Full","plantingspaceglobalid":"05BFF64D-0E9E-4816-8713-989DB8246C3D","createddate":"2016-03-15 17:21:23.0000000","dbh":"4","planteddate":null,"updateddate":"2017-04-08 11:33:16.0000000","geometry":"POINT(-74.15551882282787 40.53720448732629)","genusspecies":"Pyrus calleryana - Callery pear"}},{"type":"Feature","geometry":{"type":"Point","coordinates":[-74.15545845869785,40.53716982541064]},"properties":{"tpcondition":"Fair","stumpdiameter":"0","riskratingdate":null,"riskrating":null,"objectid":"2941173","globalid":"39EC70CD-3FFF-41C0-985D-9ADC005C9177","tpstructure":"Full","plantingspaceglobalid":"F08748B5-E101-4954-9AC7-763B4207FA6D","createddate":"2016-03-15 17:21:23.0000000","dbh":"12","planteddate":null,"updateddate":"2017-04-08 11:32:53.0000000","geometry":"POINT(-74.15545845869785 40.53716982541064)","genusspecies":"Acer rubrum - red maple"}},{"type":"Feature","geometry":{"type":"Point","coordinates":[-74.15537222358167,40.53712030670018]},"properties":{"tpcondition":"Fair","stumpdiameter":"0","riskratingdate":null,"riskrating":null,"objectid":"2941174","globalid":"83D95FCA-FE4A-4468-B1C2-FD08EA4F8786","tpstructure":"Full","plantingspaceglobalid":"55357755-93D0-4823-91CC-EC5427299F9A","createddate":"2016-03-15 17:21:23.0000000","dbh":"24","planteddate":null,"updateddate":"2017-04-08 11:30:53.0000000","geometry":"POINT(-74.15537222358167 40.53712030670018)","genusspecies":"Quercus palustris - pin oak"}},{"type":"Feature","geometry":{"type":"Point","coordinates":[-74.15529173903933,40.53707408993901]},"properties":{"tpcondition":"Fair","stumpdiameter":"0","riskratingdate":null,"riskrating":null,"objectid":"2941175","globalid":"AFB4F72D-F8E7-4D8A-BABB-B6B1D9890233","tpstructure":"Full","plantingspaceglobalid":"1D9A0759-623E-48A5-817E-AD7B7EBD2BF7","createddate":"2016-03-15 17:21:24.0000000","dbh":"11","planteddate":null,"updateddate":"2017-04-08 11:30:26.0000000","geometry":"POINT(-74.15529173903933 40.53707408993901)","genusspecies":"Acer rubrum - red maple"}},{"type":"Feature","geometry":{"type":"Point","coordinates":[-74.15521987801539,40.53703282500746]},"properties":{"tpcondition":"Fair","stumpdiameter":"0","riskratingdate":null,"riskrating":null,"objectid":"2941176","globalid":"78982269-0B13-4806-9CF4-9C9EF30ED43D","tpstructure":"Full","plantingspaceglobalid":"324ED8A0-59A6-4797-8E9F-7E098662AB69","createddate":"2016-03-15 17:21:24.0000000","dbh":"12","planteddate":null,"updateddate":"2017-04-08 11:29:51.0000000","geometry":"POINT(-74.15521987801539 40.53703282500746)","genusspecies":"Pyrus calleryana - Callery pear"}},{"type":"Feature","geometry":{"type":"Point","coordinates":[-74.15509627522052,40.53696184810157]},"properties":{"tpcondition":"Dead","stumpdiameter":"9","riskratingdate":"2017-09-05 11:24:00.0000000","riskrating":"9","objectid":"2941177","globalid":"26A54E81-13E2-43ED-98D8-CD68D5391D38","tpstructure":"Retired","plantingspaceglobalid":"50BE88E5-3AC3-485C-AC29-05227C3B5800","createddate":"2016-03-15 17:21:00.0000000","dbh":"9","planteddate":null,"updateddate":"2019-10-08 18:16:00.0000000","geometry":"POINT(-74.15509627522052 40.53696184810157)","genusspecies":"Acer - maple"}},{"type":"Feature","geometry":{"type":"Point","coordinates":[-74.15498992168541,40.53690077658235]},"properties":{"tpcondition":"Fair","stumpdiameter":"0","riskratingdate":null,"riskrating":null,"objectid":"2941178","globalid":"D00A0440-3C2D-41EB-ACCC-C900ED5DBF6E","tpstructure":"Full","plantingspaceglobalid":"0D68C276-E60B-4EB6-B09A-6BD0371013E7","createddate":"2016-03-15 17:21:24.0000000","dbh":"5","planteddate":null,"updateddate":"2017-09-05 11:28:03.0000000","geometry":"POINT(-74.15498992168541 40.53690077658235)","genusspecies":"Pyrus calleryana - Callery pear"}},{"type":"Feature","geometry":{"type":"Point","coordinates":[-74.15492093473729,40.53686116133609]},"properties":{"tpcondition":"Fair","stumpdiameter":"0","riskratingdate":null,"riskrating":null,"objectid":"2941179","globalid":"094721C5-3DE1-4587-81DC-54551015DCF8","tpstructure":"Full","plantingspaceglobalid":"2E2298AB-FABC-4E0C-9AF1-751CA97D656C","createddate":"2016-03-15 17:21:25.0000000","dbh":"7","planteddate":null,"updateddate":"2017-04-08 11:26:01.0000000","geometry":"POINT(-74.15492093473729 40.53686116133609)","genusspecies":"Liquidambar styraciflua - sweetgum"}},{"type":"Feature","geometry":{"type":"Point","coordinates":[-74.15485482232434,40.53682319763906]},"properties":{"tpcondition":"Fair","stumpdiameter":"0","riskratingdate":null,"riskrating":null,"objectid":"2941180","globalid":"9BC18288-52F2-4D0C-B334-F088359BAB44","tpstructure":"Full","plantingspaceglobalid":"A376109F-323F-4A7D-8CAD-57B228B24AEE","createddate":"2016-03-15 17:21:25.0000000","dbh":"11","planteddate":null,"updateddate":"2017-04-08 11:25:29.0000000","geometry":"POINT(-74.15485482232434 40.53682319763906)","genusspecies":"Quercus rubra - northern red oak"}},{"type":"Feature","geometry":{"type":"Point","coordinates":[-74.15477433774679,40.53677697994329]},"properties":{"tpcondition":"Fair","stumpdiameter":"0","riskratingdate":null,"riskrating":null,"objectid":"2941181","globalid":"7B4ABDFD-CEB4-4FEE-BDC7-C2EA29538C02","tpstructure":"Full","plantingspaceglobalid":"C79644D8-3DB2-4BB2-8BA2-4D71F22AF43B","createddate":"2016-03-15 17:21:25.0000000","dbh":"11","planteddate":null,"updateddate":"2017-04-08 11:25:05.0000000","geometry":"POINT(-74.15477433774679 40.53677697994329)","genusspecies":"Platanus x acerifolia - London planetree"}},{"type":"Feature","geometry":{"type":"Point","coordinates":[-74.15719259550305,40.538354398049755]},"properties":{"tpcondition":"Fair","stumpdiameter":"0","riskratingdate":null,"riskrating":null,"objectid":"2941182","globalid":"C270862B-BDC2-4DC3-87FF-185362CFE870","tpstructure":"Full","plantingspaceglobalid":"CBDA4BC8-C365-415D-9013-225D1DBA89C3","createddate":"2016-03-15 17:21:25.0000000","dbh":"2","planteddate":null,"updateddate":"2017-04-11 13:34:30.0000000","geometry":"POINT(-74.15719259550305 40.538354398049755)","genusspecies":"Metasequoia glyptostroboides - dawn redwood"}},{"type":"Feature","geometry":{"type":"Point","coordinates":[-74.15727845419012,40.538304500930956]},"properties":{"tpcondition":"Fair","stumpdiameter":"0","riskratingdate":null,"riskrating":null,"objectid":"2941183","globalid":"3F348750-931A-46C8-8C00-CAD023AA7E27","tpstructure":"Full","plantingspaceglobalid":"FCA13F76-A04E-4E91-9C2E-522268CC482D","createddate":"2016-03-15 17:21:25.0000000","dbh":"2","planteddate":null,"updateddate":"2017-04-11 13:35:37.0000000","geometry":"POINT(-74.15727845419012 40.538304500930955)","genusspecies":"Metasequoia glyptostroboides - dawn redwood"}},{"type":"Feature","geometry":{"type":"Point","coordinates":[-74.1545062355174,40.53680674718265]},"properties":{"tpcondition":"Fair","stumpdiameter":"0","riskratingdate":null,"riskrating":null,"objectid":"2941184","globalid":"DB2CB313-B6EE-418B-8265-C6614F7689E1","tpstructure":"Full","plantingspaceglobalid":"DBB4F82E-7D6D-4729-A46B-03272B9A0BDC","createddate":"2016-03-15 17:21:26.0000000","dbh":"24","planteddate":null,"updateddate":"2017-04-11 12:41:15.0000000","geometry":"POINT(-74.1545062355174 40.53680674718265)","genusspecies":"Quercus palustris - pin oak"}},{"type":"Feature","geometry":{"type":"Point","coordinates":[-74.15436490974768,40.53695232222672]},"properties":{"tpcondition":"Fair","stumpdiameter":null,"riskratingdate":"2022-06-07 15:31:00.0000000","riskrating":"8","objectid":"2941185","globalid":"995E5C34-A507-4C6E-B49B-5E31AE2695E4","tpstructure":"Full","plantingspaceglobalid":"D2CC6123-F858-4EF3-9551-59E282A1D9C0","createddate":"2016-03-15 17:21:00.0000000","dbh":"31","planteddate":null,"updateddate":"2022-07-11 18:03:00.0000000","geometry":"POINT(-74.15436490974768 40.53695232222672)","genusspecies":"Quercus palustris - pin oak"}},{"type":"Feature","geometry":{"type":"Point","coordinates":[-74.15432636556679,40.53699202406598]},"properties":{"tpcondition":"Fair","stumpdiameter":"0","riskratingdate":null,"riskrating":null,"objectid":"2941186","globalid":"E9B9F852-D786-46B9-96EF-00819195504F","tpstructure":"Full","plantingspaceglobalid":"2020951E-2DB0-45BE-B63B-BBDE6974A73A","createddate":"2016-03-15 17:21:26.0000000","dbh":"5","planteddate":null,"updateddate":"2017-04-11 12:42:12.0000000","geometry":"POINT(-74.15432636556679 40.53699202406598)","genusspecies":"Acer - maple"}},{"type":"Feature","geometry":{"type":"Point","coordinates":[-74.1542878213414,40.537031726464065]},"properties":{"tpcondition":"Fair","stumpdiameter":null,"riskratingdate":"2020-05-18 17:52:52.0000000","riskrating":"6","objectid":"2941187","globalid":"71C1A190-19E8-4F49-AEBF-A2C2DB3901CD","tpstructure":"Full","plantingspaceglobalid":"6E0F2865-13BC-4E42-8D6B-6EF3204CA641","createddate":"2016-03-15 17:21:26.0000000","dbh":"8","planteddate":null,"updateddate":"2020-05-18 17:52:52.0000000","geometry":"POINT(-74.1542878213414 40.537031726464065)","genusspecies":"Acer - maple"}},{"type":"Feature","geometry":{"type":"Point","coordinates":[-74.15424927856786,40.53707142827521]},"properties":{"tpcondition":"Fair","stumpdiameter":null,"riskratingdate":"2020-05-18 17:55:20.0000000","riskrating":"7","objectid":"2941188","globalid":"2E150548-E6A0-487F-9A88-C07EAA460ECE","tpstructure":"Full","plantingspaceglobalid":"89785BCB-6A20-47E2-A4BF-D1FA0D045490","createddate":"2016-03-15 17:21:26.0000000","dbh":"11","planteddate":null,"updateddate":"2020-05-18 17:55:20.0000000","geometry":"POINT(-74.15424927856786 40.53707142827521)","genusspecies":"Acer rubrum - red maple"}},{"type":"Feature","geometry":{"type":"Point","coordinates":[-74.15420217042362,40.53711995358317]},"properties":{"tpcondition":"Unknown","stumpdiameter":"0","riskratingdate":null,"riskrating":null,"objectid":"2941189","globalid":"D4AC2628-D62D-47CC-BD2B-97C37F2379CB","tpstructure":"Full","plantingspaceglobalid":"C34197F5-610D-4FBE-B264-65B984026036","createddate":"2016-03-15 17:21:26.0000000","dbh":"7","planteddate":null,"updateddate":"2020-08-09 16:22:05.0000000","geometry":"POINT(-74.15420217042362 40.53711995358317)","genusspecies":"Acer - maple"}},{"type":"Feature","geometry":{"type":"Point","coordinates":[-74.15790647160489,40.53924900071548]},"properties":{"tpcondition":"Fair","stumpdiameter":"0","riskratingdate":null,"riskrating":null,"objectid":"2941190","globalid":"D108E38B-3961-4DAC-A9FE-92BD4034FE79","tpstructure":"Full","plantingspaceglobalid":"2C9A9FB2-574E-4096-86BA-57BC6DC83723","createddate":"2016-03-15 17:21:27.0000000","dbh":"6","planteddate":null,"updateddate":"2017-04-08 14:07:18.0000000","geometry":"POINT(-74.15790647160489 40.53924900071548)","genusspecies":"Acer rubrum - red maple"}},{"type":"Feature","geometry":{"type":"Point","coordinates":[-74.15879586832311,40.54015024521221]},"properties":{"tpcondition":"Good","stumpdiameter":null,"riskratingdate":"2024-04-11 16:56:45.0000000","riskrating":"7","objectid":"2941191","globalid":"9E2AA91D-4276-44E0-B8E6-6D34200D4DA2","tpstructure":"Full","plantingspaceglobalid":"52ACCA6E-4109-45EA-9F81-80231710D5C2","createddate":"2016-03-15 17:21:27.0000000","dbh":"13","planteddate":null,"updateddate":"2024-04-11 16:56:45.0000000","geometry":"POINT(-74.15879586832311 40.54015024521221)","genusspecies":"Acer rubrum - red maple"}},{"type":"Feature","geometry":{"type":"Point","coordinates":[-74.15885429842405,40.54020945070908]},"properties":{"tpcondition":"Fair","stumpdiameter":"0","riskratingdate":null,"riskrating":null,"objectid":"2941192","globalid":"DC57E0E0-36A4-478A-A278-DC4468821AFF","tpstructure":"Full","plantingspaceglobalid":"A751FCB8-D79D-435B-95FA-779C3A9065EE","createddate":"2016-03-15 17:21:27.0000000","dbh":"8","planteddate":null,"updateddate":"2017-04-08 14:10:57.0000000","geometry":"POINT(-74.15885429842405 40.54020945070908)","genusspecies":"Acer rubrum - red maple"}},{"type":"Feature","geometry":{"type":"Point","coordinates":[-74.15908801236891,40.540446272978514]},"properties":{"tpcondition":"Fair","stumpdiameter":"0","riskratingdate":null,"riskrating":null,"objectid":"2941193","globalid":"B2B1B26E-0A03-41EF-9E2F-0944E5FD3D4F","tpstructure":"Full","plantingspaceglobalid":"896F0B8B-5C77-4203-B6C1-79DF3B2B9B53","createddate":"2016-03-15 17:21:27.0000000","dbh":"12","planteddate":null,"updateddate":"2017-04-08 14:11:40.0000000","geometry":"POINT(-74.15908801236891 40.540446272978514)","genusspecies":"Pyrus calleryana - Callery pear"}},{"type":"Feature","geometry":{"type":"Point","coordinates":[-74.15456183970817,40.53736978925894]},"properties":{"tpcondition":"Good","stumpdiameter":"0","riskratingdate":null,"riskrating":null,"objectid":"2941194","globalid":"24BD4BD9-53D2-44B3-B592-1F180CDC5F33","tpstructure":"Retired","plantingspaceglobalid":"47EA40C6-7546-4876-AFC9-6FB1EE912865","createddate":"2016-03-15 17:21:29.0000000","dbh":"2","planteddate":null,"updateddate":"2017-04-07 12:21:32.0000000","geometry":"POINT(-74.15456183970817 40.53736978925894)","genusspecies":"Crataegus - Hawthorn"}},{"type":"Feature","geometry":{"type":"Point","coordinates":[-74.15468275141532,40.53743892904904]},"properties":{"tpcondition":"Fair","stumpdiameter":"0","riskratingdate":null,"riskrating":null,"objectid":"2941195","globalid":"D2CEBACB-2611-4A8E-917E-AC3EAF1D82B1","tpstructure":"Full","plantingspaceglobalid":"5E95D717-324E-40D2-B9E5-F5A1432B2724","createddate":"2016-03-15 17:21:29.0000000","dbh":"15","planteddate":null,"updateddate":"2017-04-07 12:16:59.0000000","geometry":"POINT(-74.15468275141532 40.53743892904904)","genusspecies":"Platanus x acerifolia - London planetree"}},{"type":"Feature","geometry":{"type":"Point","coordinates":[-74.1548065393415,40.53750971515486]},"properties":{"tpcondition":"Fair","stumpdiameter":"0","riskratingdate":null,"riskrating":null,"objectid":"2941196","globalid":"5209791E-2DE1-4BE0-A11B-6BF69B1DA0A4","tpstructure":"Full","plantingspaceglobalid":"F5659D3B-6850-4BD9-A2C7-E0342CB52914","createddate":"2016-03-15 17:21:29.0000000","dbh":"20","planteddate":null,"updateddate":"2017-04-07 12:16:07.0000000","geometry":"POINT(-74.1548065393415 40.53750971515486)","genusspecies":"Quercus palustris - pin oak"}},{"type":"Feature","geometry":{"type":"Point","coordinates":[-74.15490154081272,40.53756404018748]},"properties":{"tpcondition":"Fair","stumpdiameter":"0","riskratingdate":null,"riskrating":null,"objectid":"2941197","globalid":"B39A2BF8-8BAC-475F-A8F4-D25646CD51A2","tpstructure":"Full","plantingspaceglobalid":"37BEAABF-CA88-4F7C-B93F-8CCD78DD3941","createddate":"2016-03-15 17:21:29.0000000","dbh":"16","planteddate":null,"updateddate":"2017-04-07 12:15:21.0000000","geometry":"POINT(-74.15490154081272 40.53756404018748)","genusspecies":"Quercus palustris - pin oak"}},{"type":"Feature","geometry":{"type":"Point","coordinates":[-74.15497926933416,40.5376084871031]},"properties":{"tpcondition":"Fair","stumpdiameter":"0","riskratingdate":null,"riskrating":null,"objectid":"2941198","globalid":"4E658EB4-01C6-4941-A287-0E824587269E","tpstructure":"Full","plantingspaceglobalid":"C1B79974-B3C7-4B42-9AA3-66A2311E02B6","createddate":"2016-03-15 17:21:29.0000000","dbh":"4","planteddate":null,"updateddate":"2017-04-07 12:12:56.0000000","geometry":"POINT(-74.15497926933416 40.5376084871031)","genusspecies":"Pyrus calleryana - Callery pear"}},{"type":"Feature","geometry":{"type":"Point","coordinates":[-74.15501957349974,40.53763153490127]},"properties":{"tpcondition":"Fair","stumpdiameter":"0","riskratingdate":null,"riskrating":null,"objectid":"2941199","globalid":"3389ECA7-8071-433C-A126-8A3C7475AA3F","tpstructure":"Full","plantingspaceglobalid":"4623B7D5-05E0-4355-9C32-F3E8381C32E2","createddate":"2016-03-15 17:21:29.0000000","dbh":"4","planteddate":null,"updateddate":"2017-04-07 12:12:25.0000000","geometry":"POINT(-74.15501957349974 40.53763153490127)","genusspecies":"Pyrus calleryana - Callery pear"}},{"type":"Feature","geometry":{"type":"Point","coordinates":[-74.15506275516694,40.537656226261134]},"properties":{"tpcondition":"Fair","stumpdiameter":"0","riskratingdate":null,"riskrating":null,"objectid":"2941200","globalid":"FA8D4EC9-AFD6-4E7C-8B5D-F905D1140FC0","tpstructure":"Full","plantingspaceglobalid":"E4212548-4A51-4472-9E12-AB243E1BB849","createddate":"2016-03-15 17:21:30.0000000","dbh":"3","planteddate":null,"updateddate":"2017-04-07 12:12:05.0000000","geometry":"POINT(-74.15506275516694 40.537656226261134)","genusspecies":"Pyrus calleryana - Callery pear"}},{"type":"Feature","geometry":{"type":"Point","coordinates":[-74.15520094032439,40.53773524295862]},"properties":{"tpcondition":"Fair","stumpdiameter":"0","riskratingdate":null,"riskrating":null,"objectid":"2941201","globalid":"30504645-42CF-4C28-AA0B-4A54DD5722E0","tpstructure":"Full","plantingspaceglobalid":"84615628-2FCB-44D5-8D03-1AEF21E1AD6D","createddate":"2016-03-15 17:21:30.0000000","dbh":"2","planteddate":null,"updateddate":"2017-04-07 12:09:21.0000000","geometry":"POINT(-74.15520094032439 40.53773524295862)","genusspecies":"Cercis canadensis - eastern redbud"}},{"type":"Feature","geometry":{"type":"Point","coordinates":[-74.15533048808429,40.53780932192751]},"properties":{"tpcondition":"Fair","stumpdiameter":null,"riskratingdate":"2024-09-03 16:34:48.0000000","riskrating":"8","objectid":"2941202","globalid":"090FF6E0-47E4-4258-BA6C-7631F71D52B7","tpstructure":"Full","plantingspaceglobalid":"B3FB7619-2969-49D0-BA81-5FBE980746D8","createddate":"2016-03-15 17:21:30.0000000","dbh":"22","planteddate":null,"updateddate":"2024-09-03 16:34:48.0000000","geometry":"POINT(-74.15533048808429 40.53780932192751)","genusspecies":"Platanus x acerifolia - London planetree"}},{"type":"Feature","geometry":{"type":"Point","coordinates":[-74.15547136595438,40.53791209161767]},"properties":{"tpcondition":"Fair","stumpdiameter":"0","riskratingdate":null,"riskrating":null,"objectid":"2941203","globalid":"0783B84B-EBEB-4E1B-A93C-8D5956429CF2","tpstructure":"Full","plantingspaceglobalid":"A429FC75-096B-4EFC-8FAC-EDC5A984A44E","createddate":"2016-03-15 17:21:30.0000000","dbh":"7","planteddate":null,"updateddate":"2017-04-07 12:04:57.0000000","geometry":"POINT(-74.15547136595438 40.53791209161767)","genusspecies":"Quercus acutissima - sawtooth oak"}},{"type":"Feature","geometry":{"type":"Point","coordinates":[-74.15551019555957,40.537951630727036]},"properties":{"tpcondition":"Fair","stumpdiameter":"0","riskratingdate":null,"riskrating":null,"objectid":"2941204","globalid":"E05BA691-29D7-476E-8CBD-87061B00BB4E","tpstructure":"Full","plantingspaceglobalid":"4AF362B4-8E89-45BC-B847-516B393F16F4","createddate":"2016-03-15 17:21:30.0000000","dbh":"10","planteddate":null,"updateddate":"2017-04-07 12:04:40.0000000","geometry":"POINT(-74.15551019555957 40.537951630727036)","genusspecies":"Quercus acutissima - sawtooth oak"}},{"type":"Feature","geometry":{"type":"Point","coordinates":[-74.15560942789976,40.53805267594576]},"properties":{"tpcondition":"Fair","stumpdiameter":"0","riskratingdate":null,"riskrating":null,"objectid":"2941205","globalid":"22CDACE7-2AB2-447B-86B6-28D4248F0543","tpstructure":"Full","plantingspaceglobalid":"8F4A0B89-21CA-4316-96DF-9F6257D8D416","createddate":"2016-03-15 17:21:31.0000000","dbh":"15","planteddate":null,"updateddate":"2017-04-07 12:04:11.0000000","geometry":"POINT(-74.15560942789976 40.53805267594576)","genusspecies":"Platanus x acerifolia - London planetree"}},{"type":"Feature","geometry":{"type":"Point","coordinates":[-74.15574102015104,40.53818667102975]},"properties":{"tpcondition":"Fair","stumpdiameter":"0","riskratingdate":null,"riskrating":null,"objectid":"2941206","globalid":"8D564D8F-ADD3-4C3F-B436-755B75E59138","tpstructure":"Full","plantingspaceglobalid":"0B19E875-3EAE-482B-A1DC-2365E300EE2E","createddate":"2016-03-15 17:21:31.0000000","dbh":"6","planteddate":null,"updateddate":"2017-04-07 11:57:19.0000000","geometry":"POINT(-74.15574102015104 40.53818667102975)","genusspecies":"Acer - maple"}},{"type":"Feature","geometry":{"type":"Point","coordinates":[-74.15581005274397,40.53825696362143]},"properties":{"tpcondition":"Fair","stumpdiameter":"0","riskratingdate":null,"riskrating":null,"objectid":"2941207","globalid":"89C89170-4A7B-47A0-963A-D018C8FCDFB5","tpstructure":"Full","plantingspaceglobalid":"EA228E0E-02DB-4F67-8536-9B0659A0FE35","createddate":"2016-03-15 17:21:31.0000000","dbh":"6","planteddate":null,"updateddate":"2017-04-07 11:56:51.0000000","geometry":"POINT(-74.15581005274397 40.53825696362143)","genusspecies":"Acer - maple"}},{"type":"Feature","geometry":{"type":"Point","coordinates":[-74.15611569290424,40.53852469417057]},"properties":{"tpcondition":"Fair","stumpdiameter":"0","riskratingdate":null,"riskrating":null,"objectid":"2941208","globalid":"DF9F46EA-FCA9-4F12-99CD-4BAE924AD1C9","tpstructure":"Full","plantingspaceglobalid":"934C8A0D-BB52-4B56-B104-DD53C487AF36","createddate":"2016-03-15 17:21:32.0000000","dbh":"19","planteddate":null,"updateddate":"2017-04-07 11:53:33.0000000","geometry":"POINT(-74.15611569290424 40.53852469417057)","genusspecies":"Platanus x acerifolia - London planetree"}},{"type":"Feature","geometry":{"type":"Point","coordinates":[-74.15605027042785,40.539010142740864]},"properties":{"tpcondition":"Fair","stumpdiameter":"0","riskratingdate":null,"riskrating":null,"objectid":"2941209","globalid":"D208F6C2-4374-45CF-8BD3-7ED6D371FD46","tpstructure":"Full","plantingspaceglobalid":"215CF540-8AFC-4D2C-9A37-19C20C61D079","createddate":"2016-03-15 17:21:32.0000000","dbh":"2","planteddate":null,"updateddate":"2017-04-11 13:23:29.0000000","geometry":"POINT(-74.15605027042785 40.539010142740864)","genusspecies":"Metasequoia glyptostroboides - dawn redwood"}},{"type":"Feature","geometry":{"type":"Point","coordinates":[-74.1559038243265,40.53909448174814]},"properties":{"tpcondition":"Fair","stumpdiameter":"0","riskratingdate":null,"riskrating":null,"objectid":"2941210","globalid":"3139F334-7B0C-4DDE-B14E-F4AD86BBB909","tpstructure":"Full","plantingspaceglobalid":"CAA93519-E3C6-4F4A-B6DD-D5D181950819","createddate":"2016-03-15 17:21:32.0000000","dbh":"2","planteddate":null,"updateddate":"2017-04-11 13:22:02.0000000","geometry":"POINT(-74.1559038243265 40.53909448174814)","genusspecies":"Metasequoia glyptostroboides - dawn redwood"}},{"type":"Feature","geometry":{"type":"Point","coordinates":[-74.15583777917952,40.53913251678061]},"properties":{"tpcondition":"Fair","stumpdiameter":"0","riskratingdate":null,"riskrating":null,"objectid":"2941211","globalid":"90CF64D9-ABC4-41BE-97C6-F303FD2D6F29","tpstructure":"Full","plantingspaceglobalid":"16173AF0-8B0B-4824-BD08-B4AC460500E4","createddate":"2016-03-15 17:21:32.0000000","dbh":"2","planteddate":null,"updateddate":"2017-04-11 13:21:30.0000000","geometry":"POINT(-74.15583777917952 40.53913251678061)","genusspecies":"Metasequoia glyptostroboides - dawn redwood"}},{"type":"Feature","geometry":{"type":"Point","coordinates":[-74.15611660446234,40.538817051358876]},"properties":{"tpcondition":"Good","stumpdiameter":"0","riskratingdate":null,"riskrating":null,"objectid":"2941212","globalid":"6AB563C8-8694-487A-B175-5F23716379FC","tpstructure":"Full","plantingspaceglobalid":"5217D599-F81C-4D1B-B0EC-3D84482AD46C","createddate":"2016-03-15 17:21:33.0000000","dbh":"33","planteddate":null,"updateddate":null,"geometry":"POINT(-74.15611660446234 40.538817051358876)","genusspecies":"Liquidambar styraciflua - sweetgum"}},{"type":"Feature","geometry":{"type":"Point","coordinates":[-74.1560531205831,40.5387092360588]},"properties":{"tpcondition":"Fair","stumpdiameter":"0","riskratingdate":null,"riskrating":null,"objectid":"2941213","globalid":"56F679FF-1B21-4960-BA22-878FA3C3E530","tpstructure":"Full","plantingspaceglobalid":"5AF4E714-FB52-4482-A3A3-04E427DBECB4","createddate":"2016-03-15 17:21:33.0000000","dbh":"16","planteddate":null,"updateddate":"2017-04-07 11:52:47.0000000","geometry":"POINT(-74.1560531205831 40.5387092360588)","genusspecies":"Platanus x acerifolia - London planetree"}},{"type":"Feature","geometry":{"type":"Point","coordinates":[-74.15594718495898,40.53860173171336]},"properties":{"tpcondition":"Good","stumpdiameter":"0","riskratingdate":null,"riskrating":null,"objectid":"2941214","globalid":"01DB90B9-D344-414A-B3F0-6F7FA77490FA","tpstructure":"Full","plantingspaceglobalid":"27E803C6-73CE-4C92-801A-DC9E663680EC","createddate":"2016-03-15 17:21:33.0000000","dbh":"18","planteddate":null,"updateddate":"2017-04-07 11:53:14.0000000","geometry":"POINT(-74.15594718495898 40.53860173171336)","genusspecies":"Platanus x acerifolia - London planetree"}},{"type":"Feature","geometry":{"type":"Point","coordinates":[-74.15581963081188,40.53847228949956]},"properties":{"tpcondition":"Fair","stumpdiameter":"0","riskratingdate":null,"riskrating":null,"objectid":"2941215","globalid":"D2F06B4D-51F6-45B8-A526-E3F93269355E","tpstructure":"Full","plantingspaceglobalid":"54961279-7A93-4A28-82E3-7917EA78DB97","createddate":"2016-03-15 17:21:33.0000000","dbh":"2","planteddate":null,"updateddate":"2017-04-07 11:55:29.0000000","geometry":"POINT(-74.15581963081188 40.53847228949956)","genusspecies":"Quercus palustris - pin oak"}},{"type":"Feature","geometry":{"type":"Point","coordinates":[-74.15560343541766,40.538252893859394]},"properties":{"tpcondition":"Fair","stumpdiameter":"0","riskratingdate":null,"riskrating":null,"objectid":"2941216","globalid":"2F8A94A1-D98B-4DFB-8A55-4FAD5EC7C0AD","tpstructure":"Full","plantingspaceglobalid":"1A658B08-E02F-4DF9-8FEB-2B9841AA3F08","createddate":"2016-03-15 17:21:33.0000000","dbh":"2","planteddate":null,"updateddate":"2017-04-07 11:56:16.0000000","geometry":"POINT(-74.15560343541766 40.538252893859394)","genusspecies":"Quercus palustris - pin oak"}},{"type":"Feature","geometry":{"type":"Point","coordinates":[-74.15553857707528,40.53818707468692]},"properties":{"tpcondition":"Fair","stumpdiameter":"0","riskratingdate":null,"riskrating":null,"objectid":"2941217","globalid":"697339A3-43BC-4475-91DB-78FD1C5015DB","tpstructure":"Full","plantingspaceglobalid":"298027CB-B2B0-408E-A5CE-EFDFC4032E28","createddate":"2016-03-15 17:21:34.0000000","dbh":"2","planteddate":null,"updateddate":"2017-04-07 11:56:27.0000000","geometry":"POINT(-74.15553857707528 40.53818707468692)","genusspecies":"Quercus palustris - pin oak"}},{"type":"Feature","geometry":{"type":"Point","coordinates":[-74.1554283186381,40.53807518286597]},"properties":{"tpcondition":"Fair","stumpdiameter":"0","riskratingdate":null,"riskrating":null,"objectid":"2941218","globalid":"98E27595-AE23-4957-AA4B-00BC3EC1FF57","tpstructure":"Full","plantingspaceglobalid":"825BC463-D44A-41E6-9FEC-0B6EA3DAA4C4","createddate":"2016-03-15 17:21:34.0000000","dbh":"10","planteddate":null,"updateddate":"2017-04-07 12:05:36.0000000","geometry":"POINT(-74.1554283186381 40.53807518286597)","genusspecies":"Acer - maple"}},{"type":"Feature","geometry":{"type":"Point","coordinates":[-74.15537859476181,40.538024721521694]},"properties":{"tpcondition":"Fair","stumpdiameter":"0","riskratingdate":null,"riskrating":null,"objectid":"2941219","globalid":"01D13FC3-BBE3-4EE6-B9CC-B5222C56BC09","tpstructure":"Full","plantingspaceglobalid":"2232FBF4-2333-4CC8-BBA2-DB41CC2D2CF6","createddate":"2016-03-15 17:21:34.0000000","dbh":"8","planteddate":null,"updateddate":"2017-04-07 12:06:22.0000000","geometry":"POINT(-74.15537859476181 40.538024721521694)","genusspecies":"Pyrus calleryana - Callery pear"}},{"type":"Feature","geometry":{"type":"Point","coordinates":[-74.155213066495,40.53790001335812]},"properties":{"tpcondition":"Fair","stumpdiameter":"0","riskratingdate":null,"riskrating":null,"objectid":"2941220","globalid":"DD480EC9-1A5C-49A8-9713-17DF84713BE4","tpstructure":"Full","plantingspaceglobalid":"F26312A1-53B9-40D6-BE98-0AC59EAC4923","createddate":"2016-03-15 17:21:34.0000000","dbh":"21","planteddate":null,"updateddate":"2017-04-07 12:07:28.0000000","geometry":"POINT(-74.155213066495 40.53790001335812)","genusspecies":"Platanus x acerifolia - London planetree"}},{"type":"Feature","geometry":{"type":"Point","coordinates":[-74.15514128239846,40.537858669361455]},"properties":{"tpcondition":"Fair","stumpdiameter":"0","riskratingdate":null,"riskrating":null,"objectid":"2941221","globalid":"0A677D3F-E31D-4095-97C9-A417E7FF95C8","tpstructure":"Full","plantingspaceglobalid":"6E54B692-781A-4104-8A14-2D4D304C09CE","createddate":"2016-03-15 17:21:34.0000000","dbh":"11","planteddate":null,"updateddate":"2017-04-07 12:08:48.0000000","geometry":"POINT(-74.15514128239846 40.537858669361455)","genusspecies":"Quercus palustris - pin oak"}},{"type":"Feature","geometry":{"type":"Point","coordinates":[-74.15507811291218,40.537822284662305]},"properties":{"tpcondition":"Fair","stumpdiameter":"0","riskratingdate":null,"riskrating":null,"objectid":"2941222","globalid":"87D48EBF-F399-496C-817F-38E3F78102B7","tpstructure":"Full","plantingspaceglobalid":"4E2456EE-86DF-42D5-8BA1-C56DFBC4E4C6","createddate":"2016-03-15 17:21:34.0000000","dbh":"12","planteddate":null,"updateddate":"2017-04-07 12:10:03.0000000","geometry":"POINT(-74.15507811291218 40.537822284662305)","genusspecies":"Quercus palustris - pin oak"}},{"type":"Feature","geometry":{"type":"Point","coordinates":[-74.15483117716258,40.53768005900299]},"properties":{"tpcondition":"Good","stumpdiameter":null,"riskratingdate":"2020-08-26 17:36:56.0000000","riskrating":"4","objectid":"2941223","globalid":"8CE9CBE6-D073-4358-9B64-B40A49C1EF95","tpstructure":"Full","plantingspaceglobalid":"C97BED92-0D4C-46A5-902B-47E8A461C6B7","createddate":"2016-03-15 17:21:35.0000000","dbh":"2","planteddate":null,"updateddate":"2020-08-26 17:36:56.0000000","geometry":"POINT(-74.15483117716258 40.53768005900299)","genusspecies":"Quercus palustris - pin oak"}},{"type":"Feature","geometry":{"type":"Point","coordinates":[-74.15467325330427,40.53758910048033]},"properties":{"tpcondition":"Fair","stumpdiameter":null,"riskratingdate":"2025-09-19 14:38:04.0000000","riskrating":"9","objectid":"2941224","globalid":"4E3935D5-EBE7-431B-B7ED-5165F8F0D13C","tpstructure":"Full","plantingspaceglobalid":"BE5615FA-5F3B-432B-B12F-F136506230CE","createddate":"2016-03-15 17:21:35.0000000","dbh":"16","planteddate":null,"updateddate":"2025-09-19 14:38:04.0000000","geometry":"POINT(-74.15467325330427 40.53758910048033)","genusspecies":"Platanus x acerifolia - London planetree"}},{"type":"Feature","geometry":{"type":"Point","coordinates":[-74.15452968728137,40.53750641004841]},"properties":{"tpcondition":"Fair","stumpdiameter":null,"riskratingdate":"2020-08-26 17:30:26.0000000","riskrating":"6","objectid":"2941225","globalid":"D26A2925-2647-4C2F-A3CF-893A79C2DCCC","tpstructure":"Full","plantingspaceglobalid":"3099284D-7E9E-4F26-9344-2A15DD7B00ED","createddate":"2016-03-15 17:21:35.0000000","dbh":"10","planteddate":null,"updateddate":"2020-08-26 17:30:26.0000000","geometry":"POINT(-74.15452968728137 40.53750641004841)","genusspecies":"Platanus x acerifolia - London planetree"}},{"type":"Feature","geometry":{"type":"Point","coordinates":[-74.15451245989105,40.53749648670344]},"properties":{"tpcondition":"Fair","stumpdiameter":null,"riskratingdate":"2020-08-26 17:28:38.0000000","riskrating":"6","objectid":"2941226","globalid":"44D2FC28-FF08-4211-A582-305FEFAC5DC5","tpstructure":"Full","plantingspaceglobalid":"EE2713F4-DC7C-4392-B6AA-FA9AB18FE240","createddate":"2016-03-15 17:21:35.0000000","dbh":"12","planteddate":null,"updateddate":"2020-08-26 17:28:38.0000000","geometry":"POINT(-74.15451245989105 40.53749648670344)","genusspecies":"Acer - maple"}},{"type":"Feature","geometry":{"type":"Point","coordinates":[-74.15439186381421,40.53742702722505]},"properties":{"tpcondition":"Fair","stumpdiameter":"0","riskratingdate":null,"riskrating":null,"objectid":"2941227","globalid":"3A60C7A6-AFA0-4897-95A7-FD06B7A14017","tpstructure":"Full","plantingspaceglobalid":"FC350C13-636B-4FC0-878A-E52B6CC8CDE7","createddate":"2016-03-15 17:21:35.0000000","dbh":"16","planteddate":null,"updateddate":"2017-04-07 12:30:47.0000000","geometry":"POINT(-74.15439186381421 40.53742702722505)","genusspecies":"Quercus palustris - pin oak"}},{"type":"Feature","geometry":{"type":"Point","coordinates":[-74.15424829699126,40.537344337585886]},"properties":{"tpcondition":"Fair","stumpdiameter":"0","riskratingdate":null,"riskrating":null,"objectid":"2941228","globalid":"C557E5FE-6DA1-44B8-815F-3981A74B81FA","tpstructure":"Full","plantingspaceglobalid":"1A3B30A4-C9B4-4611-8C32-1408A4642886","createddate":"2016-03-15 17:21:36.0000000","dbh":"10","planteddate":null,"updateddate":"2017-04-07 12:31:11.0000000","geometry":"POINT(-74.15424829699126 40.537344337585886)","genusspecies":"Quercus palustris - pin oak"}},{"type":"Feature","geometry":{"type":"Point","coordinates":[-74.15413918805989,40.53728149228541]},"properties":{"tpcondition":"Fair","stumpdiameter":"0","riskratingdate":null,"riskrating":null,"objectid":"2941229","globalid":"4938BF0A-0C23-4C34-A02A-6390727EE80D","tpstructure":"Full","plantingspaceglobalid":"0B2BFC81-E029-4290-967E-F5518C4F6AB3","createddate":"2016-03-15 17:21:36.0000000","dbh":"2","planteddate":null,"updateddate":"2017-04-07 12:31:32.0000000","geometry":"POINT(-74.15413918805989 40.53728149228541)","genusspecies":"Quercus palustris - pin oak"}},{"type":"Feature","geometry":{"type":"Point","coordinates":[-74.15392499279699,40.53700712011494]},"properties":{"tpcondition":"Fair","stumpdiameter":"0","riskratingdate":null,"riskrating":null,"objectid":"2941230","globalid":"41AB782C-C46D-430A-AEC5-4CB10D2E461B","tpstructure":"Full","plantingspaceglobalid":"CD71E17F-7D79-441F-8D5B-9E7DAB19620D","createddate":"2016-03-15 17:21:36.0000000","dbh":"27","planteddate":null,"updateddate":"2017-04-07 12:36:23.0000000","geometry":"POINT(-74.15392499279699 40.53700712011494)","genusspecies":"Platanus x acerifolia - London planetree"}},{"type":"Feature","geometry":{"type":"Point","coordinates":[-74.15371795525603,40.536888355925974]},"properties":{"tpcondition":"Excellent","stumpdiameter":null,"riskratingdate":"2020-09-24 15:35:02.0000000","riskrating":"3","objectid":"2941231","globalid":"A451CF09-0D95-4204-97FF-53DD677A0126","tpstructure":"Full","plantingspaceglobalid":"D41B3F80-3C14-4B70-AA49-E0BF1E0496A6","createddate":"2016-03-15 17:21:36.0000000","dbh":"23","planteddate":null,"updateddate":"2020-09-24 15:35:02.0000000","geometry":"POINT(-74.15371795525603 40.536888355925974)","genusspecies":"Platanus x acerifolia - London planetree"}},{"type":"Feature","geometry":{"type":"Point","coordinates":[-74.15343902818324,40.53672835108904]},"properties":{"tpcondition":"Fair","stumpdiameter":"0","riskratingdate":null,"riskrating":null,"objectid":"2941232","globalid":"E3C6DD5A-3462-49DA-B3A5-70AAEDE2090B","tpstructure":"Full","plantingspaceglobalid":"E7678A9D-8FD7-432D-A160-8DE77F41CC57","createddate":"2016-03-15 17:21:36.0000000","dbh":"2","planteddate":null,"updateddate":"2017-04-07 12:38:53.0000000","geometry":"POINT(-74.15343902818324 40.53672835108904)","genusspecies":"Malus - apple"}},{"type":"Feature","geometry":{"type":"Point","coordinates":[-74.15320611228569,40.53659473907562]},"properties":{"tpcondition":"Good","stumpdiameter":null,"riskratingdate":"2023-04-03 14:52:14.0000000","riskrating":"3","objectid":"2941233","globalid":"E272815B-A696-43EE-AAA4-2B549851DC69","tpstructure":"Full","plantingspaceglobalid":"FB169A0C-F490-4339-9158-34E6C1C128E2","createddate":"2016-03-15 17:21:37.0000000","dbh":"13","planteddate":null,"updateddate":"2023-04-03 14:52:14.0000000","geometry":"POINT(-74.15320611228569 40.53659473907562)","genusspecies":"Prunus serrulata 'Green leaf' - 'Green leaf' Japanese flowering cherry"}},{"type":"Feature","geometry":{"type":"Point","coordinates":[-74.15312847361157,40.53655020220465]},"properties":{"tpcondition":"Good","stumpdiameter":"0","riskratingdate":null,"riskrating":null,"objectid":"2941234","globalid":"5AE737AA-9CB8-45CA-A8F7-2EC366A675DF","tpstructure":"Retired","plantingspaceglobalid":"836F18BB-45B8-4F8C-B422-B000816D7036","createddate":"2016-03-15 17:21:00.0000000","dbh":"5","planteddate":null,"updateddate":"2023-02-13 18:34:00.0000000","geometry":"POINT(-74.15312847361157 40.53655020220465)","genusspecies":"Acer palmatum - Japanese maple"}},{"type":"Feature","geometry":{"type":"Point","coordinates":[-74.15298757375265,40.53646937505018]},"properties":{"tpcondition":"Fair","stumpdiameter":null,"riskratingdate":"2023-12-07 17:38:22.0000000","riskrating":"6","objectid":"2941235","globalid":"DF5B8302-9030-405B-BEC4-C2FC4551ADFA","tpstructure":"Full","plantingspaceglobalid":"C2CC7112-9930-4A91-B9A2-DD8C0F5C671D","createddate":"2016-03-15 17:21:37.0000000","dbh":"29","planteddate":null,"updateddate":"2023-12-07 17:38:22.0000000","geometry":"POINT(-74.15298757375265 40.53646937505018)","genusspecies":"Platanus x acerifolia - London planetree"}},{"type":"Feature","geometry":{"type":"Point","coordinates":[-74.15275465966023,40.53633576211817]},"properties":{"tpcondition":"Fair","stumpdiameter":"0","riskratingdate":null,"riskrating":null,"objectid":"2941236","globalid":"7083753E-F876-444B-AB5F-FBF6AA338B49","tpstructure":"Full","plantingspaceglobalid":"74A43D81-4873-45D7-B9A0-C91125BEE59A","createddate":"2016-03-15 17:21:37.0000000","dbh":"21","planteddate":null,"updateddate":"2017-04-07 12:48:09.0000000","geometry":"POINT(-74.15275465966023 40.53633576211817)","genusspecies":"Platanus x acerifolia - London planetree"}},{"type":"Feature","geometry":{"type":"Point","coordinates":[-74.15267414646694,40.5362895755839]},"properties":{"tpcondition":"Fair","stumpdiameter":"0","riskratingdate":null,"riskrating":null,"objectid":"2941237","globalid":"8A08CBFA-AA18-44B7-A346-16655352F0FF","tpstructure":"Full","plantingspaceglobalid":"B78B54E4-5699-4E6A-89C6-DCB9367618D0","createddate":"2016-03-15 17:21:37.0000000","dbh":"20","planteddate":null,"updateddate":"2017-04-07 12:48:32.0000000","geometry":"POINT(-74.15267414646694 40.5362895755839)","genusspecies":"Platanus x acerifolia - London planetree"}},{"type":"Feature","geometry":{"type":"Point","coordinates":[-74.15254762477979,40.536216995814584]},"properties":{"tpcondition":"Fair","stumpdiameter":"0","riskratingdate":null,"riskrating":null,"objectid":"2941238","globalid":"2AA00AEA-6E02-4B5D-8190-0570229FFB12","tpstructure":"Full","plantingspaceglobalid":"59F37DB3-2795-4A8A-9C3F-8C8F3B525A14","createddate":"2016-03-15 17:21:38.0000000","dbh":"24","planteddate":null,"updateddate":"2017-04-07 12:49:00.0000000","geometry":"POINT(-74.15254762477979 40.536216995814584)","genusspecies":"Platanus x acerifolia - London planetree"}},{"type":"Feature","geometry":{"type":"Point","coordinates":[-74.15240960293254,40.536137817307015]},"properties":{"tpcondition":"Fair","stumpdiameter":"0","riskratingdate":null,"riskrating":null,"objectid":"2941239","globalid":"C5F9BAA6-1DAF-4EFD-9444-747C552DD98D","tpstructure":"Full","plantingspaceglobalid":"04070F42-55DF-4A30-95D1-28446417544D","createddate":"2016-03-15 17:21:38.0000000","dbh":"10","planteddate":null,"updateddate":"2017-04-07 12:52:50.0000000","geometry":"POINT(-74.15240960293254 40.536137817307015)","genusspecies":"Liquidambar styraciflua - sweetgum"}},{"type":"Feature","geometry":{"type":"Point","coordinates":[-74.15237222203847,40.53611637214624]},"properties":{"tpcondition":"Fair","stumpdiameter":"0","riskratingdate":null,"riskrating":null,"objectid":"2941240","globalid":"95012401-375D-4535-B96D-A4127A1861B2","tpstructure":"Full","plantingspaceglobalid":"C6E3A771-DADC-4626-BB73-4D60D6A6366D","createddate":"2016-03-15 17:21:38.0000000","dbh":"10","planteddate":null,"updateddate":"2017-04-07 12:53:18.0000000","geometry":"POINT(-74.15237222203847 40.53611637214624)","genusspecies":"Liquidambar styraciflua - sweetgum"}},{"type":"Feature","geometry":{"type":"Point","coordinates":[-74.1522572029086,40.53605039065602]},"properties":{"tpcondition":"Fair","stumpdiameter":"0","riskratingdate":null,"riskrating":null,"objectid":"2941241","globalid":"1B574BC6-3CDE-440E-BAE2-B896388F7F9A","tpstructure":"Full","plantingspaceglobalid":"A225625F-F5CE-4555-BAE8-50AB04E27329","createddate":"2016-03-15 17:21:38.0000000","dbh":"11","planteddate":null,"updateddate":"2017-04-07 12:53:38.0000000","geometry":"POINT(-74.1522572029086 40.53605039065602)","genusspecies":"Liquidambar styraciflua - sweetgum"}},{"type":"Feature","geometry":{"type":"Point","coordinates":[-74.15219394323297,40.53601410055743]},"properties":{"tpcondition":"Fair","stumpdiameter":"0","riskratingdate":null,"riskrating":null,"objectid":"2941242","globalid":"3D060AAA-4F40-4DA9-A844-CA9165E40C16","tpstructure":"Full","plantingspaceglobalid":"C1B171B5-6F9E-43C6-A88C-1A58616F3500","createddate":"2016-03-15 17:21:38.0000000","dbh":"12","planteddate":null,"updateddate":"2017-04-07 12:54:07.0000000","geometry":"POINT(-74.15219394323297 40.53601410055743)","genusspecies":"Liquidambar styraciflua - sweetgum"}},{"type":"Feature","geometry":{"type":"Point","coordinates":[-74.15220122609692,40.535969321793864]},"properties":{"tpcondition":"Fair","stumpdiameter":"0","riskratingdate":null,"riskrating":null,"objectid":"2941243","globalid":"8186A312-E65A-4559-B26A-5FE784562B18","tpstructure":"Full","plantingspaceglobalid":"D0F2C991-13B5-481F-8E07-55E546DB04E5","createddate":"2016-03-15 17:21:38.0000000","dbh":"12","planteddate":null,"updateddate":null,"geometry":"POINT(-74.15220122609692 40.535969321793864)","genusspecies":"Liquidambar styraciflua - sweetgum"}},{"type":"Feature","geometry":{"type":"Point","coordinates":[-74.15223927290408,40.53593636442575]},"properties":{"tpcondition":"Fair","stumpdiameter":"0","riskratingdate":null,"riskrating":null,"objectid":"2941244","globalid":"DD58A29A-F5D8-4651-9E27-A87132616C39","tpstructure":"Full","plantingspaceglobalid":"91C7720D-CA7D-4A87-97FF-149327BDD4AA","createddate":"2016-03-15 17:21:39.0000000","dbh":"13","planteddate":null,"updateddate":null,"geometry":"POINT(-74.15223927290408 40.53593636442575)","genusspecies":"Liquidambar styraciflua - sweetgum"}},{"type":"Feature","geometry":{"type":"Point","coordinates":[-74.15227256149097,40.535907528293855]},"properties":{"tpcondition":"Fair","stumpdiameter":"0","riskratingdate":null,"riskrating":null,"objectid":"2941245","globalid":"C86187C3-0F4C-40A8-BB56-476980B814D1","tpstructure":"Full","plantingspaceglobalid":"5917DD4E-F01F-44DD-8043-59B5ADDBC795","createddate":"2016-03-15 17:21:39.0000000","dbh":"14","planteddate":null,"updateddate":null,"geometry":"POINT(-74.15227256149097 40.535907528293855)","genusspecies":"Liquidambar styraciflua - sweetgum"}},{"type":"Feature","geometry":{"type":"Point","coordinates":[-74.15231298544708,40.53587251199467]},"properties":{"tpcondition":"Fair","stumpdiameter":"0","riskratingdate":null,"riskrating":null,"objectid":"2941246","globalid":"188EA0D6-6B82-4B54-A59A-22847B56F6BA","tpstructure":"Full","plantingspaceglobalid":"5B8C1244-FCCD-4427-9FF8-50EBAD55B8DD","createddate":"2016-03-15 17:21:39.0000000","dbh":"16","planteddate":null,"updateddate":null,"geometry":"POINT(-74.15231298544708 40.53587251199467)","genusspecies":"Liquidambar styraciflua - sweetgum"}},{"type":"Feature","geometry":{"type":"Point","coordinates":[-74.15254839144072,40.53566859350157]},"properties":{"tpcondition":"Dead","stumpdiameter":"14","riskratingdate":"2019-08-01 10:04:00.0000000","riskrating":"9","objectid":"2941247","globalid":"B2FF855E-5D71-4FA3-988F-FB9249243EF8","tpstructure":"Retired","plantingspaceglobalid":"2324548C-2B3D-4C23-95AB-186EDD8B30DA","createddate":"2016-03-15 17:21:00.0000000","dbh":"12","planteddate":null,"updateddate":"2020-03-29 22:12:00.0000000","geometry":"POINT(-74.15254839144072 40.53566859350157)","genusspecies":"Pyrus calleryana - Callery pear"}},{"type":"Feature","geometry":{"type":"Point","coordinates":[-74.1521693792292,40.53614946689041]},"properties":{"tpcondition":"Fair","stumpdiameter":null,"riskratingdate":"2022-06-17 16:01:00.0000000","riskrating":"7","objectid":"2941248","globalid":"E4D9BB4F-A9CA-49FE-B90B-448C36F4202C","tpstructure":"Full","plantingspaceglobalid":"AC1B6AC5-1485-4735-B9A4-E8508DCA7B05","createddate":"2016-03-15 17:21:39.0000000","dbh":"24","planteddate":null,"updateddate":"2023-05-31 12:42:40.0000000","geometry":"POINT(-74.1521693792292 40.53614946689041)","genusspecies":"Fraxinus pennsylvanica - Green ash"}},{"type":"Feature","geometry":{"type":"Point","coordinates":[-74.1522240473506,40.53618077339862]},"properties":{"tpcondition":"Fair","stumpdiameter":"0","riskratingdate":null,"riskrating":null,"objectid":"2941249","globalid":"2526A837-3A89-40D6-ACA5-86E62A03E712","tpstructure":"Full","plantingspaceglobalid":"71C028EC-AA0B-470F-AF40-1C844D3E1D7B","createddate":"2016-03-15 17:21:40.0000000","dbh":"2","planteddate":null,"updateddate":"2017-04-07 12:52:01.0000000","geometry":"POINT(-74.1522240473506 40.53618077339862)","genusspecies":"Platanus x acerifolia - London planetree"}},{"type":"Feature","geometry":{"type":"Point","coordinates":[-74.15232763203136,40.5362400893226]},"properties":{"tpcondition":"Fair","stumpdiameter":null,"riskratingdate":"2023-09-24 14:23:06.0000000","riskrating":"8","objectid":"2941250","globalid":"D966E8C9-D4CA-4E8C-AC55-240FC0D1984D","tpstructure":"Full","plantingspaceglobalid":"8D4195EF-B4B2-4597-AF2B-3D92C2E1E22C","createddate":"2016-03-15 17:21:40.0000000","dbh":"26","planteddate":null,"updateddate":"2023-09-24 14:23:05.0000000","geometry":"POINT(-74.15232763203136 40.5362400893226)","genusspecies":"Fraxinus pennsylvanica - Green ash"}},{"type":"Feature","geometry":{"type":"Point","coordinates":[-74.15238230030107,40.536271395755236]},"properties":{"tpcondition":"Good","stumpdiameter":null,"riskratingdate":"2022-06-17 16:13:39.0000000","riskrating":"6","objectid":"2941251","globalid":"25FA19B6-4342-403F-90D8-5E1CAA54B2FC","tpstructure":"Full","plantingspaceglobalid":"4EE11F4C-5262-4B0E-ADAD-18FC2486B483","createddate":"2016-03-15 17:21:40.0000000","dbh":"18","planteddate":null,"updateddate":"2023-05-31 12:45:22.0000000","geometry":"POINT(-74.15238230030107 40.536271395755236)","genusspecies":"Fraxinus pennsylvanica - Green ash"}},{"type":"Feature","geometry":{"type":"Point","coordinates":[-74.15264701329565,40.53642298117402]},"properties":{"tpcondition":"Fair","stumpdiameter":null,"riskratingdate":"2022-06-17 16:14:56.0000000","riskrating":"7","objectid":"2941252","globalid":"4994CB84-4EB7-4374-A54D-940917AA68F8","tpstructure":"Full","plantingspaceglobalid":"8C87BA6B-0208-457F-9069-E1A42259FB7C","createddate":"2016-03-15 17:21:41.0000000","dbh":"24","planteddate":null,"updateddate":"2023-05-31 12:47:41.0000000","geometry":"POINT(-74.15264701329565 40.53642298117402)","genusspecies":"Fraxinus pennsylvanica - Green ash"}},{"type":"Feature","geometry":{"type":"Point","coordinates":[-74.15271319210801,40.536460878004384]},"properties":{"tpcondition":"Fair","stumpdiameter":"0","riskratingdate":null,"riskrating":null,"objectid":"2941253","globalid":"1600C903-9DEC-4CF9-B293-88D9B21ED980","tpstructure":"Retired","plantingspaceglobalid":"77BA6D03-D507-4221-94A5-6C50E45DAA7A","createddate":"2016-03-15 17:21:41.0000000","dbh":"2","planteddate":null,"updateddate":"2019-08-14 14:43:49.0000000","geometry":"POINT(-74.15271319210801 40.536460878004384)","genusspecies":"Platanus x acerifolia - London planetree"}},{"type":"Feature","geometry":{"type":"Point","coordinates":[-74.15279663450939,40.53650866004046]},"properties":{"tpcondition":"Fair","stumpdiameter":null,"riskratingdate":"2025-07-09 15:55:33.0000000","riskrating":"7","objectid":"2941254","globalid":"6BEF55E2-CFCC-4A01-A94C-C2B448294663","tpstructure":"Full","plantingspaceglobalid":"7C7A5857-01AF-4C28-82F2-5176D275DC54","createddate":"2016-03-15 17:21:41.0000000","dbh":"18","planteddate":null,"updateddate":"2025-07-09 15:55:33.0000000","geometry":"POINT(-74.15279663450939 40.53650866004046)","genusspecies":"Pyrus calleryana - Callery pear"}},{"type":"Feature","geometry":{"type":"Point","coordinates":[-74.1528858325464,40.53655973842524]},"properties":{"tpcondition":"Good","stumpdiameter":null,"riskratingdate":"2025-01-21 17:47:43.0000000","riskrating":"5","objectid":"2941255","globalid":"A3635B3B-BAFE-4537-8CC0-44E64B723786","tpstructure":"Full","plantingspaceglobalid":"4EB33B81-0AAD-4D1E-BC1D-31EC48B628C8","createddate":"2016-03-15 17:21:41.0000000","dbh":"7","planteddate":null,"updateddate":"2025-01-21 17:47:43.0000000","geometry":"POINT(-74.1528858325464 40.53655973842524)","genusspecies":"Platanus x acerifolia - London planetree"}},{"type":"Feature","geometry":{"type":"Point","coordinates":[-74.15296639706013,40.53660587327703]},"properties":{"tpcondition":"Fair","stumpdiameter":null,"riskratingdate":"2025-01-21 17:49:12.0000000","riskrating":"7","objectid":"2941256","globalid":"CCAB9545-0ED8-48C8-9873-45F1D7AC9251","tpstructure":"Full","plantingspaceglobalid":"63253834-1F22-4577-A0FA-795907BDB8E2","createddate":"2016-03-15 17:21:41.0000000","dbh":"30","planteddate":null,"updateddate":"2025-01-21 17:49:12.0000000","geometry":"POINT(-74.15296639706013 40.53660587327703)","genusspecies":"Acer saccharinum - silver maple"}},{"type":"Feature","geometry":{"type":"Point","coordinates":[-74.15309300144717,40.536678370701296]},"properties":{"tpcondition":"Dead","stumpdiameter":"27","riskratingdate":"2023-09-24 14:40:24.0000000","riskrating":"9","objectid":"2941257","globalid":"52162993-96BD-4E7C-8DEC-27CD975E2727","tpstructure":"Stump","plantingspaceglobalid":"36BA3BD6-EE7C-43BC-94D6-5CA839F7DB5E","createddate":"2016-03-15 17:21:41.0000000","dbh":"22","planteddate":null,"updateddate":"2024-11-12 16:08:39.0000000","geometry":"POINT(-74.15309300144717 40.536678370701296)","genusspecies":"Acer - maple"}},{"type":"Feature","geometry":{"type":"Point","coordinates":[-74.15316205741033,40.53671791432943]},"properties":{"tpcondition":"Fair","stumpdiameter":"0","riskratingdate":null,"riskrating":null,"objectid":"2941258","globalid":"9ABD7C45-14AE-464C-9478-134AD7DBFC38","tpstructure":"Full","plantingspaceglobalid":"800C9006-0B09-483C-BAD6-BAA10547B266","createddate":"2016-03-15 17:21:42.0000000","dbh":"3","planteddate":null,"updateddate":"2017-04-07 12:40:10.0000000","geometry":"POINT(-74.15316205741033 40.53671791432943)","genusspecies":"Platanus x acerifolia - London planetree"}},{"type":"Feature","geometry":{"type":"Point","coordinates":[-74.15328002851707,40.53678546866938]},"properties":{"tpcondition":"Fair","stumpdiameter":null,"riskratingdate":"2025-08-25 14:43:28.0000000","riskrating":"7","objectid":"2941259","globalid":"1041FB76-FEFC-4C98-8FEA-D924533E0B4B","tpstructure":"Full","plantingspaceglobalid":"757CA055-6FB9-4A3D-B407-0E61E77AFC96","createddate":"2016-03-15 17:21:42.0000000","dbh":"22","planteddate":null,"updateddate":"2025-08-25 14:43:28.0000000","geometry":"POINT(-74.15328002851707 40.53678546866938)","genusspecies":"Platanus x acerifolia - London planetree"}},{"type":"Feature","geometry":{"type":"Point","coordinates":[-74.1534008772673,40.5368546693645]},"properties":{"tpcondition":"Good","stumpdiameter":"0","riskratingdate":null,"riskrating":null,"objectid":"2941260","globalid":"9C53432E-0F19-4B5B-BF39-884828CC5539","tpstructure":"Full","plantingspaceglobalid":"81AD57C5-BAF8-4812-AE33-62A09070FABF","createddate":"2016-03-15 17:21:42.0000000","dbh":"3","planteddate":null,"updateddate":null,"geometry":"POINT(-74.1534008772673 40.5368546693645)","genusspecies":"Platanus x acerifolia - London planetree"}},{"type":"Feature","geometry":{"type":"Point","coordinates":[-74.15351884960636,40.53692222345729]},"properties":{"tpcondition":"Fair","stumpdiameter":"0","riskratingdate":null,"riskrating":null,"objectid":"2941261","globalid":"42644E28-B368-4F8B-A351-0924CE2035E4","tpstructure":"Full","plantingspaceglobalid":"AF520E9B-0481-45BF-A8DC-43C2E7D79710","createddate":"2016-03-15 17:21:42.0000000","dbh":"3","planteddate":null,"updateddate":"2017-04-07 12:37:50.0000000","geometry":"POINT(-74.15351884960636 40.53692222345729)","genusspecies":"Platanus x acerifolia - London planetree"}},{"type":"Feature","geometry":{"type":"Point","coordinates":[-74.15362818992524,40.536984834013005]},"properties":{"tpcondition":"Fair","stumpdiameter":"0","riskratingdate":null,"riskrating":null,"objectid":"2941262","globalid":"519ED3E4-590D-4E65-8A5D-0F6942CA0DA8","tpstructure":"Full","plantingspaceglobalid":"BBC36716-172D-46DD-BCBE-5B93C1FD52AF","createddate":"2016-03-15 17:21:42.0000000","dbh":"3","planteddate":null,"updateddate":"2017-04-07 12:37:35.0000000","geometry":"POINT(-74.15362818992524 40.536984834013005)","genusspecies":"Platanus x acerifolia - London planetree"}},{"type":"Feature","geometry":{"type":"Point","coordinates":[-74.15377205880242,40.53706721637505]},"properties":{"tpcondition":"Fair","stumpdiameter":"0","riskratingdate":null,"riskrating":null,"objectid":"2941263","globalid":"294C406B-9B2E-4A9A-9A2F-A23FB9A13FB6","tpstructure":"Full","plantingspaceglobalid":"D3AD21CE-47FF-4ED0-AAAC-44DED899C6C3","createddate":"2016-03-15 17:21:43.0000000","dbh":"24","planteddate":null,"updateddate":"2017-04-07 12:37:04.0000000","geometry":"POINT(-74.15377205880242 40.53706721637505)","genusspecies":"Platanus x acerifolia - London planetree"}},{"type":"Feature","geometry":{"type":"Point","coordinates":[-74.15391592803427,40.537149598556276]},"properties":{"tpcondition":"Fair","stumpdiameter":"0","riskratingdate":null,"riskrating":null,"objectid":"2941264","globalid":"B56D6BD2-B918-4452-A822-E7B1C56A3AA0","tpstructure":"Full","plantingspaceglobalid":"131A3F1D-48A5-4715-A2B7-F19B6D004A6B","createddate":"2016-03-15 17:21:43.0000000","dbh":"18","planteddate":null,"updateddate":"2017-04-07 12:36:44.0000000","geometry":"POINT(-74.15391592803427 40.537149598556276)","genusspecies":"Platanus x acerifolia - London planetree"}},{"type":"Feature","geometry":{"type":"Point","coordinates":[-74.15388177068178,40.537265600844464]},"properties":{"tpcondition":"Fair","stumpdiameter":"0","riskratingdate":null,"riskrating":null,"objectid":"2941265","globalid":"024AA0B6-6239-4A7B-8043-9B9FD4DAF6A4","tpstructure":"Full","plantingspaceglobalid":"52DB5DA0-1A42-4C05-86F2-D019BF8366B9","createddate":"2016-03-15 17:21:43.0000000","dbh":"21","planteddate":null,"updateddate":"2017-04-11 12:44:57.0000000","geometry":"POINT(-74.15388177068178 40.537265600844464)","genusspecies":"Quercus palustris - pin oak"}},{"type":"Feature","geometry":{"type":"Point","coordinates":[-74.15371983804118,40.53743026774272]},"properties":{"tpcondition":"Fair","stumpdiameter":null,"riskratingdate":"2025-10-13 15:03:43.0000000","riskrating":"9","objectid":"2941266","globalid":"394C8EFD-D551-4E91-A761-058C8A742CF4","tpstructure":"Full","plantingspaceglobalid":"E9F483E6-656B-4892-AD7E-031E4C5C4B08","createddate":"2016-03-15 17:21:43.0000000","dbh":"29","planteddate":null,"updateddate":"2025-10-13 15:03:43.0000000","geometry":"POINT(-74.15371983804118 40.53743026774272)","genusspecies":"Quercus palustris - pin oak"}},{"type":"Feature","geometry":{"type":"Point","coordinates":[-74.15364642801676,40.537504917514994]},"properties":{"tpcondition":"Fair","stumpdiameter":"0","riskratingdate":null,"riskrating":null,"objectid":"2941267","globalid":"A71CCA6F-EE34-4D55-B2D1-5A8A9303C32F","tpstructure":"Full","plantingspaceglobalid":"27AEC082-41BF-4EC2-ADB8-B44204AF6430","createddate":"2016-03-15 17:21:44.0000000","dbh":"2","planteddate":null,"updateddate":"2017-04-11 12:46:18.0000000","geometry":"POINT(-74.15364642801676 40.537504917514994)","genusspecies":"Quercus palustris - pin oak"}},{"type":"Feature","geometry":{"type":"Point","coordinates":[-74.1535492670826,40.537603717367226]},"properties":{"tpcondition":"Fair","stumpdiameter":"0","riskratingdate":null,"riskrating":null,"objectid":"2941268","globalid":"CBF17E6A-77DC-4182-823F-2FBB82C6F159","tpstructure":"Full","plantingspaceglobalid":"34AB5B85-57D6-47C3-9507-56831C3ACA32","createddate":"2016-03-15 17:21:44.0000000","dbh":"11","planteddate":null,"updateddate":"2017-04-11 12:46:36.0000000","geometry":"POINT(-74.1535492670826 40.537603717367226)","genusspecies":"Acer - maple"}},{"type":"Feature","geometry":{"type":"Point","coordinates":[-74.15367784364484,40.53764586298298]},"properties":{"tpcondition":"Fair","stumpdiameter":"0","riskratingdate":null,"riskrating":null,"objectid":"2941269","globalid":"CEA292AA-3D16-4264-A774-F42A5108FBE8","tpstructure":"Full","plantingspaceglobalid":"59A92C1C-2285-4AFE-A3FF-A32AAE49148B","createddate":"2016-03-15 17:21:44.0000000","dbh":"17","planteddate":null,"updateddate":"2017-04-11 12:49:20.0000000","geometry":"POINT(-74.15367784364484 40.53764586298298)","genusspecies":"Quercus palustris - pin oak"}},{"type":"Feature","geometry":{"type":"Point","coordinates":[-74.15374281893405,40.53758011197432]},"properties":{"tpcondition":"Fair","stumpdiameter":"0","riskratingdate":null,"riskrating":null,"objectid":"2941270","globalid":"59D96842-24F0-4CC3-87C2-5BBBCD772A01","tpstructure":"Full","plantingspaceglobalid":"6377B693-0550-4435-91D0-2628D6E73D16","createddate":"2016-03-15 17:21:44.0000000","dbh":"3","planteddate":null,"updateddate":"2017-04-11 12:49:01.0000000","geometry":"POINT(-74.15374281893405 40.53758011197432)","genusspecies":"Quercus palustris - pin oak"}},{"type":"Feature","geometry":{"type":"Point","coordinates":[-74.1537818043473,40.537540661922804]},"properties":{"tpcondition":"Fair","stumpdiameter":"0","riskratingdate":null,"riskrating":null,"objectid":"2941271","globalid":"B4115035-4B84-4FA5-81FB-78FF5CEC17A3","tpstructure":"Full","plantingspaceglobalid":"18EA1729-D161-43A5-A67C-BA696DDE4C4F","createddate":"2016-03-15 17:21:44.0000000","dbh":"4","planteddate":null,"updateddate":"2017-04-11 12:48:41.0000000","geometry":"POINT(-74.1537818043473 40.537540661922804)","genusspecies":"Quercus palustris - pin oak"}},{"type":"Feature","geometry":{"type":"Point","coordinates":[-74.15390922458518,40.53742958457787]},"properties":{"tpcondition":"Fair","stumpdiameter":"0","riskratingdate":null,"riskrating":null,"objectid":"2941272","globalid":"F6FF0E98-998F-4A30-BAC1-1347927ABF14","tpstructure":"Full","plantingspaceglobalid":"C948B519-FB73-4058-86C6-C05D6676025F","createddate":"2016-03-15 17:21:45.0000000","dbh":"14","planteddate":null,"updateddate":"2017-04-11 12:48:16.0000000","geometry":"POINT(-74.15390922458518 40.53742958457787)","genusspecies":"Quercus palustris - pin oak"}},{"type":"Feature","geometry":{"type":"Point","coordinates":[-74.15392258516142,40.53739820198873]},"properties":{"tpcondition":"Fair","stumpdiameter":"0","riskratingdate":null,"riskrating":null,"objectid":"2941273","globalid":"7CC7900A-EB06-4222-9403-06A8B101E135","tpstructure":"Full","plantingspaceglobalid":"2927EF63-6132-40D9-B8AB-9AD3C8BBCEBB","createddate":"2016-03-15 17:21:45.0000000","dbh":"15","planteddate":null,"updateddate":"2017-04-11 12:47:36.0000000","geometry":"POINT(-74.15392258516142 40.53739820198873)","genusspecies":"Quercus palustris - pin oak"}},{"type":"Feature","geometry":{"type":"Point","coordinates":[-74.15534053955668,40.539307318313014]},"properties":{"tpcondition":"Dead","stumpdiameter":"0","riskratingdate":null,"riskrating":null,"objectid":"2941275","globalid":"2B40057E-4732-4ED9-9E08-081433489DAD","tpstructure":"Retired","plantingspaceglobalid":"60472C10-8499-497A-87AA-C031E71FA418","createddate":"2016-03-15 17:21:00.0000000","dbh":"11","planteddate":null,"updateddate":"2017-04-10 13:32:00.0000000","geometry":"POINT(-74.15534053955668 40.539307318313014)","genusspecies":"Liquidambar styraciflua - sweetgum"}},{"type":"Feature","geometry":{"type":"Point","coordinates":[-74.15437876404255,40.539852244099734]},"properties":{"tpcondition":"Fair","stumpdiameter":"0","riskratingdate":null,"riskrating":null,"objectid":"2941276","globalid":"F7ED3D96-20D9-4B27-B962-00147807FE65","tpstructure":"Full","plantingspaceglobalid":"6A52BA20-6CED-412B-87C6-E7E117BE0CCE","createddate":"2016-03-15 17:21:45.0000000","dbh":"4","planteddate":null,"updateddate":"2017-04-11 13:20:14.0000000","geometry":"POINT(-74.15437876404255 40.539852244099734)","genusspecies":"Pyrus calleryana - Callery pear"}},{"type":"Feature","geometry":{"type":"Point","coordinates":[-74.15432716536245,40.53988209872402]},"properties":{"tpcondition":"Fair","stumpdiameter":"0","riskratingdate":null,"riskrating":null,"objectid":"2941277","globalid":"1762F8B1-E3B3-446B-AA85-99CA567B772B","tpstructure":"Full","plantingspaceglobalid":"56F2A68D-CD5F-49E3-B1A1-18E0EBE62671","createddate":"2016-03-15 17:21:46.0000000","dbh":"4","planteddate":null,"updateddate":"2017-04-11 13:19:20.0000000","geometry":"POINT(-74.15432716536245 40.53988209872402)","genusspecies":"Pyrus calleryana - Callery pear"}},{"type":"Feature","geometry":{"type":"Point","coordinates":[-74.15428703135944,40.539905319481804]},"properties":{"tpcondition":"Fair","stumpdiameter":"0","riskratingdate":null,"riskrating":null,"objectid":"2941278","globalid":"391B8347-93D1-45C6-9B4A-48589DFAFE48","tpstructure":"Full","plantingspaceglobalid":"850AA499-3CC2-453E-8318-5DB485F28CC3","createddate":"2016-03-15 17:21:46.0000000","dbh":"4","planteddate":null,"updateddate":"2017-04-11 13:19:03.0000000","geometry":"POINT(-74.15428703135944 40.539905319481804)","genusspecies":"Pyrus calleryana - Callery pear"}},{"type":"Feature","geometry":{"type":"Point","coordinates":[-74.15424403189482,40.53993019839852]},"properties":{"tpcondition":"Fair","stumpdiameter":"0","riskratingdate":null,"riskrating":null,"objectid":"2941279","globalid":"56B47FFD-51A7-41C8-BAD7-5992D54DFC8A","tpstructure":"Full","plantingspaceglobalid":"90615E05-1C16-4323-972F-CAC71DCF78D7","createddate":"2016-03-15 17:21:46.0000000","dbh":"4","planteddate":null,"updateddate":"2017-04-11 13:18:44.0000000","geometry":"POINT(-74.15424403189482 40.53993019839852)","genusspecies":"Pyrus calleryana - Callery pear"}},{"type":"Feature","geometry":{"type":"Point","coordinates":[-74.1465094221239,40.54190410030979]},"properties":{"tpcondition":"Fair","stumpdiameter":null,"riskratingdate":"2025-07-17 13:48:15.0000000","riskrating":"7","objectid":"2941280","globalid":"0614197B-644C-4A79-AAA8-F12BA98003C0","tpstructure":"Full","plantingspaceglobalid":"D88C9B5F-8312-43FC-AE29-2BB388287C9F","createddate":"2016-03-15 17:21:46.0000000","dbh":"16","planteddate":null,"updateddate":"2025-07-17 13:48:15.0000000","geometry":"POINT(-74.1465094221239 40.54190410030979)","genusspecies":"Styphnolobium japonicum - Japanese pagoda tree"}},{"type":"Feature","geometry":{"type":"Point","coordinates":[-74.14675202166335,40.54161519660494]},"properties":{"tpcondition":"Dead","stumpdiameter":"12","riskratingdate":"2017-08-04 10:39:01.0000000","riskrating":"10","objectid":"2941281","globalid":"4D71B8AC-4A17-48AF-86C5-F263AB2012F3","tpstructure":"Retired","plantingspaceglobalid":"C81EE0F1-6333-444B-8252-F3E1C4084B4C","createddate":"2016-03-15 17:21:46.0000000","dbh":"10","planteddate":null,"updateddate":"2018-04-19 13:50:51.0000000","geometry":"POINT(-74.14675202166335 40.54161519660494)","genusspecies":"Acer - maple"}},{"type":"Feature","geometry":{"type":"Point","coordinates":[-74.14681800857744,40.54153661395686]},"properties":{"tpcondition":"Fair","stumpdiameter":null,"riskratingdate":"2025-07-17 13:45:48.0000000","riskrating":"6","objectid":"2941282","globalid":"10CD9EC2-A7DC-40A6-BC40-70A5251D5135","tpstructure":"Full","plantingspaceglobalid":"FCF5E2D0-DB55-4339-9960-6712C42C59CB","createddate":"2016-03-15 17:21:47.0000000","dbh":"14","planteddate":null,"updateddate":"2025-07-17 13:45:48.0000000","geometry":"POINT(-74.14681800857744 40.54153661395686)","genusspecies":"Acer - maple"}},{"type":"Feature","geometry":{"type":"Point","coordinates":[-74.14692863335353,40.54140487398705]},"properties":{"tpcondition":"Fair","stumpdiameter":null,"riskratingdate":"2025-07-17 13:44:53.0000000","riskrating":"6","objectid":"2941283","globalid":"8A374EE5-60E8-45B3-916F-F1A5CE867CD8","tpstructure":"Full","plantingspaceglobalid":"806FAFB5-592F-4D51-9713-987145059B0F","createddate":"2016-03-15 17:21:47.0000000","dbh":"16","planteddate":null,"updateddate":"2025-07-17 13:44:53.0000000","geometry":"POINT(-74.14692863335353 40.54140487398705)","genusspecies":"Liquidambar styraciflua - sweetgum"}},{"type":"Feature","geometry":{"type":"Point","coordinates":[-74.14696356665513,40.54136327277275]},"properties":{"tpcondition":"Fair","stumpdiameter":null,"riskratingdate":"2025-07-17 13:44:02.0000000","riskrating":"6","objectid":"2941284","globalid":"18E5064D-6D4F-4564-A554-52FE95C4C094","tpstructure":"Full","plantingspaceglobalid":"D41A30F6-B4E9-4AEE-87BC-E7A1A0572EE0","createddate":"2016-03-15 17:21:47.0000000","dbh":"15","planteddate":null,"updateddate":"2025-07-17 13:44:02.0000000","geometry":"POINT(-74.14696356665513 40.54136327277275)","genusspecies":"Platanus x acerifolia - London planetree"}},{"type":"Feature","geometry":{"type":"Point","coordinates":[-74.14700626376636,40.54131242530347]},"properties":{"tpcondition":"Fair","stumpdiameter":null,"riskratingdate":"2025-07-17 13:43:19.0000000","riskrating":"6","objectid":"2941285","globalid":"1C47A227-8734-4F64-AC0E-71A0579A5BF6","tpstructure":"Full","plantingspaceglobalid":"EA00D0A9-B149-4DD4-9426-F81CA3A16E90","createddate":"2016-03-15 17:21:47.0000000","dbh":"14","planteddate":null,"updateddate":"2025-07-17 13:43:19.0000000","geometry":"POINT(-74.14700626376636 40.54131242530347)","genusspecies":"Platanus x acerifolia - London planetree"}},{"type":"Feature","geometry":{"type":"Point","coordinates":[-74.1470450800153,40.54126620036846]},"properties":{"tpcondition":"Fair","stumpdiameter":null,"riskratingdate":"2025-07-17 13:42:33.0000000","riskrating":"6","objectid":"2941286","globalid":"932255CB-1A7B-4C81-89FE-C22E7E1492F5","tpstructure":"Full","plantingspaceglobalid":"72C981B6-8C17-4D34-A58C-9AC5C2B72C4E","createddate":"2016-03-15 17:21:47.0000000","dbh":"11","planteddate":null,"updateddate":"2025-07-17 13:42:33.0000000","geometry":"POINT(-74.1470450800153 40.54126620036846)","genusspecies":"Platanus x acerifolia - London planetree"}},{"type":"Feature","geometry":{"type":"Point","coordinates":[-74.14708583548291,40.541217664431656]},"properties":{"tpcondition":"Fair","stumpdiameter":null,"riskratingdate":"2025-07-17 13:41:51.0000000","riskrating":"6","objectid":"2941287","globalid":"E2F7B869-9431-4FB3-96D0-7915BD370BEC","tpstructure":"Full","plantingspaceglobalid":"E4CBD441-1795-4E20-BA97-6E9AFFEC65F6","createddate":"2016-03-15 17:21:48.0000000","dbh":"13","planteddate":null,"updateddate":"2025-07-17 13:41:51.0000000","geometry":"POINT(-74.14708583548291 40.541217664431656)","genusspecies":"Platanus x acerifolia - London planetree"}},{"type":"Feature","geometry":{"type":"Point","coordinates":[-74.14712659164087,40.5411691284793]},"properties":{"tpcondition":"Fair","stumpdiameter":null,"riskratingdate":"2025-07-17 13:41:01.0000000","riskrating":"6","objectid":"2941288","globalid":"8490FCC5-F736-4A16-A17E-01105FA1352B","tpstructure":"Full","plantingspaceglobalid":"79A3CFF3-12F5-4B10-BB4B-4884A09AECCC","createddate":"2016-03-15 17:21:48.0000000","dbh":"12","planteddate":null,"updateddate":"2025-07-17 13:41:01.0000000","geometry":"POINT(-74.14712659164087 40.5411691284793)","genusspecies":"Platanus x acerifolia - London planetree"}},{"type":"Feature","geometry":{"type":"Point","coordinates":[-74.15087096692227,40.54036344437643]},"properties":{"tpcondition":"Good","stumpdiameter":null,"riskratingdate":"2025-07-16 15:24:23.0000000","riskrating":"5","objectid":"2941289","globalid":"FE7CE845-5092-447E-B4B2-F63929B17E54","tpstructure":"Full","plantingspaceglobalid":"46A84CC3-A291-4062-A74A-488D405A0132","createddate":"2016-03-15 17:21:48.0000000","dbh":"10","planteddate":null,"updateddate":"2025-07-16 15:24:23.0000000","geometry":"POINT(-74.15087096692227 40.54036344437643)","genusspecies":"Quercus palustris - pin oak"}},{"type":"Feature","geometry":{"type":"Point","coordinates":[-74.15098484490336,40.54027564813724]},"properties":{"tpcondition":"Fair","stumpdiameter":null,"riskratingdate":"2025-07-16 15:26:59.0000000","riskrating":"6","objectid":"2941290","globalid":"35191575-4F6C-42FC-BA33-8F84011F4FA6","tpstructure":"Full","plantingspaceglobalid":"376467D3-3B8D-4CCF-BD73-0CCE41BDEB0D","createddate":"2016-03-15 17:21:48.0000000","dbh":"25","planteddate":null,"updateddate":"2025-07-16 15:26:59.0000000","geometry":"POINT(-74.15098484490336 40.54027564813724)","genusspecies":"Quercus palustris - pin oak"}},{"type":"Feature","geometry":{"type":"Point","coordinates":[-74.15106076413852,40.54021711629395]},"properties":{"tpcondition":"Good","stumpdiameter":null,"riskratingdate":"2025-07-16 15:27:43.0000000","riskrating":"5","objectid":"2941291","globalid":"4D2C0ACD-A46F-4763-A022-DCBAF893F15C","tpstructure":"Full","plantingspaceglobalid":"01F05CB4-8E8C-4183-ADCF-11E0366694A1","createddate":"2016-03-15 17:21:48.0000000","dbh":"11","planteddate":null,"updateddate":"2025-07-16 15:27:43.0000000","geometry":"POINT(-74.15106076413852 40.54021711629395)","genusspecies":"Pyrus calleryana - Callery pear"}},{"type":"Feature","geometry":{"type":"Point","coordinates":[-74.15111137763894,40.54017809560792]},"properties":{"tpcondition":"Fair","stumpdiameter":null,"riskratingdate":"2025-07-16 15:28:40.0000000","riskrating":"5","objectid":"2941292","globalid":"E0653BCA-6AD4-4657-9768-DCE2BE9536BC","tpstructure":"Full","plantingspaceglobalid":"DCA3B860-B6EB-4E8E-95F2-91137792E28E","createddate":"2016-03-15 17:21:48.0000000","dbh":"9","planteddate":null,"updateddate":"2025-07-16 15:28:40.0000000","geometry":"POINT(-74.15111137763894 40.54017809560792)","genusspecies":"Pyrus calleryana - Callery pear"}},{"type":"Feature","geometry":{"type":"Point","coordinates":[-74.15148338051385,40.539891290795936]},"properties":{"tpcondition":"Dead","stumpdiameter":"23","riskratingdate":null,"riskrating":null,"objectid":"2941293","globalid":"F8AA8E50-0716-41B9-A19C-7E3DF06B3F39","tpstructure":"Retired","plantingspaceglobalid":"FAD77BD5-CDD2-4D0E-AD97-30FBB6E5828F","createddate":"2016-03-15 17:21:00.0000000","dbh":"23","planteddate":null,"updateddate":"2020-12-21 18:10:00.0000000","geometry":"POINT(-74.15148338051385 40.539891290795936)","genusspecies":"Acer saccharinum - silver maple"}},{"type":"Feature","geometry":{"type":"Point","coordinates":[-74.15153146223464,40.53985422093903]},"properties":{"tpcondition":"Dead","stumpdiameter":"28","riskratingdate":"2018-10-02 09:02:25.0000000","riskrating":"9","objectid":"2941294","globalid":"370CEB71-9153-4C2F-991A-D3F5F79FC840","tpstructure":"Retired","plantingspaceglobalid":"FA80380C-CBFF-4AA2-979C-75A6E7B60CFF","createddate":"2016-03-15 17:21:49.0000000","dbh":"28","planteddate":null,"updateddate":"2019-02-11 20:19:57.0000000","geometry":"POINT(-74.15153146223464 40.53985422093903)","genusspecies":"Acer saccharinum - silver maple"}},{"type":"Feature","geometry":{"type":"Point","coordinates":[-74.14732304836336,40.54093630434828]},"properties":{"tpcondition":"Excellent","stumpdiameter":null,"riskratingdate":"2025-07-17 13:39:08.0000000","riskrating":"3","objectid":"2941295","globalid":"15D7484D-C6ED-483D-92D8-C7D72223AE73","tpstructure":"Full","plantingspaceglobalid":"EBA8E07B-2758-44B6-A9CF-B9998865FBEB","createddate":"2016-03-15 17:21:49.0000000","dbh":"4","planteddate":null,"updateddate":"2025-07-17 13:39:08.0000000","geometry":"POINT(-74.14732304836336 40.54093630434828)","genusspecies":"Gleditsia triacanthos var. inermis - Thornless honeylocust"}},{"type":"Feature","geometry":{"type":"Point","coordinates":[-74.14741680428195,40.54082240397056]},"properties":{"tpcondition":"Excellent","stumpdiameter":null,"riskratingdate":"2025-07-17 13:38:52.0000000","riskrating":"3","objectid":"2941296","globalid":"E2E2C30E-A2B5-41C6-BB0B-74C3179B69ED","tpstructure":"Full","plantingspaceglobalid":"355EE89F-2519-484D-97EF-ABAEDBBBE523","createddate":"2016-03-15 17:21:49.0000000","dbh":"4","planteddate":null,"updateddate":"2025-07-17 13:38:52.0000000","geometry":"POINT(-74.14741680428195 40.54082240397056)","genusspecies":"Gleditsia triacanthos var. inermis - Thornless honeylocust"}},{"type":"Feature","geometry":{"type":"Point","coordinates":[-74.14746463936292,40.54076429198085]},"properties":{"tpcondition":"Excellent","stumpdiameter":null,"riskratingdate":"2025-07-17 13:38:17.0000000","riskrating":"3","objectid":"2941297","globalid":"B08FC390-92D3-4A62-A298-FCD53E9EF12A","tpstructure":"Full","plantingspaceglobalid":"95190AC3-B952-4FE7-BDF5-C96F4CFC2B75","createddate":"2016-03-15 17:21:49.0000000","dbh":"4","planteddate":null,"updateddate":"2025-07-17 13:38:17.0000000","geometry":"POINT(-74.14746463936292 40.54076429198085)","genusspecies":"Gleditsia triacanthos var. inermis - Thornless honeylocust"}},{"type":"Feature","geometry":{"type":"Point","coordinates":[-74.14768898496922,40.54049264828845]},"properties":{"tpcondition":"Dead","stumpdiameter":"0","riskratingdate":null,"riskrating":null,"objectid":"2941298","globalid":"878DA637-9F87-418C-B822-250DE4CE5639","tpstructure":"Retired","plantingspaceglobalid":"25F8929F-949C-4F3D-A7B1-F7CB04CEE07A","createddate":"2016-03-15 17:21:00.0000000","dbh":"8","planteddate":null,"updateddate":"2017-04-21 18:01:00.0000000","geometry":"POINT(-74.14768898496922 40.54049264828845)","genusspecies":"Tilia cordata - littleleaf linden"}},{"type":"Feature","geometry":{"type":"Point","coordinates":[-74.1477493005752,40.54042107452943]},"properties":{"tpcondition":"Dead","stumpdiameter":"13","riskratingdate":"2022-08-02 16:29:00.0000000","riskrating":"9","objectid":"2941299","globalid":"C216361C-9AF6-49D6-A3F5-60F4C4BB8497","tpstructure":"Stump","plantingspaceglobalid":"FABE97E4-A84B-4A7F-A129-DDF4869221D5","createddate":"2016-03-15 17:21:00.0000000","dbh":null,"planteddate":null,"updateddate":"2022-10-07 14:47:21.0000000","geometry":"POINT(-74.1477493005752 40.54042107452943)","genusspecies":"Tilia cordata - littleleaf linden"}},{"type":"Feature","geometry":{"type":"Point","coordinates":[-74.1477979424626,40.54036335421179]},"properties":{"tpcondition":"Fair","stumpdiameter":null,"riskratingdate":"2025-07-17 13:36:56.0000000","riskrating":"6","objectid":"2941300","globalid":"BAE54528-8625-4EF3-9FDB-D693B388180E","tpstructure":"Full","plantingspaceglobalid":"86924EBF-024E-4329-BA16-19A06F7560F0","createddate":"2016-03-15 17:21:00.0000000","dbh":"12","planteddate":null,"updateddate":"2025-07-17 13:36:56.0000000","geometry":"POINT(-74.1477979424626 40.54036335421179)","genusspecies":"Acer - maple"}},{"type":"Feature","geometry":{"type":"Point","coordinates":[-74.14787577005644,40.540271001316114]},"properties":{"tpcondition":"Dead","stumpdiameter":null,"riskratingdate":null,"riskrating":null,"objectid":"2941301","globalid":"FDCC30B2-3E02-4007-808C-A2D97B4F9989","tpstructure":"Stump","plantingspaceglobalid":"98594F42-13E0-4603-A4C5-6D8DC982AB09","createddate":"2016-03-15 17:21:50.0000000","dbh":"9","planteddate":null,"updateddate":"2021-12-07 14:47:18.0000000","geometry":"POINT(-74.14787577005644 40.540271001316114)","genusspecies":"Tilia americana - American basswood"}},{"type":"Feature","geometry":{"type":"Point","coordinates":[-74.14804698625726,40.540067824419275]},"properties":{"tpcondition":"Fair","stumpdiameter":null,"riskratingdate":"2025-07-17 13:35:17.0000000","riskrating":"6","objectid":"2941302","globalid":"DE397D64-DE4E-40F4-AB66-673397FE5444","tpstructure":"Full","plantingspaceglobalid":"4D3DEB89-49EC-474D-B14B-DCC5E07D2149","createddate":"2016-03-15 17:21:50.0000000","dbh":"7","planteddate":null,"updateddate":"2025-07-17 13:35:17.0000000","geometry":"POINT(-74.14804698625726 40.540067824419275)","genusspecies":"Pyrus calleryana - Callery pear"}},{"type":"Feature","geometry":{"type":"Point","coordinates":[-74.15145097810834,40.54004825410591]},"properties":{"tpcondition":"Fair","stumpdiameter":null,"riskratingdate":"2025-07-16 15:18:52.0000000","riskrating":"6","objectid":"2941303","globalid":"190E4C0C-5F13-456D-B79E-125A9087E348","tpstructure":"Full","plantingspaceglobalid":"C9355CBB-BFE6-4308-A250-FE41429E226B","createddate":"2016-03-15 17:21:51.0000000","dbh":"25","planteddate":null,"updateddate":"2025-07-16 15:18:52.0000000","geometry":"POINT(-74.15145097810834 40.54004825410591)","genusspecies":"Betula nigra - river birch"}},{"type":"Feature","geometry":{"type":"Point","coordinates":[-74.15113750535674,40.54029043170034]},"properties":{"tpcondition":"Fair","stumpdiameter":null,"riskratingdate":"2025-07-16 15:20:34.0000000","riskrating":"6","objectid":"2941304","globalid":"348836A8-E122-49E9-8B68-61EBE503EE21","tpstructure":"Full","plantingspaceglobalid":"75347584-1523-4CAF-815E-636B00D19ADA","createddate":"2016-03-15 17:21:51.0000000","dbh":"14","planteddate":null,"updateddate":"2025-07-16 15:20:34.0000000","geometry":"POINT(-74.15113750535674 40.54029043170034)","genusspecies":"Acer platanoides - Norway maple"}},{"type":"Feature","geometry":{"type":"Point","coordinates":[-74.15099340935494,40.540401754880385]},"properties":{"tpcondition":"Excellent","stumpdiameter":null,"riskratingdate":"2025-07-16 15:21:16.0000000","riskrating":"3","objectid":"2941305","globalid":"A39B361B-937C-49CF-A616-09CB68A0DB03","tpstructure":"Full","plantingspaceglobalid":"09F86939-972B-4CDC-B5F1-92EDE1CECF9D","createddate":"2016-03-15 17:21:51.0000000","dbh":"5","planteddate":null,"updateddate":"2025-07-16 15:21:16.0000000","geometry":"POINT(-74.15099340935494 40.540401754880385)","genusspecies":"Carpinus caroliniana - American hornbeam"}},{"type":"Feature","geometry":{"type":"Point","coordinates":[-74.15091504036288,40.540462298760005]},"properties":{"tpcondition":"Dead","stumpdiameter":"10","riskratingdate":"2021-04-09 16:24:00.0000000","riskrating":"9","objectid":"2941306","globalid":"67066E06-406F-44A8-9379-9C787A222D47","tpstructure":"Retired","plantingspaceglobalid":"B83F7DA9-99AE-4500-8D81-483D9ED103EF","createddate":"2016-03-15 17:21:00.0000000","dbh":"10","planteddate":null,"updateddate":"2022-05-05 16:33:00.0000000","geometry":"POINT(-74.15091504036288 40.540462298760005)","genusspecies":"Acer saccharinum - silver maple"}},{"type":"Feature","geometry":{"type":"Point","coordinates":[-74.15060662040835,40.5407005671811]},"properties":{"tpcondition":"Fair","stumpdiameter":null,"riskratingdate":"2025-07-16 15:23:00.0000000","riskrating":"6","objectid":"2941307","globalid":"7442F208-4F34-4EDB-A99E-0DC95AFF6763","tpstructure":"Full","plantingspaceglobalid":"44B21918-2B61-4FF6-8762-63B5C143C64B","createddate":"2016-03-15 17:21:52.0000000","dbh":"25","planteddate":null,"updateddate":"2025-07-16 15:23:00.0000000","geometry":"POINT(-74.15060662040835 40.5407005671811)","genusspecies":"Acer saccharinum - silver maple"}},{"type":"Feature","geometry":{"type":"Point","coordinates":[-74.1507153507281,40.54118878901204]},"properties":{"tpcondition":"Fair","stumpdiameter":null,"riskratingdate":"2025-07-11 13:23:16.0000000","riskrating":"6","objectid":"2941308","globalid":"B8429296-D22D-47F8-A9B9-6544FA30D115","tpstructure":"Full","plantingspaceglobalid":"B91B1E26-3E53-4456-8DA2-73A54A24B031","createddate":"2016-03-15 17:21:52.0000000","dbh":"31","planteddate":null,"updateddate":"2025-07-11 13:23:16.0000000","geometry":"POINT(-74.1507153507281 40.54118878901204)","genusspecies":"Platanus x acerifolia - London planetree"}},{"type":"Feature","geometry":{"type":"Point","coordinates":[-74.15136240506847,40.5409630385163]},"properties":{"tpcondition":"Good","stumpdiameter":null,"riskratingdate":"2025-07-09 22:37:52.0000000","riskrating":"5","objectid":"2941309","globalid":"879DB6D5-590E-46B4-A1A9-7B0C6DA44861","tpstructure":"Full","plantingspaceglobalid":"CA193824-9FEE-4748-84C8-5E0A145C9A60","createddate":"2016-03-15 17:21:52.0000000","dbh":"8","planteddate":null,"updateddate":"2025-07-09 22:37:52.0000000","geometry":"POINT(-74.15136240506847 40.5409630385163)","genusspecies":"Pyrus calleryana - Callery pear"}},{"type":"Feature","geometry":{"type":"Point","coordinates":[-74.15165555604591,40.54073640910103]},"properties":{"tpcondition":"Good","stumpdiameter":null,"riskratingdate":"2025-07-09 22:40:43.0000000","riskrating":"5","objectid":"2941310","globalid":"381EA3C2-A406-4650-A51B-8B20472CFD9E","tpstructure":"Full","plantingspaceglobalid":"A6E0A522-271B-49BF-A0F2-0C93DE9B672C","createddate":"2016-03-15 17:21:52.0000000","dbh":"8","planteddate":null,"updateddate":"2025-07-09 22:40:43.0000000","geometry":"POINT(-74.15165555604591 40.54073640910103)","genusspecies":"Pyrus calleryana - Callery pear"}},{"type":"Feature","geometry":{"type":"Point","coordinates":[-74.15186783626838,40.54057230017997]},"properties":{"tpcondition":"Good","stumpdiameter":null,"riskratingdate":"2025-07-09 22:42:04.0000000","riskrating":"5","objectid":"2941311","globalid":"4B952677-2270-4FB1-B639-F4A2F3263DE9","tpstructure":"Full","plantingspaceglobalid":"8BD62E3D-C3F7-481B-83FB-6A28BE7407DD","createddate":"2016-03-15 17:21:52.0000000","dbh":"8","planteddate":null,"updateddate":"2025-07-09 22:42:04.0000000","geometry":"POINT(-74.15186783626838 40.54057230017997)","genusspecies":"Platanus x acerifolia - London planetree"}},{"type":"Feature","geometry":{"type":"Point","coordinates":[-74.15199419182953,40.54047461367553]},"properties":{"tpcondition":"Fair","stumpdiameter":null,"riskratingdate":"2025-07-09 22:43:17.0000000","riskrating":"6","objectid":"2941312","globalid":"04500D6E-90AF-443F-8658-E2CCA2AACF7B","tpstructure":"Full","plantingspaceglobalid":"6FBBEABB-64AE-4C25-AA14-BFDE4CE5F1CC","createddate":"2016-03-15 17:21:53.0000000","dbh":"40","planteddate":null,"updateddate":"2025-07-09 22:43:17.0000000","geometry":"POINT(-74.15199419182953 40.54047461367553)","genusspecies":"Platanus x acerifolia - London planetree"}},{"type":"Feature","geometry":{"type":"Point","coordinates":[-74.14829688277246,40.5397684405118]},"properties":{"tpcondition":"Good","stumpdiameter":null,"riskratingdate":"2025-07-17 13:34:28.0000000","riskrating":"4","objectid":"2941313","globalid":"58DBFFD8-C510-4063-B1B2-5C6263CFEEC5","tpstructure":"Full","plantingspaceglobalid":"50DC4DA3-6B66-4310-B31C-2D0685E2B45C","createddate":"2016-03-15 17:21:53.0000000","dbh":"5","planteddate":null,"updateddate":"2025-07-17 13:34:28.0000000","geometry":"POINT(-74.14829688277246 40.5397684405118)","genusspecies":"Quercus acutissima - sawtooth oak"}},{"type":"Feature","geometry":{"type":"Point","coordinates":[-74.14835123771019,40.539703733310084]},"properties":{"tpcondition":"Good","stumpdiameter":null,"riskratingdate":"2025-07-17 13:34:11.0000000","riskrating":"5","objectid":"2941314","globalid":"89499AAF-4F8F-4E7A-9717-D305CE7882D9","tpstructure":"Full","plantingspaceglobalid":"1B127FD0-1075-4968-921B-4F021DE8DEBD","createddate":"2016-03-15 17:21:53.0000000","dbh":"7","planteddate":null,"updateddate":"2025-07-17 13:34:11.0000000","geometry":"POINT(-74.14835123771019 40.539703733310084)","genusspecies":"Quercus acutissima - sawtooth oak"}},{"type":"Feature","geometry":{"type":"Point","coordinates":[-74.14873559688638,40.539246156704806]},"properties":{"tpcondition":"Good","stumpdiameter":null,"riskratingdate":"2025-07-17 13:32:18.0000000","riskrating":"4","objectid":"2941315","globalid":"63CE5E03-5974-41A8-96B7-2B9BE291D58A","tpstructure":"Full","plantingspaceglobalid":"A9A32C08-6CB2-48E2-A170-248F4FC4A36E","createddate":"2016-03-15 17:21:53.0000000","dbh":"6","planteddate":null,"updateddate":"2025-07-17 13:32:18.0000000","geometry":"POINT(-74.14873559688638 40.539246156704806)","genusspecies":"Ginkgo biloba - maidenhair tree"}},{"type":"Feature","geometry":{"type":"Point","coordinates":[-74.14877636115006,40.53919762586398]},"properties":{"tpcondition":"Fair","stumpdiameter":null,"riskratingdate":"2025-07-17 13:31:31.0000000","riskrating":"6","objectid":"2941316","globalid":"89A1CED7-F54E-4D3A-BC19-563B4D383066","tpstructure":"Full","plantingspaceglobalid":"0C9A83D1-6D62-4153-88F4-97FC03C9F18B","createddate":"2016-03-15 17:21:53.0000000","dbh":"5","planteddate":null,"updateddate":"2025-07-17 13:31:31.0000000","geometry":"POINT(-74.14877636115006 40.53919762586398)","genusspecies":"Acer - maple"}},{"type":"Feature","geometry":{"type":"Point","coordinates":[-74.14879577293262,40.53917451566195]},"properties":{"tpcondition":"Fair","stumpdiameter":null,"riskratingdate":"2025-07-17 13:30:22.0000000","riskrating":"6","objectid":"2941317","globalid":"E3FD6292-15C4-46C4-830E-FFBF8E40CA0E","tpstructure":"Full","plantingspaceglobalid":"931832E0-7782-4239-9C8C-44188AB58462","createddate":"2016-03-15 17:21:54.0000000","dbh":"8","planteddate":null,"updateddate":"2025-07-17 13:30:22.0000000","geometry":"POINT(-74.14879577293262 40.53917451566195)","genusspecies":"Acer - maple"}},{"type":"Feature","geometry":{"type":"Point","coordinates":[-74.14887730272375,40.53907745334857]},"properties":{"tpcondition":"Dead","stumpdiameter":"6","riskratingdate":"2018-08-24 14:56:00.0000000","riskrating":"6","objectid":"2941318","globalid":"F9F1FA00-6546-45F9-945F-D688945C51E2","tpstructure":"Retired","plantingspaceglobalid":"94D24FD5-44A5-4EF5-A11B-B204CACB685A","createddate":"2016-03-15 17:21:00.0000000","dbh":"4","planteddate":null,"updateddate":"2019-11-20 18:46:00.0000000","geometry":"POINT(-74.14887730272375 40.53907745334857)","genusspecies":"Syringa reticulata - Japanese tree lilac"}},{"type":"Feature","geometry":{"type":"Point","coordinates":[-74.14890447926649,40.53904509846859]},"properties":{"tpcondition":"Fair","stumpdiameter":null,"riskratingdate":"2025-07-17 13:29:14.0000000","riskrating":"6","objectid":"2941319","globalid":"9D837344-00A1-4DA2-96B5-154215663312","tpstructure":"Full","plantingspaceglobalid":"125E7F0B-E8FF-45DE-A282-643B688727D5","createddate":"2016-03-15 17:21:54.0000000","dbh":"5","planteddate":null,"updateddate":"2025-07-17 13:29:14.0000000","geometry":"POINT(-74.14890447926649 40.53904509846859)","genusspecies":"Syringa reticulata - Japanese tree lilac"}},{"type":"Feature","geometry":{"type":"Point","coordinates":[-74.14893941985748,40.53900350063555]},"properties":{"tpcondition":"Fair","stumpdiameter":null,"riskratingdate":"2025-07-17 13:28:20.0000000","riskrating":"6","objectid":"2941320","globalid":"57C4B3FA-BF5C-496C-A05A-E4656CD50CA4","tpstructure":"Full","plantingspaceglobalid":"B2F8FF26-EE4D-469D-BB81-5BDF66D545C3","createddate":"2016-03-15 17:21:54.0000000","dbh":"5","planteddate":null,"updateddate":"2025-07-17 13:28:20.0000000","geometry":"POINT(-74.14893941985748 40.53900350063555)","genusspecies":"Syringa reticulata - Japanese tree lilac"}},{"type":"Feature","geometry":{"type":"Point","coordinates":[-74.14897824393314,40.538957280171445]},"properties":{"tpcondition":"Dead","stumpdiameter":"0","riskratingdate":null,"riskrating":null,"objectid":"2941321","globalid":"35A30F92-B729-49FB-B5AA-91009F0D0F7D","tpstructure":"Retired","plantingspaceglobalid":"6202F5AD-A4A7-4EAA-868F-1BFB3B07A99A","createddate":"2016-03-15 17:21:54.0000000","dbh":"3","planteddate":null,"updateddate":"2025-07-17 13:27:59.0000000","geometry":"POINT(-74.14897824393314 40.538957280171445)","genusspecies":"Unknown - Unknown"}},{"type":"Feature","geometry":{"type":"Point","coordinates":[-74.14916459650671,40.53873542462058]},"properties":{"tpcondition":"Good","stumpdiameter":"0","riskratingdate":null,"riskrating":null,"objectid":"2941322","globalid":"04820A3F-8BDC-47B6-956B-732F0AB0AFFF","tpstructure":"Retired","plantingspaceglobalid":"E470669E-4418-4EEA-AD38-B29A4D2AB660","createddate":"2016-03-15 17:21:55.0000000","dbh":"3","planteddate":null,"updateddate":"2025-07-17 13:27:33.0000000","geometry":"POINT(-74.14916459650671 40.53873542462058)","genusspecies":"Tilia cordata - littleleaf linden"}},{"type":"Feature","geometry":{"type":"Point","coordinates":[-74.14935871104699,40.53850432350177]},"properties":{"tpcondition":"Good","stumpdiameter":"0","riskratingdate":null,"riskrating":null,"objectid":"2941323","globalid":"F9F06401-6925-481D-8000-C27F67C9E203","tpstructure":"Retired","plantingspaceglobalid":"47D8A4FE-E0CC-4A44-AE12-B2504D1541C5","createddate":"2016-03-15 17:21:55.0000000","dbh":"17","planteddate":null,"updateddate":"2025-07-17 13:27:38.0000000","geometry":"POINT(-74.14935871104699 40.53850432350177)","genusspecies":"Fraxinus - Ash"}},{"type":"Feature","geometry":{"type":"Point","coordinates":[-74.14939559393258,40.53846041449583]},"properties":{"tpcondition":"Good","stumpdiameter":"0","riskratingdate":null,"riskrating":null,"objectid":"2941324","globalid":"E2FE6442-4BB9-47DE-9D48-F6CC6F597F68","tpstructure":"Retired","plantingspaceglobalid":"94D5386E-DC16-4889-8A23-F2A583507FC5","createddate":"2016-03-15 17:21:55.0000000","dbh":"31","planteddate":null,"updateddate":"2025-07-17 13:27:43.0000000","geometry":"POINT(-74.14939559393258 40.53846041449583)","genusspecies":"Fraxinus - Ash"}},{"type":"Feature","geometry":{"type":"Point","coordinates":[-74.14981750890577,40.53858603079596]},"properties":{"tpcondition":"Fair","stumpdiameter":null,"riskratingdate":"2025-07-16 14:49:51.0000000","riskrating":"6","objectid":"2941325","globalid":"1C7708E5-C18C-486C-B12A-B9556C00A043","tpstructure":"Full","plantingspaceglobalid":"586B3D80-7EFB-47EB-875F-DAF1D1128B1E","createddate":"2016-03-15 17:21:55.0000000","dbh":"39","planteddate":null,"updateddate":"2025-07-16 14:49:51.0000000","geometry":"POINT(-74.14981750890577 40.53858603079596)","genusspecies":"Platanus x acerifolia - London planetree"}},{"type":"Feature","geometry":{"type":"Point","coordinates":[-74.14992376451819,40.53863711151722]},"properties":{"tpcondition":"Fair","stumpdiameter":null,"riskratingdate":"2025-07-16 14:47:55.0000000","riskrating":"6","objectid":"2941326","globalid":"BE362E03-BACC-4D30-88A4-DDF2DB264F93","tpstructure":"Full","plantingspaceglobalid":"4320C42D-549F-4691-B39C-684AB74ACF60","createddate":"2016-03-15 17:21:55.0000000","dbh":"20","planteddate":null,"updateddate":"2025-07-16 14:47:55.0000000","geometry":"POINT(-74.14992376451819 40.53863711151722)","genusspecies":"Acer - maple"}},{"type":"Feature","geometry":{"type":"Point","coordinates":[-74.14999272698007,40.53867200012939]},"properties":{"tpcondition":"Dead","stumpdiameter":"15","riskratingdate":"2023-04-27 14:57:00.0000000","riskrating":"9","objectid":"2941327","globalid":"7F6EB658-E012-4101-8F6B-550E26DA74D1","tpstructure":"Stump","plantingspaceglobalid":"9F19E82D-16A5-4769-821C-BFC1DC6E3A86","createddate":"2016-03-15 17:21:00.0000000","dbh":null,"planteddate":null,"updateddate":"2023-11-02 13:55:21.0000000","geometry":"POINT(-74.14999272698007 40.53867200012939)","genusspecies":"Zelkova serrata - Japanese zelkova"}},{"type":"Feature","geometry":{"type":"Point","coordinates":[-74.15005269316559,40.53870234120325]},"properties":{"tpcondition":"Good","stumpdiameter":null,"riskratingdate":"2025-07-16 14:45:48.0000000","riskrating":"6","objectid":"2941328","globalid":"60D9F3B4-EAD3-416D-AF8A-6543BFA02C0B","tpstructure":"Full","plantingspaceglobalid":"EB7B1F86-C3E8-4169-B291-EE44349B3DDB","createddate":"2016-03-15 17:21:56.0000000","dbh":"15","planteddate":null,"updateddate":"2025-07-16 14:45:48.0000000","geometry":"POINT(-74.15005269316559 40.53870234120325)","genusspecies":"Zelkova serrata - Japanese zelkova"}},{"type":"Feature","geometry":{"type":"Point","coordinates":[-74.15117199943002,40.54152695044025]},"properties":{"tpcondition":"Fair","stumpdiameter":null,"riskratingdate":"2025-07-09 13:10:05.0000000","riskrating":"6","objectid":"2941329","globalid":"62DA236F-6FB7-433C-BF5B-7C2346C7BBAF","tpstructure":"Full","plantingspaceglobalid":"D694DCFB-1BC9-4FA7-BA5C-90167B02DEFF","createddate":"2016-03-15 17:21:56.0000000","dbh":"23","planteddate":null,"updateddate":"2025-07-09 13:10:05.0000000","geometry":"POINT(-74.15117199943002 40.54152695044025)","genusspecies":"Platanus x acerifolia - London planetree"}},{"type":"Feature","geometry":{"type":"Point","coordinates":[-74.1510694027652,40.541449956147474]},"properties":{"tpcondition":"Fair","stumpdiameter":null,"riskratingdate":"2025-07-09 13:08:48.0000000","riskrating":"6","objectid":"2941330","globalid":"3D69A62B-F7BA-4CBA-88FB-D17CAC319159","tpstructure":"Full","plantingspaceglobalid":"BD282F61-680E-49E5-8B65-2BC9DF79ADA8","createddate":"2016-03-15 17:21:56.0000000","dbh":"26","planteddate":null,"updateddate":"2025-07-09 13:08:48.0000000","geometry":"POINT(-74.1510694027652 40.541449956147474)","genusspecies":"Platanus x acerifolia - London planetree"}},{"type":"Feature","geometry":{"type":"Point","coordinates":[-74.1507248731079,40.53722899652444]},"properties":{"tpcondition":"Fair","stumpdiameter":"0","riskratingdate":null,"riskrating":null,"objectid":"2941331","globalid":"0A67E44E-00C2-46AE-A290-CE920CE0554B","tpstructure":"Full","plantingspaceglobalid":"D35AC31D-EA20-4D83-AD48-BC2D6C418C12","createddate":"2016-03-15 17:21:57.0000000","dbh":"10","planteddate":null,"updateddate":null,"geometry":"POINT(-74.1507248731079 40.53722899652444)","genusspecies":"Pyrus calleryana - Callery pear"}},{"type":"Feature","geometry":{"type":"Point","coordinates":[-74.15102419015666,40.541540288611365]},"properties":{"tpcondition":"Good","stumpdiameter":null,"riskratingdate":"2025-07-09 13:18:53.0000000","riskrating":"5","objectid":"2941332","globalid":"1003EF19-ECE4-4625-89B5-4A0513E487C2","tpstructure":"Full","plantingspaceglobalid":"82E6B202-BE2C-460B-819F-5C8BC1FE526C","createddate":"2016-03-15 17:21:57.0000000","dbh":"9","planteddate":null,"updateddate":"2025-07-09 13:18:53.0000000","geometry":"POINT(-74.15102419015666 40.541540288611365)","genusspecies":"Prunus serrulata 'Green leaf' - 'Green leaf' Japanese flowering cherry"}},{"type":"Feature","geometry":{"type":"Point","coordinates":[-74.15123543158599,40.541701319392544]},"properties":{"tpcondition":"Fair","stumpdiameter":null,"riskratingdate":"2025-07-09 13:17:55.0000000","riskrating":"6","objectid":"2941333","globalid":"57E89546-CD9E-40B3-B2B7-C0F119AA4778","tpstructure":"Full","plantingspaceglobalid":"B5696632-FD01-452E-8CAC-3B7484D92FA2","createddate":"2016-03-15 17:21:57.0000000","dbh":"23","planteddate":null,"updateddate":"2025-07-09 13:17:55.0000000","geometry":"POINT(-74.15123543158599 40.541701319392544)","genusspecies":"Platanus x acerifolia - London planetree"}},{"type":"Feature","geometry":{"type":"Point","coordinates":[-74.15129905958183,40.54174982338207]},"properties":{"tpcondition":"Fair","stumpdiameter":null,"riskratingdate":"2025-07-09 13:16:31.0000000","riskrating":"6","objectid":"2941334","globalid":"480754C0-1275-4F8E-B4C6-7F0E186B3C98","tpstructure":"Full","plantingspaceglobalid":"7FF78CE2-062F-4A6B-9266-508C7D874FA7","createddate":"2016-03-15 17:21:57.0000000","dbh":"20","planteddate":null,"updateddate":"2025-07-09 13:16:31.0000000","geometry":"POINT(-74.15129905958183 40.54174982338207)","genusspecies":"Platanus x acerifolia - London planetree"}},{"type":"Feature","geometry":{"type":"Point","coordinates":[-74.15136268691914,40.54179832676529]},"properties":{"tpcondition":"Fair","stumpdiameter":null,"riskratingdate":"2025-07-09 13:15:00.0000000","riskrating":"9","objectid":"2941335","globalid":"AEA5199C-459A-4E20-B193-0DB7293956B5","tpstructure":"Full","plantingspaceglobalid":"19F794F0-2847-4E7E-B276-707E54CA285D","createddate":"2016-03-15 17:21:57.0000000","dbh":"16","planteddate":null,"updateddate":"2025-07-09 13:15:00.0000000","geometry":"POINT(-74.15136268691914 40.54179832676529)","genusspecies":"Platanus x acerifolia - London planetree"}},{"type":"Feature","geometry":{"type":"Point","coordinates":[-74.1514263135967,40.54184682897037]},"properties":{"tpcondition":"Fair","stumpdiameter":null,"riskratingdate":"2025-07-09 13:13:05.0000000","riskrating":"6","objectid":"2941336","globalid":"BE6DA444-5C29-47BC-91D6-E2449294703C","tpstructure":"Full","plantingspaceglobalid":"AC90D3DE-227B-4EEF-831C-F81D2DC76E71","createddate":"2016-03-15 17:21:58.0000000","dbh":"16","planteddate":null,"updateddate":"2025-07-09 13:13:05.0000000","geometry":"POINT(-74.1514263135967 40.54184682897037)","genusspecies":"Platanus x acerifolia - London planetree"}},{"type":"Feature","geometry":{"type":"Point","coordinates":[-74.15093254682036,40.53705420769226]},"properties":{"tpcondition":"Good","stumpdiameter":"0","riskratingdate":null,"riskrating":null,"objectid":"2941337","globalid":"3F087A3A-317A-45B8-B174-DCC0C32B515A","tpstructure":"Full","plantingspaceglobalid":"A4542C55-9EFE-41F1-ADDA-368D7FFFF14C","createddate":"2016-03-15 17:21:58.0000000","dbh":"9","planteddate":null,"updateddate":null,"geometry":"POINT(-74.15093254682036 40.53705420769226)","genusspecies":"Pyrus calleryana - Callery pear"}},{"type":"Feature","geometry":{"type":"Point","coordinates":[-74.1509566741364,40.53703384717365]},"properties":{"tpcondition":"Good","stumpdiameter":"0","riskratingdate":null,"riskrating":null,"objectid":"2941338","globalid":"6B470187-9BEB-4CF6-AF4E-3438E12A23A1","tpstructure":"Full","plantingspaceglobalid":"4AABD636-AD2D-4D97-9835-7DAE89C20A56","createddate":"2016-03-15 17:21:58.0000000","dbh":"8","planteddate":null,"updateddate":null,"geometry":"POINT(-74.1509566741364 40.53703384717365)","genusspecies":"Pyrus calleryana - Callery pear"}},{"type":"Feature","geometry":{"type":"Point","coordinates":[-74.15099528066092,40.537001270901335]},"properties":{"tpcondition":"Fair","stumpdiameter":"0","riskratingdate":null,"riskrating":null,"objectid":"2941339","globalid":"8E7E7098-7A56-47E0-9F74-47B51BC5B223","tpstructure":"Full","plantingspaceglobalid":"60E45462-7373-4366-B534-7D07B266D28E","createddate":"2016-03-15 17:21:58.0000000","dbh":"10","planteddate":null,"updateddate":null,"geometry":"POINT(-74.15099528066092 40.537001270901335)","genusspecies":"Pyrus calleryana - Callery pear"}},{"type":"Feature","geometry":{"type":"Point","coordinates":[-74.15101699611363,40.536982947565406]},"properties":{"tpcondition":"Good","stumpdiameter":"0","riskratingdate":null,"riskrating":null,"objectid":"2941340","globalid":"79B7D4B9-8A6A-49E4-9B44-1051202AD9D2","tpstructure":"Full","plantingspaceglobalid":"327FB41E-EE32-4198-9D4F-3C5320A500D8","createddate":"2016-03-15 17:21:58.0000000","dbh":"10","planteddate":null,"updateddate":null,"geometry":"POINT(-74.15101699611363 40.536982947565406)","genusspecies":"Pyrus calleryana - Callery pear"}},{"type":"Feature","geometry":{"type":"Point","coordinates":[-74.15120760725954,40.53682210375486]},"properties":{"tpcondition":"Good","stumpdiameter":"0","riskratingdate":null,"riskrating":null,"objectid":"2941341","globalid":"6C684153-9E33-4B0C-8E22-CD9252E4DCEE","tpstructure":"Full","plantingspaceglobalid":"D2121F74-A843-476D-BE46-3044A1AF8C30","createddate":"2016-03-15 17:21:59.0000000","dbh":"26","planteddate":null,"updateddate":null,"geometry":"POINT(-74.15120760725954 40.53682210375486)","genusspecies":"Acer - maple"}},{"type":"Feature","geometry":{"type":"Point","coordinates":[-74.15125103716677,40.53678545528347]},"properties":{"tpcondition":"Good","stumpdiameter":"0","riskratingdate":null,"riskrating":null,"objectid":"2941342","globalid":"51FB2093-9F2D-4DB7-85B3-0B5C5FF6119D","tpstructure":"Full","plantingspaceglobalid":"3A26737F-72C2-4B25-A291-71AD96131244","createddate":"2016-03-15 17:21:59.0000000","dbh":"21","planteddate":null,"updateddate":null,"geometry":"POINT(-74.15125103716677 40.53678545528347)","genusspecies":"Platanus x acerifolia - London planetree"}},{"type":"Feature","geometry":{"type":"Point","coordinates":[-74.15075248847182,40.54143569419414]},"properties":{"tpcondition":"Fair","stumpdiameter":null,"riskratingdate":"2025-07-09 13:42:20.0000000","riskrating":"6","objectid":"2941343","globalid":"8B39FCE6-1D36-4049-A427-5C1775E27F18","tpstructure":"Full","plantingspaceglobalid":"F7A1D954-D7A7-4C17-B5B4-79C394EA6F2B","createddate":"2016-03-15 17:21:59.0000000","dbh":"7","planteddate":null,"updateddate":"2025-07-09 13:42:20.0000000","geometry":"POINT(-74.15075248847182 40.54143569419414)","genusspecies":"Acer rubrum - red maple"}},{"type":"Feature","geometry":{"type":"Point","coordinates":[-74.14962004024817,40.54231075015854]},"properties":{"tpcondition":"Fair","stumpdiameter":null,"riskratingdate":"2025-07-09 13:36:43.0000000","riskrating":"9","objectid":"2941344","globalid":"BB021C51-FF39-455A-B510-ABE5B75D8906","tpstructure":"Full","plantingspaceglobalid":"EAAECDCD-F66A-436D-A69C-77B773EE8BC7","createddate":"2016-03-15 17:21:59.0000000","dbh":"40","planteddate":null,"updateddate":"2025-07-09 13:36:43.0000000","geometry":"POINT(-74.14962004024817 40.54231075015854)","genusspecies":"Platanus x acerifolia - London planetree"}},{"type":"Feature","geometry":{"type":"Point","coordinates":[-74.14949617615224,40.54240645909067]},"properties":{"tpcondition":"Good","stumpdiameter":null,"riskratingdate":"2025-07-09 13:34:41.0000000","riskrating":"5","objectid":"2941345","globalid":"09331979-2960-4E09-889F-718FA560C952","tpstructure":"Full","plantingspaceglobalid":"5C83CA0A-AFDA-4D35-BFEA-B3361B622795","createddate":"2016-03-15 17:22:00.0000000","dbh":"12","planteddate":null,"updateddate":"2025-07-09 13:34:41.0000000","geometry":"POINT(-74.14949617615224 40.54240645909067)","genusspecies":"Acer rubrum - red maple"}},{"type":"Feature","geometry":{"type":"Point","coordinates":[-74.14946331542781,40.54243185081203]},"properties":{"tpcondition":"Dead","stumpdiameter":"12","riskratingdate":"2020-09-02 14:22:00.0000000","riskrating":"11","objectid":"2941346","globalid":"E740839A-34BC-402E-BA69-E950658762FF","tpstructure":"Retired","plantingspaceglobalid":"068D85E0-12D3-41B1-B651-8448102D286F","createddate":"2016-03-15 17:22:00.0000000","dbh":"11","planteddate":null,"updateddate":"2022-05-05 17:01:00.0000000","geometry":"POINT(-74.14946331542781 40.54243185081203)","genusspecies":"Acer - maple"}},{"type":"Feature","geometry":{"type":"Point","coordinates":[-74.15189686077156,40.536229018582354]},"properties":{"tpcondition":"Poor","stumpdiameter":"0","riskratingdate":"2019-08-14 12:21:00.0000000","riskrating":"8","objectid":"2941347","globalid":"376D5382-0E47-4689-A434-63251E4ED4F5","tpstructure":"Retired","plantingspaceglobalid":"DDAC87FC-8A84-4A3C-88AE-D10F780A8AA8","createddate":"2016-03-15 17:22:00.0000000","dbh":"16","planteddate":null,"updateddate":"2021-07-27 12:54:00.0000000","geometry":"POINT(-74.15189686077156 40.536229018582354)","genusspecies":"Fraxinus pennsylvanica - Green ash"}},{"type":"Feature","geometry":{"type":"Point","coordinates":[-74.15192068347592,40.53620845068527]},"properties":{"tpcondition":"Fair","stumpdiameter":null,"riskratingdate":"2022-06-17 16:06:41.0000000","riskrating":"6","objectid":"2941348","globalid":"C4F6EA0C-E626-4692-91B4-B344874F1BB7","tpstructure":"Full","plantingspaceglobalid":"93E323DC-D782-44DC-B3CF-87DF2D5C3F5F","createddate":"2016-03-15 17:22:00.0000000","dbh":"9","planteddate":null,"updateddate":"2023-05-31 12:38:26.0000000","geometry":"POINT(-74.15192068347592 40.53620845068527)","genusspecies":"Fraxinus pennsylvanica - Green ash"}},{"type":"Feature","geometry":{"type":"Point","coordinates":[-74.15194212366944,40.53618993825873]},"properties":{"tpcondition":"Poor","stumpdiameter":"0","riskratingdate":"2020-04-09 16:29:00.0000000","riskrating":"5","objectid":"2941349","globalid":"119DCBE8-056D-46BB-8FE5-1A1952BD79F9","tpstructure":"Full","plantingspaceglobalid":"07AFDC35-064C-423F-BF88-BA40BF55B539","createddate":"2016-03-15 17:22:00.0000000","dbh":"19","planteddate":null,"updateddate":"2020-05-22 20:50:00.0000000","geometry":"POINT(-74.15194212366944 40.53618993825873)","genusspecies":"Fraxinus pennsylvanica - Green ash"}},{"type":"Feature","geometry":{"type":"Point","coordinates":[-74.15196356310419,40.536171426972814]},"properties":{"tpcondition":"Poor","stumpdiameter":"0","riskratingdate":"2019-08-14 12:08:00.0000000","riskrating":"8","objectid":"2941350","globalid":"F4E10B9B-0046-4A5C-8B72-A7998AC4467E","tpstructure":"Retired","plantingspaceglobalid":"E36DDD9B-2548-40AA-B7EB-3D73FC9B8958","createddate":"2016-03-15 17:22:00.0000000","dbh":"10","planteddate":null,"updateddate":"2021-07-27 12:55:00.0000000","geometry":"POINT(-74.15196356310419 40.536171426972814)","genusspecies":"Fraxinus pennsylvanica - Green ash"}},{"type":"Feature","geometry":{"type":"Point","coordinates":[-74.15198976825829,40.53614880244169]},"properties":{"tpcondition":"Fair","stumpdiameter":null,"riskratingdate":"2022-06-17 16:04:28.0000000","riskrating":"7","objectid":"2941351","globalid":"1F6BD083-A52E-4B7D-A6BD-056CF83FBAF4","tpstructure":"Full","plantingspaceglobalid":"D14F138C-242D-4139-89D2-31EBF5971005","createddate":"2016-03-15 17:22:01.0000000","dbh":"17","planteddate":null,"updateddate":"2023-05-31 12:40:49.0000000","geometry":"POINT(-74.15198976825829 40.53614880244169)","genusspecies":"Fraxinus pennsylvanica - Green ash"}},{"type":"Feature","geometry":{"type":"Point","coordinates":[-74.15201120766403,40.53613029000316]},"properties":{"tpcondition":"Poor","stumpdiameter":"0","riskratingdate":"2019-08-14 11:29:42.0000000","riskrating":"6","objectid":"2941352","globalid":"2A8269FC-B8F2-463D-BCD9-1C511491EA0A","tpstructure":"Full","plantingspaceglobalid":"16BFB1A1-E5F6-42D9-A227-A2C1A07283FB","createddate":"2016-03-15 17:22:01.0000000","dbh":"6","planteddate":null,"updateddate":"2019-08-14 15:29:42.0000000","geometry":"POINT(-74.15201120766403 40.53613029000316)","genusspecies":"Fraxinus pennsylvanica - Green ash"}},{"type":"Feature","geometry":{"type":"Point","coordinates":[-74.1520326485608,40.53611177927412]},"properties":{"tpcondition":"Poor","stumpdiameter":null,"riskratingdate":"2020-06-24 16:49:00.0000000","riskrating":"9","objectid":"2941353","globalid":"F331CB2C-C686-4FF1-BAB8-5D6496D3DC3A","tpstructure":"Retired","plantingspaceglobalid":"19D01D71-5C7B-4DDC-9BEB-B2E269B1DF20","createddate":"2016-03-15 17:22:00.0000000","dbh":"13","planteddate":null,"updateddate":"2021-07-27 12:56:00.0000000","geometry":"POINT(-74.1520326485608 40.53611177927412)","genusspecies":"Fraxinus pennsylvanica - Green ash"}},{"type":"Feature","geometry":{"type":"Point","coordinates":[-74.15170437404956,40.5365989112813]},"properties":{"tpcondition":"Fair","stumpdiameter":"0","riskratingdate":null,"riskrating":null,"objectid":"2941354","globalid":"023F4736-0048-4D62-88E6-491CAF77CF14","tpstructure":"Full","plantingspaceglobalid":"FA926FA3-19FF-4CEF-AE1B-70F742956349","createddate":"2016-03-15 17:22:01.0000000","dbh":"10","planteddate":null,"updateddate":"2017-04-06 10:35:32.0000000","geometry":"POINT(-74.15170437404956 40.5365989112813)","genusspecies":"Pyrus calleryana - Callery pear"}},{"type":"Feature","geometry":{"type":"Point","coordinates":[-74.15181075476671,40.536659957212905]},"properties":{"tpcondition":"Fair","stumpdiameter":"0","riskratingdate":"2019-12-03 17:29:46.0000000","riskrating":"6","objectid":"2941355","globalid":"245CDFF8-F2A2-4381-BDC0-5D486E189C31","tpstructure":"Full","plantingspaceglobalid":"0717C857-BF62-4369-BDFC-52EDE1525343","createddate":"2016-03-15 17:22:01.0000000","dbh":"14","planteddate":null,"updateddate":"2019-12-03 17:29:46.0000000","geometry":"POINT(-74.15181075476671 40.536659957212905)","genusspecies":"Pyrus calleryana - Callery pear"}},{"type":"Feature","geometry":{"type":"Point","coordinates":[-74.15185963176977,40.53668800521871]},"properties":{"tpcondition":"Dead","stumpdiameter":"15","riskratingdate":"2020-08-05 21:02:20.0000000","riskrating":"9","objectid":"2941356","globalid":"56ABAE22-15C7-46E3-A3D2-E9E3AB4EC7AE","tpstructure":"Stump","plantingspaceglobalid":"2E62AB40-78E1-45E5-90BC-617FA2EDE959","createddate":"2016-03-15 17:22:02.0000000","dbh":null,"planteddate":null,"updateddate":"2024-03-29 14:41:37.0000000","geometry":"POINT(-74.15185963176977 40.53668800521871)","genusspecies":"Pyrus calleryana - Callery pear"}},{"type":"Feature","geometry":{"type":"Point","coordinates":[-74.15211264654215,40.53683319475894]},"properties":{"tpcondition":"Fair","stumpdiameter":"0","riskratingdate":null,"riskrating":null,"objectid":"2941357","globalid":"8F68C538-0DE2-4846-B94D-6307FE3F338D","tpstructure":"Full","plantingspaceglobalid":"3222EE6A-F68F-4FAC-B68F-6377F02FA230","createddate":"2016-03-15 17:22:02.0000000","dbh":"2","planteddate":null,"updateddate":"2017-04-06 10:38:23.0000000","geometry":"POINT(-74.15211264654215 40.53683319475894)","genusspecies":"Maackia amurensis - Amur maackia"}},{"type":"Feature","geometry":{"type":"Point","coordinates":[-74.15225065451867,40.53691238907857]},"properties":{"tpcondition":"Fair","stumpdiameter":"0","riskratingdate":null,"riskrating":null,"objectid":"2941358","globalid":"CAD4CD41-79B1-4B40-86FD-ADCB7CA2A755","tpstructure":"Full","plantingspaceglobalid":"390B0207-4435-4F2B-BDDD-3A43BAC34D97","createddate":"2016-03-15 17:22:02.0000000","dbh":"2","planteddate":null,"updateddate":"2017-04-06 10:38:37.0000000","geometry":"POINT(-74.15225065451867 40.53691238907857)","genusspecies":"Cornus mas - Cornelian cherry"}},{"type":"Feature","geometry":{"type":"Point","coordinates":[-74.15257267540139,40.537097174985355]},"properties":{"tpcondition":"Fair","stumpdiameter":"0","riskratingdate":null,"riskrating":null,"objectid":"2941359","globalid":"7F8898D6-F1B6-45C6-A1D8-E10B9B7734A0","tpstructure":"Full","plantingspaceglobalid":"67861B81-A3C0-46D7-83DA-663D0DFCACDD","createddate":"2016-03-15 17:22:02.0000000","dbh":"26","planteddate":null,"updateddate":"2017-04-06 10:38:54.0000000","geometry":"POINT(-74.15257267540139 40.537097174985355)","genusspecies":"Acer - maple"}},{"type":"Feature","geometry":{"type":"Point","coordinates":[-74.15276818996651,40.537209366148836]},"properties":{"tpcondition":"Good","stumpdiameter":"0","riskratingdate":null,"riskrating":null,"objectid":"2941360","globalid":"54FDCECF-0BB2-4F3D-88FA-CDF192BBAAE7","tpstructure":"Full","plantingspaceglobalid":"49D377DC-8AE6-41A0-AE7F-F3EC3B7DCB90","createddate":"2016-03-15 17:22:03.0000000","dbh":"6","planteddate":null,"updateddate":"2017-04-06 10:39:40.0000000","geometry":"POINT(-74.15276818996651 40.537209366148836)","genusspecies":"Prunus serrulata 'Green leaf' - 'Green leaf' Japanese flowering cherry"}},{"type":"Feature","geometry":{"type":"Point","coordinates":[-74.15290332432323,40.537286908611335]},"properties":{"tpcondition":"Fair","stumpdiameter":"0","riskratingdate":null,"riskrating":null,"objectid":"2941361","globalid":"34D409A7-3B2F-4729-A452-ADA33E636F20","tpstructure":"Full","plantingspaceglobalid":"2DFC27F7-C808-4CB6-AFD3-94CD697C8572","createddate":"2016-03-15 17:22:03.0000000","dbh":"2","planteddate":null,"updateddate":"2017-04-06 10:40:11.0000000","geometry":"POINT(-74.15290332432323 40.537286908611335)","genusspecies":"Acer griseum - paperbark maple"}},{"type":"Feature","geometry":{"type":"Point","coordinates":[-74.15304133417361,40.537366101977725]},"properties":{"tpcondition":"Dead","stumpdiameter":null,"riskratingdate":"2023-06-29 13:05:00.0000000","riskrating":"5","objectid":"2941362","globalid":"08236C83-A097-4018-ADAB-CF6427D2B94B","tpstructure":"Retired","plantingspaceglobalid":"8BA3013C-9B51-485A-9F20-E091F74D00ED","createddate":"2016-03-15 17:22:00.0000000","dbh":"2","planteddate":null,"updateddate":"2023-12-08 15:44:00.0000000","geometry":"POINT(-74.15304133417361 40.537366101977724)","genusspecies":"Acer griseum - paperbark maple"}},{"type":"Feature","geometry":{"type":"Point","coordinates":[-74.1531477173358,40.5374271478106]},"properties":{"tpcondition":"Fair","stumpdiameter":"0","riskratingdate":null,"riskrating":null,"objectid":"2941363","globalid":"3002A876-5091-430A-BB59-24EECBACC523","tpstructure":"Full","plantingspaceglobalid":"0C2B190B-0C17-4700-BEB7-CA3EBFBC92FC","createddate":"2016-03-15 17:22:03.0000000","dbh":"2","planteddate":null,"updateddate":"2017-04-06 10:42:28.0000000","geometry":"POINT(-74.1531477173358 40.5374271478106)","genusspecies":"Acer griseum - paperbark maple"}},{"type":"Feature","geometry":{"type":"Point","coordinates":[-74.15330585484288,40.53751788913065]},"properties":{"tpcondition":"Good","stumpdiameter":"0","riskratingdate":null,"riskrating":null,"objectid":"2941364","globalid":"D3BEF37C-5266-4EF0-A1D5-118490DDFDAE","tpstructure":"Full","plantingspaceglobalid":"D10D05CD-FB0E-4B5A-A3A7-4CAB16784587","createddate":"2016-03-15 17:22:04.0000000","dbh":"2","planteddate":null,"updateddate":null,"geometry":"POINT(-74.15330585484288 40.53751788913065)","genusspecies":"Syringa reticulata - Japanese tree lilac"}},{"type":"Feature","geometry":{"type":"Point","coordinates":[-74.1534036128988,40.5375739838426]},"properties":{"tpcondition":"Fair","stumpdiameter":"0","riskratingdate":null,"riskrating":null,"objectid":"2941365","globalid":"332324B0-578F-47E5-8680-441EE6B3CA4A","tpstructure":"Full","plantingspaceglobalid":"E24CA388-BB4F-4E5F-B697-0084D3AD87EB","createddate":"2016-03-15 17:22:04.0000000","dbh":"2","planteddate":null,"updateddate":"2017-04-06 10:43:00.0000000","geometry":"POINT(-74.1534036128988 40.5375739838426)","genusspecies":"Quercus palustris - pin oak"}},{"type":"Feature","geometry":{"type":"Point","coordinates":[-74.15370954256426,40.537748284559086]},"properties":{"tpcondition":"Good","stumpdiameter":"0","riskratingdate":"2018-04-13 12:03:50.0000000","riskrating":"3","objectid":"2941366","globalid":"5105153E-7ABF-456B-9E90-2A981E766880","tpstructure":"Full","plantingspaceglobalid":"498CDC04-B414-484A-9AD4-B1BD0B146D54","createddate":"2016-03-15 17:22:04.0000000","dbh":"13","planteddate":null,"updateddate":"2018-04-13 12:03:50.0000000","geometry":"POINT(-74.15370954256426 40.537748284559086)","genusspecies":"Acer - maple"}},{"type":"Feature","geometry":{"type":"Point","coordinates":[-74.15378712319531,40.53779288172777]},"properties":{"tpcondition":"Good","stumpdiameter":"0","riskratingdate":null,"riskrating":null,"objectid":"2941367","globalid":"6B343D10-34AE-4840-A2FC-FD90FBABBEDB","tpstructure":"Full","plantingspaceglobalid":"CEAFED36-CB51-44B4-81CF-CF045433F8F3","createddate":"2016-03-15 17:22:04.0000000","dbh":"11","planteddate":null,"updateddate":"2017-04-06 10:50:54.0000000","geometry":"POINT(-74.15378712319531 40.53779288172777)","genusspecies":"Liquidambar styraciflua - sweetgum"}},{"type":"Feature","geometry":{"type":"Point","coordinates":[-74.15390205635066,40.53785895214772]},"properties":{"tpcondition":"Dead","stumpdiameter":"28","riskratingdate":"2024-09-24 16:37:59.0000000","riskrating":"10","objectid":"2941368","globalid":"E2A14BD4-45E0-4588-9310-690AE457295E","tpstructure":"Stump","plantingspaceglobalid":"696B5085-3D9E-426C-B15B-9E430CF565F1","createddate":"2016-03-15 17:22:04.0000000","dbh":"24","planteddate":null,"updateddate":"2024-10-04 13:15:39.0000000","geometry":"POINT(-74.15390205635066 40.53785895214772)","genusspecies":"Acer - maple"}},{"type":"Feature","geometry":{"type":"Point","coordinates":[-74.15406009196946,40.5379498006423]},"properties":{"tpcondition":"Fair","stumpdiameter":"0","riskratingdate":null,"riskrating":null,"objectid":"2941369","globalid":"DBBD9118-5F94-4A77-9F34-BF5A463A3E6F","tpstructure":"Full","plantingspaceglobalid":"48184E63-9356-4B8B-B0D7-0CC36EE5268E","createddate":"2016-03-15 17:22:05.0000000","dbh":"2","planteddate":null,"updateddate":"2017-04-06 10:53:02.0000000","geometry":"POINT(-74.15406009196946 40.5379498006423)","genusspecies":"Zelkova serrata - Japanese zelkova"}},{"type":"Feature","geometry":{"type":"Point","coordinates":[-74.1541146854239,40.53798118240345]},"properties":{"tpcondition":"Fair","stumpdiameter":"0","riskratingdate":null,"riskrating":null,"objectid":"2941370","globalid":"20358767-5CA8-4E5A-9130-A8DC6807E8E6","tpstructure":"Full","plantingspaceglobalid":"DDCD5DB6-0108-4C4B-8A6E-CFF25907D358","createddate":"2016-03-15 17:22:05.0000000","dbh":"3","planteddate":null,"updateddate":"2017-04-06 10:53:22.0000000","geometry":"POINT(-74.1541146854239 40.53798118240345)","genusspecies":"Zelkova serrata - Japanese zelkova"}},{"type":"Feature","geometry":{"type":"Point","coordinates":[-74.15439340248477,40.53814140374456]},"properties":{"tpcondition":"Fair","stumpdiameter":"0","riskratingdate":null,"riskrating":null,"objectid":"2941371","globalid":"FC3FCF52-E138-4D08-905A-EE0DD57E314A","tpstructure":"Full","plantingspaceglobalid":"865F6904-0A21-4E4C-815C-66F89658F6C5","createddate":"2016-03-15 17:22:05.0000000","dbh":"2","planteddate":null,"updateddate":"2017-04-06 10:56:22.0000000","geometry":"POINT(-74.15439340248477 40.53814140374456)","genusspecies":"Pyrus calleryana - Callery pear"}},{"type":"Feature","geometry":{"type":"Point","coordinates":[-74.15447098402986,40.538186001021565]},"properties":{"tpcondition":"Good","stumpdiameter":"0","riskratingdate":"2017-07-28 14:39:22.0000000","riskrating":"8","objectid":"2941372","globalid":"3D109D83-30C7-46A3-B1E2-DBB4F3D6A5FB","tpstructure":"Full","plantingspaceglobalid":"4E8378BD-B941-43ED-B745-4F80CE391897","createddate":"2016-03-15 17:22:06.0000000","dbh":"2","planteddate":null,"updateddate":"2017-07-31 08:25:39.0000000","geometry":"POINT(-74.15447098402986 40.538186001021565)","genusspecies":"Pyrus calleryana - Callery pear"}},{"type":"Feature","geometry":{"type":"Point","coordinates":[-74.15495628176066,40.53854505702862]},"properties":{"tpcondition":"Fair","stumpdiameter":"0","riskratingdate":null,"riskrating":null,"objectid":"2941374","globalid":"EEB9C5E3-E65A-48BC-9F46-53E11E324EA5","tpstructure":"Full","plantingspaceglobalid":"151EBF9F-4396-4846-982B-4BA9C7D1A9FB","createddate":"2016-03-15 17:22:06.0000000","dbh":"2","planteddate":null,"updateddate":"2017-04-06 11:02:45.0000000","geometry":"POINT(-74.15495628176066 40.53854505702862)","genusspecies":"Quercus macrocarpa - bur oak"}},{"type":"Feature","geometry":{"type":"Point","coordinates":[-74.15506491987767,40.538654443410756]},"properties":{"tpcondition":"Fair","stumpdiameter":"0","riskratingdate":null,"riskrating":null,"objectid":"2941375","globalid":"55BF5F28-6511-4325-A7FC-CEDB98146FF3","tpstructure":"Full","plantingspaceglobalid":"1C4A4A07-2D1E-49D7-8A50-B7D2311D9DB3","createddate":"2016-03-15 17:22:06.0000000","dbh":"14","planteddate":null,"updateddate":"2017-04-06 11:03:02.0000000","geometry":"POINT(-74.15506491987767 40.538654443410756)","genusspecies":"Gleditsia triacanthos var. inermis - Thornless honeylocust"}},{"type":"Feature","geometry":{"type":"Point","coordinates":[-74.15517790380821,40.53876820580162]},"properties":{"tpcondition":"Good","stumpdiameter":"0","riskratingdate":null,"riskrating":null,"objectid":"2941376","globalid":"ACE37820-43C2-4A58-9B88-F5235FC5527D","tpstructure":"Full","plantingspaceglobalid":"56F83069-68C9-46F9-A5C3-3B06F2CEBACE","createddate":"2016-03-15 17:22:07.0000000","dbh":"3","planteddate":null,"updateddate":"2017-04-06 11:03:37.0000000","geometry":"POINT(-74.15517790380821 40.53876820580162)","genusspecies":"Platanus x acerifolia - London planetree"}},{"type":"Feature","geometry":{"type":"Point","coordinates":[-74.15523874175639,40.53882946220683]},"properties":{"tpcondition":"Fair","stumpdiameter":"0","riskratingdate":null,"riskrating":null,"objectid":"2941377","globalid":"E7D6E7E5-70D1-44E9-B2D8-B3C6BE850F65","tpstructure":"Full","plantingspaceglobalid":"D56D4D57-2080-4A72-BD65-7C48A9925B26","createddate":"2016-03-15 17:22:07.0000000","dbh":"2","planteddate":null,"updateddate":"2017-04-06 11:03:50.0000000","geometry":"POINT(-74.15523874175639 40.53882946220683)","genusspecies":"Platanus x acerifolia - London planetree"}},{"type":"Feature","geometry":{"type":"Point","coordinates":[-74.15533651560446,40.538927910057474]},"properties":{"tpcondition":"Fair","stumpdiameter":null,"riskratingdate":"2024-06-21 14:30:50.0000000","riskrating":"5","objectid":"2941378","globalid":"474D7FF8-147C-4D00-B51E-3E628F37409F","tpstructure":"Full","plantingspaceglobalid":"768A224B-F0EB-4330-9A3D-E12187706D37","createddate":"2016-03-15 17:22:07.0000000","dbh":"10","planteddate":null,"updateddate":"2024-06-21 14:30:50.0000000","geometry":"POINT(-74.15533651560446 40.538927910057474)","genusspecies":"Platanus x acerifolia - London planetree"}},{"type":"Feature","geometry":{"type":"Point","coordinates":[-74.14765671866728,40.54190712988497]},"properties":{"tpcondition":"Fair","stumpdiameter":null,"riskratingdate":"2025-07-10 14:11:38.0000000","riskrating":"6","objectid":"2941379","globalid":"01B8974B-B4E4-4771-A269-44BA46FBA0CC","tpstructure":"Full","plantingspaceglobalid":"ECAABD61-29EC-4390-8509-7ECCEE501088","createddate":"2016-03-15 17:22:07.0000000","dbh":"18","planteddate":null,"updateddate":"2025-07-10 14:11:38.0000000","geometry":"POINT(-74.14765671866728 40.54190712988497)","genusspecies":"Zelkova serrata - Japanese zelkova"}},{"type":"Feature","geometry":{"type":"Point","coordinates":[-74.14760797798455,40.54196480222676]},"properties":{"tpcondition":"Fair","stumpdiameter":null,"riskratingdate":"2025-07-10 14:10:20.0000000","riskrating":"7","objectid":"2941380","globalid":"713B44D1-4C71-407F-A1A7-1BC857D05387","tpstructure":"Full","plantingspaceglobalid":"2966D075-E79B-4A72-B54A-A83EB491E865","createddate":"2016-03-15 17:22:07.0000000","dbh":"12","planteddate":null,"updateddate":"2025-07-10 14:10:20.0000000","geometry":"POINT(-74.14760797798455 40.54196480222676)","genusspecies":"Zelkova serrata - Japanese zelkova"}},{"type":"Feature","geometry":{"type":"Point","coordinates":[-74.14752219433072,40.5420663065265]},"properties":{"tpcondition":"Fair","stumpdiameter":null,"riskratingdate":"2025-07-10 14:08:49.0000000","riskrating":"5","objectid":"2941381","globalid":"4208D734-B898-4DB3-A174-5A84C79F9859","tpstructure":"Full","plantingspaceglobalid":"0434E17D-549A-49D3-9886-776D805EFE42","createddate":"2016-03-15 17:22:08.0000000","dbh":"5","planteddate":null,"updateddate":"2025-07-10 14:08:49.0000000","geometry":"POINT(-74.14752219433072 40.5420663065265)","genusspecies":"Pyrus calleryana - Callery pear"}},{"type":"Feature","geometry":{"type":"Point","coordinates":[-74.14699969064324,40.5426845549448]},"properties":{"tpcondition":"Dead","stumpdiameter":"18","riskratingdate":null,"riskrating":null,"objectid":"2941382","globalid":"5A227390-3BBC-4A5C-8783-93FD38C399AF","tpstructure":"Retired","plantingspaceglobalid":"1189D4C3-3782-4CD3-BB2B-914A07DC98CF","createddate":"2016-03-15 17:22:08.0000000","dbh":"0","planteddate":null,"updateddate":"2017-04-28 10:14:05.0000000","geometry":"POINT(-74.14699969064324 40.5426845549448)","genusspecies":"Unknown - Unknown"}},{"type":"Feature","geometry":{"type":"Point","coordinates":[-74.15532166164962,40.53909123244046]},"properties":{"tpcondition":"Critical","stumpdiameter":"2","riskratingdate":"2022-02-18 17:49:00.0000000","riskrating":"8","objectid":"2941383","globalid":"419A2F50-465F-48D3-88DC-8B84A2C0CF02","tpstructure":"Retired","plantingspaceglobalid":"CF6540E1-4EFF-4BBB-9059-06DB8A9C8924","createddate":"2016-03-15 17:22:00.0000000","dbh":"2","planteddate":null,"updateddate":"2024-01-18 17:23:00.0000000","geometry":"POINT(-74.15532166164962 40.53909123244046)","genusspecies":"Syringa reticulata - Japanese tree lilac"}},{"type":"Feature","geometry":{"type":"Point","coordinates":[-74.15522673624807,40.538994583156736]},"properties":{"tpcondition":"Fair","stumpdiameter":"0","riskratingdate":null,"riskrating":null,"objectid":"2941384","globalid":"9FF827B2-7A57-43A3-B0A7-9F61D2CBEBD4","tpstructure":"Full","plantingspaceglobalid":"30E9EE3A-C915-4776-B922-9094A3F674DC","createddate":"2016-03-15 17:22:08.0000000","dbh":"13","planteddate":null,"updateddate":"2017-04-06 11:08:06.0000000","geometry":"POINT(-74.15522673624807 40.538994583156736)","genusspecies":"Pyrus calleryana - Callery pear"}},{"type":"Feature","geometry":{"type":"Point","coordinates":[-74.15511239652454,40.53887816417777]},"properties":{"tpcondition":"Fair","stumpdiameter":"0","riskratingdate":null,"riskrating":null,"objectid":"2941385","globalid":"0737BB3A-7E19-4D84-8ADF-E07C1455C913","tpstructure":"Full","plantingspaceglobalid":"BBD72C49-A47C-472E-BF90-BAEB89D83BD7","createddate":"2016-03-15 17:22:09.0000000","dbh":"2","planteddate":null,"updateddate":"2017-04-06 11:06:51.0000000","geometry":"POINT(-74.15511239652454 40.53887816417777)","genusspecies":"Syringa reticulata - Japanese tree lilac"}},{"type":"Feature","geometry":{"type":"Point","coordinates":[-74.15506493409211,40.5388298394585]},"properties":{"tpcondition":"Dead","stumpdiameter":null,"riskratingdate":"2023-06-29 13:44:00.0000000","riskrating":"5","objectid":"2941386","globalid":"C4A8F400-CF06-4538-96A3-A8FA56EC963E","tpstructure":"Retired","plantingspaceglobalid":"BD6EAA07-3C4F-40D8-B7DD-136E7600CCA0","createddate":"2016-03-15 17:22:00.0000000","dbh":"2","planteddate":null,"updateddate":"2024-01-18 17:23:00.0000000","geometry":"POINT(-74.15506493409211 40.5388298394585)","genusspecies":"Unknown - Unknown"}},{"type":"Feature","geometry":{"type":"Point","coordinates":[-74.15453555215053,40.5383526926263]},"properties":{"tpcondition":"Fair","stumpdiameter":null,"riskratingdate":"2025-09-30 22:21:56.0000000","riskrating":"8","objectid":"2941387","globalid":"A302A6D6-5AF6-4894-8CC8-9BBEC0D6537F","tpstructure":"Full","plantingspaceglobalid":"B15646EC-82E1-4168-8FC8-4407E5AF8981","createddate":"2016-03-15 17:22:09.0000000","dbh":"16","planteddate":null,"updateddate":"2025-09-30 22:21:56.0000000","geometry":"POINT(-74.15453555215053 40.5383526926263)","genusspecies":"Zelkova serrata - Japanese zelkova"}},{"type":"Feature","geometry":{"type":"Point","coordinates":[-74.15440312747704,40.538276966311244]},"properties":{"tpcondition":"Fair","stumpdiameter":"0","riskratingdate":null,"riskrating":null,"objectid":"2941388","globalid":"D21E2C43-4AEC-4001-9F96-E1BD25916996","tpstructure":"Full","plantingspaceglobalid":"2A2528EB-B47F-4579-80B8-424FC01C161C","createddate":"2016-03-15 17:22:09.0000000","dbh":"22","planteddate":null,"updateddate":"2017-04-06 10:57:47.0000000","geometry":"POINT(-74.15440312747704 40.538276966311244)","genusspecies":"Acer - maple"}},{"type":"Feature","geometry":{"type":"Point","coordinates":[-74.15409509589182,40.53810081694233]},"properties":{"tpcondition":"Fair","stumpdiameter":null,"riskratingdate":"2022-06-17 14:46:21.0000000","riskrating":"6","objectid":"2941389","globalid":"879BEAAC-54B0-4F10-AE82-EC64E50505BF","tpstructure":"Full","plantingspaceglobalid":"8AEFA629-8B03-4794-83A9-CDEADD133E04","createddate":"2016-03-15 17:22:10.0000000","dbh":"7","planteddate":null,"updateddate":"2022-06-17 14:46:21.0000000","geometry":"POINT(-74.15409509589182 40.53810081694233)","genusspecies":"Fraxinus pennsylvanica 'Leprechaun' - 'Leprechaun' Green ash"}},{"type":"Feature","geometry":{"type":"Point","coordinates":[-74.15403176223879,40.538064600009015]},"properties":{"tpcondition":"Fair","stumpdiameter":null,"riskratingdate":"2025-08-25 14:57:46.0000000","riskrating":"6","objectid":"2941390","globalid":"816515EE-2A3C-42E8-88D8-7B98FEFCF819","tpstructure":"Full","plantingspaceglobalid":"3823D3EA-9028-4F1F-90A4-6B4E134C08B2","createddate":"2016-03-15 17:22:10.0000000","dbh":"7","planteddate":null,"updateddate":"2025-08-25 14:57:46.0000000","geometry":"POINT(-74.15403176223879 40.538064600009015)","genusspecies":"Fraxinus pennsylvanica 'Leprechaun' - 'Leprechaun' Green ash"}},{"type":"Feature","geometry":{"type":"Point","coordinates":[-74.15378706593307,40.53792466788825]},"properties":{"tpcondition":"Fair","stumpdiameter":"0","riskratingdate":null,"riskrating":null,"objectid":"2941391","globalid":"6C32A567-4D98-4FC9-AE8B-4564410765E2","tpstructure":"Full","plantingspaceglobalid":"134059DD-334E-4C8F-BE1F-B182995E45F6","createddate":"2016-03-15 17:22:10.0000000","dbh":"2","planteddate":null,"updateddate":"2017-04-06 10:52:39.0000000","geometry":"POINT(-74.15378706593307 40.53792466788825)","genusspecies":"Prunus serrulata 'Green leaf' - 'Green leaf' Japanese flowering cherry"}},{"type":"Feature","geometry":{"type":"Point","coordinates":[-74.1537208536561,40.53788680374616]},"properties":{"tpcondition":"Fair","stumpdiameter":"0","riskratingdate":null,"riskrating":null,"objectid":"2941392","globalid":"7C35F524-7993-403E-A485-1F93F179140A","tpstructure":"Full","plantingspaceglobalid":"526E3927-538F-49F7-8162-31375C331156","createddate":"2016-03-15 17:22:10.0000000","dbh":"2","planteddate":null,"updateddate":"2017-04-06 10:52:11.0000000","geometry":"POINT(-74.1537208536561 40.53788680374616)","genusspecies":"Prunus serrulata 'Green leaf' - 'Green leaf' Japanese flowering cherry"}},{"type":"Feature","geometry":{"type":"Point","coordinates":[-74.1481184742684,40.544072236155465]},"properties":{"tpcondition":"Fair","stumpdiameter":null,"riskratingdate":"2025-07-10 18:47:16.0000000","riskrating":"6","objectid":"2941393","globalid":"A07693DD-20FA-4C2B-8695-A76FBC06EB01","tpstructure":"Full","plantingspaceglobalid":"EFDA8E30-5882-467E-A702-BA4ED127147A","createddate":"2016-03-15 17:22:10.0000000","dbh":"12","planteddate":null,"updateddate":"2025-07-10 18:47:16.0000000","geometry":"POINT(-74.1481184742684 40.544072236155465)","genusspecies":"Zelkova serrata - Japanese zelkova"}},{"type":"Feature","geometry":{"type":"Point","coordinates":[-74.14816863533281,40.544011998232484]},"properties":{"tpcondition":"Fair","stumpdiameter":null,"riskratingdate":"2025-07-10 18:48:42.0000000","riskrating":"6","objectid":"2941394","globalid":"3AD51AD1-5B55-4EE8-994E-1C4D1522A273","tpstructure":"Full","plantingspaceglobalid":"74E181BE-A15D-4974-84F3-F4C558F4C830","createddate":"2016-03-15 17:22:11.0000000","dbh":"16","planteddate":null,"updateddate":"2025-07-10 18:48:42.0000000","geometry":"POINT(-74.14816863533281 40.544011998232484)","genusspecies":"Zelkova serrata - Japanese zelkova"}},{"type":"Feature","geometry":{"type":"Point","coordinates":[-74.14834998547794,40.54379421175295]},"properties":{"tpcondition":"Fair","stumpdiameter":null,"riskratingdate":"2025-07-10 18:53:58.0000000","riskrating":"9","objectid":"2941395","globalid":"8557697F-DDE3-493B-8C81-B3A19EE19E9C","tpstructure":"Full","plantingspaceglobalid":"A529E487-8E52-492A-87B9-C8EA67BA7B76","createddate":"2016-03-15 17:22:11.0000000","dbh":"27","planteddate":null,"updateddate":"2025-07-10 18:53:58.0000000","geometry":"POINT(-74.14834998547794 40.54379421175295)","genusspecies":"Platanus x acerifolia - London planetree"}},{"type":"Feature","geometry":{"type":"Point","coordinates":[-74.14839242945304,40.5437432405892]},"properties":{"tpcondition":"Fair","stumpdiameter":null,"riskratingdate":"2025-07-10 18:55:36.0000000","riskrating":"6","objectid":"2941396","globalid":"FDE33D19-1AF6-4249-923D-291FF8EE3BC9","tpstructure":"Full","plantingspaceglobalid":"579BF788-67EC-40E9-B67A-1CD935A154B7","createddate":"2016-03-15 17:22:00.0000000","dbh":"14","planteddate":null,"updateddate":"2025-07-10 18:55:36.0000000","geometry":"POINT(-74.14839242945304 40.5437432405892)","genusspecies":"Acer platanoides - Norway maple"}},{"type":"Feature","geometry":{"type":"Point","coordinates":[-74.14843680215134,40.54368995155024]},"properties":{"tpcondition":"Excellent","stumpdiameter":null,"riskratingdate":"2025-07-10 19:00:00.0000000","riskrating":"3","objectid":"2941397","globalid":"37FD64FD-AD1C-41DD-B3D0-ECFB5BF51432","tpstructure":"Full","plantingspaceglobalid":"37BABBCC-4089-4844-BDA7-500362A9D87F","createddate":"2016-03-15 17:22:11.0000000","dbh":"5","planteddate":null,"updateddate":"2025-07-10 19:00:00.0000000","geometry":"POINT(-74.14843680215134 40.54368995155024)","genusspecies":"Syringa pekinensis - Peking tree lilac"}},{"type":"Feature","geometry":{"type":"Point","coordinates":[-74.14853712304196,40.54356947540022]},"properties":{"tpcondition":"Excellent","stumpdiameter":null,"riskratingdate":"2025-07-10 19:00:39.0000000","riskrating":"3","objectid":"2941398","globalid":"250AA2E8-54EE-4AE0-86CC-EF2BF8C84907","tpstructure":"Full","plantingspaceglobalid":"4F6B96C4-FF1A-4CFD-A474-E3B6A5562597","createddate":"2016-03-15 17:22:11.0000000","dbh":"5","planteddate":null,"updateddate":"2025-07-10 19:00:39.0000000","geometry":"POINT(-74.14853712304196 40.54356947540022)","genusspecies":"Syringa pekinensis - Peking tree lilac"}},{"type":"Feature","geometry":{"type":"Point","coordinates":[-74.14875512639603,40.54330766776626]},"properties":{"tpcondition":"Fair","stumpdiameter":null,"riskratingdate":"2025-07-10 19:09:56.0000000","riskrating":"6","objectid":"2941399","globalid":"A4B8D5E2-9EF2-4EDD-ABFD-DE8398200A7C","tpstructure":"Full","plantingspaceglobalid":"98EC474E-FC92-4092-9860-44D7B4AC38F3","createddate":"2016-03-15 17:22:12.0000000","dbh":"35","planteddate":null,"updateddate":"2025-07-10 19:09:56.0000000","geometry":"POINT(-74.14875512639603 40.54330766776626)","genusspecies":"Platanus x acerifolia - London planetree"}},{"type":"Feature","geometry":{"type":"Point","coordinates":[-74.14898277405497,40.54303427608567]},"properties":{"tpcondition":"Fair","stumpdiameter":null,"riskratingdate":"2025-07-10 13:49:34.0000000","riskrating":"6","objectid":"2941400","globalid":"EB3E2DC2-7A12-47E2-AE60-1BCF93D7F345","tpstructure":"Full","plantingspaceglobalid":"2749B132-ADD8-446C-8DF7-329B4A8F8779","createddate":"2016-03-15 17:22:12.0000000","dbh":"30","planteddate":null,"updateddate":"2025-07-10 13:49:34.0000000","geometry":"POINT(-74.14898277405497 40.54303427608567)","genusspecies":"Platanus x acerifolia - London planetree"}},{"type":"Feature","geometry":{"type":"Point","coordinates":[-74.14904257954973,40.54296245243239]},"properties":{"tpcondition":"Fair","stumpdiameter":null,"riskratingdate":"2025-07-10 13:47:55.0000000","riskrating":"6","objectid":"2941401","globalid":"D74C18F0-FEBD-4397-BF7C-0FE45D729838","tpstructure":"Full","plantingspaceglobalid":"0355601F-B6A5-41DC-8BCA-83E80A793056","createddate":"2016-03-15 17:22:12.0000000","dbh":"9","planteddate":null,"updateddate":"2025-07-10 13:47:55.0000000","geometry":"POINT(-74.14904257954973 40.54296245243239)","genusspecies":"Cercis canadensis - eastern redbud"}},{"type":"Feature","geometry":{"type":"Point","coordinates":[-74.14909273819602,40.54290221295766]},"properties":{"tpcondition":"Fair","stumpdiameter":null,"riskratingdate":"2025-07-10 13:46:32.0000000","riskrating":"6","objectid":"2941402","globalid":"138BE9FD-D163-41D6-B159-2015EF11A000","tpstructure":"Full","plantingspaceglobalid":"11C5CB5E-53CE-4B08-BD25-0058B4262E3A","createddate":"2016-03-15 17:22:12.0000000","dbh":"42","planteddate":null,"updateddate":"2025-07-10 13:46:32.0000000","geometry":"POINT(-74.14909273819602 40.54290221295766)","genusspecies":"Platanus x acerifolia - London planetree"}},{"type":"Feature","geometry":{"type":"Point","coordinates":[-74.15356731958916,40.53827906165587]},"properties":{"tpcondition":"Poor","stumpdiameter":null,"riskratingdate":"2022-09-22 17:03:00.0000000","riskrating":"9","objectid":"2941403","globalid":"9384E7AB-CAEF-41A7-AAE7-BB2593797048","tpstructure":"Retired","plantingspaceglobalid":"773F1759-7B88-4D25-9805-E0000A0BF646","createddate":"2016-03-15 17:22:00.0000000","dbh":"20","planteddate":null,"updateddate":"2023-07-05 17:14:00.0000000","geometry":"POINT(-74.15356731958916 40.53827906165587)","genusspecies":"Acer - maple"}},{"type":"Feature","geometry":{"type":"Point","coordinates":[-74.1536343277818,40.538347080633876]},"properties":{"tpcondition":"Fair","stumpdiameter":"0","riskratingdate":null,"riskrating":null,"objectid":"2941404","globalid":"736A9833-3709-4FEE-B920-D5C3094D9482","tpstructure":"Full","plantingspaceglobalid":"58C9F5F6-DC83-40E7-B69E-B80D63FAFCE0","createddate":"2016-03-15 17:22:12.0000000","dbh":"17","planteddate":null,"updateddate":"2017-04-06 10:23:22.0000000","geometry":"POINT(-74.1536343277818 40.538347080633876)","genusspecies":"Acer - maple"}},{"type":"Feature","geometry":{"type":"Point","coordinates":[-74.15371646919496,40.5384304588637]},"properties":{"tpcondition":"Good","stumpdiameter":"4","riskratingdate":"2022-09-15 13:40:24.0000000","riskrating":"8","objectid":"2941405","globalid":"8DBABA83-1F15-4422-B321-75141ED5789A","tpstructure":"Stump","plantingspaceglobalid":"0B13DFB0-59BA-4B8E-914A-E8ECBB978678","createddate":"2016-03-15 17:22:13.0000000","dbh":null,"planteddate":null,"updateddate":"2022-09-15 13:40:24.0000000","geometry":"POINT(-74.15371646919496 40.5384304588637)","genusspecies":"Koelreuteria paniculata - goldenrain tree"}},{"type":"Feature","geometry":{"type":"Point","coordinates":[-74.1538612965736,40.53857746710327]},"properties":{"tpcondition":"Fair","stumpdiameter":"0","riskratingdate":null,"riskrating":null,"objectid":"2941406","globalid":"B87EA235-AABA-4337-86B9-CEF1EE3CA428","tpstructure":"Retired","plantingspaceglobalid":"9B8EC7D2-6F36-45FE-8AE8-175D27C4C10F","createddate":"2016-03-15 17:22:13.0000000","dbh":"2","planteddate":null,"updateddate":"2023-06-29 13:34:27.0000000","geometry":"POINT(-74.1538612965736 40.53857746710327)","genusspecies":"Koelreuteria paniculata - goldenrain tree"}},{"type":"Feature","geometry":{"type":"Point","coordinates":[-74.15393911414219,40.53865645697332]},"properties":{"tpcondition":"Fair","stumpdiameter":"0","riskratingdate":null,"riskrating":null,"objectid":"2941407","globalid":"095A3595-3924-4CAE-A1EB-B31E0E75C6D3","tpstructure":"Full","plantingspaceglobalid":"87418BF8-FE21-4F5F-8C77-E72C066DA9C6","createddate":"2016-03-15 17:22:13.0000000","dbh":"2","planteddate":null,"updateddate":"2017-04-06 10:20:58.0000000","geometry":"POINT(-74.15393911414219 40.53865645697332)","genusspecies":"Carpinus betulus - European hornbeam"}},{"type":"Feature","geometry":{"type":"Point","coordinates":[-74.15397802262068,40.53869595188887]},"properties":{"tpcondition":"Good","stumpdiameter":"0","riskratingdate":null,"riskrating":null,"objectid":"2941408","globalid":"1A94B05F-8AFB-48D6-B32F-7E9030BFEF31","tpstructure":"Full","plantingspaceglobalid":"D82C1F92-0073-41B4-8042-97CAA15EC8A1","createddate":"2016-03-15 17:22:13.0000000","dbh":"10","planteddate":null,"updateddate":"2017-04-06 10:20:36.0000000","geometry":"POINT(-74.15397802262068 40.53869595188887)","genusspecies":"Quercus palustris - pin oak"}},{"type":"Feature","geometry":{"type":"Point","coordinates":[-74.15401044601228,40.53872886392765]},"properties":{"tpcondition":"Fair","stumpdiameter":"0","riskratingdate":null,"riskrating":null,"objectid":"2941409","globalid":"A6F122D1-68F6-485B-BEB5-BAD3500465F6","tpstructure":"Full","plantingspaceglobalid":"A72F37BB-B0FF-4DF8-9BB4-D8EE475590A7","createddate":"2016-03-15 17:22:13.0000000","dbh":"10","planteddate":null,"updateddate":"2017-04-06 10:20:11.0000000","geometry":"POINT(-74.15401044601228 40.53872886392765)","genusspecies":"Quercus palustris - pin oak"}},{"type":"Feature","geometry":{"type":"Point","coordinates":[-74.154092588364,40.53881224188582]},"properties":{"tpcondition":"Fair","stumpdiameter":"0","riskratingdate":null,"riskrating":null,"objectid":"2941410","globalid":"A5EF0F13-7822-49C3-A5FF-87CECE3D1BE3","tpstructure":"Full","plantingspaceglobalid":"8E2213E4-3219-4FC2-AF3B-7477829635B7","createddate":"2016-03-15 17:22:14.0000000","dbh":"2","planteddate":null,"updateddate":"2017-04-06 10:17:49.0000000","geometry":"POINT(-74.154092588364 40.53881224188582)","genusspecies":"Platanus x acerifolia - London planetree"}},{"type":"Feature","geometry":{"type":"Point","coordinates":[-74.15418769974941,40.53890878377912]},"properties":{"tpcondition":"Poor","stumpdiameter":"0","riskratingdate":"2017-10-25 11:20:21.0000000","riskrating":"9","objectid":"2941411","globalid":"945CACE3-EF87-493D-B056-F4B8F004BE53","tpstructure":"Retired","plantingspaceglobalid":"CB7F2F50-5728-4B0A-987F-F68A6906D434","createddate":"2016-03-15 17:22:14.0000000","dbh":"5","planteddate":null,"updateddate":"2018-02-06 14:52:54.0000000","geometry":"POINT(-74.15418769974941 40.53890878377912)","genusspecies":"Pyrus calleryana - Callery pear"}},{"type":"Feature","geometry":{"type":"Point","coordinates":[-74.15427632622705,40.53899874388825]},"properties":{"tpcondition":"Poor","stumpdiameter":null,"riskratingdate":"2025-09-30 22:11:45.0000000","riskrating":"9","objectid":"2941412","globalid":"73A00C5D-8D8D-40B6-9BF9-7626F9B41595","tpstructure":"Full","plantingspaceglobalid":"F1739F97-0F01-4DC1-B25C-5E219CF2E67F","createddate":"2016-03-15 17:22:14.0000000","dbh":"17","planteddate":null,"updateddate":"2025-09-30 22:11:45.0000000","geometry":"POINT(-74.15427632622705 40.53899874388825)","genusspecies":"Liquidambar styraciflua - sweetgum"}},{"type":"Feature","geometry":{"type":"Point","coordinates":[-74.15445357989678,40.53917866332741]},"properties":{"tpcondition":"Good","stumpdiameter":"0","riskratingdate":null,"riskrating":null,"objectid":"2941413","globalid":"FE84C1BA-2D26-498E-86CF-0AED2B55F470","tpstructure":"Full","plantingspaceglobalid":"8D7AB863-44D9-420C-A140-704A6B3E6899","createddate":"2016-03-15 17:22:14.0000000","dbh":"6","planteddate":null,"updateddate":"2017-04-06 10:14:26.0000000","geometry":"POINT(-74.15445357989678 40.53917866332741)","genusspecies":"Carpinus caroliniana - American hornbeam"}},{"type":"Feature","geometry":{"type":"Point","coordinates":[-74.15454004709531,40.53926642971162]},"properties":{"tpcondition":"Dead","stumpdiameter":null,"riskratingdate":"2022-07-27 16:45:00.0000000","riskrating":"6","objectid":"2941414","globalid":"696DA36F-7A26-4808-8C8A-CBE45656501C","tpstructure":"Stump","plantingspaceglobalid":"F5CA570F-D764-44AF-AE5D-BC51B1646843","createddate":"2016-03-15 17:22:00.0000000","dbh":"2","planteddate":null,"updateddate":"2024-06-18 17:01:00.0000000","geometry":"POINT(-74.15454004709531 40.53926642971162)","genusspecies":"Koelreuteria paniculata - goldenrain tree"}},{"type":"Feature","geometry":{"type":"Point","coordinates":[-74.15458976452442,40.539316894854224]},"properties":{"tpcondition":"Fair","stumpdiameter":"0","riskratingdate":null,"riskrating":null,"objectid":"2941415","globalid":"9E222CD3-D030-494E-84AE-99C6408C8967","tpstructure":"Full","plantingspaceglobalid":"FBFC6B70-86AF-400D-B469-0544BADF64E3","createddate":"2016-03-15 17:22:15.0000000","dbh":"13","planteddate":null,"updateddate":"2017-04-06 10:12:25.0000000","geometry":"POINT(-74.15458976452442 40.539316894854224)","genusspecies":"Platanus x acerifolia - London planetree"}},{"type":"Feature","geometry":{"type":"Point","coordinates":[-74.15471514067818,40.53944415465568]},"properties":{"tpcondition":"Fair","stumpdiameter":"0","riskratingdate":null,"riskrating":null,"objectid":"2941416","globalid":"63BEB29B-D443-419F-880C-4B83EE2D1C6E","tpstructure":"Full","plantingspaceglobalid":"3AE40941-1578-4636-AD01-AC5E3F327979","createddate":"2016-03-15 17:22:15.0000000","dbh":"2","planteddate":null,"updateddate":"2017-04-06 10:11:17.0000000","geometry":"POINT(-74.15471514067818 40.53944415465568)","genusspecies":"Koelreuteria paniculata - goldenrain tree"}},{"type":"Feature","geometry":{"type":"Point","coordinates":[-74.14915252672749,40.541828811248436]},"properties":{"tpcondition":"Good","stumpdiameter":null,"riskratingdate":"2025-07-11 13:33:47.0000000","riskrating":"5","objectid":"2941417","globalid":"C8784EA0-FB01-4AEC-B46E-CAE97B87CF6B","tpstructure":"Full","plantingspaceglobalid":"96C5E4F2-013C-4109-B9AE-0DD0C689D137","createddate":"2016-03-15 17:22:15.0000000","dbh":"5","planteddate":null,"updateddate":"2025-07-11 13:33:47.0000000","geometry":"POINT(-74.14915252672749 40.541828811248436)","genusspecies":"Pyrus calleryana - Callery pear"}},{"type":"Feature","geometry":{"type":"Point","coordinates":[-74.14917517746143,40.54181115839179]},"properties":{"tpcondition":"Fair","stumpdiameter":null,"riskratingdate":"2025-07-11 13:33:04.0000000","riskrating":"5","objectid":"2941418","globalid":"81520468-A3F9-4791-97DC-E2F95F92DF44","tpstructure":"Full","plantingspaceglobalid":"B550A8B9-353F-4987-B9FF-6A6F7CE83EFA","createddate":"2016-03-15 17:22:15.0000000","dbh":"9","planteddate":null,"updateddate":"2025-07-11 13:33:04.0000000","geometry":"POINT(-74.14917517746143 40.54181115839179)","genusspecies":"Prunus serrulata 'Green leaf' - 'Green leaf' Japanese flowering cherry"}},{"type":"Feature","geometry":{"type":"Point","coordinates":[-74.14919783042959,40.54179350438406]},"properties":{"tpcondition":"Fair","stumpdiameter":null,"riskratingdate":"2025-07-11 13:32:19.0000000","riskrating":"6","objectid":"2941419","globalid":"01E41E4D-3558-4F07-B789-8E0159CEE42A","tpstructure":"Full","plantingspaceglobalid":"DF018385-2AD3-4AEF-AE99-78B200EC46F0","createddate":"2016-03-15 17:22:16.0000000","dbh":"8","planteddate":null,"updateddate":"2025-07-11 13:32:19.0000000","geometry":"POINT(-74.14919783042959 40.54179350438406)","genusspecies":"Fraxinus americana - white ash"}},{"type":"Feature","geometry":{"type":"Point","coordinates":[-74.14951242736687,40.54154831766181]},"properties":{"tpcondition":"Fair","stumpdiameter":null,"riskratingdate":"2025-07-11 13:29:29.0000000","riskrating":"7","objectid":"2941420","globalid":"7B978CF5-5BC8-4E22-B401-33BBBEF07121","tpstructure":"Full","plantingspaceglobalid":"D527B2A4-9064-44E5-BCDF-E81AD7FDC56F","createddate":"2016-03-15 17:22:16.0000000","dbh":"18","planteddate":null,"updateddate":"2025-07-11 13:29:29.0000000","geometry":"POINT(-74.14951242736687 40.54154831766181)","genusspecies":"Liquidambar styraciflua - sweetgum"}},{"type":"Feature","geometry":{"type":"Point","coordinates":[-74.14957786256748,40.54149731839534]},"properties":{"tpcondition":"Poor","stumpdiameter":"0","riskratingdate":"2018-08-21 12:15:33.0000000","riskrating":"7","objectid":"2941421","globalid":"2C3FD4BA-A5C2-4E25-82FE-DECBBA110C4C","tpstructure":"Retired","plantingspaceglobalid":"DA3D7F80-68A6-4237-93A8-24BFDBEBF9A8","createddate":"2016-03-15 17:22:16.0000000","dbh":"4","planteddate":null,"updateddate":"2024-03-27 18:50:13.0000000","geometry":"POINT(-74.14957786256748 40.54149731839534)","genusspecies":"Prunus serrulata 'Not Green leaf' - 'Not Green leaf' Japanese flowering cherry"}},{"type":"Feature","geometry":{"type":"Point","coordinates":[-74.15001577826192,40.5411560159589]},"properties":{"tpcondition":"Fair","stumpdiameter":null,"riskratingdate":"2025-07-11 13:26:53.0000000","riskrating":"6","objectid":"2941422","globalid":"7757CB00-F664-4B18-A06A-E7014E46F137","tpstructure":"Full","plantingspaceglobalid":"8E7D3191-A769-4D84-BF54-68DB8728AA13","createddate":"2016-03-15 17:22:16.0000000","dbh":"16","planteddate":null,"updateddate":"2025-07-11 13:26:53.0000000","geometry":"POINT(-74.15001577826192 40.5411560159589)","genusspecies":"Quercus phellos - willow oak"}},{"type":"Feature","geometry":{"type":"Point","coordinates":[-74.15061053886168,40.54123593780126]},"properties":{"tpcondition":"Fair","stumpdiameter":null,"riskratingdate":"2025-07-11 13:21:47.0000000","riskrating":"6","objectid":"2941423","globalid":"8F669B85-55F2-401B-B2D4-CA57BD5CBF8A","tpstructure":"Full","plantingspaceglobalid":"9C292E1F-8F3C-4E77-B23C-C1869685C11B","createddate":"2016-03-15 17:22:17.0000000","dbh":"13","planteddate":null,"updateddate":"2025-07-11 13:21:47.0000000","geometry":"POINT(-74.15061053886168 40.54123593780126)","genusspecies":"Fraxinus pennsylvanica - Green ash"}},{"type":"Feature","geometry":{"type":"Point","coordinates":[-74.1506645837727,40.54127621797792]},"properties":{"tpcondition":"Fair","stumpdiameter":null,"riskratingdate":"2025-07-11 13:20:21.0000000","riskrating":"6","objectid":"2941424","globalid":"DD1EE88E-1DF5-4EAB-B57C-4F27FFC63922","tpstructure":"Full","plantingspaceglobalid":"B1A00826-90ED-4D0A-B86B-DD41733095C9","createddate":"2016-03-15 17:22:17.0000000","dbh":"15","planteddate":null,"updateddate":"2025-07-11 13:20:21.0000000","geometry":"POINT(-74.1506645837727 40.54127621797792)","genusspecies":"Fraxinus pennsylvanica - Green ash"}},{"type":"Feature","geometry":{"type":"Point","coordinates":[-74.15075466002024,40.54134335230965]},"properties":{"tpcondition":"Fair","stumpdiameter":null,"riskratingdate":"2025-07-11 13:18:32.0000000","riskrating":"6","objectid":"2941425","globalid":"CC84E84D-C842-4F1B-824F-B2FA3B149B55","tpstructure":"Full","plantingspaceglobalid":"DF99625B-EA74-41DE-9A13-6028E7BC5DA0","createddate":"2016-03-15 17:22:17.0000000","dbh":"14","planteddate":null,"updateddate":"2025-07-11 13:18:32.0000000","geometry":"POINT(-74.15075466002024 40.54134335230965)","genusspecies":"Acer platanoides - Norway maple"}},{"type":"Feature","geometry":{"type":"Point","coordinates":[-74.15458083987805,40.53952336052324]},"properties":{"tpcondition":"Good","stumpdiameter":"0","riskratingdate":null,"riskrating":null,"objectid":"2941426","globalid":"47870CAB-835D-4E41-AC3A-0C015D078E90","tpstructure":"Full","plantingspaceglobalid":"8955D53A-C095-4CD2-866D-87DB433D3CED","createddate":"2016-03-15 17:22:17.0000000","dbh":"24","planteddate":null,"updateddate":null,"geometry":"POINT(-74.15458083987805 40.53952336052324)","genusspecies":"Liquidambar styraciflua - sweetgum"}},{"type":"Feature","geometry":{"type":"Point","coordinates":[-74.15443259370088,40.53933018026256]},"properties":{"tpcondition":"Good","stumpdiameter":null,"riskratingdate":"2023-08-11 16:17:00.0000000","riskrating":"6","objectid":"2941427","globalid":"B682D370-315E-4FF9-A5B9-84BB84243A31","tpstructure":"Full","plantingspaceglobalid":"1410E5CB-701E-457B-96D8-9CA33EFE1889","createddate":"2016-03-15 17:22:17.0000000","dbh":"18","planteddate":null,"updateddate":"2023-08-11 16:17:00.0000000","geometry":"POINT(-74.15443259370088 40.53933018026256)","genusspecies":"Platanus x acerifolia - London planetree"}},{"type":"Feature","geometry":{"type":"Point","coordinates":[-74.15439141979468,40.53928855102262]},"properties":{"tpcondition":"Dead","stumpdiameter":"0","riskratingdate":null,"riskrating":null,"objectid":"2941428","globalid":"633D9472-7357-4540-A479-9C4FBA69CE46","tpstructure":"Retired","plantingspaceglobalid":"D481DD2B-D3E3-4C1E-B38E-5887DEFE5662","createddate":"2016-03-15 17:22:00.0000000","dbh":"5","planteddate":null,"updateddate":"2024-03-28 17:46:50.0000000","geometry":"POINT(-74.15439141979468 40.53928855102262)","genusspecies":"Prunus cerasifera - cherry plum"}},{"type":"Feature","geometry":{"type":"Point","coordinates":[-74.15430473868085,40.539200908331054]},"properties":{"tpcondition":"Dead","stumpdiameter":"6","riskratingdate":"2020-07-09 17:08:00.0000000","riskrating":"5","objectid":"2941429","globalid":"EE117B3F-C24E-424F-96AC-9067D603E03E","tpstructure":"Stump","plantingspaceglobalid":"9D3C809E-D413-4CA9-BC01-FF17BD3CA86E","createddate":"2016-03-15 17:22:00.0000000","dbh":"5","planteddate":null,"updateddate":"2020-11-02 19:33:57.0000000","geometry":"POINT(-74.15430473868085 40.539200908331054)","genusspecies":"Cornus mas - Cornelian cherry"}},{"type":"Feature","geometry":{"type":"Point","coordinates":[-74.15422672467504,40.53912203048284]},"properties":{"tpcondition":"Dead","stumpdiameter":"14","riskratingdate":"2020-07-14 15:32:00.0000000","riskrating":"8","objectid":"2941430","globalid":"BB9AE779-9BC3-4ED1-8389-16FAF84F0580","tpstructure":"Retired","plantingspaceglobalid":"E58A0987-3FBF-4562-96D1-BCADDC31D14C","createddate":"2016-03-15 17:22:00.0000000","dbh":"0","planteddate":null,"updateddate":"2024-01-18 17:10:00.0000000","geometry":"POINT(-74.15422672467504 40.53912203048284)","genusspecies":"Acer - maple"}},{"type":"Feature","geometry":{"type":"Point","coordinates":[-74.15410537133783,40.53899933200784]},"properties":{"tpcondition":"Fair","stumpdiameter":null,"riskratingdate":"2025-04-11 16:09:18.0000000","riskrating":"7","objectid":"2941431","globalid":"C2F34E12-4C5D-42C3-A1AE-D11E89AAE726","tpstructure":"Full","plantingspaceglobalid":"2B8AD66A-F602-49F6-9161-6E6802AE1E6B","createddate":"2016-03-15 17:22:18.0000000","dbh":"17","planteddate":null,"updateddate":"2025-04-11 16:09:18.0000000","geometry":"POINT(-74.15410537133783 40.53899933200784)","genusspecies":"Liquidambar styraciflua - sweetgum"}},{"type":"Feature","geometry":{"type":"Point","coordinates":[-74.15405769771196,40.53895112953009]},"properties":{"tpcondition":"Fair","stumpdiameter":null,"riskratingdate":"2022-10-31 18:05:00.0000000","riskrating":"6","objectid":"2941432","globalid":"447EB194-907A-4699-9EE0-ED499D2B79F0","tpstructure":"Full","plantingspaceglobalid":"DE773A55-A88B-4B82-A2B2-946AB9F6C37F","createddate":"2016-03-15 17:22:18.0000000","dbh":"11","planteddate":null,"updateddate":"2022-10-31 18:05:00.0000000","geometry":"POINT(-74.15405769771196 40.53895112953009)","genusspecies":"Liquidambar styraciflua - sweetgum"}},{"type":"Feature","geometry":{"type":"Point","coordinates":[-74.15401002340269,40.538902925889644]},"properties":{"tpcondition":"Fair","stumpdiameter":null,"riskratingdate":"2022-10-31 18:04:00.0000000","riskrating":"7","objectid":"2941433","globalid":"0F9E6B37-F915-4767-B9F6-A9342DCB0EB2","tpstructure":"Full","plantingspaceglobalid":"CD50E68A-508D-46CC-B406-24014A0EF944","createddate":"2016-03-15 17:22:18.0000000","dbh":"15","planteddate":null,"updateddate":"2022-10-31 18:04:00.0000000","geometry":"POINT(-74.15401002340269 40.538902925889644)","genusspecies":"Liquidambar styraciflua - sweetgum"}},{"type":"Feature","geometry":{"type":"Point","coordinates":[-74.15389083830648,40.53878241727253]},"properties":{"tpcondition":"Fair","stumpdiameter":"0","riskratingdate":null,"riskrating":null,"objectid":"2941434","globalid":"96036671-2CF3-4FAE-A4DB-E12E28AA9DF2","tpstructure":"Full","plantingspaceglobalid":"5327E955-2BD1-4439-8DC5-8446F6517AB5","createddate":"2016-03-15 17:22:19.0000000","dbh":"12","planteddate":null,"updateddate":"2017-04-06 10:19:45.0000000","geometry":"POINT(-74.15389083830648 40.53878241727253)","genusspecies":"Liquidambar styraciflua - sweetgum"}},{"type":"Feature","geometry":{"type":"Point","coordinates":[-74.15374998224927,40.53863999846252]},"properties":{"tpcondition":"Good","stumpdiameter":"0","riskratingdate":null,"riskrating":null,"objectid":"2941435","globalid":"DC02A1B7-A721-4171-9E1F-A654959569A3","tpstructure":"Full","plantingspaceglobalid":"3A23037B-B28B-4389-9B8B-8FEA6685D333","createddate":"2016-03-15 17:22:19.0000000","dbh":"16","planteddate":null,"updateddate":"2017-04-06 10:21:34.0000000","geometry":"POINT(-74.15374998224927 40.53863999846252)","genusspecies":"Quercus palustris - pin oak"}},{"type":"Feature","geometry":{"type":"Point","coordinates":[-74.15346394084729,40.53835077954838]},"properties":{"tpcondition":"Fair","stumpdiameter":"0","riskratingdate":null,"riskrating":null,"objectid":"2941436","globalid":"2278CEA4-782C-467D-8543-37256A4A4908","tpstructure":"Full","plantingspaceglobalid":"636BF742-A780-4A46-95E0-AA362652D4F7","createddate":"2016-03-15 17:22:19.0000000","dbh":"26","planteddate":null,"updateddate":"2017-04-06 10:24:45.0000000","geometry":"POINT(-74.15346394084729 40.53835077954838)","genusspecies":"Quercus palustris - pin oak"}},{"type":"Feature","geometry":{"type":"Point","coordinates":[-74.1534336022326,40.53832010388185]},"properties":{"tpcondition":"Fair","stumpdiameter":"0","riskratingdate":null,"riskrating":null,"objectid":"2941437","globalid":"CD4C8E0E-0CB0-4CEB-BE07-7D6D66D073BB","tpstructure":"Full","plantingspaceglobalid":"A676510E-0304-4054-9BA5-F117FA2E8486","createddate":"2016-03-15 17:22:19.0000000","dbh":"6","planteddate":null,"updateddate":"2017-04-06 10:25:05.0000000","geometry":"POINT(-74.1534336022326 40.53832010388185)","genusspecies":"Pyrus calleryana - Callery pear"}},{"type":"Feature","geometry":{"type":"Point","coordinates":[-74.1532862488994,40.538171111913066]},"properties":{"tpcondition":"Good","stumpdiameter":null,"riskratingdate":"2022-01-13 16:32:49.0000000","riskrating":"5","objectid":"2941438","globalid":"A684A1D5-EFF5-48F8-950B-1E0AF4328CF5","tpstructure":"Full","plantingspaceglobalid":"2639D577-15BB-42FE-9FC1-A234728E720B","createddate":"2016-03-15 17:22:19.0000000","dbh":"21","planteddate":null,"updateddate":"2022-01-13 16:32:49.0000000","geometry":"POINT(-74.1532862488994 40.538171111913066)","genusspecies":"Platanus x acerifolia - London planetree"}},{"type":"Feature","geometry":{"type":"Point","coordinates":[-74.15322124021773,40.538105379697896]},"properties":{"tpcondition":"Dead","stumpdiameter":"15","riskratingdate":"2022-08-25 12:28:03.0000000","riskrating":"8","objectid":"2941439","globalid":"FC44F024-58B3-4C3C-B2C5-78F7BF77F28F","tpstructure":"Stump","plantingspaceglobalid":"6B412441-AA8A-415F-B4E7-B99103EBFE9B","createddate":"2016-03-15 17:22:20.0000000","dbh":"13","planteddate":null,"updateddate":"2023-05-04 14:45:37.0000000","geometry":"POINT(-74.15322124021773 40.538105379697896)","genusspecies":"Acer - maple"}},{"type":"Feature","geometry":{"type":"Point","coordinates":[-74.15297401693466,40.5378618049425]},"properties":{"tpcondition":"Fair","stumpdiameter":"0","riskratingdate":null,"riskrating":null,"objectid":"2941440","globalid":"71CE54A6-956F-4BE5-9A86-F406BFF321FB","tpstructure":"Full","plantingspaceglobalid":"C318B17C-3F07-4A75-A50F-1BC016E62E6F","createddate":"2016-03-15 17:22:20.0000000","dbh":"30","planteddate":null,"updateddate":"2017-04-06 10:28:06.0000000","geometry":"POINT(-74.15297401693466 40.5378618049425)","genusspecies":"Quercus palustris - pin oak"}},{"type":"Feature","geometry":{"type":"Point","coordinates":[-74.15267290760904,40.53755375924126]},"properties":{"tpcondition":"Fair","stumpdiameter":"0","riskratingdate":null,"riskrating":null,"objectid":"2941441","globalid":"BABB75CC-945E-4252-996C-DEBE535A7C31","tpstructure":"Full","plantingspaceglobalid":"69713968-1FF2-4DA4-8085-C84AB5890AE3","createddate":"2016-03-15 17:22:20.0000000","dbh":"2","planteddate":null,"updateddate":"2017-04-06 10:30:52.0000000","geometry":"POINT(-74.15267290760904 40.53755375924126)","genusspecies":"Prunus cerasifera - cherry plum"}},{"type":"Feature","geometry":{"type":"Point","coordinates":[-74.15249439468575,40.53737113278278]},"properties":{"tpcondition":"Fair","stumpdiameter":"0","riskratingdate":null,"riskrating":null,"objectid":"2941442","globalid":"A2F53EEE-7A5C-4D43-B9DD-919270923B9F","tpstructure":"Full","plantingspaceglobalid":"88AD7633-C44B-425D-A98E-EB731CC374F3","createddate":"2016-03-15 17:22:20.0000000","dbh":"4","planteddate":null,"updateddate":"2017-04-06 10:31:12.0000000","geometry":"POINT(-74.15249439468575 40.53737113278278)","genusspecies":"Prunus serrulata 'Green leaf' - 'Green leaf' Japanese flowering cherry"}},{"type":"Feature","geometry":{"type":"Point","coordinates":[-74.15244492730254,40.537320524581595]},"properties":{"tpcondition":"Fair","stumpdiameter":"0","riskratingdate":null,"riskrating":null,"objectid":"2941443","globalid":"7D66AE34-3FEA-4A11-9649-6D582543845E","tpstructure":"Full","plantingspaceglobalid":"C5F709C6-0DE9-4DBC-82C8-717AC95B2CC6","createddate":"2016-03-15 17:22:20.0000000","dbh":"4","planteddate":null,"updateddate":"2017-04-06 10:31:34.0000000","geometry":"POINT(-74.15244492730254 40.537320524581595)","genusspecies":"Prunus serrulata 'Green leaf' - 'Green leaf' Japanese flowering cherry"}},{"type":"Feature","geometry":{"type":"Point","coordinates":[-74.1524255715973,40.53730072183756]},"properties":{"tpcondition":"Fair","stumpdiameter":"0","riskratingdate":null,"riskrating":null,"objectid":"2941444","globalid":"6192673F-20E4-48F3-BD90-41EC41F6F4AA","tpstructure":"Full","plantingspaceglobalid":"C77216E3-1595-4FB9-8B0F-688B1DA79A11","createddate":"2016-03-15 17:22:21.0000000","dbh":"5","planteddate":null,"updateddate":"2017-04-06 10:32:01.0000000","geometry":"POINT(-74.1524255715973 40.53730072183756)","genusspecies":"Acer - maple"}},{"type":"Feature","geometry":{"type":"Point","coordinates":[-74.15224080570636,40.537111350462965]},"properties":{"tpcondition":"Fair","stumpdiameter":null,"riskratingdate":"2021-11-30 15:35:58.0000000","riskrating":"6","objectid":"2941445","globalid":"51350582-0D57-4FF8-A76D-3BFD58150CE2","tpstructure":"Full","plantingspaceglobalid":"07DF6214-1B9D-48D2-9D99-C5430A619481","createddate":"2016-03-15 17:22:21.0000000","dbh":"16","planteddate":null,"updateddate":"2021-11-30 15:35:58.0000000","geometry":"POINT(-74.15224080570636 40.537111350462965)","genusspecies":"Acer - maple"}},{"type":"Feature","geometry":{"type":"Point","coordinates":[-74.1521187976515,40.536985600568975]},"properties":{"tpcondition":"Good","stumpdiameter":"0","riskratingdate":"2020-05-01 19:09:23.0000000","riskrating":"3","objectid":"2941446","globalid":"E5343FE8-721D-4FA3-A316-8CDD0D80ED40","tpstructure":"Full","plantingspaceglobalid":"28E4BD45-1E00-4E7B-8C55-656FD27C5976","createddate":"2016-03-15 17:22:21.0000000","dbh":"9","planteddate":null,"updateddate":"2020-05-01 19:09:23.0000000","geometry":"POINT(-74.1521187976515 40.536985600568975)","genusspecies":"Prunus serrulata 'Green leaf' - 'Green leaf' Japanese flowering cherry"}},{"type":"Feature","geometry":{"type":"Point","coordinates":[-74.15197011812715,40.53688662722842]},"properties":{"tpcondition":"Fair","stumpdiameter":"0","riskratingdate":null,"riskrating":null,"objectid":"2941447","globalid":"413AFFB4-7BA2-4CE2-AB2C-5963B3AE7D1D","tpstructure":"Full","plantingspaceglobalid":"1EC882F7-0E5A-48D0-9D8D-9726C04673ED","createddate":"2016-03-15 17:22:21.0000000","dbh":"7","planteddate":null,"updateddate":"2017-04-06 10:33:50.0000000","geometry":"POINT(-74.15197011812715 40.53688662722842)","genusspecies":"Prunus cerasifera - cherry plum"}},{"type":"Feature","geometry":{"type":"Point","coordinates":[-74.15191264845201,40.53685359621635]},"properties":{"tpcondition":"Fair","stumpdiameter":"0","riskratingdate":null,"riskrating":null,"objectid":"2941448","globalid":"AB445FC8-CAC7-4EA4-B148-5B901BCCAFE9","tpstructure":"Full","plantingspaceglobalid":"4DD3FE38-A678-4912-9979-941293D422D0","createddate":"2016-03-15 17:22:21.0000000","dbh":"4","planteddate":null,"updateddate":"2017-04-06 10:34:15.0000000","geometry":"POINT(-74.15191264845201 40.53685359621635)","genusspecies":"Prunus cerasifera - cherry plum"}},{"type":"Feature","geometry":{"type":"Point","coordinates":[-74.15184368356799,40.536813959079936]},"properties":{"tpcondition":"Fair","stumpdiameter":"0","riskratingdate":null,"riskrating":null,"objectid":"2941449","globalid":"81547F94-26E3-414E-95BA-60581C4C11C4","tpstructure":"Full","plantingspaceglobalid":"9491ACA2-E167-4FD1-BD0C-97CBD25C4B3F","createddate":"2016-03-15 17:22:22.0000000","dbh":"2","planteddate":null,"updateddate":"2017-04-06 10:34:35.0000000","geometry":"POINT(-74.15184368356799 40.536813959079936)","genusspecies":"Prunus serotina - black cherry"}},{"type":"Feature","geometry":{"type":"Point","coordinates":[-74.15162529643013,40.53668844015731]},"properties":{"tpcondition":"Good","stumpdiameter":"0","riskratingdate":null,"riskrating":null,"objectid":"2941450","globalid":"803FEFE7-90F7-4608-A2D6-6C00C38B1DE5","tpstructure":"Retired","plantingspaceglobalid":"35C36030-5939-43AC-BEFE-31C61DB91200","createddate":"2016-03-15 17:22:22.0000000","dbh":"2","planteddate":null,"updateddate":"2023-01-26 14:43:01.0000000","geometry":"POINT(-74.15162529643013 40.53668844015731)","genusspecies":"Syringa reticulata - Japanese tree lilac"}},{"type":"Feature","geometry":{"type":"Point","coordinates":[-74.14867776567826,40.54062789419617]},"properties":{"tpcondition":"Fair","stumpdiameter":null,"riskratingdate":"2025-10-22 17:09:26.0000000","riskrating":"8","objectid":"2941451","globalid":"0BF82401-EBD7-481E-B16C-2FA6686F888F","tpstructure":"Full","plantingspaceglobalid":"28A7B86E-36DA-4AD1-AAC9-8D1BA6856935","createddate":"2016-03-15 17:22:22.0000000","dbh":"30","planteddate":null,"updateddate":"2025-10-22 17:09:26.0000000","geometry":"POINT(-74.14867776567826 40.54062789419617)","genusspecies":"Quercus palustris - pin oak"}},{"type":"Feature","geometry":{"type":"Point","coordinates":[-74.14848854463614,40.54084074390997]},"properties":{"tpcondition":"Poor","stumpdiameter":null,"riskratingdate":"2025-09-26 15:16:07.0000000","riskrating":"9","objectid":"2941452","globalid":"56022AC9-D6E6-4AA9-9735-EB268C45A447","tpstructure":"Full","plantingspaceglobalid":"BC5DDF14-3623-4AF5-A63F-095D0DC2DB6A","createddate":"2016-03-15 17:22:22.0000000","dbh":"25","planteddate":null,"updateddate":"2025-09-26 15:16:07.0000000","geometry":"POINT(-74.14848854463614 40.54084074390997)","genusspecies":"Quercus palustris - pin oak"}},{"type":"Feature","geometry":{"type":"Point","coordinates":[-74.1459460203418,40.54451268722641]},"properties":{"tpcondition":"Fair","stumpdiameter":null,"riskratingdate":"2025-07-18 20:02:34.0000000","riskrating":"5","objectid":"2941453","globalid":"F41D67F7-5A8E-4B27-87D8-257BFA126AFA","tpstructure":"Full","plantingspaceglobalid":"F993B41D-4847-4E5B-AA5D-097F00F681E8","createddate":"2016-03-15 17:22:22.0000000","dbh":"9","planteddate":null,"updateddate":"2025-07-18 20:02:34.0000000","geometry":"POINT(-74.1459460203418 40.54451268722641)","genusspecies":"Pyrus calleryana - Callery pear"}},{"type":"Feature","geometry":{"type":"Point","coordinates":[-74.14600524243927,40.544464742940924]},"properties":{"tpcondition":"Fair","stumpdiameter":null,"riskratingdate":"2025-07-18 20:02:04.0000000","riskrating":"5","objectid":"2941454","globalid":"C3C3C4FF-A438-4899-9A6C-9E3DF5EDDB87","tpstructure":"Full","plantingspaceglobalid":"441C7C36-FCB5-46D1-84A6-2801061D1C2D","createddate":"2016-03-15 17:22:23.0000000","dbh":"8","planteddate":null,"updateddate":"2025-07-18 20:02:04.0000000","geometry":"POINT(-74.14600524243927 40.544464742940924)","genusspecies":"Pyrus calleryana - Callery pear"}},{"type":"Feature","geometry":{"type":"Point","coordinates":[-74.14636304029426,40.54417508859401]},"properties":{"tpcondition":"Fair","stumpdiameter":null,"riskratingdate":"2025-07-18 12:11:19.0000000","riskrating":"6","objectid":"2941455","globalid":"DAABDC81-3859-4BED-9A1E-EF66177406E5","tpstructure":"Full","plantingspaceglobalid":"B5143AC6-505F-467B-A53A-B37E33FBBFA2","createddate":"2016-03-15 17:22:23.0000000","dbh":"14","planteddate":null,"updateddate":"2025-07-18 12:11:19.0000000","geometry":"POINT(-74.14636304029426 40.54417508859401)","genusspecies":"Acer rubrum - red maple"}},{"type":"Feature","geometry":{"type":"Point","coordinates":[-74.14640745661424,40.54413913036323]},"properties":{"tpcondition":"Dead","stumpdiameter":"15","riskratingdate":"2025-08-04 15:08:00.0000000","riskrating":"8","objectid":"2941456","globalid":"4EE19FFA-0E8F-4F12-BA92-71ECA01BAB81","tpstructure":"Stump","plantingspaceglobalid":"AEBC69DD-6116-4DF5-A88B-86B7301082E4","createddate":"2016-03-15 17:22:00.0000000","dbh":null,"planteddate":null,"updateddate":"2025-10-10 15:39:55.0000000","geometry":"POINT(-74.14640745661424 40.54413913036323)","genusspecies":"Acer saccharinum - silver maple"}},{"type":"Feature","geometry":{"type":"Point","coordinates":[-74.14645434066892,40.54410117668955]},"properties":{"tpcondition":"Dead","stumpdiameter":"15","riskratingdate":"2025-08-04 15:06:00.0000000","riskrating":"8","objectid":"2941457","globalid":"E87107B4-AEAA-471F-A0B4-0C8837707960","tpstructure":"Stump","plantingspaceglobalid":"5656342E-86C5-48AA-86EC-0FBA83097DD8","createddate":"2016-03-15 17:22:00.0000000","dbh":null,"planteddate":null,"updateddate":"2025-10-10 15:41:33.0000000","geometry":"POINT(-74.14645434066892 40.54410117668955)","genusspecies":"Acer saccharinum - silver maple"}},{"type":"Feature","geometry":{"type":"Point","coordinates":[-74.14655304265615,40.54402127099685]},"properties":{"tpcondition":"Fair","stumpdiameter":null,"riskratingdate":"2025-10-03 12:54:49.0000000","riskrating":"5","objectid":"2941458","globalid":"D344DE7A-A876-4649-A120-7AC55145FFB5","tpstructure":"Full","plantingspaceglobalid":"27121BC1-3F32-424A-8EB6-52DA1F0D4BB5","createddate":"2016-03-15 17:22:23.0000000","dbh":"15","planteddate":null,"updateddate":"2025-10-03 12:54:49.0000000","geometry":"POINT(-74.14655304265615 40.54402127099685)","genusspecies":"Liquidambar styraciflua - sweetgum"}},{"type":"Feature","geometry":{"type":"Point","coordinates":[-74.14666654950011,40.543929379487935]},"properties":{"tpcondition":"Fair","stumpdiameter":null,"riskratingdate":"2025-07-18 12:05:34.0000000","riskrating":"6","objectid":"2941459","globalid":"922BBD44-BF2A-401C-A583-A584F32EECC1","tpstructure":"Full","plantingspaceglobalid":"D60740C1-6C12-4154-89D9-DC993439187F","createddate":"2016-03-15 17:22:24.0000000","dbh":"8","planteddate":null,"updateddate":"2025-07-18 12:05:34.0000000","geometry":"POINT(-74.14666654950011 40.543929379487935)","genusspecies":"Pyrus calleryana - Callery pear"}},{"type":"Feature","geometry":{"type":"Point","coordinates":[-74.1470292771097,40.5436357281889]},"properties":{"tpcondition":"Fair","stumpdiameter":null,"riskratingdate":"2025-07-18 11:59:44.0000000","riskrating":"7","objectid":"2941460","globalid":"80F8A456-8825-49BA-B716-AE04A67345D2","tpstructure":"Full","plantingspaceglobalid":"526A0A1D-31E7-4623-9E2B-D2355A334ECB","createddate":"2016-03-15 17:22:24.0000000","dbh":"12","planteddate":null,"updateddate":"2025-07-18 11:59:44.0000000","geometry":"POINT(-74.1470292771097 40.5436357281889)","genusspecies":"Pyrus calleryana - Callery pear"}},{"type":"Feature","geometry":{"type":"Point","coordinates":[-74.1470662902419,40.54360576344868]},"properties":{"tpcondition":"Fair","stumpdiameter":null,"riskratingdate":"2025-07-18 11:58:32.0000000","riskrating":"8","objectid":"2941461","globalid":"C3833144-85FF-406A-9AC8-F16C95C9E07B","tpstructure":"Full","plantingspaceglobalid":"362502CE-E701-4729-99A2-3596EE44A92C","createddate":"2016-03-15 17:22:24.0000000","dbh":"15","planteddate":null,"updateddate":"2025-07-18 11:58:32.0000000","geometry":"POINT(-74.1470662902419 40.54360576344868)","genusspecies":"Pyrus calleryana - Callery pear"}},{"type":"Feature","geometry":{"type":"Point","coordinates":[-74.1526519205335,40.53848937790075]},"properties":{"tpcondition":"Fair","stumpdiameter":"0","riskratingdate":null,"riskrating":null,"objectid":"2941462","globalid":"A3C3E58D-9E76-4531-ABD2-39BED9D2F6A0","tpstructure":"Full","plantingspaceglobalid":"B18BF48C-BF52-498D-93F9-90DB894BEA82","createddate":"2016-03-15 17:22:24.0000000","dbh":"24","planteddate":null,"updateddate":"2017-04-04 12:34:58.0000000","geometry":"POINT(-74.1526519205335 40.53848937790075)","genusspecies":"Acer saccharinum - silver maple"}},{"type":"Feature","geometry":{"type":"Point","coordinates":[-74.15300034328902,40.53884240303984]},"properties":{"tpcondition":"Fair","stumpdiameter":"0","riskratingdate":null,"riskrating":null,"objectid":"2941463","globalid":"A6B32046-D0C4-4490-B859-A8BE1B57AA8A","tpstructure":"Full","plantingspaceglobalid":"DC57E3E9-659F-4798-A524-9CB160E1BF52","createddate":"2016-03-15 17:22:24.0000000","dbh":"14","planteddate":null,"updateddate":"2017-04-04 12:35:42.0000000","geometry":"POINT(-74.15300034328902 40.53884240303984)","genusspecies":"Platanus x acerifolia - London planetree"}},{"type":"Feature","geometry":{"type":"Point","coordinates":[-74.1531172075034,40.53896080902724]},"properties":{"tpcondition":"Fair","stumpdiameter":"0","riskratingdate":null,"riskrating":null,"objectid":"2941464","globalid":"A271DB75-2E59-4BBC-96DB-887445338864","tpstructure":"Full","plantingspaceglobalid":"66A4F7AB-F1F9-447E-BCE0-6E3B4FC740F8","createddate":"2016-03-15 17:22:25.0000000","dbh":"6","planteddate":null,"updateddate":"2017-04-04 12:36:02.0000000","geometry":"POINT(-74.1531172075034 40.53896080902724)","genusspecies":"Quercus palustris - pin oak"}},{"type":"Feature","geometry":{"type":"Point","coordinates":[-74.153201610028,40.539046324991105]},"properties":{"tpcondition":"Fair","stumpdiameter":"0","riskratingdate":null,"riskrating":null,"objectid":"2941465","globalid":"DBA6B6B8-901E-4ABF-B572-DD1D8401073A","tpstructure":"Full","plantingspaceglobalid":"09A2A3C9-D9FC-4179-9DF8-59854D4E5355","createddate":"2016-03-15 17:22:25.0000000","dbh":"12","planteddate":null,"updateddate":"2017-04-04 12:36:19.0000000","geometry":"POINT(-74.153201610028 40.539046324991105)","genusspecies":"Platanus x acerifolia - London planetree"}},{"type":"Feature","geometry":{"type":"Point","coordinates":[-74.15332929569124,40.53917569387217]},"properties":{"tpcondition":"Fair","stumpdiameter":"0","riskratingdate":null,"riskrating":null,"objectid":"2941466","globalid":"A4F4E3DD-F51C-4E29-86A4-3540FEF1DBD8","tpstructure":"Full","plantingspaceglobalid":"15FEEC93-ED80-4962-B7D4-ECB21C803918","createddate":"2016-03-15 17:22:25.0000000","dbh":"21","planteddate":null,"updateddate":"2017-04-04 12:37:09.0000000","geometry":"POINT(-74.15332929569124 40.53917569387217)","genusspecies":"Quercus palustris - pin oak"}},{"type":"Feature","geometry":{"type":"Point","coordinates":[-74.15364093637515,40.539491441814945]},"properties":{"tpcondition":"Fair","stumpdiameter":"0","riskratingdate":null,"riskrating":null,"objectid":"2941467","globalid":"16324047-1C7B-49B9-B4C9-C31304165A2F","tpstructure":"Full","plantingspaceglobalid":"DACD7B23-A87E-48F7-8C2D-8589FBB44FC8","createddate":"2016-03-15 17:22:25.0000000","dbh":"12","planteddate":null,"updateddate":"2017-04-04 12:40:25.0000000","geometry":"POINT(-74.15364093637515 40.539491441814945)","genusspecies":"Platanus x acerifolia - London planetree"}},{"type":"Feature","geometry":{"type":"Point","coordinates":[-74.15389414636559,40.539747986640286]},"properties":{"tpcondition":"Good","stumpdiameter":"0","riskratingdate":null,"riskrating":null,"objectid":"2941468","globalid":"A0D2367B-7A1F-4862-94C0-CC093FAB9437","tpstructure":"Full","plantingspaceglobalid":"34630284-28E1-4679-AA4F-63276FC90D64","createddate":"2016-03-15 17:22:25.0000000","dbh":"4","planteddate":null,"updateddate":"2017-04-04 12:42:24.0000000","geometry":"POINT(-74.15389414636559 40.539747986640286)","genusspecies":"Pyrus calleryana - Callery pear"}},{"type":"Feature","geometry":{"type":"Point","coordinates":[-74.15402183471001,40.53987735474397]},"properties":{"tpcondition":"Fair","stumpdiameter":"0","riskratingdate":null,"riskrating":null,"objectid":"2941469","globalid":"6824E281-E454-496F-91E4-92B13C7760AA","tpstructure":"Full","plantingspaceglobalid":"B9D9E028-770B-4365-AEFC-1EBF97462995","createddate":"2016-03-15 17:22:26.0000000","dbh":"4","planteddate":null,"updateddate":"2017-04-04 12:41:48.0000000","geometry":"POINT(-74.15402183471001 40.53987735474397)","genusspecies":"Pyrus calleryana - Callery pear"}},{"type":"Feature","geometry":{"type":"Point","coordinates":[-74.15404347664769,40.5398992813819]},"properties":{"tpcondition":"Good","stumpdiameter":"0","riskratingdate":null,"riskrating":null,"objectid":"2941470","globalid":"E623B334-E134-4C64-BA55-A86155B28E3B","tpstructure":"Full","plantingspaceglobalid":"5DB8CF3B-6E2B-4751-8170-894BEE6730FC","createddate":"2016-03-15 17:22:26.0000000","dbh":"4","planteddate":null,"updateddate":"2017-04-04 12:42:01.0000000","geometry":"POINT(-74.15404347664769 40.5398992813819)","genusspecies":"Pyrus calleryana - Callery pear"}},{"type":"Feature","geometry":{"type":"Point","coordinates":[-74.15411489529336,40.53997163954354]},"properties":{"tpcondition":"Fair","stumpdiameter":"0","riskratingdate":null,"riskrating":null,"objectid":"2941471","globalid":"2FD1CB67-F31E-441F-8423-D1A256F75158","tpstructure":"Full","plantingspaceglobalid":"5FF57133-C99B-4B81-BF68-1DC2203370D1","createddate":"2016-03-15 17:22:26.0000000","dbh":"4","planteddate":null,"updateddate":"2017-04-04 12:42:53.0000000","geometry":"POINT(-74.15411489529336 40.53997163954354)","genusspecies":"Pyrus calleryana - Callery pear"}},{"type":"Feature","geometry":{"type":"Point","coordinates":[-74.1463139299864,40.5439717478143]},"properties":{"tpcondition":"Dead","stumpdiameter":"6","riskratingdate":"2017-09-21 11:22:00.0000000","riskrating":"8","objectid":"2941472","globalid":"3B412977-880E-47E1-8D97-6AA523F97298","tpstructure":"Retired","plantingspaceglobalid":"0A5D5FE5-3A27-40D9-8BE8-61FF79CC7C95","createddate":"2016-03-15 17:22:00.0000000","dbh":"6","planteddate":null,"updateddate":"2019-10-08 19:15:00.0000000","geometry":"POINT(-74.1463139299864 40.5439717478143)","genusspecies":"Acer platanoides 'Not Green Leaf' - 'Not Green Leaf' Norway maple"}},{"type":"Feature","geometry":{"type":"Point","coordinates":[-74.14617973279869,40.543875719257905]},"properties":{"tpcondition":"Fair","stumpdiameter":null,"riskratingdate":"2025-07-18 12:16:53.0000000","riskrating":"6","objectid":"2941473","globalid":"0A9B4615-44B6-4FC7-9724-E23446D67C71","tpstructure":"Full","plantingspaceglobalid":"BC196C3B-D85B-408B-85A4-860AEB33AE2B","createddate":"2016-03-15 17:22:26.0000000","dbh":"8","planteddate":null,"updateddate":"2025-07-18 12:16:53.0000000","geometry":"POINT(-74.14617973279869 40.543875719257905)","genusspecies":"Acer platanoides - Norway maple"}},{"type":"Feature","geometry":{"type":"Point","coordinates":[-74.14603696128746,40.54377172661842]},"properties":{"tpcondition":"Good","stumpdiameter":null,"riskratingdate":"2025-07-18 12:18:46.0000000","riskrating":"4","objectid":"2941475","globalid":"9CBD8E44-D8A7-4E12-88B0-1D8F4337615F","tpstructure":"Full","plantingspaceglobalid":"6889DCC9-1AC5-4900-A48B-8E7E1B1223EC","createddate":"2016-03-15 17:22:27.0000000","dbh":"6","planteddate":null,"updateddate":"2025-07-18 12:18:46.0000000","geometry":"POINT(-74.14603696128746 40.54377172661842)","genusspecies":"Pyrus calleryana - Callery pear"}},{"type":"Feature","geometry":{"type":"Point","coordinates":[-74.14589325219039,40.54366794142529]},"properties":{"tpcondition":"Good","stumpdiameter":null,"riskratingdate":"2025-09-30 15:02:58.0000000","riskrating":"3","objectid":"2941476","globalid":"25BEF64B-DB77-4594-915E-E0944AABE079","tpstructure":"Full","plantingspaceglobalid":"943DB18B-0DDD-4F49-B0E6-EA6070AE0D02","createddate":"2016-03-15 17:22:27.0000000","dbh":"5","planteddate":null,"updateddate":"2025-09-30 15:02:58.0000000","geometry":"POINT(-74.14589325219039 40.54366794142529)","genusspecies":"Acer rubrum - red maple"}},{"type":"Feature","geometry":{"type":"Point","coordinates":[-74.14578612401881,40.54359057477703]},"properties":{"tpcondition":"Good","stumpdiameter":null,"riskratingdate":"2025-09-30 15:02:15.0000000","riskrating":"3","objectid":"2941477","globalid":"9F657E7B-7AA9-45D7-B97E-896746A98AD3","tpstructure":"Full","plantingspaceglobalid":"6DFFFD2F-AAAF-466C-9012-E78C6821C42E","createddate":"2016-03-15 17:22:27.0000000","dbh":"5","planteddate":null,"updateddate":"2025-09-30 15:02:15.0000000","geometry":"POINT(-74.14578612401881 40.54359057477703)","genusspecies":"Acer rubrum - red maple"}},{"type":"Feature","geometry":{"type":"Point","coordinates":[-74.14570512357167,40.543532077503706]},"properties":{"tpcondition":"Good","stumpdiameter":null,"riskratingdate":"2025-07-18 12:21:18.0000000","riskrating":"4","objectid":"2941478","globalid":"AE51678F-5A1C-4734-AD04-B2071A8E1F42","tpstructure":"Full","plantingspaceglobalid":"DDD647B6-074C-4BF4-904C-3B4D1639C87F","createddate":"2016-03-15 17:22:27.0000000","dbh":"10","planteddate":null,"updateddate":"2025-07-18 12:21:18.0000000","geometry":"POINT(-74.14570512357167 40.543532077503706)","genusspecies":"Tilia americana - American basswood"}},{"type":"Feature","geometry":{"type":"Point","coordinates":[-74.14516014936825,40.54321197263034]},"properties":{"tpcondition":"Fair","stumpdiameter":null,"riskratingdate":"2025-07-18 12:25:35.0000000","riskrating":"6","objectid":"2941480","globalid":"6B335F90-BD97-436C-975F-5DF4E3D7DA7A","tpstructure":"Full","plantingspaceglobalid":"DA97DE95-EC5C-4756-A6E0-D340B7519AA7","createddate":"2016-03-15 17:22:28.0000000","dbh":"12","planteddate":null,"updateddate":"2025-07-18 12:25:35.0000000","geometry":"POINT(-74.14516014936825 40.54321197263034)","genusspecies":"Liquidambar styraciflua - sweetgum"}},{"type":"Feature","geometry":{"type":"Point","coordinates":[-74.14511909714814,40.5432465622997]},"properties":{"tpcondition":"Good","stumpdiameter":"0","riskratingdate":null,"riskrating":null,"objectid":"2941481","globalid":"BD338BD0-8E64-44AE-9104-C0FA0F223FAD","tpstructure":"Retired","plantingspaceglobalid":"B1D24899-64EA-40DC-A676-B8F97C97CCC3","createddate":"2016-03-15 17:22:28.0000000","dbh":"9","planteddate":null,"updateddate":"2025-07-18 12:24:46.0000000","geometry":"POINT(-74.14511909714814 40.5432465622997)","genusspecies":"Liquidambar styraciflua - sweetgum"}},{"type":"Feature","geometry":{"type":"Point","coordinates":[-74.1450756288991,40.54328318674176]},"properties":{"tpcondition":"Fair","stumpdiameter":null,"riskratingdate":"2025-07-18 12:24:41.0000000","riskrating":"6","objectid":"2941482","globalid":"F9A7B017-EB60-43E0-8885-01FB5F14EA01","tpstructure":"Full","plantingspaceglobalid":"E1DFCAEF-CAE5-43F1-BDC2-6FF93EBB546D","createddate":"2016-03-15 17:22:28.0000000","dbh":"12","planteddate":null,"updateddate":"2025-07-18 12:24:41.0000000","geometry":"POINT(-74.1450756288991 40.54328318674176)","genusspecies":"Liquidambar styraciflua - sweetgum"}},{"type":"Feature","geometry":{"type":"Point","coordinates":[-74.1449911052539,40.54335440193803]},"properties":{"tpcondition":"Excellent","stumpdiameter":null,"riskratingdate":"2025-07-18 12:23:38.0000000","riskrating":"3","objectid":"2941483","globalid":"7B2EDDE8-6F9E-43B0-AE5B-34D9EB270E96","tpstructure":"Full","plantingspaceglobalid":"0783C49F-5E02-43F1-84E6-C512C1A10DDD","createddate":"2016-03-15 17:22:28.0000000","dbh":"4","planteddate":null,"updateddate":"2025-07-18 12:23:38.0000000","geometry":"POINT(-74.1449911052539 40.54335440193803)","genusspecies":"Acer campestre - hedge maple"}},{"type":"Feature","geometry":{"type":"Point","coordinates":[-74.14535194141355,40.542753009071745]},"properties":{"tpcondition":"Good","stumpdiameter":null,"riskratingdate":"2025-07-18 20:00:17.0000000","riskrating":"4","objectid":"2941484","globalid":"F7823297-28F7-4BAA-81E8-C49A07EFF6CD","tpstructure":"Full","plantingspaceglobalid":"5CC7A07D-8E01-48F3-9E47-53378A5FF82F","createddate":"2016-03-15 17:22:28.0000000","dbh":"8","planteddate":null,"updateddate":"2025-07-18 20:00:17.0000000","geometry":"POINT(-74.14535194141355 40.542753009071745)","genusspecies":"Prunus serrulata 'Green leaf' - 'Green leaf' Japanese flowering cherry"}},{"type":"Feature","geometry":{"type":"Point","coordinates":[-74.15258612815515,40.539582150451295]},"properties":{"tpcondition":"Fair","stumpdiameter":null,"riskratingdate":"2025-05-15 14:32:54.0000000","riskrating":"7","objectid":"2941485","globalid":"C389A196-66A4-47B8-AFED-92F6EFCA44AA","tpstructure":"Full","plantingspaceglobalid":"D2168CB8-BD7C-45A6-B1AC-03C0866BA7DE","createddate":"2016-03-15 17:22:29.0000000","dbh":"24","planteddate":null,"updateddate":"2025-05-15 14:32:54.0000000","geometry":"POINT(-74.15258612815515 40.539582150451295)","genusspecies":"Quercus palustris - pin oak"}},{"type":"Feature","geometry":{"type":"Point","coordinates":[-74.15233657933128,40.53931673155965]},"properties":{"tpcondition":"Fair","stumpdiameter":"0","riskratingdate":null,"riskrating":null,"objectid":"2941486","globalid":"FF50F338-AC36-4029-BB84-7D8F9A90F17F","tpstructure":"Full","plantingspaceglobalid":"012E2753-D57F-49C4-AAB1-355034000BE5","createddate":"2016-03-15 17:22:29.0000000","dbh":"9","planteddate":null,"updateddate":"2017-03-31 11:51:07.0000000","geometry":"POINT(-74.15233657933128 40.53931673155965)","genusspecies":"Acer - maple"}},{"type":"Feature","geometry":{"type":"Point","coordinates":[-74.15229564103757,40.53927496687566]},"properties":{"tpcondition":"Dead","stumpdiameter":"0","riskratingdate":null,"riskrating":null,"objectid":"2941487","globalid":"FF0AEC63-4BD4-4F29-81BF-027F44A0ABFA","tpstructure":"Retired","plantingspaceglobalid":"91AFAF02-77F8-41A5-9B9A-BF12034DE5C1","createddate":"2016-03-15 17:22:00.0000000","dbh":"11","planteddate":null,"updateddate":"2016-05-18 16:05:00.0000000","geometry":"POINT(-74.15229564103757 40.53927496687566)","genusspecies":"Acer ginnala - Amur maple"}},{"type":"Feature","geometry":{"type":"Point","coordinates":[-74.15226116833948,40.53923979545815]},"properties":{"tpcondition":"Fair","stumpdiameter":"0","riskratingdate":null,"riskrating":null,"objectid":"2941488","globalid":"0E40FCE1-B739-405D-9E95-465DFDFE1FED","tpstructure":"Full","plantingspaceglobalid":"20E20E70-2E44-4CF6-9D1E-E04A081C6F33","createddate":"2016-03-15 17:22:30.0000000","dbh":"9","planteddate":null,"updateddate":"2017-03-31 11:51:40.0000000","geometry":"POINT(-74.15226116833948 40.53923979545815)","genusspecies":"Acer - maple"}},{"type":"Feature","geometry":{"type":"Point","coordinates":[-74.15173913308358,40.53871619345564]},"properties":{"tpcondition":"Fair","stumpdiameter":"0","riskratingdate":null,"riskrating":null,"objectid":"2941489","globalid":"4167F642-779E-43E1-B01F-515CEE21D1FC","tpstructure":"Full","plantingspaceglobalid":"ABAFB708-B857-496A-A935-4E407B04E3AE","createddate":"2016-03-15 17:22:30.0000000","dbh":"2","planteddate":null,"updateddate":"2017-03-31 11:52:53.0000000","geometry":"POINT(-74.15173913308358 40.53871619345564)","genusspecies":"Prunus cerasifera - cherry plum"}},{"type":"Feature","geometry":{"type":"Point","coordinates":[-74.15137217924365,40.53839875889006]},"properties":{"tpcondition":"Fair","stumpdiameter":null,"riskratingdate":"2024-01-11 16:26:25.0000000","riskrating":"8","objectid":"2941490","globalid":"0B1D4FC5-ED24-48E1-952A-04E6FE4EF776","tpstructure":"Full","plantingspaceglobalid":"4705F8B0-B744-41FE-AEC5-D6E0F423D2C2","createddate":"2016-03-15 17:22:30.0000000","dbh":"34","planteddate":null,"updateddate":"2024-01-11 16:26:25.0000000","geometry":"POINT(-74.15137217924365 40.53839875889006)","genusspecies":"Quercus palustris - pin oak"}},{"type":"Feature","geometry":{"type":"Point","coordinates":[-74.15107178996668,40.53823330184867]},"properties":{"tpcondition":"Dead","stumpdiameter":"43","riskratingdate":"2023-08-16 18:33:00.0000000","riskrating":"10","objectid":"2941491","globalid":"FCB818F4-7A40-4828-BAE4-9185CC488D24","tpstructure":"Stump","plantingspaceglobalid":"1C5E73F1-8BBC-47D1-A5C4-5C0E2A3F0ACF","createddate":"2016-03-15 17:22:00.0000000","dbh":null,"planteddate":null,"updateddate":"2023-10-16 14:38:17.0000000","geometry":"POINT(-74.15107178996668 40.53823330184867)","genusspecies":"Quercus palustris - pin oak"}},{"type":"Feature","geometry":{"type":"Point","coordinates":[-74.15071772223867,40.53803572752032]},"properties":{"tpcondition":"Fair","stumpdiameter":"0","riskratingdate":null,"riskrating":null,"objectid":"2941492","globalid":"B63F40EB-D3D9-4C19-9C12-8D9309E3C0D2","tpstructure":"Full","plantingspaceglobalid":"3CC4620D-55E4-49C2-BB68-0A50D70DB556","createddate":"2016-03-15 17:22:31.0000000","dbh":"24","planteddate":null,"updateddate":"2017-03-31 11:56:16.0000000","geometry":"POINT(-74.15071772223867 40.53803572752032)","genusspecies":"Quercus palustris - pin oak"}},{"type":"Feature","geometry":{"type":"Point","coordinates":[-74.15060372746935,40.53796871658981]},"properties":{"tpcondition":"Good","stumpdiameter":null,"riskratingdate":"2023-08-03 14:30:09.0000000","riskrating":"7","objectid":"2941493","globalid":"D45683AE-B533-4082-B695-4968CDA4DFC8","tpstructure":"Full","plantingspaceglobalid":"9AE04422-100A-4B48-865C-E56F0775BC60","createddate":"2016-03-15 17:22:31.0000000","dbh":"27","planteddate":null,"updateddate":"2023-08-03 14:30:09.0000000","geometry":"POINT(-74.15060372746935 40.53796871658981)","genusspecies":"Quercus palustris - pin oak"}},{"type":"Feature","geometry":{"type":"Point","coordinates":[-74.15048118379245,40.53789667772521]},"properties":{"tpcondition":"Fair","stumpdiameter":"0","riskratingdate":null,"riskrating":null,"objectid":"2941494","globalid":"C35B40C5-7574-4FE0-B338-7C16915C39F7","tpstructure":"Full","plantingspaceglobalid":"CF9D50CF-CD54-479C-8AC2-86DC9AD5BBF6","createddate":"2016-03-15 17:22:31.0000000","dbh":"19","planteddate":null,"updateddate":"2017-03-31 11:57:40.0000000","geometry":"POINT(-74.15048118379245 40.53789667772521)","genusspecies":"Pyrus calleryana - Callery pear"}},{"type":"Feature","geometry":{"type":"Point","coordinates":[-74.15036444753234,40.537827906033606]},"properties":{"tpcondition":"Dead","stumpdiameter":"14","riskratingdate":"2018-09-05 10:33:00.0000000","riskrating":"6","objectid":"2941495","globalid":"6C31AFF1-B126-4971-ABB0-74586F9AC154","tpstructure":"Retired","plantingspaceglobalid":"596793CB-244E-4B30-B940-D069DD6E11A5","createddate":"2016-03-15 17:22:00.0000000","dbh":"14","planteddate":null,"updateddate":"2019-11-19 20:19:00.0000000","geometry":"POINT(-74.15036444753234 40.537827906033606)","genusspecies":"Prunus serrulata 'Green leaf' - 'Green leaf' Japanese flowering cherry"}},{"type":"Feature","geometry":{"type":"Point","coordinates":[-74.15026200408249,40.53776744546518]},"properties":{"tpcondition":"Fair","stumpdiameter":"0","riskratingdate":null,"riskrating":null,"objectid":"2941496","globalid":"48D2B540-BFE0-4C4E-A307-5F8DBB4E66AC","tpstructure":"Full","plantingspaceglobalid":"19067CBC-797F-48DA-A0BF-74CF27471286","createddate":"2016-03-15 17:22:31.0000000","dbh":"11","planteddate":null,"updateddate":"2017-03-31 11:58:57.0000000","geometry":"POINT(-74.15026200408249 40.53776744546518)","genusspecies":"Pyrus calleryana - Callery pear"}},{"type":"Feature","geometry":{"type":"Point","coordinates":[-74.15021078205426,40.537737216004786]},"properties":{"tpcondition":"Fair","stumpdiameter":null,"riskratingdate":"2024-08-23 16:11:06.0000000","riskrating":"8","objectid":"2941497","globalid":"16B6650E-2AA1-437B-99C6-CA48D02F6028","tpstructure":"Full","plantingspaceglobalid":"FA0C1B05-4A11-4376-B8E2-B41DB2B27556","createddate":"2016-03-15 17:22:32.0000000","dbh":"20","planteddate":null,"updateddate":"2024-08-23 16:11:06.0000000","geometry":"POINT(-74.15021078205426 40.537737216004786)","genusspecies":"Pyrus calleryana - Callery pear"}},{"type":"Feature","geometry":{"type":"Point","coordinates":[-74.14190150914972,40.54669236092317]},"properties":{"tpcondition":"Dead","stumpdiameter":"40","riskratingdate":"2019-04-17 14:08:00.0000000","riskrating":"9","objectid":"2941498","globalid":"16CABB7B-C2E6-42D6-802F-340F32DED08C","tpstructure":"Retired","plantingspaceglobalid":"12E9975D-3028-4A43-B58F-792A0D222A77","createddate":"2016-03-15 17:22:00.0000000","dbh":"40","planteddate":null,"updateddate":"2022-05-05 17:58:00.0000000","geometry":"POINT(-74.14190150914972 40.54669236092317)","genusspecies":"Quercus palustris - pin oak"}},{"type":"Feature","geometry":{"type":"Point","coordinates":[-74.14194948570851,40.54672555161872]},"properties":{"tpcondition":"Good","stumpdiameter":null,"riskratingdate":"2025-06-13 14:00:11.0000000","riskrating":"6","objectid":"2941499","globalid":"63AA9DFA-D90C-4EC6-B793-3E4DC8581FE4","tpstructure":"Full","plantingspaceglobalid":"462800A5-827B-4210-9048-E93B7AE5B302","createddate":"2016-03-15 17:22:32.0000000","dbh":"11","planteddate":null,"updateddate":"2025-06-13 14:00:11.0000000","geometry":"POINT(-74.14194948570851 40.54672555161872)","genusspecies":"Acer platanoides 'Crimson King' - 'Crimson King' Norway maple"}},{"type":"Feature","geometry":{"type":"Point","coordinates":[-74.14203743998445,40.54678640175034]},"properties":{"tpcondition":"Good","stumpdiameter":null,"riskratingdate":"2025-06-13 13:58:55.0000000","riskrating":"6","objectid":"2941500","globalid":"682BA762-89F6-4B13-A795-68BE112E8638","tpstructure":"Full","plantingspaceglobalid":"E439D4BD-890D-4D48-B7F7-B3A4D4C5BC69","createddate":"2016-03-15 17:22:32.0000000","dbh":"5","planteddate":null,"updateddate":"2025-06-13 13:58:55.0000000","geometry":"POINT(-74.14203743998445 40.54678640175034)","genusspecies":"Prunus serrulata 'Not Green leaf' - 'Not Green leaf' Japanese flowering cherry"}},{"type":"Feature","geometry":{"type":"Point","coordinates":[-74.14208275009786,40.54681774865711]},"properties":{"tpcondition":"Fair","stumpdiameter":null,"riskratingdate":"2025-06-13 13:58:16.0000000","riskrating":"6","objectid":"2941501","globalid":"F9AF4A30-E34F-444E-9181-58CADBCF61AD","tpstructure":"Full","plantingspaceglobalid":"0C8E6CA6-6B1C-4704-BD13-7FA026AE5701","createddate":"2016-03-15 17:22:32.0000000","dbh":"7","planteddate":null,"updateddate":"2025-06-13 13:58:16.0000000","geometry":"POINT(-74.14208275009786 40.54681774865711)","genusspecies":"Prunus serrulata 'Not Green leaf' - 'Not Green leaf' Japanese flowering cherry"}},{"type":"Feature","geometry":{"type":"Point","coordinates":[-74.14155548743047,40.54658466862256]},"properties":{"tpcondition":"Fair","stumpdiameter":null,"riskratingdate":"2025-06-16 15:00:35.0000000","riskrating":"7","objectid":"2941502","globalid":"926A1E70-1E21-402D-B4AA-DBEC0F242114","tpstructure":"Full","plantingspaceglobalid":"0A6DC9D4-BE41-4D80-88BA-F376A88096C5","createddate":"2016-03-15 17:22:33.0000000","dbh":"12","planteddate":null,"updateddate":"2025-06-16 15:00:35.0000000","geometry":"POINT(-74.14155548743047 40.54658466862256)","genusspecies":"Pyrus calleryana - Callery pear"}},{"type":"Feature","geometry":{"type":"Point","coordinates":[-74.14177491988443,40.54673513223933]},"properties":{"tpcondition":"Fair","stumpdiameter":null,"riskratingdate":"2025-06-16 14:59:13.0000000","riskrating":"6","objectid":"2941503","globalid":"0E649395-5123-4010-B9D0-6EBA27DC0183","tpstructure":"Full","plantingspaceglobalid":"83D3990B-616E-40F8-B79C-26AE65149493","createddate":"2016-03-15 17:22:33.0000000","dbh":"14","planteddate":null,"updateddate":"2025-06-16 14:59:13.0000000","geometry":"POINT(-74.14177491988443 40.54673513223933)","genusspecies":"Pyrus calleryana - Callery pear"}},{"type":"Feature","geometry":{"type":"Point","coordinates":[-74.14182308871759,40.54676815977677]},"properties":{"tpcondition":"Dead","stumpdiameter":"0","riskratingdate":"2016-08-26 13:32:29.0000000","riskrating":"11","objectid":"2941504","globalid":"013817AD-0C57-4587-86F4-34B3DE511F2E","tpstructure":"Retired","plantingspaceglobalid":"8684A52B-224B-4CE7-A172-B03E0AE96045","createddate":"2016-03-15 17:22:00.0000000","dbh":"19","planteddate":null,"updateddate":"2017-11-21 04:11:11.0000000","geometry":"POINT(-74.14182308871759 40.54676815977677)","genusspecies":"Pyrus calleryana - Callery pear"}},{"type":"Feature","geometry":{"type":"Point","coordinates":[-74.14181880975025,40.547090578355636]},"properties":{"tpcondition":"Fair","stumpdiameter":null,"riskratingdate":"2025-06-16 14:55:49.0000000","riskrating":"7","objectid":"2941505","globalid":"C440B41B-B676-47A0-BA23-60727542313D","tpstructure":"Full","plantingspaceglobalid":"8B0BF895-A241-4023-A11F-CF4F58F482EE","createddate":"2016-03-15 17:22:33.0000000","dbh":"8","planteddate":null,"updateddate":"2025-06-16 14:55:49.0000000","geometry":"POINT(-74.14181880975025 40.547090578355636)","genusspecies":"Prunus serrulata 'Green leaf' - 'Green leaf' Japanese flowering cherry"}},{"type":"Feature","geometry":{"type":"Point","coordinates":[-74.14163367081841,40.547228817818805]},"properties":{"tpcondition":"Dead","stumpdiameter":"15","riskratingdate":"2025-07-10 12:27:39.0000000","riskrating":"9","objectid":"2941506","globalid":"9AB84AD4-B15D-4B9C-A9A2-8C6CDB8CC29E","tpstructure":"Stump","plantingspaceglobalid":"90C6C2EF-8B72-436B-B1F9-127E96EB6226","createddate":"2016-03-15 17:22:34.0000000","dbh":"11","planteddate":null,"updateddate":"2025-07-21 15:12:48.0000000","geometry":"POINT(-74.14163367081841 40.547228817818805)","genusspecies":"Acer platanoides - Norway maple"}},{"type":"Feature","geometry":{"type":"Point","coordinates":[-74.14145421151547,40.54735594092215]},"properties":{"tpcondition":"Fair","stumpdiameter":null,"riskratingdate":"2025-06-16 14:52:52.0000000","riskrating":"6","objectid":"2941507","globalid":"8573611F-A452-4A57-AE90-0CCF30B71D32","tpstructure":"Full","plantingspaceglobalid":"7D0AFDCF-B99E-48DF-AB2D-443B560E2563","createddate":"2016-03-15 17:22:34.0000000","dbh":"13","planteddate":null,"updateddate":"2025-06-16 14:52:52.0000000","geometry":"POINT(-74.14145421151547 40.54735594092215)","genusspecies":"Acer saccharinum - silver maple"}},{"type":"Feature","geometry":{"type":"Point","coordinates":[-74.14142312331249,40.54737879948216]},"properties":{"tpcondition":"Fair","stumpdiameter":null,"riskratingdate":"2025-06-16 14:52:12.0000000","riskrating":"6","objectid":"2941508","globalid":"B00F25F6-DA4C-4C76-8938-CB1C73E90D83","tpstructure":"Full","plantingspaceglobalid":"9823ACE8-6A32-43E0-B731-A28F2E1D11DA","createddate":"2016-03-15 17:22:34.0000000","dbh":"14","planteddate":null,"updateddate":"2025-06-16 14:52:12.0000000","geometry":"POINT(-74.14142312331249 40.54737879948216)","genusspecies":"Acer saccharinum - silver maple"}},{"type":"Feature","geometry":{"type":"Point","coordinates":[-74.1413557667144,40.54742832566453]},"properties":{"tpcondition":"Critical","stumpdiameter":null,"riskratingdate":null,"riskrating":null,"objectid":"2941509","globalid":"A4D94047-60CF-4228-A2EE-8746FB0AF3BE","tpstructure":"Retired","plantingspaceglobalid":"3EAB6740-5EA1-49B5-8A1C-D04B8FD65EDD","createddate":"2016-03-15 17:22:00.0000000","dbh":"5","planteddate":null,"updateddate":"2024-03-27 17:48:09.0000000","geometry":"POINT(-74.1413557667144 40.54742832566453)","genusspecies":"Acer platanoides - Norway maple"}},{"type":"Feature","geometry":{"type":"Point","coordinates":[-74.14128581882741,40.54747975806625]},"properties":{"tpcondition":"Good","stumpdiameter":"0","riskratingdate":null,"riskrating":null,"objectid":"2941510","globalid":"C84BB9A6-43C3-427D-A6A4-BAB88895B29D","tpstructure":"Retired","plantingspaceglobalid":"11724056-7A75-4618-854F-3E1945702D9E","createddate":"2016-03-15 17:22:34.0000000","dbh":"18","planteddate":null,"updateddate":"2025-06-16 14:50:48.0000000","geometry":"POINT(-74.14128581882741 40.54747975806625)","genusspecies":"Liquidambar styraciflua - sweetgum"}},{"type":"Feature","geometry":{"type":"Point","coordinates":[-74.14119773694974,40.54754452221218]},"properties":{"tpcondition":"Good","stumpdiameter":null,"riskratingdate":"2025-06-16 14:50:02.0000000","riskrating":"6","objectid":"2941511","globalid":"9FD012BF-A8D1-4FB4-A397-6EA1CB61F3CA","tpstructure":"Full","plantingspaceglobalid":"E42F2944-E9BA-4990-B5DB-8776B62F4BB9","createddate":"2016-03-15 17:22:34.0000000","dbh":"5","planteddate":null,"updateddate":"2025-06-16 14:50:02.0000000","geometry":"POINT(-74.14119773694974 40.54754452221218)","genusspecies":"Pyrus calleryana - Callery pear"}},{"type":"Feature","geometry":{"type":"Point","coordinates":[-74.14117441991914,40.547561666510425]},"properties":{"tpcondition":"Good","stumpdiameter":null,"riskratingdate":"2025-06-16 14:49:34.0000000","riskrating":"5","objectid":"2941512","globalid":"FF5AA0A6-CC0C-4A87-BFB2-4CCAEDC70DFE","tpstructure":"Full","plantingspaceglobalid":"7BE228E4-1AC4-4C25-84FF-D55EF39B8F5C","createddate":"2016-03-15 17:22:35.0000000","dbh":"5","planteddate":null,"updateddate":"2025-06-16 14:49:34.0000000","geometry":"POINT(-74.14117441991914 40.547561666510425)","genusspecies":"Pyrus calleryana - Callery pear"}},{"type":"Feature","geometry":{"type":"Point","coordinates":[-74.14095162353824,40.54772548592933]},"properties":{"tpcondition":"Good","stumpdiameter":"0","riskratingdate":null,"riskrating":null,"objectid":"2941513","globalid":"F62AFE0D-6138-4D5D-AFB8-9C2E92968665","tpstructure":"Retired","plantingspaceglobalid":"716B7104-6FA9-4728-909F-01836AD5083C","createddate":"2016-03-15 17:22:35.0000000","dbh":"4","planteddate":null,"updateddate":"2025-06-16 14:48:49.0000000","geometry":"POINT(-74.14095162353824 40.54772548592933)","genusspecies":"Tilia americana - American basswood"}},{"type":"Feature","geometry":{"type":"Point","coordinates":[-74.1408220897838,40.54782072863418]},"properties":{"tpcondition":"Excellent","stumpdiameter":null,"riskratingdate":"2025-06-16 14:48:11.0000000","riskrating":"3","objectid":"2941514","globalid":"F2B5E08F-4945-47D7-B561-8D33CF01B3CB","tpstructure":"Full","plantingspaceglobalid":"A8D933D0-A4B6-4EB6-9E2D-E491DA252471","createddate":"2016-03-15 17:22:35.0000000","dbh":"3","planteddate":null,"updateddate":"2025-06-16 14:48:11.0000000","geometry":"POINT(-74.1408220897838 40.54782072863418)","genusspecies":"Amelanchier - serviceberry"}},{"type":"Feature","geometry":{"type":"Point","coordinates":[-74.14061483306219,40.54797311791687]},"properties":{"tpcondition":"Fair","stumpdiameter":null,"riskratingdate":"2025-06-16 14:47:32.0000000","riskrating":"5","objectid":"2941515","globalid":"062AB3A7-AC1C-46B9-9A63-9CF5C1412FC4","tpstructure":"Full","plantingspaceglobalid":"F0FE50C8-A526-4D28-A975-E2FE96EFF1CB","createddate":"2016-03-15 17:22:35.0000000","dbh":"12","planteddate":null,"updateddate":"2025-06-16 14:47:32.0000000","geometry":"POINT(-74.14061483306219 40.54797311791687)","genusspecies":"Zelkova serrata - Japanese zelkova"}},{"type":"Feature","geometry":{"type":"Point","coordinates":[-74.13866302245947,40.54831129641688]},"properties":{"tpcondition":"Dead","stumpdiameter":"0","riskratingdate":"2025-09-18 16:24:00.0000000","riskrating":"9","objectid":"2941516","globalid":"BDE9F6FF-8323-48AE-B319-2DB71034DA87","tpstructure":"Retired","plantingspaceglobalid":"2F013E09-F7A5-47FD-8B23-5B26A4D86653","createddate":"2016-03-15 17:22:00.0000000","dbh":"7","planteddate":null,"updateddate":"2025-10-14 12:33:00.0000000","geometry":"POINT(-74.13866302245947 40.54831129641688)","genusspecies":"Quercus falcata - southern red oak"}},{"type":"Feature","geometry":{"type":"Point","coordinates":[-74.13880707405299,40.54820381618216]},"properties":{"tpcondition":"Fair","stumpdiameter":null,"riskratingdate":"2025-08-07 15:43:51.0000000","riskrating":"6","objectid":"2941517","globalid":"CBE39921-D16E-4FE3-8C92-FCD2429667C7","tpstructure":"Full","plantingspaceglobalid":"49867A93-FB2E-4413-8A97-1D50C94A25D4","createddate":"2016-03-15 17:22:36.0000000","dbh":"12","planteddate":null,"updateddate":"2025-08-07 15:43:51.0000000","geometry":"POINT(-74.13880707405299 40.54820381618216)","genusspecies":"Quercus palustris - pin oak"}},{"type":"Feature","geometry":{"type":"Point","coordinates":[-74.13885337638722,40.54816926933358]},"properties":{"tpcondition":"Fair","stumpdiameter":null,"riskratingdate":"2025-08-08 02:20:03.0000000","riskrating":"6","objectid":"2941518","globalid":"33AC7757-C571-48B5-9CD6-8011EE9B0BE5","tpstructure":"Full","plantingspaceglobalid":"1224E212-CD5C-4A9D-B022-9B6357AF858F","createddate":"2016-03-15 17:22:36.0000000","dbh":"12","planteddate":null,"updateddate":"2025-08-08 02:20:03.0000000","geometry":"POINT(-74.13885337638722 40.54816926933358)","genusspecies":"Quercus palustris - pin oak"}},{"type":"Feature","geometry":{"type":"Point","coordinates":[-74.1388996779215,40.54813472132347]},"properties":{"tpcondition":"Good","stumpdiameter":null,"riskratingdate":"2025-08-08 02:21:16.0000000","riskrating":"6","objectid":"2941519","globalid":"FB3F1D0E-AC3E-4D6C-865A-4AECAA25069E","tpstructure":"Full","plantingspaceglobalid":"81F324C3-38D9-4B58-8DEF-ABAEC5434A63","createddate":"2016-03-15 17:22:36.0000000","dbh":"8","planteddate":null,"updateddate":"2025-08-08 02:21:16.0000000","geometry":"POINT(-74.1388996779215 40.54813472132347)","genusspecies":"Quercus palustris - pin oak"}},{"type":"Feature","geometry":{"type":"Point","coordinates":[-74.1389485526728,40.54809825567344]},"properties":{"tpcondition":"Fair","stumpdiameter":null,"riskratingdate":"2025-08-08 02:28:05.0000000","riskrating":"6","objectid":"2941520","globalid":"2EFAAFBC-26C5-46B7-BEFE-2B358AB22AD8","tpstructure":"Full","plantingspaceglobalid":"207BD671-ECBD-4067-94EA-573870C6B4F3","createddate":"2016-03-15 17:22:36.0000000","dbh":"14","planteddate":null,"updateddate":"2025-08-08 02:28:05.0000000","geometry":"POINT(-74.1389485526728 40.54809825567344)","genusspecies":"Quercus palustris - pin oak"}},{"type":"Feature","geometry":{"type":"Point","coordinates":[-74.13899485410872,40.548063707624756]},"properties":{"tpcondition":"Fair","stumpdiameter":null,"riskratingdate":"2025-08-08 02:30:05.0000000","riskrating":"6","objectid":"2941521","globalid":"A6A3C7EE-9500-41F3-8735-726012E318DC","tpstructure":"Full","plantingspaceglobalid":"3B140EFB-B902-4715-940D-D6821055CB34","createddate":"2016-03-15 17:22:36.0000000","dbh":"11","planteddate":null,"updateddate":"2025-08-08 02:30:05.0000000","geometry":"POINT(-74.13899485410872 40.548063707624756)","genusspecies":"Quercus palustris - pin oak"}},{"type":"Feature","geometry":{"type":"Point","coordinates":[-74.1398334234663,40.547438015115425]},"properties":{"tpcondition":"Good","stumpdiameter":null,"riskratingdate":"2025-08-07 15:37:00.0000000","riskrating":"6","objectid":"2941522","globalid":"4B452E6C-941B-47A7-B55B-DFBBE6071CD7","tpstructure":"Full","plantingspaceglobalid":"83C89703-5251-464D-8243-E3979B2BAFF4","createddate":"2016-03-15 17:22:37.0000000","dbh":"7","planteddate":null,"updateddate":"2025-08-07 15:37:00.0000000","geometry":"POINT(-74.1398334234663 40.547438015115425)","genusspecies":"Zelkova serrata - Japanese zelkova"}},{"type":"Feature","geometry":{"type":"Point","coordinates":[-74.13986943565187,40.54741114356092]},"properties":{"tpcondition":"Dead","stumpdiameter":"0","riskratingdate":null,"riskrating":null,"objectid":"2941523","globalid":"CDEFE003-8181-4B8C-8619-35D91F1BF324","tpstructure":"Retired","plantingspaceglobalid":"BCD65FD2-4B37-4BA4-AD35-6020443C9169","createddate":"2016-03-15 17:22:00.0000000","dbh":"4","planteddate":null,"updateddate":"2020-06-11 17:58:26.0000000","geometry":"POINT(-74.13986943565187 40.54741114356092)","genusspecies":"Zelkova serrata - Japanese zelkova"}},{"type":"Feature","geometry":{"type":"Point","coordinates":[-74.13990287535421,40.547386192496]},"properties":{"tpcondition":"Good","stumpdiameter":null,"riskratingdate":"2025-08-07 15:36:18.0000000","riskrating":"4","objectid":"2941524","globalid":"88A7FE16-B1BC-4390-B249-FB6F72C539C9","tpstructure":"Full","plantingspaceglobalid":"75EE52BE-E215-4AD6-A0B7-A1AEDB8CCBEC","createddate":"2016-03-15 17:22:37.0000000","dbh":"6","planteddate":null,"updateddate":"2025-08-07 15:36:18.0000000","geometry":"POINT(-74.13990287535421 40.547386192496)","genusspecies":"Zelkova serrata - Japanese zelkova"}},{"type":"Feature","geometry":{"type":"Point","coordinates":[-74.13993888673784,40.547359322635984]},"properties":{"tpcondition":"Good","stumpdiameter":null,"riskratingdate":"2025-08-07 15:35:29.0000000","riskrating":"4","objectid":"2941525","globalid":"4A9948CB-76E4-44C7-A1D9-F434EA1F1D6B","tpstructure":"Full","plantingspaceglobalid":"9178EC7A-44F1-48ED-9B0B-75D161FA5417","createddate":"2016-03-15 17:22:37.0000000","dbh":"6","planteddate":null,"updateddate":"2025-08-07 15:35:29.0000000","geometry":"POINT(-74.13993888673784 40.547359322635984)","genusspecies":"Zelkova serrata - Japanese zelkova"}},{"type":"Feature","geometry":{"type":"Point","coordinates":[-74.14046063131447,40.54696700239974]},"properties":{"tpcondition":"Dead","stumpdiameter":"0","riskratingdate":null,"riskrating":null,"objectid":"2941526","globalid":"8646349D-41C9-4892-9E44-DD8BBCA49AAB","tpstructure":"Retired","plantingspaceglobalid":"D07EC9DD-7A03-4C7D-9BAB-B31B34B9CA68","createddate":"2016-03-15 17:22:00.0000000","dbh":"2","planteddate":null,"updateddate":"2025-01-22 20:20:00.0000000","geometry":"POINT(-74.14046063131447 40.54696700239974)","genusspecies":"Prunus serrulata 'Green leaf' - 'Green leaf' Japanese flowering cherry"}},{"type":"Feature","geometry":{"type":"Point","coordinates":[-74.14083400905997,40.54668901407541]},"properties":{"tpcondition":"Poor","stumpdiameter":null,"riskratingdate":"2025-09-21 12:43:41.0000000","riskrating":"9","objectid":"2941527","globalid":"483B21E7-F548-49EE-B45A-24D9D86788EC","tpstructure":"Full","plantingspaceglobalid":"3853B22D-18B7-4610-9538-118F443DB767","createddate":"2016-03-15 17:22:37.0000000","dbh":"12","planteddate":null,"updateddate":"2025-09-21 12:43:41.0000000","geometry":"POINT(-74.14083400905997 40.54668901407541)","genusspecies":"Tilia cordata - littleleaf linden"}},{"type":"Feature","geometry":{"type":"Point","coordinates":[-74.14096275895064,40.54659315586833]},"properties":{"tpcondition":"Dead","stumpdiameter":null,"riskratingdate":"2024-03-11 12:39:34.0000000","riskrating":"3","objectid":"2941528","globalid":"B9FC96EE-F847-4721-ACD8-CA497CB170E9","tpstructure":"Retired","plantingspaceglobalid":"80C57AB9-9792-4C52-BCCB-FB8D69D84F92","createddate":"2016-03-15 17:22:38.0000000","dbh":"7","planteddate":null,"updateddate":"2025-08-06 15:17:39.0000000","geometry":"POINT(-74.14096275895064 40.54659315586833)","genusspecies":"Prunus cerasifera - cherry plum"}},{"type":"Feature","geometry":{"type":"Point","coordinates":[-74.14102198409083,40.54654906090675]},"properties":{"tpcondition":"Fair","stumpdiameter":null,"riskratingdate":"2025-08-06 15:16:41.0000000","riskrating":"6","objectid":"2941529","globalid":"9FE28DCB-AD42-4AC9-8583-0A44E30AA790","tpstructure":"Full","plantingspaceglobalid":"B7B09787-57F4-48CF-B6A7-ACE555DC46D9","createddate":"2016-03-15 17:22:38.0000000","dbh":"12","planteddate":null,"updateddate":"2025-08-06 15:16:41.0000000","geometry":"POINT(-74.14102198409083 40.54654906090675)","genusspecies":"Liquidambar styraciflua - sweetgum"}},{"type":"Feature","geometry":{"type":"Point","coordinates":[-74.14143125721684,40.546243167244675]},"properties":{"tpcondition":"Fair","stumpdiameter":null,"riskratingdate":"2025-08-06 14:47:55.0000000","riskrating":"6","objectid":"2941530","globalid":"73442DFC-4BFF-4DB2-AA72-8BCF78A023C9","tpstructure":"Full","plantingspaceglobalid":"AF4E86F2-4FDC-43E8-A614-A17BAF5EA748","createddate":"2016-03-15 17:22:38.0000000","dbh":"19","planteddate":null,"updateddate":"2025-08-06 14:47:55.0000000","geometry":"POINT(-74.14143125721684 40.546243167244675)","genusspecies":"Platanus x acerifolia - London planetree"}},{"type":"Feature","geometry":{"type":"Point","coordinates":[-74.14150094239477,40.546191528638225]},"properties":{"tpcondition":"Fair","stumpdiameter":null,"riskratingdate":"2025-08-06 14:46:47.0000000","riskrating":"6","objectid":"2941531","globalid":"E8253229-217D-4CCC-8992-D79FE5144A68","tpstructure":"Full","plantingspaceglobalid":"497B46D3-0468-4AEB-9A1D-EF08E5D89D4A","createddate":"2016-03-15 17:22:38.0000000","dbh":"15","planteddate":null,"updateddate":"2025-08-06 14:46:47.0000000","geometry":"POINT(-74.14150094239477 40.546191528638225)","genusspecies":"Platanus x acerifolia - London planetree"}},{"type":"Feature","geometry":{"type":"Point","coordinates":[-74.14157837008092,40.54613415407468]},"properties":{"tpcondition":"Good","stumpdiameter":null,"riskratingdate":"2025-08-06 14:45:31.0000000","riskrating":"6","objectid":"2941532","globalid":"09C5108B-25FA-492D-8E29-43DBC7EF6FA4","tpstructure":"Full","plantingspaceglobalid":"0BDC8E50-9AEF-47CF-93D1-F5576EB0BB61","createddate":"2016-03-15 17:22:38.0000000","dbh":"3","planteddate":null,"updateddate":"2025-08-06 14:45:31.0000000","geometry":"POINT(-74.14157837008092 40.54613415407468)","genusspecies":"Syringa reticulata - Japanese tree lilac"}},{"type":"Feature","geometry":{"type":"Point","coordinates":[-74.14163514969728,40.54609207810412]},"properties":{"tpcondition":"Good","stumpdiameter":null,"riskratingdate":"2025-08-06 14:44:58.0000000","riskrating":"6","objectid":"2941533","globalid":"E2EC3122-1C70-4C9D-9521-960E510E5CFF","tpstructure":"Full","plantingspaceglobalid":"E3304E80-929E-4586-88D9-1FF4BDE598DA","createddate":"2016-03-15 17:22:39.0000000","dbh":"7","planteddate":null,"updateddate":"2025-08-06 14:44:58.0000000","geometry":"POINT(-74.14163514969728 40.54609207810412)","genusspecies":"Ulmus pumila - Siberian elm"}},{"type":"Feature","geometry":{"type":"Point","coordinates":[-74.14172548171418,40.54602514014438]},"properties":{"tpcondition":"Fair","stumpdiameter":null,"riskratingdate":"2025-08-06 14:44:01.0000000","riskrating":"6","objectid":"2941534","globalid":"D6B31132-E3D3-4A40-BA00-7E163A6D1EB5","tpstructure":"Full","plantingspaceglobalid":"335E2F81-3D05-464B-B80C-66A734E5C638","createddate":"2016-03-15 17:22:39.0000000","dbh":"26","planteddate":null,"updateddate":"2025-08-06 14:44:01.0000000","geometry":"POINT(-74.14172548171418 40.54602514014438)","genusspecies":"Ailanthus altissima - tree of heaven"}},{"type":"Feature","geometry":{"type":"Point","coordinates":[-74.14180290901352,40.545967764856805]},"properties":{"tpcondition":"Fair","stumpdiameter":null,"riskratingdate":"2025-08-06 14:42:21.0000000","riskrating":"6","objectid":"2941535","globalid":"4A4484BD-971A-464F-A185-62471D8DF930","tpstructure":"Full","plantingspaceglobalid":"FCE1E56A-68A2-4961-9918-9FD2678F4F0B","createddate":"2016-03-15 17:22:39.0000000","dbh":"18","planteddate":null,"updateddate":"2025-08-06 14:42:21.0000000","geometry":"POINT(-74.14180290901352 40.545967764856805)","genusspecies":"Platanus x acerifolia - London planetree"}},{"type":"Feature","geometry":{"type":"Point","coordinates":[-74.14185194653511,40.54593142756652]},"properties":{"tpcondition":"Dead","stumpdiameter":"20","riskratingdate":"2020-08-06 12:49:00.0000000","riskrating":"6","objectid":"2941536","globalid":"3EE10998-7A1E-42A3-8E2A-6552129E1477","tpstructure":"Stump","plantingspaceglobalid":"7FF13942-5AE7-4A0C-82D1-4D7E66781C7F","createddate":"2016-03-15 17:22:00.0000000","dbh":null,"planteddate":null,"updateddate":"2025-08-06 14:40:58.0000000","geometry":"POINT(-74.14185194653511 40.54593142756652)","genusspecies":"Platanus x acerifolia - London planetree"}},{"type":"Feature","geometry":{"type":"Point","coordinates":[-74.14205068766714,40.54897569121725]},"properties":{"tpcondition":"Good","stumpdiameter":"0","riskratingdate":null,"riskrating":null,"objectid":"2941537","globalid":"58F4944C-F312-49A4-9512-8025F27F22C4","tpstructure":"Full","plantingspaceglobalid":"DD6F1892-2D85-4244-98CC-0E876AE07E8D","createddate":"2016-03-15 17:22:40.0000000","dbh":"6","planteddate":null,"updateddate":null,"geometry":"POINT(-74.14205068766714 40.54897569121725)","genusspecies":"Salix babylonica - Weeping willow"}},{"type":"Feature","geometry":{"type":"Point","coordinates":[-74.14211808798098,40.54893882560553]},"properties":{"tpcondition":"Good","stumpdiameter":"0","riskratingdate":null,"riskrating":null,"objectid":"2941538","globalid":"0493BABD-D865-4EA4-AD86-A964F58300FC","tpstructure":"Full","plantingspaceglobalid":"5B41F9BC-C686-4F96-ADC5-AC5166638982","createddate":"2016-03-15 17:22:40.0000000","dbh":"6","planteddate":null,"updateddate":null,"geometry":"POINT(-74.14211808798098 40.54893882560553)","genusspecies":"Acer - maple"}},{"type":"Feature","geometry":{"type":"Point","coordinates":[-74.15921383460771,40.538091167650784]},"properties":{"tpcondition":"Fair","stumpdiameter":"0","riskratingdate":null,"riskrating":null,"objectid":"2941539","globalid":"D54AACDA-9204-4B25-B9B7-4A0FB0375B10","tpstructure":"Full","plantingspaceglobalid":"9786149A-395A-4116-AD83-E33E9055BD59","createddate":"2016-03-15 17:22:40.0000000","dbh":"2","planteddate":null,"updateddate":"2017-04-17 14:24:53.0000000","geometry":"POINT(-74.15921383460771 40.538091167650784)","genusspecies":"Syringa reticulata - Japanese tree lilac"}},{"type":"Feature","geometry":{"type":"Point","coordinates":[-74.16002006668198,40.53895048403175]},"properties":{"tpcondition":"Fair","stumpdiameter":"0","riskratingdate":null,"riskrating":null,"objectid":"2941540","globalid":"8099DD55-CA66-436D-ACE2-FD09036EDEDF","tpstructure":"Full","plantingspaceglobalid":"5552DB99-54EE-4A08-BB2B-729B7B8B7E25","createddate":"2016-03-15 17:22:41.0000000","dbh":"5","planteddate":null,"updateddate":"2017-04-17 14:28:45.0000000","geometry":"POINT(-74.16002006668198 40.53895048403175)","genusspecies":"Pyrus calleryana - Callery pear"}},{"type":"Feature","geometry":{"type":"Point","coordinates":[-74.16005783292594,40.538990619512255]},"properties":{"tpcondition":"Fair","stumpdiameter":"0","riskratingdate":null,"riskrating":null,"objectid":"2941541","globalid":"56E4D5F5-AC65-4D1B-9CB4-7612408916E3","tpstructure":"Full","plantingspaceglobalid":"2BC85DF4-3AFA-4800-A687-F28CFC2BD106","createddate":"2016-03-15 17:22:41.0000000","dbh":"6","planteddate":null,"updateddate":"2017-04-17 14:29:22.0000000","geometry":"POINT(-74.16005783292594 40.538990619512255)","genusspecies":"Pyrus calleryana - Callery pear"}},{"type":"Feature","geometry":{"type":"Point","coordinates":[-74.16009559921389,40.539030754408394]},"properties":{"tpcondition":"Fair","stumpdiameter":"0","riskratingdate":null,"riskrating":null,"objectid":"2941542","globalid":"BC44C1EE-7071-450D-8071-96B17A0B0156","tpstructure":"Full","plantingspaceglobalid":"051A6C3D-276F-42BC-9787-6BE7E70D2E5E","createddate":"2016-03-15 17:22:41.0000000","dbh":"6","planteddate":null,"updateddate":"2017-04-17 14:29:47.0000000","geometry":"POINT(-74.16009559921389 40.539030754408394)","genusspecies":"Pyrus calleryana - Callery pear"}},{"type":"Feature","geometry":{"type":"Point","coordinates":[-74.16013546509485,40.53907311938659]},"properties":{"tpcondition":"Fair","stumpdiameter":"0","riskratingdate":null,"riskrating":null,"objectid":"2941543","globalid":"589F168E-0F27-4226-B607-9517CEB138F8","tpstructure":"Full","plantingspaceglobalid":"8451DC3E-AA2E-4465-A0DB-FF3D23858C3C","createddate":"2016-03-15 17:22:41.0000000","dbh":"6","planteddate":null,"updateddate":"2017-04-17 14:30:13.0000000","geometry":"POINT(-74.16013546509485 40.53907311938659)","genusspecies":"Pyrus calleryana - Callery pear"}},{"type":"Feature","geometry":{"type":"Point","coordinates":[-74.16017323147605,40.539113254256925]},"properties":{"tpcondition":"Fair","stumpdiameter":"0","riskratingdate":null,"riskrating":null,"objectid":"2941544","globalid":"6A171CE2-390B-461A-97E3-91E7D6DC016A","tpstructure":"Full","plantingspaceglobalid":"7459D598-7A68-45A8-BDD3-57CED2965251","createddate":"2016-03-15 17:22:41.0000000","dbh":"6","planteddate":null,"updateddate":"2017-04-17 14:30:39.0000000","geometry":"POINT(-74.16017323147605 40.539113254256925)","genusspecies":"Pyrus calleryana - Callery pear"}},{"type":"Feature","geometry":{"type":"Point","coordinates":[-74.16021939086534,40.53916230835093]},"properties":{"tpcondition":"Fair","stumpdiameter":"0","riskratingdate":null,"riskrating":null,"objectid":"2941545","globalid":"5C6AC0C9-9BC6-4686-A3D2-4DC8421EB553","tpstructure":"Full","plantingspaceglobalid":"1B2D7760-ACF6-4FF7-9A79-6A78FF857600","createddate":"2016-03-15 17:22:41.0000000","dbh":"6","planteddate":null,"updateddate":"2017-04-17 14:31:04.0000000","geometry":"POINT(-74.16021939086534 40.53916230835093)","genusspecies":"Pyrus calleryana - Callery pear"}},{"type":"Feature","geometry":{"type":"Point","coordinates":[-74.16032639701493,40.53927602370386]},"properties":{"tpcondition":"Fair","stumpdiameter":"0","riskratingdate":null,"riskrating":null,"objectid":"2941546","globalid":"FB099655-64DB-418F-853B-59A664807F48","tpstructure":"Full","plantingspaceglobalid":"8BD8461C-3BCC-4480-B73B-81C696A18A28","createddate":"2016-03-15 17:22:42.0000000","dbh":"10","planteddate":null,"updateddate":"2017-04-17 14:31:42.0000000","geometry":"POINT(-74.16032639701493 40.53927602370386)","genusspecies":"Pyrus calleryana - Callery pear"}},{"type":"Feature","geometry":{"type":"Point","coordinates":[-74.16034947793786,40.539300550720554]},"properties":{"tpcondition":"Fair","stumpdiameter":"0","riskratingdate":null,"riskrating":null,"objectid":"2941547","globalid":"772916F1-09DC-4791-85B4-772CFEAE665A","tpstructure":"Full","plantingspaceglobalid":"3A551A17-273E-4DFE-942E-F2241F328D71","createddate":"2016-03-15 17:22:42.0000000","dbh":"11","planteddate":null,"updateddate":"2017-04-17 14:32:06.0000000","geometry":"POINT(-74.16034947793786 40.539300550720554)","genusspecies":"Pyrus calleryana - Callery pear"}},{"type":"Feature","geometry":{"type":"Point","coordinates":[-74.13826166945935,40.549902957828024]},"properties":{"tpcondition":"Good","stumpdiameter":"0","riskratingdate":null,"riskrating":null,"objectid":"2941548","globalid":"EA01D00C-B78F-4D95-B34A-7B142E278E82","tpstructure":"Full","plantingspaceglobalid":"35F2ACC5-2C20-4A25-B132-5DDE96573791","createddate":"2016-03-15 17:22:42.0000000","dbh":"7","planteddate":null,"updateddate":"2017-11-13 09:54:43.0000000","geometry":"POINT(-74.13826166945935 40.549902957828024)","genusspecies":"Quercus palustris - pin oak"}},{"type":"Feature","geometry":{"type":"Point","coordinates":[-74.13833915821853,40.5498379891305]},"properties":{"tpcondition":"Good","stumpdiameter":"0","riskratingdate":null,"riskrating":null,"objectid":"2941549","globalid":"AB10904E-22B6-4EDC-9B48-357A80842794","tpstructure":"Full","plantingspaceglobalid":"72664C75-2151-44F4-A6FA-DFC28F7B1180","createddate":"2016-03-15 17:22:42.0000000","dbh":"6","planteddate":null,"updateddate":"2017-11-13 09:55:32.0000000","geometry":"POINT(-74.13833915821853 40.5498379891305)","genusspecies":"Quercus palustris - pin oak"}},{"type":"Feature","geometry":{"type":"Point","coordinates":[-74.13859826271585,40.549620749537866]},"properties":{"tpcondition":"Good","stumpdiameter":null,"riskratingdate":"2025-09-21 13:13:01.0000000","riskrating":"6","objectid":"2941550","globalid":"D3DB65AE-F41D-4ACB-A6CD-7F9BB00AB879","tpstructure":"Full","plantingspaceglobalid":"6A636592-9B70-43F3-A720-05ACA841A4D7","createddate":"2016-03-15 17:22:42.0000000","dbh":"19","planteddate":null,"updateddate":"2025-09-21 13:13:01.0000000","geometry":"POINT(-74.13859826271585 40.549620749537866)","genusspecies":"Acer saccharinum - silver maple"}},{"type":"Feature","geometry":{"type":"Point","coordinates":[-74.13881619963941,40.549438023688964]},"properties":{"tpcondition":"Poor","stumpdiameter":null,"riskratingdate":"2024-06-27 14:31:00.0000000","riskrating":"8","objectid":"2941551","globalid":"292141C1-48F0-4BB7-A219-BBEB3BDC1877","tpstructure":"Stump","plantingspaceglobalid":"FBFBDCDE-4AE7-4B15-AE0C-5E07A53449E7","createddate":"2016-03-15 17:22:00.0000000","dbh":"9","planteddate":null,"updateddate":"2025-01-06 16:15:00.0000000","geometry":"POINT(-74.13881619963941 40.549438023688964)","genusspecies":"Prunus cerasifera - cherry plum"}},{"type":"Feature","geometry":{"type":"Point","coordinates":[-74.13939978006485,40.548948723387355]},"properties":{"tpcondition":"Good","stumpdiameter":"0","riskratingdate":null,"riskrating":null,"objectid":"2941552","globalid":"081810EF-F080-463A-AB34-FEE1CF2E2BEA","tpstructure":"Full","plantingspaceglobalid":"640CA273-EF11-4FF7-86BC-58D194300A0A","createddate":"2016-03-15 17:22:43.0000000","dbh":"9","planteddate":null,"updateddate":"2017-11-13 10:05:56.0000000","geometry":"POINT(-74.13939978006485 40.548948723387355)","genusspecies":"Pyrus calleryana - Callery pear"}},{"type":"Feature","geometry":{"type":"Point","coordinates":[-74.13943368124232,40.54892029857043]},"properties":{"tpcondition":"Good","stumpdiameter":"0","riskratingdate":null,"riskrating":null,"objectid":"2941553","globalid":"5F684CC8-8D5C-4450-BEEE-8F7E0F98F734","tpstructure":"Full","plantingspaceglobalid":"2375EC15-A594-4269-A279-C1A2346FFA31","createddate":"2016-03-15 17:22:43.0000000","dbh":"7","planteddate":null,"updateddate":"2017-11-13 10:06:51.0000000","geometry":"POINT(-74.13943368124232 40.54892029857043)","genusspecies":"Pyrus calleryana - Callery pear"}},{"type":"Feature","geometry":{"type":"Point","coordinates":[-74.13951601095116,40.54885126887449]},"properties":{"tpcondition":"Good","stumpdiameter":"0","riskratingdate":null,"riskrating":null,"objectid":"2941554","globalid":"67D2B770-40AD-4BE9-9625-09E081704246","tpstructure":"Full","plantingspaceglobalid":"17D183F9-DF7D-4B69-BE2C-F9377747767F","createddate":"2016-03-15 17:22:43.0000000","dbh":"12","planteddate":null,"updateddate":"2017-11-13 10:10:44.0000000","geometry":"POINT(-74.13951601095116 40.54885126887449)","genusspecies":"Pyrus calleryana - Callery pear"}},{"type":"Feature","geometry":{"type":"Point","coordinates":[-74.1395499127806,40.54882284459393]},"properties":{"tpcondition":"Good","stumpdiameter":"0","riskratingdate":null,"riskrating":null,"objectid":"2941555","globalid":"0A0D9B78-71B4-4EB0-A88F-C6E8252D2779","tpstructure":"Full","plantingspaceglobalid":"34B40B6C-CBF9-4892-9552-6D1978696100","createddate":"2016-03-15 17:22:43.0000000","dbh":"15","planteddate":null,"updateddate":"2017-11-13 10:11:47.0000000","geometry":"POINT(-74.1395499127806 40.54882284459393)","genusspecies":"Quercus palustris - pin oak"}},{"type":"Feature","geometry":{"type":"Point","coordinates":[-74.13994703189468,40.54848987518825]},"properties":{"tpcondition":"Good","stumpdiameter":"0","riskratingdate":null,"riskrating":null,"objectid":"2941556","globalid":"3CA6D12C-8B10-43B5-B814-A2B4E6DC0491","tpstructure":"Full","plantingspaceglobalid":"5EC9C054-D93A-4DBB-B2D0-2FE641483BC1","createddate":"2016-03-15 17:22:44.0000000","dbh":"16","planteddate":null,"updateddate":"2017-11-13 10:13:56.0000000","geometry":"POINT(-74.13994703189468 40.54848987518825)","genusspecies":"Platanus x acerifolia - London planetree"}},{"type":"Feature","geometry":{"type":"Point","coordinates":[-74.14012267836073,40.54850320493585]},"properties":{"tpcondition":"Good","stumpdiameter":"0","riskratingdate":null,"riskrating":null,"objectid":"2941557","globalid":"62CC712C-9815-4A1F-99A0-3AE6B06CF5F0","tpstructure":"Full","plantingspaceglobalid":"E00222F2-D6F6-4DE4-9941-109A8F4B0670","createddate":"2016-03-15 17:22:44.0000000","dbh":"14","planteddate":null,"updateddate":"2017-11-13 10:15:11.0000000","geometry":"POINT(-74.14012267836073 40.54850320493585)","genusspecies":"Platanus x acerifolia - London planetree"}},{"type":"Feature","geometry":{"type":"Point","coordinates":[-74.13981517967648,40.54876107184445]},"properties":{"tpcondition":"Good","stumpdiameter":null,"riskratingdate":"2024-08-10 16:16:30.0000000","riskrating":"6","objectid":"2941558","globalid":"6183BBFC-0D78-445B-91CD-81069F886982","tpstructure":"Full","plantingspaceglobalid":"08AE9387-26CB-49E4-916A-824D34647E18","createddate":"2016-03-15 17:22:44.0000000","dbh":"18","planteddate":null,"updateddate":"2024-08-10 16:16:30.0000000","geometry":"POINT(-74.13981517967648 40.54876107184445)","genusspecies":"Quercus palustris - pin oak"}},{"type":"Feature","geometry":{"type":"Point","coordinates":[-74.1396553761648,40.54889507996165]},"properties":{"tpcondition":"Good","stumpdiameter":"0","riskratingdate":null,"riskrating":null,"objectid":"2941559","globalid":"D715991F-D163-49BD-9983-D80348ED986C","tpstructure":"Full","plantingspaceglobalid":"3913F64E-048E-4430-B1A7-8065BB62809F","createddate":"2016-03-15 17:22:44.0000000","dbh":"13","planteddate":null,"updateddate":"2017-11-13 10:09:21.0000000","geometry":"POINT(-74.1396553761648 40.54889507996165)","genusspecies":"Acer rubrum - red maple"}},{"type":"Feature","geometry":{"type":"Point","coordinates":[-74.13955852510652,40.54897629836651]},"properties":{"tpcondition":"Good","stumpdiameter":"0","riskratingdate":"2020-01-28 16:40:00.0000000","riskrating":"4","objectid":"2941560","globalid":"A7C5DDFE-573F-40C6-91CA-5FEA2F0DBD4F","tpstructure":"Retired","plantingspaceglobalid":"0E6C7CF3-260B-4051-8202-0B3FCD851E15","createddate":"2016-03-15 17:22:00.0000000","dbh":"5","planteddate":null,"updateddate":"2023-04-12 13:45:00.0000000","geometry":"POINT(-74.13955852510652 40.54897629836651)","genusspecies":"Malus - apple"}},{"type":"Feature","geometry":{"type":"Point","coordinates":[-74.13948588703099,40.549037211115014]},"properties":{"tpcondition":"Good","stumpdiameter":"0","riskratingdate":null,"riskrating":null,"objectid":"2941561","globalid":"1A9797C4-70DA-4D92-91CC-550589224FFE","tpstructure":"Full","plantingspaceglobalid":"417680A6-9C6A-4420-8BB4-AD0752E062BC","createddate":"2016-03-15 17:22:45.0000000","dbh":"14","planteddate":null,"updateddate":"2017-11-13 10:04:47.0000000","geometry":"POINT(-74.13948588703099 40.549037211115014)","genusspecies":"Platanus x acerifolia - London planetree"}},{"type":"Feature","geometry":{"type":"Point","coordinates":[-74.13872317475351,40.54967679647607]},"properties":{"tpcondition":"Fair","stumpdiameter":null,"riskratingdate":"2022-05-04 15:26:52.0000000","riskrating":"8","objectid":"2941562","globalid":"56206635-884F-405E-81FE-E086107D4701","tpstructure":"Full","plantingspaceglobalid":"C8710641-6E74-4A1A-B790-67F8ECE64C01","createddate":"2016-03-15 17:22:45.0000000","dbh":"24","planteddate":null,"updateddate":"2022-05-04 15:26:52.0000000","geometry":"POINT(-74.13872317475351 40.54967679647607)","genusspecies":"Acer saccharinum - silver maple"}},{"type":"Feature","geometry":{"type":"Point","coordinates":[-74.1386287431008,40.549755982863445]},"properties":{"tpcondition":"Fair","stumpdiameter":"0","riskratingdate":null,"riskrating":null,"objectid":"2941563","globalid":"5A5F0B30-41FB-4AF6-AC16-BC123F8BD244","tpstructure":"Full","plantingspaceglobalid":"61105051-B149-4684-9F53-6205F786A5E4","createddate":"2016-03-15 17:22:45.0000000","dbh":"13","planteddate":null,"updateddate":"2017-11-13 09:58:06.0000000","geometry":"POINT(-74.1386287431008 40.549755982863445)","genusspecies":"Acer platanoides - Norway maple"}},{"type":"Feature","geometry":{"type":"Point","coordinates":[-74.13852462525733,40.54984329120827]},"properties":{"tpcondition":"Good","stumpdiameter":"0","riskratingdate":null,"riskrating":null,"objectid":"2941564","globalid":"38B51C2B-DC36-46DD-A191-AF9677F5B9DB","tpstructure":"Full","plantingspaceglobalid":"5C4DF9D2-0B28-4318-890A-7F9802544E99","createddate":"2016-03-15 17:22:45.0000000","dbh":"14","planteddate":null,"updateddate":"2017-11-13 09:56:36.0000000","geometry":"POINT(-74.13852462525733 40.54984329120827)","genusspecies":"Acer saccharinum - silver maple"}},{"type":"Feature","geometry":{"type":"Point","coordinates":[-74.13888674679711,40.55044410114648]},"properties":{"tpcondition":"Dead","stumpdiameter":"15","riskratingdate":"2023-06-05 18:09:39.0000000","riskrating":"7","objectid":"2941565","globalid":"4D6C7352-61FD-431E-9DB7-7D2140E11EC5","tpstructure":"Stump","plantingspaceglobalid":"C78058FF-0E6E-44F6-90BF-57E3A8A113B5","createddate":"2016-03-15 17:22:46.0000000","dbh":"13","planteddate":null,"updateddate":"2025-03-28 14:56:53.0000000","geometry":"POINT(-74.13888674679711 40.55044410114648)","genusspecies":"Acer ginnala - Amur maple"}},{"type":"Feature","geometry":{"type":"Point","coordinates":[-74.13925436463627,40.550135180125835]},"properties":{"tpcondition":"Good","stumpdiameter":"0","riskratingdate":null,"riskrating":null,"objectid":"2941566","globalid":"2453DC97-7971-429F-9DB1-2B1A5FA3261D","tpstructure":"Full","plantingspaceglobalid":"74961329-07AE-4D9A-AEEF-777E379EA99A","createddate":"2016-03-15 17:22:46.0000000","dbh":"9","planteddate":null,"updateddate":"2017-11-13 10:51:27.0000000","geometry":"POINT(-74.13925436463627 40.550135180125835)","genusspecies":"Acer platanoides - Norway maple"}},{"type":"Feature","geometry":{"type":"Point","coordinates":[-74.13935594320512,40.55004982130419]},"properties":{"tpcondition":"Good","stumpdiameter":null,"riskratingdate":"2023-10-17 18:10:59.0000000","riskrating":"5","objectid":"2941567","globalid":"CB3F10C6-2DB2-466C-8620-991B5497E254","tpstructure":"Full","plantingspaceglobalid":"B9A12CEB-10A9-4AA1-8736-1680BFFCD34C","createddate":"2016-03-15 17:22:46.0000000","dbh":"29","planteddate":null,"updateddate":"2023-10-17 18:10:59.0000000","geometry":"POINT(-74.13935594320512 40.55004982130419)","genusspecies":"Acer saccharinum - silver maple"}},{"type":"Feature","geometry":{"type":"Point","coordinates":[-74.13950589004284,40.5499238130017]},"properties":{"tpcondition":"Fair","stumpdiameter":"0","riskratingdate":null,"riskrating":null,"objectid":"2941568","globalid":"67246B75-C0C9-4931-BFA2-7FCEE0A4B14E","tpstructure":"Full","plantingspaceglobalid":"000FFFC2-E549-400F-9AB1-E7169B9386F3","createddate":"2016-03-15 17:22:46.0000000","dbh":"14","planteddate":null,"updateddate":"2017-11-13 10:48:16.0000000","geometry":"POINT(-74.13950589004284 40.5499238130017)","genusspecies":"Platanus x acerifolia - London planetree"}},{"type":"Feature","geometry":{"type":"Point","coordinates":[-74.13959537549646,40.54984861531613]},"properties":{"tpcondition":"Good","stumpdiameter":"0","riskratingdate":null,"riskrating":null,"objectid":"2941569","globalid":"0DB8A41A-25C0-431B-8BD6-B51E803BCE2C","tpstructure":"Full","plantingspaceglobalid":"EE8E8222-E545-4198-91B8-AE421C3724D5","createddate":"2016-03-15 17:22:46.0000000","dbh":"16","planteddate":null,"updateddate":"2017-11-13 10:45:51.0000000","geometry":"POINT(-74.13959537549646 40.54984861531613)","genusspecies":"Acer rubrum - red maple"}},{"type":"Feature","geometry":{"type":"Point","coordinates":[-74.13971146352128,40.54975106128837]},"properties":{"tpcondition":"Critical","stumpdiameter":"15","riskratingdate":"2018-01-17 12:43:00.0000000","riskrating":"9","objectid":"2941570","globalid":"15975DBB-7075-4463-8434-41FA53EC9809","tpstructure":"Retired","plantingspaceglobalid":"9AB809D3-0AC5-4B43-925D-299C3D85DF1C","createddate":"2016-03-15 17:22:00.0000000","dbh":null,"planteddate":null,"updateddate":"2024-03-27 17:15:56.0000000","geometry":"POINT(-74.13971146352128 40.54975106128837)","genusspecies":"Acer platanoides - Norway maple"}},{"type":"Feature","geometry":{"type":"Point","coordinates":[-74.13990494355824,40.54958847059754]},"properties":{"tpcondition":"Dead","stumpdiameter":"18","riskratingdate":null,"riskrating":null,"objectid":"2941571","globalid":"11336622-CFC9-499F-815C-21ADEEFB2EF0","tpstructure":"Retired","plantingspaceglobalid":"2CB21B58-4DEF-4F34-B95D-D0E2B47EF7A6","createddate":"2016-03-15 17:22:00.0000000","dbh":"18","planteddate":null,"updateddate":"2021-12-03 17:50:00.0000000","geometry":"POINT(-74.13990494355824 40.54958847059754)","genusspecies":"Platanus x acerifolia - London planetree"}},{"type":"Feature","geometry":{"type":"Point","coordinates":[-74.13998959012184,40.54951733681771]},"properties":{"tpcondition":"Fair","stumpdiameter":null,"riskratingdate":"2025-10-27 13:42:30.0000000","riskrating":"6","objectid":"2941572","globalid":"03C0FEEB-4749-428A-A26B-75EF507B492F","tpstructure":"Full","plantingspaceglobalid":"0BA2DB9C-4259-40D7-AC4F-988EA9AC0194","createddate":"2016-03-15 17:22:47.0000000","dbh":"28","planteddate":null,"updateddate":"2025-10-27 13:42:30.0000000","geometry":"POINT(-74.13998959012184 40.54951733681771)","genusspecies":"Acer saccharinum - silver maple"}},{"type":"Feature","geometry":{"type":"Point","coordinates":[-74.14007907448554,40.54944213818087]},"properties":{"tpcondition":"Fair","stumpdiameter":null,"riskratingdate":"2025-09-21 13:19:38.0000000","riskrating":"7","objectid":"2941573","globalid":"5F541145-9FE5-4C6D-AEA3-3966CE0354AF","tpstructure":"Full","plantingspaceglobalid":"7219BEDD-BA4E-4581-96BC-69BC0860EFEB","createddate":"2016-03-15 17:22:47.0000000","dbh":"12","planteddate":null,"updateddate":"2025-09-21 13:19:38.0000000","geometry":"POINT(-74.14007907448554 40.54944213818087)","genusspecies":"Ulmus americana - American elm"}},{"type":"Feature","geometry":{"type":"Point","coordinates":[-74.14017581297814,40.54936084285153]},"properties":{"tpcondition":"Good","stumpdiameter":"0","riskratingdate":null,"riskrating":null,"objectid":"2941574","globalid":"6CF8FCAF-DCD2-436A-807D-9F1904439BE0","tpstructure":"Full","plantingspaceglobalid":"E8E1E6EB-5916-4F50-8B57-DBEB58F250CB","createddate":"2016-03-15 17:22:47.0000000","dbh":"3","planteddate":null,"updateddate":"2017-11-13 10:33:22.0000000","geometry":"POINT(-74.14017581297814 40.54936084285153)","genusspecies":"Acer rubrum - red maple"}},{"type":"Feature","geometry":{"type":"Point","coordinates":[-74.14021934567229,40.549324259668666]},"properties":{"tpcondition":"Good","stumpdiameter":"0","riskratingdate":null,"riskrating":null,"objectid":"2941575","globalid":"6709C4C6-ACE7-4D46-A58A-A64DF3674E9A","tpstructure":"Full","plantingspaceglobalid":"E495EB2F-E829-4CE9-9833-D343AAED002C","createddate":"2016-03-15 17:22:48.0000000","dbh":"4","planteddate":null,"updateddate":"2017-11-13 10:32:24.0000000","geometry":"POINT(-74.14021934567229 40.549324259668666)","genusspecies":"Acer rubrum - red maple"}},{"type":"Feature","geometry":{"type":"Point","coordinates":[-74.14030399231616,40.54925312565465]},"properties":{"tpcondition":"Good","stumpdiameter":"0","riskratingdate":null,"riskrating":null,"objectid":"2941576","globalid":"3A11C7B4-80A6-4C2F-BC70-34AB672D2A8F","tpstructure":"Full","plantingspaceglobalid":"2CC27966-4780-4ADD-B7B9-68215D79ADA9","createddate":"2016-03-15 17:22:48.0000000","dbh":"7","planteddate":null,"updateddate":"2017-11-13 10:31:34.0000000","geometry":"POINT(-74.14030399231616 40.54925312565465)","genusspecies":"Acer rubrum - red maple"}},{"type":"Feature","geometry":{"type":"Point","coordinates":[-74.13937209736778,40.57340390754982]},"properties":{"tpcondition":"Fair","stumpdiameter":"0","riskratingdate":null,"riskrating":null,"objectid":"2941577","globalid":"482A5B12-D035-4878-911E-C30CF59180F9","tpstructure":"Full","plantingspaceglobalid":"CB321049-F58E-46C5-A3AF-E6A418D62EF0","createddate":"2016-03-15 17:22:48.0000000","dbh":"12","planteddate":null,"updateddate":"2018-10-24 20:06:44.0000000","geometry":"POINT(-74.13937209736778 40.57340390754982)","genusspecies":"Pyrus calleryana - Callery pear"}},{"type":"Feature","geometry":{"type":"Point","coordinates":[-74.13928470617354,40.57341798632835]},"properties":{"tpcondition":"Fair","stumpdiameter":"0","riskratingdate":"2016-06-29 11:44:42.0000000","riskrating":"7","objectid":"2941578","globalid":"51CBB1DA-77FA-48C8-BF0E-B2FA96ABBC2F","tpstructure":"Full","plantingspaceglobalid":"636D0280-ED30-49ED-A3A1-B6F9406F8D59","createddate":"2016-03-15 17:22:48.0000000","dbh":"30","planteddate":null,"updateddate":"2018-10-24 20:05:41.0000000","geometry":"POINT(-74.13928470617354 40.57341798632835)","genusspecies":"Platanus occidentalis - American sycamore"}},{"type":"Feature","geometry":{"type":"Point","coordinates":[-74.13924794912211,40.57343145871699]},"properties":{"tpcondition":"Fair","stumpdiameter":"0","riskratingdate":null,"riskrating":null,"objectid":"2941579","globalid":"8A778119-2187-4D40-A646-92F487213785","tpstructure":"Full","plantingspaceglobalid":"0663EB99-9F4C-4C92-AC36-A91CD2CF732E","createddate":"2016-03-15 17:22:48.0000000","dbh":"10","planteddate":null,"updateddate":"2018-10-24 20:02:46.0000000","geometry":"POINT(-74.13924794912211 40.57343145871699)","genusspecies":"Pyrus calleryana - Callery pear"}},{"type":"Feature","geometry":{"type":"Point","coordinates":[-74.13910555060956,40.57344853353301]},"properties":{"tpcondition":"Fair","stumpdiameter":"0","riskratingdate":null,"riskrating":null,"objectid":"2941580","globalid":"CCA13AAF-C6B3-4677-9221-17ECF62C3CFA","tpstructure":"Full","plantingspaceglobalid":"14E7351B-5E1D-44DD-88D9-18E404868113","createddate":"2016-03-15 17:22:49.0000000","dbh":"15","planteddate":null,"updateddate":"2018-10-24 19:57:29.0000000","geometry":"POINT(-74.13910555060956 40.57344853353301)","genusspecies":"Pyrus calleryana - Callery pear"}},{"type":"Feature","geometry":{"type":"Point","coordinates":[-74.1390212413451,40.57346290802043]},"properties":{"tpcondition":"Fair","stumpdiameter":"0","riskratingdate":null,"riskrating":null,"objectid":"2941581","globalid":"2E345C1A-FAFA-473D-B26C-8C0DD688F632","tpstructure":"Full","plantingspaceglobalid":"5BF09437-44A3-4921-AF74-593ED51A0384","createddate":"2016-03-15 17:22:49.0000000","dbh":"9","planteddate":null,"updateddate":"2018-10-24 19:56:25.0000000","geometry":"POINT(-74.1390212413451 40.57346290802043)","genusspecies":"Pyrus calleryana - Callery pear"}},{"type":"Feature","geometry":{"type":"Point","coordinates":[-74.13891234407734,40.57348147628285]},"properties":{"tpcondition":"Fair","stumpdiameter":"0","riskratingdate":null,"riskrating":null,"objectid":"2941582","globalid":"F43A8F2E-57BF-4743-BE97-E28B7C05A55C","tpstructure":"Full","plantingspaceglobalid":"5E6F4E46-0284-445A-84FD-47CD9227E508","createddate":"2016-03-15 17:22:49.0000000","dbh":"11","planteddate":null,"updateddate":"2018-10-24 19:54:56.0000000","geometry":"POINT(-74.13891234407734 40.57348147628285)","genusspecies":"Pyrus calleryana - Callery pear"}},{"type":"Feature","geometry":{"type":"Point","coordinates":[-74.13844367328362,40.5735565813071]},"properties":{"tpcondition":"Fair","stumpdiameter":"0","riskratingdate":null,"riskrating":null,"objectid":"2941583","globalid":"6245A652-1F4F-4F58-BE5D-B50E52CAB339","tpstructure":"Full","plantingspaceglobalid":"DE05F59C-3F27-437A-88C5-1332C8D08F16","createddate":"2016-03-15 17:22:49.0000000","dbh":"4","planteddate":null,"updateddate":"2018-10-24 19:48:03.0000000","geometry":"POINT(-74.13844367328362 40.5735565813071)","genusspecies":"Ulmus pumila - Siberian elm"}},{"type":"Feature","geometry":{"type":"Point","coordinates":[-74.13811558193996,40.57360729770696]},"properties":{"tpcondition":"Fair","stumpdiameter":"0","riskratingdate":null,"riskrating":null,"objectid":"2941584","globalid":"4C9E0136-7636-4896-9CD8-EFBFA09B458A","tpstructure":"Full","plantingspaceglobalid":"3F5C32AC-BEBE-466E-BD5A-DF4218C3C15E","createddate":"2016-03-15 17:22:49.0000000","dbh":"4","planteddate":null,"updateddate":"2018-10-24 19:44:50.0000000","geometry":"POINT(-74.13811558193996 40.57360729770696)","genusspecies":"Acer platanoides 'Not Green Leaf' - 'Not Green Leaf' Norway maple"}},{"type":"Feature","geometry":{"type":"Point","coordinates":[-74.13797194442543,40.57363552224347]},"properties":{"tpcondition":"Fair","stumpdiameter":"0","riskratingdate":null,"riskrating":null,"objectid":"2941585","globalid":"09828B1C-7FB6-4C59-8838-AE7F0AE2076C","tpstructure":"Full","plantingspaceglobalid":"4BE9F7EC-692D-465F-91E0-AF0D744B7077","createddate":"2016-03-15 17:22:49.0000000","dbh":"7","planteddate":null,"updateddate":"2018-10-24 19:41:56.0000000","geometry":"POINT(-74.13797194442543 40.57363552224347)","genusspecies":"Acer platanoides 'Not Green Leaf' - 'Not Green Leaf' Norway maple"}},{"type":"Feature","geometry":{"type":"Point","coordinates":[-74.13785479987536,40.57365055460276]},"properties":{"tpcondition":"Fair","stumpdiameter":"0","riskratingdate":null,"riskrating":null,"objectid":"2941586","globalid":"8E5E7C92-95BE-4BCB-939C-9D71F05AB45A","tpstructure":"Full","plantingspaceglobalid":"58312742-78E0-4640-94E5-15E7A6E979BB","createddate":"2016-03-15 17:22:50.0000000","dbh":"4","planteddate":null,"updateddate":"2018-10-24 19:39:28.0000000","geometry":"POINT(-74.13785479987536 40.57365055460276)","genusspecies":"Acer platanoides 'Not Green Leaf' - 'Not Green Leaf' Norway maple"}},{"type":"Feature","geometry":{"type":"Point","coordinates":[-74.13770353270485,40.57364253648476]},"properties":{"tpcondition":"Fair","stumpdiameter":"0","riskratingdate":null,"riskrating":null,"objectid":"2941587","globalid":"DC2C6EFA-189D-4C78-B2F2-F74F01D394AF","tpstructure":"Full","plantingspaceglobalid":"848538A1-6EF4-4BDE-90CE-0F88EC8FD3F3","createddate":"2016-03-15 17:22:50.0000000","dbh":"3","planteddate":null,"updateddate":"2018-10-24 19:37:21.0000000","geometry":"POINT(-74.13770353270485 40.57364253648476)","genusspecies":"Prunus serrulata 'Green leaf' - 'Green leaf' Japanese flowering cherry"}},{"type":"Feature","geometry":{"type":"Point","coordinates":[-74.13767206729884,40.57367996133597]},"properties":{"tpcondition":"Fair","stumpdiameter":"0","riskratingdate":null,"riskrating":null,"objectid":"2941588","globalid":"86CBD95B-BB53-4A75-A58A-0DC8DC8DA9B3","tpstructure":"Full","plantingspaceglobalid":"B170A305-050C-4722-A46A-1AA0C5CC3805","createddate":"2016-03-15 17:22:50.0000000","dbh":"11","planteddate":null,"updateddate":"2018-10-24 19:35:47.0000000","geometry":"POINT(-74.13767206729884 40.57367996133597)","genusspecies":"Malus - apple"}},{"type":"Feature","geometry":{"type":"Point","coordinates":[-74.13753930239768,40.57369679907602]},"properties":{"tpcondition":"Poor","stumpdiameter":"0","riskratingdate":null,"riskrating":null,"objectid":"2941589","globalid":"29CA72B4-4066-4715-A69D-4667A9BCFC93","tpstructure":"Full","plantingspaceglobalid":"4119F1C6-6F7C-4E1B-8F12-B1D1426004DD","createddate":"2016-03-15 17:22:50.0000000","dbh":"14","planteddate":null,"updateddate":"2018-10-24 19:35:32.0000000","geometry":"POINT(-74.13753930239768 40.57369679907602)","genusspecies":"Aesculus hippocastanum - horse chestnut"}},{"type":"Feature","geometry":{"type":"Point","coordinates":[-74.1373018404279,40.573703039367665]},"properties":{"tpcondition":"Fair","stumpdiameter":"0","riskratingdate":null,"riskrating":null,"objectid":"2941590","globalid":"5FA3633B-41FA-4B13-BCD8-A356B5261515","tpstructure":"Full","plantingspaceglobalid":"19CD1FB9-1D41-4FA7-8654-A89B177844B5","createddate":"2016-03-15 17:22:50.0000000","dbh":"5","planteddate":null,"updateddate":"2018-10-24 19:32:06.0000000","geometry":"POINT(-74.1373018404279 40.573703039367665)","genusspecies":"Acer rubrum - red maple"}},{"type":"Feature","geometry":{"type":"Point","coordinates":[-74.13725342164105,40.57370964931176]},"properties":{"tpcondition":"Fair","stumpdiameter":"0","riskratingdate":null,"riskrating":null,"objectid":"2941591","globalid":"D7D1A00D-03B0-4EA5-A8CB-BFA5113AE2A9","tpstructure":"Full","plantingspaceglobalid":"7446E0A4-D540-4E01-B233-CB2C6A36BB2C","createddate":"2016-03-15 17:22:51.0000000","dbh":"8","planteddate":null,"updateddate":"2018-10-24 19:31:01.0000000","geometry":"POINT(-74.13725342164105 40.57370964931176)","genusspecies":"Acer rubrum - red maple"}},{"type":"Feature","geometry":{"type":"Point","coordinates":[-74.13720500209588,40.573716259808144]},"properties":{"tpcondition":"Fair","stumpdiameter":"0","riskratingdate":null,"riskrating":null,"objectid":"2941592","globalid":"49C9A266-EEA1-4AF7-9490-6FF76010F575","tpstructure":"Full","plantingspaceglobalid":"5F2F200D-DC1D-4376-A89E-A955E55442E6","createddate":"2016-03-15 17:22:51.0000000","dbh":"4","planteddate":null,"updateddate":"2018-10-24 19:30:27.0000000","geometry":"POINT(-74.13720500209588 40.573716259808144)","genusspecies":"Acer rubrum - red maple"}},{"type":"Feature","geometry":{"type":"Point","coordinates":[-74.13703745769088,40.57375134744033]},"properties":{"tpcondition":"Fair","stumpdiameter":"0","riskratingdate":null,"riskrating":null,"objectid":"2941593","globalid":"DDEEC950-632F-4828-A67E-10CD26DA0E2B","tpstructure":"Full","plantingspaceglobalid":"2632C287-CC6E-443F-A138-92D6B11D3C1D","createddate":"2016-03-15 17:22:51.0000000","dbh":"53","planteddate":null,"updateddate":null,"geometry":"POINT(-74.13703745769088 40.57375134744033)","genusspecies":"Acer - maple"}},{"type":"Feature","geometry":{"type":"Point","coordinates":[-74.13697699026699,40.57376001480603]},"properties":{"tpcondition":"Fair","stumpdiameter":null,"riskratingdate":null,"riskrating":null,"objectid":"2941594","globalid":"85F8A480-F9C4-4D67-A9DB-A0E3C67B3B1A","tpstructure":"Full","plantingspaceglobalid":"D4404E5E-A52A-4B56-92AB-48DB3A19C556","createddate":"2016-03-15 17:22:51.0000000","dbh":"45","planteddate":null,"updateddate":"2025-06-23 16:55:07.0000000","geometry":"POINT(-74.13697699026699 40.57376001480603)","genusspecies":"Pinus strobus - eastern white pine"}},{"type":"Feature","geometry":{"type":"Point","coordinates":[-74.13668878315667,40.573781801901944]},"properties":{"tpcondition":"Fair","stumpdiameter":"0","riskratingdate":null,"riskrating":null,"objectid":"2941595","globalid":"F8359780-25CC-4F07-AEE4-1769A71ED5E9","tpstructure":"Full","plantingspaceglobalid":"A04FBA81-23F3-4DAE-A74D-FFD2CD8888D2","createddate":"2016-03-15 17:22:51.0000000","dbh":"12","planteddate":null,"updateddate":"2018-10-24 19:16:55.0000000","geometry":"POINT(-74.13668878315667 40.573781801901944)","genusspecies":"Liriodendron tulipifera - tuliptree"}},{"type":"Feature","geometry":{"type":"Point","coordinates":[-74.14072955397444,40.54905181037833]},"properties":{"tpcondition":"Fair","stumpdiameter":null,"riskratingdate":"2020-08-12 19:44:42.0000000","riskrating":"7","objectid":"2941596","globalid":"DC46E348-C75C-4F3D-8265-F1AAFA3C8D6F","tpstructure":"Full","plantingspaceglobalid":"9F6A1817-AF41-4C72-8BCC-11F5144C6807","createddate":"2016-03-15 17:22:51.0000000","dbh":"17","planteddate":null,"updateddate":"2020-08-12 19:44:42.0000000","geometry":"POINT(-74.14072955397444 40.54905181037833)","genusspecies":"Acer platanoides - Norway maple"}},{"type":"Feature","geometry":{"type":"Point","coordinates":[-74.14048533355522,40.549257113809986]},"properties":{"tpcondition":"Good","stumpdiameter":"0","riskratingdate":null,"riskrating":null,"objectid":"2941597","globalid":"6A7E53F6-F62E-4BD3-AC1D-8CC732A79B37","tpstructure":"Full","plantingspaceglobalid":"55A6FD2F-7873-4D17-ABA4-6CE88EF99D1B","createddate":"2016-03-15 17:22:52.0000000","dbh":"2","planteddate":null,"updateddate":"2017-11-13 10:34:38.0000000","geometry":"POINT(-74.14048533355522 40.549257113809986)","genusspecies":"Crataegus - Hawthorn"}},{"type":"Feature","geometry":{"type":"Point","coordinates":[-74.14030639981634,40.54940753333739]},"properties":{"tpcondition":"Good","stumpdiameter":"0","riskratingdate":null,"riskrating":null,"objectid":"2941598","globalid":"E60011A7-95D1-4166-9933-D9FE9068D6AB","tpstructure":"Full","plantingspaceglobalid":"947A4FF8-9938-4D84-8920-02AAF11A1DCF","createddate":"2016-03-15 17:22:52.0000000","dbh":"3","planteddate":null,"updateddate":"2017-11-13 10:34:12.0000000","geometry":"POINT(-74.14030639981634 40.54940753333739)","genusspecies":"Crataegus - Hawthorn"}},{"type":"Feature","geometry":{"type":"Point","coordinates":[-74.14015406480607,40.54953559335368]},"properties":{"tpcondition":"Good","stumpdiameter":"0","riskratingdate":null,"riskrating":null,"objectid":"2941599","globalid":"0E5DDCDF-53B5-46BE-B707-64F502063BDF","tpstructure":"Full","plantingspaceglobalid":"6C27FD6E-B494-48D9-AD0E-52576981BA3F","createddate":"2016-03-15 17:22:52.0000000","dbh":"21","planteddate":null,"updateddate":"2017-11-13 10:36:58.0000000","geometry":"POINT(-74.14015406480607 40.54953559335368)","genusspecies":"Platanus x acerifolia - London planetree"}},{"type":"Feature","geometry":{"type":"Point","coordinates":[-74.14003074370461,40.549639261002596]},"properties":{"tpcondition":"Good","stumpdiameter":"0","riskratingdate":null,"riskrating":null,"objectid":"2941600","globalid":"2D824087-D1BC-48EE-8C0F-402172352103","tpstructure":"Full","plantingspaceglobalid":"97B070AC-1659-44D2-AB70-9DDBFFC0430A","createddate":"2016-03-15 17:22:52.0000000","dbh":"21","planteddate":null,"updateddate":"2017-11-13 10:41:00.0000000","geometry":"POINT(-74.14003074370461 40.549639261002596)","genusspecies":"Platanus x acerifolia - London planetree"}},{"type":"Feature","geometry":{"type":"Point","coordinates":[-74.1398421356318,40.54979781109663]},"properties":{"tpcondition":"Good","stumpdiameter":"0","riskratingdate":null,"riskrating":null,"objectid":"2941601","globalid":"7BAB26DC-61AE-42EE-98DE-F325493607AA","tpstructure":"Full","plantingspaceglobalid":"BBDDA272-CE0D-43AF-924A-C0945077984E","createddate":"2016-03-15 17:22:52.0000000","dbh":"4","planteddate":null,"updateddate":"2017-11-13 10:42:02.0000000","geometry":"POINT(-74.1398421356318 40.54979781109663)","genusspecies":"Acer platanoides - Norway maple"}},{"type":"Feature","geometry":{"type":"Point","coordinates":[-74.13966561614498,40.549946197800864]},"properties":{"tpcondition":"Good","stumpdiameter":"0","riskratingdate":null,"riskrating":null,"objectid":"2941602","globalid":"8E4C7F3C-DE57-4E11-BB5C-D003AC475F7C","tpstructure":"Full","plantingspaceglobalid":"C2C7C033-A148-4001-9ADD-4F52D9C1A3FF","createddate":"2016-03-15 17:22:53.0000000","dbh":"4","planteddate":null,"updateddate":"2017-11-13 10:47:09.0000000","geometry":"POINT(-74.13966561614498 40.549946197800864)","genusspecies":"Crataegus - Hawthorn"}},{"type":"Feature","geometry":{"type":"Point","coordinates":[-74.1389982233491,40.550507216486324]},"properties":{"tpcondition":"Good","stumpdiameter":null,"riskratingdate":"2023-04-04 14:38:15.0000000","riskrating":"8","objectid":"2941603","globalid":"4DED30F8-E0BF-4C8F-9BAC-D44E32B40791","tpstructure":"Full","plantingspaceglobalid":"F8A4FC83-A776-409E-BCBC-E49A76208102","createddate":"2016-03-15 17:22:53.0000000","dbh":"21","planteddate":null,"updateddate":"2023-04-04 14:38:15.0000000","geometry":"POINT(-74.1389982233491 40.550507216486324)","genusspecies":"Liquidambar styraciflua - sweetgum"}},{"type":"Feature","geometry":{"type":"Point","coordinates":[-74.13973873735257,40.55080308412595]},"properties":{"tpcondition":"Good","stumpdiameter":"0","riskratingdate":null,"riskrating":null,"objectid":"2941604","globalid":"7E5F50FF-F909-486E-A1A1-D3D239CA5839","tpstructure":"Retired","plantingspaceglobalid":"E70D8DD4-13A8-4796-B717-E8876BBA945C","createddate":"2016-03-15 17:22:53.0000000","dbh":"11","planteddate":null,"updateddate":null,"geometry":"POINT(-74.13973873735257 40.55080308412595)","genusspecies":"Acer rubrum - red maple"}},{"type":"Feature","geometry":{"type":"Point","coordinates":[-74.13998458031115,40.55062488994464]},"properties":{"tpcondition":"Dead","stumpdiameter":"2","riskratingdate":null,"riskrating":null,"objectid":"2941605","globalid":"6D84A79D-85F0-4CDD-94FC-D970B2446A59","tpstructure":"Retired","plantingspaceglobalid":"5F554E09-A3B1-45EF-9E9D-6E14B4B11B08","createddate":"2016-03-15 17:22:53.0000000","dbh":"1","planteddate":null,"updateddate":"2018-09-06 15:49:16.0000000","geometry":"POINT(-74.13998458031115 40.55062488994464)","genusspecies":"Platanus x acerifolia - London planetree"}},{"type":"Feature","geometry":{"type":"Point","coordinates":[-74.14019612453767,40.5504679813927]},"properties":{"tpcondition":"Fair","stumpdiameter":"25","riskratingdate":"2022-09-13 17:14:20.0000000","riskrating":"5","objectid":"2941606","globalid":"63B4CF77-5621-44DE-BD46-7A58F6E27424","tpstructure":"Stump - Uprooted","plantingspaceglobalid":"B343FA62-500B-4774-B6D1-02A7084023ED","createddate":"2016-03-15 17:22:00.0000000","dbh":null,"planteddate":null,"updateddate":"2022-09-13 17:14:20.0000000","geometry":"POINT(-74.14019612453767 40.5504679813927)","genusspecies":"Platanus x acerifolia - London planetree"}},{"type":"Feature","geometry":{"type":"Point","coordinates":[-74.14029673613729,40.550393353425065]},"properties":{"tpcondition":"Fair","stumpdiameter":null,"riskratingdate":"2024-01-11 13:41:59.0000000","riskrating":"8","objectid":"2941607","globalid":"DEED6C8B-E101-44FE-A150-62915E9DCCB6","tpstructure":"Full","plantingspaceglobalid":"EDF82722-4C49-40B1-9D4F-D4C3624ACFD0","createddate":"2016-03-15 17:22:54.0000000","dbh":"25","planteddate":null,"updateddate":"2024-01-11 13:41:59.0000000","geometry":"POINT(-74.14029673613729 40.550393353425065)","genusspecies":"Platanus x acerifolia - London planetree"}},{"type":"Feature","geometry":{"type":"Point","coordinates":[-74.14048763992838,40.55025175243731]},"properties":{"tpcondition":"Good","stumpdiameter":"0","riskratingdate":null,"riskrating":null,"objectid":"2941608","globalid":"AE040586-06CA-4E2E-9E3D-4A67811B2E93","tpstructure":"Full","plantingspaceglobalid":"2604AB3F-879E-45E2-B66B-6E57D9A9DD33","createddate":"2016-03-15 17:22:54.0000000","dbh":"21","planteddate":null,"updateddate":"2017-11-09 10:25:20.0000000","geometry":"POINT(-74.14048763992838 40.55025175243731)","genusspecies":"Platanus x acerifolia - London planetree"}},{"type":"Feature","geometry":{"type":"Point","coordinates":[-74.14058567082483,40.550179038447695]},"properties":{"tpcondition":"Good","stumpdiameter":"0","riskratingdate":null,"riskrating":null,"objectid":"2941609","globalid":"820BA082-FC7A-4DE4-A408-6232075A9AFB","tpstructure":"Full","plantingspaceglobalid":"ACD7E80B-E5F8-4D28-8AB2-26FFC5E67359","createddate":"2016-03-15 17:22:54.0000000","dbh":"8","planteddate":null,"updateddate":"2017-11-09 10:26:30.0000000","geometry":"POINT(-74.14058567082483 40.550179038447695)","genusspecies":"Platanus x acerifolia - London planetree"}},{"type":"Feature","geometry":{"type":"Point","coordinates":[-74.14071207977761,40.550085275772]},"properties":{"tpcondition":"Good","stumpdiameter":"0","riskratingdate":null,"riskrating":null,"objectid":"2941610","globalid":"66F85F65-BDB6-4473-BDE9-E67AA22653A8","tpstructure":"Full","plantingspaceglobalid":"5E00F896-B589-4F1B-B624-2095A82F63F5","createddate":"2016-03-15 17:22:55.0000000","dbh":"8","planteddate":null,"updateddate":"2017-11-09 10:29:45.0000000","geometry":"POINT(-74.14071207977761 40.550085275772)","genusspecies":"Acer rubrum - red maple"}},{"type":"Feature","geometry":{"type":"Point","coordinates":[-74.14078178560956,40.550039851741516]},"properties":{"tpcondition":"Dead","stumpdiameter":"16","riskratingdate":"2018-12-05 11:39:00.0000000","riskrating":"7","objectid":"2941611","globalid":"6642254A-594E-474B-AAF4-83C254547059","tpstructure":"Retired","plantingspaceglobalid":"0EEA97B1-2C52-4937-A26F-4307073C3622","createddate":"2016-03-15 17:22:00.0000000","dbh":"16","planteddate":null,"updateddate":"2020-02-07 16:51:00.0000000","geometry":"POINT(-74.14078178560956 40.550039851741516)","genusspecies":"Acer saccharinum - silver maple"}},{"type":"Feature","geometry":{"type":"Point","coordinates":[-74.14097065167421,40.54989736438081]},"properties":{"tpcondition":"Dead","stumpdiameter":"0","riskratingdate":"2016-05-17 14:23:43.0000000","riskrating":"9","objectid":"2941612","globalid":"BD2C5AB3-74E0-4611-A489-CEBC350596EA","tpstructure":"Retired","plantingspaceglobalid":"DD00ABC2-B185-4CB6-8E49-8F1C5CDD6284","createddate":"2016-03-15 17:22:00.0000000","dbh":"10","planteddate":null,"updateddate":"2017-11-21 04:11:11.0000000","geometry":"POINT(-74.14097065167421 40.54989736438081)","genusspecies":"Pyrus calleryana - Callery pear"}},{"type":"Feature","geometry":{"type":"Point","coordinates":[-74.14089888280363,40.5499320010824]},"properties":{"tpcondition":"Fair","stumpdiameter":null,"riskratingdate":"2024-02-13 17:29:39.0000000","riskrating":"5","objectid":"2941613","globalid":"79619C55-C412-458D-8B5A-B4A1D66A04C6","tpstructure":"Full","plantingspaceglobalid":"58DB686D-2112-4F07-8979-FA908C2554DC","createddate":"2016-03-15 17:22:55.0000000","dbh":"12","planteddate":null,"updateddate":"2024-02-13 17:29:39.0000000","geometry":"POINT(-74.14089888280363 40.5499320010824)","genusspecies":"Pyrus calleryana - Callery pear"}},{"type":"Feature","geometry":{"type":"Point","coordinates":[-74.13601000763886,40.57536096434953]},"properties":{"tpcondition":"Fair","stumpdiameter":"0","riskratingdate":null,"riskrating":null,"objectid":"2941614","globalid":"C034BD01-4268-4547-8F36-E6542FCA0E92","tpstructure":"Full","plantingspaceglobalid":"82987B75-FFAF-4E34-AA9B-788775642DF2","createddate":"2016-03-15 17:22:55.0000000","dbh":"17","planteddate":null,"updateddate":"2025-09-10 16:08:16.0000000","geometry":"POINT(-74.13601000763886 40.57536096434953)","genusspecies":"Juglans nigra - black walnut"}},{"type":"Feature","geometry":{"type":"Point","coordinates":[-74.13619983431695,40.5753806278672]},"properties":{"tpcondition":"Fair","stumpdiameter":"0","riskratingdate":null,"riskrating":null,"objectid":"2941615","globalid":"B6F9A248-09B7-4A9D-8E5F-38306029A516","tpstructure":"Full","plantingspaceglobalid":"29EFF029-AC19-4EBF-8352-2B95FD416B25","createddate":"2016-03-15 17:22:55.0000000","dbh":"8","planteddate":null,"updateddate":"2018-10-24 15:17:28.0000000","geometry":"POINT(-74.13619983431695 40.5753806278672)","genusspecies":"Pyrus calleryana - Callery pear"}},{"type":"Feature","geometry":{"type":"Point","coordinates":[-74.13659091322234,40.57533331998455]},"properties":{"tpcondition":"Fair","stumpdiameter":"0","riskratingdate":null,"riskrating":null,"objectid":"2941616","globalid":"F2FF534B-54E0-4F95-842F-CF6F3BE20703","tpstructure":"Full","plantingspaceglobalid":"1A9F2F99-9BAB-4F98-8D4F-9BB2C29DF04F","createddate":"2016-03-15 17:22:56.0000000","dbh":"18","planteddate":null,"updateddate":"2018-10-24 15:16:04.0000000","geometry":"POINT(-74.13659091322234 40.57533331998455)","genusspecies":"Acer rubrum - red maple"}},{"type":"Feature","geometry":{"type":"Point","coordinates":[-74.13818310891371,40.57511099983984]},"properties":{"tpcondition":"Fair","stumpdiameter":"0","riskratingdate":null,"riskrating":null,"objectid":"2941617","globalid":"479265EF-82E9-494D-952F-1FDD7E2990C8","tpstructure":"Full","plantingspaceglobalid":"1AA1B6C1-B4D5-4B90-AC71-B8A89DCE7C2C","createddate":"2016-03-15 17:22:56.0000000","dbh":"12","planteddate":null,"updateddate":"2018-10-24 16:09:06.0000000","geometry":"POINT(-74.13818310891371 40.57511099983984)","genusspecies":"Acer rubrum - red maple"}},{"type":"Feature","geometry":{"type":"Point","coordinates":[-74.13827183908366,40.575083583388846]},"properties":{"tpcondition":"Good","stumpdiameter":"0","riskratingdate":null,"riskrating":null,"objectid":"2941618","globalid":"B8F5814C-4CCD-42F9-A8D1-68D26620A14D","tpstructure":"Full","plantingspaceglobalid":"93731B57-6ED1-457B-820B-86B974155D7F","createddate":"2016-03-15 17:22:56.0000000","dbh":"7","planteddate":null,"updateddate":null,"geometry":"POINT(-74.13827183908366 40.575083583388846)","genusspecies":"Pyrus calleryana - Callery pear"}},{"type":"Feature","geometry":{"type":"Point","coordinates":[-74.13831473967642,40.57507973418985]},"properties":{"tpcondition":"Good","stumpdiameter":"0","riskratingdate":null,"riskrating":null,"objectid":"2941619","globalid":"64C69432-0029-4F70-B3E3-8ED7CBCD0723","tpstructure":"Full","plantingspaceglobalid":"2DE340C5-A5F3-4C79-8AE0-7963DF180030","createddate":"2016-03-15 17:22:56.0000000","dbh":"9","planteddate":null,"updateddate":null,"geometry":"POINT(-74.13831473967642 40.57507973418985)","genusspecies":"Betula nigra - river birch"}},{"type":"Feature","geometry":{"type":"Point","coordinates":[-74.13835763951673,40.57507588611936]},"properties":{"tpcondition":"Fair","stumpdiameter":"0","riskratingdate":null,"riskrating":null,"objectid":"2941620","globalid":"60DDBE37-6ABD-4E60-AF89-BBC6767F521C","tpstructure":"Full","plantingspaceglobalid":"F294A5DF-4E03-4736-AA69-1A7ACEC980D4","createddate":"2016-03-15 17:22:57.0000000","dbh":"9","planteddate":null,"updateddate":null,"geometry":"POINT(-74.13835763951673 40.57507588611936)","genusspecies":"Pyrus calleryana - Callery pear"}},{"type":"Feature","geometry":{"type":"Point","coordinates":[-74.13844701647841,40.575067868250954]},"properties":{"tpcondition":"Good","stumpdiameter":"0","riskratingdate":null,"riskrating":null,"objectid":"2941621","globalid":"4D0DAD27-A779-476E-AADA-631A09776D55","tpstructure":"Full","plantingspaceglobalid":"9F528EAC-7201-4601-AEB3-8C40799A3A8E","createddate":"2016-03-15 17:22:57.0000000","dbh":"17","planteddate":null,"updateddate":null,"geometry":"POINT(-74.13844701647841 40.575067868250954)","genusspecies":"Tilia americana - American basswood"}},{"type":"Feature","geometry":{"type":"Point","coordinates":[-74.1384954987515,40.575070118881854]},"properties":{"tpcondition":"Fair","stumpdiameter":"0","riskratingdate":null,"riskrating":null,"objectid":"2941622","globalid":"6D233052-9C4B-48FA-A7FC-A8E08A02A0EE","tpstructure":"Full","plantingspaceglobalid":"E1FBDDA6-2842-4D13-AA28-BDEF861D807C","createddate":"2016-03-15 17:22:57.0000000","dbh":"13","planteddate":null,"updateddate":"2018-10-24 16:50:30.0000000","geometry":"POINT(-74.1384954987515 40.575070118881854)","genusspecies":"Ulmus pumila - Siberian elm"}},{"type":"Feature","geometry":{"type":"Point","coordinates":[-74.13859157589619,40.57506583376674]},"properties":{"tpcondition":"Fair","stumpdiameter":"0","riskratingdate":null,"riskrating":null,"objectid":"2941623","globalid":"1217B2F8-4D71-4A76-975D-14215222B267","tpstructure":"Full","plantingspaceglobalid":"8B23D3FE-9A06-4622-8901-49A46B663240","createddate":"2016-03-15 17:22:57.0000000","dbh":"8","planteddate":null,"updateddate":"2018-10-24 16:50:53.0000000","geometry":"POINT(-74.13859157589619 40.57506583376674)","genusspecies":"Ulmus pumila - Siberian elm"}},{"type":"Feature","geometry":{"type":"Point","coordinates":[-74.13869547303821,40.57506570837834]},"properties":{"tpcondition":"Fair","stumpdiameter":"0","riskratingdate":null,"riskrating":null,"objectid":"2941624","globalid":"1A1917E1-AB93-49C4-8F0D-3BF1C2EA7BDC","tpstructure":"Full","plantingspaceglobalid":"9AA5CDDB-994A-48FF-A2EB-64C8E271D338","createddate":"2016-03-15 17:22:57.0000000","dbh":"17","planteddate":null,"updateddate":"2018-10-24 16:30:55.0000000","geometry":"POINT(-74.13869547303821 40.57506570837834)","genusspecies":"Acer saccharinum - silver maple"}},{"type":"Feature","geometry":{"type":"Point","coordinates":[-74.1393542884024,40.57497766339608]},"properties":{"tpcondition":"Fair","stumpdiameter":null,"riskratingdate":"2022-06-30 12:28:43.0000000","riskrating":"8","objectid":"2941625","globalid":"A0D9795E-6AED-40EA-B8A7-37600B53874D","tpstructure":"Full","plantingspaceglobalid":"92E8A6B3-D2F6-47B0-8752-93107C1C9AB7","createddate":"2016-03-15 17:22:58.0000000","dbh":"26","planteddate":null,"updateddate":"2023-06-09 15:32:43.0000000","geometry":"POINT(-74.1393542884024 40.57497766339608)","genusspecies":"Fraxinus - Ash"}},{"type":"Feature","geometry":{"type":"Point","coordinates":[-74.13969793197475,40.574940315217816]},"properties":{"tpcondition":"Fair","stumpdiameter":"0","riskratingdate":null,"riskrating":null,"objectid":"2941626","globalid":"F8007EC0-0231-4E14-8A44-6425A3DB9F70","tpstructure":"Full","plantingspaceglobalid":"AF835176-A0BB-4B9C-B03D-9C3BAA11C43C","createddate":"2016-03-15 17:22:58.0000000","dbh":"25","planteddate":null,"updateddate":"2018-10-24 16:42:46.0000000","geometry":"POINT(-74.13969793197475 40.574940315217816)","genusspecies":"Acer saccharinum - silver maple"}},{"type":"Feature","geometry":{"type":"Point","coordinates":[-74.13979733154736,40.5749179773736]},"properties":{"tpcondition":"Fair","stumpdiameter":"0","riskratingdate":null,"riskrating":null,"objectid":"2941627","globalid":"49A185C1-A515-4079-9CF1-B7ABCDB48D10","tpstructure":"Full","plantingspaceglobalid":"0E1871A0-716C-4638-9B26-0906ACF131B4","createddate":"2016-03-15 17:22:58.0000000","dbh":"5","planteddate":null,"updateddate":"2018-10-24 16:44:16.0000000","geometry":"POINT(-74.13979733154736 40.5749179773736)","genusspecies":"Nyssa sylvatica - blackgum"}},{"type":"Feature","geometry":{"type":"Point","coordinates":[-74.1398435391798,40.57491234002606]},"properties":{"tpcondition":"Fair","stumpdiameter":"0","riskratingdate":null,"riskrating":null,"objectid":"2941628","globalid":"EEC07F94-F419-4DCD-A2D4-A48911FCDFE6","tpstructure":"Full","plantingspaceglobalid":"7CA6CB60-841C-436D-893A-64F2FBD93C67","createddate":"2016-03-15 17:22:58.0000000","dbh":"5","planteddate":null,"updateddate":"2018-10-24 16:45:19.0000000","geometry":"POINT(-74.1398435391798 40.57491234002606)","genusspecies":"Quercus palustris - pin oak"}},{"type":"Feature","geometry":{"type":"Point","coordinates":[-74.13988974830315,40.57490670208627]},"properties":{"tpcondition":"Fair","stumpdiameter":"0","riskratingdate":null,"riskrating":null,"objectid":"2941629","globalid":"A3715F10-F23A-4E6A-8100-27D4210DF8E9","tpstructure":"Full","plantingspaceglobalid":"B219DEE4-EF29-46DC-879C-8FB3CD681DD8","createddate":"2016-03-15 17:22:58.0000000","dbh":"25","planteddate":null,"updateddate":"2018-10-24 16:46:39.0000000","geometry":"POINT(-74.13988974830315 40.57490670208627)","genusspecies":"Acer rubrum - red maple"}},{"type":"Feature","geometry":{"type":"Point","coordinates":[-74.16106740753,40.58815088987679]},"properties":{"tpcondition":"Fair","stumpdiameter":"0","riskratingdate":null,"riskrating":null,"objectid":"2941630","globalid":"202D36CE-CCFD-42EA-A268-87F64C3573CA","tpstructure":"Full","plantingspaceglobalid":"67A2FD7E-B8A9-4E2A-A110-C89092A15BFE","createddate":"2016-03-15 17:22:58.0000000","dbh":"17","planteddate":null,"updateddate":"2019-03-08 18:10:23.0000000","geometry":"POINT(-74.16106740753 40.58815088987679)","genusspecies":"Quercus palustris - pin oak"}},{"type":"Feature","geometry":{"type":"Point","coordinates":[-74.16094812265877,40.588258871254304]},"properties":{"tpcondition":"Dead","stumpdiameter":"10","riskratingdate":"2019-10-24 14:38:00.0000000","riskrating":"8","objectid":"2941631","globalid":"E56D3E98-2AB6-4E09-A980-A5978E9EB6AC","tpstructure":"Retired","plantingspaceglobalid":"7631B944-D6F1-4A6E-AC6C-A1A700444FC1","createddate":"2016-03-15 17:22:00.0000000","dbh":"9","planteddate":null,"updateddate":"2022-12-29 16:35:00.0000000","geometry":"POINT(-74.16094812265877 40.588258871254304)","genusspecies":"Quercus palustris - pin oak"}},{"type":"Feature","geometry":{"type":"Point","coordinates":[-74.16074936653015,40.58846048265306]},"properties":{"tpcondition":"Poor","stumpdiameter":null,"riskratingdate":"2024-09-24 13:11:44.0000000","riskrating":"8","objectid":"2941632","globalid":"B9CFD64C-A234-4042-B432-D41F1D29B06A","tpstructure":"Full","plantingspaceglobalid":"3134B83C-5B9A-4C30-8D01-1AEA06BAD93E","createddate":"2016-03-15 17:22:59.0000000","dbh":"12","planteddate":null,"updateddate":"2024-09-24 13:11:44.0000000","geometry":"POINT(-74.16074936653015 40.58846048265306)","genusspecies":"Quercus palustris - pin oak"}},{"type":"Feature","geometry":{"type":"Point","coordinates":[-74.16058413057648,40.58863047645739]},"properties":{"tpcondition":"Dead","stumpdiameter":"17","riskratingdate":"2019-10-24 14:45:00.0000000","riskrating":"8","objectid":"2941633","globalid":"EAC7DE2F-BE90-4009-A7A8-DC3601B584A9","tpstructure":"Retired","plantingspaceglobalid":"20648F5B-056C-4E33-8737-C6526F055A44","createddate":"2016-03-15 17:22:00.0000000","dbh":"17","planteddate":null,"updateddate":"2022-12-28 19:56:00.0000000","geometry":"POINT(-74.16058413057648 40.58863047645739)","genusspecies":"Quercus palustris - pin oak"}},{"type":"Feature","geometry":{"type":"Point","coordinates":[-74.16051398936786,40.588705031871655]},"properties":{"tpcondition":"Good","stumpdiameter":null,"riskratingdate":"2020-04-14 17:19:22.0000000","riskrating":"3","objectid":"2941634","globalid":"3F145EAF-4655-48AC-92CE-EEB294163A5D","tpstructure":"Full","plantingspaceglobalid":"5D7ECD1B-30CC-4507-B8C8-C5ABDE3E7E69","createddate":"2016-03-15 17:22:59.0000000","dbh":"21","planteddate":null,"updateddate":"2020-04-14 17:19:22.0000000","geometry":"POINT(-74.16051398936786 40.588705031871655)","genusspecies":"Quercus palustris - pin oak"}},{"type":"Feature","geometry":{"type":"Point","coordinates":[-74.16037210391508,40.58883806196553]},"properties":{"tpcondition":"Fair","stumpdiameter":"0","riskratingdate":null,"riskrating":null,"objectid":"2941635","globalid":"9381FA48-5BDE-4B78-AB02-822CA8997A1F","tpstructure":"Full","plantingspaceglobalid":"DFFEFE68-72B1-419E-B4AC-0156AC405024","createddate":"2016-03-15 17:23:00.0000000","dbh":"4","planteddate":null,"updateddate":"2019-03-08 18:11:41.0000000","geometry":"POINT(-74.16037210391508 40.58883806196553)","genusspecies":"Quercus palustris - pin oak"}},{"type":"Feature","geometry":{"type":"Point","coordinates":[-74.16016789606456,40.589048614863096]},"properties":{"tpcondition":"Fair","stumpdiameter":"0","riskratingdate":null,"riskrating":null,"objectid":"2941636","globalid":"ABD7E2F9-E686-4664-8B3C-CF50EF2E0F31","tpstructure":"Full","plantingspaceglobalid":"F5070867-3471-4A5A-991F-26851277A60B","createddate":"2016-03-15 17:23:00.0000000","dbh":"18","planteddate":null,"updateddate":"2019-03-08 18:12:03.0000000","geometry":"POINT(-74.16016789606456 40.589048614863096)","genusspecies":"Quercus palustris - pin oak"}},{"type":"Feature","geometry":{"type":"Point","coordinates":[-74.16002446597516,40.5891899857346]},"properties":{"tpcondition":"Fair","stumpdiameter":"0","riskratingdate":null,"riskrating":null,"objectid":"2941637","globalid":"BF49FE85-C013-4FE8-8106-BF5DAC198955","tpstructure":"Full","plantingspaceglobalid":"494898CF-117C-4A67-844B-84BCA8BFA5A5","createddate":"2016-03-15 17:23:00.0000000","dbh":"12","planteddate":null,"updateddate":"2019-03-08 19:40:43.0000000","geometry":"POINT(-74.16002446597516 40.5891899857346)","genusspecies":"Liquidambar styraciflua - sweetgum"}},{"type":"Feature","geometry":{"type":"Point","coordinates":[-74.15994574959406,40.5892734882217]},"properties":{"tpcondition":"Dead","stumpdiameter":"28","riskratingdate":"2019-10-24 15:01:00.0000000","riskrating":"9","objectid":"2941638","globalid":"5BC90BEC-A73D-4AFB-AF65-780430A9F8B5","tpstructure":"Retired","plantingspaceglobalid":"2A067301-D6D3-47D9-B038-E32374E884F5","createddate":"2016-03-15 17:23:00.0000000","dbh":"24","planteddate":null,"updateddate":"2022-12-28 13:50:00.0000000","geometry":"POINT(-74.15994574959406 40.5892734882217)","genusspecies":"Quercus palustris - pin oak"}},{"type":"Feature","geometry":{"type":"Point","coordinates":[-74.15986310226201,40.58934686893703]},"properties":{"tpcondition":"Fair","stumpdiameter":"0","riskratingdate":null,"riskrating":null,"objectid":"2941639","globalid":"0F480611-9BB9-4E22-A0A7-E2421059591B","tpstructure":"Full","plantingspaceglobalid":"47AABC92-7C4F-40A3-BF84-03A20B0D3BD6","createddate":"2016-03-15 17:23:00.0000000","dbh":"24","planteddate":null,"updateddate":"2019-03-08 19:43:03.0000000","geometry":"POINT(-74.15986310226201 40.58934686893703)","genusspecies":"Quercus palustris - pin oak"}},{"type":"Feature","geometry":{"type":"Point","coordinates":[-74.1598015376986,40.58941485989887]},"properties":{"tpcondition":"Fair","stumpdiameter":"0","riskratingdate":null,"riskrating":null,"objectid":"2941640","globalid":"3633463B-15B4-43E7-A38B-6D74052AD485","tpstructure":"Full","plantingspaceglobalid":"A1D3D980-3696-44BB-867E-7ED06D12C931","createddate":"2016-03-15 17:23:00.0000000","dbh":"17","planteddate":null,"updateddate":"2019-03-08 19:45:45.0000000","geometry":"POINT(-74.1598015376986 40.58941485989887)","genusspecies":"Quercus palustris - pin oak"}},{"type":"Feature","geometry":{"type":"Point","coordinates":[-74.1597376168742,40.589477492584166]},"properties":{"tpcondition":"Fair","stumpdiameter":"0","riskratingdate":null,"riskrating":null,"objectid":"2941641","globalid":"4DB4003A-90FA-4345-B559-CC88FE964D43","tpstructure":"Full","plantingspaceglobalid":"0A55A2E1-3AFB-4D9D-8C68-D5B763C6EF32","createddate":"2016-03-15 17:23:01.0000000","dbh":"16","planteddate":null,"updateddate":"2019-03-08 19:46:59.0000000","geometry":"POINT(-74.1597376168742 40.589477492584166)","genusspecies":"Quercus palustris - pin oak"}},{"type":"Feature","geometry":{"type":"Point","coordinates":[-74.15957703407163,40.58963497014439]},"properties":{"tpcondition":"Fair","stumpdiameter":"0","riskratingdate":"2019-08-08 11:59:02.0000000","riskrating":"6","objectid":"2941642","globalid":"F0404EE4-A649-43E4-B075-59B14057A1DC","tpstructure":"Full","plantingspaceglobalid":"39B863DE-34A7-489C-ACD1-0069667CA001","createddate":"2016-03-15 17:23:01.0000000","dbh":"18","planteddate":null,"updateddate":"2019-08-08 15:59:03.0000000","geometry":"POINT(-74.15957703407163 40.58963497014439)","genusspecies":"Gleditsia triacanthos var. inermis - Thornless honeylocust"}},{"type":"Feature","geometry":{"type":"Point","coordinates":[-74.15926056145,40.58995289561819]},"properties":{"tpcondition":"Fair","stumpdiameter":"0","riskratingdate":null,"riskrating":null,"objectid":"2941643","globalid":"CAEE4823-6F64-4D1C-9F9C-3033A6FDA78D","tpstructure":"Full","plantingspaceglobalid":"AB240A47-C84F-4B29-B8F5-3C33F4A503D5","createddate":"2016-03-15 17:23:01.0000000","dbh":"5","planteddate":null,"updateddate":"2019-03-08 19:51:20.0000000","geometry":"POINT(-74.15926056145 40.58995289561819)","genusspecies":"Zelkova serrata - Japanese zelkova"}},{"type":"Feature","geometry":{"type":"Point","coordinates":[-74.159198197064,40.590013739431264]},"properties":{"tpcondition":"Dead","stumpdiameter":"11","riskratingdate":"2023-08-30 11:03:37.0000000","riskrating":"8","objectid":"2941644","globalid":"0CC35FA1-7286-43EB-B30C-14CA9B339DCA","tpstructure":"Stump","plantingspaceglobalid":"724DA205-7DE7-441D-82B7-9076FF23EA58","createddate":"2016-03-15 17:23:01.0000000","dbh":"9","planteddate":null,"updateddate":"2023-10-27 11:20:10.0000000","geometry":"POINT(-74.159198197064 40.590013739431264)","genusspecies":"Quercus palustris - pin oak"}},{"type":"Feature","geometry":{"type":"Point","coordinates":[-74.1390944461297,40.567173560329366]},"properties":{"tpcondition":"Fair","stumpdiameter":null,"riskratingdate":"2024-05-22 14:33:48.0000000","riskrating":"7","objectid":"2941645","globalid":"0843A538-0823-49AC-B5ED-0089B130EF5F","tpstructure":"Full","plantingspaceglobalid":"BA9D02CA-3A3A-4ACC-AD2A-E3217C067851","createddate":"2016-03-15 17:23:01.0000000","dbh":"10","planteddate":null,"updateddate":"2024-05-22 14:33:48.0000000","geometry":"POINT(-74.1390944461297 40.567173560329366)","genusspecies":"Pyrus calleryana - Callery pear"}},{"type":"Feature","geometry":{"type":"Point","coordinates":[-74.13917976590386,40.56706856981595]},"properties":{"tpcondition":"Fair","stumpdiameter":null,"riskratingdate":"2023-12-15 15:11:44.0000000","riskrating":"7","objectid":"2941646","globalid":"41F70CF2-B77D-486B-B2BF-37B61A3A19ED","tpstructure":"Full","plantingspaceglobalid":"C4583A35-68E8-428D-BAB3-C400D108B61A","createddate":"2016-03-15 17:23:02.0000000","dbh":"14","planteddate":null,"updateddate":"2023-12-15 15:11:44.0000000","geometry":"POINT(-74.13917976590386 40.56706856981595)","genusspecies":"Zelkova serrata - Japanese zelkova"}},{"type":"Feature","geometry":{"type":"Point","coordinates":[-74.13922147656386,40.567017241657545]},"properties":{"tpcondition":"Fair","stumpdiameter":null,"riskratingdate":"2023-12-15 15:13:28.0000000","riskrating":"6","objectid":"2941647","globalid":"23CBD07E-E2F6-4C69-989C-AE7C0135466A","tpstructure":"Full","plantingspaceglobalid":"15E935C0-3528-4821-B56B-84B366C6B923","createddate":"2016-03-15 17:23:02.0000000","dbh":"14","planteddate":null,"updateddate":"2023-12-15 15:13:28.0000000","geometry":"POINT(-74.13922147656386 40.567017241657545)","genusspecies":"Liquidambar styraciflua - sweetgum"}},{"type":"Feature","geometry":{"type":"Point","coordinates":[-74.13925939515258,40.56697057911037]},"properties":{"tpcondition":"Fair","stumpdiameter":null,"riskratingdate":"2023-12-15 15:15:27.0000000","riskrating":"7","objectid":"2941648","globalid":"7C1B89C5-B2A9-4E49-8D81-F450463B34EF","tpstructure":"Full","plantingspaceglobalid":"1B3ACB8A-A207-438F-89AC-6907D9D2E4DF","createddate":"2016-03-15 17:23:02.0000000","dbh":"9","planteddate":null,"updateddate":"2023-12-15 15:15:27.0000000","geometry":"POINT(-74.13925939515258 40.56697057911037)","genusspecies":"Zelkova serrata - Japanese zelkova"}},{"type":"Feature","geometry":{"type":"Point","coordinates":[-74.1393504031503,40.566858589741514]},"properties":{"tpcondition":"Dead","stumpdiameter":"0","riskratingdate":null,"riskrating":null,"objectid":"2941649","globalid":"AAD779C0-1413-48A1-951A-CB1E5C82F738","tpstructure":"Retired","plantingspaceglobalid":"29DABBF3-E52D-473C-928C-267F8D15F231","createddate":"2016-03-15 17:23:02.0000000","dbh":"1","planteddate":null,"updateddate":"2023-12-15 15:16:24.0000000","geometry":"POINT(-74.1393504031503 40.566858589741514)","genusspecies":"Unknown - Unknown"}},{"type":"Feature","geometry":{"type":"Point","coordinates":[-74.1393883215589,40.56681192715112]},"properties":{"tpcondition":"Fair","stumpdiameter":null,"riskratingdate":"2023-12-15 15:18:46.0000000","riskrating":"6","objectid":"2941650","globalid":"FFEE2B60-7C71-47E9-92D6-1C7EF80597F1","tpstructure":"Full","plantingspaceglobalid":"6ECA936F-7ED3-4ACE-9083-1756CF217137","createddate":"2016-03-15 17:23:02.0000000","dbh":"14","planteddate":null,"updateddate":"2023-12-15 15:18:46.0000000","geometry":"POINT(-74.1393883215589 40.56681192715112)","genusspecies":"Zelkova serrata - Japanese zelkova"}},{"type":"Feature","geometry":{"type":"Point","coordinates":[-74.13942624066435,40.56676526454711]},"properties":{"tpcondition":"Fair","stumpdiameter":null,"riskratingdate":"2023-12-15 15:21:02.0000000","riskrating":"6","objectid":"2941651","globalid":"DC20EA20-A91B-46F4-9A4D-AE458D1A492C","tpstructure":"Full","plantingspaceglobalid":"00BA7EC0-B11C-4A0A-810D-F291816FB074","createddate":"2016-03-15 17:23:03.0000000","dbh":"10","planteddate":null,"updateddate":"2023-12-15 15:21:02.0000000","geometry":"POINT(-74.13942624066435 40.56676526454711)","genusspecies":"Metasequoia glyptostroboides - dawn redwood"}},{"type":"Feature","geometry":{"type":"Point","coordinates":[-74.13945700160147,40.566711377476715]},"properties":{"tpcondition":"Fair","stumpdiameter":null,"riskratingdate":"2023-12-15 15:23:23.0000000","riskrating":"7","objectid":"2941652","globalid":"120871A6-1A6A-4E2E-BF0F-15CD48783930","tpstructure":"Full","plantingspaceglobalid":"4787A3A0-DE82-4ABF-9740-9FC838412199","createddate":"2016-03-15 17:23:03.0000000","dbh":"11","planteddate":null,"updateddate":"2023-12-15 15:23:23.0000000","geometry":"POINT(-74.13945700160147 40.566711377476715)","genusspecies":"Pyrus calleryana - Callery pear"}},{"type":"Feature","geometry":{"type":"Point","coordinates":[-74.13948350167064,40.56665739607258]},"properties":{"tpcondition":"Fair","stumpdiameter":null,"riskratingdate":"2023-12-15 15:25:04.0000000","riskrating":"7","objectid":"2941653","globalid":"C14044AC-FF32-4A63-BD47-C9DB91EEAE63","tpstructure":"Full","plantingspaceglobalid":"28AD1834-DFAC-4377-9BF5-8B32E10284BB","createddate":"2016-03-15 17:23:03.0000000","dbh":"7","planteddate":null,"updateddate":"2023-12-15 15:25:04.0000000","geometry":"POINT(-74.13948350167064 40.56665739607258)","genusspecies":"Pyrus calleryana - Callery pear"}},{"type":"Feature","geometry":{"type":"Point","coordinates":[-74.13951000319547,40.5666034140884]},"properties":{"tpcondition":"Fair","stumpdiameter":null,"riskratingdate":"2023-12-15 15:26:57.0000000","riskrating":"6","objectid":"2941654","globalid":"1BEE08B8-EEF3-4561-992E-16411532FB80","tpstructure":"Full","plantingspaceglobalid":"156121B0-4FEB-4DF3-A1A2-078520281FA0","createddate":"2016-03-15 17:23:03.0000000","dbh":"12","planteddate":null,"updateddate":"2023-12-15 15:26:57.0000000","geometry":"POINT(-74.13951000319547 40.5666034140884)","genusspecies":"Zelkova serrata - Japanese zelkova"}},{"type":"Feature","geometry":{"type":"Point","coordinates":[-74.13954281326252,40.56653657929806]},"properties":{"tpcondition":"Fair","stumpdiameter":null,"riskratingdate":"2023-12-15 15:29:02.0000000","riskrating":"7","objectid":"2941655","globalid":"0763EE39-01B8-4E97-B397-B249AE1B7E73","tpstructure":"Full","plantingspaceglobalid":"39929B20-13E7-4CEE-81DA-387D3D606142","createddate":"2016-03-15 17:23:03.0000000","dbh":"13","planteddate":null,"updateddate":"2023-12-15 15:29:02.0000000","geometry":"POINT(-74.13954281326252 40.56653657929806)","genusspecies":"Pyrus calleryana - Callery pear"}},{"type":"Feature","geometry":{"type":"Point","coordinates":[-74.13959581307707,40.56642861472665]},"properties":{"tpcondition":"Fair","stumpdiameter":null,"riskratingdate":"2023-12-15 15:31:39.0000000","riskrating":"6","objectid":"2941656","globalid":"A6AA0A53-C050-4740-8F82-33B6137516A7","tpstructure":"Full","plantingspaceglobalid":"B09E2722-9086-4623-AC63-7DD6B8A9E950","createddate":"2016-03-15 17:23:03.0000000","dbh":"12","planteddate":null,"updateddate":"2023-12-15 15:31:39.0000000","geometry":"POINT(-74.13959581307707 40.56642861472665)","genusspecies":"Zelkova serrata - Japanese zelkova"}},{"type":"Feature","geometry":{"type":"Point","coordinates":[-74.13961978994894,40.56637977372418]},"properties":{"tpcondition":"Good","stumpdiameter":null,"riskratingdate":"2023-12-15 15:32:55.0000000","riskrating":"5","objectid":"2941657","globalid":"DA185C4B-CF4D-4357-AF4B-C28E21B6FA4A","tpstructure":"Full","plantingspaceglobalid":"21A5B179-83CB-4C8D-8F08-4BBC817825DB","createddate":"2016-03-15 17:23:04.0000000","dbh":"7","planteddate":null,"updateddate":"2023-12-15 15:32:55.0000000","geometry":"POINT(-74.13961978994894 40.56637977372418)","genusspecies":"Zelkova serrata - Japanese zelkova"}},{"type":"Feature","geometry":{"type":"Point","coordinates":[-74.13964376528722,40.56633093329015]},"properties":{"tpcondition":"Fair","stumpdiameter":null,"riskratingdate":"2023-12-15 15:33:55.0000000","riskrating":"6","objectid":"2941658","globalid":"EFF55FD8-C36D-4ECF-B0DF-893A3C6D3455","tpstructure":"Full","plantingspaceglobalid":"63FF052B-624D-44B4-8172-3B3680FE7A96","createddate":"2016-03-15 17:23:04.0000000","dbh":"7","planteddate":null,"updateddate":"2023-12-15 15:33:55.0000000","geometry":"POINT(-74.13964376528722 40.56633093329015)","genusspecies":"Pyrus calleryana - Callery pear"}},{"type":"Feature","geometry":{"type":"Point","coordinates":[-74.13971897816728,40.566239874839624]},"properties":{"tpcondition":"Dead","stumpdiameter":"11","riskratingdate":"2023-02-16 17:42:39.0000000","riskrating":"7","objectid":"2941659","globalid":"6BA247AB-874F-4A75-8DE1-7CC5847011BD","tpstructure":"Stump","plantingspaceglobalid":"14CF1023-BD42-4DE5-9CF6-04238CD6248D","createddate":"2016-03-15 17:23:04.0000000","dbh":"8","planteddate":null,"updateddate":"2023-04-01 15:15:31.0000000","geometry":"POINT(-74.13971897816728 40.566239874839624)","genusspecies":"Acer platanoides - Norway maple"}},{"type":"Feature","geometry":{"type":"Point","coordinates":[-74.13978314206035,40.56618792673727]},"properties":{"tpcondition":"Fair","stumpdiameter":null,"riskratingdate":"2023-12-15 15:37:14.0000000","riskrating":"6","objectid":"2941660","globalid":"814A1661-F706-45D3-87B0-E7AF2ABAEDE9","tpstructure":"Full","plantingspaceglobalid":"5BBBE5E4-3D0B-4BDB-AE47-DBE8392A8F49","createddate":"2016-03-15 17:23:04.0000000","dbh":"10","planteddate":null,"updateddate":"2023-12-15 15:37:14.0000000","geometry":"POINT(-74.13978314206035 40.56618792673727)","genusspecies":"Acer platanoides - Norway maple"}},{"type":"Feature","geometry":{"type":"Point","coordinates":[-74.13990159740855,40.56609202241053]},"properties":{"tpcondition":"Fair","stumpdiameter":null,"riskratingdate":"2023-12-15 15:40:46.0000000","riskrating":"6","objectid":"2941661","globalid":"34F5DB99-7035-4778-A891-181E456F8CFC","tpstructure":"Full","plantingspaceglobalid":"234230BF-5202-4FB3-87D0-258878D7E5CE","createddate":"2016-03-15 17:23:04.0000000","dbh":"10","planteddate":null,"updateddate":"2023-12-15 15:40:46.0000000","geometry":"POINT(-74.13990159740855 40.56609202241053)","genusspecies":"Acer platanoides - Norway maple"}},{"type":"Feature","geometry":{"type":"Point","coordinates":[-74.1400003104362,40.56601210080477]},"properties":{"tpcondition":"Dead","stumpdiameter":"5","riskratingdate":"2018-05-29 11:23:00.0000000","riskrating":"7","objectid":"2941662","globalid":"A4A9C952-2DA4-4411-8EAE-0B042BCD1DFF","tpstructure":"Retired","plantingspaceglobalid":"7D039FDF-B1DB-4B89-8EA8-CE60052C0E0F","createddate":"2016-03-15 17:23:00.0000000","dbh":"5","planteddate":null,"updateddate":"2019-11-20 16:49:00.0000000","geometry":"POINT(-74.1400003104362 40.56601210080477)","genusspecies":"Unknown - Unknown"}},{"type":"Feature","geometry":{"type":"Point","coordinates":[-74.14006200511572,40.565962150116206]},"properties":{"tpcondition":"Dead","stumpdiameter":"5","riskratingdate":"2018-05-29 11:25:00.0000000","riskrating":"7","objectid":"2941663","globalid":"FBF15D8C-4B86-4B2E-9B3B-CF46806D149F","tpstructure":"Retired","plantingspaceglobalid":"A7DC7C38-146C-4815-97D2-81833842FAD2","createddate":"2016-03-15 17:23:00.0000000","dbh":"6","planteddate":null,"updateddate":"2019-11-20 16:49:00.0000000","geometry":"POINT(-74.14006200511572 40.565962150116206)","genusspecies":"Unknown - Unknown"}},{"type":"Feature","geometry":{"type":"Point","coordinates":[-74.14014837916292,40.565892219666004]},"properties":{"tpcondition":"Dead","stumpdiameter":"12","riskratingdate":"2024-07-08 13:47:54.0000000","riskrating":"9","objectid":"2941664","globalid":"9BA81305-32B1-4381-9C85-F6F39A06E9E4","tpstructure":"Stump","plantingspaceglobalid":"071D9A3C-4BC3-4A20-87E2-A9F8CAB8F133","createddate":"2016-03-15 17:23:05.0000000","dbh":"9","planteddate":null,"updateddate":"2025-01-28 13:37:00.0000000","geometry":"POINT(-74.14014837916292 40.565892219666004)","genusspecies":"Acer platanoides - Norway maple"}},{"type":"Feature","geometry":{"type":"Point","coordinates":[-74.14026100641271,40.565815206365755]},"properties":{"tpcondition":"Dead","stumpdiameter":null,"riskratingdate":null,"riskrating":null,"objectid":"2941665","globalid":"998F0BC9-BC87-447E-B23C-F04CB61B730C","tpstructure":"Full","plantingspaceglobalid":"437FAB08-CA29-40C4-ABBA-D58816134AF8","createddate":"2016-03-15 17:23:05.0000000","dbh":"5","planteddate":null,"updateddate":"2023-12-15 15:45:48.0000000","geometry":"POINT(-74.14026100641271 40.565815206365755)","genusspecies":"Acer platanoides - Norway maple"}},{"type":"Feature","geometry":{"type":"Point","coordinates":[-74.14027670476257,40.565788322371425]},"properties":{"tpcondition":"Dead","stumpdiameter":"9","riskratingdate":"2017-03-28 13:32:24.0000000","riskrating":"4","objectid":"2941666","globalid":"A29F5DDC-DF19-471D-B257-3F2F184823DE","tpstructure":"Retired","plantingspaceglobalid":"E25F89A7-4768-4DE3-B4DE-AAC4BCF8DF37","createddate":"2016-03-15 17:23:05.0000000","dbh":"5","planteddate":null,"updateddate":"2018-07-11 14:22:35.0000000","geometry":"POINT(-74.14027670476257 40.565788322371425)","genusspecies":"Unknown - Unknown"}},{"type":"Feature","geometry":{"type":"Point","coordinates":[-74.14048153053999,40.56562248511633]},"properties":{"tpcondition":"Fair","stumpdiameter":null,"riskratingdate":"2023-12-15 15:47:49.0000000","riskrating":"7","objectid":"2941667","globalid":"71375B54-DE29-4183-86FE-DD91FB27BF8F","tpstructure":"Full","plantingspaceglobalid":"64081E16-A790-4C83-A4D8-1F23DD3C64F7","createddate":"2016-03-15 17:23:05.0000000","dbh":"7","planteddate":null,"updateddate":"2023-12-15 15:47:49.0000000","geometry":"POINT(-74.14048153053999 40.56562248511633)","genusspecies":"Pyrus calleryana - Callery pear"}},{"type":"Feature","geometry":{"type":"Point","coordinates":[-74.14049880578739,40.565608498624165]},"properties":{"tpcondition":"Fair","stumpdiameter":null,"riskratingdate":"2023-12-15 15:50:05.0000000","riskrating":"6","objectid":"2941668","globalid":"3BC14068-F42B-4D2B-A3F3-C1F3185D3869","tpstructure":"Full","plantingspaceglobalid":"E76F78A2-3389-4B57-97E8-662FAFF6711E","createddate":"2016-03-15 17:23:06.0000000","dbh":"7","planteddate":null,"updateddate":"2023-12-15 15:50:05.0000000","geometry":"POINT(-74.14049880578739 40.565608498624165)","genusspecies":"Acer platanoides - Norway maple"}},{"type":"Feature","geometry":{"type":"Point","coordinates":[-74.14055062773937,40.565566540280265]},"properties":{"tpcondition":"Poor","stumpdiameter":"8","riskratingdate":"2024-06-24 13:06:32.0000000","riskrating":"6","objectid":"2941669","globalid":"4354A285-BDD8-4A98-9D22-0B8DFEEDE08D","tpstructure":"Stump","plantingspaceglobalid":"7CB992DC-41C1-45AC-B5D0-AA3E3D035AE4","createddate":"2016-03-15 17:23:06.0000000","dbh":"6","planteddate":null,"updateddate":"2025-02-14 18:31:53.0000000","geometry":"POINT(-74.14055062773937 40.565566540280265)","genusspecies":"Acer platanoides - Norway maple"}},{"type":"Feature","geometry":{"type":"Point","coordinates":[-74.1405679037088,40.56555255434859]},"properties":{"tpcondition":"Dead","stumpdiameter":"6","riskratingdate":"2024-05-21 15:15:08.0000000","riskrating":"7","objectid":"2941670","globalid":"B684F4F9-95A2-4554-9257-5584BDD7CA43","tpstructure":"Stump","plantingspaceglobalid":"793712E5-55BF-4A3A-872D-69F49ED93065","createddate":"2016-03-15 17:23:06.0000000","dbh":"5","planteddate":null,"updateddate":"2024-12-11 17:32:48.0000000","geometry":"POINT(-74.1405679037088 40.56555255434859)","genusspecies":"Acer platanoides - Norway maple"}},{"type":"Feature","geometry":{"type":"Point","coordinates":[-74.1406221943142,40.56550859724558]},"properties":{"tpcondition":"Fair","stumpdiameter":null,"riskratingdate":"2023-12-15 15:58:37.0000000","riskrating":"7","objectid":"2941671","globalid":"D58DF6FB-AAC8-410D-BAE1-D66767DE7BB9","tpstructure":"Full","plantingspaceglobalid":"C75AEE6D-8F02-43A2-AFBC-E2AC5B161639","createddate":"2016-03-15 17:23:06.0000000","dbh":"7","planteddate":null,"updateddate":"2023-12-15 15:58:37.0000000","geometry":"POINT(-74.1406221943142 40.56550859724558)","genusspecies":"Acer platanoides - Norway maple"}},{"type":"Feature","geometry":{"type":"Point","coordinates":[-74.14065674393653,40.565480625360664]},"properties":{"tpcondition":"Fair","stumpdiameter":null,"riskratingdate":"2023-12-15 16:00:32.0000000","riskrating":"7","objectid":"2941672","globalid":"0412FCD1-D917-4372-99DC-81041D2BDA6B","tpstructure":"Full","plantingspaceglobalid":"A4A97937-2E29-4621-B09D-CFF755CFEFC3","createddate":"2016-03-15 17:23:06.0000000","dbh":"5","planteddate":null,"updateddate":"2023-12-15 16:00:32.0000000","geometry":"POINT(-74.14065674393653 40.565480625360664)","genusspecies":"Acer platanoides - Norway maple"}},{"type":"Feature","geometry":{"type":"Point","coordinates":[-74.14071103442502,40.56543666821545]},"properties":{"tpcondition":"Fair","stumpdiameter":null,"riskratingdate":"2023-12-14 16:05:37.0000000","riskrating":"6","objectid":"2941673","globalid":"AC1AA59F-BD1B-4295-BE89-8CDDB72B7A52","tpstructure":"Full","plantingspaceglobalid":"5992E6FD-58D1-4D75-AE08-BA8AB812E517","createddate":"2016-03-15 17:23:07.0000000","dbh":"6","planteddate":null,"updateddate":"2024-05-21 15:28:00.0000000","geometry":"POINT(-74.14071103442502 40.56543666821545)","genusspecies":"Acer platanoides - Norway maple"}},{"type":"Feature","geometry":{"type":"Point","coordinates":[-74.1407283080778,40.565422682262195]},"properties":{"tpcondition":"Poor","stumpdiameter":"8","riskratingdate":"2024-09-17 12:47:15.0000000","riskrating":"6","objectid":"2941674","globalid":"C61E576D-2648-4F99-A981-1345B4C00388","tpstructure":"Stump","plantingspaceglobalid":"CE12B365-17C2-46A9-AC7F-1C7F6D0CDD76","createddate":"2016-03-15 17:23:07.0000000","dbh":"5","planteddate":null,"updateddate":"2025-02-14 18:32:46.0000000","geometry":"POINT(-74.1407283080778 40.565422682262195)","genusspecies":"Acer platanoides - Norway maple"}},{"type":"Feature","geometry":{"type":"Point","coordinates":[-74.14078013124119,40.56538072381223]},"properties":{"tpcondition":"Fair","stumpdiameter":null,"riskratingdate":"2024-05-21 15:12:47.0000000","riskrating":"6","objectid":"2941675","globalid":"2B97CCFB-0494-47A7-BADF-BDE5BE91B060","tpstructure":"Full","plantingspaceglobalid":"A6E52FE7-4D43-4939-BE72-031E543A88F5","createddate":"2016-03-15 17:23:07.0000000","dbh":"7","planteddate":null,"updateddate":"2024-05-21 15:12:47.0000000","geometry":"POINT(-74.14078013124119 40.56538072381223)","genusspecies":"Acer platanoides - Norway maple"}},{"type":"Feature","geometry":{"type":"Point","coordinates":[-74.1410706832328,40.565148482375506]},"properties":{"tpcondition":"Fair","stumpdiameter":null,"riskratingdate":"2023-12-14 15:55:01.0000000","riskrating":"6","objectid":"2941676","globalid":"90D4D9E1-B4A2-4945-A8B1-44A3E0C4D0AA","tpstructure":"Full","plantingspaceglobalid":"73C3FA38-82FD-4ADA-A83F-CB465ECBA225","createddate":"2016-03-15 17:23:07.0000000","dbh":"9","planteddate":null,"updateddate":"2023-12-14 15:55:01.0000000","geometry":"POINT(-74.1410706832328 40.565148482375506)","genusspecies":"Pyrus calleryana - Callery pear"}},{"type":"Feature","geometry":{"type":"Point","coordinates":[-74.1411339292345,40.56509783384837]},"properties":{"tpcondition":"Fair","stumpdiameter":null,"riskratingdate":"2025-07-09 15:14:36.0000000","riskrating":"4","objectid":"2941677","globalid":"966CEA54-F883-4BC0-9E69-2ECEB7C13824","tpstructure":"Full","plantingspaceglobalid":"0B076DC9-8525-4EE2-AA3A-E902F83EA50E","createddate":"2016-03-15 17:23:08.0000000","dbh":"9","planteddate":null,"updateddate":"2025-07-09 15:14:36.0000000","geometry":"POINT(-74.1411339292345 40.56509783384837)","genusspecies":"Liquidambar styraciflua - sweetgum"}},{"type":"Feature","geometry":{"type":"Point","coordinates":[-74.14127736433466,40.56498781423139]},"properties":{"tpcondition":"Fair","stumpdiameter":null,"riskratingdate":"2023-11-03 15:17:26.0000000","riskrating":"7","objectid":"2941678","globalid":"D57F7D75-A8DC-4CA6-8AA3-066246E1E372","tpstructure":"Full","plantingspaceglobalid":"964C86F6-E882-4AEE-9ECB-30AE3082F8E1","createddate":"2016-03-15 17:23:08.0000000","dbh":"10","planteddate":null,"updateddate":"2023-12-14 15:49:14.0000000","geometry":"POINT(-74.14127736433466 40.56498781423139)","genusspecies":"Liquidambar styraciflua - sweetgum"}},{"type":"Feature","geometry":{"type":"Point","coordinates":[-74.14132273221767,40.5649525453703]},"properties":{"tpcondition":"Fair","stumpdiameter":null,"riskratingdate":"2023-12-14 15:48:53.0000000","riskrating":"7","objectid":"2941679","globalid":"82C8C9C8-F198-441D-8286-69288874E961","tpstructure":"Full","plantingspaceglobalid":"ED463FB4-7940-45E8-AFFD-F0A3BF40826F","createddate":"2016-03-15 17:23:08.0000000","dbh":"9","planteddate":null,"updateddate":"2023-12-14 15:48:53.0000000","geometry":"POINT(-74.14132273221767 40.5649525453703)","genusspecies":"Liquidambar styraciflua - sweetgum"}},{"type":"Feature","geometry":{"type":"Point","coordinates":[-74.14150168876232,40.56481343023586]},"properties":{"tpcondition":"Fair","stumpdiameter":null,"riskratingdate":"2023-12-14 15:46:11.0000000","riskrating":"5","objectid":"2941680","globalid":"2A295363-1D60-4561-AA19-7478928F25DF","tpstructure":"Full","plantingspaceglobalid":"3F0B3B8B-9444-4258-8C5A-52BC7B73AA46","createddate":"2016-03-15 17:23:08.0000000","dbh":"6","planteddate":null,"updateddate":"2023-12-14 15:46:11.0000000","geometry":"POINT(-74.14150168876232 40.56481343023586)","genusspecies":"Zelkova serrata - Japanese zelkova"}},{"type":"Feature","geometry":{"type":"Point","coordinates":[-74.14156218019423,40.56476640401029]},"properties":{"tpcondition":"Fair","stumpdiameter":null,"riskratingdate":"2023-12-14 15:45:01.0000000","riskrating":"5","objectid":"2941681","globalid":"F03CB06F-E7ED-44E5-B3B4-DEA0F74C1781","tpstructure":"Full","plantingspaceglobalid":"1687AD7A-63E1-48DB-B118-1988F938E948","createddate":"2016-03-15 17:23:09.0000000","dbh":"7","planteddate":null,"updateddate":"2023-12-14 15:45:01.0000000","geometry":"POINT(-74.14156218019423 40.56476640401029)","genusspecies":"Pyrus calleryana - Callery pear"}},{"type":"Feature","geometry":{"type":"Point","coordinates":[-74.14165795856374,40.56469194846986]},"properties":{"tpcondition":"Dead","stumpdiameter":"13","riskratingdate":"2020-05-21 14:29:00.0000000","riskrating":"8","objectid":"2941682","globalid":"644A33DE-EEA8-475A-9C87-578002366030","tpstructure":"Stump","plantingspaceglobalid":"0243759B-2065-4942-99B1-F1735EE34DF8","createddate":"2016-03-15 17:23:00.0000000","dbh":"11","planteddate":null,"updateddate":"2021-02-17 18:57:00.0000000","geometry":"POINT(-74.14165795856374 40.56469194846986)","genusspecies":"Liquidambar styraciflua - sweetgum"}},{"type":"Feature","geometry":{"type":"Point","coordinates":[-74.14175373671735,40.564617491705455]},"properties":{"tpcondition":"Fair","stumpdiameter":null,"riskratingdate":"2023-12-14 15:42:59.0000000","riskrating":"6","objectid":"2941683","globalid":"4B5D795B-B855-40BA-A402-027D84671F2D","tpstructure":"Full","plantingspaceglobalid":"E4B3754C-39AF-42FC-9A05-4E923E893CDE","createddate":"2016-03-15 17:23:09.0000000","dbh":"11","planteddate":null,"updateddate":"2023-12-14 15:42:59.0000000","geometry":"POINT(-74.14175373671735 40.564617491705455)","genusspecies":"Liquidambar styraciflua - sweetgum"}},{"type":"Feature","geometry":{"type":"Point","coordinates":[-74.1419047482432,40.56451031140328]},"properties":{"tpcondition":"Poor","stumpdiameter":null,"riskratingdate":"2020-06-02 16:38:00.0000000","riskrating":"9","objectid":"2941684","globalid":"B78A32AD-B709-40D2-BB1A-1888C38B0065","tpstructure":"Retired","plantingspaceglobalid":"250FBE85-131F-43C5-A15E-03ECA8535528","createddate":"2016-03-15 17:23:00.0000000","dbh":"15","planteddate":null,"updateddate":"2021-07-26 19:59:00.0000000","geometry":"POINT(-74.1419047482432 40.56451031140328)","genusspecies":"Fraxinus pennsylvanica - Green ash"}},{"type":"Feature","geometry":{"type":"Point","coordinates":[-74.14184777908208,40.56454845514457]},"properties":{"tpcondition":"Fair","stumpdiameter":null,"riskratingdate":"2023-12-13 15:04:09.0000000","riskrating":"7","objectid":"2941685","globalid":"271C9787-42B1-4481-ADDB-93A1C1FCD53B","tpstructure":"Full","plantingspaceglobalid":"67E8F8E9-49F0-409F-AEE5-E6F3B6CDC717","createddate":"2016-03-15 17:23:09.0000000","dbh":"16","planteddate":null,"updateddate":"2023-12-13 15:04:09.0000000","geometry":"POINT(-74.14184777908208 40.56454845514457)","genusspecies":"Fraxinus pennsylvanica - Green ash"}},{"type":"Feature","geometry":{"type":"Point","coordinates":[-74.14211416069475,40.56433729987218]},"properties":{"tpcondition":"Fair","stumpdiameter":null,"riskratingdate":"2023-12-13 15:07:32.0000000","riskrating":"8","objectid":"2941686","globalid":"3D57F5B0-C7F1-419E-9185-8560AA01A5ED","tpstructure":"Full","plantingspaceglobalid":"1FF5217D-DBA4-4A05-A58B-0D0AE9FBFE10","createddate":"2016-03-15 17:23:10.0000000","dbh":"15","planteddate":null,"updateddate":"2023-12-13 15:07:32.0000000","geometry":"POINT(-74.14211416069475 40.56433729987218)","genusspecies":"Fraxinus pennsylvanica - Green ash"}},{"type":"Feature","geometry":{"type":"Point","coordinates":[-74.14233091861952,40.564168791206825]},"properties":{"tpcondition":"Fair","stumpdiameter":null,"riskratingdate":"2023-12-13 15:11:39.0000000","riskrating":"6","objectid":"2941687","globalid":"7742F2AC-25DE-4A74-A9A6-BFBB77F4B7BD","tpstructure":"Full","plantingspaceglobalid":"110DE154-CE6A-4E78-AB9E-5C834718EAB2","createddate":"2016-03-15 17:23:10.0000000","dbh":"9","planteddate":null,"updateddate":"2023-12-13 15:11:39.0000000","geometry":"POINT(-74.14233091861952 40.564168791206825)","genusspecies":"Liquidambar styraciflua - sweetgum"}},{"type":"Feature","geometry":{"type":"Point","coordinates":[-74.14236658727599,40.56413317940999]},"properties":{"tpcondition":"Poor","stumpdiameter":null,"riskratingdate":"2023-12-13 18:41:35.0000000","riskrating":"8","objectid":"2941688","globalid":"EFD3CD92-9A36-4FA4-A770-C44B82A1D33C","tpstructure":"Full","plantingspaceglobalid":"BB5E3352-E953-446B-BB8E-881BF4933012","createddate":"2016-03-15 17:23:10.0000000","dbh":"16","planteddate":null,"updateddate":"2023-12-13 18:41:35.0000000","geometry":"POINT(-74.14236658727599 40.56413317940999)","genusspecies":"Fraxinus pennsylvanica - Green ash"}},{"type":"Feature","geometry":{"type":"Point","coordinates":[-74.14241810706352,40.564062416666786]},"properties":{"tpcondition":"Fair","stumpdiameter":null,"riskratingdate":"2023-12-13 15:13:59.0000000","riskrating":"5","objectid":"2941689","globalid":"7EC41376-8354-467C-9EAE-00DA52507208","tpstructure":"Full","plantingspaceglobalid":"271880CE-1B75-43A4-8F34-A2F89BF78F93","createddate":"2016-03-15 17:23:10.0000000","dbh":"7","planteddate":null,"updateddate":"2023-12-13 15:13:59.0000000","geometry":"POINT(-74.14241810706352 40.564062416666786)","genusspecies":"Aesculus x carnea - red horse-chestnut"}},{"type":"Feature","geometry":{"type":"Point","coordinates":[-74.14242935692884,40.56402496007617]},"properties":{"tpcondition":"Dead","stumpdiameter":"9","riskratingdate":"2024-06-24 12:56:36.0000000","riskrating":"7","objectid":"2941690","globalid":"ACB0C268-0B92-4E8B-9433-0E4A28C870C5","tpstructure":"Stump","plantingspaceglobalid":"FB50C362-FBD2-443F-B7F9-8BD6A00CBF58","createddate":"2016-03-15 17:23:10.0000000","dbh":"7","planteddate":null,"updateddate":"2025-02-17 15:37:46.0000000","geometry":"POINT(-74.14242935692884 40.56402496007617)","genusspecies":"Acer rubrum - red maple"}},{"type":"Feature","geometry":{"type":"Point","coordinates":[-74.13678482233789,40.57547109816705]},"properties":{"tpcondition":"Fair","stumpdiameter":"0","riskratingdate":null,"riskrating":null,"objectid":"2941691","globalid":"C65AB9C8-F69D-4CC1-8838-E69008509006","tpstructure":"Full","plantingspaceglobalid":"B09882D9-1FBF-40BD-9384-93D6FF6FD917","createddate":"2016-03-15 17:23:11.0000000","dbh":"6","planteddate":null,"updateddate":"2018-10-24 14:49:06.0000000","geometry":"POINT(-74.13678482233789 40.57547109816705)","genusspecies":"Pyrus calleryana - Callery pear"}},{"type":"Feature","geometry":{"type":"Point","coordinates":[-74.13682790507849,40.57566875760045]},"properties":{"tpcondition":"Fair","stumpdiameter":"0","riskratingdate":null,"riskrating":null,"objectid":"2941692","globalid":"80D60664-056B-45AE-BC63-2930E5D29C3B","tpstructure":"Full","plantingspaceglobalid":"D809ADBA-CCCE-46A2-A41B-E4846B9FA8CF","createddate":"2016-03-15 17:23:11.0000000","dbh":"12","planteddate":null,"updateddate":"2018-10-24 14:50:54.0000000","geometry":"POINT(-74.13682790507849 40.57566875760045)","genusspecies":"Liquidambar styraciflua - sweetgum"}},{"type":"Feature","geometry":{"type":"Point","coordinates":[-74.14241559101714,40.56379385669573]},"properties":{"tpcondition":"Fair","stumpdiameter":null,"riskratingdate":"2024-06-27 15:08:31.0000000","riskrating":"8","objectid":"2941693","globalid":"116B8469-0168-4FC3-A8A0-82E839580AAE","tpstructure":"Full","plantingspaceglobalid":"9F5A5444-72B3-434F-9A61-ACEDC543827D","createddate":"2016-03-15 17:23:11.0000000","dbh":"14","planteddate":null,"updateddate":"2024-06-27 15:08:31.0000000","geometry":"POINT(-74.14241559101714 40.56379385669573)","genusspecies":"Fraxinus pennsylvanica - Green ash"}},{"type":"Feature","geometry":{"type":"Point","coordinates":[-74.14238597617434,40.56375892624489]},"properties":{"tpcondition":"Fair","stumpdiameter":null,"riskratingdate":"2023-12-13 15:44:41.0000000","riskrating":"7","objectid":"2941694","globalid":"0A4AF3CF-E276-4D61-9913-1A9BDFBD8502","tpstructure":"Full","plantingspaceglobalid":"C058FA2D-A898-4F02-B678-776A848B75D7","createddate":"2016-03-15 17:23:11.0000000","dbh":"14","planteddate":null,"updateddate":"2023-12-13 15:44:41.0000000","geometry":"POINT(-74.14238597617434 40.56375892624489)","genusspecies":"Fraxinus pennsylvanica - Green ash"}},{"type":"Feature","geometry":{"type":"Point","coordinates":[-74.14235452669637,40.563725461958946]},"properties":{"tpcondition":"Fair","stumpdiameter":null,"riskratingdate":"2023-12-13 15:47:46.0000000","riskrating":"8","objectid":"2941695","globalid":"C4A3ADF1-598A-4C6E-8D18-DE84C521387B","tpstructure":"Full","plantingspaceglobalid":"44F86974-FF7B-4896-B26D-C0D85C6556EB","createddate":"2016-03-15 17:23:11.0000000","dbh":"16","planteddate":null,"updateddate":"2023-12-13 15:47:46.0000000","geometry":"POINT(-74.14235452669637 40.563725461958946)","genusspecies":"Fraxinus pennsylvanica - Green ash"}},{"type":"Feature","geometry":{"type":"Point","coordinates":[-74.14223298765984,40.56364179402804]},"properties":{"tpcondition":"Fair","stumpdiameter":null,"riskratingdate":"2024-06-27 15:04:08.0000000","riskrating":"7","objectid":"2941696","globalid":"0576A1B4-135D-4378-93AA-1207EBE583EB","tpstructure":"Full","plantingspaceglobalid":"3DB5767E-E0DC-4EF0-A443-654EBC53252C","createddate":"2016-03-15 17:23:12.0000000","dbh":"13","planteddate":null,"updateddate":"2024-06-27 15:04:08.0000000","geometry":"POINT(-74.14223298765984 40.56364179402804)","genusspecies":"Fraxinus pennsylvanica - Green ash"}},{"type":"Feature","geometry":{"type":"Point","coordinates":[-74.14216676512937,40.56361716585898]},"properties":{"tpcondition":"Fair","stumpdiameter":null,"riskratingdate":"2024-05-09 14:38:14.0000000","riskrating":"8","objectid":"2941697","globalid":"8671ABFE-BF80-483F-8569-2BFEFEB8BF5D","tpstructure":"Full","plantingspaceglobalid":"240236A0-FE6C-4B17-8DD8-8E34684DB43D","createddate":"2016-03-15 17:23:12.0000000","dbh":"15","planteddate":null,"updateddate":"2024-05-09 14:38:14.0000000","geometry":"POINT(-74.14216676512937 40.56361716585898)","genusspecies":"Fraxinus pennsylvanica - Green ash"}},{"type":"Feature","geometry":{"type":"Point","coordinates":[-74.14209964407819,40.56359733360369]},"properties":{"tpcondition":"Fair","stumpdiameter":null,"riskratingdate":"2024-06-27 15:11:19.0000000","riskrating":"8","objectid":"2941698","globalid":"A948B431-69F4-4F4E-AECB-8D3850FBF5C0","tpstructure":"Full","plantingspaceglobalid":"C9988DCC-3C7C-46B9-881B-0225CA541DF8","createddate":"2016-03-15 17:23:12.0000000","dbh":"15","planteddate":null,"updateddate":"2024-06-27 15:11:19.0000000","geometry":"POINT(-74.14209964407819 40.56359733360369)","genusspecies":"Fraxinus pennsylvanica - Green ash"}},{"type":"Feature","geometry":{"type":"Point","coordinates":[-74.14203252306935,40.56357750245285]},"properties":{"tpcondition":"Fair","stumpdiameter":null,"riskratingdate":"2023-12-13 16:08:20.0000000","riskrating":"9","objectid":"2941699","globalid":"2F310093-F093-4374-B8B1-CD3B5FF49506","tpstructure":"Full","plantingspaceglobalid":"3E35DE2C-FA2E-4B60-8F76-6594BF6F89F2","createddate":"2016-03-15 17:23:12.0000000","dbh":"17","planteddate":null,"updateddate":"2023-12-13 16:08:20.0000000","geometry":"POINT(-74.14203252306935 40.56357750245285)","genusspecies":"Fraxinus pennsylvanica - Green ash"}},{"type":"Feature","geometry":{"type":"Point","coordinates":[-74.14196540285009,40.563557671261805]},"properties":{"tpcondition":"Fair","stumpdiameter":null,"riskratingdate":"2023-12-13 16:11:12.0000000","riskrating":"8","objectid":"2941700","globalid":"AF0A68C2-55FB-4420-9474-C460283A959C","tpstructure":"Full","plantingspaceglobalid":"AF4B77AF-EAF7-49BF-9B64-9A60E6570795","createddate":"2016-03-15 17:23:12.0000000","dbh":"17","planteddate":null,"updateddate":"2023-12-13 16:11:12.0000000","geometry":"POINT(-74.14196540285009 40.563557671261805)","genusspecies":"Fraxinus pennsylvanica - Green ash"}},{"type":"Feature","geometry":{"type":"Point","coordinates":[-74.14189768861553,40.56353809637583]},"properties":{"tpcondition":"Poor","stumpdiameter":"0","riskratingdate":"2019-09-03 14:14:00.0000000","riskrating":"8","objectid":"2941701","globalid":"0F98EF95-25B8-4FB1-B10C-1BD5BC0405CF","tpstructure":"Retired","plantingspaceglobalid":"B41CE280-CFD9-4AE4-8D7D-FD16FAB2ACF5","createddate":"2016-03-15 17:23:00.0000000","dbh":"11","planteddate":null,"updateddate":"2021-05-11 17:04:00.0000000","geometry":"POINT(-74.14189768861553 40.56353809637583)","genusspecies":"Fraxinus pennsylvanica - Green ash"}},{"type":"Feature","geometry":{"type":"Point","coordinates":[-74.14173692063159,40.56349338291764]},"properties":{"tpcondition":"Fair","stumpdiameter":null,"riskratingdate":"2023-12-13 16:15:15.0000000","riskrating":"8","objectid":"2941702","globalid":"957ED6CD-91C6-4873-AC2C-24CC344D84DB","tpstructure":"Full","plantingspaceglobalid":"D8FCAFD0-93C2-4DA1-97AC-3FCB07037FAA","createddate":"2016-03-15 17:23:13.0000000","dbh":"19","planteddate":null,"updateddate":"2023-12-13 16:15:15.0000000","geometry":"POINT(-74.14173692063159 40.56349338291764)","genusspecies":"Fraxinus pennsylvanica - Green ash"}},{"type":"Feature","geometry":{"type":"Point","coordinates":[-74.14167267166415,40.5634686290838]},"properties":{"tpcondition":"Fair","stumpdiameter":null,"riskratingdate":"2023-12-13 16:23:02.0000000","riskrating":"8","objectid":"2941703","globalid":"3B700D0F-37F7-4232-8422-435102D8A947","tpstructure":"Full","plantingspaceglobalid":"B9D6AE37-2394-4986-9EFE-C785F6B0E9DE","createddate":"2016-03-15 17:23:13.0000000","dbh":"15","planteddate":null,"updateddate":"2023-12-13 16:23:02.0000000","geometry":"POINT(-74.14167267166415 40.5634686290838)","genusspecies":"Fraxinus pennsylvanica - Green ash"}},{"type":"Feature","geometry":{"type":"Point","coordinates":[-74.14160842349045,40.563443873497555]},"properties":{"tpcondition":"Poor","stumpdiameter":null,"riskratingdate":"2020-06-17 15:25:00.0000000","riskrating":"9","objectid":"2941704","globalid":"1BD74308-FD41-4614-A6C8-24843A8D52DB","tpstructure":"Retired","plantingspaceglobalid":"79330632-BB1D-4CE5-A4F9-D9FEB529BCEC","createddate":"2016-03-15 17:23:00.0000000","dbh":"15","planteddate":null,"updateddate":"2021-07-26 20:12:00.0000000","geometry":"POINT(-74.14160842349045 40.563443873497555)","genusspecies":"Fraxinus pennsylvanica - Green ash"}},{"type":"Feature","geometry":{"type":"Point","coordinates":[-74.14154417686645,40.56341911901711]},"properties":{"tpcondition":"Fair","stumpdiameter":null,"riskratingdate":"2023-12-13 16:27:29.0000000","riskrating":"8","objectid":"2941705","globalid":"4EC74549-1320-4232-B856-2FF780D63123","tpstructure":"Full","plantingspaceglobalid":"679DD2AB-9D5B-442A-A489-50D539A21D0C","createddate":"2016-03-15 17:23:13.0000000","dbh":"14","planteddate":null,"updateddate":"2023-12-13 16:27:29.0000000","geometry":"POINT(-74.14154417686645 40.56341911901711)","genusspecies":"Fraxinus pennsylvanica - Green ash"}},{"type":"Feature","geometry":{"type":"Point","coordinates":[-74.1414799295402,40.563394364501626]},"properties":{"tpcondition":"Fair","stumpdiameter":null,"riskratingdate":"2023-12-13 16:31:26.0000000","riskrating":"9","objectid":"2941706","globalid":"D94A9C0E-1B51-4B1F-BF7C-B3E1DC10B5E7","tpstructure":"Full","plantingspaceglobalid":"17B9023B-924F-4628-A2E5-54E47B16951A","createddate":"2016-03-15 17:23:00.0000000","dbh":"14","planteddate":null,"updateddate":"2023-12-13 16:31:26.0000000","geometry":"POINT(-74.1414799295402 40.563394364501626)","genusspecies":"Fraxinus pennsylvanica - Green ash"}},{"type":"Feature","geometry":{"type":"Point","coordinates":[-74.14143495606478,40.56337703609111]},"properties":{"tpcondition":"Fair","stumpdiameter":null,"riskratingdate":"2023-12-13 16:34:15.0000000","riskrating":"8","objectid":"2941707","globalid":"E76AA365-C02E-4257-A4BF-FE0B4584A582","tpstructure":"Full","plantingspaceglobalid":"AE0582CA-318A-4E1B-82AB-816F6E429299","createddate":"2016-03-15 17:23:14.0000000","dbh":"13","planteddate":null,"updateddate":"2023-12-13 16:34:15.0000000","geometry":"POINT(-74.14143495606478 40.56337703609111)","genusspecies":"Fraxinus pennsylvanica - Green ash"}},{"type":"Feature","geometry":{"type":"Point","coordinates":[-74.14139640846025,40.56336218266226]},"properties":{"tpcondition":"Fair","stumpdiameter":null,"riskratingdate":"2024-06-24 12:50:04.0000000","riskrating":"7","objectid":"2941708","globalid":"7A5B3C30-949A-4B6A-A02B-17912E67556C","tpstructure":"Full","plantingspaceglobalid":"F2C33D34-725B-4D89-9ABA-8E3FE75D52D6","createddate":"2016-03-15 17:23:14.0000000","dbh":"12","planteddate":null,"updateddate":"2024-06-24 12:50:04.0000000","geometry":"POINT(-74.14139640846025 40.56336218266226)","genusspecies":"Fraxinus pennsylvanica - Green ash"}},{"type":"Feature","geometry":{"type":"Point","coordinates":[-74.13699544333055,40.57583522433101]},"properties":{"tpcondition":"Dead","stumpdiameter":"25","riskratingdate":"2023-01-11 18:22:00.0000000","riskrating":"9","objectid":"2941709","globalid":"FD1B5991-A1F5-4726-A756-BBDBBAC6C908","tpstructure":"Stump","plantingspaceglobalid":"58D4576D-0772-4831-9B64-365AE713A9DF","createddate":"2016-03-15 17:23:00.0000000","dbh":"19","planteddate":null,"updateddate":"2023-02-22 11:20:01.0000000","geometry":"POINT(-74.13699544333055 40.57583522433101)","genusspecies":"Acer rubrum - red maple"}},{"type":"Feature","geometry":{"type":"Point","coordinates":[-74.13697964977388,40.57579846389366]},"properties":{"tpcondition":"Fair","stumpdiameter":null,"riskratingdate":"2020-10-02 19:14:28.0000000","riskrating":"8","objectid":"2941710","globalid":"8BD0A68F-A0CE-44FF-AAC1-F45C1B43E504","tpstructure":"Full","plantingspaceglobalid":"DA2C9BAA-369D-46DE-8209-31E28E047DF9","createddate":"2016-03-15 17:23:14.0000000","dbh":"21","planteddate":null,"updateddate":"2020-10-02 19:14:28.0000000","geometry":"POINT(-74.13697964977388 40.57579846389366)","genusspecies":"Acer rubrum - red maple"}},{"type":"Feature","geometry":{"type":"Point","coordinates":[-74.13696960612316,40.57574965490168]},"properties":{"tpcondition":"Fair","stumpdiameter":null,"riskratingdate":"2025-10-30 18:57:22.0000000","riskrating":"8","objectid":"2941711","globalid":"ACAEAF52-2EF9-4460-9CFD-EB73DC17123A","tpstructure":"Full","plantingspaceglobalid":"47E4C0D5-37AD-4663-833A-6AD1D281B72A","createddate":"2016-03-15 17:23:15.0000000","dbh":"23","planteddate":null,"updateddate":"2025-10-30 18:57:22.0000000","geometry":"POINT(-74.13696960612316 40.57574965490168)","genusspecies":"Acer rubrum - red maple"}},{"type":"Feature","geometry":{"type":"Point","coordinates":[-74.13696291211322,40.575717115189775]},"properties":{"tpcondition":"Fair","stumpdiameter":"0","riskratingdate":null,"riskrating":null,"objectid":"2941712","globalid":"6755D4E4-0509-4D5A-BB46-04A80DD69FD9","tpstructure":"Full","plantingspaceglobalid":"341A01B9-A948-4566-B867-FA789ED9BF82","createddate":"2016-03-15 17:23:15.0000000","dbh":"4","planteddate":null,"updateddate":"2018-10-24 14:52:52.0000000","geometry":"POINT(-74.13696291211322 40.575717115189775)","genusspecies":"Prunus serrulata 'Green leaf' - 'Green leaf' Japanese flowering cherry"}},{"type":"Feature","geometry":{"type":"Point","coordinates":[-74.14122073641961,40.56328512723092]},"properties":{"tpcondition":"Fair","stumpdiameter":null,"riskratingdate":"2023-12-12 13:57:21.0000000","riskrating":"7","objectid":"2941713","globalid":"E866514B-CFF1-4261-99E8-887068D747FF","tpstructure":"Full","plantingspaceglobalid":"28128A8D-6C86-489C-84FA-77D31990E1CC","createddate":"2016-03-15 17:23:15.0000000","dbh":"16","planteddate":null,"updateddate":"2023-12-12 13:57:21.0000000","geometry":"POINT(-74.14122073641961 40.56328512723092)","genusspecies":"Fraxinus pennsylvanica - Green ash"}},{"type":"Feature","geometry":{"type":"Point","coordinates":[-74.14108270784315,40.563231748465824]},"properties":{"tpcondition":"Good","stumpdiameter":null,"riskratingdate":"2023-12-12 13:58:57.0000000","riskrating":"6","objectid":"2941714","globalid":"DD92B545-7583-4DE1-A6A0-34739CF7096E","tpstructure":"Full","plantingspaceglobalid":"6CD88555-CB60-49FD-B7F3-E8AA1BB80683","createddate":"2016-03-15 17:23:15.0000000","dbh":"7","planteddate":null,"updateddate":"2023-12-12 13:58:57.0000000","geometry":"POINT(-74.14108270784315 40.563231748465824)","genusspecies":"Zelkova serrata - Japanese zelkova"}},{"type":"Feature","geometry":{"type":"Point","coordinates":[-74.14103180718416,40.563207234059306]},"properties":{"tpcondition":"Fair","stumpdiameter":null,"riskratingdate":"2023-12-12 14:02:36.0000000","riskrating":"8","objectid":"2941715","globalid":"6B186F10-C4BB-4CD1-8DEB-D5FC52C4654C","tpstructure":"Full","plantingspaceglobalid":"623F5F5E-72BF-4597-B937-7F29A96A1D27","createddate":"2016-03-15 17:23:15.0000000","dbh":"20","planteddate":null,"updateddate":"2023-12-12 14:02:36.0000000","geometry":"POINT(-74.14103180718416 40.563207234059306)","genusspecies":"Fraxinus pennsylvanica - Green ash"}},{"type":"Feature","geometry":{"type":"Point","coordinates":[-74.14098045786902,40.56318186242768]},"properties":{"tpcondition":"Fair","stumpdiameter":null,"riskratingdate":"2023-12-12 14:07:56.0000000","riskrating":"8","objectid":"2941716","globalid":"C5BAFCC7-0055-4679-A8DA-90D5234CBB12","tpstructure":"Full","plantingspaceglobalid":"E12B52A1-9CFA-4452-B2D4-BD4294892DA4","createddate":"2016-03-15 17:23:16.0000000","dbh":"17","planteddate":null,"updateddate":"2023-12-12 14:07:56.0000000","geometry":"POINT(-74.14098045786902 40.56318186242768)","genusspecies":"Fraxinus pennsylvanica - Green ash"}},{"type":"Feature","geometry":{"type":"Point","coordinates":[-74.14092608673054,40.563155000846486]},"properties":{"tpcondition":"Excellent","stumpdiameter":null,"riskratingdate":"2023-12-12 14:08:54.0000000","riskrating":"3","objectid":"2941717","globalid":"55800EC3-03C4-498F-B21D-7827CF9782D5","tpstructure":"Full","plantingspaceglobalid":"8C20BCBE-9890-4059-9E5D-405364FD5984","createddate":"2016-03-15 17:23:16.0000000","dbh":"4","planteddate":null,"updateddate":"2023-12-12 14:08:54.0000000","geometry":"POINT(-74.14092608673054 40.563155000846486)","genusspecies":"Koelreuteria paniculata - goldenrain tree"}},{"type":"Feature","geometry":{"type":"Point","coordinates":[-74.14084755046572,40.563116199214626]},"properties":{"tpcondition":"Good","stumpdiameter":null,"riskratingdate":"2023-12-12 14:10:59.0000000","riskrating":"6","objectid":"2941718","globalid":"D068476B-E332-4403-B6CC-7B60F6235631","tpstructure":"Full","plantingspaceglobalid":"0CCBC962-30EC-4897-B9AB-AF556F354D92","createddate":"2016-03-15 17:23:16.0000000","dbh":"7","planteddate":null,"updateddate":"2023-12-12 14:10:59.0000000","geometry":"POINT(-74.14084755046572 40.563116199214626)","genusspecies":"Zelkova serrata - Japanese zelkova"}},{"type":"Feature","geometry":{"type":"Point","coordinates":[-74.1407901598177,40.56308784306278]},"properties":{"tpcondition":"Fair","stumpdiameter":null,"riskratingdate":"2023-12-12 14:14:11.0000000","riskrating":"8","objectid":"2941719","globalid":"06AFFEBB-56B0-4BDC-9728-9DA5B21E6461","tpstructure":"Full","plantingspaceglobalid":"E681EDCF-D939-4F86-B955-912E3D77E4DE","createddate":"2016-03-15 17:23:16.0000000","dbh":"18","planteddate":null,"updateddate":"2023-12-12 14:14:11.0000000","geometry":"POINT(-74.1407901598177 40.56308784306278)","genusspecies":"Fraxinus - Ash"}},{"type":"Feature","geometry":{"type":"Point","coordinates":[-74.14073276922197,40.56305948859768]},"properties":{"tpcondition":"Fair","stumpdiameter":null,"riskratingdate":"2023-12-12 14:17:33.0000000","riskrating":"8","objectid":"2941720","globalid":"E81D5DE8-5205-43F9-8911-45C79EDA960F","tpstructure":"Full","plantingspaceglobalid":"B3670ECC-E90D-4E22-9424-9353839B01C1","createddate":"2016-03-15 17:23:16.0000000","dbh":"20","planteddate":null,"updateddate":"2023-12-12 14:17:33.0000000","geometry":"POINT(-74.14073276922197 40.56305948859768)","genusspecies":"Fraxinus pennsylvanica - Green ash"}},{"type":"Feature","geometry":{"type":"Point","coordinates":[-74.14042929395559,40.56288294900408]},"properties":{"tpcondition":"Fair","stumpdiameter":null,"riskratingdate":"2023-12-12 15:49:53.0000000","riskrating":"8","objectid":"2941721","globalid":"A55E3C93-CDB3-4D31-9CCD-066E710957A5","tpstructure":"Full","plantingspaceglobalid":"C01C8FD0-B546-4662-9D6F-0DC6F8AC4F6C","createddate":"2016-03-15 17:23:17.0000000","dbh":"13","planteddate":null,"updateddate":"2023-12-12 15:49:53.0000000","geometry":"POINT(-74.14042929395559 40.56288294900408)","genusspecies":"Fraxinus - Ash"}},{"type":"Feature","geometry":{"type":"Point","coordinates":[-74.1403868750718,40.562857483271934]},"properties":{"tpcondition":"Fair","stumpdiameter":null,"riskratingdate":"2023-12-12 15:52:43.0000000","riskrating":"7","objectid":"2941722","globalid":"A6A2C944-9A9F-4F8B-97B4-A1294EF25BE3","tpstructure":"Full","plantingspaceglobalid":"204A773E-9C3C-4F62-9D87-F02A263BF7DF","createddate":"2016-03-15 17:23:17.0000000","dbh":"13","planteddate":null,"updateddate":"2023-12-12 15:52:43.0000000","geometry":"POINT(-74.1403868750718 40.562857483271934)","genusspecies":"Fraxinus - Ash"}},{"type":"Feature","geometry":{"type":"Point","coordinates":[-74.14034445397216,40.56283201809866]},"properties":{"tpcondition":"Poor","stumpdiameter":"0","riskratingdate":"2019-09-03 13:45:38.0000000","riskrating":"7","objectid":"2941723","globalid":"370CF607-E5E2-49C0-AD40-5501F2888E45","tpstructure":"Full","plantingspaceglobalid":"71F94682-1E12-4178-964E-78F022B338AA","createddate":"2016-03-15 17:23:17.0000000","dbh":"7","planteddate":null,"updateddate":"2019-09-03 17:45:39.0000000","geometry":"POINT(-74.14034445397216 40.56283201809866)","genusspecies":"Fraxinus - Ash"}},{"type":"Feature","geometry":{"type":"Point","coordinates":[-74.14030017677328,40.5628074472403]},"properties":{"tpcondition":"Fair","stumpdiameter":null,"riskratingdate":"2023-12-12 15:56:24.0000000","riskrating":"8","objectid":"2941724","globalid":"5CA1A7C5-F500-408F-BF65-AC22444A421F","tpstructure":"Full","plantingspaceglobalid":"EA6E8398-7DB8-4E26-8919-A2CDF5959DE9","createddate":"2016-03-15 17:23:17.0000000","dbh":"16","planteddate":null,"updateddate":"2023-12-12 15:56:24.0000000","geometry":"POINT(-74.14030017677328 40.5628074472403)","genusspecies":"Fraxinus - Ash"}},{"type":"Feature","geometry":{"type":"Point","coordinates":[-74.14012778349404,40.56272653253262]},"properties":{"tpcondition":"Fair","stumpdiameter":null,"riskratingdate":"2023-12-12 16:06:04.0000000","riskrating":"8","objectid":"2941725","globalid":"5E5BC4E7-C13F-4D08-80E3-2BB422B8C06D","tpstructure":"Full","plantingspaceglobalid":"0D923744-5BFB-4732-9807-F9415D097DB7","createddate":"2016-03-15 17:23:18.0000000","dbh":"14","planteddate":null,"updateddate":"2023-12-12 16:06:04.0000000","geometry":"POINT(-74.14012778349404 40.56272653253262)","genusspecies":"Fraxinus - Ash"}},{"type":"Feature","geometry":{"type":"Point","coordinates":[-74.14007919997051,40.56270858069188]},"properties":{"tpcondition":"Fair","stumpdiameter":null,"riskratingdate":"2023-12-12 16:08:52.0000000","riskrating":"8","objectid":"2941726","globalid":"BF14F278-FB6D-4E02-8FB5-6496C304C731","tpstructure":"Full","plantingspaceglobalid":"8E1122E3-345E-4E0C-ACDC-CD8C877254F8","createddate":"2016-03-15 17:23:18.0000000","dbh":"14","planteddate":null,"updateddate":"2023-12-12 16:08:52.0000000","geometry":"POINT(-74.14007919997051 40.56270858069188)","genusspecies":"Fraxinus pennsylvanica - Green ash"}},{"type":"Feature","geometry":{"type":"Point","coordinates":[-74.14004357181972,40.56269541588152]},"properties":{"tpcondition":"Fair","stumpdiameter":null,"riskratingdate":"2023-12-12 16:11:24.0000000","riskrating":"7","objectid":"2941727","globalid":"98A0AEFF-077D-43FC-BB6F-42156570B1D3","tpstructure":"Full","plantingspaceglobalid":"AF57791F-249F-4A94-B590-728A0D7622AF","createddate":"2016-03-15 17:23:18.0000000","dbh":"14","planteddate":null,"updateddate":"2023-12-12 16:11:24.0000000","geometry":"POINT(-74.14004357181972 40.56269541588152)","genusspecies":"Fraxinus - Ash"}},{"type":"Feature","geometry":{"type":"Point","coordinates":[-74.1399913669601,40.56268075876033]},"properties":{"tpcondition":"Fair","stumpdiameter":null,"riskratingdate":"2023-12-12 16:15:15.0000000","riskrating":"8","objectid":"2941728","globalid":"8A8E2CBB-1635-4EFD-959C-1DF2E0E9AC28","tpstructure":"Full","plantingspaceglobalid":"AEE8D1C6-C036-40E7-B9A8-924CE43E6FAD","createddate":"2016-03-15 17:23:19.0000000","dbh":"14","planteddate":null,"updateddate":"2023-12-12 16:15:15.0000000","geometry":"POINT(-74.1399913669601 40.56268075876033)","genusspecies":"Fraxinus - Ash"}},{"type":"Feature","geometry":{"type":"Point","coordinates":[-74.13993883479127,40.5626712708352]},"properties":{"tpcondition":"Fair","stumpdiameter":null,"riskratingdate":"2023-12-12 16:17:44.0000000","riskrating":"8","objectid":"2941729","globalid":"82A24D3B-2DE5-40EB-AC7F-B5D0848B1A9F","tpstructure":"Full","plantingspaceglobalid":"C7020306-9DE4-49E1-A14C-2AABCEFEA5A2","createddate":"2016-03-15 17:23:19.0000000","dbh":"15","planteddate":null,"updateddate":"2023-12-12 16:17:44.0000000","geometry":"POINT(-74.13993883479127 40.5626712708352)","genusspecies":"Fraxinus - Ash"}},{"type":"Feature","geometry":{"type":"Point","coordinates":[-74.13988279974284,40.56266114955553]},"properties":{"tpcondition":"Fair","stumpdiameter":null,"riskratingdate":"2023-12-12 16:22:35.0000000","riskrating":"8","objectid":"2941730","globalid":"2D460E95-7479-4877-992B-7F0C31EE83EE","tpstructure":"Full","plantingspaceglobalid":"4EA28FEE-06D9-470B-84E4-7AB96A9E2947","createddate":"2016-03-15 17:23:19.0000000","dbh":"16","planteddate":null,"updateddate":"2023-12-12 16:22:35.0000000","geometry":"POINT(-74.13988279974284 40.56266114955553)","genusspecies":"Fraxinus - Ash"}},{"type":"Feature","geometry":{"type":"Point","coordinates":[-74.13965355161429,40.5626512875899]},"properties":{"tpcondition":"Fair","stumpdiameter":null,"riskratingdate":"2023-12-08 15:38:53.0000000","riskrating":"8","objectid":"2941731","globalid":"99B6748A-0F4D-4C28-AF2C-818FFC6682B5","tpstructure":"Full","plantingspaceglobalid":"9F481F7A-4285-43F6-9B55-A06B8A8BE596","createddate":"2016-03-15 17:23:19.0000000","dbh":"12","planteddate":null,"updateddate":"2023-12-08 15:38:53.0000000","geometry":"POINT(-74.13965355161429 40.5626512875899)","genusspecies":"Acer saccharinum - silver maple"}},{"type":"Feature","geometry":{"type":"Point","coordinates":[-74.1396034228231,40.5626551695338]},"properties":{"tpcondition":"Fair","stumpdiameter":null,"riskratingdate":"2025-11-03 21:16:43.0000000","riskrating":"8","objectid":"2941732","globalid":"09CA2283-1218-45F0-868E-1720935D008D","tpstructure":"Full","plantingspaceglobalid":"FFFAE235-488E-4771-98BF-D7733F974F5E","createddate":"2016-03-15 17:23:19.0000000","dbh":"13","planteddate":null,"updateddate":"2025-11-03 21:16:43.0000000","geometry":"POINT(-74.1396034228231 40.5626551695338)","genusspecies":"Acer saccharinum - silver maple"}},{"type":"Feature","geometry":{"type":"Point","coordinates":[-74.13955329327382,40.562659050313044]},"properties":{"tpcondition":"Poor","stumpdiameter":null,"riskratingdate":"2024-05-09 14:02:00.0000000","riskrating":"8","objectid":"2941733","globalid":"11816639-C257-48DF-B3F8-0576678AA0C6","tpstructure":"Retired","plantingspaceglobalid":"FE6C6D67-0EFB-4C6A-B52B-5E3041F151E5","createddate":"2016-03-15 17:23:00.0000000","dbh":"13","planteddate":null,"updateddate":"2025-07-22 17:55:00.0000000","geometry":"POINT(-74.13955329327382 40.562659050313044)","genusspecies":"Acer saccharinum - silver maple"}},{"type":"Feature","geometry":{"type":"Point","coordinates":[-74.13950316522079,40.56266293221226]},"properties":{"tpcondition":"Fair","stumpdiameter":null,"riskratingdate":"2023-12-08 15:24:00.0000000","riskrating":"6","objectid":"2941734","globalid":"45A7FF32-F796-40E9-8B47-165E607F88C0","tpstructure":"Full","plantingspaceglobalid":"E21FBE62-EA0F-47AB-B1C3-775E453526F4","createddate":"2016-03-15 17:23:20.0000000","dbh":"9","planteddate":null,"updateddate":"2023-12-08 15:24:00.0000000","geometry":"POINT(-74.13950316522079 40.56266293221226)","genusspecies":"Acer saccharinum - silver maple"}},{"type":"Feature","geometry":{"type":"Point","coordinates":[-74.13936492926196,40.56269792366214]},"properties":{"tpcondition":"Fair","stumpdiameter":null,"riskratingdate":"2023-12-08 15:18:50.0000000","riskrating":"6","objectid":"2941735","globalid":"C02DB406-0B9F-46C5-BA59-D883AA15716D","tpstructure":"Full","plantingspaceglobalid":"5CA96C5E-31DD-4627-B72E-43009BCF7285","createddate":"2016-03-15 17:23:20.0000000","dbh":"15","planteddate":null,"updateddate":"2023-12-08 15:18:50.0000000","geometry":"POINT(-74.13936492926196 40.56269792366214)","genusspecies":"Acer saccharinum - silver maple"}},{"type":"Feature","geometry":{"type":"Point","coordinates":[-74.13926587526892,40.56272775637868]},"properties":{"tpcondition":"Poor","stumpdiameter":null,"riskratingdate":"2024-05-09 13:55:18.0000000","riskrating":"7","objectid":"2941736","globalid":"5603DF0C-963C-4B8C-BFEF-49C8361E2B0F","tpstructure":"Full","plantingspaceglobalid":"B111A263-586C-4788-AAEB-8AC1D06BBCB0","createddate":"2016-03-15 17:23:20.0000000","dbh":"8","planteddate":null,"updateddate":"2024-05-09 13:56:19.0000000","geometry":"POINT(-74.13926587526892 40.56272775637868)","genusspecies":"Acer saccharinum - silver maple"}},{"type":"Feature","geometry":{"type":"Point","coordinates":[-74.13922478076641,40.562749993414585]},"properties":{"tpcondition":"Poor","stumpdiameter":null,"riskratingdate":"2023-11-03 15:38:12.0000000","riskrating":"7","objectid":"2941737","globalid":"A272444A-3D4A-4B16-9479-B82B0E88B0DE","tpstructure":"Full","plantingspaceglobalid":"6D7A19E5-2106-48C0-8B4E-18EF93F8153E","createddate":"2016-03-15 17:23:20.0000000","dbh":"14","planteddate":null,"updateddate":"2023-11-03 15:38:12.0000000","geometry":"POINT(-74.13922478076641 40.562749993414585)","genusspecies":"Acer saccharinum - silver maple"}},{"type":"Feature","geometry":{"type":"Point","coordinates":[-74.13917781665734,40.562775406660435]},"properties":{"tpcondition":"Dead","stumpdiameter":"0","riskratingdate":"2019-05-29 09:56:19.0000000","riskrating":"7","objectid":"2941738","globalid":"2AF1E959-F307-454B-B675-21F124A69EE4","tpstructure":"Stump","plantingspaceglobalid":"287779F7-51E9-4E47-B82C-7567B9581FE9","createddate":"2016-03-15 17:23:21.0000000","dbh":"10","planteddate":null,"updateddate":"2020-08-20 16:59:02.0000000","geometry":"POINT(-74.13917781665734 40.562775406660435)","genusspecies":"Acer saccharinum - silver maple"}},{"type":"Feature","geometry":{"type":"Point","coordinates":[-74.13912498142984,40.562803996682604]},"properties":{"tpcondition":"Poor","stumpdiameter":null,"riskratingdate":"2023-11-03 15:36:30.0000000","riskrating":"7","objectid":"2941739","globalid":"394270B5-EF2E-4402-9262-462DD10FC77B","tpstructure":"Full","plantingspaceglobalid":"AFFE4F24-7B3E-4898-B68F-25FBDE94440B","createddate":"2016-03-15 17:23:21.0000000","dbh":"14","planteddate":null,"updateddate":"2023-11-03 15:38:39.0000000","geometry":"POINT(-74.13912498142984 40.562803996682604)","genusspecies":"Acer saccharinum - silver maple"}},{"type":"Feature","geometry":{"type":"Point","coordinates":[-74.13900460099867,40.56288774191846]},"properties":{"tpcondition":"Good","stumpdiameter":"0","riskratingdate":null,"riskrating":null,"objectid":"2941740","globalid":"B580454F-0376-49EB-B53B-11F5B17A2109","tpstructure":"Retired","plantingspaceglobalid":"1C740B2B-F713-4E62-988D-43A41DDA3E4C","createddate":"2016-03-15 17:23:21.0000000","dbh":"21","planteddate":null,"updateddate":"2023-12-08 15:10:01.0000000","geometry":"POINT(-74.13900460099867 40.56288774191846)","genusspecies":"Tilia tomentosa - silver linden"}},{"type":"Feature","geometry":{"type":"Point","coordinates":[-74.13897190667717,40.56291698111529]},"properties":{"tpcondition":"Fair","stumpdiameter":null,"riskratingdate":"2023-12-08 15:08:40.0000000","riskrating":"6","objectid":"2941741","globalid":"2A3AC387-1A66-45B8-B309-5746080261C5","tpstructure":"Full","plantingspaceglobalid":"001CB5A0-8CAA-4DB6-89CC-AF1969AE10B7","createddate":"2016-03-15 17:23:21.0000000","dbh":"11","planteddate":null,"updateddate":"2023-12-08 15:08:40.0000000","geometry":"POINT(-74.13897190667717 40.56291698111529)","genusspecies":"Acer saccharinum - silver maple"}},{"type":"Feature","geometry":{"type":"Point","coordinates":[-74.13890563054618,40.562979241530144]},"properties":{"tpcondition":"Fair","stumpdiameter":"7","riskratingdate":"2023-12-08 15:05:31.0000000","riskrating":"6","objectid":"2941742","globalid":"245B8610-7530-4198-90EB-133E2499AC14","tpstructure":"Full","plantingspaceglobalid":"7F3668C2-637B-4A28-BB20-F462F6ECEFCF","createddate":"2016-03-15 17:23:21.0000000","dbh":null,"planteddate":null,"updateddate":"2023-12-08 15:05:31.0000000","geometry":"POINT(-74.13890563054618 40.562979241530144)","genusspecies":"Acer saccharinum - silver maple"}},{"type":"Feature","geometry":{"type":"Point","coordinates":[-74.13879224953577,40.563168651552495]},"properties":{"tpcondition":"Fair","stumpdiameter":null,"riskratingdate":"2023-12-08 14:58:48.0000000","riskrating":"7","objectid":"2941743","globalid":"847C9DE0-EFDB-4716-BD9F-5878DAD014BC","tpstructure":"Full","plantingspaceglobalid":"EC90825C-377B-4AF4-A9C7-3718C06D169E","createddate":"2016-03-15 17:23:22.0000000","dbh":"14","planteddate":null,"updateddate":"2023-12-08 14:58:48.0000000","geometry":"POINT(-74.13879224953577 40.563168651552495)","genusspecies":"Fraxinus - Ash"}},{"type":"Feature","geometry":{"type":"Point","coordinates":[-74.13876733477785,40.563231726513926]},"properties":{"tpcondition":"Fair","stumpdiameter":null,"riskratingdate":"2023-12-08 14:52:55.0000000","riskrating":"6","objectid":"2941744","globalid":"0C55A3C4-B9D6-4BAA-A24E-9565BF9ED68F","tpstructure":"Full","plantingspaceglobalid":"1A3F8D65-375B-4AD7-9AEF-FC776FADA5B3","createddate":"2016-03-15 17:23:22.0000000","dbh":"11","planteddate":null,"updateddate":"2023-12-08 14:52:55.0000000","geometry":"POINT(-74.13876733477785 40.563231726513926)","genusspecies":"Acer rubrum - red maple"}},{"type":"Feature","geometry":{"type":"Point","coordinates":[-74.13867630978592,40.563465099561505]},"properties":{"tpcondition":"Fair","stumpdiameter":null,"riskratingdate":"2023-12-08 14:45:04.0000000","riskrating":"6","objectid":"2941745","globalid":"7E94FEB8-7252-4935-80D3-AFB9494D2635","tpstructure":"Full","plantingspaceglobalid":"64B52CD5-83A9-41AD-A87C-BADE57DCB9EC","createddate":"2016-03-15 17:23:22.0000000","dbh":"11","planteddate":null,"updateddate":"2023-12-08 14:45:04.0000000","geometry":"POINT(-74.13867630978592 40.563465099561505)","genusspecies":"Acer saccharinum - silver maple"}},{"type":"Feature","geometry":{"type":"Point","coordinates":[-74.13865251022895,40.563511051825095]},"properties":{"tpcondition":"Fair","stumpdiameter":null,"riskratingdate":"2023-12-08 14:42:37.0000000","riskrating":"6","objectid":"2941746","globalid":"37DC3DD1-F6FE-4DD6-97A0-9C7AAB06E2D1","tpstructure":"Full","plantingspaceglobalid":"F4DDF89F-A11E-4C41-AA09-8AEA2209AA69","createddate":"2016-03-15 17:23:23.0000000","dbh":"12","planteddate":null,"updateddate":"2023-12-08 14:42:37.0000000","geometry":"POINT(-74.13865251022895 40.563511051825095)","genusspecies":"Acer saccharinum - silver maple"}},{"type":"Feature","geometry":{"type":"Point","coordinates":[-74.13862606615359,40.56356210919096]},"properties":{"tpcondition":"Fair","stumpdiameter":null,"riskratingdate":"2023-12-08 14:38:57.0000000","riskrating":"6","objectid":"2941747","globalid":"0E682D86-7566-4358-A8E7-73A1942B3164","tpstructure":"Full","plantingspaceglobalid":"8F66188B-C90A-4E4C-B74C-466D0B7CC714","createddate":"2016-03-15 17:23:23.0000000","dbh":"13","planteddate":null,"updateddate":"2023-12-08 14:38:57.0000000","geometry":"POINT(-74.13862606615359 40.56356210919096)","genusspecies":"Acer saccharinum - silver maple"}},{"type":"Feature","geometry":{"type":"Point","coordinates":[-74.13859373260298,40.563609712337154]},"properties":{"tpcondition":"Fair","stumpdiameter":null,"riskratingdate":"2023-12-08 14:34:46.0000000","riskrating":"6","objectid":"2941748","globalid":"B1CD9046-58DE-4791-BC09-BA8DE5D6C6F1","tpstructure":"Full","plantingspaceglobalid":"460AC210-A5C3-475D-B392-22C80E2FEB01","createddate":"2016-03-15 17:23:23.0000000","dbh":"16","planteddate":null,"updateddate":"2023-12-08 14:34:46.0000000","geometry":"POINT(-74.13859373260298 40.563609712337154)","genusspecies":"Acer saccharinum - silver maple"}},{"type":"Feature","geometry":{"type":"Point","coordinates":[-74.13855679715695,40.56365683096244]},"properties":{"tpcondition":"Fair","stumpdiameter":null,"riskratingdate":"2023-12-08 14:31:37.0000000","riskrating":"6","objectid":"2941749","globalid":"BF42F2E6-6633-4136-934C-0097638D4A0E","tpstructure":"Full","plantingspaceglobalid":"9D0B1BDF-7B3B-4D50-800D-874D445ED085","createddate":"2016-03-15 17:23:23.0000000","dbh":"12","planteddate":null,"updateddate":"2023-12-08 14:31:37.0000000","geometry":"POINT(-74.13855679715695 40.56365683096244)","genusspecies":"Acer saccharinum - silver maple"}},{"type":"Feature","geometry":{"type":"Point","coordinates":[-74.13851616660168,40.56370865909355]},"properties":{"tpcondition":"Fair","stumpdiameter":null,"riskratingdate":"2023-12-08 14:25:42.0000000","riskrating":"5","objectid":"2941750","globalid":"C68676DB-EF20-4679-91DF-54D9EA54849C","tpstructure":"Full","plantingspaceglobalid":"4A2A985F-9881-41B0-96D7-8D241F7FEFB5","createddate":"2016-03-15 17:23:23.0000000","dbh":"14","planteddate":null,"updateddate":"2023-12-08 14:25:42.0000000","geometry":"POINT(-74.13851616660168 40.56370865909355)","genusspecies":"Acer saccharinum - silver maple"}},{"type":"Feature","geometry":{"type":"Point","coordinates":[-74.13846277854157,40.56375897922012]},"properties":{"tpcondition":"Fair","stumpdiameter":null,"riskratingdate":"2023-12-08 14:22:52.0000000","riskrating":"5","objectid":"2941751","globalid":"311C6872-388F-4AAE-AFB8-FDC6BFBEEA52","tpstructure":"Full","plantingspaceglobalid":"AEA7668B-C9A2-4834-AE44-AEB8FBF7C2AA","createddate":"2016-03-15 17:23:24.0000000","dbh":"10","planteddate":null,"updateddate":"2024-09-17 14:38:12.0000000","geometry":"POINT(-74.13846277854157 40.56375897922012)","genusspecies":"Ulmus x - Hybrid Elm"}},{"type":"Feature","geometry":{"type":"Point","coordinates":[-74.13842127027257,40.56379691277457]},"properties":{"tpcondition":"Excellent","stumpdiameter":null,"riskratingdate":"2023-12-08 14:20:42.0000000","riskrating":"3","objectid":"2941752","globalid":"0E6A6C21-597D-4D3D-84CF-815D437A67FD","tpstructure":"Full","plantingspaceglobalid":"15AF1935-8B0E-4033-985B-A727C6E6211F","createddate":"2016-03-15 17:23:24.0000000","dbh":"5","planteddate":null,"updateddate":"2024-09-17 14:38:36.0000000","geometry":"POINT(-74.13842127027257 40.56379691277457)","genusspecies":"Gleditsia triacanthos - Honeylocust"}},{"type":"Feature","geometry":{"type":"Point","coordinates":[-74.13837976045453,40.563834845172025]},"properties":{"tpcondition":"Good","stumpdiameter":null,"riskratingdate":"2023-12-08 14:18:48.0000000","riskrating":"6","objectid":"2941753","globalid":"EEC46F35-22DC-4AE6-A3BD-D9826FB0BF64","tpstructure":"Full","plantingspaceglobalid":"22D5BC50-4EC0-4EB3-AAB6-125F66F96810","createddate":"2016-03-15 17:23:24.0000000","dbh":"10","planteddate":null,"updateddate":"2024-09-17 14:38:48.0000000","geometry":"POINT(-74.13837976045453 40.563834845172025)","genusspecies":"Ulmus x - Hybrid Elm"}},{"type":"Feature","geometry":{"type":"Point","coordinates":[-74.13832595519003,40.56387388914256]},"properties":{"tpcondition":"Fair","stumpdiameter":null,"riskratingdate":"2023-12-08 14:17:16.0000000","riskrating":"5","objectid":"2941754","globalid":"9BC8A4A1-F61C-4A51-84A5-65096C3079EB","tpstructure":"Full","plantingspaceglobalid":"E6391291-40CB-422E-A564-A1BE21B3BA15","createddate":"2016-03-15 17:23:24.0000000","dbh":"9","planteddate":null,"updateddate":"2024-09-17 14:39:04.0000000","geometry":"POINT(-74.13832595519003 40.56387388914256)","genusspecies":"Ulmus x - Hybrid Elm"}},{"type":"Feature","geometry":{"type":"Point","coordinates":[-74.13825683866594,40.56392199852665]},"properties":{"tpcondition":"Fair","stumpdiameter":null,"riskratingdate":"2023-12-08 14:15:27.0000000","riskrating":"6","objectid":"2941755","globalid":"7AD65B7E-CE34-4DFE-8905-A680408187A2","tpstructure":"Full","plantingspaceglobalid":"FDD13041-35F8-41F2-BF54-A47CD37A7CF2","createddate":"2016-03-15 17:23:24.0000000","dbh":"10","planteddate":null,"updateddate":"2024-09-17 14:39:16.0000000","geometry":"POINT(-74.13825683866594 40.56392199852665)","genusspecies":"Ulmus x - Hybrid Elm"}},{"type":"Feature","geometry":{"type":"Point","coordinates":[-74.13817708772625,40.56397750934767]},"properties":{"tpcondition":"Good","stumpdiameter":null,"riskratingdate":"2023-12-08 14:13:46.0000000","riskrating":"4","objectid":"2941756","globalid":"1BD43F74-D3E1-4591-A5E0-A20A82427526","tpstructure":"Full","plantingspaceglobalid":"9F278C01-BA9D-4730-BB64-477FA3C8289C","createddate":"2016-03-15 17:23:25.0000000","dbh":"8","planteddate":null,"updateddate":"2024-09-17 14:39:27.0000000","geometry":"POINT(-74.13817708772625 40.56397750934767)","genusspecies":"Ulmus x - Hybrid Elm"}},{"type":"Feature","geometry":{"type":"Point","coordinates":[-74.13491526706193,40.575529892020036]},"properties":{"tpcondition":"Fair","stumpdiameter":"0","riskratingdate":null,"riskrating":null,"objectid":"2941757","globalid":"1111FE77-B661-42F8-89C9-AABFCC6F57BD","tpstructure":"Full","plantingspaceglobalid":"73B88916-FBC9-4176-ABE2-0EFA4DE81D7B","createddate":"2016-03-15 17:23:25.0000000","dbh":"7","planteddate":null,"updateddate":"2018-10-17 21:30:24.0000000","geometry":"POINT(-74.13491526706193 40.575529892020036)","genusspecies":"Quercus palustris - pin oak"}},{"type":"Feature","geometry":{"type":"Point","coordinates":[-74.13507509591221,40.575509788345556]},"properties":{"tpcondition":"Fair","stumpdiameter":"0","riskratingdate":null,"riskrating":null,"objectid":"2941758","globalid":"EF72413D-CD58-4D31-AA2B-7F9D39ECC300","tpstructure":"Full","plantingspaceglobalid":"86214A7A-FFF6-42B9-A8EE-F24D66181D99","createddate":"2016-03-15 17:23:25.0000000","dbh":"22","planteddate":null,"updateddate":"2018-10-17 21:32:04.0000000","geometry":"POINT(-74.13507509591221 40.575509788345556)","genusspecies":"Pinus strobus - eastern white pine"}},{"type":"Feature","geometry":{"type":"Point","coordinates":[-74.13526333807201,40.57548610962482]},"properties":{"tpcondition":"Good","stumpdiameter":"0","riskratingdate":null,"riskrating":null,"objectid":"2941759","globalid":"1BDBB293-47FC-4AA4-B16C-DB8422E3ADEB","tpstructure":"Full","plantingspaceglobalid":"C07708B4-42C1-45B5-A28E-5356C9ACB82D","createddate":"2016-03-15 17:23:25.0000000","dbh":"11","planteddate":null,"updateddate":null,"geometry":"POINT(-74.13526333807201 40.57548610962482)","genusspecies":"Prunus serrulata 'Green leaf' - 'Green leaf' Japanese flowering cherry"}},{"type":"Feature","geometry":{"type":"Point","coordinates":[-74.1379383944755,40.56408896504988]},"properties":{"tpcondition":"Dead","stumpdiameter":"0","riskratingdate":null,"riskrating":null,"objectid":"2941760","globalid":"2D6DFC5D-3A39-4861-8994-5D84EACDD049","tpstructure":"Retired","plantingspaceglobalid":"C0B4214E-EE4D-48F4-A385-40ADF66824C8","createddate":"2016-03-15 17:23:00.0000000","dbh":"11","planteddate":null,"updateddate":"2018-03-20 12:26:13.0000000","geometry":"POINT(-74.1379383944755 40.56408896504988)","genusspecies":"Acer truncatum - Shantung maple"}},{"type":"Feature","geometry":{"type":"Point","coordinates":[-74.13789017525356,40.56410748122151]},"properties":{"tpcondition":"Fair","stumpdiameter":null,"riskratingdate":"2023-12-07 14:49:40.0000000","riskrating":"5","objectid":"2941761","globalid":"87A56365-E8DB-4CFE-9ED6-AF4116816450","tpstructure":"Full","plantingspaceglobalid":"6ABC440A-10C2-4ECA-BEB7-884314523456","createddate":"2016-03-15 17:23:26.0000000","dbh":"14","planteddate":null,"updateddate":"2023-12-07 14:49:40.0000000","geometry":"POINT(-74.13789017525356 40.56410748122151)","genusspecies":"Acer saccharinum - silver maple"}},{"type":"Feature","geometry":{"type":"Point","coordinates":[-74.13785160075864,40.56412229517239]},"properties":{"tpcondition":"Fair","stumpdiameter":null,"riskratingdate":"2024-09-20 12:18:33.0000000","riskrating":"3","objectid":"2941762","globalid":"EBA347DA-BDB0-4565-8E16-66B0F0075AE1","tpstructure":"Full","plantingspaceglobalid":"EF7DC816-C2CC-4E64-B32F-269FD77B15EF","createddate":"2016-03-15 17:23:26.0000000","dbh":"15","planteddate":null,"updateddate":"2024-09-20 12:18:33.0000000","geometry":"POINT(-74.13785160075864 40.56412229517239)","genusspecies":"Acer saccharinum - silver maple"}},{"type":"Feature","geometry":{"type":"Point","coordinates":[-74.13780659640842,40.56413957743249]},"properties":{"tpcondition":"Fair","stumpdiameter":null,"riskratingdate":"2023-12-07 14:46:46.0000000","riskrating":"5","objectid":"2941763","globalid":"C19ABB63-0A64-4BE7-B015-E2D12B56B5B7","tpstructure":"Full","plantingspaceglobalid":"1FCBE452-CFA5-47C3-9626-8558F86569F5","createddate":"2016-03-15 17:23:26.0000000","dbh":"10","planteddate":null,"updateddate":"2023-12-07 14:46:46.0000000","geometry":"POINT(-74.13780659640842 40.56413957743249)","genusspecies":"Acer saccharinum - silver maple"}},{"type":"Feature","geometry":{"type":"Point","coordinates":[-74.13774230475936,40.56416426577262]},"properties":{"tpcondition":"Fair","stumpdiameter":null,"riskratingdate":"2023-12-07 14:45:04.0000000","riskrating":"6","objectid":"2941764","globalid":"08B0D2EA-8A31-487D-AF68-C438496DE08E","tpstructure":"Full","plantingspaceglobalid":"CD5F97C0-641F-4E72-8CA4-88C24463B016","createddate":"2016-03-15 17:23:26.0000000","dbh":"10","planteddate":null,"updateddate":"2023-12-07 14:45:04.0000000","geometry":"POINT(-74.13774230475936 40.56416426577262)","genusspecies":"Liquidambar styraciflua - sweetgum"}},{"type":"Feature","geometry":{"type":"Point","coordinates":[-74.1375980273979,40.56422699920661]},"properties":{"tpcondition":"Dead","stumpdiameter":"8","riskratingdate":"2021-12-23 18:30:00.0000000","riskrating":"9","objectid":"2941765","globalid":"E683B289-3335-4965-936B-37AE20205FE7","tpstructure":"Stump","plantingspaceglobalid":"8E8BFB1E-FA72-459A-A14C-FD06D60D55D6","createddate":"2016-03-15 17:23:00.0000000","dbh":null,"planteddate":null,"updateddate":"2023-12-07 14:41:02.0000000","geometry":"POINT(-74.1375980273979 40.56422699920661)","genusspecies":"Unknown - Unknown"}},{"type":"Feature","geometry":{"type":"Point","coordinates":[-74.13746856047072,40.56429278606216]},"properties":{"tpcondition":"Fair","stumpdiameter":null,"riskratingdate":"2023-12-07 14:40:21.0000000","riskrating":"7","objectid":"2941766","globalid":"7F42B446-A839-4A54-A241-5620C13BB490","tpstructure":"Full","plantingspaceglobalid":"88546107-D529-469D-9E67-1E4CDDE9F24D","createddate":"2016-03-15 17:23:27.0000000","dbh":"7","planteddate":null,"updateddate":"2023-12-07 14:40:21.0000000","geometry":"POINT(-74.13746856047072 40.56429278606216)","genusspecies":"Acer platanoides - Norway maple"}},{"type":"Feature","geometry":{"type":"Point","coordinates":[-74.1374056240697,40.564329430240726]},"properties":{"tpcondition":"Dead","stumpdiameter":"7","riskratingdate":"2021-12-23 18:32:26.0000000","riskrating":"8","objectid":"2941767","globalid":"7B026186-1FC3-424D-8392-030EE1B47856","tpstructure":"Stump","plantingspaceglobalid":"04A029F2-6B29-45B5-BE53-8186DE95A8CB","createddate":"2016-03-15 17:23:27.0000000","dbh":null,"planteddate":null,"updateddate":"2023-12-07 14:34:48.0000000","geometry":"POINT(-74.1374056240697 40.564329430240726)","genusspecies":"Unknown - Unknown"}},{"type":"Feature","geometry":{"type":"Point","coordinates":[-74.13734268909697,40.56436607323929]},"properties":{"tpcondition":"Fair","stumpdiameter":null,"riskratingdate":"2023-12-07 14:33:49.0000000","riskrating":"5","objectid":"2941768","globalid":"95085E3C-0D0E-49BC-A917-AED5CE99BA38","tpstructure":"Full","plantingspaceglobalid":"CEE6F6F1-738F-41FE-86C3-0D83BE5D5542","createddate":"2016-03-15 17:23:27.0000000","dbh":"7","planteddate":null,"updateddate":"2023-12-07 14:33:49.0000000","geometry":"POINT(-74.13734268909697 40.56436607323929)","genusspecies":"Pyrus calleryana - Callery pear"}},{"type":"Feature","geometry":{"type":"Point","coordinates":[-74.13728208517892,40.56440669739413]},"properties":{"tpcondition":"Fair","stumpdiameter":null,"riskratingdate":"2023-12-07 14:31:58.0000000","riskrating":"7","objectid":"2941769","globalid":"177E59E9-C2E0-43C0-AB15-6AE467F8C3DB","tpstructure":"Full","plantingspaceglobalid":"A2589286-2417-4FED-8C81-933AF1D6E536","createddate":"2016-03-15 17:23:27.0000000","dbh":"13","planteddate":null,"updateddate":"2023-12-07 14:31:58.0000000","geometry":"POINT(-74.13728208517892 40.56440669739413)","genusspecies":"Acer saccharinum - silver maple"}},{"type":"Feature","geometry":{"type":"Point","coordinates":[-74.13705262670203,40.56461098625872]},"properties":{"tpcondition":"Dead","stumpdiameter":"10","riskratingdate":"2021-12-28 13:14:00.0000000","riskrating":"8","objectid":"2941770","globalid":"A3FB6A57-113E-4CCE-A8DA-BC52B5E6D134","tpstructure":"Stump","plantingspaceglobalid":"F3A299CB-CD76-41FF-95AB-5711AD42A45E","createddate":"2016-03-15 17:23:00.0000000","dbh":null,"planteddate":null,"updateddate":"2024-03-22 17:51:03.0000000","geometry":"POINT(-74.13705262670203 40.56461098625872)","genusspecies":"Pyrus calleryana - Callery pear"}},{"type":"Feature","geometry":{"type":"Point","coordinates":[-74.13669438584088,40.56492992486687]},"properties":{"tpcondition":"Dead","stumpdiameter":"0","riskratingdate":"2017-09-11 11:01:00.0000000","riskrating":"6","objectid":"2941771","globalid":"0857360B-2DB2-4D5B-BBD0-B2A9A6B5575E","tpstructure":"Retired","plantingspaceglobalid":"28C5E144-2B88-4E22-8BDD-C8D63CA12506","createddate":"2016-03-15 17:23:00.0000000","dbh":"5","planteddate":null,"updateddate":"2023-12-07 14:24:12.0000000","geometry":"POINT(-74.13669438584088 40.56492992486687)","genusspecies":"Unknown - Unknown"}},{"type":"Feature","geometry":{"type":"Point","coordinates":[-74.13661009315875,40.56500497046096]},"properties":{"tpcondition":"Good","stumpdiameter":null,"riskratingdate":"2023-12-07 14:23:33.0000000","riskrating":"6","objectid":"2941772","globalid":"05E143C7-1EE2-41E0-AE83-F010FECC816B","tpstructure":"Full","plantingspaceglobalid":"A9E16B42-1C62-42EC-916D-6771B7AA1B18","createddate":"2016-03-15 17:23:28.0000000","dbh":"8","planteddate":null,"updateddate":"2023-12-07 14:23:33.0000000","geometry":"POINT(-74.13661009315875 40.56500497046096)","genusspecies":"Acer rubrum - red maple"}},{"type":"Feature","geometry":{"type":"Point","coordinates":[-74.1363956615945,40.56528855883023]},"properties":{"tpcondition":"Fair","stumpdiameter":null,"riskratingdate":"2024-05-22 14:11:18.0000000","riskrating":"7","objectid":"2941773","globalid":"36F2C6CC-AD90-48DC-B9F1-EB9E076E4F6E","tpstructure":"Full","plantingspaceglobalid":"06789FEF-1296-461D-B978-48300273748E","createddate":"2016-03-15 17:23:28.0000000","dbh":"12","planteddate":null,"updateddate":"2024-05-22 14:11:18.0000000","geometry":"POINT(-74.1363956615945 40.56528855883023)","genusspecies":"Pyrus calleryana - Callery pear"}},{"type":"Feature","geometry":{"type":"Point","coordinates":[-74.13663414210939,40.56540152109144]},"properties":{"tpcondition":"Fair","stumpdiameter":null,"riskratingdate":"2023-12-07 14:16:33.0000000","riskrating":"5","objectid":"2941774","globalid":"A3AE6AA2-25B4-4602-A89B-0DE016BDF444","tpstructure":"Full","plantingspaceglobalid":"79678710-38B9-4299-BC31-F2500FC34AEB","createddate":"2016-03-15 17:23:28.0000000","dbh":"10","planteddate":null,"updateddate":"2023-12-07 14:16:33.0000000","geometry":"POINT(-74.13663414210939 40.56540152109144)","genusspecies":"Acer platanoides - Norway maple"}},{"type":"Feature","geometry":{"type":"Point","coordinates":[-74.13668000274171,40.565423243733875]},"properties":{"tpcondition":"Fair","stumpdiameter":null,"riskratingdate":"2023-12-07 14:13:40.0000000","riskrating":"8","objectid":"2941775","globalid":"6A637B71-43E4-457C-908E-92F4F2FE4B15","tpstructure":"Full","plantingspaceglobalid":"02FB9487-F945-4EC3-A74F-22E860B58E0B","createddate":"2016-03-15 17:23:28.0000000","dbh":"9","planteddate":null,"updateddate":"2023-12-07 14:13:40.0000000","geometry":"POINT(-74.13668000274171 40.565423243733875)","genusspecies":"Acer platanoides - Norway maple"}},{"type":"Feature","geometry":{"type":"Point","coordinates":[-74.13687567971374,40.5655159299607]},"properties":{"tpcondition":"Dead","stumpdiameter":null,"riskratingdate":"2024-05-22 14:15:04.0000000","riskrating":"7","objectid":"2941776","globalid":"481496A3-B665-4358-BF03-53573A276BF5","tpstructure":"Full","plantingspaceglobalid":"A7634343-32DB-4997-91FF-622709A63557","createddate":"2016-03-15 17:23:28.0000000","dbh":"10","planteddate":null,"updateddate":"2024-05-22 14:15:04.0000000","geometry":"POINT(-74.13687567971374 40.5655159299607)","genusspecies":"Pyrus calleryana - Callery pear"}},{"type":"Feature","geometry":{"type":"Point","coordinates":[-74.13693988497936,40.565546342548764]},"properties":{"tpcondition":"Fair","stumpdiameter":null,"riskratingdate":"2024-05-22 14:18:38.0000000","riskrating":"8","objectid":"2941777","globalid":"B7DD1315-6D61-4873-827E-9AFEFFCEDAF3","tpstructure":"Full","plantingspaceglobalid":"BF79E04E-5D50-44DC-97A6-A007990AD2A2","createddate":"2016-03-15 17:23:29.0000000","dbh":"21","planteddate":null,"updateddate":"2024-05-22 14:18:38.0000000","geometry":"POINT(-74.13693988497936 40.565546342548764)","genusspecies":"Liriodendron tulipifera - tuliptree"}},{"type":"Feature","geometry":{"type":"Point","coordinates":[-74.13705912605327,40.56560282174557]},"properties":{"tpcondition":"Fair","stumpdiameter":null,"riskratingdate":"2023-12-07 14:00:56.0000000","riskrating":"3","objectid":"2941778","globalid":"E95DC4FA-E802-402D-AE1F-D4FFB502A808","tpstructure":"Full","plantingspaceglobalid":"C8DDEB2F-6425-4C0F-9899-0D22A995A8DA","createddate":"2016-03-15 17:23:29.0000000","dbh":"5","planteddate":null,"updateddate":"2023-12-07 14:00:56.0000000","geometry":"POINT(-74.13705912605327 40.56560282174557)","genusspecies":"Acer rubrum - red maple"}},{"type":"Feature","geometry":{"type":"Point","coordinates":[-74.13719059627542,40.56566509491614]},"properties":{"tpcondition":"Fair","stumpdiameter":null,"riskratingdate":"2023-12-07 13:58:24.0000000","riskrating":"6","objectid":"2941779","globalid":"86A8B9CA-AADB-4061-A0F4-E2BC35C06CDC","tpstructure":"Full","plantingspaceglobalid":"092E8814-1BC9-4A24-86F1-990A0BC98B2C","createddate":"2016-03-15 17:23:29.0000000","dbh":"19","planteddate":null,"updateddate":"2023-12-07 13:58:24.0000000","geometry":"POINT(-74.13719059627542 40.56566509491614)","genusspecies":"Liriodendron tulipifera - tuliptree"}},{"type":"Feature","geometry":{"type":"Point","coordinates":[-74.13738015905012,40.565754883805994]},"properties":{"tpcondition":"Fair","stumpdiameter":null,"riskratingdate":"2023-12-07 13:51:01.0000000","riskrating":"6","objectid":"2941780","globalid":"49EF7040-EEE9-4DD9-8D50-78EC0FABD54C","tpstructure":"Full","plantingspaceglobalid":"2DCBBDB5-319D-4F64-8873-86C7F1322D91","createddate":"2016-03-15 17:23:29.0000000","dbh":"8","planteddate":null,"updateddate":"2023-12-07 13:51:01.0000000","geometry":"POINT(-74.13738015905012 40.565754883805994)","genusspecies":"Acer rubrum - red maple"}},{"type":"Feature","geometry":{"type":"Point","coordinates":[-74.13745659601496,40.56579108903452]},"properties":{"tpcondition":"Fair","stumpdiameter":null,"riskratingdate":"2023-12-07 13:46:59.0000000","riskrating":"6","objectid":"2941781","globalid":"A3651D39-AC59-425A-A4CA-FCEFDDC7B640","tpstructure":"Full","plantingspaceglobalid":"7C0BA634-8118-4CD3-A8CA-9446CAB2EC12","createddate":"2016-03-15 17:23:29.0000000","dbh":"8","planteddate":null,"updateddate":"2023-12-07 13:46:59.0000000","geometry":"POINT(-74.13745659601496 40.56579108903452)","genusspecies":"Acer rubrum - red maple"}},{"type":"Feature","geometry":{"type":"Point","coordinates":[-74.13753303381012,40.56582729306742]},"properties":{"tpcondition":"Fair","stumpdiameter":null,"riskratingdate":"2023-12-07 13:44:25.0000000","riskrating":"6","objectid":"2941782","globalid":"0A0AA357-D0D9-4D92-B2E0-BC339849DC04","tpstructure":"Full","plantingspaceglobalid":"4562D77B-AF20-4CAB-9C7C-5888A1A95059","createddate":"2016-03-15 17:23:30.0000000","dbh":"7","planteddate":null,"updateddate":"2023-12-07 13:44:25.0000000","geometry":"POINT(-74.13753303381012 40.56582729306742)","genusspecies":"Acer rubrum - red maple"}},{"type":"Feature","geometry":{"type":"Point","coordinates":[-74.13757889502826,40.56584901592199]},"properties":{"tpcondition":"Fair","stumpdiameter":null,"riskratingdate":"2023-12-07 13:42:24.0000000","riskrating":"6","objectid":"2941783","globalid":"18929240-2C68-4B9D-9FED-76FB4AD34D66","tpstructure":"Full","plantingspaceglobalid":"D45BC00D-C7DB-4870-A858-F7C54FF77B3D","createddate":"2016-03-15 17:23:30.0000000","dbh":"14","planteddate":null,"updateddate":"2023-12-07 13:42:24.0000000","geometry":"POINT(-74.13757889502826 40.56584901592199)","genusspecies":"Styphnolobium japonicum 'Regent' - 'Regent' Japanese pagodatree"}},{"type":"Feature","geometry":{"type":"Point","coordinates":[-74.13765533220851,40.5658852210179]},"properties":{"tpcondition":"Fair","stumpdiameter":null,"riskratingdate":"2023-12-07 13:40:13.0000000","riskrating":"6","objectid":"2941784","globalid":"1CAEEC5D-F564-4D5B-A832-4AC42E5A991D","tpstructure":"Full","plantingspaceglobalid":"E68E00C9-5E00-4BEF-938D-A157C9859B55","createddate":"2016-03-15 17:23:30.0000000","dbh":"13","planteddate":null,"updateddate":"2023-12-07 13:40:13.0000000","geometry":"POINT(-74.13765533220851 40.5658852210179)","genusspecies":"Styphnolobium japonicum - Japanese pagoda tree"}},{"type":"Feature","geometry":{"type":"Point","coordinates":[-74.13772871164949,40.56591997783958]},"properties":{"tpcondition":"Fair","stumpdiameter":null,"riskratingdate":"2023-12-07 13:38:05.0000000","riskrating":"7","objectid":"2941785","globalid":"3AFC23DC-8737-40A5-A780-2CC8ED230743","tpstructure":"Full","plantingspaceglobalid":"57FEDBE5-4DD6-44BE-A35E-DC1F22AE88AE","createddate":"2016-03-15 17:23:30.0000000","dbh":"14","planteddate":null,"updateddate":"2023-12-07 13:38:05.0000000","geometry":"POINT(-74.13772871164949 40.56591997783958)","genusspecies":"Fraxinus americana - white ash"}},{"type":"Feature","geometry":{"type":"Point","coordinates":[-74.13780820606648,40.5659576304859]},"properties":{"tpcondition":"Fair","stumpdiameter":null,"riskratingdate":"2024-09-18 12:13:42.0000000","riskrating":"7","objectid":"2941786","globalid":"051F18D3-B66D-46D0-B26B-6980DE345395","tpstructure":"Full","plantingspaceglobalid":"56A4E0E3-D81B-4BEE-BA57-DC2F24496461","createddate":"2016-03-15 17:23:30.0000000","dbh":"13","planteddate":null,"updateddate":"2024-09-18 12:13:42.0000000","geometry":"POINT(-74.13780820606648 40.5659576304859)","genusspecies":"Fraxinus - Ash"}},{"type":"Feature","geometry":{"type":"Point","coordinates":[-74.13787241367973,40.56598804197791]},"properties":{"tpcondition":"Fair","stumpdiameter":null,"riskratingdate":"2024-05-22 14:23:11.0000000","riskrating":"8","objectid":"2941787","globalid":"7A6EFBE5-D469-4428-BDA6-18723987039F","tpstructure":"Full","plantingspaceglobalid":"90E8D3C1-16D3-47A1-AFB0-8B11DBA44010","createddate":"2016-03-15 17:23:31.0000000","dbh":"9","planteddate":null,"updateddate":"2024-05-22 14:24:16.0000000","geometry":"POINT(-74.13787241367973 40.56598804197791)","genusspecies":"Styphnolobium japonicum - Japanese pagoda tree"}},{"type":"Feature","geometry":{"type":"Point","coordinates":[-74.1356833527574,40.57533071685701]},"properties":{"tpcondition":"Fair","stumpdiameter":"0","riskratingdate":null,"riskrating":null,"objectid":"2941788","globalid":"4B91902F-5705-4AAC-89D8-EA33D5457BEA","tpstructure":"Full","plantingspaceglobalid":"B4B2B0BE-788D-42EE-987B-A6782FC35CF2","createddate":"2016-03-15 17:23:31.0000000","dbh":"11","planteddate":null,"updateddate":"2018-10-17 21:37:01.0000000","geometry":"POINT(-74.1356833527574 40.57533071685701)","genusspecies":"Pyrus calleryana - Callery pear"}},{"type":"Feature","geometry":{"type":"Point","coordinates":[-74.13559441811252,40.57534121209975]},"properties":{"tpcondition":"Fair","stumpdiameter":"0","riskratingdate":null,"riskrating":null,"objectid":"2941789","globalid":"6B465947-7EC9-4259-8900-970426993CFD","tpstructure":"Full","plantingspaceglobalid":"7A525C34-A2E4-4166-837A-B79E6D80A9DA","createddate":"2016-03-15 17:23:31.0000000","dbh":"7","planteddate":null,"updateddate":"2018-10-17 21:36:12.0000000","geometry":"POINT(-74.13559441811252 40.57534121209975)","genusspecies":"Prunus serrulata 'Green leaf' - 'Green leaf' Japanese flowering cherry"}},{"type":"Feature","geometry":{"type":"Point","coordinates":[-74.13541891732923,40.57535974641537]},"properties":{"tpcondition":"Fair","stumpdiameter":"0","riskratingdate":null,"riskrating":null,"objectid":"2941790","globalid":"FAE0596D-0127-4653-BF56-9A603F8ACE19","tpstructure":"Full","plantingspaceglobalid":"DB5D4795-4D0C-463F-B66F-62465BD185A7","createddate":"2016-03-15 17:23:31.0000000","dbh":"8","planteddate":null,"updateddate":"2018-10-17 21:35:19.0000000","geometry":"POINT(-74.13541891732923 40.57535974641537)","genusspecies":"Pyrus calleryana - Callery pear"}},{"type":"Feature","geometry":{"type":"Point","coordinates":[-74.13531660115963,40.575369397748325]},"properties":{"tpcondition":"Good","stumpdiameter":"0","riskratingdate":null,"riskrating":null,"objectid":"2941791","globalid":"C3D3D8F0-DE20-42B6-A7FA-9E4C319966FE","tpstructure":"Retired","plantingspaceglobalid":"A9383E28-BECD-4EC4-88A8-9FBF10CDDD42","createddate":"2016-03-15 17:23:31.0000000","dbh":"10","planteddate":null,"updateddate":"2018-10-17 21:34:47.0000000","geometry":"POINT(-74.13531660115963 40.575369397748325)","genusspecies":"Pyrus calleryana - Callery pear"}},{"type":"Feature","geometry":{"type":"Point","coordinates":[-74.13523303590786,40.57538021805068]},"properties":{"tpcondition":"Fair","stumpdiameter":"0","riskratingdate":null,"riskrating":null,"objectid":"2941792","globalid":"BEE9FC4A-F54C-4956-83F6-63425AAEAD39","tpstructure":"Full","plantingspaceglobalid":"A359D538-8646-46E0-88A3-8ABC262B6567","createddate":"2016-03-15 17:23:32.0000000","dbh":"8","planteddate":null,"updateddate":"2018-10-17 21:33:54.0000000","geometry":"POINT(-74.13523303590786 40.57538021805068)","genusspecies":"Pyrus calleryana - Callery pear"}},{"type":"Feature","geometry":{"type":"Point","coordinates":[-74.13493630597691,40.57541887760922]},"properties":{"tpcondition":"Fair","stumpdiameter":"0","riskratingdate":null,"riskrating":null,"objectid":"2941793","globalid":"808DD185-70DC-44F7-B498-59A55D028B92","tpstructure":"Full","plantingspaceglobalid":"8AF3C582-8E4D-4824-96B2-3ACB6BD9A893","createddate":"2016-03-15 17:23:32.0000000","dbh":"12","planteddate":null,"updateddate":"2018-10-17 21:31:04.0000000","geometry":"POINT(-74.13493630597691 40.57541887760922)","genusspecies":"Acer - maple"}},{"type":"Feature","geometry":{"type":"Point","coordinates":[-74.13486871391079,40.57542685344787]},"properties":{"tpcondition":"Poor","stumpdiameter":null,"riskratingdate":"2025-09-10 16:00:34.0000000","riskrating":"7","objectid":"2941794","globalid":"6D9CC634-2F58-48A8-A6FD-F81BA9CDCB60","tpstructure":"Full","plantingspaceglobalid":"7C0763D7-39C5-43B9-A105-FB5D9DCA5057","createddate":"2016-03-15 17:23:32.0000000","dbh":"12","planteddate":null,"updateddate":"2025-09-10 16:00:34.0000000","geometry":"POINT(-74.13486871391079 40.57542685344787)","genusspecies":"Fraxinus - Ash"}},{"type":"Feature","geometry":{"type":"Point","coordinates":[-74.13938706890418,40.56649405001287]},"properties":{"tpcondition":"Fair","stumpdiameter":null,"riskratingdate":"2024-06-24 13:11:18.0000000","riskrating":"6","objectid":"2941795","globalid":"32EEA23B-B463-4360-B5BB-83FEC732A46E","tpstructure":"Full","plantingspaceglobalid":"27075CFA-99BA-4757-BADC-6FC8CDFD7D12","createddate":"2016-03-15 17:23:32.0000000","dbh":"14","planteddate":null,"updateddate":"2024-06-24 13:11:18.0000000","geometry":"POINT(-74.13938706890418 40.56649405001287)","genusspecies":"Pyrus calleryana - Callery pear"}},{"type":"Feature","geometry":{"type":"Point","coordinates":[-74.13952711245985,40.56623689548924]},"properties":{"tpcondition":"Fair","stumpdiameter":null,"riskratingdate":"2023-12-15 18:40:15.0000000","riskrating":"6","objectid":"2941796","globalid":"910D9572-D628-4A31-B979-37F168D31A61","tpstructure":"Full","plantingspaceglobalid":"5B7F3943-189F-4CB7-A564-092F58BB8827","createddate":"2016-03-15 17:23:32.0000000","dbh":"13","planteddate":null,"updateddate":"2023-12-15 18:40:15.0000000","geometry":"POINT(-74.13952711245985 40.56623689548924)","genusspecies":"Platanus x acerifolia - London planetree"}},{"type":"Feature","geometry":{"type":"Point","coordinates":[-74.1395797655493,40.56617949016209]},"properties":{"tpcondition":"Fair","stumpdiameter":null,"riskratingdate":"2023-12-15 18:42:20.0000000","riskrating":"7","objectid":"2941797","globalid":"3883DC06-F752-465C-AD95-EC6EF75807F6","tpstructure":"Full","plantingspaceglobalid":"643E93AF-ABF2-4014-BF47-14EE7D126F45","createddate":"2016-03-15 17:23:32.0000000","dbh":"14","planteddate":null,"updateddate":"2023-12-15 18:42:20.0000000","geometry":"POINT(-74.1395797655493 40.56617949016209)","genusspecies":"Platanus x acerifolia - London planetree"}},{"type":"Feature","geometry":{"type":"Point","coordinates":[-74.13964132251861,40.566129439796924]},"properties":{"tpcondition":"Fair","stumpdiameter":null,"riskratingdate":"2024-05-22 16:13:23.0000000","riskrating":"7","objectid":"2941798","globalid":"DC9543A6-3680-4665-B626-FC1AC6EFCEF3","tpstructure":"Full","plantingspaceglobalid":"E18B4C02-1F50-47F8-8333-1448A4820780","createddate":"2016-03-15 17:23:33.0000000","dbh":"11","planteddate":null,"updateddate":"2024-05-22 16:13:23.0000000","geometry":"POINT(-74.13964132251861 40.566129439796924)","genusspecies":"Acer platanoides - Norway maple"}},{"type":"Feature","geometry":{"type":"Point","coordinates":[-74.13969795382835,40.566083393089826]},"properties":{"tpcondition":"Dead","stumpdiameter":"9","riskratingdate":"2024-05-22 16:09:13.0000000","riskrating":"7","objectid":"2941799","globalid":"4B6FBE58-75D6-445C-90EC-3138D9FA0D68","tpstructure":"Stump","plantingspaceglobalid":"72AC3D13-1DD9-456B-AFFD-C4E7C0FC367F","createddate":"2016-03-15 17:23:33.0000000","dbh":"7","planteddate":null,"updateddate":"2025-01-28 13:18:18.0000000","geometry":"POINT(-74.13969795382835 40.566083393089826)","genusspecies":"Acer platanoides - Norway maple"}},{"type":"Feature","geometry":{"type":"Point","coordinates":[-74.13975951062176,40.566033343232746]},"properties":{"tpcondition":"Dead","stumpdiameter":"10","riskratingdate":"2024-05-22 16:17:30.0000000","riskrating":"6","objectid":"2941800","globalid":"146AA10B-8704-4C74-BA11-165A8B08A713","tpstructure":"Stump","plantingspaceglobalid":"83760AF8-048B-4DBD-AD28-8F96EC844BEB","createddate":"2016-03-15 17:23:33.0000000","dbh":"7","planteddate":null,"updateddate":"2025-01-28 13:20:07.0000000","geometry":"POINT(-74.13975951062176 40.566033343232746)","genusspecies":"Acer platanoides - Norway maple"}},{"type":"Feature","geometry":{"type":"Point","coordinates":[-74.13982106657181,40.56598329277157]},"properties":{"tpcondition":"Fair","stumpdiameter":null,"riskratingdate":"2023-12-15 16:30:30.0000000","riskrating":"6","objectid":"2941801","globalid":"80EA1D69-476C-4CCA-AF61-F383755BAD42","tpstructure":"Full","plantingspaceglobalid":"FF2CC889-7C67-44E1-B914-C1A2CC7ACDA0","createddate":"2016-03-15 17:23:33.0000000","dbh":"9","planteddate":null,"updateddate":"2023-12-15 16:30:30.0000000","geometry":"POINT(-74.13982106657181 40.56598329277157)","genusspecies":"Acer platanoides - Norway maple"}},{"type":"Feature","geometry":{"type":"Point","coordinates":[-74.13987769913469,40.56593724654526]},"properties":{"tpcondition":"Fair","stumpdiameter":null,"riskratingdate":"2023-12-15 16:29:05.0000000","riskrating":"8","objectid":"2941802","globalid":"A528736A-CB2B-4FE1-849A-0242C3B3167B","tpstructure":"Full","plantingspaceglobalid":"993A96B9-E822-4CD0-86A0-89B2EA7B02B3","createddate":"2016-03-15 17:23:34.0000000","dbh":"10","planteddate":null,"updateddate":"2023-12-15 16:29:05.0000000","geometry":"POINT(-74.13987769913469 40.56593724654526)","genusspecies":"Acer platanoides - Norway maple"}},{"type":"Feature","geometry":{"type":"Point","coordinates":[-74.13993679138909,40.565889198157855]},"properties":{"tpcondition":"Fair","stumpdiameter":null,"riskratingdate":"2023-12-15 16:27:12.0000000","riskrating":"7","objectid":"2941803","globalid":"C42385CB-893D-4B30-92F3-F37DF8DD46FA","tpstructure":"Full","plantingspaceglobalid":"DF1AB037-CF5F-4EF5-B17B-03C7823BB908","createddate":"2016-03-15 17:23:34.0000000","dbh":"10","planteddate":null,"updateddate":"2023-12-15 16:27:12.0000000","geometry":"POINT(-74.13993679138909 40.565889198157855)","genusspecies":"Acer platanoides - Norway maple"}},{"type":"Feature","geometry":{"type":"Point","coordinates":[-74.14005497864216,40.56579310128765]},"properties":{"tpcondition":"Fair","stumpdiameter":null,"riskratingdate":"2023-12-15 16:25:10.0000000","riskrating":"7","objectid":"2941804","globalid":"B1B181B6-F89A-4F81-AF02-0F3720EAC9CF","tpstructure":"Full","plantingspaceglobalid":"61833736-6F2A-47EB-B3BC-CA5E3979498F","createddate":"2016-03-15 17:23:34.0000000","dbh":"6","planteddate":null,"updateddate":"2024-09-17 12:24:03.0000000","geometry":"POINT(-74.14005497864215 40.56579310128765)","genusspecies":"Koelreuteria paniculata - goldenrain tree"}},{"type":"Feature","geometry":{"type":"Point","coordinates":[-74.14034305930143,40.56555886386654]},"properties":{"tpcondition":"Dead","stumpdiameter":"10","riskratingdate":"2019-08-05 11:09:00.0000000","riskrating":"7","objectid":"2941805","globalid":"046DE0CA-6954-4FD1-A93D-90C0B138E9B2","tpstructure":"Stump","plantingspaceglobalid":"CB0BD5C9-604F-4EF2-917D-CE27767ED663","createddate":"2016-03-15 17:23:00.0000000","dbh":"8","planteddate":null,"updateddate":"2020-07-16 17:33:00.0000000","geometry":"POINT(-74.14034305930143 40.56555886386654)","genusspecies":"Unknown - Unknown"}},{"type":"Feature","geometry":{"type":"Point","coordinates":[-74.1404021531383,40.5655108163791]},"properties":{"tpcondition":"Good","stumpdiameter":"0","riskratingdate":null,"riskrating":null,"objectid":"2941806","globalid":"C4ECACD4-312F-41A2-8C50-A5527BFA1258","tpstructure":"Retired","plantingspaceglobalid":"6053778E-9663-4F23-997F-0A96CEEA7CD2","createddate":"2016-03-15 17:23:35.0000000","dbh":"14","planteddate":null,"updateddate":"2023-12-15 16:16:51.0000000","geometry":"POINT(-74.1404021531383 40.5655108163791)","genusspecies":"Pyrus calleryana - Callery pear"}},{"type":"Feature","geometry":{"type":"Point","coordinates":[-74.14052280028667,40.56541271687945]},"properties":{"tpcondition":"Fair","stumpdiameter":null,"riskratingdate":"2023-12-15 16:13:56.0000000","riskrating":"7","objectid":"2941807","globalid":"0AB18887-7161-4058-9949-BEBDB6793BD6","tpstructure":"Full","plantingspaceglobalid":"256C4353-73E0-46B4-899B-61AA62881D23","createddate":"2016-03-15 17:23:00.0000000","dbh":"14","planteddate":null,"updateddate":"2023-12-15 16:13:56.0000000","geometry":"POINT(-74.14052280028667 40.56541271687945)","genusspecies":"Pyrus calleryana - Callery pear"}},{"type":"Feature","geometry":{"type":"Point","coordinates":[-74.1405818931103,40.56536466701248]},"properties":{"tpcondition":"Fair","stumpdiameter":null,"riskratingdate":"2023-12-15 16:12:02.0000000","riskrating":"6","objectid":"2941808","globalid":"4E63C962-5CBA-4A97-8166-78B24A9DB58F","tpstructure":"Full","plantingspaceglobalid":"F5F2F6C3-4A01-42D9-803F-F8AA7548FEE9","createddate":"2016-03-15 17:23:35.0000000","dbh":"7","planteddate":null,"updateddate":"2023-12-15 16:12:02.0000000","geometry":"POINT(-74.1405818931103 40.56536466701248)","genusspecies":"Acer platanoides - Norway maple"}},{"type":"Feature","geometry":{"type":"Point","coordinates":[-74.14070254048181,40.5652665678937]},"properties":{"tpcondition":"Fair","stumpdiameter":"9","riskratingdate":"2023-12-15 16:09:24.0000000","riskrating":"8","objectid":"2941809","globalid":"542F9ABA-4E6D-442D-A947-5AFB73A2601A","tpstructure":"Full","plantingspaceglobalid":"BB797047-BF3E-4D01-A06C-12ED0FFB614D","createddate":"2016-03-15 17:23:35.0000000","dbh":null,"planteddate":null,"updateddate":"2023-12-15 16:09:24.0000000","geometry":"POINT(-74.14070254048181 40.5652665678937)","genusspecies":"Platanus x acerifolia - London planetree"}},{"type":"Feature","geometry":{"type":"Point","coordinates":[-74.14076409576867,40.56521651692287]},"properties":{"tpcondition":"Fair","stumpdiameter":null,"riskratingdate":"2023-12-15 16:05:08.0000000","riskrating":"7","objectid":"2941810","globalid":"B0C95E4E-4A9E-42B9-B894-0492964E1FC4","tpstructure":"Full","plantingspaceglobalid":"0BC0932D-5005-423C-8CC1-495D9EF4DCBF","createddate":"2016-03-15 17:23:35.0000000","dbh":"8","planteddate":null,"updateddate":"2023-12-15 16:05:08.0000000","geometry":"POINT(-74.14076409576867 40.56521651692287)","genusspecies":"Zelkova serrata - Japanese zelkova"}},{"type":"Feature","geometry":{"type":"Point","coordinates":[-74.14104615211468,40.56499199315241]},"properties":{"tpcondition":"Fair","stumpdiameter":null,"riskratingdate":"2023-12-14 16:24:35.0000000","riskrating":"5","objectid":"2941811","globalid":"A7C2289D-FCA2-49AB-B2C8-CA464D8DD432","tpstructure":"Full","plantingspaceglobalid":"B98D4320-9B98-40E5-A7B3-F19F16DB71C9","createddate":"2016-03-15 17:23:36.0000000","dbh":"9","planteddate":null,"updateddate":"2023-12-14 16:24:35.0000000","geometry":"POINT(-74.14104615211468 40.56499199315241)","genusspecies":"Zelkova serrata - Japanese zelkova"}},{"type":"Feature","geometry":{"type":"Point","coordinates":[-74.14109158771312,40.56495677462113]},"properties":{"tpcondition":"Dead","stumpdiameter":"9","riskratingdate":"2024-05-21 15:25:43.0000000","riskrating":"7","objectid":"2941812","globalid":"F8768830-AF87-470A-B108-D43559150A1E","tpstructure":"Stump","plantingspaceglobalid":"A1A7B8D2-6FB1-4AF9-A14F-894DDAC20527","createddate":"2016-03-15 17:23:36.0000000","dbh":"7","planteddate":null,"updateddate":"2025-02-17 15:42:51.0000000","geometry":"POINT(-74.14109158771312 40.56495677462113)","genusspecies":"Acer platanoides - Norway maple"}},{"type":"Feature","geometry":{"type":"Point","coordinates":[-74.14113702101413,40.56492155607453]},"properties":{"tpcondition":"Fair","stumpdiameter":null,"riskratingdate":"2023-12-14 16:11:43.0000000","riskrating":"6","objectid":"2941813","globalid":"E3668A6B-BD0D-4310-990B-AC1879353BC3","tpstructure":"Full","plantingspaceglobalid":"9984693D-5E01-4B8F-BF2E-E44AB0C2CA49","createddate":"2016-03-15 17:23:36.0000000","dbh":"6","planteddate":null,"updateddate":"2023-12-14 16:11:43.0000000","geometry":"POINT(-74.14113702101413 40.56492155607453)","genusspecies":"Acer platanoides - Norway maple"}},{"type":"Feature","geometry":{"type":"Point","coordinates":[-74.14118245576203,40.564886335220685]},"properties":{"tpcondition":"Fair","stumpdiameter":null,"riskratingdate":"2023-12-14 16:13:15.0000000","riskrating":"7","objectid":"2941814","globalid":"770CCD67-B65C-4585-B3B0-841761E8BA03","tpstructure":"Full","plantingspaceglobalid":"2F248F91-2FF6-4151-BC9A-4DF2C7BAD2B4","createddate":"2016-03-15 17:23:36.0000000","dbh":"11","planteddate":null,"updateddate":"2023-12-14 16:13:15.0000000","geometry":"POINT(-74.14118245576203 40.564886335220685)","genusspecies":"Acer platanoides - Norway maple"}},{"type":"Feature","geometry":{"type":"Point","coordinates":[-74.141232939761,40.56484720193278]},"properties":{"tpcondition":"Fair","stumpdiameter":null,"riskratingdate":"2023-12-14 16:14:53.0000000","riskrating":"6","objectid":"2941815","globalid":"76B943BD-737C-4006-A29E-8665C057AAA2","tpstructure":"Full","plantingspaceglobalid":"8CBD6A80-6BD7-4F5F-8B2C-99C69791B665","createddate":"2016-03-15 17:23:36.0000000","dbh":"8","planteddate":null,"updateddate":"2023-12-14 16:14:53.0000000","geometry":"POINT(-74.141232939761 40.56484720193278)","genusspecies":"Acer platanoides - Norway maple"}},{"type":"Feature","geometry":{"type":"Point","coordinates":[-74.14129604205398,40.564798286152474]},"properties":{"tpcondition":"Fair","stumpdiameter":null,"riskratingdate":"2023-12-14 16:16:57.0000000","riskrating":"6","objectid":"2941816","globalid":"9813FCA1-AF8F-48EF-9C40-897DC975BD31","tpstructure":"Full","plantingspaceglobalid":"CF955566-64BF-4211-BD0A-58ED72E27B0A","createddate":"2016-03-15 17:23:37.0000000","dbh":"9","planteddate":null,"updateddate":"2023-12-14 16:16:57.0000000","geometry":"POINT(-74.14129604205398 40.564798286152474)","genusspecies":"Zelkova serrata - Japanese zelkova"}},{"type":"Feature","geometry":{"type":"Point","coordinates":[-74.14159388986705,40.56456740280223]},"properties":{"tpcondition":"Fair","stumpdiameter":null,"riskratingdate":"2023-12-14 16:22:35.0000000","riskrating":"6","objectid":"2941817","globalid":"F60032C6-DDA9-484F-822B-8CF582880296","tpstructure":"Full","plantingspaceglobalid":"97715DB8-A417-42A5-903D-FC580497B8D0","createddate":"2016-03-15 17:23:37.0000000","dbh":"8","planteddate":null,"updateddate":"2023-12-14 16:22:35.0000000","geometry":"POINT(-74.14159388986705 40.56456740280223)","genusspecies":"Acer platanoides - Norway maple"}},{"type":"Feature","geometry":{"type":"Point","coordinates":[-74.14163679988562,40.564534139412686]},"properties":{"tpcondition":"Fair","stumpdiameter":null,"riskratingdate":"2023-12-14 16:24:06.0000000","riskrating":"6","objectid":"2941818","globalid":"B8FFBA12-9B8A-4606-909C-95B4A49A5BAF","tpstructure":"Full","plantingspaceglobalid":"9200C9C8-A3EB-48F2-8989-07A37DB028CD","createddate":"2016-03-15 17:23:38.0000000","dbh":"4","planteddate":null,"updateddate":"2023-12-14 16:24:06.0000000","geometry":"POINT(-74.14163679988562 40.564534139412686)","genusspecies":"Acer rubrum - red maple"}},{"type":"Feature","geometry":{"type":"Point","coordinates":[-74.13936152850454,40.56351795355954]},"properties":{"tpcondition":"Fair","stumpdiameter":null,"riskratingdate":"2023-12-04 16:38:14.0000000","riskrating":"4","objectid":"2941819","globalid":"040EDA00-8F63-4084-9191-DBF9BFDC7312","tpstructure":"Full","plantingspaceglobalid":"2BE1C69C-2F78-4792-8765-EB0B1DD86711","createddate":"2016-03-15 17:23:38.0000000","dbh":"14","planteddate":null,"updateddate":"2023-12-04 16:38:14.0000000","geometry":"POINT(-74.13936152850454 40.56351795355954)","genusspecies":"Quercus palustris - pin oak"}},{"type":"Feature","geometry":{"type":"Point","coordinates":[-74.13927534507428,40.56351351543392]},"properties":{"tpcondition":"Good","stumpdiameter":null,"riskratingdate":"2023-12-04 16:34:56.0000000","riskrating":"3","objectid":"2941820","globalid":"1E3E2790-93D9-46FE-8090-9D8A003DC9CF","tpstructure":"Full","plantingspaceglobalid":"D522316A-4040-4D32-9308-1CC41B6F17BB","createddate":"2016-03-15 17:23:38.0000000","dbh":"8","planteddate":null,"updateddate":"2023-12-04 16:34:56.0000000","geometry":"POINT(-74.13927534507428 40.56351351543392)","genusspecies":"Platanus x acerifolia - London planetree"}},{"type":"Feature","geometry":{"type":"Point","coordinates":[-74.13920354508747,40.56350143724637]},"properties":{"tpcondition":"Fair","stumpdiameter":null,"riskratingdate":"2023-12-04 16:32:24.0000000","riskrating":"3","objectid":"2941821","globalid":"46CD6946-C254-46DA-A6D1-E90C83D8909D","tpstructure":"Full","plantingspaceglobalid":"B9690FF9-F741-4D51-B7B5-74009E7C6F41","createddate":"2016-03-15 17:23:38.0000000","dbh":"13","planteddate":null,"updateddate":"2023-12-04 16:32:24.0000000","geometry":"POINT(-74.13920354508747 40.56350143724637)","genusspecies":"Liquidambar styraciflua - sweetgum"}},{"type":"Feature","geometry":{"type":"Point","coordinates":[-74.13913421689202,40.563486667249556]},"properties":{"tpcondition":"Dead","stumpdiameter":"6","riskratingdate":null,"riskrating":null,"objectid":"2941822","globalid":"DA6F163B-818C-4015-96E7-F87E5A7CDF20","tpstructure":"Stump","plantingspaceglobalid":"36CB09CD-A4E1-46DA-9CF9-01EDA2F19204","createddate":"2016-03-15 17:23:38.0000000","dbh":null,"planteddate":null,"updateddate":"2023-12-04 16:30:13.0000000","geometry":"POINT(-74.13913421689202 40.563486667249556)","genusspecies":"Acer platanoides - Norway maple"}},{"type":"Feature","geometry":{"type":"Point","coordinates":[-74.13907875585718,40.563474851105774]},"properties":{"tpcondition":"Good","stumpdiameter":null,"riskratingdate":"2023-12-04 16:29:20.0000000","riskrating":"3","objectid":"2941823","globalid":"08069F79-BA4F-4FF8-B93F-C5142187C390","tpstructure":"Full","plantingspaceglobalid":"4E6BE815-B32C-4A3D-BBD7-23091CDF5B40","createddate":"2016-03-15 17:23:38.0000000","dbh":"5","planteddate":null,"updateddate":"2023-12-04 16:29:20.0000000","geometry":"POINT(-74.13907875585718 40.563474851105774)","genusspecies":"Styphnolobium japonicum - Japanese pagoda tree"}},{"type":"Feature","geometry":{"type":"Point","coordinates":[-74.13901636052888,40.563461557699625]},"properties":{"tpcondition":"Good","stumpdiameter":null,"riskratingdate":"2023-12-04 16:28:23.0000000","riskrating":"3","objectid":"2941824","globalid":"AAD48E0B-F649-40FF-A8CD-64C33435C480","tpstructure":"Full","plantingspaceglobalid":"482915A2-A71A-4E60-B702-62B241337104","createddate":"2016-03-15 17:23:39.0000000","dbh":"3","planteddate":null,"updateddate":"2023-12-04 16:28:23.0000000","geometry":"POINT(-74.13901636052888 40.563461557699625)","genusspecies":"Styphnolobium japonicum - Japanese pagoda tree"}},{"type":"Feature","geometry":{"type":"Point","coordinates":[-74.14152243880095,40.573789890749204]},"properties":{"tpcondition":"Fair","stumpdiameter":"0","riskratingdate":null,"riskrating":null,"objectid":"2941825","globalid":"14D724E5-1639-4001-B413-950489CF4677","tpstructure":"Full","plantingspaceglobalid":"C2E50AD0-6ED1-4557-B3CC-48EC75DFAEAD","createddate":"2016-03-15 17:23:39.0000000","dbh":"9","planteddate":null,"updateddate":"2018-10-25 18:53:00.0000000","geometry":"POINT(-74.14152243880095 40.573789890749204)","genusspecies":"Pyrus calleryana - Callery pear"}},{"type":"Feature","geometry":{"type":"Point","coordinates":[-74.1415864231853,40.5737821047154]},"properties":{"tpcondition":"Fair","stumpdiameter":"0","riskratingdate":null,"riskrating":null,"objectid":"2941826","globalid":"A935C868-51F5-4E8D-A5D8-8A4B11893775","tpstructure":"Full","plantingspaceglobalid":"02081D4C-4CDF-4760-AC98-67063A9A2450","createddate":"2016-03-15 17:23:39.0000000","dbh":"11","planteddate":null,"updateddate":"2018-10-25 18:51:43.0000000","geometry":"POINT(-74.1415864231853 40.5737821047154)","genusspecies":"Pyrus calleryana - Callery pear"}},{"type":"Feature","geometry":{"type":"Point","coordinates":[-74.14174282697562,40.573763070452884]},"properties":{"tpcondition":"Fair","stumpdiameter":"0","riskratingdate":null,"riskrating":null,"objectid":"2941827","globalid":"657CFF4A-3532-42DF-BF38-EE21DD1F2887","tpstructure":"Full","plantingspaceglobalid":"32E355F9-191E-4818-A842-294271A7428D","createddate":"2016-03-15 17:23:39.0000000","dbh":"9","planteddate":null,"updateddate":"2018-10-25 18:50:46.0000000","geometry":"POINT(-74.14174282697562 40.573763070452884)","genusspecies":"Pyrus calleryana - Callery pear"}},{"type":"Feature","geometry":{"type":"Point","coordinates":[-74.14179614637881,40.573756581802016]},"properties":{"tpcondition":"Fair","stumpdiameter":"0","riskratingdate":null,"riskrating":null,"objectid":"2941828","globalid":"E864E725-7519-4DB7-ADE2-8132E0526952","tpstructure":"Full","plantingspaceglobalid":"D356EC86-993E-4873-80F6-4C258172D2D5","createddate":"2016-03-15 17:23:39.0000000","dbh":"9","planteddate":null,"updateddate":"2018-10-25 18:49:58.0000000","geometry":"POINT(-74.14179614637881 40.573756581802016)","genusspecies":"Pyrus calleryana - Callery pear"}},{"type":"Feature","geometry":{"type":"Point","coordinates":[-74.14185302099591,40.57374965986021]},"properties":{"tpcondition":"Fair","stumpdiameter":"0","riskratingdate":null,"riskrating":null,"objectid":"2941829","globalid":"AEAC3D13-FF32-422F-A104-A40EC3C5D40F","tpstructure":"Full","plantingspaceglobalid":"B7ADE505-5ADF-4901-8B19-6C464F5F911B","createddate":"2016-03-15 17:23:40.0000000","dbh":"10","planteddate":null,"updateddate":"2018-10-25 18:48:59.0000000","geometry":"POINT(-74.14185302099591 40.57374965986021)","genusspecies":"Pyrus calleryana - Callery pear"}},{"type":"Feature","geometry":{"type":"Point","coordinates":[-74.14219426695627,40.57370812990722]},"properties":{"tpcondition":"Fair","stumpdiameter":"0","riskratingdate":null,"riskrating":null,"objectid":"2941830","globalid":"46177B48-08A4-4006-81D0-3EF43FE2AA88","tpstructure":"Full","plantingspaceglobalid":"5707D95A-2761-4176-B160-2BE050EB610B","createddate":"2016-03-15 17:23:40.0000000","dbh":"18","planteddate":null,"updateddate":"2018-10-25 18:45:51.0000000","geometry":"POINT(-74.14219426695627 40.57370812990722)","genusspecies":"Morus - mulberry"}},{"type":"Feature","geometry":{"type":"Point","coordinates":[-74.14281988244778,40.57363198883756]},"properties":{"tpcondition":"Fair","stumpdiameter":"0","riskratingdate":null,"riskrating":null,"objectid":"2941831","globalid":"56B66D81-2B66-431E-A9CE-83228AFDA769","tpstructure":"Full","plantingspaceglobalid":"F0295528-377C-4D6D-9586-9F208607E0D0","createddate":"2016-03-15 17:23:40.0000000","dbh":"14","planteddate":null,"updateddate":"2018-10-25 18:40:40.0000000","geometry":"POINT(-74.14281988244778 40.57363198883756)","genusspecies":"Liriodendron tulipifera - tuliptree"}},{"type":"Feature","geometry":{"type":"Point","coordinates":[-74.14296206844054,40.5736146838066]},"properties":{"tpcondition":"Dead","stumpdiameter":null,"riskratingdate":null,"riskrating":null,"objectid":"2941832","globalid":"8B7E7D6D-C023-47EB-8D4C-FD007FE2081F","tpstructure":"Retired","plantingspaceglobalid":"C2A2A129-F60C-4DDF-832A-FB727117F91B","createddate":"2016-03-15 17:23:00.0000000","dbh":"11","planteddate":null,"updateddate":"2023-03-28 13:25:00.0000000","geometry":"POINT(-74.14296206844054 40.5736146838066)","genusspecies":"Liriodendron tulipifera - tuliptree"}},{"type":"Feature","geometry":{"type":"Point","coordinates":[-74.14303316140743,40.57360603036739]},"properties":{"tpcondition":"Fair","stumpdiameter":"0","riskratingdate":null,"riskrating":null,"objectid":"2941833","globalid":"593ACC5D-0041-408C-9BBB-301DC037C4F0","tpstructure":"Full","plantingspaceglobalid":"733244B0-F999-4215-B128-A03DFB29CCD4","createddate":"2016-03-15 17:23:40.0000000","dbh":"8","planteddate":null,"updateddate":"2018-10-25 18:38:37.0000000","geometry":"POINT(-74.14303316140743 40.57360603036739)","genusspecies":"Acer rubrum - red maple"}},{"type":"Feature","geometry":{"type":"Point","coordinates":[-74.14313624599308,40.57359348457529]},"properties":{"tpcondition":"Fair","stumpdiameter":"0","riskratingdate":null,"riskrating":null,"objectid":"2941834","globalid":"B199F103-C843-4A61-AAF2-9206636193AF","tpstructure":"Full","plantingspaceglobalid":"93B4AC2D-F660-4CCE-BFBE-82D92C429991","createddate":"2016-03-15 17:23:41.0000000","dbh":"6","planteddate":null,"updateddate":"2018-10-25 18:37:38.0000000","geometry":"POINT(-74.14313624599308 40.57359348457529)","genusspecies":"Acer rubrum - red maple"}},{"type":"Feature","geometry":{"type":"Point","coordinates":[-74.14321089262415,40.573584398865584]},"properties":{"tpcondition":"Fair","stumpdiameter":"0","riskratingdate":null,"riskrating":null,"objectid":"2941835","globalid":"55F87E97-275B-42AB-B225-DD5C2BAA159F","tpstructure":"Full","plantingspaceglobalid":"E8DB4922-03DA-4AD5-9AC5-AAB499973BFC","createddate":"2016-03-15 17:23:41.0000000","dbh":"9","planteddate":null,"updateddate":"2018-10-25 18:36:32.0000000","geometry":"POINT(-74.14321089262415 40.573584398865584)","genusspecies":"Acer rubrum - red maple"}},{"type":"Feature","geometry":{"type":"Point","coordinates":[-74.14326411976676,40.57357803316428]},"properties":{"tpcondition":"Fair","stumpdiameter":"0","riskratingdate":null,"riskrating":null,"objectid":"2941836","globalid":"D5E4E66A-BB2E-4BC1-9D5F-38752A19E742","tpstructure":"Full","plantingspaceglobalid":"EA7371A3-5718-4146-9427-1B85D0C06AFA","createddate":"2016-03-15 17:23:41.0000000","dbh":"14","planteddate":null,"updateddate":"2018-10-25 18:35:32.0000000","geometry":"POINT(-74.14326411976676 40.57357803316428)","genusspecies":"Quercus palustris - pin oak"}},{"type":"Feature","geometry":{"type":"Point","coordinates":[-74.14331398295651,40.57357246534197]},"properties":{"tpcondition":"Fair","stumpdiameter":"0","riskratingdate":null,"riskrating":null,"objectid":"2941837","globalid":"3ADAC5ED-E795-47E8-901C-976D1EBD430D","tpstructure":"Full","plantingspaceglobalid":"204590A1-B199-443C-896F-32D759B9EE88","createddate":"2016-03-15 17:23:41.0000000","dbh":"14","planteddate":null,"updateddate":"2018-10-25 18:34:40.0000000","geometry":"POINT(-74.14331398295651 40.57357246534197)","genusspecies":"Quercus palustris - pin oak"}},{"type":"Feature","geometry":{"type":"Point","coordinates":[-74.1433602841079,40.57356729536569]},"properties":{"tpcondition":"Fair","stumpdiameter":"0","riskratingdate":null,"riskrating":null,"objectid":"2941838","globalid":"561206EC-2038-47A2-9626-9214B0542F0C","tpstructure":"Full","plantingspaceglobalid":"E2D16A94-6FC3-4C56-8A3E-69F6EA95CA75","createddate":"2016-03-15 17:23:41.0000000","dbh":"11","planteddate":null,"updateddate":"2018-10-25 18:33:00.0000000","geometry":"POINT(-74.1433602841079 40.57356729536569)","genusspecies":"Quercus palustris - pin oak"}},{"type":"Feature","geometry":{"type":"Point","coordinates":[-74.14342795442937,40.57355973815801]},"properties":{"tpcondition":"Fair","stumpdiameter":"0","riskratingdate":null,"riskrating":null,"objectid":"2941839","globalid":"8FB3233D-896F-4E57-800C-41A18E73010A","tpstructure":"Full","plantingspaceglobalid":"B6DA93F9-0ACF-4D6C-9A8D-2EE510323747","createddate":"2016-03-15 17:23:42.0000000","dbh":"13","planteddate":null,"updateddate":"2018-10-25 18:32:01.0000000","geometry":"POINT(-74.14342795442937 40.57355973815801)","genusspecies":"Quercus palustris - pin oak"}},{"type":"Feature","geometry":{"type":"Point","coordinates":[-74.14354548938911,40.57354661412939]},"properties":{"tpcondition":"Fair","stumpdiameter":"0","riskratingdate":null,"riskrating":null,"objectid":"2941840","globalid":"56063FAA-6E95-486A-9C56-5570EE018BE4","tpstructure":"Full","plantingspaceglobalid":"F428FB25-0BDC-47DB-9951-954C62A2252E","createddate":"2016-03-15 17:23:42.0000000","dbh":"13","planteddate":null,"updateddate":"2018-10-25 18:31:02.0000000","geometry":"POINT(-74.14354548938911 40.57354661412939)","genusspecies":"Quercus palustris - pin oak"}},{"type":"Feature","geometry":{"type":"Point","coordinates":[-74.14361315967113,40.573539057956246]},"properties":{"tpcondition":"Fair","stumpdiameter":"0","riskratingdate":null,"riskrating":null,"objectid":"2941841","globalid":"36F11AD2-AA66-4493-9F84-2DF9EF4B67D1","tpstructure":"Full","plantingspaceglobalid":"A93D7463-50D4-4692-9C2F-E6C3461BD734","createddate":"2016-03-15 17:23:42.0000000","dbh":"8","planteddate":null,"updateddate":"2018-10-25 18:30:15.0000000","geometry":"POINT(-74.14361315967113 40.573539057956246)","genusspecies":"Acer rubrum - red maple"}},{"type":"Feature","geometry":{"type":"Point","coordinates":[-74.1436843934616,40.573531102720025]},"properties":{"tpcondition":"Fair","stumpdiameter":"0","riskratingdate":null,"riskrating":null,"objectid":"2941842","globalid":"D282261C-FA50-441E-A7E9-3804C366147C","tpstructure":"Full","plantingspaceglobalid":"43EA5DE5-EE7F-40DF-85E7-37AD26D19872","createddate":"2016-03-15 17:23:42.0000000","dbh":"24","planteddate":null,"updateddate":"2018-10-25 18:27:38.0000000","geometry":"POINT(-74.1436843934616 40.573531102720025)","genusspecies":"Acer saccharinum - silver maple"}},{"type":"Feature","geometry":{"type":"Point","coordinates":[-74.14372000922678,40.57352712565862]},"properties":{"tpcondition":"Fair","stumpdiameter":"0","riskratingdate":null,"riskrating":null,"objectid":"2941843","globalid":"C5A226CB-D777-419F-B809-AE2CC620D704","tpstructure":"Full","plantingspaceglobalid":"129C0028-1840-4E68-B932-FD395A49E721","createddate":"2016-03-15 17:23:42.0000000","dbh":"4","planteddate":null,"updateddate":"2018-10-25 18:26:20.0000000","geometry":"POINT(-74.14372000922678 40.57352712565862)","genusspecies":"Ailanthus altissima - tree of heaven"}},{"type":"Feature","geometry":{"type":"Point","coordinates":[-74.14402631032846,40.57349292086616]},"properties":{"tpcondition":"Fair","stumpdiameter":"0","riskratingdate":null,"riskrating":null,"objectid":"2941844","globalid":"AB9DD4F1-4F56-4EA7-B718-97C6B8BE240A","tpstructure":"Full","plantingspaceglobalid":"70025847-69F8-43A7-A15E-9549BA567C76","createddate":"2016-03-15 17:23:43.0000000","dbh":"13","planteddate":null,"updateddate":"2018-10-25 18:22:27.0000000","geometry":"POINT(-74.14402631032846 40.57349292086616)","genusspecies":"Liriodendron tulipifera - tuliptree"}},{"type":"Feature","geometry":{"type":"Point","coordinates":[-74.13882246876558,40.56350700837625]},"properties":{"tpcondition":"Dead","stumpdiameter":"9","riskratingdate":null,"riskrating":null,"objectid":"2941845","globalid":"839A0D43-2907-4F48-B3E5-72EC5B19A50F","tpstructure":"Retired","plantingspaceglobalid":"FDD0AA08-7AB3-44EF-852B-EE4E6B8BAE2B","createddate":"2016-03-15 17:23:00.0000000","dbh":"9","planteddate":null,"updateddate":"2020-04-05 19:42:00.0000000","geometry":"POINT(-74.13882246876558 40.56350700837625)","genusspecies":"Acer platanoides - Norway maple"}},{"type":"Feature","geometry":{"type":"Point","coordinates":[-74.13877457083272,40.56358385746474]},"properties":{"tpcondition":"Good","stumpdiameter":"0","riskratingdate":null,"riskrating":null,"objectid":"2941846","globalid":"FAA8CE25-904C-44DB-9E93-BC3607AB2EA1","tpstructure":"Retired","plantingspaceglobalid":"C806A208-9FF2-4567-8121-6EEE04CC3E31","createddate":"2016-03-15 17:23:43.0000000","dbh":"11","planteddate":null,"updateddate":"2023-12-11 13:43:08.0000000","geometry":"POINT(-74.13877457083272 40.56358385746474)","genusspecies":"Pyrus calleryana - Callery pear"}},{"type":"Feature","geometry":{"type":"Point","coordinates":[-74.13874057895185,40.56363839616044]},"properties":{"tpcondition":"Good","stumpdiameter":"0","riskratingdate":null,"riskrating":null,"objectid":"2941847","globalid":"309630A0-459A-40F6-83B6-69D3DDA78A11","tpstructure":"Retired","plantingspaceglobalid":"78C3FEAA-9735-48E8-A0B2-83333E14C705","createddate":"2016-03-15 17:23:43.0000000","dbh":"11","planteddate":null,"updateddate":"2023-12-11 13:43:12.0000000","geometry":"POINT(-74.13874057895185 40.56363839616044)","genusspecies":"Pyrus calleryana - Callery pear"}},{"type":"Feature","geometry":{"type":"Point","coordinates":[-74.13855952704685,40.56385377179004]},"properties":{"tpcondition":"Good","stumpdiameter":null,"riskratingdate":"2023-12-11 13:44:49.0000000","riskrating":"5","objectid":"2941848","globalid":"40A89033-D1B9-4C7F-A07F-19D7D333B3C4","tpstructure":"Full","plantingspaceglobalid":"888F4ED7-459E-483D-93C7-2E3B26D65C3A","createddate":"2016-03-15 17:23:43.0000000","dbh":"7","planteddate":null,"updateddate":"2023-12-11 13:44:49.0000000","geometry":"POINT(-74.13855952704685 40.56385377179004)","genusspecies":"Pyrus calleryana - Callery pear"}},{"type":"Feature","geometry":{"type":"Point","coordinates":[-74.13844520953009,40.563948859475815]},"properties":{"tpcondition":"Critical","stumpdiameter":null,"riskratingdate":null,"riskrating":null,"objectid":"2941849","globalid":"1A7EDE7D-8473-453B-81E7-872DC9CBE5BF","tpstructure":"Retired","plantingspaceglobalid":"70DE5873-FC36-4721-95FB-7EE11903F205","createddate":"2016-03-15 17:23:00.0000000","dbh":"10","planteddate":null,"updateddate":"2022-01-17 18:46:00.0000000","geometry":"POINT(-74.13844520953009 40.563948859475815)","genusspecies":"Pyrus calleryana - Callery pear"}},{"type":"Feature","geometry":{"type":"Point","coordinates":[-74.1383166533806,40.564041749475244]},"properties":{"tpcondition":"Fair","stumpdiameter":null,"riskratingdate":"2024-09-19 12:28:09.0000000","riskrating":"5","objectid":"2941850","globalid":"87125FE7-359A-4671-9A3A-61AE0BA12D52","tpstructure":"Full","plantingspaceglobalid":"087360E0-B474-4844-AC63-834E40BEA065","createddate":"2016-03-15 17:23:44.0000000","dbh":"14","planteddate":null,"updateddate":"2024-09-19 12:28:09.0000000","geometry":"POINT(-74.1383166533806 40.564041749475244)","genusspecies":"Acer platanoides - Norway maple"}},{"type":"Feature","geometry":{"type":"Point","coordinates":[-74.13818588248162,40.56411570166216]},"properties":{"tpcondition":"Fair","stumpdiameter":null,"riskratingdate":"2023-12-11 13:47:47.0000000","riskrating":"6","objectid":"2941851","globalid":"8E0B80EE-B9D0-4B79-8786-0F3EE23919B4","tpstructure":"Full","plantingspaceglobalid":"52F74158-4CDE-456F-8FD8-1C6976DD4061","createddate":"2016-03-15 17:23:44.0000000","dbh":"12","planteddate":null,"updateddate":"2023-12-11 13:47:47.0000000","geometry":"POINT(-74.13818588248162 40.56411570166216)","genusspecies":"Acer platanoides - Norway maple"}},{"type":"Feature","geometry":{"type":"Point","coordinates":[-74.13804552188387,40.56417840921724]},"properties":{"tpcondition":"Fair","stumpdiameter":null,"riskratingdate":"2023-12-11 13:53:39.0000000","riskrating":"6","objectid":"2941852","globalid":"851AB5A4-4660-4400-93C3-568E84A0849C","tpstructure":"Full","plantingspaceglobalid":"29835FB2-10B0-4386-993A-A6069A1877E3","createddate":"2016-03-15 17:23:44.0000000","dbh":"11","planteddate":null,"updateddate":"2023-12-11 13:53:39.0000000","geometry":"POINT(-74.13804552188387 40.56417840921724)","genusspecies":"Pyrus calleryana - Callery pear"}},{"type":"Feature","geometry":{"type":"Point","coordinates":[-74.13794041857217,40.56422131220495]},"properties":{"tpcondition":"Fair","stumpdiameter":null,"riskratingdate":"2023-12-07 14:53:46.0000000","riskrating":"5","objectid":"2941853","globalid":"5153F21E-039D-43BC-A8E2-13B9FE9FD3F3","tpstructure":"Full","plantingspaceglobalid":"FE7036EC-02B2-4F2A-83D1-F2651491C46B","createddate":"2016-03-15 17:23:44.0000000","dbh":"12","planteddate":null,"updateddate":"2023-12-07 14:53:46.0000000","geometry":"POINT(-74.13794041857217 40.56422131220495)","genusspecies":"Gleditsia triacanthos var. inermis - Thornless honeylocust"}},{"type":"Feature","geometry":{"type":"Point","coordinates":[-74.13774403746615,40.564294395129785]},"properties":{"tpcondition":"Fair","stumpdiameter":null,"riskratingdate":"2023-12-07 14:56:42.0000000","riskrating":"6","objectid":"2941854","globalid":"478ECEBF-164D-4975-A122-D831F66215C8","tpstructure":"Full","plantingspaceglobalid":"6815BDD1-90D4-4ABD-A7E1-553C5ED5E731","createddate":"2016-03-15 17:23:45.0000000","dbh":"13","planteddate":null,"updateddate":"2023-12-07 14:56:42.0000000","geometry":"POINT(-74.13774403746615 40.564294395129785)","genusspecies":"Fraxinus - Ash"}},{"type":"Feature","geometry":{"type":"Point","coordinates":[-74.13768891931264,40.56432035963958]},"properties":{"tpcondition":"Fair","stumpdiameter":null,"riskratingdate":"2023-12-07 14:59:27.0000000","riskrating":"6","objectid":"2941855","globalid":"F4A7421C-39E5-412C-AA5B-EF8E3AA39594","tpstructure":"Full","plantingspaceglobalid":"FAA42FC3-B3D1-47F3-AD44-2A5F53F93D0B","createddate":"2016-03-15 17:23:45.0000000","dbh":"14","planteddate":null,"updateddate":"2023-12-07 14:59:27.0000000","geometry":"POINT(-74.13768891931264 40.56432035963958)","genusspecies":"Fraxinus - Ash"}},{"type":"Feature","geometry":{"type":"Point","coordinates":[-74.13762155195298,40.5643520926074]},"properties":{"tpcondition":"Fair","stumpdiameter":null,"riskratingdate":"2023-12-07 15:02:44.0000000","riskrating":"6","objectid":"2941856","globalid":"5C806355-FA69-488D-B4AF-BBC72EA260D9","tpstructure":"Full","plantingspaceglobalid":"1C20E734-27DE-4E14-B5D2-3501A6C551D0","createddate":"2016-03-15 17:23:45.0000000","dbh":"12","planteddate":null,"updateddate":"2023-12-07 15:02:44.0000000","geometry":"POINT(-74.13762155195298 40.5643520926074)","genusspecies":"Fraxinus - Ash"}},{"type":"Feature","geometry":{"type":"Point","coordinates":[-74.13758353311977,40.56437758425577]},"properties":{"tpcondition":"Poor","stumpdiameter":null,"riskratingdate":"2025-09-26 20:38:34.0000000","riskrating":"7","objectid":"2941857","globalid":"811F0546-4D5D-476C-87C0-948D4A19AA0F","tpstructure":"Full","plantingspaceglobalid":"F5AFE3AB-15E8-4C24-B380-474FD147AC0C","createddate":"2016-03-15 17:23:45.0000000","dbh":"10","planteddate":null,"updateddate":"2025-09-26 20:38:34.0000000","geometry":"POINT(-74.13758353311977 40.56437758425577)","genusspecies":"Quercus palustris - pin oak"}},{"type":"Feature","geometry":{"type":"Point","coordinates":[-74.13740055627396,40.56448812805302]},"properties":{"tpcondition":"Fair","stumpdiameter":null,"riskratingdate":"2023-12-07 15:09:22.0000000","riskrating":"5","objectid":"2941858","globalid":"887C4678-F113-47A2-9124-AD740542D435","tpstructure":"Full","plantingspaceglobalid":"5A2D0C6B-3CD3-4DAD-B5F4-A1E6CE6F39F6","createddate":"2016-03-15 17:23:45.0000000","dbh":"9","planteddate":null,"updateddate":"2023-12-07 15:09:22.0000000","geometry":"POINT(-74.13740055627396 40.56448812805302)","genusspecies":"Liquidambar styraciflua - sweetgum"}},{"type":"Feature","geometry":{"type":"Point","coordinates":[-74.13731352425802,40.56455364780834]},"properties":{"tpcondition":"Dead","stumpdiameter":"0","riskratingdate":null,"riskrating":null,"objectid":"2941859","globalid":"5E4147BF-E7A2-46CF-9CF1-DF73F2CAF56C","tpstructure":"Retired","plantingspaceglobalid":"20190538-E186-41DE-B284-81367DF664FF","createddate":"2016-03-15 17:23:46.0000000","dbh":"2","planteddate":null,"updateddate":"2023-06-21 19:23:30.0000000","geometry":"POINT(-74.13731352425802 40.56455364780834)","genusspecies":"Unknown - Unknown"}},{"type":"Feature","geometry":{"type":"Point","coordinates":[-74.13721365173659,40.56464380892678]},"properties":{"tpcondition":"Good","stumpdiameter":"0","riskratingdate":null,"riskrating":null,"objectid":"2941860","globalid":"DF4BB9AD-E925-40A4-B2B3-C728C63317C0","tpstructure":"Retired","plantingspaceglobalid":"269B9359-2121-4C0B-AE4E-4940F46C7BE2","createddate":"2016-03-15 17:23:46.0000000","dbh":"5","planteddate":null,"updateddate":"2023-12-07 15:12:36.0000000","geometry":"POINT(-74.13721365173659 40.56464380892678)","genusspecies":"Acer platanoides - Norway maple"}},{"type":"Feature","geometry":{"type":"Point","coordinates":[-74.13716374660845,40.56469971911976]},"properties":{"tpcondition":"Dead","stumpdiameter":"5","riskratingdate":"2021-12-23 20:38:00.0000000","riskrating":"7","objectid":"2941861","globalid":"8C020A9F-338F-442A-961F-C20A7E93FF2B","tpstructure":"Retired","plantingspaceglobalid":"20E3796B-CA71-49BF-9A6F-97E80A7908EB","createddate":"2016-03-15 17:23:00.0000000","dbh":null,"planteddate":null,"updateddate":"2023-12-07 18:40:20.0000000","geometry":"POINT(-74.13716374660845 40.56469971911976)","genusspecies":"Acer platanoides - Norway maple"}},{"type":"Feature","geometry":{"type":"Point","coordinates":[-74.1370069349183,40.56483042139927]},"properties":{"tpcondition":"Dead","stumpdiameter":null,"riskratingdate":"2025-04-03 15:45:01.0000000","riskrating":"8","objectid":"2941862","globalid":"1E3ABB88-9000-4A51-832B-DFD53B27CBB7","tpstructure":"Full","plantingspaceglobalid":"1D0108FC-0952-44A3-8319-761BF92AD240","createddate":"2016-03-15 17:23:46.0000000","dbh":"13","planteddate":null,"updateddate":"2025-04-03 15:45:01.0000000","geometry":"POINT(-74.1370069349183 40.56483042139927)","genusspecies":"Fraxinus - Ash"}},{"type":"Feature","geometry":{"type":"Point","coordinates":[-74.13689080317745,40.56493525890998]},"properties":{"tpcondition":"Fair","stumpdiameter":null,"riskratingdate":"2023-12-07 15:18:46.0000000","riskrating":"5","objectid":"2941863","globalid":"2ACB91C2-DDDB-4043-9031-87B75E785398","tpstructure":"Full","plantingspaceglobalid":"689C7CC3-0F08-412A-96D5-0C91F6DE7FF1","createddate":"2016-03-15 17:23:46.0000000","dbh":"6","planteddate":null,"updateddate":"2023-12-07 15:18:46.0000000","geometry":"POINT(-74.13689080317745 40.56493525890998)","genusspecies":"Pyrus calleryana - Callery pear"}},{"type":"Feature","geometry":{"type":"Point","coordinates":[-74.13664521108296,40.565248640903455]},"properties":{"tpcondition":"Fair","stumpdiameter":null,"riskratingdate":"2023-12-07 15:21:50.0000000","riskrating":"6","objectid":"2941864","globalid":"CAC77FBC-CE22-474F-856D-768938EC3FFA","tpstructure":"Full","plantingspaceglobalid":"F687361F-9C0C-48DD-8F8C-027227F25DE6","createddate":"2016-03-15 17:23:47.0000000","dbh":"10","planteddate":null,"updateddate":"2023-12-07 15:21:50.0000000","geometry":"POINT(-74.13664521108296 40.565248640903455)","genusspecies":"Acer rubrum - red maple"}},{"type":"Feature","geometry":{"type":"Point","coordinates":[-74.13679116900217,40.56533389193784]},"properties":{"tpcondition":"Dead","stumpdiameter":"12","riskratingdate":"2019-06-30 14:43:00.0000000","riskrating":"9","objectid":"2941865","globalid":"F187AA1E-CC11-4095-B6B8-EB646830513E","tpstructure":"Retired","plantingspaceglobalid":"E206801B-5739-4271-AE8E-B67D6EB34AC4","createddate":"2016-03-15 17:23:00.0000000","dbh":"12","planteddate":null,"updateddate":"2020-04-05 19:44:00.0000000","geometry":"POINT(-74.13679116900217 40.56533389193784)","genusspecies":"Acer platanoides - Norway maple"}},{"type":"Feature","geometry":{"type":"Point","coordinates":[-74.13709018076817,40.56547657319838]},"properties":{"tpcondition":"Dead","stumpdiameter":"8","riskratingdate":"2020-12-10 18:26:11.0000000","riskrating":"9","objectid":"2941866","globalid":"454282DC-A0FD-4D57-BBAF-BB7E5F51D24A","tpstructure":"Stump","plantingspaceglobalid":"201E70BA-71A1-4CA7-AE66-AE19A15EF7C6","createddate":"2016-03-15 17:23:47.0000000","dbh":null,"planteddate":null,"updateddate":"2021-02-17 17:03:28.0000000","geometry":"POINT(-74.13709018076817 40.56547657319838)","genusspecies":"Acer platanoides - Norway maple"}},{"type":"Feature","geometry":{"type":"Point","coordinates":[-74.13720002183926,40.56552898628201]},"properties":{"tpcondition":"Dead","stumpdiameter":"16","riskratingdate":"2019-08-19 11:13:00.0000000","riskrating":"7","objectid":"2941867","globalid":"F70483C1-86B9-4230-823C-CE5CF5691C4C","tpstructure":"Stump","plantingspaceglobalid":"E80E28E4-B821-4841-804E-72B67228E96B","createddate":"2016-03-15 17:23:00.0000000","dbh":"11","planteddate":null,"updateddate":"2020-12-14 15:49:31.0000000","geometry":"POINT(-74.13720002183926 40.56552898628201)","genusspecies":"Acer platanoides - Norway maple"}},{"type":"Feature","geometry":{"type":"Point","coordinates":[-74.14442241794362,40.573522160703334]},"properties":{"tpcondition":"Fair","stumpdiameter":"0","riskratingdate":null,"riskrating":null,"objectid":"2941868","globalid":"9EA8324B-72ED-4881-B69B-EF8D54FA8187","tpstructure":"Full","plantingspaceglobalid":"5C6FB8C1-DE7E-4899-81CA-D52FFB4DAD92","createddate":"2016-03-15 17:23:47.0000000","dbh":"4","planteddate":null,"updateddate":"2018-10-25 18:18:22.0000000","geometry":"POINT(-74.14442241794362 40.573522160703334)","genusspecies":"Pyrus calleryana - Callery pear"}},{"type":"Feature","geometry":{"type":"Point","coordinates":[-74.14443146580444,40.573571082963284]},"properties":{"tpcondition":"Fair","stumpdiameter":"0","riskratingdate":null,"riskrating":null,"objectid":"2941869","globalid":"AB3734DB-58FE-4445-85B4-1283C71DBB00","tpstructure":"Full","plantingspaceglobalid":"377F6FA5-9D3F-4256-B61E-C2AD1C83B32F","createddate":"2016-03-15 17:23:48.0000000","dbh":"6","planteddate":null,"updateddate":"2018-10-25 18:17:33.0000000","geometry":"POINT(-74.14443146580444 40.573571082963284)","genusspecies":"Pyrus calleryana - Callery pear"}},{"type":"Feature","geometry":{"type":"Point","coordinates":[-74.14443850287232,40.573609133736575]},"properties":{"tpcondition":"Fair","stumpdiameter":"0","riskratingdate":null,"riskrating":null,"objectid":"2941870","globalid":"8ABB8381-7FAF-4C9C-B7F4-F6195027595F","tpstructure":"Full","plantingspaceglobalid":"BD3D3B05-E573-419B-BA74-31451ABA8916","createddate":"2016-03-15 17:23:48.0000000","dbh":"7","planteddate":null,"updateddate":"2018-10-25 18:16:30.0000000","geometry":"POINT(-74.14443850287232 40.573609133736575)","genusspecies":"Pyrus calleryana - Callery pear"}},{"type":"Feature","geometry":{"type":"Point","coordinates":[-74.14446011720214,40.57372600392383]},"properties":{"tpcondition":"Dead","stumpdiameter":"7","riskratingdate":null,"riskrating":null,"objectid":"2941871","globalid":"A00263C5-5B2D-4D3F-B799-A7DC4F31D8A8","tpstructure":"Retired","plantingspaceglobalid":"C1B68AA1-34AF-49CB-81C6-0CF85D7575C5","createddate":"2016-03-15 17:23:48.0000000","dbh":"5","planteddate":null,"updateddate":"2018-07-11 14:13:23.0000000","geometry":"POINT(-74.14446011720214 40.57372600392383)","genusspecies":"Pyrus calleryana - Callery pear"}},{"type":"Feature","geometry":{"type":"Point","coordinates":[-74.14448474933815,40.57385918133104]},"properties":{"tpcondition":"Fair","stumpdiameter":"0","riskratingdate":null,"riskrating":null,"objectid":"2941872","globalid":"15D0256D-04E5-46E7-9670-1EC7899212D4","tpstructure":"Full","plantingspaceglobalid":"DA821781-7D39-4CF5-B6A4-7758E7CB09AB","createddate":"2016-03-15 17:23:48.0000000","dbh":"7","planteddate":null,"updateddate":"2018-10-25 18:12:09.0000000","geometry":"POINT(-74.14448474933815 40.57385918133104)","genusspecies":"Pyrus calleryana - Callery pear"}},{"type":"Feature","geometry":{"type":"Point","coordinates":[-74.14449228804645,40.57389994940078]},"properties":{"tpcondition":"Fair","stumpdiameter":"0","riskratingdate":null,"riskrating":null,"objectid":"2941873","globalid":"6B331C5E-64D9-431B-83E3-C84D2B40AEF4","tpstructure":"Full","plantingspaceglobalid":"713F30A8-94D8-4DCC-A408-CCD949483BE4","createddate":"2016-03-15 17:23:48.0000000","dbh":"5","planteddate":null,"updateddate":"2018-10-25 18:11:16.0000000","geometry":"POINT(-74.14449228804645 40.57389994940078)","genusspecies":"Pyrus calleryana - Callery pear"}},{"type":"Feature","geometry":{"type":"Point","coordinates":[-74.14449982826622,40.57394071861165]},"properties":{"tpcondition":"Fair","stumpdiameter":"0","riskratingdate":null,"riskrating":null,"objectid":"2941874","globalid":"4B2784C2-5FC1-4269-B842-A2D73AD7A13C","tpstructure":"Full","plantingspaceglobalid":"17184B0C-9115-4CCC-BCB7-C4009ED14D28","createddate":"2016-03-15 17:23:49.0000000","dbh":"5","planteddate":null,"updateddate":"2018-10-25 18:10:30.0000000","geometry":"POINT(-74.14449982826622 40.57394071861165)","genusspecies":"Pyrus calleryana - Callery pear"}},{"type":"Feature","geometry":{"type":"Point","coordinates":[-74.14450686541198,40.573978769379494]},"properties":{"tpcondition":"Fair","stumpdiameter":"0","riskratingdate":null,"riskrating":null,"objectid":"2941875","globalid":"08243365-C661-4BBB-9283-342AD21E1545","tpstructure":"Full","plantingspaceglobalid":"3206DF53-98F1-4935-81B3-23C1E25DA205","createddate":"2016-03-15 17:23:49.0000000","dbh":"6","planteddate":null,"updateddate":"2018-10-25 18:09:42.0000000","geometry":"POINT(-74.14450686541198 40.573978769379494)","genusspecies":"Pyrus calleryana - Callery pear"}},{"type":"Feature","geometry":{"type":"Point","coordinates":[-74.13740988177912,40.56562657186918]},"properties":{"tpcondition":"Fair","stumpdiameter":null,"riskratingdate":"2023-12-07 15:27:35.0000000","riskrating":"7","objectid":"2941876","globalid":"D0270347-D8EB-4B0A-A6FE-DFD1ED01E54D","tpstructure":"Full","plantingspaceglobalid":"89FE75A6-485B-4A5C-AB5E-B00FF001A29F","createddate":"2016-03-15 17:23:49.0000000","dbh":"19","planteddate":null,"updateddate":"2023-12-07 15:27:35.0000000","geometry":"POINT(-74.13740988177912 40.56562657186918)","genusspecies":"Pyrus calleryana - Callery pear"}},{"type":"Feature","geometry":{"type":"Point","coordinates":[-74.13748001077553,40.56566011358552]},"properties":{"tpcondition":"Fair","stumpdiameter":null,"riskratingdate":"2023-12-07 15:28:45.0000000","riskrating":"6","objectid":"2941877","globalid":"42F26565-F64A-4207-8314-8572D8AF79BD","tpstructure":"Full","plantingspaceglobalid":"170EBEC0-99BD-43C2-8C72-3AE7F7768084","createddate":"2016-03-15 17:23:49.0000000","dbh":"9","planteddate":null,"updateddate":"2023-12-07 15:28:45.0000000","geometry":"POINT(-74.13748001077553 40.56566011358552)","genusspecies":"Pyrus calleryana - Callery pear"}},{"type":"Feature","geometry":{"type":"Point","coordinates":[-74.13757148466196,40.56570386497673]},"properties":{"tpcondition":"Fair","stumpdiameter":null,"riskratingdate":"2023-12-07 15:30:04.0000000","riskrating":"5","objectid":"2941878","globalid":"20CFD4F6-5DA6-4207-BACA-46B3F705D1B9","tpstructure":"Full","plantingspaceglobalid":"48E66EA1-9808-4E9E-B282-46BE7D1880AD","createddate":"2016-03-15 17:23:49.0000000","dbh":"13","planteddate":null,"updateddate":"2023-12-07 15:30:04.0000000","geometry":"POINT(-74.13757148466196 40.56570386497673)","genusspecies":"Quercus palustris - pin oak"}},{"type":"Feature","geometry":{"type":"Point","coordinates":[-74.13763246807093,40.56573303329185]},"properties":{"tpcondition":"Fair","stumpdiameter":null,"riskratingdate":"2023-12-07 15:31:43.0000000","riskrating":"6","objectid":"2941879","globalid":"8832645E-1AC6-4C10-9B45-9F3993A8D263","tpstructure":"Full","plantingspaceglobalid":"CBF73D9E-2368-49B0-A6B2-42D1974A9E72","createddate":"2016-03-15 17:23:50.0000000","dbh":"9","planteddate":null,"updateddate":"2023-12-07 15:31:43.0000000","geometry":"POINT(-74.13763246807093 40.56573303329185)","genusspecies":"Quercus palustris - pin oak"}},{"type":"Feature","geometry":{"type":"Point","coordinates":[-74.13772394365672,40.565776784559574]},"properties":{"tpcondition":"Fair","stumpdiameter":null,"riskratingdate":"2024-05-22 14:56:36.0000000","riskrating":"7","objectid":"2941880","globalid":"BF614E83-768A-40C4-B3AF-07DDCE24EA2A","tpstructure":"Full","plantingspaceglobalid":"A430040A-87DF-4E68-B458-9AA03883E401","createddate":"2016-03-15 17:23:50.0000000","dbh":"7","planteddate":null,"updateddate":"2024-05-22 14:56:36.0000000","geometry":"POINT(-74.13772394365672 40.565776784559574)","genusspecies":"Acer platanoides - Norway maple"}},{"type":"Feature","geometry":{"type":"Point","coordinates":[-74.13779712255894,40.565811784036356]},"properties":{"tpcondition":"Fair","stumpdiameter":null,"riskratingdate":"2023-12-07 15:35:53.0000000","riskrating":"6","objectid":"2941881","globalid":"0FCC5C73-FD2B-4914-98C8-8D95B5519BAD","tpstructure":"Full","plantingspaceglobalid":"ECABF6D7-6499-4BF4-A456-9C369EC44063","createddate":"2016-03-15 17:23:50.0000000","dbh":"5","planteddate":null,"updateddate":"2023-12-07 15:35:53.0000000","geometry":"POINT(-74.13779712255894 40.565811784036356)","genusspecies":"Malus - apple"}},{"type":"Feature","geometry":{"type":"Point","coordinates":[-74.13798921932953,40.56590366065504]},"properties":{"tpcondition":"Dead","stumpdiameter":"11","riskratingdate":"2024-05-22 14:52:18.0000000","riskrating":"8","objectid":"2941882","globalid":"516718EE-929A-40DD-A097-4EF03D371892","tpstructure":"Stump","plantingspaceglobalid":"BD5533BB-EC0F-482D-BE34-F38EF7606E45","createddate":"2016-03-15 17:23:50.0000000","dbh":"8","planteddate":null,"updateddate":"2025-01-28 13:30:27.0000000","geometry":"POINT(-74.13798921932953 40.56590366065504)","genusspecies":"Acer platanoides - Norway maple"}},{"type":"Feature","geometry":{"type":"Point","coordinates":[-74.13807464919103,40.56594438703525]},"properties":{"tpcondition":"Fair","stumpdiameter":null,"riskratingdate":"2023-12-07 15:40:48.0000000","riskrating":"5","objectid":"2941883","globalid":"6E44DA5F-B6F2-4345-9C07-9D1DA4BAEF58","tpstructure":"Full","plantingspaceglobalid":"AB048BE2-55AD-4F80-92D5-B05B74AAFC52","createddate":"2016-03-15 17:23:50.0000000","dbh":"10","planteddate":null,"updateddate":"2023-12-07 15:40:48.0000000","geometry":"POINT(-74.13807464919103 40.56594438703525)","genusspecies":"Acer - maple"}},{"type":"Feature","geometry":{"type":"Point","coordinates":[-74.13813881278598,40.56597485332763]},"properties":{"tpcondition":"Dead","stumpdiameter":"14","riskratingdate":"2022-07-27 16:45:46.0000000","riskrating":"8","objectid":"2941884","globalid":"9C41473F-F0EB-4A99-8F8D-B8C299ED74A0","tpstructure":"Stump","plantingspaceglobalid":"253B9F11-331A-4823-9826-BC66957D9E7D","createddate":"2016-03-15 17:23:51.0000000","dbh":"11","planteddate":null,"updateddate":"2024-05-28 13:51:39.0000000","geometry":"POINT(-74.13813881278598 40.56597485332763)","genusspecies":"Fraxinus - Ash"}},{"type":"Feature","geometry":{"type":"Point","coordinates":[-74.13816936643313,40.56598936006631]},"properties":{"tpcondition":"Dead","stumpdiameter":"15","riskratingdate":"2022-07-27 16:48:36.0000000","riskrating":"8","objectid":"2941885","globalid":"193E7F19-5B77-4C59-BEC9-E52B70CA2E71","tpstructure":"Stump","plantingspaceglobalid":"A1DECC21-B837-4571-AA60-FD15DE79AFB9","createddate":"2016-03-15 17:23:51.0000000","dbh":"15","planteddate":null,"updateddate":"2023-02-23 15:34:25.0000000","geometry":"POINT(-74.13816936643313 40.56598936006631)","genusspecies":"Fraxinus - Ash"}},{"type":"Feature","geometry":{"type":"Point","coordinates":[-74.13822130849202,40.566014023160655]},"properties":{"tpcondition":"Good","stumpdiameter":null,"riskratingdate":"2023-12-08 17:13:37.0000000","riskrating":"3","objectid":"2941886","globalid":"70510C97-4EE3-4555-9362-2D1175A0610C","tpstructure":"Full","plantingspaceglobalid":"BE89E8A7-BDDC-4AE9-9C1D-59932F74FFE9","createddate":"2016-03-15 17:23:51.0000000","dbh":"8","planteddate":null,"updateddate":"2023-12-08 17:13:37.0000000","geometry":"POINT(-74.13822130849202 40.566014023160655)","genusspecies":"Pyrus calleryana - Callery pear"}}], "crs" : { "type": "name", "properties": { "name": "urn:ogc:def:crs:OGC:1.3:CRS84" } } }