{ "type": "FeatureCollection", "features": [{"type":"Feature","geometry":{"type":"Point","coordinates":[-73.93884695234215,40.639716753635064]},"properties":{"tpcondition":"Good","stumpdiameter":null,"riskratingdate":null,"riskrating":null,"objectid":"5291814","globalid":"ABD70AAC-7A56-4E03-876C-BF0DBE361D87","tpstructure":"Full","plantingspaceglobalid":"259A64F2-408B-41D1-A192-2638EE4DC3B1","createddate":"2018-04-04 13:32:04.0000000","dbh":"2","planteddate":null,"updateddate":"2018-04-04 13:32:16.0000000","geometry":"POINT(-73.93884695234215 40.639716753635064)","genusspecies":"Eucommia ulmoides - Hardy Rubber Tree"}},{"type":"Feature","geometry":{"type":"Point","coordinates":[-73.93888575301028,40.640040215347994]},"properties":{"tpcondition":"Good","stumpdiameter":null,"riskratingdate":null,"riskrating":null,"objectid":"5291815","globalid":"83389799-E557-4319-A145-CCD2DE430020","tpstructure":"Full","plantingspaceglobalid":"5A734DBF-7BBF-4C4F-88A0-D5FF91161838","createddate":"2018-04-04 13:29:42.0000000","dbh":"3","planteddate":null,"updateddate":"2018-04-04 13:29:54.0000000","geometry":"POINT(-73.93888575301028 40.640040215347994)","genusspecies":"Celtis occidentalis - common hackberry"}},{"type":"Feature","geometry":{"type":"Point","coordinates":[-73.93890670032924,40.640220709920534]},"properties":{"tpcondition":"Good","stumpdiameter":null,"riskratingdate":null,"riskrating":null,"objectid":"5291816","globalid":"B1D8F930-634F-4D3A-A919-C01B43A960F2","tpstructure":"Full","plantingspaceglobalid":"0624D6D5-3D74-4A2C-83B4-7CFC2E680887","createddate":"2018-04-04 13:28:29.0000000","dbh":"2","planteddate":null,"updateddate":"2018-04-04 13:28:58.0000000","geometry":"POINT(-73.93890670032924 40.640220709920534)","genusspecies":"Quercus - Oak"}},{"type":"Feature","geometry":{"type":"Point","coordinates":[-73.93891130858877,40.64031184785932]},"properties":{"tpcondition":"Good","stumpdiameter":null,"riskratingdate":"2020-06-10 18:34:49.0000000","riskrating":"4","objectid":"5291817","globalid":"A5B3CB6C-AE65-4F24-90B3-9767C4CEEF07","tpstructure":"Full","plantingspaceglobalid":"F964105F-AB1F-492F-9837-102314F9FAA8","createddate":"2018-04-04 13:27:29.0000000","dbh":"4","planteddate":null,"updateddate":"2020-06-10 18:34:49.0000000","geometry":"POINT(-73.93891130858877 40.64031184785932)","genusspecies":"Pistacia chinensis - Chinese pistache"}},{"type":"Feature","geometry":{"type":"Point","coordinates":[-73.93893614758375,40.64051200116224]},"properties":{"tpcondition":"Good","stumpdiameter":null,"riskratingdate":"2020-12-29 15:57:54.0000000","riskrating":"6","objectid":"5291818","globalid":"BC98E3F1-858A-4CDA-95A1-87BA9C1E8690","tpstructure":"Full","plantingspaceglobalid":"A2F55779-FD71-461C-884A-978740E82101","createddate":"2018-04-04 13:26:12.0000000","dbh":"4","planteddate":null,"updateddate":"2025-02-26 15:41:00.0000000","geometry":"POINT(-73.93893614758375 40.64051200116224)","genusspecies":"Maclura pomifera - osage orange"}},{"type":"Feature","geometry":{"type":"Point","coordinates":[-73.93895324615407,40.640626376342695]},"properties":{"tpcondition":"Good","stumpdiameter":null,"riskratingdate":"2020-12-29 15:58:09.0000000","riskrating":"6","objectid":"5291819","globalid":"C2F48F05-1105-419D-B291-4ED7A1AF15FC","tpstructure":"Full","plantingspaceglobalid":"492FF0AE-5C2B-44E4-AC5C-EC11B97BABEB","createddate":"2018-04-04 13:24:48.0000000","dbh":"4","planteddate":null,"updateddate":"2025-02-26 15:37:22.0000000","geometry":"POINT(-73.93895324615407 40.640626376342695)","genusspecies":"Celtis occidentalis - common hackberry"}},{"type":"Feature","geometry":{"type":"Point","coordinates":[-73.93895782562537,40.64074908387845]},"properties":{"tpcondition":"Good","stumpdiameter":null,"riskratingdate":"2020-12-29 15:59:14.0000000","riskrating":"6","objectid":"5291820","globalid":"8E1095D1-23F1-48AA-B4F8-73E7652679D3","tpstructure":"Full","plantingspaceglobalid":"B78C41C3-B0C7-46BF-BBED-27F1F75391FE","createddate":"2018-04-04 13:22:42.0000000","dbh":"4","planteddate":null,"updateddate":"2020-12-29 15:59:14.0000000","geometry":"POINT(-73.93895782562537 40.64074908387845)","genusspecies":"Quercus palustris - pin oak"}},{"type":"Feature","geometry":{"type":"Point","coordinates":[-73.93901957023964,40.64126996042671]},"properties":{"tpcondition":"Good","stumpdiameter":null,"riskratingdate":null,"riskrating":null,"objectid":"5291821","globalid":"6B5FEA13-9AD9-4E0C-B5CD-1D2845818C06","tpstructure":"Full","plantingspaceglobalid":"6190DD60-2B72-469C-8580-F98BB4DB4F61","createddate":"2018-04-04 13:19:50.0000000","dbh":"1","planteddate":null,"updateddate":"2018-04-04 13:20:03.0000000","geometry":"POINT(-73.93901957023964 40.64126996042671)","genusspecies":"Thuja occidentalis - arborvitae"}},{"type":"Feature","geometry":{"type":"Point","coordinates":[-73.93901214515729,40.64120598066812]},"properties":{"tpcondition":"Good","stumpdiameter":null,"riskratingdate":null,"riskrating":null,"objectid":"5291822","globalid":"086F93C5-520E-43E6-B1FA-5A5AF03ABB2E","tpstructure":"Full","plantingspaceglobalid":"2790612F-CF06-4A5B-AC5C-9F5189F40C84","createddate":"2018-04-04 13:17:56.0000000","dbh":"1","planteddate":null,"updateddate":"2018-04-04 13:19:12.0000000","geometry":"POINT(-73.93901214515729 40.64120598066812)","genusspecies":"Carpinus betulus - European hornbeam"}},{"type":"Feature","geometry":{"type":"Point","coordinates":[-73.93898961213185,40.641048119487515]},"properties":{"tpcondition":"Dead","stumpdiameter":null,"riskratingdate":null,"riskrating":null,"objectid":"5291823","globalid":"D30756C5-F5D0-4125-8630-8EE0430762A7","tpstructure":"Retired","plantingspaceglobalid":"35002A05-2A46-4A3A-9763-CC6FD6C3241C","createddate":"2018-04-04 13:16:00.0000000","dbh":"3","planteddate":null,"updateddate":"2023-02-02 18:22:00.0000000","geometry":"POINT(-73.93898961213185 40.641048119487515)","genusspecies":"Quercus palustris - pin oak"}},{"type":"Feature","geometry":{"type":"Point","coordinates":[-73.93901750950437,40.64132511466947]},"properties":{"tpcondition":"Good","stumpdiameter":null,"riskratingdate":null,"riskrating":null,"objectid":"5291824","globalid":"2C1D8A45-0F3D-4CB4-B70A-9AEC65303724","tpstructure":"Full","plantingspaceglobalid":"509E3341-2385-453C-9DF2-AC064428D795","createddate":"2018-04-04 13:13:58.0000000","dbh":"1","planteddate":null,"updateddate":"2018-04-04 13:14:11.0000000","geometry":"POINT(-73.93901750950437 40.64132511466947)","genusspecies":"Carpinus betulus - European hornbeam"}},{"type":"Feature","geometry":{"type":"Point","coordinates":[-73.93982102381294,40.6411722079207]},"properties":{"tpcondition":"Good","stumpdiameter":null,"riskratingdate":null,"riskrating":null,"objectid":"5291825","globalid":"1EC63AC0-4890-411C-AE52-FB9E975EF0A5","tpstructure":"Full","plantingspaceglobalid":"262ECA4E-1B6D-48CB-907A-CA848468AAA4","createddate":"2018-04-04 13:10:53.0000000","dbh":"2","planteddate":null,"updateddate":"2018-04-04 13:11:07.0000000","geometry":"POINT(-73.93982102381294 40.6411722079207)","genusspecies":"Cercis canadensis - eastern redbud"}},{"type":"Feature","geometry":{"type":"Point","coordinates":[-73.93982878189294,40.64124071212376]},"properties":{"tpcondition":"Good","stumpdiameter":null,"riskratingdate":null,"riskrating":null,"objectid":"5291826","globalid":"6DE85C38-627C-4F45-9843-CFCE1EC0833B","tpstructure":"Full","plantingspaceglobalid":"8BC1E676-4361-4777-A3F0-092FB732A95D","createddate":"2018-04-04 13:10:24.0000000","dbh":"2","planteddate":null,"updateddate":"2018-04-04 13:10:35.0000000","geometry":"POINT(-73.93982878189294 40.64124071212376)","genusspecies":"Cercis canadensis - eastern redbud"}},{"type":"Feature","geometry":{"type":"Point","coordinates":[-73.93983575670258,40.64131040761063]},"properties":{"tpcondition":"Good","stumpdiameter":null,"riskratingdate":null,"riskrating":null,"objectid":"5291827","globalid":"032CC1A5-605C-4827-BFAB-7225D16D9D03","tpstructure":"Full","plantingspaceglobalid":"0600C67E-BE7D-48F7-AA54-01DE238E9489","createddate":"2018-04-04 13:09:52.0000000","dbh":"2","planteddate":null,"updateddate":"2018-04-04 13:10:03.0000000","geometry":"POINT(-73.93983575670258 40.64131040761063)","genusspecies":"Cercis canadensis - eastern redbud"}},{"type":"Feature","geometry":{"type":"Point","coordinates":[-73.93980786238684,40.64102626532101]},"properties":{"tpcondition":"Excellent","stumpdiameter":null,"riskratingdate":"2022-10-13 17:24:19.0000000","riskrating":"5","objectid":"5291828","globalid":"8E4E0AEE-07FC-41C4-858E-AF136B033E41","tpstructure":"Full","plantingspaceglobalid":"76E8CAED-AEAE-407A-8FE6-9CF826D3E0C1","createddate":"2018-04-04 13:07:55.0000000","dbh":"1","planteddate":null,"updateddate":"2022-10-13 17:24:19.0000000","geometry":"POINT(-73.93980786238684 40.64102626532101)","genusspecies":"Cercis canadensis - eastern redbud"}},{"type":"Feature","geometry":{"type":"Point","coordinates":[-73.93979468468166,40.640897597136075]},"properties":{"tpcondition":"Good","stumpdiameter":null,"riskratingdate":null,"riskrating":null,"objectid":"5291829","globalid":"7DB17146-0D99-46E7-B2F4-39948613725F","tpstructure":"Full","plantingspaceglobalid":"FA12C35F-E64D-42D4-B6D9-F563F505E56F","createddate":"2018-04-04 13:07:08.0000000","dbh":"2","planteddate":null,"updateddate":"2018-04-04 13:07:20.0000000","geometry":"POINT(-73.93979468468166 40.640897597136075)","genusspecies":"Prunus 'Mt Fuji' - 'Mt Fuji' Cherry"}},{"type":"Feature","geometry":{"type":"Point","coordinates":[-73.93977296942293,40.64069923263491]},"properties":{"tpcondition":"Good","stumpdiameter":null,"riskratingdate":null,"riskrating":null,"objectid":"5291830","globalid":"FE167FEE-7452-4C00-8BA1-EC398683320B","tpstructure":"Full","plantingspaceglobalid":"A6D7477C-B6DA-4C4C-B683-47A99DB95C7E","createddate":"2018-04-04 13:06:04.0000000","dbh":"2","planteddate":null,"updateddate":"2018-04-04 13:06:18.0000000","geometry":"POINT(-73.93977296942293 40.64069923263491)","genusspecies":"Cercis canadensis - eastern redbud"}},{"type":"Feature","geometry":{"type":"Point","coordinates":[-73.93975390604784,40.64057445323625]},"properties":{"tpcondition":"Good","stumpdiameter":null,"riskratingdate":null,"riskrating":null,"objectid":"5291831","globalid":"C289E9B9-89EE-4C0B-A3C7-B2DFA8FB1290","tpstructure":"Full","plantingspaceglobalid":"82F7F4C2-2DF5-468E-A1A5-3A557BE08DB2","createddate":"2018-04-04 13:05:05.0000000","dbh":"3","planteddate":null,"updateddate":"2018-04-04 13:05:22.0000000","geometry":"POINT(-73.93975390604784 40.64057445323625)","genusspecies":"Prunus 'Mt Fuji' - 'Mt Fuji' Cherry"}},{"type":"Feature","geometry":{"type":"Point","coordinates":[-73.93971017253044,40.64009996995176]},"properties":{"tpcondition":"Good","stumpdiameter":null,"riskratingdate":null,"riskrating":null,"objectid":"5291832","globalid":"BAD6E1BE-8316-4F2B-91DD-2EC89127EF8E","tpstructure":"Full","plantingspaceglobalid":"D10E38DE-4459-496F-995C-E14ED9FD3934","createddate":"2018-04-04 13:01:11.0000000","dbh":"1","planteddate":null,"updateddate":"2018-04-04 13:01:22.0000000","geometry":"POINT(-73.93971017253044 40.64009996995176)","genusspecies":"Cercis canadensis - eastern redbud"}},{"type":"Feature","geometry":{"type":"Point","coordinates":[-73.93969928957205,40.64002908127554]},"properties":{"tpcondition":"Good","stumpdiameter":null,"riskratingdate":null,"riskrating":null,"objectid":"5291833","globalid":"CB615268-5AED-4907-AC9E-94E139F4C9CB","tpstructure":"Full","plantingspaceglobalid":"3C5BD734-FE25-4D9B-B420-11CD9EFB104E","createddate":"2018-04-04 13:00:32.0000000","dbh":"2","planteddate":null,"updateddate":"2018-04-04 13:00:45.0000000","geometry":"POINT(-73.93969928957205 40.64002908127554)","genusspecies":"Prunus 'Mt Fuji' - 'Mt Fuji' Cherry"}},{"type":"Feature","geometry":{"type":"Point","coordinates":[-73.9396759727968,40.63987241149349]},"properties":{"tpcondition":"Good","stumpdiameter":null,"riskratingdate":null,"riskrating":null,"objectid":"5291834","globalid":"1E3AE713-42E5-42B2-83C5-DD199216B8AF","tpstructure":"Full","plantingspaceglobalid":"62FA6AB4-D6DD-4747-BAEB-21F08D891710","createddate":"2018-04-04 12:59:27.0000000","dbh":"2","planteddate":null,"updateddate":"2018-04-04 12:59:40.0000000","geometry":"POINT(-73.9396759727968 40.63987241149349)","genusspecies":"Prunus 'Mt Fuji' - 'Mt Fuji' Cherry"}},{"type":"Feature","geometry":{"type":"Point","coordinates":[-73.93965429647068,40.63963175552267]},"properties":{"tpcondition":"Good","stumpdiameter":null,"riskratingdate":"2024-10-15 17:11:18.0000000","riskrating":"5","objectid":"5291835","globalid":"A21A5D1E-2D0A-4030-B61D-976B29632012","tpstructure":"Full","plantingspaceglobalid":"2DA7B1B0-4A8A-43AF-93F9-50F71B6FBB5A","createddate":"2018-04-04 12:58:17.0000000","dbh":"8","planteddate":null,"updateddate":"2024-10-15 17:11:18.0000000","geometry":"POINT(-73.93965429647068 40.63963175552267)","genusspecies":"Cercis canadensis - eastern redbud"}},{"type":"Feature","geometry":{"type":"Point","coordinates":[-73.93964733851546,40.639542998620264]},"properties":{"tpcondition":"Good","stumpdiameter":null,"riskratingdate":null,"riskrating":null,"objectid":"5291836","globalid":"7FDED6AD-1B7F-4D3C-BA8A-45693D85A06C","tpstructure":"Full","plantingspaceglobalid":"A4671AC4-F163-4324-9C95-629F0C462483","createddate":"2018-04-04 12:57:31.0000000","dbh":"1","planteddate":null,"updateddate":"2018-04-04 12:57:44.0000000","geometry":"POINT(-73.93964733851546 40.639542998620264)","genusspecies":"Cercis canadensis - eastern redbud"}},{"type":"Feature","geometry":{"type":"Point","coordinates":[-73.93952271593088,40.637208596363614]},"properties":{"tpcondition":"Good","stumpdiameter":null,"riskratingdate":null,"riskrating":null,"objectid":"5291837","globalid":"7F6049BD-FC49-4C44-BE82-7964856430ED","tpstructure":"Retired","plantingspaceglobalid":"809B217F-F52F-4EFA-AFC0-5A1B451C41EF","createddate":"2018-04-04 10:51:00.0000000","dbh":"1","planteddate":null,"updateddate":"2019-03-27 16:10:00.0000000","geometry":"POINT(-73.93952271593088 40.637208596363614)","genusspecies":"Styrax japonicus - Japanese snowbell"}},{"type":"Feature","geometry":{"type":"Point","coordinates":[-73.93974605992479,40.63932504055493]},"properties":{"tpcondition":"Good","stumpdiameter":null,"riskratingdate":null,"riskrating":null,"objectid":"5291838","globalid":"0D63DDC2-C7E3-4C5B-B32C-73C069D95261","tpstructure":"Full","plantingspaceglobalid":"CD601ED4-7C0B-458D-BC8D-0524A009D827","createddate":"2018-04-04 10:42:00.0000000","dbh":"1","planteddate":"2017-06-08 04:00:00.0000000","updateddate":"2019-03-22 16:26:00.0000000","geometry":"POINT(-73.93974605992479 40.63932504055493)","genusspecies":"Tilia americana 'Redmond' - 'Redmond' American linden"}},{"type":"Feature","geometry":{"type":"Point","coordinates":[-73.93976003425868,40.639436435899015]},"properties":{"tpcondition":"Good","stumpdiameter":null,"riskratingdate":null,"riskrating":null,"objectid":"5291839","globalid":"6001DCC8-DBC4-4AA9-91C7-6098FB00AB90","tpstructure":"Full","plantingspaceglobalid":"6E39449B-1424-47B7-A2AD-AF5539254C60","createddate":"2018-04-04 10:41:00.0000000","dbh":"2","planteddate":"2017-06-08 04:00:00.0000000","updateddate":"2019-03-22 16:09:00.0000000","geometry":"POINT(-73.93976003425868 40.639436435899015)","genusspecies":"Liquidambar styraciflua 'Happidaze' - 'Happidaze' Sweetgum"}},{"type":"Feature","geometry":{"type":"Point","coordinates":[-73.93978406049237,40.63967292386884]},"properties":{"tpcondition":"Good","stumpdiameter":null,"riskratingdate":null,"riskrating":null,"objectid":"5291840","globalid":"A047858A-6A54-415A-AD6E-99590D64F61D","tpstructure":"Full","plantingspaceglobalid":"FCB717A8-5B30-4D4B-876C-5FF671826635","createddate":"2018-04-04 10:39:50.0000000","dbh":"1","planteddate":null,"updateddate":"2018-04-04 10:40:00.0000000","geometry":"POINT(-73.93978406049237 40.63967292386884)","genusspecies":"Tilia americana - American basswood"}},{"type":"Feature","geometry":{"type":"Point","coordinates":[-73.9398243623883,40.64007143823693]},"properties":{"tpcondition":"Good","stumpdiameter":null,"riskratingdate":"2023-08-03 19:03:52.0000000","riskrating":"5","objectid":"5291841","globalid":"B5848250-84FA-4279-AE9E-11F6C4FC79E8","tpstructure":"Full","plantingspaceglobalid":"0A81E226-DD32-4DE3-9589-01569AB01BD2","createddate":"2018-04-04 10:38:32.0000000","dbh":"5","planteddate":null,"updateddate":"2023-08-03 19:03:52.0000000","geometry":"POINT(-73.9398243623883 40.64007143823693)","genusspecies":"Quercus bicolor - swamp white oak"}},{"type":"Feature","geometry":{"type":"Point","coordinates":[-73.93981902979515,40.63991477789449]},"properties":{"tpcondition":"Good","stumpdiameter":null,"riskratingdate":null,"riskrating":null,"objectid":"5291842","globalid":"201A0BF8-DE0B-4413-84D2-91CE8C3AF129","tpstructure":"Full","plantingspaceglobalid":"B6497AB5-4934-4B4E-BC86-F50215BD69B9","createddate":"2018-04-04 10:37:34.0000000","dbh":"1","planteddate":null,"updateddate":"2018-04-04 10:39:04.0000000","geometry":"POINT(-73.93981902979515 40.63991477789449)","genusspecies":"Tilia americana - American basswood"}},{"type":"Feature","geometry":{"type":"Point","coordinates":[-73.93984293244733,40.64024297252403]},"properties":{"tpcondition":"Good","stumpdiameter":null,"riskratingdate":null,"riskrating":null,"objectid":"5291843","globalid":"A23AB821-1218-4A96-8DCE-8EF7E585689F","tpstructure":"Full","plantingspaceglobalid":"04315505-17D1-4A3D-9463-14DE289824C2","createddate":"2018-04-04 10:36:36.0000000","dbh":"1","planteddate":null,"updateddate":"2018-04-04 10:36:48.0000000","geometry":"POINT(-73.93984293244733 40.64024297252403)","genusspecies":"Quercus bicolor - swamp white oak"}},{"type":"Feature","geometry":{"type":"Point","coordinates":[-73.93987248700262,40.640466383294836]},"properties":{"tpcondition":"Good","stumpdiameter":null,"riskratingdate":null,"riskrating":null,"objectid":"5291844","globalid":"6665AA9C-D70C-4D86-A77E-2FEA39A6E841","tpstructure":"Full","plantingspaceglobalid":"A635AF0C-1A25-4A51-82D4-E325DFB0A134","createddate":"2018-04-04 10:34:17.0000000","dbh":"1","planteddate":null,"updateddate":"2018-04-04 10:34:33.0000000","geometry":"POINT(-73.93987248700262 40.640466383294836)","genusspecies":"Quercus bicolor - swamp white oak"}},{"type":"Feature","geometry":{"type":"Point","coordinates":[-73.93988395471105,40.64055758138915]},"properties":{"tpcondition":"Good","stumpdiameter":null,"riskratingdate":null,"riskrating":null,"objectid":"5291845","globalid":"045D154F-E409-44B5-B0A6-45194728ECBF","tpstructure":"Full","plantingspaceglobalid":"DD55A073-B3BC-4F85-B17C-524207B94D6B","createddate":"2018-04-04 10:33:21.0000000","dbh":"3","planteddate":null,"updateddate":"2018-04-04 10:33:36.0000000","geometry":"POINT(-73.93988395471105 40.64055758138915)","genusspecies":"Quercus acutissima - sawtooth oak"}},{"type":"Feature","geometry":{"type":"Point","coordinates":[-73.9398942289863,40.64063615627111]},"properties":{"tpcondition":"Good","stumpdiameter":null,"riskratingdate":null,"riskrating":null,"objectid":"5291846","globalid":"425ACAE6-FD96-45F8-80AF-1DDA66675790","tpstructure":"Full","plantingspaceglobalid":"B3AC389B-CCDE-488C-A6D1-371B4D9ECB2E","createddate":"2018-04-04 10:32:36.0000000","dbh":"2","planteddate":null,"updateddate":"2018-04-04 10:32:49.0000000","geometry":"POINT(-73.9398942289863 40.64063615627111)","genusspecies":"Quercus palustris - pin oak"}},{"type":"Feature","geometry":{"type":"Point","coordinates":[-73.93989649651482,40.64072312315408]},"properties":{"tpcondition":"Good","stumpdiameter":null,"riskratingdate":null,"riskrating":null,"objectid":"5291847","globalid":"69C74096-EFF7-45B2-ACD6-D11702150C51","tpstructure":"Full","plantingspaceglobalid":"5DA83160-8FF5-4214-B88C-4497506360FD","createddate":"2018-04-04 10:31:41.0000000","dbh":"2","planteddate":null,"updateddate":"2018-04-04 10:31:54.0000000","geometry":"POINT(-73.93989649651482 40.64072312315408)","genusspecies":"Quercus palustris - pin oak"}},{"type":"Feature","geometry":{"type":"Point","coordinates":[-73.93994766667736,40.641077321103985]},"properties":{"tpcondition":"Good","stumpdiameter":null,"riskratingdate":null,"riskrating":null,"objectid":"5291848","globalid":"03662A7D-03F9-40D7-BA56-CEC5CA2BDE00","tpstructure":"Full","plantingspaceglobalid":"E2D4C2B3-576B-438F-BA73-366BE9394F83","createddate":"2018-04-04 10:29:40.0000000","dbh":"1","planteddate":null,"updateddate":"2018-04-04 10:29:55.0000000","geometry":"POINT(-73.93994766667736 40.641077321103985)","genusspecies":"Ostrya virginiana - hophornbeam"}},{"type":"Feature","geometry":{"type":"Point","coordinates":[-73.93994638512642,40.64122427686248]},"properties":{"tpcondition":"Good","stumpdiameter":null,"riskratingdate":null,"riskrating":null,"objectid":"5291849","globalid":"A3F50CD6-C816-4905-B798-8F5661BFC8E5","tpstructure":"Full","plantingspaceglobalid":"552986C0-CEF3-43C0-AA7A-B2D7E01453F3","createddate":"2018-04-04 10:28:00.0000000","dbh":"1","planteddate":"2017-06-12 04:00:00.0000000","updateddate":"2019-03-22 16:01:00.0000000","geometry":"POINT(-73.93994638512642 40.64122427686248)","genusspecies":"Nyssa sylvatica 'Red Rage' - 'Red Rage' Black gum"}},{"type":"Feature","geometry":{"type":"Point","coordinates":[-73.93995697497382,40.64129438823513]},"properties":{"tpcondition":"Good","stumpdiameter":null,"riskratingdate":null,"riskrating":null,"objectid":"5291850","globalid":"DB005008-1A65-4F0A-B80A-3730CACB954F","tpstructure":"Full","plantingspaceglobalid":"24AFF055-2C2A-4E98-B992-FCF6E011CD2F","createddate":"2018-04-04 10:27:00.0000000","dbh":"1","planteddate":"2017-06-12 04:00:00.0000000","updateddate":"2019-03-22 16:27:00.0000000","geometry":"POINT(-73.93995697497382 40.64129438823513)","genusspecies":"Nyssa sylvatica 'Red Rage' - 'Red Rage' Black gum"}},{"type":"Feature","geometry":{"type":"Point","coordinates":[-73.94069732596209,40.64060083382797]},"properties":{"tpcondition":"Good","stumpdiameter":null,"riskratingdate":null,"riskrating":null,"objectid":"5291851","globalid":"E104A845-CDCE-45F6-A85D-F5A743E5C712","tpstructure":"Full","plantingspaceglobalid":"18CD4641-D9A4-44B4-9FC3-7FEBA9711556","createddate":"2018-04-04 10:21:46.0000000","dbh":"1","planteddate":null,"updateddate":"2018-04-04 10:22:02.0000000","geometry":"POINT(-73.94069732596209 40.64060083382797)","genusspecies":"Amelanchier laevis - Allegheny serviceberry"}},{"type":"Feature","geometry":{"type":"Point","coordinates":[-73.940663997807,40.64026784544745]},"properties":{"tpcondition":"Excellent","stumpdiameter":null,"riskratingdate":null,"riskrating":null,"objectid":"5291852","globalid":"44FC5EC0-6863-49E3-817B-5E03F4FEDF82","tpstructure":"Full","plantingspaceglobalid":"0311EC26-173F-4CE6-8AB8-73A711C1A771","createddate":"2018-04-04 10:18:55.0000000","dbh":"3","planteddate":null,"updateddate":"2020-08-12 18:58:45.0000000","geometry":"POINT(-73.940663997807 40.64026784544745)","genusspecies":"Koelreuteria paniculata - goldenrain tree"}},{"type":"Feature","geometry":{"type":"Point","coordinates":[-73.94062755012322,40.63992651585763]},"properties":{"tpcondition":"Good","stumpdiameter":null,"riskratingdate":"2020-07-07 16:43:08.0000000","riskrating":"3","objectid":"5291853","globalid":"E8181A4A-9E3D-4FCC-B2D3-0A9E29FC2C81","tpstructure":"Full","plantingspaceglobalid":"6212C603-C9B9-417E-974D-5008DFE2DBF4","createddate":"2018-04-04 10:12:50.0000000","dbh":"1","planteddate":null,"updateddate":"2020-07-07 16:43:08.0000000","geometry":"POINT(-73.94062755012322 40.63992651585763)","genusspecies":"Malus - apple"}},{"type":"Feature","geometry":{"type":"Point","coordinates":[-73.9406012187694,40.63963999170758]},"properties":{"tpcondition":"Dead","stumpdiameter":null,"riskratingdate":null,"riskrating":null,"objectid":"5291854","globalid":"A2B50502-50F0-4D30-AD3C-26289528A79D","tpstructure":"Stump","plantingspaceglobalid":"2C9C777C-4942-4D47-86D5-CC86135EEBE2","createddate":"2018-04-04 10:11:00.0000000","dbh":"2","planteddate":"2017-11-28 05:00:00.0000000","updateddate":"2024-03-15 13:17:00.0000000","geometry":"POINT(-73.9406012187694 40.63963999170758)","genusspecies":"Malus - apple"}},{"type":"Feature","geometry":{"type":"Point","coordinates":[-73.94033862388602,40.637239181514275]},"properties":{"tpcondition":"Excellent","stumpdiameter":null,"riskratingdate":null,"riskrating":null,"objectid":"5291855","globalid":"F469D6C0-8846-4EC8-95A0-12B85EB696E4","tpstructure":"Full","plantingspaceglobalid":"84CA0E6C-326A-4120-9D3E-19E6C1F4EB3E","createddate":"2018-04-04 09:56:00.0000000","dbh":"3","planteddate":"2017-06-14 04:00:00.0000000","updateddate":"2019-03-20 12:59:00.0000000","geometry":"POINT(-73.94033862388602 40.637239181514275)","genusspecies":"Eucommia ulmoides - Hardy Rubber Tree"}},{"type":"Feature","geometry":{"type":"Point","coordinates":[-73.74849628202355,40.70622326068377]},"properties":{"tpcondition":"Dead","stumpdiameter":"36","riskratingdate":null,"riskrating":null,"objectid":"5291856","globalid":"37AD6317-0579-4AF1-B5E9-D508A222D19D","tpstructure":"Retired","plantingspaceglobalid":"5F8A2B4C-A521-4FAD-B92F-8519CDE0B6D2","createddate":"2018-04-05 10:52:27.0000000","dbh":"0","planteddate":null,"updateddate":"2018-07-16 17:36:48.0000000","geometry":"POINT(-73.74849628202355 40.70622326068377)","genusspecies":"Unknown - Unknown"}},{"type":"Feature","geometry":{"type":"Point","coordinates":[-73.73950699057737,40.748544311447276]},"properties":{"tpcondition":"Dead","stumpdiameter":"13","riskratingdate":"2020-04-06 16:56:00.0000000","riskrating":"8","objectid":"5291857","globalid":"21D94CCD-1BAA-463E-AF8D-E12E69720EF0","tpstructure":"Retired","plantingspaceglobalid":"CC597930-6329-483A-BA35-4DEAE44193E5","createddate":"2018-04-05 12:08:00.0000000","dbh":"13","planteddate":null,"updateddate":"2025-11-07 14:29:34.0000000","geometry":"POINT(-73.73950699057737 40.748544311447276)","genusspecies":"Fraxinus - Ash"}},{"type":"Feature","geometry":{"type":"Point","coordinates":[-73.73717495257809,40.7468952576145]},"properties":{"tpcondition":"Dead","stumpdiameter":"19","riskratingdate":"2020-03-06 11:20:00.0000000","riskrating":"9","objectid":"5291858","globalid":"77B66D5D-211B-4C6A-85F1-4B7FEE701A36","tpstructure":"Stump","plantingspaceglobalid":"8367FFCD-2AEB-4F88-8DDE-3BCB7C26091F","createddate":"2018-04-05 12:04:00.0000000","dbh":null,"planteddate":null,"updateddate":"2025-11-07 14:21:46.0000000","geometry":"POINT(-73.73717495257809 40.7468952576145)","genusspecies":"Liriodendron tulipifera - tuliptree"}},{"type":"Feature","geometry":{"type":"Point","coordinates":[-73.76990452137413,40.68710898157472]},"properties":{"tpcondition":"Good","stumpdiameter":null,"riskratingdate":"2025-05-23 12:31:46.0000000","riskrating":"6","objectid":"5291859","globalid":"6F0A52F9-B2D7-47F8-B478-41E52BF1388E","tpstructure":"Full","plantingspaceglobalid":"A78B50F9-5568-410F-A733-1571D42171D3","createddate":"2018-04-05 09:19:00.0000000","dbh":"34","planteddate":null,"updateddate":"2025-05-23 12:31:46.0000000","geometry":"POINT(-73.76990452137413 40.68710898157472)","genusspecies":"Quercus rubra - northern red oak"}},{"type":"Feature","geometry":{"type":"Point","coordinates":[-73.80930725750142,40.71053587646512]},"properties":{"tpcondition":"Dead","stumpdiameter":"24","riskratingdate":null,"riskrating":null,"objectid":"5291860","globalid":"F99C237B-6FD4-4963-9081-04394DA03411","tpstructure":"Retired","plantingspaceglobalid":"3795AB5A-B67F-44E1-A78D-CD0756319197","createddate":"2018-04-06 10:04:50.0000000","dbh":"0","planteddate":null,"updateddate":"2018-04-11 13:46:07.0000000","geometry":"POINT(-73.80930725750142 40.71053587646512)","genusspecies":"Unknown - Unknown"}},{"type":"Feature","geometry":{"type":"Point","coordinates":[-73.94324968260435,40.775838851014186]},"properties":{"tpcondition":"Good","stumpdiameter":null,"riskratingdate":null,"riskrating":null,"objectid":"5291861","globalid":"B346001F-76B3-4E66-AE11-DDB484D3732B","tpstructure":"Full","plantingspaceglobalid":"1DA66519-6773-4E93-95D2-9FB93ED5B104","createddate":"2018-04-06 11:09:45.0000000","dbh":"24","planteddate":null,"updateddate":"2018-04-06 12:17:25.0000000","geometry":"POINT(-73.94324968260435 40.775838851014186)","genusspecies":"Platanus x acerifolia - London planetree"}},{"type":"Feature","geometry":{"type":"Point","coordinates":[-74.14368692301346,40.54048432466815]},"properties":{"tpcondition":"Dead","stumpdiameter":null,"riskratingdate":"2018-04-06 11:50:00.0000000","riskrating":"9","objectid":"5291862","globalid":"089A5B0B-1555-4BF6-8E51-C5BB9C853101","tpstructure":"Retired","plantingspaceglobalid":"E63AB97B-761F-4180-90BD-C3F2DF858FF9","createddate":"2018-04-06 11:50:00.0000000","dbh":"6","planteddate":null,"updateddate":"2018-06-07 11:20:00.0000000","geometry":"POINT(-74.14368692301346 40.54048432466815)","genusspecies":"Unknown - Unknown"}},{"type":"Feature","geometry":{"type":"Point","coordinates":[-73.77009436717053,40.72480771903255]},"properties":{"tpcondition":"Critical","stumpdiameter":null,"riskratingdate":"2018-04-06 11:19:36.0000000","riskrating":"12","objectid":"5291863","globalid":"D06DEEDF-7B8B-4886-921B-9429FFD44FF6","tpstructure":"Full","plantingspaceglobalid":"DDFD3F63-508B-4445-9180-5156390BCC83","createddate":"2018-04-06 11:14:13.0000000","dbh":"20","planteddate":null,"updateddate":"2018-04-06 11:19:36.0000000","geometry":"POINT(-73.77009436717053 40.72480771903255)","genusspecies":"Unknown - Unknown"}},{"type":"Feature","geometry":{"type":"Point","coordinates":[-73.74939877552306,40.74255917700687]},"properties":{"tpcondition":"Good","stumpdiameter":null,"riskratingdate":"2018-04-06 10:28:18.0000000","riskrating":"10","objectid":"5291864","globalid":"01BBE496-9696-4CB7-BBAE-DC5A2BA6BCDD","tpstructure":"Full","plantingspaceglobalid":"ACDA8499-43B9-4AED-B68B-6C97EC344128","createddate":"2018-04-06 10:26:27.0000000","dbh":"43","planteddate":null,"updateddate":"2018-08-30 16:51:44.0000000","geometry":"POINT(-73.74939877552306 40.74255917700687)","genusspecies":"Quercus - Oak"}},{"type":"Feature","geometry":{"type":"Point","coordinates":[-73.74896995449589,40.74056833854425]},"properties":{"tpcondition":"Fair","stumpdiameter":null,"riskratingdate":"2024-07-02 13:53:51.0000000","riskrating":"8","objectid":"5291865","globalid":"8762FB7B-EFA7-4109-A4D2-920471045781","tpstructure":"Full","plantingspaceglobalid":"F3A99B04-31D0-4D83-8680-13F21D2767A5","createddate":"2018-04-06 09:58:00.0000000","dbh":"45","planteddate":null,"updateddate":"2024-07-02 13:53:51.0000000","geometry":"POINT(-73.74896995449589 40.74056833854425)","genusspecies":"Quercus - Oak"}},{"type":"Feature","geometry":{"type":"Point","coordinates":[-73.76660789604645,40.75469475175548]},"properties":{"tpcondition":"Fair","stumpdiameter":null,"riskratingdate":"2023-07-18 13:52:41.0000000","riskrating":"3","objectid":"5291866","globalid":"62365D2A-70C7-451C-99DB-39CF639EAB7A","tpstructure":"Full","plantingspaceglobalid":"AB021F53-5CB4-46D7-8629-0D530A5633C4","createddate":"2018-04-06 12:23:59.0000000","dbh":"16","planteddate":null,"updateddate":"2023-07-18 13:52:41.0000000","geometry":"POINT(-73.76660789604645 40.75469475175548)","genusspecies":"Tilia platyphyllos - largeleaf linden"}},{"type":"Feature","geometry":{"type":"Point","coordinates":[-73.72861668036941,40.75393133319007]},"properties":{"tpcondition":"Fair","stumpdiameter":null,"riskratingdate":"2025-10-29 15:03:30.0000000","riskrating":"6","objectid":"5291867","globalid":"A93F726B-B88C-4CD2-9ADD-D77C3C1FD2C0","tpstructure":"Full","plantingspaceglobalid":"22ABFAE1-9ED2-4776-BAA9-93A6EE16429C","createddate":"2018-04-06 10:57:28.0000000","dbh":"15","planteddate":null,"updateddate":"2025-10-29 15:03:30.0000000","geometry":"POINT(-73.72861668036941 40.75393133319007)","genusspecies":"Prunus serrulata 'Kwanzan' - 'Kwanzan' Flowering cherry"}},{"type":"Feature","geometry":{"type":"Point","coordinates":[-73.75593910963482,40.72775222492603]},"properties":{"tpcondition":"Dead","stumpdiameter":null,"riskratingdate":"2018-04-06 08:58:00.0000000","riskrating":"10","objectid":"5291868","globalid":"B0827607-A578-4CEE-BC91-6B47716ED9EC","tpstructure":"Retired","plantingspaceglobalid":"CC11830F-B392-486E-97E6-0A8488866E74","createddate":"2018-04-06 08:55:00.0000000","dbh":"19","planteddate":null,"updateddate":"2021-04-14 13:10:00.0000000","geometry":"POINT(-73.75593910963482 40.72775222492603)","genusspecies":"Fraxinus pennsylvanica 'Patmore' - 'Patmore' Green ash"}},{"type":"Feature","geometry":{"type":"Point","coordinates":[-73.75580658401248,40.727767116792556]},"properties":{"tpcondition":"Dead","stumpdiameter":null,"riskratingdate":"2018-04-06 08:26:00.0000000","riskrating":"11","objectid":"5291869","globalid":"A8ACD5FC-D2C2-4485-B691-6E173466313D","tpstructure":"Retired","plantingspaceglobalid":"31C547FF-0543-4431-9C33-3AAABC854335","createddate":"2018-04-06 08:25:00.0000000","dbh":"17","planteddate":null,"updateddate":"2021-04-14 13:11:00.0000000","geometry":"POINT(-73.75580658401248 40.727767116792556)","genusspecies":"Acer - maple"}},{"type":"Feature","geometry":{"type":"Point","coordinates":[-73.73943837349984,40.74838607119502]},"properties":{"tpcondition":"Good","stumpdiameter":null,"riskratingdate":"2018-04-06 12:30:26.0000000","riskrating":"8","objectid":"5291870","globalid":"8767972D-9810-4760-B0D5-4BF10535020E","tpstructure":"Full","plantingspaceglobalid":"A39B5A3C-AD5D-49EB-B222-5010A1F5C156","createddate":"2018-04-06 12:29:44.0000000","dbh":"25","planteddate":null,"updateddate":"2018-04-06 12:30:26.0000000","geometry":"POINT(-73.73943837349984 40.74838607119502)","genusspecies":"Liquidambar styraciflua - sweetgum"}},{"type":"Feature","geometry":{"type":"Point","coordinates":[-73.7392209710343,40.74830099653117]},"properties":{"tpcondition":"Poor","stumpdiameter":null,"riskratingdate":"2018-04-06 12:24:02.0000000","riskrating":"8","objectid":"5291871","globalid":"6BB67E5C-2D14-43D8-91A4-9711C809AAAC","tpstructure":"Full","plantingspaceglobalid":"30972839-8AE5-4D2F-84ED-BF22977C02DA","createddate":"2018-04-06 12:23:04.0000000","dbh":"26","planteddate":null,"updateddate":"2018-04-06 12:24:02.0000000","geometry":"POINT(-73.7392209710343 40.74830099653117)","genusspecies":"Prunus serotina - black cherry"}},{"type":"Feature","geometry":{"type":"Point","coordinates":[-74.24596871350595,40.511505171618055]},"properties":{"tpcondition":"Good","stumpdiameter":null,"riskratingdate":null,"riskrating":null,"objectid":"5291872","globalid":"B9537828-09EA-43B5-96B7-F3860EF798E7","tpstructure":"Full","plantingspaceglobalid":"6C881806-1E92-41F4-8279-4AFA9EA1DD75","createddate":"2018-04-06 13:32:19.0000000","dbh":"2","planteddate":null,"updateddate":"2018-04-06 13:32:23.0000000","geometry":"POINT(-74.24596871350595 40.511505171618055)","genusspecies":"Quercus rubra - northern red oak"}},{"type":"Feature","geometry":{"type":"Point","coordinates":[-74.24591307924534,40.51152607719568]},"properties":{"tpcondition":"Dead","stumpdiameter":null,"riskratingdate":null,"riskrating":null,"objectid":"5291873","globalid":"5A4F6CB0-BF64-444B-B34B-140912A7DD7D","tpstructure":"Full","plantingspaceglobalid":"9D7CE430-6585-440C-9209-89DEAC783925","createddate":"2018-04-06 13:31:12.0000000","dbh":"1","planteddate":null,"updateddate":"2018-04-06 13:31:24.0000000","geometry":"POINT(-74.24591307924534 40.51152607719568)","genusspecies":"Unknown - Unknown"}},{"type":"Feature","geometry":{"type":"Point","coordinates":[-74.24444321375333,40.51221965422034]},"properties":{"tpcondition":"Good","stumpdiameter":null,"riskratingdate":null,"riskrating":null,"objectid":"5291874","globalid":"A2181FB0-F5DA-4303-A6F1-D9DB9A894CC3","tpstructure":"Full","plantingspaceglobalid":"224B5A6C-EE0E-4C3F-8A13-29AADF991E20","createddate":"2018-04-06 12:35:03.0000000","dbh":"2","planteddate":null,"updateddate":"2018-04-06 12:35:08.0000000","geometry":"POINT(-74.24444321375333 40.51221965422034)","genusspecies":"Nyssa sylvatica - blackgum"}},{"type":"Feature","geometry":{"type":"Point","coordinates":[-74.24430818475967,40.51243021159746]},"properties":{"tpcondition":"Dead","stumpdiameter":"14","riskratingdate":null,"riskrating":null,"objectid":"5291875","globalid":"0A1C952D-E970-4378-A56F-E92FF94CD6FA","tpstructure":"Retired","plantingspaceglobalid":"D00F80D4-9961-42BE-92E6-1C8AA6EAB7EB","createddate":"2018-04-06 12:31:46.0000000","dbh":"14","planteddate":null,"updateddate":"2018-09-12 16:12:44.0000000","geometry":"POINT(-74.24430818475967 40.51243021159746)","genusspecies":"Unknown - Unknown"}},{"type":"Feature","geometry":{"type":"Point","coordinates":[-74.24265640910508,40.513242271220506]},"properties":{"tpcondition":"Dead","stumpdiameter":"3","riskratingdate":null,"riskrating":null,"objectid":"5291876","globalid":"3150FB8E-0041-4E2A-9134-08432CB42858","tpstructure":"Stump","plantingspaceglobalid":"263774A6-3CD4-4ABF-B85E-D235C1822F39","createddate":"2018-04-06 11:04:56.0000000","dbh":"3","planteddate":null,"updateddate":"2024-01-17 19:47:58.0000000","geometry":"POINT(-74.24265640910508 40.513242271220506)","genusspecies":"Tilia americana - American basswood"}},{"type":"Feature","geometry":{"type":"Point","coordinates":[-74.24240094509851,40.513603188095]},"properties":{"tpcondition":"Fair","stumpdiameter":null,"riskratingdate":"2018-09-20 11:36:20.0000000","riskrating":"3","objectid":"5291877","globalid":"5C3EF794-AFCB-48A0-AD5A-BA3BE2AF0486","tpstructure":"Full","plantingspaceglobalid":"CA5222FA-1B43-4634-8BFD-C183C6AAAAD3","createddate":"2018-04-06 10:49:35.0000000","dbh":"1","planteddate":null,"updateddate":"2018-09-20 15:36:21.0000000","geometry":"POINT(-74.24240094509851 40.513603188095)","genusspecies":"Quercus bicolor - swamp white oak"}},{"type":"Feature","geometry":{"type":"Point","coordinates":[-74.24233892193882,40.51363748360122]},"properties":{"tpcondition":"Fair","stumpdiameter":null,"riskratingdate":null,"riskrating":null,"objectid":"5291878","globalid":"373760C3-8F61-4EB1-86CD-DCF9FE7DA952","tpstructure":"Full","plantingspaceglobalid":"C7B0C91A-7DF9-4664-8859-A762D5AD8257","createddate":"2018-04-06 10:42:53.0000000","dbh":"2","planteddate":null,"updateddate":"2018-04-06 10:43:01.0000000","geometry":"POINT(-74.24233892193882 40.51363748360122)","genusspecies":"Celtis occidentalis - common hackberry"}},{"type":"Feature","geometry":{"type":"Point","coordinates":[-74.24190700221851,40.513844878446996]},"properties":{"tpcondition":"Fair","stumpdiameter":null,"riskratingdate":null,"riskrating":null,"objectid":"5291879","globalid":"664D88DA-9336-45D1-9088-F3DE169CDF72","tpstructure":"Full","plantingspaceglobalid":"C9E56135-0F51-4AD5-8F1F-FF0632A29551","createddate":"2018-04-06 10:23:36.0000000","dbh":"4","planteddate":null,"updateddate":"2018-04-06 10:23:42.0000000","geometry":"POINT(-74.24190700221851 40.513844878446996)","genusspecies":"Celtis occidentalis - common hackberry"}},{"type":"Feature","geometry":{"type":"Point","coordinates":[-74.24191639725953,40.513853197775255]},"properties":{"tpcondition":"Good","stumpdiameter":null,"riskratingdate":null,"riskrating":null,"objectid":"5291880","globalid":"2DABC13A-DC92-4137-A68F-AEAF29BE1117","tpstructure":"Full","plantingspaceglobalid":"DD12018D-0AD7-4D89-A4D7-926BB989FF78","createddate":"2018-04-06 10:22:52.0000000","dbh":"8","planteddate":null,"updateddate":"2018-04-06 10:22:56.0000000","geometry":"POINT(-74.24191639725953 40.513853197775255)","genusspecies":"Celtis occidentalis - common hackberry"}},{"type":"Feature","geometry":{"type":"Point","coordinates":[-74.24189070075606,40.513869335482205]},"properties":{"tpcondition":"Good","stumpdiameter":null,"riskratingdate":null,"riskrating":null,"objectid":"5291881","globalid":"2E2623A4-DFC7-44A7-B9BA-B97BD430C50C","tpstructure":"Full","plantingspaceglobalid":"78A31926-3610-4E44-BF6F-533D7B598A91","createddate":"2018-04-06 10:20:06.0000000","dbh":"16","planteddate":null,"updateddate":"2018-04-06 10:21:52.0000000","geometry":"POINT(-74.24189070075606 40.513869335482205)","genusspecies":"Sassafras albidum - sassafras"}},{"type":"Feature","geometry":{"type":"Point","coordinates":[-74.24186502934842,40.513892620547914]},"properties":{"tpcondition":"Good","stumpdiameter":null,"riskratingdate":null,"riskrating":null,"objectid":"5291882","globalid":"E12A4843-EF42-4EF3-8DFC-8499B1BADF51","tpstructure":"Full","plantingspaceglobalid":"B899201F-1E1C-4DC9-9F6A-F4F2D34D8B34","createddate":"2018-04-06 10:18:05.0000000","dbh":"8","planteddate":null,"updateddate":"2018-04-06 10:21:35.0000000","geometry":"POINT(-74.24186502934842 40.513892620547914)","genusspecies":"Celtis occidentalis - common hackberry"}},{"type":"Feature","geometry":{"type":"Point","coordinates":[-74.2418439976386,40.51390398213479]},"properties":{"tpcondition":"Good","stumpdiameter":null,"riskratingdate":null,"riskrating":null,"objectid":"5291883","globalid":"C5A35BCC-C831-4850-9977-7C758659FDA6","tpstructure":"Full","plantingspaceglobalid":"CFD6672E-8F85-4C05-AB02-E46AF3519EB7","createddate":"2018-04-06 10:17:14.0000000","dbh":"10","planteddate":null,"updateddate":"2018-04-06 10:21:16.0000000","geometry":"POINT(-74.2418439976386 40.51390398213479)","genusspecies":"Celtis occidentalis - common hackberry"}},{"type":"Feature","geometry":{"type":"Point","coordinates":[-74.24017173287274,40.51524178120297]},"properties":{"tpcondition":"Dead","stumpdiameter":null,"riskratingdate":"2021-04-28 14:07:00.0000000","riskrating":"9","objectid":"5291884","globalid":"FBE1CF54-4031-4828-A77C-3D8288A7B4FF","tpstructure":"Retired","plantingspaceglobalid":"D7BB41FB-C4AF-41BF-9B3F-A0050CDDAE03","createddate":"2018-04-06 08:15:00.0000000","dbh":"28","planteddate":null,"updateddate":"2022-04-26 14:14:00.0000000","geometry":"POINT(-74.24017173287274 40.51524178120297)","genusspecies":"Robinia pseudoacacia - black locust"}},{"type":"Feature","geometry":{"type":"Point","coordinates":[-74.24001127765845,40.515332657266434]},"properties":{"tpcondition":"Poor","stumpdiameter":null,"riskratingdate":"2021-04-28 14:09:00.0000000","riskrating":"9","objectid":"5291885","globalid":"B2939E98-7E7D-467B-A1AB-D00403FA489E","tpstructure":"Retired","plantingspaceglobalid":"F5EC7FD6-F402-4C11-B8CD-3BCC21C57C43","createddate":"2018-04-06 08:09:00.0000000","dbh":"21","planteddate":null,"updateddate":"2021-09-21 12:36:00.0000000","geometry":"POINT(-74.24001127765845 40.515332657266434)","genusspecies":"Robinia pseudoacacia - black locust"}},{"type":"Feature","geometry":{"type":"Point","coordinates":[-74.23994585446756,40.51537091742078]},"properties":{"tpcondition":"Poor","stumpdiameter":null,"riskratingdate":"2021-04-28 14:12:00.0000000","riskrating":"9","objectid":"5291886","globalid":"84992F16-B97A-4891-833A-D6F1745AA103","tpstructure":"Retired","plantingspaceglobalid":"7184F3D9-B7CC-47A3-B5FE-BBA10318ABD2","createddate":"2018-04-06 08:06:00.0000000","dbh":"22","planteddate":null,"updateddate":"2021-09-21 12:38:00.0000000","geometry":"POINT(-74.23994585446756 40.51537091742078)","genusspecies":"Robinia pseudoacacia - black locust"}},{"type":"Feature","geometry":{"type":"Point","coordinates":[-74.23988817571693,40.51539248252215]},"properties":{"tpcondition":"Dead","stumpdiameter":null,"riskratingdate":"2021-04-28 14:14:00.0000000","riskrating":"9","objectid":"5291887","globalid":"D57722F7-AD25-4907-B3B2-72CA7430FB51","tpstructure":"Retired","plantingspaceglobalid":"68FCE2DD-3C83-4E42-A6EF-D163BD1163EA","createddate":"2018-04-06 08:04:00.0000000","dbh":"20","planteddate":null,"updateddate":"2021-09-21 12:39:00.0000000","geometry":"POINT(-74.23988817571693 40.51539248252215)","genusspecies":"Robinia pseudoacacia - black locust"}},{"type":"Feature","geometry":{"type":"Point","coordinates":[-73.83346665756635,40.845834164508545]},"properties":{"tpcondition":"Good","stumpdiameter":null,"riskratingdate":"2023-11-09 14:47:07.0000000","riskrating":"3","objectid":"5291888","globalid":"655066A7-84FB-44B6-A1FA-D8D0F2DF9429","tpstructure":"Full","plantingspaceglobalid":"6FC9F5F0-E3C6-444D-B34B-AD34BB5836FB","createddate":"2018-04-09 13:37:19.0000000","dbh":"6","planteddate":null,"updateddate":"2023-11-09 14:47:07.0000000","geometry":"POINT(-73.83346665756635 40.845834164508545)","genusspecies":"Ulmus pumila - Siberian elm"}},{"type":"Feature","geometry":{"type":"Point","coordinates":[-73.8336228530567,40.84561832281253]},"properties":{"tpcondition":"Good","stumpdiameter":null,"riskratingdate":"2023-11-09 14:50:52.0000000","riskrating":"3","objectid":"5291889","globalid":"20B5C1DA-D51F-4D83-8E53-5BE9E9AE92C7","tpstructure":"Full","plantingspaceglobalid":"E0C62D31-9DF7-49C0-BC43-E86189393B5B","createddate":"2018-04-09 13:35:24.0000000","dbh":"4","planteddate":null,"updateddate":"2023-11-09 14:50:52.0000000","geometry":"POINT(-73.8336228530567 40.84561832281253)","genusspecies":"Styphnolobium japonicum - Japanese pagoda tree"}},{"type":"Feature","geometry":{"type":"Point","coordinates":[-73.83602995798704,40.84616514342352]},"properties":{"tpcondition":"Fair","stumpdiameter":null,"riskratingdate":"2025-02-13 13:04:38.0000000","riskrating":"6","objectid":"5291891","globalid":"200EC110-A145-47CB-ADB6-55DCE64C87D8","tpstructure":"Full","plantingspaceglobalid":"406DCFF6-2672-4FAB-A04E-D6B4BFFF7FC2","createddate":"2018-04-09 09:30:19.0000000","dbh":"14","planteddate":null,"updateddate":"2025-02-13 13:04:38.0000000","geometry":"POINT(-73.83602995798704 40.84616514342352)","genusspecies":"Tilia cordata - littleleaf linden"}},{"type":"Feature","geometry":{"type":"Point","coordinates":[-73.94914399812828,40.80095903576186]},"properties":{"tpcondition":"Excellent","stumpdiameter":null,"riskratingdate":null,"riskrating":null,"objectid":"5292200","globalid":"F462B920-75F3-4C18-A3DB-DBC9B7582400","tpstructure":"Retired","plantingspaceglobalid":"E1D7E70E-F3A4-49DA-9912-1F1FC56F3C87","createddate":"2018-04-04 19:29:00.0000000","dbh":"3","planteddate":"2017-11-20 05:00:00.0000000","updateddate":"2023-04-07 12:20:54.0000000","geometry":"POINT(-73.94914399812828 40.80095903576186)","genusspecies":"Cercidiphyllum japonicum - katsura tree"}},{"type":"Feature","geometry":{"type":"Point","coordinates":[-73.94317851686003,40.790830261577185]},"properties":{"tpcondition":"Fair","stumpdiameter":null,"riskratingdate":"2024-11-07 17:23:37.0000000","riskrating":"3","objectid":"5292600","globalid":"22F39624-6988-4BEE-920A-AD49C3E7E619","tpstructure":"Full","plantingspaceglobalid":"450154C0-0C04-439D-8B8C-D8DBD7F67E4C","createddate":"2018-04-04 19:29:00.0000000","dbh":"3","planteddate":"2017-11-20 05:00:00.0000000","updateddate":"2024-11-07 17:23:37.0000000","geometry":"POINT(-73.94317851686003 40.790830261577185)","genusspecies":"Prunus - Cherry"}},{"type":"Feature","geometry":{"type":"Point","coordinates":[-73.9492324255332,40.80286817216493]},"properties":{"tpcondition":"Good","stumpdiameter":null,"riskratingdate":"2024-02-09 14:31:12.0000000","riskrating":"5","objectid":"5293000","globalid":"85478564-830C-45C5-9171-2D8A0477259F","tpstructure":"Full","plantingspaceglobalid":"FA77A182-F8C3-420B-873C-28DB88AEEDF2","createddate":"2018-04-04 19:30:00.0000000","dbh":"5","planteddate":"2017-11-20 05:00:00.0000000","updateddate":"2024-02-09 14:31:12.0000000","geometry":"POINT(-73.9492324255332 40.80286817216493)","genusspecies":"Platanus x acerifolia 'Bloodgood' - 'Bloodgood' London planetree"}},{"type":"Feature","geometry":{"type":"Point","coordinates":[-73.95263309685967,40.804745137025044]},"properties":{"tpcondition":"Good","stumpdiameter":null,"riskratingdate":"2024-02-07 14:45:33.0000000","riskrating":"6","objectid":"5293400","globalid":"410C7E53-6DF4-42A1-A9D0-629CFE5A4344","tpstructure":"Full","plantingspaceglobalid":"705E564E-8518-4265-AB4D-A095F3ACA7AF","createddate":"2018-04-04 19:31:00.0000000","dbh":"5","planteddate":"2017-11-20 05:00:00.0000000","updateddate":"2024-02-07 14:45:33.0000000","geometry":"POINT(-73.95263309685967 40.804745137025044)","genusspecies":"Quercus bicolor - swamp white oak"}},{"type":"Feature","geometry":{"type":"Point","coordinates":[-73.95262673261213,40.80462584007126]},"properties":{"tpcondition":"Good","stumpdiameter":null,"riskratingdate":"2024-02-07 14:44:22.0000000","riskrating":"5","objectid":"5293800","globalid":"0BCEFDF2-7FCC-4037-924C-95F2D920FD38","tpstructure":"Full","plantingspaceglobalid":"5D2436C5-C6B0-4348-8DBA-2F9CFEE0DE8D","createddate":"2018-04-04 19:33:00.0000000","dbh":"5","planteddate":"2017-11-20 05:00:00.0000000","updateddate":"2024-02-07 14:44:22.0000000","geometry":"POINT(-73.95262673261213 40.80462584007126)","genusspecies":"Quercus bicolor - swamp white oak"}},{"type":"Feature","geometry":{"type":"Point","coordinates":[-73.91157990096264,40.81157546251286]},"properties":{"tpcondition":"Fair","stumpdiameter":"5","riskratingdate":"2018-04-04 12:50:00.0000000","riskrating":"3","objectid":"5294200","globalid":"5DEAC37B-8CB0-4178-B250-0DC8306A715F","tpstructure":"Retired","plantingspaceglobalid":"02A9350D-BA4E-4202-ACEA-02BC7D68762F","createddate":"2018-04-04 12:49:00.0000000","dbh":"3","planteddate":null,"updateddate":"2024-03-15 16:07:54.0000000","geometry":"POINT(-73.91157990096264 40.81157546251286)","genusspecies":"Pinus - pine"}},{"type":"Feature","geometry":{"type":"Point","coordinates":[-73.9110976687152,40.81223327684411]},"properties":{"tpcondition":"Fair","stumpdiameter":null,"riskratingdate":"2024-05-10 16:44:22.0000000","riskrating":"5","objectid":"5294201","globalid":"E332BA63-13FF-409F-9694-93E55B1130DC","tpstructure":"Full","plantingspaceglobalid":"5D2036E6-9CC9-4F5C-B9B9-1C3A277277EC","createddate":"2018-04-04 12:31:03.0000000","dbh":"20","planteddate":null,"updateddate":"2024-05-10 16:44:22.0000000","geometry":"POINT(-73.9110976687152 40.81223327684411)","genusspecies":"Morus - mulberry"}},{"type":"Feature","geometry":{"type":"Point","coordinates":[-73.91110086531188,40.81218801024977]},"properties":{"tpcondition":"Dead","stumpdiameter":"39","riskratingdate":"2018-04-04 12:24:00.0000000","riskrating":"9","objectid":"5294202","globalid":"61436BB4-2349-4286-9702-930D1EE34D8B","tpstructure":"Stump","plantingspaceglobalid":"CC2E797C-8E2C-42BD-A88F-AE003F9F165C","createddate":"2018-04-04 12:23:00.0000000","dbh":"26","planteddate":null,"updateddate":"2024-03-15 14:50:48.0000000","geometry":"POINT(-73.91110086531188 40.81218801024977)","genusspecies":"Morus - mulberry"}},{"type":"Feature","geometry":{"type":"Point","coordinates":[-73.91141995435908,40.81249165180056]},"properties":{"tpcondition":"Fair","stumpdiameter":"27","riskratingdate":"2018-04-04 12:11:39.0000000","riskrating":"7","objectid":"5294203","globalid":"5F1422DF-7F67-4264-8993-9782999D99A4","tpstructure":"Retired","plantingspaceglobalid":"DE22CE02-BD0B-47E2-806B-F61B9B48786A","createddate":"2018-04-04 12:08:12.0000000","dbh":"24","planteddate":null,"updateddate":"2024-03-15 16:06:57.0000000","geometry":"POINT(-73.91141995435908 40.81249165180056)","genusspecies":"Acer platanoides - Norway maple"}},{"type":"Feature","geometry":{"type":"Point","coordinates":[-73.91128357407358,40.81274329005425]},"properties":{"tpcondition":"Poor","stumpdiameter":"26","riskratingdate":"2018-04-04 12:05:59.0000000","riskrating":"8","objectid":"5294204","globalid":"93A0EB19-21E9-4A83-B741-C63258FF0B06","tpstructure":"Retired","plantingspaceglobalid":"6B39D17D-0D6C-484D-BE7C-02CCE78AD05F","createddate":"2018-04-04 12:05:24.0000000","dbh":"22","planteddate":null,"updateddate":"2024-03-15 14:39:46.0000000","geometry":"POINT(-73.91128357407358 40.81274329005425)","genusspecies":"Acer platanoides - Norway maple"}},{"type":"Feature","geometry":{"type":"Point","coordinates":[-73.91141260669265,40.813593019275835]},"properties":{"tpcondition":"Poor","stumpdiameter":"8","riskratingdate":"2018-04-04 11:56:21.0000000","riskrating":"4","objectid":"5294205","globalid":"7DBD32B8-359A-4FCA-A018-37B26F4EC26D","tpstructure":"Retired","plantingspaceglobalid":"993BF5EF-ED4C-4023-B3BE-7F722F104011","createddate":"2018-04-04 11:55:28.0000000","dbh":"5","planteddate":null,"updateddate":"2024-03-15 14:15:38.0000000","geometry":"POINT(-73.91141260669265 40.813593019275835)","genusspecies":"Quercus - Oak"}},{"type":"Feature","geometry":{"type":"Point","coordinates":[-73.9121555779669,40.8137631023643]},"properties":{"tpcondition":"Good","stumpdiameter":null,"riskratingdate":"2018-04-04 11:47:08.0000000","riskrating":"3","objectid":"5294206","globalid":"E6203FC9-51E7-443E-978D-73AB84C55BF2","tpstructure":"Retired","plantingspaceglobalid":"4719B035-D5D4-41FC-8655-6D5226F4FA1B","createddate":"2018-04-04 11:46:17.0000000","dbh":"8","planteddate":null,"updateddate":"2024-05-13 12:14:09.0000000","geometry":"POINT(-73.9121555779669 40.8137631023643)","genusspecies":"Acer pensylvanicum - striped maple"}},{"type":"Feature","geometry":{"type":"Point","coordinates":[-73.95583661301029,40.81503817345813]},"properties":{"tpcondition":"Fair","stumpdiameter":null,"riskratingdate":"2025-08-29 17:58:56.0000000","riskrating":"7","objectid":"5294207","globalid":"00902C78-E2A3-43BC-A4C0-864AC3703B6F","tpstructure":"Full","plantingspaceglobalid":"C74475F9-7ED5-48DA-9344-3C5666BAD3A5","createddate":"2018-04-05 10:45:41.0000000","dbh":"20","planteddate":null,"updateddate":"2025-08-29 17:58:56.0000000","geometry":"POINT(-73.95583661301029 40.81503817345813)","genusspecies":"Ailanthus altissima - tree of heaven"}},{"type":"Feature","geometry":{"type":"Point","coordinates":[-73.95587932457967,40.815077026463705]},"properties":{"tpcondition":"Poor","stumpdiameter":null,"riskratingdate":"2018-04-05 10:31:00.0000000","riskrating":"11","objectid":"5294208","globalid":"75F47D53-C54F-41DF-B780-756428A4FEAB","tpstructure":"Retired","plantingspaceglobalid":"E1373F6E-6FD3-4F26-8966-16DE4AC43A83","createddate":"2018-04-05 10:30:00.0000000","dbh":"20","planteddate":null,"updateddate":"2025-08-29 17:54:48.0000000","geometry":"POINT(-73.95587932457967 40.815077026463705)","genusspecies":"Ailanthus altissima - tree of heaven"}},{"type":"Feature","geometry":{"type":"Point","coordinates":[-73.84940386898555,40.69833483160136]},"properties":{"tpcondition":"Critical","stumpdiameter":null,"riskratingdate":"2018-04-05 13:26:00.0000000","riskrating":"12","objectid":"5294209","globalid":"77A8624D-C31E-435D-BF43-A55D5C3F7ACB","tpstructure":"Retired","plantingspaceglobalid":"2C7243FB-2F2A-443F-B119-3A15DF8B2C88","createddate":"2018-04-05 11:58:00.0000000","dbh":"12","planteddate":null,"updateddate":"2024-06-26 14:00:55.0000000","geometry":"POINT(-73.84940386898555 40.69833483160136)","genusspecies":"Acer platanoides - Norway maple"}},{"type":"Feature","geometry":{"type":"Point","coordinates":[-73.83675443753052,40.70332487688655]},"properties":{"tpcondition":"Poor","stumpdiameter":null,"riskratingdate":"2025-09-08 15:02:40.0000000","riskrating":"9","objectid":"5294210","globalid":"6F28F72A-10D5-4ED7-9428-3C9765E879D6","tpstructure":"Full","plantingspaceglobalid":"B4ECBF96-5173-4367-8E8B-BEE4FC0B5F3F","createddate":"2018-04-05 10:34:14.0000000","dbh":"36","planteddate":null,"updateddate":"2025-09-08 15:02:40.0000000","geometry":"POINT(-73.83675443753052 40.70332487688655)","genusspecies":"Acer platanoides - Norway maple"}},{"type":"Feature","geometry":{"type":"Point","coordinates":[-73.80218458778616,40.73393704860166]},"properties":{"tpcondition":"Poor","stumpdiameter":null,"riskratingdate":"2024-10-23 16:34:18.0000000","riskrating":"8","objectid":"5294211","globalid":"0400F19F-BA88-4C67-B48B-B6CA11752794","tpstructure":"Full","plantingspaceglobalid":"E97FEC43-0648-4EF3-9CEC-7E5A9DD87E02","createddate":"2018-04-05 12:45:37.0000000","dbh":"21","planteddate":null,"updateddate":"2024-10-23 16:34:18.0000000","geometry":"POINT(-73.80218458778616 40.73393704860166)","genusspecies":"Tilia cordata - littleleaf linden"}},{"type":"Feature","geometry":{"type":"Point","coordinates":[-74.2368055646106,40.51512963921938]},"properties":{"tpcondition":"Good","stumpdiameter":null,"riskratingdate":"2023-08-25 18:14:35.0000000","riskrating":"3","objectid":"5294213","globalid":"3DFA2644-41D5-4C04-A302-0C13C74AD4FB","tpstructure":"Full","plantingspaceglobalid":"CC2B91C8-4A4B-4D9E-ACD4-E356094EBA08","createddate":"2018-04-05 09:01:44.0000000","dbh":"6","planteddate":null,"updateddate":"2023-08-25 18:14:35.0000000","geometry":"POINT(-74.2368055646106 40.51512963921938)","genusspecies":"Platanus x acerifolia 'Bloodgood' - 'Bloodgood' London planetree"}},{"type":"Feature","geometry":{"type":"Point","coordinates":[-74.23703489672641,40.51538288908581]},"properties":{"tpcondition":"Good","stumpdiameter":null,"riskratingdate":null,"riskrating":null,"objectid":"5294214","globalid":"A563AE5D-675E-4CA6-86F3-B42E8ED23DA8","tpstructure":"Full","plantingspaceglobalid":"8948ADCD-8998-4815-925E-B63AD7A55FC8","createddate":"2018-04-05 08:53:43.0000000","dbh":"22","planteddate":null,"updateddate":"2018-04-05 08:54:23.0000000","geometry":"POINT(-74.23703489672641 40.51538288908581)","genusspecies":"Acer saccharinum - silver maple"}},{"type":"Feature","geometry":{"type":"Point","coordinates":[-74.23710009331072,40.51543343136873]},"properties":{"tpcondition":"Good","stumpdiameter":null,"riskratingdate":null,"riskrating":null,"objectid":"5294215","globalid":"A00CCA91-A206-4B17-9B85-6EDDAB016328","tpstructure":"Full","plantingspaceglobalid":"BC6AD075-D059-459F-87AD-2A752738A2FC","createddate":"2018-04-05 08:52:28.0000000","dbh":"15","planteddate":null,"updateddate":"2018-04-05 08:52:32.0000000","geometry":"POINT(-74.23710009331072 40.51543343136873)","genusspecies":"Acer saccharinum - silver maple"}},{"type":"Feature","geometry":{"type":"Point","coordinates":[-74.23712924050895,40.51546082056998]},"properties":{"tpcondition":"Good","stumpdiameter":null,"riskratingdate":null,"riskrating":null,"objectid":"5294216","globalid":"D29A2C7B-3C6E-4EC4-82A0-073A0E291DE7","tpstructure":"Full","plantingspaceglobalid":"BE0660C9-55B3-4854-9763-CE9BD7A71E83","createddate":"2018-04-05 08:51:21.0000000","dbh":"13","planteddate":null,"updateddate":"2018-04-05 08:51:25.0000000","geometry":"POINT(-74.23712924050895 40.51546082056998)","genusspecies":"Acer saccharinum - silver maple"}},{"type":"Feature","geometry":{"type":"Point","coordinates":[-74.23716678924596,40.51551669857776]},"properties":{"tpcondition":"Good","stumpdiameter":null,"riskratingdate":null,"riskrating":null,"objectid":"5294217","globalid":"9F8B4ADD-4DE0-4B7D-8B13-9C144659F2A9","tpstructure":"Full","plantingspaceglobalid":"5B713F0B-C6E5-4B38-B824-0B3F8380D465","createddate":"2018-04-05 08:48:30.0000000","dbh":"13","planteddate":null,"updateddate":"2018-04-05 08:48:36.0000000","geometry":"POINT(-74.23716678924596 40.51551669857776)","genusspecies":"Acer saccharinum - silver maple"}},{"type":"Feature","geometry":{"type":"Point","coordinates":[-74.23720980771093,40.515554616958525]},"properties":{"tpcondition":"Good","stumpdiameter":null,"riskratingdate":null,"riskrating":null,"objectid":"5294218","globalid":"ED97453B-B6BF-4661-B9E6-2EB8E6F3FBC7","tpstructure":"Full","plantingspaceglobalid":"F0083B70-A109-4803-BA6D-812410191DBB","createddate":"2018-04-05 08:47:31.0000000","dbh":"13","planteddate":null,"updateddate":"2018-04-05 08:47:35.0000000","geometry":"POINT(-74.23720980771093 40.515554616958525)","genusspecies":"Acer saccharinum - silver maple"}},{"type":"Feature","geometry":{"type":"Point","coordinates":[-74.2372722750115,40.51561572150388]},"properties":{"tpcondition":"Good","stumpdiameter":null,"riskratingdate":null,"riskrating":null,"objectid":"5294219","globalid":"576EB49D-6BFF-41F7-A9F5-392AB4EE54DD","tpstructure":"Full","plantingspaceglobalid":"4D882FFC-26D4-4AE9-A550-194240392CB8","createddate":"2018-04-05 08:42:27.0000000","dbh":"19","planteddate":null,"updateddate":"2018-04-05 08:42:33.0000000","geometry":"POINT(-74.2372722750115 40.51561572150388)","genusspecies":"Acer saccharinum - silver maple"}},{"type":"Feature","geometry":{"type":"Point","coordinates":[-74.23730839208284,40.5156578771452]},"properties":{"tpcondition":"Good","stumpdiameter":null,"riskratingdate":null,"riskrating":null,"objectid":"5294220","globalid":"972BE808-4717-4417-BF9E-8E4013A82F87","tpstructure":"Full","plantingspaceglobalid":"A295726A-DCD7-4304-B5F3-935FE624AB96","createddate":"2018-04-05 08:41:07.0000000","dbh":"12","planteddate":null,"updateddate":"2018-04-05 08:41:14.0000000","geometry":"POINT(-74.23730839208284 40.5156578771452)","genusspecies":"Acer saccharinum - silver maple"}},{"type":"Feature","geometry":{"type":"Point","coordinates":[-73.82795184502044,40.8495891731412]},"properties":{"tpcondition":"Good","stumpdiameter":null,"riskratingdate":"2023-11-07 15:07:23.0000000","riskrating":"5","objectid":"5294221","globalid":"9967BA84-CDA0-4DC4-AF7D-505C09BDD305","tpstructure":"Full","plantingspaceglobalid":"2BEA3459-7123-412D-9237-BA5796BC25E4","createddate":"2018-04-05 14:09:11.0000000","dbh":"5","planteddate":null,"updateddate":"2023-11-07 15:07:23.0000000","geometry":"POINT(-73.82795184502044 40.8495891731412)","genusspecies":"Quercus acutissima - sawtooth oak"}},{"type":"Feature","geometry":{"type":"Point","coordinates":[-73.82792259205277,40.84967787912196]},"properties":{"tpcondition":"Dead","stumpdiameter":null,"riskratingdate":"2019-09-06 12:15:00.0000000","riskrating":"6","objectid":"5294222","globalid":"F961FEFB-D301-4B97-9969-564796A245CB","tpstructure":"Retired","plantingspaceglobalid":"2B4CF16D-B847-44F9-B629-76572C7F25BE","createddate":"2018-04-05 14:07:00.0000000","dbh":"2","planteddate":null,"updateddate":"2020-12-09 03:22:00.0000000","geometry":"POINT(-73.82792259205277 40.84967787912196)","genusspecies":"Quercus acutissima - sawtooth oak"}},{"type":"Feature","geometry":{"type":"Point","coordinates":[-73.82780714399513,40.850015917963496]},"properties":{"tpcondition":"Good","stumpdiameter":null,"riskratingdate":"2023-11-07 15:02:08.0000000","riskrating":"3","objectid":"5294223","globalid":"02CF5389-04E9-4324-A4DB-F59C3580AC0E","tpstructure":"Full","plantingspaceglobalid":"BDBCF227-8A03-489B-9FA6-A6225B825D20","createddate":"2018-04-05 14:03:58.0000000","dbh":"5","planteddate":null,"updateddate":"2023-11-07 15:02:08.0000000","geometry":"POINT(-73.82780714399513 40.850015917963496)","genusspecies":"Quercus acutissima - sawtooth oak"}},{"type":"Feature","geometry":{"type":"Point","coordinates":[-73.83130665954852,40.84858755528247]},"properties":{"tpcondition":"Good","stumpdiameter":null,"riskratingdate":"2023-11-08 16:04:35.0000000","riskrating":"6","objectid":"5294224","globalid":"7A122A54-4536-4A7D-A3C8-01CBD08142B6","tpstructure":"Full","plantingspaceglobalid":"0283F12C-6E9B-4336-A34D-9B9F298C7A3B","createddate":"2018-04-05 13:42:12.0000000","dbh":"6","planteddate":null,"updateddate":"2023-11-08 16:04:35.0000000","geometry":"POINT(-73.83130665954852 40.84858755528247)","genusspecies":"Gleditsia triacanthos var. inermis - Thornless honeylocust"}},{"type":"Feature","geometry":{"type":"Point","coordinates":[-73.83146481919204,40.84838762620203]},"properties":{"tpcondition":"Good","stumpdiameter":null,"riskratingdate":"2023-11-08 15:42:35.0000000","riskrating":"6","objectid":"5294225","globalid":"04A0DC09-AFE7-4C5A-B3AF-CEB89D15394F","tpstructure":"Full","plantingspaceglobalid":"D669FC4E-8346-4490-98FA-DD3CC587EF1D","createddate":"2018-04-05 13:34:13.0000000","dbh":"6","planteddate":null,"updateddate":"2023-11-08 15:42:35.0000000","geometry":"POINT(-73.83146481919204 40.84838762620203)","genusspecies":"Celtis occidentalis - common hackberry"}},{"type":"Feature","geometry":{"type":"Point","coordinates":[-73.82951574884144,40.85231622579425]},"properties":{"tpcondition":"Good","stumpdiameter":null,"riskratingdate":"2023-11-02 13:42:50.0000000","riskrating":"5","objectid":"5294226","globalid":"AEDF895A-056A-4316-A1C3-70D5B67E5E26","tpstructure":"Full","plantingspaceglobalid":"C56ACBA5-9802-4218-A692-FADE93FC5AC7","createddate":"2018-04-05 13:17:19.0000000","dbh":"6","planteddate":null,"updateddate":"2023-11-02 13:42:50.0000000","geometry":"POINT(-73.82951574884144 40.85231622579425)","genusspecies":"Gleditsia triacanthos var. inermis - Thornless honeylocust"}},{"type":"Feature","geometry":{"type":"Point","coordinates":[-73.82946988425303,40.85223627270136]},"properties":{"tpcondition":"Good","stumpdiameter":null,"riskratingdate":"2023-11-02 13:41:21.0000000","riskrating":"5","objectid":"5294227","globalid":"A1FF9FB2-D526-4E6E-9808-5EBB0A342983","tpstructure":"Full","plantingspaceglobalid":"F6F64321-4F9F-43F2-B779-4B098C329ABD","createddate":"2018-04-05 13:16:19.0000000","dbh":"8","planteddate":null,"updateddate":"2023-11-02 13:41:21.0000000","geometry":"POINT(-73.82946988425303 40.85223627270136)","genusspecies":"Tilia tomentosa 'Sterling' - 'Sterling' Silver linden"}},{"type":"Feature","geometry":{"type":"Point","coordinates":[-73.82934790434227,40.852083608340976]},"properties":{"tpcondition":"Dead","stumpdiameter":"0","riskratingdate":"2018-08-16 08:49:00.0000000","riskrating":"5","objectid":"5294228","globalid":"0E3901FA-001F-4542-ACE0-5B4801216ACE","tpstructure":"Retired","plantingspaceglobalid":"C22451BC-0A34-4C51-B325-B981C1EE1215","createddate":"2018-04-05 13:13:00.0000000","dbh":"0","planteddate":null,"updateddate":"2023-08-28 18:21:12.0000000","geometry":"POINT(-73.82934790434227 40.852083608340976)","genusspecies":"Prunus - Cherry"}},{"type":"Feature","geometry":{"type":"Point","coordinates":[-73.82938543974788,40.85212893382068]},"properties":{"tpcondition":"Dead","stumpdiameter":"0","riskratingdate":"2018-08-16 09:08:00.0000000","riskrating":"5","objectid":"5294229","globalid":"BD71DDA9-36EF-42F3-B2CC-AF0D064CF234","tpstructure":"Retired","plantingspaceglobalid":"DC41A0EE-2987-4F5E-BC58-AD341E07C0EE","createddate":"2018-04-05 13:08:00.0000000","dbh":"3","planteddate":null,"updateddate":"2023-08-28 18:24:04.0000000","geometry":"POINT(-73.82938543974788 40.85212893382068)","genusspecies":"Prunus - Cherry"}},{"type":"Feature","geometry":{"type":"Point","coordinates":[-73.8295710544931,40.852162036610245]},"properties":{"tpcondition":"Good","stumpdiameter":null,"riskratingdate":"2023-11-02 17:22:48.0000000","riskrating":"6","objectid":"5294230","globalid":"3B3E3D05-A77B-4582-A374-2A0702BE248B","tpstructure":"Full","plantingspaceglobalid":"647F9BFA-BC79-47BA-9252-2EDD44B2E13E","createddate":"2018-04-05 13:04:14.0000000","dbh":"9","planteddate":null,"updateddate":"2023-11-02 17:22:48.0000000","geometry":"POINT(-73.8295710544931 40.852162036610245)","genusspecies":"Ulmus americana - American elm"}},{"type":"Feature","geometry":{"type":"Point","coordinates":[-73.82949128218192,40.85206840366172]},"properties":{"tpcondition":"Good","stumpdiameter":null,"riskratingdate":"2023-11-02 17:19:42.0000000","riskrating":"3","objectid":"5294231","globalid":"6693A572-8908-4162-A2EE-726DD84131CF","tpstructure":"Full","plantingspaceglobalid":"ED1AEA33-E8EF-446C-9AE3-5E73688C2A87","createddate":"2018-04-05 13:02:40.0000000","dbh":"5","planteddate":null,"updateddate":"2023-11-02 17:19:42.0000000","geometry":"POINT(-73.82949128218192 40.85206840366172)","genusspecies":"Zelkova serrata - Japanese zelkova"}},{"type":"Feature","geometry":{"type":"Point","coordinates":[-73.8299635513148,40.85152057588338]},"properties":{"tpcondition":"Good","stumpdiameter":null,"riskratingdate":"2023-11-08 14:18:36.0000000","riskrating":"5","objectid":"5294232","globalid":"6439BE89-6C72-4472-AB4A-F89529C4078D","tpstructure":"Full","plantingspaceglobalid":"A2A75C70-10CD-41C0-BEA5-E0B42F579CB0","createddate":"2018-04-05 12:58:22.0000000","dbh":"6","planteddate":null,"updateddate":"2023-11-08 14:18:36.0000000","geometry":"POINT(-73.8299635513148 40.85152057588338)","genusspecies":"Quercus bicolor - swamp white oak"}},{"type":"Feature","geometry":{"type":"Point","coordinates":[-73.83000632468185,40.851358625061856]},"properties":{"tpcondition":"Good","stumpdiameter":null,"riskratingdate":"2023-11-08 14:19:28.0000000","riskrating":"5","objectid":"5294233","globalid":"6D32E4F5-ABBC-4E87-8D85-56C6BD768ED3","tpstructure":"Full","plantingspaceglobalid":"3C1C3061-0606-40DC-B446-433D5A16FE77","createddate":"2018-04-05 12:56:05.0000000","dbh":"6","planteddate":null,"updateddate":"2023-11-08 14:19:28.0000000","geometry":"POINT(-73.83000632468185 40.851358625061856)","genusspecies":"Quercus bicolor - swamp white oak"}},{"type":"Feature","geometry":{"type":"Point","coordinates":[-73.83013774421902,40.85088707297072]},"properties":{"tpcondition":"Good","stumpdiameter":null,"riskratingdate":"2023-11-08 14:20:57.0000000","riskrating":"3","objectid":"5294234","globalid":"082F8246-100B-48B9-B7FB-234191B9B2C1","tpstructure":"Full","plantingspaceglobalid":"7EC400E1-C256-4249-8E9D-F0A5A29936C8","createddate":"2018-04-05 12:53:52.0000000","dbh":"5","planteddate":null,"updateddate":"2023-11-08 14:20:57.0000000","geometry":"POINT(-73.83013774421902 40.85088707297072)","genusspecies":"Quercus bicolor - swamp white oak"}},{"type":"Feature","geometry":{"type":"Point","coordinates":[-73.83022563626092,40.85056555734708]},"properties":{"tpcondition":"Good","stumpdiameter":null,"riskratingdate":"2023-11-08 14:22:08.0000000","riskrating":"6","objectid":"5294235","globalid":"2B12654A-9F94-4610-8B02-3F7A7753D8F7","tpstructure":"Full","plantingspaceglobalid":"3061E1A9-005E-4CD5-82FC-6E219BDCECE9","createddate":"2018-04-05 12:45:40.0000000","dbh":"5","planteddate":null,"updateddate":"2023-11-08 14:22:08.0000000","geometry":"POINT(-73.83022563626092 40.85056555734708)","genusspecies":"Quercus bicolor - swamp white oak"}},{"type":"Feature","geometry":{"type":"Point","coordinates":[-73.82998206516825,40.85052009619815]},"properties":{"tpcondition":"Good","stumpdiameter":null,"riskratingdate":"2023-11-08 14:11:01.0000000","riskrating":"6","objectid":"5294236","globalid":"8E8C748B-D173-4B98-80AD-2DD7F730EFF8","tpstructure":"Full","plantingspaceglobalid":"2E579187-4050-48F6-9B29-F491BDDA5774","createddate":"2018-04-05 12:44:32.0000000","dbh":"6","planteddate":null,"updateddate":"2023-11-08 14:11:01.0000000","geometry":"POINT(-73.82998206516825 40.85052009619815)","genusspecies":"Quercus bicolor - swamp white oak"}},{"type":"Feature","geometry":{"type":"Point","coordinates":[-73.83025255989944,40.85046612528097]},"properties":{"tpcondition":"Good","stumpdiameter":null,"riskratingdate":"2023-11-08 14:23:03.0000000","riskrating":"5","objectid":"5294237","globalid":"4B79CD36-A621-44C9-BFC4-4F66A51DD05A","tpstructure":"Full","plantingspaceglobalid":"C70DB23C-E205-4E0B-896E-FCE102414893","createddate":"2018-04-05 12:43:13.0000000","dbh":"6","planteddate":null,"updateddate":"2023-11-08 14:23:03.0000000","geometry":"POINT(-73.83025255989944 40.85046612528097)","genusspecies":"Quercus bicolor 'Beacon' - 'Beacon' Swamp white oak"}},{"type":"Feature","geometry":{"type":"Point","coordinates":[-73.8302811105475,40.8503440614714]},"properties":{"tpcondition":"Good","stumpdiameter":null,"riskratingdate":"2023-11-08 14:24:00.0000000","riskrating":"3","objectid":"5294238","globalid":"3FA8814C-7BD7-48F1-B27E-ED4CE3199A2B","tpstructure":"Full","plantingspaceglobalid":"2837A2C1-05B5-4623-A695-55B0E4DA8938","createddate":"2018-04-05 12:41:48.0000000","dbh":"5","planteddate":null,"updateddate":"2023-11-08 14:24:00.0000000","geometry":"POINT(-73.8302811105475 40.8503440614714)","genusspecies":"Quercus bicolor - swamp white oak"}},{"type":"Feature","geometry":{"type":"Point","coordinates":[-73.83031749942735,40.85022439136064]},"properties":{"tpcondition":"Good","stumpdiameter":null,"riskratingdate":"2023-11-08 14:25:02.0000000","riskrating":"3","objectid":"5294239","globalid":"69B07900-70AF-4B79-A405-432AEF6215BA","tpstructure":"Full","plantingspaceglobalid":"9E6F918E-B661-4CC0-BFCA-C6F2B5A5C334","createddate":"2018-04-05 12:35:50.0000000","dbh":"3","planteddate":null,"updateddate":"2023-11-08 14:25:02.0000000","geometry":"POINT(-73.83031749942735 40.85022439136064)","genusspecies":"Quercus bicolor - swamp white oak"}},{"type":"Feature","geometry":{"type":"Point","coordinates":[-73.83014275459537,40.849959511060355]},"properties":{"tpcondition":"Good","stumpdiameter":null,"riskratingdate":"2023-11-08 14:08:52.0000000","riskrating":"5","objectid":"5294240","globalid":"227E34B2-2865-4C9A-9DC2-1FD4D69574AF","tpstructure":"Full","plantingspaceglobalid":"EED2AAD1-922F-4361-ADED-9CD8AED11AE8","createddate":"2018-04-05 12:34:02.0000000","dbh":"6","planteddate":null,"updateddate":"2023-11-08 14:08:52.0000000","geometry":"POINT(-73.83014275459537 40.849959511060355)","genusspecies":"Quercus bicolor - swamp white oak"}},{"type":"Feature","geometry":{"type":"Point","coordinates":[-73.83015625287209,40.84989520238189]},"properties":{"tpcondition":"Good","stumpdiameter":null,"riskratingdate":"2023-11-08 14:06:38.0000000","riskrating":"5","objectid":"5294241","globalid":"C83666FE-19E0-4C0E-A7C4-46272697B454","tpstructure":"Full","plantingspaceglobalid":"6216413A-2FB9-43A2-AAA1-509D1520FF6A","createddate":"2018-04-05 12:32:20.0000000","dbh":"5","planteddate":null,"updateddate":"2023-11-08 14:06:38.0000000","geometry":"POINT(-73.83015625287209 40.84989520238189)","genusspecies":"Quercus bicolor 'American Dream' - 'American Dream' Swamp white oak"}},{"type":"Feature","geometry":{"type":"Point","coordinates":[-73.83038087826635,40.849979081831144]},"properties":{"tpcondition":"Good","stumpdiameter":null,"riskratingdate":"2023-11-08 14:25:50.0000000","riskrating":"5","objectid":"5294242","globalid":"A3827E0A-415B-45D4-B43C-7A27AAA362C6","tpstructure":"Full","plantingspaceglobalid":"E8BC1000-0484-4C94-83DC-5FDA14955056","createddate":"2018-04-05 12:30:22.0000000","dbh":"5","planteddate":null,"updateddate":"2023-11-08 14:25:50.0000000","geometry":"POINT(-73.83038087826635 40.849979081831144)","genusspecies":"Quercus bicolor - swamp white oak"}},{"type":"Feature","geometry":{"type":"Point","coordinates":[-73.83018119947249,40.849802021916744]},"properties":{"tpcondition":"Good","stumpdiameter":null,"riskratingdate":"2023-11-08 14:04:25.0000000","riskrating":"5","objectid":"5294243","globalid":"3867C153-C1FD-49EF-BB8F-CF066287E621","tpstructure":"Full","plantingspaceglobalid":"257A5943-8247-45A2-940B-61F858246457","createddate":"2018-04-05 12:28:56.0000000","dbh":"6","planteddate":null,"updateddate":"2023-11-08 14:04:25.0000000","geometry":"POINT(-73.83018119947249 40.849802021916744)","genusspecies":"Quercus bicolor - swamp white oak"}},{"type":"Feature","geometry":{"type":"Point","coordinates":[-73.83022822108438,40.84961420719036]},"properties":{"tpcondition":"Good","stumpdiameter":null,"riskratingdate":"2023-11-08 13:58:20.0000000","riskrating":"5","objectid":"5294244","globalid":"5DE6093A-E7F0-44A5-8248-7B2F0418791F","tpstructure":"Full","plantingspaceglobalid":"99261DEB-821D-43BB-A1F5-3FBA92FDB47A","createddate":"2018-04-05 12:23:59.0000000","dbh":"6","planteddate":null,"updateddate":"2023-11-08 13:58:20.0000000","geometry":"POINT(-73.83022822108438 40.84961420719036)","genusspecies":"Quercus bicolor - swamp white oak"}},{"type":"Feature","geometry":{"type":"Point","coordinates":[-73.83027101309303,40.84944451273532]},"properties":{"tpcondition":"Good","stumpdiameter":null,"riskratingdate":"2023-11-08 13:55:36.0000000","riskrating":"5","objectid":"5294245","globalid":"628437DF-D9DC-436F-9F4D-BD924A201A0E","tpstructure":"Full","plantingspaceglobalid":"7A8ED3C8-6B5E-4129-84AD-AB1289EB5884","createddate":"2018-04-05 12:21:36.0000000","dbh":"6","planteddate":null,"updateddate":"2023-11-08 13:55:36.0000000","geometry":"POINT(-73.83027101309303 40.84944451273532)","genusspecies":"Quercus bicolor - swamp white oak"}},{"type":"Feature","geometry":{"type":"Point","coordinates":[-73.83093010945231,40.84826926495161]},"properties":{"tpcondition":"Dead","stumpdiameter":null,"riskratingdate":null,"riskrating":null,"objectid":"5294246","globalid":"FD733B13-0C83-48F8-92B3-30BDBBDF1EF4","tpstructure":"Retired","plantingspaceglobalid":"90873592-011C-4BC8-80DB-1C2226DA88DD","createddate":"2018-04-05 12:04:11.0000000","dbh":"1","planteddate":null,"updateddate":"2023-11-08 15:01:18.0000000","geometry":"POINT(-73.83093010945231 40.84826926495161)","genusspecies":"Platanus x acerifolia - London planetree"}},{"type":"Feature","geometry":{"type":"Point","coordinates":[-73.82990899610886,40.850262233425035]},"properties":{"tpcondition":"Fair","stumpdiameter":null,"riskratingdate":"2023-11-07 13:53:32.0000000","riskrating":"6","objectid":"5294247","globalid":"7B36D2DF-2B39-4933-93BC-6222C67842AB","tpstructure":"Full","plantingspaceglobalid":"571ECD6D-598C-48C3-81BF-5B1BA5644862","createddate":"2018-04-05 10:50:36.0000000","dbh":"4","planteddate":null,"updateddate":"2023-11-07 13:53:32.0000000","geometry":"POINT(-73.82990899610886 40.850262233425035)","genusspecies":"Quercus coccinea - scarlet oak"}},{"type":"Feature","geometry":{"type":"Point","coordinates":[-73.82923453136469,40.85016440880044]},"properties":{"tpcondition":"Good","stumpdiameter":null,"riskratingdate":"2023-11-07 12:28:40.0000000","riskrating":"3","objectid":"5294248","globalid":"0370A2CA-8C6B-4E0D-864B-1C14465AFE36","tpstructure":"Full","plantingspaceglobalid":"EAECA2AA-A4B1-4F0C-AACF-FE2DE3C0D54B","createddate":"2018-04-05 10:49:04.0000000","dbh":"3","planteddate":null,"updateddate":"2023-11-07 12:28:40.0000000","geometry":"POINT(-73.82923453136469 40.85016440880044)","genusspecies":"Aesculus x carnea - red horse-chestnut"}},{"type":"Feature","geometry":{"type":"Point","coordinates":[-73.82906507923825,40.850171305518415]},"properties":{"tpcondition":"Good","stumpdiameter":null,"riskratingdate":"2023-11-07 12:29:40.0000000","riskrating":"5","objectid":"5294249","globalid":"2FEC59D1-207E-4457-A02D-9AF27FC10C00","tpstructure":"Full","plantingspaceglobalid":"FC6AB73A-F89E-4399-9616-A71056872884","createddate":"2018-04-05 10:44:36.0000000","dbh":"4","planteddate":null,"updateddate":"2023-11-07 12:29:40.0000000","geometry":"POINT(-73.82906507923825 40.850171305518415)","genusspecies":"Aesculus x carnea - red horse-chestnut"}},{"type":"Feature","geometry":{"type":"Point","coordinates":[-73.82859561491081,40.850302788983015]},"properties":{"tpcondition":"Fair","stumpdiameter":null,"riskratingdate":"2023-11-07 13:02:58.0000000","riskrating":"6","objectid":"5294250","globalid":"0E56013E-4332-45A1-B6C9-F46FB83EFF3C","tpstructure":"Full","plantingspaceglobalid":"30CB8362-76AB-42D1-AC13-193A935C6A27","createddate":"2018-04-05 10:37:09.0000000","dbh":"7","planteddate":null,"updateddate":"2023-11-07 13:02:58.0000000","geometry":"POINT(-73.82859561491081 40.850302788983015)","genusspecies":"Quercus bicolor - swamp white oak"}},{"type":"Feature","geometry":{"type":"Point","coordinates":[-73.82846901765978,40.85018602957884]},"properties":{"tpcondition":"Good","stumpdiameter":null,"riskratingdate":"2023-11-07 12:32:14.0000000","riskrating":"5","objectid":"5294251","globalid":"0D1B803D-6A83-48C3-B18E-A2250F862A89","tpstructure":"Full","plantingspaceglobalid":"39734D57-0BA3-4088-9D2D-B7B94589F6BC","createddate":"2018-04-05 10:28:00.0000000","dbh":"6","planteddate":null,"updateddate":"2023-11-07 12:32:14.0000000","geometry":"POINT(-73.82846901765978 40.85018602957884)","genusspecies":"Quercus palustris - pin oak"}},{"type":"Feature","geometry":{"type":"Point","coordinates":[-73.82828778532195,40.850198268398664]},"properties":{"tpcondition":"Good","stumpdiameter":null,"riskratingdate":"2023-11-07 12:33:28.0000000","riskrating":"5","objectid":"5294252","globalid":"33564B98-2640-4627-8D34-35774C2CE321","tpstructure":"Full","plantingspaceglobalid":"4D9A8CDC-862B-4895-9B37-E0111D412500","createddate":"2018-04-05 10:27:17.0000000","dbh":"7","planteddate":null,"updateddate":"2023-11-07 12:33:28.0000000","geometry":"POINT(-73.82828778532195 40.850198268398664)","genusspecies":"Quercus shumardii - Shumard's oak"}},{"type":"Feature","geometry":{"type":"Point","coordinates":[-73.82813536091079,40.85020570487222]},"properties":{"tpcondition":"Good","stumpdiameter":null,"riskratingdate":"2023-11-07 12:34:43.0000000","riskrating":"5","objectid":"5294253","globalid":"BA20AC15-74D0-4AF2-A7A3-F41D5885D6A3","tpstructure":"Full","plantingspaceglobalid":"C98D462A-8955-4F28-A943-CA552DAC0A3B","createddate":"2018-04-05 10:26:00.0000000","dbh":"6","planteddate":null,"updateddate":"2023-11-07 12:34:43.0000000","geometry":"POINT(-73.82813536091079 40.85020570487222)","genusspecies":"Quercus palustris - pin oak"}},{"type":"Feature","geometry":{"type":"Point","coordinates":[-73.82799831503476,40.850206175930616]},"properties":{"tpcondition":"Good","stumpdiameter":null,"riskratingdate":"2023-11-07 12:36:14.0000000","riskrating":"6","objectid":"5294254","globalid":"8E8242BD-D739-44A3-BE09-D82EE3DA2767","tpstructure":"Full","plantingspaceglobalid":"22E8E73A-3BF5-4ABE-947A-564C08224085","createddate":"2018-04-05 10:24:00.0000000","dbh":"6","planteddate":null,"updateddate":"2023-11-07 12:36:14.0000000","geometry":"POINT(-73.82799831503476 40.850206175930616)","genusspecies":"Quercus palustris - pin oak"}},{"type":"Feature","geometry":{"type":"Point","coordinates":[-73.82982966297293,40.85107024509482]},"properties":{"tpcondition":"Good","stumpdiameter":null,"riskratingdate":"2023-11-08 14:15:58.0000000","riskrating":"6","objectid":"5294255","globalid":"521A8CF3-8607-4EEF-8E37-F3B9C046C31D","tpstructure":"Full","plantingspaceglobalid":"CAC63A91-5967-4182-8DA3-793B3C0FD550","createddate":"2018-04-05 10:14:56.0000000","dbh":"6","planteddate":null,"updateddate":"2023-11-08 14:15:58.0000000","geometry":"POINT(-73.82982966297293 40.85107024509482)","genusspecies":"Quercus bicolor - swamp white oak"}},{"type":"Feature","geometry":{"type":"Point","coordinates":[-73.82966264079616,40.850996045849776]},"properties":{"tpcondition":"Good","stumpdiameter":null,"riskratingdate":"2023-11-06 17:13:43.0000000","riskrating":"3","objectid":"5294256","globalid":"25B7BB5D-9EE2-417B-AF21-1002D4D84862","tpstructure":"Full","plantingspaceglobalid":"8C288E33-E425-43EF-85E3-7DE1708C29A3","createddate":"2018-04-05 10:12:44.0000000","dbh":"5","planteddate":null,"updateddate":"2023-11-06 17:13:43.0000000","geometry":"POINT(-73.82966264079616 40.850996045849776)","genusspecies":"Liquidambar styraciflua - sweetgum"}},{"type":"Feature","geometry":{"type":"Point","coordinates":[-73.82910693128788,40.850999227817816]},"properties":{"tpcondition":"Good","stumpdiameter":null,"riskratingdate":"2023-11-06 17:11:44.0000000","riskrating":"6","objectid":"5294257","globalid":"BCCD2981-52A7-4F70-8B00-8332E4430BC3","tpstructure":"Full","plantingspaceglobalid":"A84CBFBD-A8A2-43AD-8EE6-5DEE4965C50D","createddate":"2018-04-05 09:57:56.0000000","dbh":"6","planteddate":null,"updateddate":"2023-11-06 17:11:44.0000000","geometry":"POINT(-73.82910693128788 40.850999227817816)","genusspecies":"Liquidambar styraciflua - sweetgum"}},{"type":"Feature","geometry":{"type":"Point","coordinates":[-73.82878492770777,40.85066469354705]},"properties":{"tpcondition":"Good","stumpdiameter":null,"riskratingdate":"2023-11-07 13:07:34.0000000","riskrating":"3","objectid":"5294258","globalid":"8B5BAF96-1BA8-420C-A34A-85E074E89EF9","tpstructure":"Full","plantingspaceglobalid":"18C1CBB1-71AA-4B04-B07E-3EE12D434B24","createddate":"2018-04-05 09:53:40.0000000","dbh":"3","planteddate":null,"updateddate":"2023-11-07 13:07:34.0000000","geometry":"POINT(-73.82878492770777 40.85066469354705)","genusspecies":"Prunus x hillieri 'Spires' - 'Spires' Flowering cherry"}},{"type":"Feature","geometry":{"type":"Point","coordinates":[-73.82878782953523,40.85075642602951]},"properties":{"tpcondition":"Good","stumpdiameter":null,"riskratingdate":"2023-11-07 13:09:02.0000000","riskrating":"3","objectid":"5294259","globalid":"A23A3B92-E018-4590-A050-EF9333EF21D8","tpstructure":"Full","plantingspaceglobalid":"B405779D-810C-4378-883D-C694AA26B356","createddate":"2018-04-05 09:52:28.0000000","dbh":"4","planteddate":null,"updateddate":"2023-11-07 13:09:02.0000000","geometry":"POINT(-73.82878782953523 40.85075642602951)","genusspecies":"Prunus x hillieri 'Spires' - 'Spires' Flowering cherry"}},{"type":"Feature","geometry":{"type":"Point","coordinates":[-73.82885463871503,40.851012719156316]},"properties":{"tpcondition":"Good","stumpdiameter":null,"riskratingdate":"2023-11-06 20:24:27.0000000","riskrating":"3","objectid":"5294260","globalid":"61CA530C-30A9-4ECC-8095-26C42AB0AC59","tpstructure":"Full","plantingspaceglobalid":"2479CF3C-B35E-4336-8E69-2A72089C07F3","createddate":"2018-04-05 09:45:58.0000000","dbh":"4","planteddate":null,"updateddate":"2023-11-06 20:24:27.0000000","geometry":"POINT(-73.82885463871503 40.851012719156316)","genusspecies":"Liquidambar styraciflua - sweetgum"}},{"type":"Feature","geometry":{"type":"Point","coordinates":[-73.82838053951592,40.850909934526754]},"properties":{"tpcondition":"Good","stumpdiameter":null,"riskratingdate":"2023-11-06 18:17:23.0000000","riskrating":"3","objectid":"5294261","globalid":"C14B7DF9-442D-44DC-B1F5-666374F20DFC","tpstructure":"Full","plantingspaceglobalid":"D220754F-1333-4561-B4BB-17D90857A8C5","createddate":"2018-04-05 09:30:24.0000000","dbh":"4","planteddate":null,"updateddate":"2023-11-06 18:17:23.0000000","geometry":"POINT(-73.82838053951592 40.850909934526754)","genusspecies":"Tilia cordata - littleleaf linden"}},{"type":"Feature","geometry":{"type":"Point","coordinates":[-73.82815214723716,40.850907474811514]},"properties":{"tpcondition":"Good","stumpdiameter":null,"riskratingdate":"2023-11-06 18:22:52.0000000","riskrating":"6","objectid":"5294262","globalid":"4F9A34B1-DDA2-4C19-85DD-F96DE19D015F","tpstructure":"Full","plantingspaceglobalid":"75C84055-7683-4C6E-8C9C-E240640B3FF3","createddate":"2018-04-05 09:23:50.0000000","dbh":"6","planteddate":null,"updateddate":"2023-11-06 18:22:52.0000000","geometry":"POINT(-73.82815214723716 40.850907474811514)","genusspecies":"Tilia americana - American basswood"}},{"type":"Feature","geometry":{"type":"Point","coordinates":[-73.82794181566715,40.85103969071392]},"properties":{"tpcondition":"Good","stumpdiameter":null,"riskratingdate":"2023-11-06 18:44:30.0000000","riskrating":"3","objectid":"5294263","globalid":"914C27BA-D6B8-44B8-BF1A-B8EC9D141506","tpstructure":"Full","plantingspaceglobalid":"17830BE8-598E-46D0-A170-EA869DF725E9","createddate":"2018-04-05 09:18:39.0000000","dbh":"4","planteddate":null,"updateddate":"2023-11-06 18:44:30.0000000","geometry":"POINT(-73.82794181566715 40.85103969071392)","genusspecies":"Zelkova serrata - Japanese zelkova"}},{"type":"Feature","geometry":{"type":"Point","coordinates":[-73.82768751499346,40.85105262699175]},"properties":{"tpcondition":"Good","stumpdiameter":null,"riskratingdate":"2023-11-06 18:40:49.0000000","riskrating":"3","objectid":"5294264","globalid":"000B703D-EB9A-4999-848E-9534534F9958","tpstructure":"Full","plantingspaceglobalid":"68A3BF86-32C8-4F34-9532-753E4E224C73","createddate":"2018-04-05 09:11:21.0000000","dbh":"6","planteddate":null,"updateddate":"2023-11-06 18:40:49.0000000","geometry":"POINT(-73.82768751499346 40.85105262699175)","genusspecies":"Eucommia ulmoides - Hardy Rubber Tree"}},{"type":"Feature","geometry":{"type":"Point","coordinates":[-73.82737288063157,40.85136754652248]},"properties":{"tpcondition":"Good","stumpdiameter":null,"riskratingdate":"2023-11-07 14:41:49.0000000","riskrating":"6","objectid":"5294265","globalid":"CFEF46B6-7B5B-471C-84C2-D91C5487069B","tpstructure":"Full","plantingspaceglobalid":"FEDEF621-C4AB-45ED-A886-9F4665895DF3","createddate":"2018-04-05 09:00:53.0000000","dbh":"6","planteddate":null,"updateddate":"2023-11-07 14:41:49.0000000","geometry":"POINT(-73.82737288063157 40.85136754652248)","genusspecies":"Platanus x acerifolia 'Bloodgood' - 'Bloodgood' London planetree"}},{"type":"Feature","geometry":{"type":"Point","coordinates":[-73.82734525113052,40.851434812867396]},"properties":{"tpcondition":"Fair","stumpdiameter":null,"riskratingdate":"2023-11-07 14:40:49.0000000","riskrating":"6","objectid":"5294266","globalid":"F88D27B9-2215-4859-B562-8BAE955448F5","tpstructure":"Full","plantingspaceglobalid":"5F264500-5E8D-4177-92D8-273289F0C1E9","createddate":"2018-04-05 08:59:44.0000000","dbh":"6","planteddate":null,"updateddate":"2023-11-07 14:40:49.0000000","geometry":"POINT(-73.82734525113052 40.851434812867396)","genusspecies":"Platanus x acerifolia 'Bloodgood' - 'Bloodgood' London planetree"}},{"type":"Feature","geometry":{"type":"Point","coordinates":[-73.82930372433903,40.85159503919601]},"properties":{"tpcondition":"Good","stumpdiameter":null,"riskratingdate":"2023-11-06 16:13:09.0000000","riskrating":"6","objectid":"5294267","globalid":"BCCBA84E-4ED5-4D1E-85E7-BA938AE7102F","tpstructure":"Full","plantingspaceglobalid":"1533B81A-4D38-41BB-9051-1436283AF9FE","createddate":"2018-04-05 08:36:57.0000000","dbh":"6","planteddate":null,"updateddate":"2023-11-06 16:13:09.0000000","geometry":"POINT(-73.82930372433903 40.85159503919601)","genusspecies":"Gleditsia triacanthos var. inermis - Thornless honeylocust"}},{"type":"Feature","geometry":{"type":"Point","coordinates":[-73.82913976444524,40.851600156662364]},"properties":{"tpcondition":"Good","stumpdiameter":null,"riskratingdate":"2023-11-06 16:14:04.0000000","riskrating":"6","objectid":"5294268","globalid":"0143FE16-D263-4B90-BA7A-B1F2BB7F6CEC","tpstructure":"Full","plantingspaceglobalid":"D2079CEE-CBAD-4937-850A-C9498ED89CB8","createddate":"2018-04-05 08:35:36.0000000","dbh":"6","planteddate":null,"updateddate":"2023-11-06 16:14:04.0000000","geometry":"POINT(-73.82913976444524 40.851600156662364)","genusspecies":"Gleditsia triacanthos var. inermis - Thornless honeylocust"}},{"type":"Feature","geometry":{"type":"Point","coordinates":[-73.82900248313658,40.85160233657841]},"properties":{"tpcondition":"Good","stumpdiameter":null,"riskratingdate":"2023-11-06 16:15:45.0000000","riskrating":"6","objectid":"5294269","globalid":"617E486F-C156-46A9-801F-2F0C54264B3C","tpstructure":"Full","plantingspaceglobalid":"C4D09BCE-50C2-4345-A20C-82508E94EF24","createddate":"2018-04-05 08:34:13.0000000","dbh":"5","planteddate":null,"updateddate":"2023-11-06 16:15:45.0000000","geometry":"POINT(-73.82900248313658 40.85160233657841)","genusspecies":"Gleditsia triacanthos var. inermis - Thornless honeylocust"}},{"type":"Feature","geometry":{"type":"Point","coordinates":[-73.82879429473327,40.851724133022245]},"properties":{"tpcondition":"Good","stumpdiameter":null,"riskratingdate":"2023-11-06 16:51:15.0000000","riskrating":"6","objectid":"5294270","globalid":"995C6389-69E7-4881-ADC5-80DA6A5D7392","tpstructure":"Full","plantingspaceglobalid":"F7042307-9561-4A00-9E36-D33383527558","createddate":"2018-04-05 08:14:42.0000000","dbh":"7","planteddate":null,"updateddate":"2023-11-06 16:51:15.0000000","geometry":"POINT(-73.82879429473327 40.851724133022245)","genusspecies":"Gleditsia triacanthos var. inermis - Thornless honeylocust"}},{"type":"Feature","geometry":{"type":"Point","coordinates":[-73.82937992725792,40.85176463481743]},"properties":{"tpcondition":"Fair","stumpdiameter":null,"riskratingdate":"2023-11-06 16:12:05.0000000","riskrating":"6","objectid":"5294271","globalid":"3BD04E6E-CF43-418F-AC48-5BBDB8B3BCC1","tpstructure":"Full","plantingspaceglobalid":"24CC3E2D-0038-4B7C-A983-78145C306796","createddate":"2018-04-05 08:10:46.0000000","dbh":"16","planteddate":null,"updateddate":"2023-11-06 16:12:05.0000000","geometry":"POINT(-73.82937992725792 40.85176463481743)","genusspecies":"Gleditsia triacanthos var. inermis - Thornless honeylocust"}},{"type":"Feature","geometry":{"type":"Point","coordinates":[-73.87708325345464,40.83221010465284]},"properties":{"tpcondition":"Good","stumpdiameter":null,"riskratingdate":null,"riskrating":null,"objectid":"5294272","globalid":"FC65271D-4C05-497F-8CFC-D05642912463","tpstructure":"Full","plantingspaceglobalid":"D462A11E-36D3-443F-9163-FE9BD9F8798F","createddate":"2018-04-05 13:54:46.0000000","dbh":"2","planteddate":null,"updateddate":"2018-04-05 13:54:46.0000000","geometry":"POINT(-73.87708325345464 40.83221010465284)","genusspecies":"Acer - maple"}},{"type":"Feature","geometry":{"type":"Point","coordinates":[-73.878717875464,40.83106847888449]},"properties":{"tpcondition":"Good","stumpdiameter":null,"riskratingdate":null,"riskrating":null,"objectid":"5294273","globalid":"C152083D-4BF2-44EF-B6B7-6DA75A821C90","tpstructure":"Full","plantingspaceglobalid":"EB5E3CF8-641D-40BC-BFBB-237506F944A4","createddate":"2018-04-05 11:24:38.0000000","dbh":"2","planteddate":null,"updateddate":"2018-04-05 11:24:38.0000000","geometry":"POINT(-73.878717875464 40.83106847888449)","genusspecies":"Platanus x acerifolia - London planetree"}},{"type":"Feature","geometry":{"type":"Point","coordinates":[-73.87887407531859,40.831095375431936]},"properties":{"tpcondition":"Good","stumpdiameter":null,"riskratingdate":null,"riskrating":null,"objectid":"5294274","globalid":"C7D54B96-E395-48EE-8209-0E804DCF4A4B","tpstructure":"Full","plantingspaceglobalid":"3F7C028E-491F-4259-A434-4F0F2D637868","createddate":"2018-04-05 11:23:44.0000000","dbh":"2","planteddate":null,"updateddate":"2018-04-05 11:23:44.0000000","geometry":"POINT(-73.87887407531859 40.831095375431936)","genusspecies":"Platanus x acerifolia - London planetree"}},{"type":"Feature","geometry":{"type":"Point","coordinates":[-73.87861436207332,40.8305943249745]},"properties":{"tpcondition":"Good","stumpdiameter":null,"riskratingdate":null,"riskrating":null,"objectid":"5294275","globalid":"2208186F-BAF7-4182-92B3-C741F1869BA1","tpstructure":"Full","plantingspaceglobalid":"6A9B8BE5-F258-4055-A79F-1BDD4F33CBF1","createddate":"2018-04-05 11:21:13.0000000","dbh":"2","planteddate":null,"updateddate":"2018-04-05 11:21:13.0000000","geometry":"POINT(-73.87861436207332 40.8305943249745)","genusspecies":"Platanus x acerifolia - London planetree"}},{"type":"Feature","geometry":{"type":"Point","coordinates":[-73.87877313556906,40.83057816664091]},"properties":{"tpcondition":"Good","stumpdiameter":null,"riskratingdate":null,"riskrating":null,"objectid":"5294276","globalid":"E08D6C26-4E24-4B08-830F-DEBCC824189B","tpstructure":"Full","plantingspaceglobalid":"8DD6A831-56DF-4D0A-B11E-DED7BD9079E0","createddate":"2018-04-05 11:19:37.0000000","dbh":"2","planteddate":null,"updateddate":"2018-04-05 11:19:37.0000000","geometry":"POINT(-73.87877313556906 40.83057816664091)","genusspecies":"Platanus x acerifolia - London planetree"}},{"type":"Feature","geometry":{"type":"Point","coordinates":[-73.9236016010967,40.64422017019394]},"properties":{"tpcondition":"Fair","stumpdiameter":null,"riskratingdate":null,"riskrating":null,"objectid":"5294277","globalid":"7C946F07-5243-44B4-AEC1-6607004E7F1B","tpstructure":"Full","plantingspaceglobalid":"FADBC381-35CC-4EA9-A42F-378EC47B6F16","createddate":"2018-04-05 11:12:09.0000000","dbh":"14","planteddate":null,"updateddate":"2018-04-05 11:12:32.0000000","geometry":"POINT(-73.9236016010967 40.64422017019394)","genusspecies":"Juniperus virginiana - eastern redcedar"}},{"type":"Feature","geometry":{"type":"Point","coordinates":[-74.10429896590632,40.61710923718584]},"properties":{"tpcondition":"Poor","stumpdiameter":"36","riskratingdate":"2018-04-05 14:21:04.0000000","riskrating":"10","objectid":"5294278","globalid":"B7E8F728-AB06-4867-A272-0752C17EBDFA","tpstructure":"Retired","plantingspaceglobalid":"3CB81B19-0D39-42CA-9D73-52EBEB21F633","createddate":"2018-04-05 14:20:26.0000000","dbh":"35","planteddate":null,"updateddate":"2018-07-19 16:11:37.0000000","geometry":"POINT(-74.10429896590632 40.61710923718584)","genusspecies":"Morus - mulberry"}},{"type":"Feature","geometry":{"type":"Point","coordinates":[-73.81950185833864,40.81811485200817]},"properties":{"tpcondition":"Dead","stumpdiameter":null,"riskratingdate":null,"riskrating":null,"objectid":"5294279","globalid":"79FAE684-7EA8-4DF9-A905-9ED4B4C0265B","tpstructure":"Retired","plantingspaceglobalid":"2E439C31-5DEC-4AF9-8A4D-267AA6F7EF2D","createddate":"2018-04-06 12:29:00.0000000","dbh":"30","planteddate":null,"updateddate":"2021-04-05 18:02:00.0000000","geometry":"POINT(-73.81950185833864 40.81811485200817)","genusspecies":"Unknown - Unknown"}},{"type":"Feature","geometry":{"type":"Point","coordinates":[-73.8162495430706,40.816264729949395]},"properties":{"tpcondition":"Unknown","stumpdiameter":null,"riskratingdate":null,"riskrating":null,"objectid":"5294280","globalid":"362ABA15-48CF-44EA-9549-BAF6EF79F412","tpstructure":"Full","plantingspaceglobalid":"5A2DD9CA-E13A-46E8-9D71-FEE34947D3C3","createddate":"2018-04-06 12:14:08.0000000","dbh":"20","planteddate":null,"updateddate":"2018-04-06 12:14:57.0000000","geometry":"POINT(-73.8162495430706 40.816264729949395)","genusspecies":"Unknown - Unknown"}},{"type":"Feature","geometry":{"type":"Point","coordinates":[-73.82916467766839,40.85326386182514]},"properties":{"tpcondition":"Poor","stumpdiameter":null,"riskratingdate":"2024-01-10 13:54:00.0000000","riskrating":"8","objectid":"5294281","globalid":"B0284FF3-1450-49E7-8D57-4042828A22A3","tpstructure":"Retired","plantingspaceglobalid":"8802CD50-474A-46DF-B835-0907C888ED24","createddate":"2018-04-06 11:24:00.0000000","dbh":"25","planteddate":null,"updateddate":"2024-11-05 19:11:00.0000000","geometry":"POINT(-73.82916467766839 40.85326386182514)","genusspecies":"Acer rubrum - red maple"}},{"type":"Feature","geometry":{"type":"Point","coordinates":[-73.92675538071133,40.853334273395305]},"properties":{"tpcondition":"Critical","stumpdiameter":null,"riskratingdate":"2021-05-25 10:23:00.0000000","riskrating":"8","objectid":"5294282","globalid":"757B9B40-8908-47A3-A1ED-B00078408AE7","tpstructure":"Retired","plantingspaceglobalid":"F32C7D07-1201-409D-80EC-2E261C8A5E21","createddate":"2018-04-06 12:22:00.0000000","dbh":"18","planteddate":null,"updateddate":"2022-01-14 18:47:00.0000000","geometry":"POINT(-73.92675538071133 40.853334273395305)","genusspecies":"Morus - mulberry"}},{"type":"Feature","geometry":{"type":"Point","coordinates":[-73.93498628535572,40.84103714636272]},"properties":{"tpcondition":"Good","stumpdiameter":null,"riskratingdate":"2020-08-12 18:27:29.0000000","riskrating":"6","objectid":"5294283","globalid":"14CF6EFD-8596-4226-A22D-452283A3B89D","tpstructure":"Full","plantingspaceglobalid":"D588BA72-8D99-4647-848B-4058B239C38C","createddate":"2018-04-06 12:05:33.0000000","dbh":"30","planteddate":null,"updateddate":"2020-08-12 18:27:29.0000000","geometry":"POINT(-73.93498628535572 40.84103714636272)","genusspecies":"Platanus x acerifolia - London planetree"}},{"type":"Feature","geometry":{"type":"Point","coordinates":[-73.93508360969656,40.84096572380641]},"properties":{"tpcondition":"Good","stumpdiameter":null,"riskratingdate":"2021-05-06 14:05:00.0000000","riskrating":"7","objectid":"5294284","globalid":"F3A0DE6A-D3B7-4A69-ABFC-E07C17FB31BC","tpstructure":"Full","plantingspaceglobalid":"F277A1BA-4739-4C9D-9178-DFE1564B1597","createddate":"2018-04-06 12:02:02.0000000","dbh":"30","planteddate":null,"updateddate":"2021-05-06 14:05:00.0000000","geometry":"POINT(-73.93508360969656 40.84096572380641)","genusspecies":"Platanus x acerifolia - London planetree"}},{"type":"Feature","geometry":{"type":"Point","coordinates":[-73.93491362517773,40.84093964190652]},"properties":{"tpcondition":"Good","stumpdiameter":null,"riskratingdate":"2025-04-02 15:59:04.0000000","riskrating":"8","objectid":"5294285","globalid":"91DFFBF6-7090-4D08-8F8F-8A3FF4046861","tpstructure":"Full","plantingspaceglobalid":"79C5E3E1-06F5-4724-B5AD-C52AE34955A2","createddate":"2018-04-06 12:00:31.0000000","dbh":"36","planteddate":null,"updateddate":"2025-04-02 15:59:04.0000000","geometry":"POINT(-73.93491362517773 40.84093964190652)","genusspecies":"Platanus x acerifolia - London planetree"}},{"type":"Feature","geometry":{"type":"Point","coordinates":[-73.93501933455886,40.84092637594507]},"properties":{"tpcondition":"Good","stumpdiameter":null,"riskratingdate":"2020-03-24 17:21:00.0000000","riskrating":"9","objectid":"5294286","globalid":"2D3B248E-C653-4083-A943-AFF970DB37A4","tpstructure":"Full","plantingspaceglobalid":"14E1EF2D-4EA3-4C5D-A5FF-927D1B31E8F4","createddate":"2018-04-06 11:58:03.0000000","dbh":"32","planteddate":null,"updateddate":"2020-03-24 17:21:00.0000000","geometry":"POINT(-73.93501933455886 40.84092637594507)","genusspecies":"Platanus x acerifolia - London planetree"}},{"type":"Feature","geometry":{"type":"Point","coordinates":[-73.85696887403898,40.89258653878279]},"properties":{"tpcondition":"Poor","stumpdiameter":null,"riskratingdate":"2018-04-09 10:48:00.0000000","riskrating":"7","objectid":"5294287","globalid":"B8462D8E-1488-46DE-B919-ACAB90C21A30","tpstructure":"Retired","plantingspaceglobalid":"ED8216B4-3630-4BA4-859E-AF71478DC119","createddate":"2018-04-09 10:43:00.0000000","dbh":"11","planteddate":null,"updateddate":"2021-04-05 18:01:00.0000000","geometry":"POINT(-73.85696887403898 40.89258653878279)","genusspecies":"Cedrus atlantica - Atlas cedar"}},{"type":"Feature","geometry":{"type":"Point","coordinates":[-73.94439682991982,40.58761539784852]},"properties":{"tpcondition":"Fair","stumpdiameter":null,"riskratingdate":"2020-01-06 20:31:57.0000000","riskrating":"6","objectid":"5294288","globalid":"5CD66C1E-53F6-40EC-BCDB-A09CA5EC46FF","tpstructure":"Full","plantingspaceglobalid":"96527C3F-E5E5-468F-AF30-35DDD77C8CA2","createddate":"2018-04-09 11:47:36.0000000","dbh":"8","planteddate":null,"updateddate":"2020-01-06 20:31:57.0000000","geometry":"POINT(-73.94439682991982 40.58761539784852)","genusspecies":"Prunus serrulata 'Kwanzan' - 'Kwanzan' Flowering cherry"}},{"type":"Feature","geometry":{"type":"Point","coordinates":[-73.8125332979198,40.86425194729031]},"properties":{"tpcondition":"Dead","stumpdiameter":null,"riskratingdate":null,"riskrating":null,"objectid":"5294600","globalid":"F0D6DD66-89C2-4554-9A5C-BB4B9AB3EC41","tpstructure":"Retired","plantingspaceglobalid":"14D89C85-A82A-434E-ACC6-94CB4F43CE18","createddate":"2018-04-04 16:55:47.0000000","dbh":"16","planteddate":null,"updateddate":"2018-05-23 06:35:45.0000000","geometry":"POINT(-73.8125332979198 40.86425194729031)","genusspecies":"Unknown - Unknown"}},{"type":"Feature","geometry":{"type":"Point","coordinates":[-73.80162914664938,40.86104379337637]},"properties":{"tpcondition":"Good","stumpdiameter":null,"riskratingdate":"2025-09-29 15:30:49.0000000","riskrating":"7","objectid":"5294601","globalid":"15C72160-A7D2-4F57-AC42-984A3E412183","tpstructure":"Full","plantingspaceglobalid":"DD040E76-7796-4570-B380-29181D9E64F1","createddate":"2018-04-04 16:47:12.0000000","dbh":"40","planteddate":null,"updateddate":"2025-09-29 15:30:49.0000000","geometry":"POINT(-73.80162914664938 40.86104379337637)","genusspecies":"Quercus rubra - northern red oak"}},{"type":"Feature","geometry":{"type":"Point","coordinates":[-73.83429279496866,40.787734092274384]},"properties":{"tpcondition":"Fair","stumpdiameter":null,"riskratingdate":"2024-07-31 12:06:56.0000000","riskrating":"5","objectid":"5294602","globalid":"21DC90E7-58E3-45C1-BCBE-7C812FE0F53C","tpstructure":"Full","plantingspaceglobalid":"A946A875-B5E9-46B6-99FD-A5E996ECA517","createddate":"2018-04-04 16:42:55.0000000","dbh":"13","planteddate":null,"updateddate":"2024-07-31 12:06:56.0000000","geometry":"POINT(-73.83429279496866 40.787734092274384)","genusspecies":"Pinus strobus - eastern white pine"}},{"type":"Feature","geometry":{"type":"Point","coordinates":[-74.07566099479621,40.60196969907712]},"properties":{"tpcondition":"Fair","stumpdiameter":null,"riskratingdate":"2024-08-06 15:55:17.0000000","riskrating":"6","objectid":"5294603","globalid":"21AD86CD-6CDB-4164-8858-51D0FD391748","tpstructure":"Full","plantingspaceglobalid":"29E85536-A5E5-45E6-86E5-56EF769C2C37","createddate":"2018-04-05 13:49:29.0000000","dbh":"13","planteddate":null,"updateddate":"2024-08-06 15:55:17.0000000","geometry":"POINT(-74.07566099479621 40.60196969907712)","genusspecies":"Pinus strobus - eastern white pine"}},{"type":"Feature","geometry":{"type":"Point","coordinates":[-74.13003436683086,40.5743683410406]},"properties":{"tpcondition":"Critical","stumpdiameter":null,"riskratingdate":"2018-04-05 09:41:00.0000000","riskrating":"10","objectid":"5294604","globalid":"D72A2E67-D654-4EB0-B0FB-FDBD0DD686BA","tpstructure":"Retired","plantingspaceglobalid":"A81744BE-C9BA-4F91-A71F-036D3483846B","createddate":"2018-04-05 09:37:00.0000000","dbh":"18","planteddate":null,"updateddate":"2018-05-24 17:28:00.0000000","geometry":"POINT(-74.13003436683086 40.5743683410406)","genusspecies":"Tilia tomentosa - silver linden"}},{"type":"Feature","geometry":{"type":"Point","coordinates":[-73.9493416493502,40.81723120173327]},"properties":{"tpcondition":"Fair","stumpdiameter":null,"riskratingdate":"2025-09-17 12:03:46.0000000","riskrating":"7","objectid":"5294605","globalid":"8884BF63-810B-497C-B897-78BC3C791A22","tpstructure":"Full","plantingspaceglobalid":"6E5EA3C2-A68D-4F54-A330-E0AA31F41F95","createddate":"2018-04-05 11:51:05.0000000","dbh":"20","planteddate":null,"updateddate":"2025-09-17 12:03:46.0000000","geometry":"POINT(-73.9493416493502 40.81723120173327)","genusspecies":"Fraxinus pennsylvanica - Green ash"}},{"type":"Feature","geometry":{"type":"Point","coordinates":[-73.94907236229128,40.81698508244507]},"properties":{"tpcondition":"Good","stumpdiameter":null,"riskratingdate":"2021-08-02 10:42:00.0000000","riskrating":"8","objectid":"5294606","globalid":"6C825130-4BBE-4BF7-9922-CE89E4E7C77D","tpstructure":"Stump","plantingspaceglobalid":"85008AEE-11A7-4106-8995-E936E657E04E","createddate":"2018-04-05 11:02:00.0000000","dbh":"28","planteddate":null,"updateddate":"2021-12-14 12:43:00.0000000","geometry":"POINT(-73.94907236229128 40.81698508244507)","genusspecies":"Fraxinus pennsylvanica - Green ash"}},{"type":"Feature","geometry":{"type":"Point","coordinates":[-73.94906955952224,40.816995697554844]},"properties":{"tpcondition":"Dead","stumpdiameter":null,"riskratingdate":"2021-10-07 13:20:00.0000000","riskrating":"6","objectid":"5294607","globalid":"687B3DE6-C798-4027-937B-D62C3798A0B7","tpstructure":"Stump","plantingspaceglobalid":"0C61FDB8-5712-433B-AF6B-9C0122B4C07F","createddate":"2018-04-05 10:59:00.0000000","dbh":"19","planteddate":null,"updateddate":"2021-12-14 12:43:00.0000000","geometry":"POINT(-73.94906955952224 40.816995697554844)","genusspecies":"Fraxinus pennsylvanica - Green ash"}},{"type":"Feature","geometry":{"type":"Point","coordinates":[-73.81810850338637,40.6697454178205]},"properties":{"tpcondition":"Fair","stumpdiameter":null,"riskratingdate":"2018-04-06 13:20:28.0000000","riskrating":"7","objectid":"5294608","globalid":"A9F43763-72C2-4519-B854-9647431EF6FB","tpstructure":"Retired","plantingspaceglobalid":"D554867C-65B3-44FB-A79F-CF91D58AF715","createddate":"2018-04-06 13:19:48.0000000","dbh":"10","planteddate":null,"updateddate":"2025-07-18 15:03:45.0000000","geometry":"POINT(-73.81810850338637 40.6697454178205)","genusspecies":"Tilia cordata 'Glenlevyn' - 'Glenlevyn' Littleleaf linden"}},{"type":"Feature","geometry":{"type":"Point","coordinates":[-73.8605161798347,40.57028906379852]},"properties":{"tpcondition":"Dead","stumpdiameter":null,"riskratingdate":"2018-04-06 10:50:00.0000000","riskrating":"7","objectid":"5294609","globalid":"3E8ED154-2DE9-4A42-88A5-9EECBC7C77DE","tpstructure":"Retired","plantingspaceglobalid":"EEC7E3B3-27D2-406D-8670-CA07785B0BE6","createddate":"2018-04-06 10:49:00.0000000","dbh":"3","planteddate":null,"updateddate":"2024-03-14 14:33:07.0000000","geometry":"POINT(-73.8605161798347 40.57028906379852)","genusspecies":"Quercus stellata - post oak"}},{"type":"Feature","geometry":{"type":"Point","coordinates":[-73.93746211476487,40.63548039019865]},"properties":{"tpcondition":"Good","stumpdiameter":null,"riskratingdate":null,"riskrating":null,"objectid":"5294610","globalid":"C42BC706-EB92-4686-AEA1-8B9FA6E70CAA","tpstructure":"Full","plantingspaceglobalid":"F93B421E-5661-4E7C-B706-6DEDB4FA4AC7","createddate":"2018-04-06 11:14:10.0000000","dbh":"19","planteddate":null,"updateddate":"2018-04-06 11:14:22.0000000","geometry":"POINT(-73.93746211476487 40.63548039019865)","genusspecies":"Ginkgo biloba - maidenhair tree"}},{"type":"Feature","geometry":{"type":"Point","coordinates":[-73.93747144393107,40.63558401216271]},"properties":{"tpcondition":"Fair","stumpdiameter":null,"riskratingdate":"2022-05-10 18:21:39.0000000","riskrating":"5","objectid":"5294611","globalid":"FBF811AA-A13C-4CD0-AC86-F4E92876FDBF","tpstructure":"Full","plantingspaceglobalid":"4ED76B62-044F-4823-A6ED-1E254629F518","createddate":"2018-04-06 11:13:19.0000000","dbh":"10","planteddate":null,"updateddate":"2022-05-10 18:21:39.0000000","geometry":"POINT(-73.93747144393107 40.63558401216271)","genusspecies":"Ginkgo biloba - maidenhair tree"}},{"type":"Feature","geometry":{"type":"Point","coordinates":[-73.93748874879914,40.63579946226503]},"properties":{"tpcondition":"Good","stumpdiameter":null,"riskratingdate":null,"riskrating":null,"objectid":"5294612","globalid":"B28FA3B3-69DB-4193-9878-E15677FBAC57","tpstructure":"Full","plantingspaceglobalid":"67F07F4C-E43F-4836-8C0D-1E5F8922222F","createddate":"2018-04-06 11:09:38.0000000","dbh":"14","planteddate":null,"updateddate":"2018-04-06 11:10:03.0000000","geometry":"POINT(-73.93748874879914 40.63579946226503)","genusspecies":"Ginkgo biloba - maidenhair tree"}},{"type":"Feature","geometry":{"type":"Point","coordinates":[-73.9375342247954,40.63613188193288]},"properties":{"tpcondition":"Good","stumpdiameter":null,"riskratingdate":null,"riskrating":null,"objectid":"5294613","globalid":"FF68FC17-368A-405D-8C14-85DD866F9823","tpstructure":"Full","plantingspaceglobalid":"863C9C7B-A6FD-4579-989E-DF5C5B77AA18","createddate":"2018-04-06 11:08:35.0000000","dbh":"10","planteddate":null,"updateddate":"2018-04-06 11:08:52.0000000","geometry":"POINT(-73.9375342247954 40.63613188193288)","genusspecies":"Ginkgo biloba - maidenhair tree"}},{"type":"Feature","geometry":{"type":"Point","coordinates":[-73.93754220157105,40.636242684200056]},"properties":{"tpcondition":"Fair","stumpdiameter":null,"riskratingdate":null,"riskrating":null,"objectid":"5294614","globalid":"66686127-557C-4EF5-8E91-3A840188400B","tpstructure":"Full","plantingspaceglobalid":"B69D43A3-3A36-439D-B0AC-BCB295C505B5","createddate":"2018-04-06 11:07:50.0000000","dbh":"10","planteddate":null,"updateddate":"2018-04-06 11:07:55.0000000","geometry":"POINT(-73.93754220157105 40.636242684200056)","genusspecies":"Ginkgo biloba - maidenhair tree"}},{"type":"Feature","geometry":{"type":"Point","coordinates":[-73.93754882907646,40.636355538033236]},"properties":{"tpcondition":"Good","stumpdiameter":null,"riskratingdate":null,"riskrating":null,"objectid":"5294615","globalid":"9A0DBAA0-5BF2-4343-9AF8-17FB687FD03B","tpstructure":"Full","plantingspaceglobalid":"D3DD7683-2A85-46E6-991D-D8615ECD8FD4","createddate":"2018-04-06 11:05:38.0000000","dbh":"13","planteddate":null,"updateddate":"2018-04-06 11:07:02.0000000","geometry":"POINT(-73.93754882907646 40.636355538033236)","genusspecies":"Ginkgo biloba - maidenhair tree"}},{"type":"Feature","geometry":{"type":"Point","coordinates":[-73.93756993823561,40.636535259325555]},"properties":{"tpcondition":"Unknown","stumpdiameter":null,"riskratingdate":null,"riskrating":null,"objectid":"5294616","globalid":"7C219FFE-E626-4755-BF56-EB8242382C2C","tpstructure":"Retired","plantingspaceglobalid":"1434CAFA-305C-4DA0-9230-6CA9850BF09E","createddate":"2018-04-06 11:03:52.0000000","dbh":"3","planteddate":null,"updateddate":"2018-11-05 19:29:57.0000000","geometry":"POINT(-73.93756993823561 40.636535259325555)","genusspecies":"Cercidiphyllum japonicum - katsura tree"}},{"type":"Feature","geometry":{"type":"Point","coordinates":[-73.93760462338763,40.63862488421217]},"properties":{"tpcondition":"Excellent","stumpdiameter":null,"riskratingdate":null,"riskrating":null,"objectid":"5294617","globalid":"DF345D32-A308-4F84-A45D-E7DF1A12FADD","tpstructure":"Full","plantingspaceglobalid":"505E381E-DD64-4EC2-92DC-2DA08B58A651","createddate":"2018-04-06 10:54:00.0000000","dbh":"3","planteddate":"2017-06-08 04:00:00.0000000","updateddate":"2019-03-13 17:01:00.0000000","geometry":"POINT(-73.93760462338763 40.63862488421217)","genusspecies":"Ginkgo biloba - maidenhair tree"}},{"type":"Feature","geometry":{"type":"Point","coordinates":[-73.93759537355491,40.63848311265517]},"properties":{"tpcondition":"Excellent","stumpdiameter":null,"riskratingdate":null,"riskrating":null,"objectid":"5294618","globalid":"7D12EA6A-BA42-42E5-85EB-E75BAAF9ED53","tpstructure":"Full","plantingspaceglobalid":"B8FDCFDE-A9F1-474B-888D-CC6AFB499CB1","createddate":"2018-04-06 10:53:00.0000000","dbh":"3","planteddate":"2017-06-08 04:00:00.0000000","updateddate":"2019-03-13 14:49:00.0000000","geometry":"POINT(-73.93759537355491 40.63848311265517)","genusspecies":"Ginkgo biloba - maidenhair tree"}},{"type":"Feature","geometry":{"type":"Point","coordinates":[-73.93967492637776,40.636697150280554]},"properties":{"tpcondition":"Good","stumpdiameter":null,"riskratingdate":null,"riskrating":null,"objectid":"5294619","globalid":"E43DD96C-E0DD-4774-AE93-5546256808B3","tpstructure":"Full","plantingspaceglobalid":"CDDFDA68-1055-4A5D-928E-7BF929226F39","createddate":"2018-04-05 13:38:33.0000000","dbh":"4","planteddate":null,"updateddate":"2018-04-05 16:13:39.0000000","geometry":"POINT(-73.93967492637776 40.636697150280554)","genusspecies":"Prunus - Cherry"}},{"type":"Feature","geometry":{"type":"Point","coordinates":[-73.9395634323244,40.636870912841054]},"properties":{"tpcondition":"Fair","stumpdiameter":null,"riskratingdate":"2020-03-17 17:12:57.0000000","riskrating":"6","objectid":"5294620","globalid":"47E41A97-0037-410A-8583-F5FFB3ED5E0D","tpstructure":"Full","plantingspaceglobalid":"0E082F04-0190-471B-9DD7-E2FB97F71C8A","createddate":"2018-04-05 13:34:09.0000000","dbh":"4","planteddate":null,"updateddate":"2020-03-17 17:12:57.0000000","geometry":"POINT(-73.9395634323244 40.636870912841054)","genusspecies":"Cercis canadensis - eastern redbud"}},{"type":"Feature","geometry":{"type":"Point","coordinates":[-73.9409033742818,40.63912525855667]},"properties":{"tpcondition":"Dead","stumpdiameter":null,"riskratingdate":"2018-06-19 11:09:00.0000000","riskrating":"6","objectid":"5294622","globalid":"02B02470-0EC2-47C3-B753-965953FD1A83","tpstructure":"Retired","plantingspaceglobalid":"0E2A8D39-EA60-43CE-B49C-6C6A33FF8174","createddate":"2018-04-05 13:20:00.0000000","dbh":"2","planteddate":null,"updateddate":"2019-01-22 16:19:00.0000000","geometry":"POINT(-73.9409033742818 40.63912525855667)","genusspecies":"Prunus - Cherry"}},{"type":"Feature","geometry":{"type":"Point","coordinates":[-73.93903816537376,40.63924375113421]},"properties":{"tpcondition":"Good","stumpdiameter":null,"riskratingdate":null,"riskrating":null,"objectid":"5294623","globalid":"5EAE9E55-1929-40C8-89CD-B438B3397550","tpstructure":"Full","plantingspaceglobalid":"01FDDE73-A3E1-4B3E-9047-AAFA64176B06","createddate":"2018-04-05 13:17:00.0000000","dbh":"2","planteddate":"2017-06-13 04:00:00.0000000","updateddate":"2019-03-27 13:24:00.0000000","geometry":"POINT(-73.93903816537376 40.63924375113421)","genusspecies":"Prunus - Cherry"}},{"type":"Feature","geometry":{"type":"Point","coordinates":[-73.93895996832121,40.63924787944084]},"properties":{"tpcondition":"Unknown","stumpdiameter":null,"riskratingdate":null,"riskrating":null,"objectid":"5294624","globalid":"92AE516B-90D3-4A37-BF47-6339770D1CAB","tpstructure":"Retired","plantingspaceglobalid":"ECD49CC6-96A9-4B9F-B2B9-F0E1E5F25502","createddate":"2018-04-05 13:16:00.0000000","dbh":"1","planteddate":"2017-06-13 04:00:00.0000000","updateddate":"2020-02-10 21:23:00.0000000","geometry":"POINT(-73.93895996832121 40.63924787944084)","genusspecies":"Prunus 'Mt Fuji' - 'Mt Fuji' Cherry"}},{"type":"Feature","geometry":{"type":"Point","coordinates":[-73.93861354972533,40.63903667467306]},"properties":{"tpcondition":"Good","stumpdiameter":null,"riskratingdate":null,"riskrating":null,"objectid":"5294625","globalid":"841D80F2-3381-4662-9EB8-C103A75C8151","tpstructure":"Full","plantingspaceglobalid":"B0D83F68-FF03-4C1E-96FB-FDA4B8F5DEBA","createddate":"2018-04-05 13:14:59.0000000","dbh":"25","planteddate":null,"updateddate":"2018-04-06 07:30:26.0000000","geometry":"POINT(-73.93861354972533 40.63903667467306)","genusspecies":"Quercus palustris - pin oak"}},{"type":"Feature","geometry":{"type":"Point","coordinates":[-73.93860619592508,40.638964446253674]},"properties":{"tpcondition":"Good","stumpdiameter":null,"riskratingdate":null,"riskrating":null,"objectid":"5294626","globalid":"8DFAFF97-B8FE-4B62-8197-0F59DAE07F3C","tpstructure":"Full","plantingspaceglobalid":"58771EC2-FD21-4D83-AEA1-C8655879F01E","createddate":"2018-04-05 13:13:07.0000000","dbh":"16","planteddate":null,"updateddate":"2018-04-06 07:29:56.0000000","geometry":"POINT(-73.93860619592508 40.638964446253674)","genusspecies":"Quercus palustris - pin oak"}},{"type":"Feature","geometry":{"type":"Point","coordinates":[-73.93859556895465,40.63886646655272]},"properties":{"tpcondition":"Good","stumpdiameter":null,"riskratingdate":null,"riskrating":null,"objectid":"5294627","globalid":"745B5B22-178D-4C58-A64C-02A91CFBDD44","tpstructure":"Full","plantingspaceglobalid":"5EC2B5EA-B68C-48F9-80DA-7513FBA5E28B","createddate":"2018-04-05 13:12:06.0000000","dbh":"3","planteddate":null,"updateddate":"2018-04-06 07:29:00.0000000","geometry":"POINT(-73.93859556895465 40.63886646655272)","genusspecies":"Quercus palustris - pin oak"}},{"type":"Feature","geometry":{"type":"Point","coordinates":[-73.93858572271034,40.63881496222877]},"properties":{"tpcondition":"Good","stumpdiameter":null,"riskratingdate":null,"riskrating":null,"objectid":"5294628","globalid":"74215056-1E5A-4185-83A3-36C294EFE49C","tpstructure":"Full","plantingspaceglobalid":"45994C7F-A089-4257-8BAE-346AF9421353","createddate":"2018-04-05 13:11:09.0000000","dbh":"17","planteddate":null,"updateddate":"2018-04-06 07:28:30.0000000","geometry":"POINT(-73.93858572271034 40.63881496222877)","genusspecies":"Styphnolobium japonicum - Japanese pagoda tree"}},{"type":"Feature","geometry":{"type":"Point","coordinates":[-73.93857840133703,40.638707563952195]},"properties":{"tpcondition":"Good","stumpdiameter":null,"riskratingdate":null,"riskrating":null,"objectid":"5294629","globalid":"5CBA146E-A0E0-43D3-9558-4BC27E7D1B65","tpstructure":"Full","plantingspaceglobalid":"62F0B4D0-38A0-4007-BCDF-9BE0AF61171A","createddate":"2018-04-05 13:10:16.0000000","dbh":"12","planteddate":null,"updateddate":"2018-04-06 07:27:21.0000000","geometry":"POINT(-73.93857840133703 40.638707563952195)","genusspecies":"Styphnolobium japonicum - Japanese pagoda tree"}},{"type":"Feature","geometry":{"type":"Point","coordinates":[-73.93855791496291,40.63857252492474]},"properties":{"tpcondition":"Good","stumpdiameter":null,"riskratingdate":null,"riskrating":null,"objectid":"5294630","globalid":"9C20AA05-2572-4592-8B81-6739809AD092","tpstructure":"Full","plantingspaceglobalid":"8A52C996-AA40-4E70-8F82-6B0A73925348","createddate":"2018-04-05 13:08:52.0000000","dbh":"3","planteddate":null,"updateddate":"2018-04-06 07:26:20.0000000","geometry":"POINT(-73.93855791496291 40.63857252492474)","genusspecies":"Quercus palustris - pin oak"}},{"type":"Feature","geometry":{"type":"Point","coordinates":[-73.93855796238121,40.638521025882746]},"properties":{"tpcondition":"Good","stumpdiameter":null,"riskratingdate":"2018-11-13 12:10:30.0000000","riskrating":"7","objectid":"5294631","globalid":"D5620BA2-886F-41C7-9218-F30D50F71780","tpstructure":"Full","plantingspaceglobalid":"7BFC6696-9668-46D9-8835-985A0C5447EC","createddate":"2018-04-05 13:05:51.0000000","dbh":"11","planteddate":null,"updateddate":"2018-11-13 17:10:31.0000000","geometry":"POINT(-73.93855796238121 40.638521025882746)","genusspecies":"Styphnolobium japonicum - Japanese pagoda tree"}},{"type":"Feature","geometry":{"type":"Point","coordinates":[-73.93854486429993,40.638419904357924]},"properties":{"tpcondition":"Good","stumpdiameter":null,"riskratingdate":null,"riskrating":null,"objectid":"5294632","globalid":"CAFFEEBD-0D10-46E3-903E-65E36CE3D0C9","tpstructure":"Full","plantingspaceglobalid":"696B3339-69F4-44D2-90D1-E622D533B4D9","createddate":"2018-04-05 13:04:54.0000000","dbh":"10","planteddate":null,"updateddate":"2018-04-06 07:24:56.0000000","geometry":"POINT(-73.93854486429993 40.638419904357924)","genusspecies":"Quercus palustris - pin oak"}},{"type":"Feature","geometry":{"type":"Point","coordinates":[-73.93853426180284,40.638295547253975]},"properties":{"tpcondition":"Good","stumpdiameter":null,"riskratingdate":null,"riskrating":null,"objectid":"5294633","globalid":"904A06DB-2EC0-4360-875E-DB91725FCE80","tpstructure":"Full","plantingspaceglobalid":"5E78B671-56C9-46D4-B8C0-A50F055D8020","createddate":"2018-04-05 13:04:08.0000000","dbh":"3","planteddate":null,"updateddate":"2018-04-06 07:24:06.0000000","geometry":"POINT(-73.93853426180284 40.638295547253975)","genusspecies":"Quercus bicolor - swamp white oak"}},{"type":"Feature","geometry":{"type":"Point","coordinates":[-73.93853017973424,40.63825158273106]},"properties":{"tpcondition":"Good","stumpdiameter":null,"riskratingdate":null,"riskrating":null,"objectid":"5294634","globalid":"46320552-B290-4C2E-84F5-35FF27516044","tpstructure":"Full","plantingspaceglobalid":"5A343653-8C15-4B8F-9FF9-64B0C8C9753D","createddate":"2018-04-05 13:01:29.0000000","dbh":"19","planteddate":null,"updateddate":"2018-04-06 07:24:22.0000000","geometry":"POINT(-73.93853017973424 40.63825158273106)","genusspecies":"Quercus velutina - black oak"}},{"type":"Feature","geometry":{"type":"Point","coordinates":[-73.93851709389953,40.63813727250415]},"properties":{"tpcondition":"Good","stumpdiameter":null,"riskratingdate":null,"riskrating":null,"objectid":"5294635","globalid":"63899BBD-36DF-4B2C-B429-90AC0E258F5F","tpstructure":"Full","plantingspaceglobalid":"892A99D5-88BE-4D68-8B91-42F3907CAC99","createddate":"2018-04-05 12:59:24.0000000","dbh":"7","planteddate":null,"updateddate":"2018-04-06 07:23:32.0000000","geometry":"POINT(-73.93851709389953 40.63813727250415)","genusspecies":"Zelkova serrata - Japanese zelkova"}},{"type":"Feature","geometry":{"type":"Point","coordinates":[-73.93850646140412,40.63804557319922]},"properties":{"tpcondition":"Good","stumpdiameter":null,"riskratingdate":null,"riskrating":null,"objectid":"5294636","globalid":"404B7BBB-2C0A-4DE3-9904-D10772796880","tpstructure":"Full","plantingspaceglobalid":"60F510D0-5BBC-4211-BB1A-9CB11E916DFA","createddate":"2018-04-05 12:58:06.0000000","dbh":"3","planteddate":null,"updateddate":"2018-04-06 07:22:49.0000000","geometry":"POINT(-73.93850646140412 40.63804557319922)","genusspecies":"Quercus palustris - pin oak"}},{"type":"Feature","geometry":{"type":"Point","coordinates":[-73.93849175774272,40.637897348539546]},"properties":{"tpcondition":"Good","stumpdiameter":null,"riskratingdate":null,"riskrating":null,"objectid":"5294637","globalid":"2C1F0D3F-3080-4D5A-B05E-76E545E17405","tpstructure":"Full","plantingspaceglobalid":"C57CA455-77FA-4E8D-8035-066C3826DB08","createddate":"2018-04-05 12:56:46.0000000","dbh":"21","planteddate":null,"updateddate":"2018-04-06 07:22:16.0000000","geometry":"POINT(-73.93849175774272 40.637897348539546)","genusspecies":"Quercus palustris - pin oak"}},{"type":"Feature","geometry":{"type":"Point","coordinates":[-73.93847783278208,40.6377993670519]},"properties":{"tpcondition":"Good","stumpdiameter":null,"riskratingdate":null,"riskrating":null,"objectid":"5294638","globalid":"2F215A3B-3617-4DD0-8016-F5EF72C9FAEA","tpstructure":"Full","plantingspaceglobalid":"8CBACEE3-10C5-40AD-8CB6-2ADCDD1D2F3D","createddate":"2018-04-05 12:55:22.0000000","dbh":"16","planteddate":null,"updateddate":"2018-04-06 07:21:00.0000000","geometry":"POINT(-73.93847783278208 40.6377993670519)","genusspecies":"Quercus palustris - pin oak"}},{"type":"Feature","geometry":{"type":"Point","coordinates":[-73.93847128742796,40.63774535242577]},"properties":{"tpcondition":"Good","stumpdiameter":null,"riskratingdate":null,"riskrating":null,"objectid":"5294639","globalid":"ADBAB077-D760-4C8D-AB9E-F3E1B1C8DA22","tpstructure":"Full","plantingspaceglobalid":"5376FF88-0BB8-4960-9444-9B60D526C1A7","createddate":"2018-04-05 12:54:24.0000000","dbh":"3","planteddate":null,"updateddate":"2018-04-06 07:21:26.0000000","geometry":"POINT(-73.93847128742796 40.63774535242577)","genusspecies":"Quercus bicolor - swamp white oak"}},{"type":"Feature","geometry":{"type":"Point","coordinates":[-73.93846806745391,40.63766119380796]},"properties":{"tpcondition":"Good","stumpdiameter":null,"riskratingdate":null,"riskrating":null,"objectid":"5294640","globalid":"6428E1AD-78EC-4874-8590-A49EDE16E50A","tpstructure":"Full","plantingspaceglobalid":"E3D913F9-84C3-4041-B8C5-EEDFD3951C05","createddate":"2018-04-05 12:53:41.0000000","dbh":"21","planteddate":null,"updateddate":"2018-04-06 07:20:24.0000000","geometry":"POINT(-73.93846806745391 40.63766119380796)","genusspecies":"Quercus palustris - pin oak"}},{"type":"Feature","geometry":{"type":"Point","coordinates":[-73.9384533170438,40.63756383974316]},"properties":{"tpcondition":"Good","stumpdiameter":null,"riskratingdate":null,"riskrating":null,"objectid":"5294641","globalid":"95B695BB-EFF0-4BE5-8B58-8EC388AD220B","tpstructure":"Full","plantingspaceglobalid":"F9EA59E1-6E6C-46A0-89B8-AFE9E5618656","createddate":"2018-04-05 12:51:31.0000000","dbh":"16","planteddate":null,"updateddate":"2018-04-06 07:19:23.0000000","geometry":"POINT(-73.9384533170438 40.63756383974316)","genusspecies":"Quercus palustris - pin oak"}},{"type":"Feature","geometry":{"type":"Point","coordinates":[-73.9384451517136,40.637479050033974]},"properties":{"tpcondition":"Good","stumpdiameter":null,"riskratingdate":null,"riskrating":null,"objectid":"5294642","globalid":"0F3FDC50-D1E5-4F4A-867A-A7AF3D050501","tpstructure":"Full","plantingspaceglobalid":"B9E24E43-569C-481C-878A-EC008A4AF4B9","createddate":"2018-04-05 12:50:31.0000000","dbh":"14","planteddate":null,"updateddate":"2018-04-06 07:18:15.0000000","geometry":"POINT(-73.9384451517136 40.637479050033974)","genusspecies":"Quercus palustris - pin oak"}},{"type":"Feature","geometry":{"type":"Point","coordinates":[-73.93843286198452,40.637395514427304]},"properties":{"tpcondition":"Good","stumpdiameter":null,"riskratingdate":null,"riskrating":null,"objectid":"5294643","globalid":"73DA31AD-A9F4-40E7-A669-492B2EDC4EB0","tpstructure":"Full","plantingspaceglobalid":"AD728482-19F7-4946-91B2-434C9CFF10BF","createddate":"2018-04-05 12:48:59.0000000","dbh":"15","planteddate":null,"updateddate":"2018-04-06 07:16:13.0000000","geometry":"POINT(-73.93843286198452 40.637395514427304)","genusspecies":"Quercus palustris - pin oak"}},{"type":"Feature","geometry":{"type":"Point","coordinates":[-73.9384173100876,40.63727366670069]},"properties":{"tpcondition":"Good","stumpdiameter":null,"riskratingdate":null,"riskrating":null,"objectid":"5294644","globalid":"CE699AFE-CE52-41C2-8501-A40698B8AFEB","tpstructure":"Full","plantingspaceglobalid":"F8E521DE-B1CC-46F8-A2EA-5A213F8AADF9","createddate":"2018-04-05 12:47:25.0000000","dbh":"16","planteddate":null,"updateddate":"2018-04-06 07:15:36.0000000","geometry":"POINT(-73.9384173100876 40.63727366670069)","genusspecies":"Quercus palustris - pin oak"}},{"type":"Feature","geometry":{"type":"Point","coordinates":[-73.93841569704279,40.63723535546582]},"properties":{"tpcondition":"Good","stumpdiameter":null,"riskratingdate":null,"riskrating":null,"objectid":"5294645","globalid":"4ADA5F55-B055-4534-B243-40A04F561775","tpstructure":"Full","plantingspaceglobalid":"9B743121-0BBB-496A-A924-AA89FD38802A","createddate":"2018-04-05 12:46:20.0000000","dbh":"17","planteddate":null,"updateddate":"2018-04-06 07:13:26.0000000","geometry":"POINT(-73.93841569704279 40.63723535546582)","genusspecies":"Quercus palustris - pin oak"}},{"type":"Feature","geometry":{"type":"Point","coordinates":[-73.93844869721217,40.637210251467735]},"properties":{"tpcondition":"Good","stumpdiameter":null,"riskratingdate":null,"riskrating":null,"objectid":"5294646","globalid":"D5C1CA5C-584A-4FA8-A459-6E8FA6816849","tpstructure":"Full","plantingspaceglobalid":"93F476FC-024A-437A-8241-CA3D730D817A","createddate":"2018-04-05 12:45:28.0000000","dbh":"13","planteddate":null,"updateddate":"2018-04-06 07:14:37.0000000","geometry":"POINT(-73.93844869721217 40.637210251467735)","genusspecies":"Quercus palustris - pin oak"}},{"type":"Feature","geometry":{"type":"Point","coordinates":[-73.93841083613036,40.637142403493534]},"properties":{"tpcondition":"Good","stumpdiameter":null,"riskratingdate":null,"riskrating":null,"objectid":"5294647","globalid":"04CDA9FD-C709-492D-B0F3-A2C4ECB38E73","tpstructure":"Full","plantingspaceglobalid":"306F1B0C-6725-4B3D-9DDD-45696FE6B915","createddate":"2018-04-05 12:42:58.0000000","dbh":"3","planteddate":null,"updateddate":"2018-04-06 07:15:10.0000000","geometry":"POINT(-73.93841083613036 40.637142403493534)","genusspecies":"Quercus palustris - pin oak"}},{"type":"Feature","geometry":{"type":"Point","coordinates":[-73.93811318192766,40.63283293258624]},"properties":{"tpcondition":"Good","stumpdiameter":null,"riskratingdate":null,"riskrating":null,"objectid":"5294648","globalid":"C7E19517-2983-4B9A-BF74-6BCB85C39C92","tpstructure":"Full","plantingspaceglobalid":"E17CEAB8-2553-498A-AFCF-F17FF7B9D788","createddate":"2018-04-05 12:06:52.0000000","dbh":"2","planteddate":null,"updateddate":"2018-04-05 12:07:07.0000000","geometry":"POINT(-73.93811318192766 40.63283293258624)","genusspecies":"Tilia americana - American basswood"}},{"type":"Feature","geometry":{"type":"Point","coordinates":[-74.12018392835651,40.639488438570595]},"properties":{"tpcondition":"Good","stumpdiameter":null,"riskratingdate":null,"riskrating":null,"objectid":"5294649","globalid":"1F7AA440-6EBC-4DA6-924A-0E72EADA057E","tpstructure":"Full","plantingspaceglobalid":"086122B5-9128-4948-AEF6-CB1F87AAF601","createddate":"2018-04-06 11:19:34.0000000","dbh":"52","planteddate":null,"updateddate":"2021-09-30 14:50:11.0000000","geometry":"POINT(-74.12018392835651 40.639488438570595)","genusspecies":"Platanus x acerifolia 'Bloodgood' - 'Bloodgood' London planetree"}},{"type":"Feature","geometry":{"type":"Point","coordinates":[-73.77247916348425,40.74955906127548]},"properties":{"tpcondition":"Good","stumpdiameter":null,"riskratingdate":"2025-11-04 15:36:04.0000000","riskrating":"8","objectid":"5294650","globalid":"C13EB43E-1783-40DB-970A-E3BD068580DC","tpstructure":"Full","plantingspaceglobalid":"E7533A05-12EF-49EA-ACEE-EE91887AE7F0","createddate":"2018-04-06 11:54:05.0000000","dbh":"37","planteddate":null,"updateddate":"2025-11-04 15:36:04.0000000","geometry":"POINT(-73.77247916348425 40.74955906127548)","genusspecies":"Platanus x acerifolia - London planetree"}},{"type":"Feature","geometry":{"type":"Point","coordinates":[-73.77496580733158,40.75656765259961]},"properties":{"tpcondition":"Good","stumpdiameter":null,"riskratingdate":"2018-10-29 09:44:06.0000000","riskrating":"5","objectid":"5294651","globalid":"CE76A0B0-1EA0-40D2-8ABD-03594B05AA0F","tpstructure":"Full","plantingspaceglobalid":"FBB7C052-35AD-4D7B-9975-BD421D3B0B0C","createddate":"2018-04-06 11:14:54.0000000","dbh":"25","planteddate":null,"updateddate":"2018-11-28 19:44:09.0000000","geometry":"POINT(-73.77496580733158 40.75656765259961)","genusspecies":"Quercus palustris - pin oak"}},{"type":"Feature","geometry":{"type":"Point","coordinates":[-73.87108687616166,40.835117176068344]},"properties":{"tpcondition":"Fair","stumpdiameter":null,"riskratingdate":"2024-11-19 14:41:57.0000000","riskrating":"7","objectid":"5294652","globalid":"52900084-59A8-401F-B149-EFB7049B0A02","tpstructure":"Full","plantingspaceglobalid":"6F5C2FA3-6877-4772-B9BA-AEDB39C3A9F3","createddate":"2018-04-07 16:48:07.0000000","dbh":"5","planteddate":null,"updateddate":"2024-11-19 14:41:57.0000000","geometry":"POINT(-73.87108687616166 40.835117176068344)","genusspecies":"Ostrya virginiana - hophornbeam"}},{"type":"Feature","geometry":{"type":"Point","coordinates":[-73.87104411925284,40.83494309395036]},"properties":{"tpcondition":"Fair","stumpdiameter":null,"riskratingdate":"2024-11-19 14:43:06.0000000","riskrating":"7","objectid":"5294653","globalid":"D666B6AA-8BBF-4EE2-A762-6F400D064F31","tpstructure":"Full","plantingspaceglobalid":"40F71A24-3CED-4BF9-AFDD-1F63D7A6035B","createddate":"2018-04-07 16:47:27.0000000","dbh":"5","planteddate":null,"updateddate":"2024-11-19 14:43:06.0000000","geometry":"POINT(-73.87104411925284 40.83494309395036)","genusspecies":"Carpinus betulus 'Emerald Avenue' - 'Emerald Avenue' European hornbeam"}},{"type":"Feature","geometry":{"type":"Point","coordinates":[-73.87095035901565,40.83516754443386]},"properties":{"tpcondition":"Fair","stumpdiameter":null,"riskratingdate":"2024-11-19 14:54:39.0000000","riskrating":"3","objectid":"5294654","globalid":"F8A9567D-2C50-44EF-89FC-62EA0D3E5230","tpstructure":"Full","plantingspaceglobalid":"EFF533EE-BA5F-4702-8944-68B0F01F590F","createddate":"2018-04-07 16:45:07.0000000","dbh":"5","planteddate":null,"updateddate":"2024-11-19 14:54:39.0000000","geometry":"POINT(-73.87095035901565 40.83516754443386)","genusspecies":"Gymnocladus dioicus - Kentucky coffeetree"}},{"type":"Feature","geometry":{"type":"Point","coordinates":[-73.87097292034606,40.8352610860871]},"properties":{"tpcondition":"Fair","stumpdiameter":null,"riskratingdate":"2024-11-19 14:55:39.0000000","riskrating":"7","objectid":"5294655","globalid":"D091D65B-0476-44D7-ACCC-B1809CF65578","tpstructure":"Full","plantingspaceglobalid":"BF958943-1DE9-4646-9177-05CD0728F02F","createddate":"2018-04-07 16:44:14.0000000","dbh":"6","planteddate":null,"updateddate":"2024-11-19 14:55:39.0000000","geometry":"POINT(-73.87097292034606 40.8352610860871)","genusspecies":"Gymnocladus dioicus - Kentucky coffeetree"}},{"type":"Feature","geometry":{"type":"Point","coordinates":[-73.87094027879259,40.83510856583093]},"properties":{"tpcondition":"Dead","stumpdiameter":"2","riskratingdate":"2023-07-31 11:49:37.0000000","riskrating":"7","objectid":"5294656","globalid":"9F813BCA-5C56-420B-B6D0-0CAF9015319C","tpstructure":"Stump","plantingspaceglobalid":"396FA345-70AD-42A4-A00E-2B0234A1F931","createddate":"2018-04-07 16:43:15.0000000","dbh":null,"planteddate":null,"updateddate":"2024-10-03 15:25:37.0000000","geometry":"POINT(-73.87094027879259 40.83510856583093)","genusspecies":"Gymnocladus dioicus - Kentucky coffeetree"}},{"type":"Feature","geometry":{"type":"Point","coordinates":[-73.87088191865344,40.83487262720768]},"properties":{"tpcondition":"Fair","stumpdiameter":null,"riskratingdate":"2024-11-19 14:52:36.0000000","riskrating":"7","objectid":"5294657","globalid":"0F8AFBB5-0F6D-4DFE-8B08-84979B4F0366","tpstructure":"Full","plantingspaceglobalid":"B3D0B506-BFE8-4001-86B8-7A1395F7F9FF","createddate":"2018-04-07 16:42:19.0000000","dbh":"6","planteddate":null,"updateddate":"2024-11-19 14:52:36.0000000","geometry":"POINT(-73.87088191865344 40.83487262720768)","genusspecies":"Gymnocladus dioicus - Kentucky coffeetree"}},{"type":"Feature","geometry":{"type":"Point","coordinates":[-73.87091532515088,40.83503586931074]},"properties":{"tpcondition":"Fair","stumpdiameter":null,"riskratingdate":"2024-11-19 14:53:46.0000000","riskrating":"3","objectid":"5294658","globalid":"B7C3E5C3-8A5E-48CC-A723-BC2469EE5FBC","tpstructure":"Full","plantingspaceglobalid":"42AFD245-DE37-4308-B948-4769122BBD36","createddate":"2018-04-07 16:41:54.0000000","dbh":"6","planteddate":null,"updateddate":"2024-11-19 14:53:46.0000000","geometry":"POINT(-73.87091532515088 40.83503586931074)","genusspecies":"Gymnocladus dioicus - Kentucky coffeetree"}},{"type":"Feature","geometry":{"type":"Point","coordinates":[-73.87447265042081,40.832622210179935]},"properties":{"tpcondition":"Dead","stumpdiameter":"3","riskratingdate":"2024-05-14 14:41:00.0000000","riskrating":"3","objectid":"5294659","globalid":"EC65789A-65DD-4CE5-9B8D-1D1BB2B0BD88","tpstructure":"Retired","plantingspaceglobalid":"D26FD4DF-49CF-49E3-A08D-1287716857D1","createddate":"2018-04-07 13:58:00.0000000","dbh":"0","planteddate":null,"updateddate":"2024-11-19 15:36:00.0000000","geometry":"POINT(-73.87447265042081 40.832622210179935)","genusspecies":"Eucommia ulmoides - Hardy Rubber Tree"}},{"type":"Feature","geometry":{"type":"Point","coordinates":[-73.87459968651147,40.83315829229124]},"properties":{"tpcondition":"Dead","stumpdiameter":"3","riskratingdate":"2022-09-19 13:23:00.0000000","riskrating":"6","objectid":"5294660","globalid":"C22A64AF-89D1-4A23-9DDB-C9454595E44E","tpstructure":"Retired","plantingspaceglobalid":"9D8FA3F3-6142-43D0-81E3-36E63C008EF7","createddate":"2018-04-07 13:54:00.0000000","dbh":"0","planteddate":null,"updateddate":"2024-11-19 15:38:00.0000000","geometry":"POINT(-73.87459968651147 40.83315829229124)","genusspecies":"Eucommia ulmoides - Hardy Rubber Tree"}},{"type":"Feature","geometry":{"type":"Point","coordinates":[-73.87447939583778,40.8342595542213]},"properties":{"tpcondition":"Good","stumpdiameter":null,"riskratingdate":"2024-07-29 18:45:30.0000000","riskrating":"7","objectid":"5294661","globalid":"EB0B8002-1A62-4026-BD8F-E1A384816AC7","tpstructure":"Full","plantingspaceglobalid":"FF65A188-B688-430B-92B7-1D0A274F33FF","createddate":"2018-04-07 13:45:42.0000000","dbh":"10","planteddate":null,"updateddate":"2024-10-03 11:56:29.0000000","geometry":"POINT(-73.87447939583778 40.8342595542213)","genusspecies":"Fraxinus americana - white ash"}},{"type":"Feature","geometry":{"type":"Point","coordinates":[-73.87455078336374,40.834247719261285]},"properties":{"tpcondition":"Fair","stumpdiameter":null,"riskratingdate":"2024-07-29 18:46:28.0000000","riskrating":"7","objectid":"5294662","globalid":"D06321C1-1417-4272-97E7-ACC0C53FE795","tpstructure":"Full","plantingspaceglobalid":"F339466C-ECB3-460F-911D-73C818FDE9A3","createddate":"2018-04-07 13:44:10.0000000","dbh":"14","planteddate":null,"updateddate":"2024-10-03 11:55:37.0000000","geometry":"POINT(-73.87455078336374 40.834247719261285)","genusspecies":"Fraxinus americana - white ash"}},{"type":"Feature","geometry":{"type":"Point","coordinates":[-73.87564418047187,40.829456219719454]},"properties":{"tpcondition":"Good","stumpdiameter":null,"riskratingdate":null,"riskrating":null,"objectid":"5294663","globalid":"0F102A25-F86F-4D7D-A3E5-6527D51F4A00","tpstructure":"Retired","plantingspaceglobalid":"C7B9CC73-3A9C-4DEA-9E1F-6EEBCC0686C5","createddate":"2018-04-07 11:42:00.0000000","dbh":"2","planteddate":null,"updateddate":"2024-11-19 16:54:00.0000000","geometry":"POINT(-73.87564418047187 40.829456219719454)","genusspecies":"Ostrya virginiana - hophornbeam"}},{"type":"Feature","geometry":{"type":"Point","coordinates":[-73.87584235088758,40.83035907265195]},"properties":{"tpcondition":"Unknown","stumpdiameter":null,"riskratingdate":null,"riskrating":null,"objectid":"5294664","globalid":"EA7BFE44-87F0-4196-8C80-7C3D77A7C261","tpstructure":"Retired","plantingspaceglobalid":"9201A368-0E69-4942-855E-8E8444924E44","createddate":"2018-04-07 11:30:00.0000000","dbh":"2","planteddate":null,"updateddate":"2023-05-23 15:24:00.0000000","geometry":"POINT(-73.87584235088758 40.83035907265195)","genusspecies":"Fagus grandifolia - American beech"}},{"type":"Feature","geometry":{"type":"Point","coordinates":[-73.87573491540573,40.83051195999131]},"properties":{"tpcondition":"Good","stumpdiameter":null,"riskratingdate":null,"riskrating":null,"objectid":"5294665","globalid":"87D71466-8D3F-47A3-95CA-7764A988AA35","tpstructure":"Full","plantingspaceglobalid":"A91CB4D0-90BE-4A84-BF61-7A7E004B0DEA","createddate":"2018-04-07 11:29:32.0000000","dbh":"2","planteddate":null,"updateddate":"2018-04-07 11:29:32.0000000","geometry":"POINT(-73.87573491540573 40.83051195999131)","genusspecies":"Quercus acutissima - sawtooth oak"}},{"type":"Feature","geometry":{"type":"Point","coordinates":[-73.8757035264141,40.83038231495434]},"properties":{"tpcondition":"Good","stumpdiameter":null,"riskratingdate":null,"riskrating":null,"objectid":"5294666","globalid":"9FD29194-8665-4516-BBD2-E3FACE15C74A","tpstructure":"Full","plantingspaceglobalid":"3BE90A6A-2737-41B2-AC6E-D453B4EAF2A5","createddate":"2018-04-07 11:29:04.0000000","dbh":"2","planteddate":null,"updateddate":"2018-04-07 11:29:05.0000000","geometry":"POINT(-73.8757035264141 40.83038231495434)","genusspecies":"Quercus acutissima - sawtooth oak"}},{"type":"Feature","geometry":{"type":"Point","coordinates":[-73.87595583794776,40.831469987562485]},"properties":{"tpcondition":"Good","stumpdiameter":null,"riskratingdate":null,"riskrating":null,"objectid":"5294667","globalid":"25126910-650A-41B6-B3CE-B8354F6C4468","tpstructure":"Full","plantingspaceglobalid":"B0BF33A2-9191-4782-9E8A-80529079A674","createddate":"2018-04-07 11:18:13.0000000","dbh":"2","planteddate":null,"updateddate":"2018-04-07 11:18:13.0000000","geometry":"POINT(-73.87595583794776 40.831469987562485)","genusspecies":"Quercus acutissima - sawtooth oak"}},{"type":"Feature","geometry":{"type":"Point","coordinates":[-73.9732696432057,40.79888328021697]},"properties":{"tpcondition":"Good","stumpdiameter":null,"riskratingdate":"2018-04-09 08:01:51.0000000","riskrating":"9","objectid":"5294668","globalid":"EEE567C8-AC9D-4ECC-B64E-76E4CC60EFBD","tpstructure":"Full","plantingspaceglobalid":"3AC4761B-0B1F-4BD5-A37B-02246680731E","createddate":"2018-04-09 08:01:29.0000000","dbh":"16","planteddate":null,"updateddate":"2018-04-09 08:01:51.0000000","geometry":"POINT(-73.9732696432057 40.79888328021697)","genusspecies":"Gleditsia triacanthos var. inermis - Thornless honeylocust"}},{"type":"Feature","geometry":{"type":"Point","coordinates":[-73.74188319074119,40.722463749923214]},"properties":{"tpcondition":"Dead","stumpdiameter":"15","riskratingdate":null,"riskrating":null,"objectid":"5295008","globalid":"2CF4AEEF-4957-4147-9E7B-FA4F207D0251","tpstructure":"Retired","plantingspaceglobalid":"2FA976FA-E014-4F67-BBC9-51194CF3F50E","createddate":"2018-04-06 12:35:52.0000000","dbh":"0","planteddate":null,"updateddate":"2018-04-12 09:48:12.0000000","geometry":"POINT(-73.74188319074119 40.722463749923214)","genusspecies":"Unknown - Unknown"}},{"type":"Feature","geometry":{"type":"Point","coordinates":[-73.73693878254713,40.73041722208329]},"properties":{"tpcondition":"Dead","stumpdiameter":"6","riskratingdate":null,"riskrating":null,"objectid":"5295009","globalid":"23766EEA-A8CD-4BC6-989B-599C7D1D6B70","tpstructure":"Retired","plantingspaceglobalid":"584919BC-D9C2-41BA-84AD-D69EDF88C8A5","createddate":"2018-04-06 12:32:28.0000000","dbh":"0","planteddate":null,"updateddate":"2018-04-12 09:53:00.0000000","geometry":"POINT(-73.73693878254713 40.73041722208329)","genusspecies":"Unknown - Unknown"}},{"type":"Feature","geometry":{"type":"Point","coordinates":[-73.7369810647575,40.73041731866966]},"properties":{"tpcondition":"Dead","stumpdiameter":"6","riskratingdate":null,"riskrating":null,"objectid":"5295010","globalid":"9AAB655F-4344-4F46-82BE-CF2DC0EE3532","tpstructure":"Retired","plantingspaceglobalid":"6A44E2A8-539F-427F-9BA8-540D537D085A","createddate":"2018-04-06 12:30:45.0000000","dbh":"0","planteddate":null,"updateddate":"2018-04-12 09:49:09.0000000","geometry":"POINT(-73.7369810647575 40.73041731866966)","genusspecies":"Unknown - Unknown"}},{"type":"Feature","geometry":{"type":"Point","coordinates":[-73.73818427653569,40.727198293643255]},"properties":{"tpcondition":"Dead","stumpdiameter":"15","riskratingdate":null,"riskrating":null,"objectid":"5295011","globalid":"58B4E64E-E695-41D7-A93C-682708A7A00F","tpstructure":"Retired","plantingspaceglobalid":"B94FF96D-FD33-4826-8D11-7F96B5D4891B","createddate":"2018-04-06 12:22:26.0000000","dbh":"0","planteddate":null,"updateddate":"2018-04-12 09:50:07.0000000","geometry":"POINT(-73.73818427653569 40.727198293643255)","genusspecies":"Unknown - Unknown"}},{"type":"Feature","geometry":{"type":"Point","coordinates":[-73.98405537143125,40.76487832827516]},"properties":{"tpcondition":"Good","stumpdiameter":null,"riskratingdate":"2025-03-21 13:26:18.0000000","riskrating":"6","objectid":"5295012","globalid":"6E4BEE87-7116-4D46-9F05-7C37E2AE4C94","tpstructure":"Full","plantingspaceglobalid":"C74BE850-504A-44DD-8A2B-78EC8FFF4FAD","createddate":"2018-04-09 14:53:17.0000000","dbh":"3","planteddate":null,"updateddate":"2025-03-21 13:26:18.0000000","geometry":"POINT(-73.98405537143125 40.76487832827516)","genusspecies":"Gleditsia triacanthos var. inermis - Thornless honeylocust"}},{"type":"Feature","geometry":{"type":"Point","coordinates":[-73.98594774663962,40.63852519592419]},"properties":{"tpcondition":"Good","stumpdiameter":null,"riskratingdate":"2018-04-09 12:22:20.0000000","riskrating":"6","objectid":"5295013","globalid":"B709B13C-C61D-4F76-B80F-36514846395F","tpstructure":"Full","plantingspaceglobalid":"A2B31D85-C789-4EE7-B593-11975BF373B6","createddate":"2018-04-09 12:21:20.0000000","dbh":"8","planteddate":null,"updateddate":"2019-01-29 18:28:18.0000000","geometry":"POINT(-73.98594774663962 40.63852519592419)","genusspecies":"Pyrus calleryana - Callery pear"}},{"type":"Feature","geometry":{"type":"Point","coordinates":[-73.98181237715961,40.6445918485634]},"properties":{"tpcondition":"Fair","stumpdiameter":null,"riskratingdate":"2018-04-09 11:21:00.0000000","riskrating":"6","objectid":"5295014","globalid":"529F9123-866A-4454-826E-721D7DF76059","tpstructure":"Retired","plantingspaceglobalid":"DADC0E43-B67B-43AF-BD8C-841EDCB1B85E","createddate":"2018-04-09 11:19:00.0000000","dbh":"17","planteddate":null,"updateddate":"2024-12-04 20:10:00.0000000","geometry":"POINT(-73.98181237715961 40.6445918485634)","genusspecies":"Platanus x acerifolia - London planetree"}},{"type":"Feature","geometry":{"type":"Point","coordinates":[-73.86970514094726,40.83415165965566]},"properties":{"tpcondition":"Fair","stumpdiameter":null,"riskratingdate":"2024-11-20 14:51:00.0000000","riskrating":"6","objectid":"5295015","globalid":"8E94B918-A646-4F5E-B108-5905B3050E28","tpstructure":"Full","plantingspaceglobalid":"15BEBC62-741E-428A-A86C-CF46B9442E64","createddate":"2018-04-09 14:26:16.0000000","dbh":"7","planteddate":null,"updateddate":"2024-11-20 14:51:00.0000000","geometry":"POINT(-73.86970514094726 40.83415165965566)","genusspecies":"Ulmus propinqua 'Emerald Sunshine' - 'Emerald Sunshine' Elm"}},{"type":"Feature","geometry":{"type":"Point","coordinates":[-73.8696924289315,40.834097063212305]},"properties":{"tpcondition":"Fair","stumpdiameter":null,"riskratingdate":"2024-11-20 14:52:33.0000000","riskrating":"7","objectid":"5295016","globalid":"7DEB1693-30A1-418E-97F8-FC96FE3A51A3","tpstructure":"Full","plantingspaceglobalid":"FBB9031B-ED08-48A2-82FC-B02BC2D5104D","createddate":"2018-04-09 14:25:54.0000000","dbh":"7","planteddate":null,"updateddate":"2024-11-20 14:52:33.0000000","geometry":"POINT(-73.8696924289315 40.834097063212305)","genusspecies":"Ulmus propinqua 'Emerald Sunshine' - 'Emerald Sunshine' Elm"}},{"type":"Feature","geometry":{"type":"Point","coordinates":[-73.87067848684204,40.83335628984612]},"properties":{"tpcondition":"Dead","stumpdiameter":"12","riskratingdate":"2018-10-24 07:52:00.0000000","riskrating":"7","objectid":"5295017","globalid":"B1B2F36E-8FBB-49F1-BC1F-569230A50251","tpstructure":"Retired","plantingspaceglobalid":"D8E5A4EA-963D-48FE-B290-C3D6281822A0","createddate":"2018-04-09 14:02:00.0000000","dbh":"12","planteddate":null,"updateddate":"2019-10-07 14:12:00.0000000","geometry":"POINT(-73.87067848684204 40.83335628984612)","genusspecies":"Acer platanoides - Norway maple"}},{"type":"Feature","geometry":{"type":"Point","coordinates":[-73.87048398192573,40.83256029689319]},"properties":{"tpcondition":"Fair","stumpdiameter":null,"riskratingdate":"2025-02-20 13:34:41.0000000","riskrating":"6","objectid":"5295018","globalid":"8D21794E-6439-4E48-B533-B2932389754A","tpstructure":"Full","plantingspaceglobalid":"45910DCC-198B-4169-89BA-55F05F830131","createddate":"2018-04-09 13:45:31.0000000","dbh":"12","planteddate":null,"updateddate":"2025-02-20 13:34:41.0000000","geometry":"POINT(-73.87048398192573 40.83256029689319)","genusspecies":"Acer platanoides - Norway maple"}},{"type":"Feature","geometry":{"type":"Point","coordinates":[-73.87038568507073,40.832095289421574]},"properties":{"tpcondition":"Good","stumpdiameter":null,"riskratingdate":null,"riskrating":null,"objectid":"5295019","globalid":"4778B0D8-F48E-4A2A-AAD0-4B2E249C9BFF","tpstructure":"Full","plantingspaceglobalid":"BDA7AFE6-DA99-4DEE-83BE-FE4715AEAA1B","createddate":"2018-04-09 13:32:05.0000000","dbh":"2","planteddate":null,"updateddate":"2018-04-09 13:32:05.0000000","geometry":"POINT(-73.87038568507073 40.832095289421574)","genusspecies":"Taxodium distichum - bald cypress"}},{"type":"Feature","geometry":{"type":"Point","coordinates":[-73.87033205796091,40.8318474425045]},"properties":{"tpcondition":"Good","stumpdiameter":null,"riskratingdate":null,"riskrating":null,"objectid":"5295020","globalid":"25D1568F-BDBD-41FD-BC0A-D1374F62173A","tpstructure":"Full","plantingspaceglobalid":"0613FB53-EA98-40EC-A04A-5E046069C3DC","createddate":"2018-04-09 13:31:08.0000000","dbh":"2","planteddate":null,"updateddate":"2018-04-09 13:31:25.0000000","geometry":"POINT(-73.87033205796091 40.8318474425045)","genusspecies":"Taxodium distichum - bald cypress"}},{"type":"Feature","geometry":{"type":"Point","coordinates":[-73.8702993874481,40.83171100426165]},"properties":{"tpcondition":"Good","stumpdiameter":null,"riskratingdate":null,"riskrating":null,"objectid":"5295021","globalid":"B1850484-74E4-4610-8162-B048CEA68224","tpstructure":"Full","plantingspaceglobalid":"B47CC7F9-164C-48F1-85FB-D2D5EFFF7996","createddate":"2018-04-09 13:30:25.0000000","dbh":"2","planteddate":null,"updateddate":"2018-04-09 13:30:25.0000000","geometry":"POINT(-73.8702993874481 40.83171100426165)","genusspecies":"Taxodium distichum - bald cypress"}},{"type":"Feature","geometry":{"type":"Point","coordinates":[-73.87025587910503,40.83150248100801]},"properties":{"tpcondition":"Fair","stumpdiameter":null,"riskratingdate":"2020-08-12 16:38:43.0000000","riskrating":"4","objectid":"5295022","globalid":"353EF51E-6F6D-4B64-BC22-59EA8AA225FC","tpstructure":"Full","plantingspaceglobalid":"09036B10-2241-424F-B7AF-8E52CE10F81B","createddate":"2018-04-09 13:29:23.0000000","dbh":"2","planteddate":null,"updateddate":"2020-08-12 16:38:43.0000000","geometry":"POINT(-73.87025587910503 40.83150248100801)","genusspecies":"Taxodium distichum - bald cypress"}},{"type":"Feature","geometry":{"type":"Point","coordinates":[-73.87198993776123,40.83148374194824]},"properties":{"tpcondition":"Good","stumpdiameter":null,"riskratingdate":null,"riskrating":null,"objectid":"5295023","globalid":"E02BDD5C-1F8B-40FB-8A49-09CE00F3BB28","tpstructure":"Full","plantingspaceglobalid":"8A365554-A616-4D21-9378-A047B6BAA904","createddate":"2018-04-09 10:48:57.0000000","dbh":"1","planteddate":null,"updateddate":"2018-04-09 10:48:57.0000000","geometry":"POINT(-73.87198993776123 40.83148374194824)","genusspecies":"Eucommia ulmoides 'Emerald Pointe' - 'Emerald Pointe' Hardy rubber tree"}},{"type":"Feature","geometry":{"type":"Point","coordinates":[-73.87196428090662,40.83136815921729]},"properties":{"tpcondition":"Good","stumpdiameter":null,"riskratingdate":null,"riskrating":null,"objectid":"5295024","globalid":"8CB6950E-1F78-41BD-857B-73145DE77EE2","tpstructure":"Full","plantingspaceglobalid":"BCDFF066-367D-43A8-B5D7-F40BC688675E","createddate":"2018-04-09 10:47:47.0000000","dbh":"2","planteddate":null,"updateddate":"2018-04-09 10:47:47.0000000","geometry":"POINT(-73.87196428090662 40.83136815921729)","genusspecies":"Eucommia ulmoides - Hardy Rubber Tree"}},{"type":"Feature","geometry":{"type":"Point","coordinates":[-73.8719346480011,40.83128175868527]},"properties":{"tpcondition":"Good","stumpdiameter":null,"riskratingdate":null,"riskrating":null,"objectid":"5295025","globalid":"331B9DB1-FFFE-45F9-873A-A681888946AF","tpstructure":"Full","plantingspaceglobalid":"DA18316D-141C-40F9-A343-CBAD9EE20DCD","createddate":"2018-04-09 10:47:19.0000000","dbh":"2","planteddate":null,"updateddate":"2018-04-09 10:47:19.0000000","geometry":"POINT(-73.8719346480011 40.83128175868527)","genusspecies":"Eucommia ulmoides - Hardy Rubber Tree"}},{"type":"Feature","geometry":{"type":"Point","coordinates":[-73.87229945255812,40.83284748987776]},"properties":{"tpcondition":"Good","stumpdiameter":null,"riskratingdate":null,"riskrating":null,"objectid":"5295026","globalid":"95343EF2-FAFE-4A2B-AC56-F30AB12EE621","tpstructure":"Full","plantingspaceglobalid":"77C4E491-BBFD-4AC0-871B-4A3B87925842","createddate":"2018-04-09 10:28:26.0000000","dbh":"2","planteddate":null,"updateddate":"2018-04-09 10:28:26.0000000","geometry":"POINT(-73.87229945255812 40.83284748987776)","genusspecies":"Gymnocladus dioicus - Kentucky coffeetree"}},{"type":"Feature","geometry":{"type":"Point","coordinates":[-73.87219949213066,40.83238730941527]},"properties":{"tpcondition":"Good","stumpdiameter":null,"riskratingdate":null,"riskrating":null,"objectid":"5295027","globalid":"A5BB07F8-E294-4ABE-B315-2CFB17BCCCC8","tpstructure":"Full","plantingspaceglobalid":"17B37445-ECAC-46D4-B490-4226D9667740","createddate":"2018-04-09 10:24:19.0000000","dbh":"2","planteddate":null,"updateddate":"2018-04-09 10:24:19.0000000","geometry":"POINT(-73.87219949213066 40.83238730941527)","genusspecies":"Platanus x acerifolia 'Columbia' - 'Columbia' London planetree"}},{"type":"Feature","geometry":{"type":"Point","coordinates":[-73.87222147304666,40.83250007695461]},"properties":{"tpcondition":"Fair","stumpdiameter":null,"riskratingdate":"2024-07-11 11:51:00.0000000","riskrating":"8","objectid":"5295028","globalid":"BD9D0363-EE29-42AC-92EB-C3BCBDD164AD","tpstructure":"Full","plantingspaceglobalid":"4DD10005-67B5-4CC9-B9E6-2E98596D57EE","createddate":"2018-04-09 10:23:06.0000000","dbh":"6","planteddate":null,"updateddate":"2024-07-11 11:53:16.0000000","geometry":"POINT(-73.87222147304666 40.83250007695461)","genusspecies":"Celtis occidentalis - common hackberry"}},{"type":"Feature","geometry":{"type":"Point","coordinates":[-73.87238448393968,40.83314590707577]},"properties":{"tpcondition":"Good","stumpdiameter":null,"riskratingdate":null,"riskrating":null,"objectid":"5295029","globalid":"29E23F00-DA20-49A0-A74A-AAE66D2D424A","tpstructure":"Full","plantingspaceglobalid":"893F0BE1-3D50-4356-96A3-392A0803B523","createddate":"2018-04-09 10:14:44.0000000","dbh":"2","planteddate":null,"updateddate":"2018-04-09 10:14:44.0000000","geometry":"POINT(-73.87238448393968 40.83314590707577)","genusspecies":"Tilia cordata - littleleaf linden"}},{"type":"Feature","geometry":{"type":"Point","coordinates":[-73.87315196086143,40.83225793837253]},"properties":{"tpcondition":"Good","stumpdiameter":null,"riskratingdate":null,"riskrating":null,"objectid":"5295030","globalid":"6A4DC40B-7AE0-47BE-937B-6D9D95610D5D","tpstructure":"Full","plantingspaceglobalid":"970E0008-F54F-410E-B162-FC6116AFDEB7","createddate":"2018-04-09 08:40:39.0000000","dbh":"2","planteddate":null,"updateddate":"2018-04-09 08:40:54.0000000","geometry":"POINT(-73.87315196086143 40.83225793837253)","genusspecies":"Platanus x acerifolia - London planetree"}},{"type":"Feature","geometry":{"type":"Point","coordinates":[-73.87339210996896,40.83369780412985]},"properties":{"tpcondition":"Good","stumpdiameter":null,"riskratingdate":null,"riskrating":null,"objectid":"5295031","globalid":"F2A8B4E2-D036-4869-B3A1-CE22AEC8D0B5","tpstructure":"Full","plantingspaceglobalid":"D94557F3-B311-4AC1-9C2B-2F3AA3A5BFFD","createddate":"2018-04-09 08:30:45.0000000","dbh":"2","planteddate":null,"updateddate":"2018-04-09 08:30:45.0000000","geometry":"POINT(-73.87339210996896 40.83369780412985)","genusspecies":"Quercus - Oak"}},{"type":"Feature","geometry":{"type":"Point","coordinates":[-73.87344610714061,40.83396566862826]},"properties":{"tpcondition":"Dead","stumpdiameter":"6","riskratingdate":null,"riskrating":null,"objectid":"5295032","globalid":"AA8A53BB-2664-4E26-9349-EE2CA967B1F6","tpstructure":"Retired","plantingspaceglobalid":"BCDF537C-6660-4FF9-861B-035F975B4877","createddate":"2018-04-09 08:26:00.0000000","dbh":"0","planteddate":null,"updateddate":"2024-11-19 16:32:00.0000000","geometry":"POINT(-73.87344610714061 40.83396566862826)","genusspecies":"Platanus x acerifolia - London planetree"}},{"type":"Feature","geometry":{"type":"Point","coordinates":[-73.93990655259857,40.80305736660079]},"properties":{"tpcondition":"Good","stumpdiameter":null,"riskratingdate":"2019-10-01 14:16:42.0000000","riskrating":"7","objectid":"5295033","globalid":"5E4D6B00-84E9-43F1-9C5D-39B0750DDA75","tpstructure":"Full","plantingspaceglobalid":"2A16973A-5EF2-4B15-8BF7-55CECCB9956A","createddate":"2018-04-10 08:05:22.0000000","dbh":"26","planteddate":null,"updateddate":"2019-10-01 14:16:42.0000000","geometry":"POINT(-73.93990655259857 40.80305736660079)","genusspecies":"Morus - mulberry"}},{"type":"Feature","geometry":{"type":"Point","coordinates":[-73.93994029813646,40.80301390257688]},"properties":{"tpcondition":"Fair","stumpdiameter":null,"riskratingdate":"2019-10-01 14:25:37.0000000","riskrating":"7","objectid":"5295034","globalid":"5EAEEF3B-5D67-4111-B191-681B95D00887","tpstructure":"Full","plantingspaceglobalid":"F0F5CB52-E1D7-494A-B5B5-29F51158150D","createddate":"2018-04-10 08:04:36.0000000","dbh":"14","planteddate":null,"updateddate":"2019-10-01 14:25:37.0000000","geometry":"POINT(-73.93994029813646 40.80301390257688)","genusspecies":"Morus - mulberry"}},{"type":"Feature","geometry":{"type":"Point","coordinates":[-73.94013460739491,40.803111092621585]},"properties":{"tpcondition":"Fair","stumpdiameter":null,"riskratingdate":"2019-10-01 14:09:11.0000000","riskrating":"6","objectid":"5295035","globalid":"6A571F76-38D4-4CC1-B1CD-711A798ED4F6","tpstructure":"Full","plantingspaceglobalid":"A7EDA111-39F3-4088-8E95-929CF13D8ACD","createddate":"2018-04-10 08:02:04.0000000","dbh":"22","planteddate":null,"updateddate":"2019-10-01 14:09:11.0000000","geometry":"POINT(-73.94013460739491 40.803111092621585)","genusspecies":"Morus - mulberry"}},{"type":"Feature","geometry":{"type":"Point","coordinates":[-74.23518018013777,40.5215655820214]},"properties":{"tpcondition":"Dead","stumpdiameter":"4","riskratingdate":null,"riskrating":null,"objectid":"5295036","globalid":"74C1833B-FD41-4226-8636-CE1E2F5E5E57","tpstructure":"Retired","plantingspaceglobalid":"55F0E3AA-3665-44A3-8ACB-30E4AC105CB0","createddate":"2018-04-10 12:01:25.0000000","dbh":"4","planteddate":null,"updateddate":"2018-09-12 14:58:43.0000000","geometry":"POINT(-74.23518018013777 40.5215655820214)","genusspecies":"Unknown - Unknown"}},{"type":"Feature","geometry":{"type":"Point","coordinates":[-74.23517486476679,40.52160788495855]},"properties":{"tpcondition":"Dead","stumpdiameter":"6","riskratingdate":null,"riskrating":null,"objectid":"5295037","globalid":"A1EFC814-DC46-469E-8A4A-6DE7AA8E303E","tpstructure":"Retired","plantingspaceglobalid":"83BE6D60-BC09-45B1-8C55-A49A15FAC3C1","createddate":"2018-04-10 11:49:34.0000000","dbh":"6","planteddate":null,"updateddate":"2018-09-12 15:00:00.0000000","geometry":"POINT(-74.23517486476679 40.52160788495855)","genusspecies":"Unknown - Unknown"}},{"type":"Feature","geometry":{"type":"Point","coordinates":[-74.23511518649647,40.52217269791899]},"properties":{"tpcondition":"Fair","stumpdiameter":null,"riskratingdate":null,"riskrating":null,"objectid":"5295038","globalid":"B29EE6D6-FB1A-44FD-8590-A6E343027799","tpstructure":"Full","plantingspaceglobalid":"5E1A80BD-D9A5-4D55-B608-DF2F7A1518C4","createddate":"2018-04-10 11:45:52.0000000","dbh":"4","planteddate":null,"updateddate":"2018-04-10 11:45:59.0000000","geometry":"POINT(-74.23511518649647 40.52217269791899)","genusspecies":"Zelkova serrata - Japanese zelkova"}},{"type":"Feature","geometry":{"type":"Point","coordinates":[-74.23470913690323,40.524604723659515]},"properties":{"tpcondition":"Good","stumpdiameter":null,"riskratingdate":null,"riskrating":null,"objectid":"5295039","globalid":"1FEF3F2E-8E2A-4CA0-8FD9-6AF5A247C767","tpstructure":"Full","plantingspaceglobalid":"4354002B-F624-4424-9BBD-F455D0310749","createddate":"2018-04-10 11:38:59.0000000","dbh":"9","planteddate":null,"updateddate":"2018-04-10 11:39:21.0000000","geometry":"POINT(-74.23470913690323 40.524604723659515)","genusspecies":"Styphnolobium japonicum - Japanese pagoda tree"}},{"type":"Feature","geometry":{"type":"Point","coordinates":[-74.23467204281619,40.52461475406299]},"properties":{"tpcondition":"Fair","stumpdiameter":null,"riskratingdate":null,"riskrating":null,"objectid":"5295040","globalid":"C9A69B3C-6FA0-49F4-8CD9-AE86FF828D7E","tpstructure":"Full","plantingspaceglobalid":"5F63BEF4-F676-4262-B84F-68929EBC3F1E","createddate":"2018-04-10 11:34:19.0000000","dbh":"6","planteddate":null,"updateddate":"2018-04-10 11:34:34.0000000","geometry":"POINT(-74.23467204281619 40.52461475406299)","genusspecies":"Amelanchier - serviceberry"}},{"type":"Feature","geometry":{"type":"Point","coordinates":[-74.23471077876498,40.52464377344566]},"properties":{"tpcondition":"Fair","stumpdiameter":null,"riskratingdate":null,"riskrating":null,"objectid":"5295041","globalid":"DA8CF313-C78E-4F9D-BD12-AE01A0443A41","tpstructure":"Full","plantingspaceglobalid":"909A8666-6FC7-4A4A-AAD0-6B25DC4075F1","createddate":"2018-04-10 11:32:55.0000000","dbh":"5","planteddate":null,"updateddate":"2018-04-10 11:32:59.0000000","geometry":"POINT(-74.23471077876498 40.52464377344566)","genusspecies":"Amelanchier - serviceberry"}},{"type":"Feature","geometry":{"type":"Point","coordinates":[-74.2386797641688,40.51722013914283]},"properties":{"tpcondition":"Good","stumpdiameter":null,"riskratingdate":null,"riskrating":null,"objectid":"5295042","globalid":"AB9630A7-D91F-4084-BE6F-018CF8CFD940","tpstructure":"Full","plantingspaceglobalid":"3608DD23-AC94-4707-81B5-565E9B4E9120","createddate":"2018-04-10 07:22:30.0000000","dbh":"12","planteddate":null,"updateddate":"2018-04-10 07:22:40.0000000","geometry":"POINT(-74.2386797641688 40.51722013914283)","genusspecies":"Robinia pseudoacacia - black locust"}},{"type":"Feature","geometry":{"type":"Point","coordinates":[-74.23872051033054,40.517264728752195]},"properties":{"tpcondition":"Good","stumpdiameter":null,"riskratingdate":null,"riskrating":null,"objectid":"5295043","globalid":"B86BE0E6-6435-49FD-9BE3-81B9680DBFC2","tpstructure":"Full","plantingspaceglobalid":"58593780-0BE5-42E8-9441-27473B2AF20D","createddate":"2018-04-10 07:21:41.0000000","dbh":"7","planteddate":null,"updateddate":"2018-04-10 07:21:46.0000000","geometry":"POINT(-74.23872051033054 40.517264728752195)","genusspecies":"Robinia pseudoacacia - black locust"}},{"type":"Feature","geometry":{"type":"Point","coordinates":[-73.98890746574557,40.73965190647788]},"properties":{"tpcondition":"Good","stumpdiameter":null,"riskratingdate":"2018-04-10 11:20:56.0000000","riskrating":"8","objectid":"5295044","globalid":"5B0B3B28-4C92-40EC-85E8-77DAB3AC0BA9","tpstructure":"Retired","plantingspaceglobalid":"5FC75F92-AC7B-484C-9DD7-1ECD2FA32C48","createddate":"2018-04-10 11:19:10.0000000","dbh":"10","planteddate":null,"updateddate":"2024-01-04 18:06:42.0000000","geometry":"POINT(-73.98890746574557 40.73965190647788)","genusspecies":"Styphnolobium japonicum - Japanese pagoda tree"}},{"type":"Feature","geometry":{"type":"Point","coordinates":[-73.7467467282335,40.6906203598985]},"properties":{"tpcondition":"Dead","stumpdiameter":"6","riskratingdate":null,"riskrating":null,"objectid":"5295045","globalid":"92B101E8-EF1A-464F-8510-138033075C8A","tpstructure":"Retired","plantingspaceglobalid":"7811B363-9F0A-4ED5-BDB7-6440DEDC7FFE","createddate":"2018-04-10 14:58:54.0000000","dbh":"0","planteddate":null,"updateddate":"2018-04-11 07:24:28.0000000","geometry":"POINT(-73.7467467282335 40.6906203598985)","genusspecies":"Unknown - Unknown"}},{"type":"Feature","geometry":{"type":"Point","coordinates":[-73.74686445701664,40.69044814945613]},"properties":{"tpcondition":"Dead","stumpdiameter":"6","riskratingdate":null,"riskrating":null,"objectid":"5295046","globalid":"65423EAF-0846-415A-87F9-A612F86D8BE0","tpstructure":"Retired","plantingspaceglobalid":"A9D7E659-A7E1-4DE4-85C3-4816BC6C30D9","createddate":"2018-04-10 14:56:00.0000000","dbh":"0","planteddate":null,"updateddate":"2018-05-04 12:55:00.0000000","geometry":"POINT(-73.74686445701664 40.69044814945613)","genusspecies":"Unknown - Unknown"}},{"type":"Feature","geometry":{"type":"Point","coordinates":[-73.7468117875214,40.69054016617054]},"properties":{"tpcondition":"Dead","stumpdiameter":"6","riskratingdate":null,"riskrating":null,"objectid":"5295047","globalid":"07250E59-DEB3-40FF-86DE-1E0FE1F73E8C","tpstructure":"Retired","plantingspaceglobalid":"2692DCA9-D6A8-4BDF-8EBB-0518231939E2","createddate":"2018-04-10 14:54:00.0000000","dbh":"8","planteddate":null,"updateddate":"2025-01-22 15:53:00.0000000","geometry":"POINT(-73.7468117875214 40.69054016617054)","genusspecies":"Unknown - Unknown"}},{"type":"Feature","geometry":{"type":"Point","coordinates":[-73.74691883904094,40.690345880150865]},"properties":{"tpcondition":"Good","stumpdiameter":"6","riskratingdate":null,"riskrating":null,"objectid":"5295048","globalid":"BDE4CE8B-194A-418B-8515-27191ACE2F24","tpstructure":"Retired","plantingspaceglobalid":"CB96B115-A090-41EE-A93C-825C6BCF5816","createddate":"2018-04-10 14:52:00.0000000","dbh":"9","planteddate":null,"updateddate":"2025-01-22 15:52:00.0000000","geometry":"POINT(-73.74691883904094 40.690345880150865)","genusspecies":"Zelkova serrata - Japanese zelkova"}},{"type":"Feature","geometry":{"type":"Point","coordinates":[-73.74696242720609,40.69026991639927]},"properties":{"tpcondition":"Good","stumpdiameter":"6","riskratingdate":null,"riskrating":null,"objectid":"5295049","globalid":"12A8281B-FA95-4198-BCA6-CBAB94004E48","tpstructure":"Retired","plantingspaceglobalid":"FA8CADFB-97EC-4BC8-8781-C83B5F2EDCDC","createddate":"2018-04-10 14:50:00.0000000","dbh":"8","planteddate":null,"updateddate":"2025-01-22 15:52:00.0000000","geometry":"POINT(-73.74696242720609 40.69026991639927)","genusspecies":"Juniperus chinensis - Chinese juniper"}},{"type":"Feature","geometry":{"type":"Point","coordinates":[-73.87689046443295,40.706187770349636]},"properties":{"tpcondition":"Dead","stumpdiameter":"18","riskratingdate":null,"riskrating":null,"objectid":"5295050","globalid":"9C74C64C-E54D-4ED7-858C-73E9D45EC1EB","tpstructure":"Retired","plantingspaceglobalid":"AB08B232-1A5C-4FB8-997A-9524C9B72185","createddate":"2018-04-10 12:28:28.0000000","dbh":"0","planteddate":null,"updateddate":"2018-04-19 14:22:03.0000000","geometry":"POINT(-73.87689046443295 40.706187770349636)","genusspecies":"Unknown - Unknown"}},{"type":"Feature","geometry":{"type":"Point","coordinates":[-73.86614567564544,40.70622973814836]},"properties":{"tpcondition":"Dead","stumpdiameter":"24","riskratingdate":null,"riskrating":null,"objectid":"5295051","globalid":"709B7276-117C-44E7-B85C-0368A91C34EC","tpstructure":"Retired","plantingspaceglobalid":"E8DF2A1E-FC9A-49D4-887B-B0AFA5CA3FEE","createddate":"2018-04-10 11:35:16.0000000","dbh":"0","planteddate":null,"updateddate":"2018-04-19 11:51:25.0000000","geometry":"POINT(-73.86614567564544 40.70622973814836)","genusspecies":"Unknown - Unknown"}},{"type":"Feature","geometry":{"type":"Point","coordinates":[-73.92013338944167,40.61195080179237]},"properties":{"tpcondition":"Fair","stumpdiameter":null,"riskratingdate":"2025-10-01 15:59:29.0000000","riskrating":"6","objectid":"5295052","globalid":"8F252865-96D4-4AA2-914F-9E8C832914D9","tpstructure":"Full","plantingspaceglobalid":"1CB33904-2A30-4879-ABB2-9C373E661113","createddate":"2018-04-10 15:09:22.0000000","dbh":"20","planteddate":null,"updateddate":"2025-10-01 15:59:29.0000000","geometry":"POINT(-73.92013338944167 40.61195080179237)","genusspecies":"Gleditsia triacanthos var. inermis - Thornless honeylocust"}},{"type":"Feature","geometry":{"type":"Point","coordinates":[-73.91992105269924,40.61173204769769]},"properties":{"tpcondition":"Dead","stumpdiameter":"14","riskratingdate":"2018-04-10 15:03:00.0000000","riskrating":"8","objectid":"5295053","globalid":"7989B4AF-F306-424E-B7A9-66EABCD99C9F","tpstructure":"Retired","plantingspaceglobalid":"EC7FD71D-361D-4AFC-B09D-98969FE1D5A6","createddate":"2018-04-10 15:02:00.0000000","dbh":"12","planteddate":null,"updateddate":"2023-04-18 02:07:00.0000000","geometry":"POINT(-73.91992105269924 40.61173204769769)","genusspecies":"Acer platanoides - Norway maple"}},{"type":"Feature","geometry":{"type":"Point","coordinates":[-73.86363955669292,40.833075303154885]},"properties":{"tpcondition":"Poor","stumpdiameter":null,"riskratingdate":"2021-06-29 17:00:00.0000000","riskrating":"3","objectid":"5295054","globalid":"55C4D40D-03C9-46D1-B4D8-A448BB7C58DD","tpstructure":"Retired","plantingspaceglobalid":"0D6E77A1-FD09-447A-B89D-807FA1175330","createddate":"2018-04-10 15:14:00.0000000","dbh":"2","planteddate":null,"updateddate":"2022-12-29 15:34:00.0000000","geometry":"POINT(-73.86363955669292 40.833075303154885)","genusspecies":"Quercus - Oak"}},{"type":"Feature","geometry":{"type":"Point","coordinates":[-73.86489950914685,40.83392366669707]},"properties":{"tpcondition":"Good","stumpdiameter":null,"riskratingdate":"2024-04-09 13:08:37.0000000","riskrating":"5","objectid":"5295055","globalid":"B1C8CC15-6EC4-4EA1-ADBC-B426CE54E1ED","tpstructure":"Full","plantingspaceglobalid":"0F1C2DEA-246E-4708-8B8B-539E9F34A42E","createddate":"2018-04-10 14:52:29.0000000","dbh":"7","planteddate":null,"updateddate":"2024-04-09 13:08:37.0000000","geometry":"POINT(-73.86489950914685 40.83392366669707)","genusspecies":"Metasequoia glyptostroboides - dawn redwood"}},{"type":"Feature","geometry":{"type":"Point","coordinates":[-73.86490876503804,40.83399991885824]},"properties":{"tpcondition":"Good","stumpdiameter":null,"riskratingdate":"2024-04-09 13:09:13.0000000","riskrating":"5","objectid":"5295056","globalid":"623E31C1-B6EE-4A27-A8D4-584C14B589B8","tpstructure":"Full","plantingspaceglobalid":"F5D56878-474B-4C7F-B0E2-A3F0BD404710","createddate":"2018-04-10 14:51:49.0000000","dbh":"7","planteddate":null,"updateddate":"2024-04-09 13:09:13.0000000","geometry":"POINT(-73.86490876503804 40.83399991885824)","genusspecies":"Metasequoia glyptostroboides - dawn redwood"}},{"type":"Feature","geometry":{"type":"Point","coordinates":[-73.86471342280096,40.83287750392908]},"properties":{"tpcondition":"Good","stumpdiameter":null,"riskratingdate":"2024-04-09 12:43:45.0000000","riskrating":"5","objectid":"5295057","globalid":"E81CD2EF-0467-47CF-8973-A960323B6AC8","tpstructure":"Full","plantingspaceglobalid":"E42D9868-20DA-444B-9757-D14EB934769B","createddate":"2018-04-10 14:44:15.0000000","dbh":"7","planteddate":null,"updateddate":"2024-04-09 12:43:45.0000000","geometry":"POINT(-73.86471342280096 40.83287750392908)","genusspecies":"Metasequoia glyptostroboides - dawn redwood"}},{"type":"Feature","geometry":{"type":"Point","coordinates":[-73.86469975965929,40.83280963110094]},"properties":{"tpcondition":"Good","stumpdiameter":null,"riskratingdate":null,"riskrating":null,"objectid":"5295058","globalid":"B8BCE041-8492-464A-9888-810FD0FB3C2C","tpstructure":"Retired","plantingspaceglobalid":"697A3C68-2922-4B50-A459-90B864D2CF93","createddate":"2018-04-10 14:43:04.0000000","dbh":"2","planteddate":null,"updateddate":"2024-04-09 12:43:49.0000000","geometry":"POINT(-73.86469975965929 40.83280963110094)","genusspecies":"Quercus bicolor 'American Dream' - 'American Dream' Swamp white oak"}},{"type":"Feature","geometry":{"type":"Point","coordinates":[-73.86469203675729,40.83275124937553]},"properties":{"tpcondition":"Good","stumpdiameter":null,"riskratingdate":null,"riskrating":null,"objectid":"5295059","globalid":"F653661F-B543-475D-A903-067B4ED8DEA5","tpstructure":"Full","plantingspaceglobalid":"266BA30A-07F8-4357-8EA8-3AF90F196825","createddate":"2018-04-10 14:41:59.0000000","dbh":"2","planteddate":null,"updateddate":"2018-04-10 14:41:59.0000000","geometry":"POINT(-73.86469203675729 40.83275124937553)","genusspecies":"Quercus bicolor 'American Dream' - 'American Dream' Swamp white oak"}},{"type":"Feature","geometry":{"type":"Point","coordinates":[-73.8655753592973,40.83320364048411]},"properties":{"tpcondition":"Excellent","stumpdiameter":null,"riskratingdate":"2019-09-21 11:47:50.0000000","riskrating":"3","objectid":"5295060","globalid":"17AF7871-DFEF-4CC8-BA07-9AB7DBF53960","tpstructure":"Full","plantingspaceglobalid":"72649B4F-5402-4CA2-845F-262180E49602","createddate":"2018-04-10 14:12:22.0000000","dbh":"3","planteddate":null,"updateddate":"2019-09-21 15:47:52.0000000","geometry":"POINT(-73.8655753592973 40.83320364048411)","genusspecies":"Quercus bicolor 'Beacon' - 'Beacon' Swamp white oak"}},{"type":"Feature","geometry":{"type":"Point","coordinates":[-73.86556920857444,40.83314287847057]},"properties":{"tpcondition":"Good","stumpdiameter":null,"riskratingdate":null,"riskrating":null,"objectid":"5295061","globalid":"CF50502A-25F2-4CDD-B826-DBE18A310D00","tpstructure":"Full","plantingspaceglobalid":"CE543D93-37D1-457A-A80E-E80409A003E8","createddate":"2018-04-10 14:11:56.0000000","dbh":"2","planteddate":null,"updateddate":"2018-04-10 14:11:56.0000000","geometry":"POINT(-73.86556920857444 40.83314287847057)","genusspecies":"Quercus bicolor 'Beacon' - 'Beacon' Swamp white oak"}},{"type":"Feature","geometry":{"type":"Point","coordinates":[-73.86549912306877,40.83411217121889]},"properties":{"tpcondition":"Good","stumpdiameter":null,"riskratingdate":"2024-04-09 13:58:17.0000000","riskrating":"5","objectid":"5295062","globalid":"D371D270-D7B6-4A7A-B63D-462DF43720FD","tpstructure":"Full","plantingspaceglobalid":"F0556CB9-2EDE-4D69-B648-648B66A05A13","createddate":"2018-04-10 14:02:02.0000000","dbh":"7","planteddate":null,"updateddate":"2024-04-09 13:58:17.0000000","geometry":"POINT(-73.86549912306877 40.83411217121889)","genusspecies":"Ulmus 'Homestead' - 'Homestead' Elm"}},{"type":"Feature","geometry":{"type":"Point","coordinates":[-73.86539872420629,40.83412098870751]},"properties":{"tpcondition":"Good","stumpdiameter":null,"riskratingdate":"2024-04-09 13:57:25.0000000","riskrating":"5","objectid":"5295063","globalid":"73340E64-B247-42C7-8165-33918F9A8211","tpstructure":"Full","plantingspaceglobalid":"518226C5-7884-4D18-B29E-D50F4F5376D0","createddate":"2018-04-10 14:01:18.0000000","dbh":"5","planteddate":null,"updateddate":"2024-04-09 13:57:25.0000000","geometry":"POINT(-73.86539872420629 40.83412098870751)","genusspecies":"Ulmus 'Homestead' - 'Homestead' Elm"}},{"type":"Feature","geometry":{"type":"Point","coordinates":[-73.86582893368308,40.83391049747289]},"properties":{"tpcondition":"Fair","stumpdiameter":null,"riskratingdate":"2024-11-21 15:13:18.0000000","riskrating":"7","objectid":"5295064","globalid":"423A9464-8226-4A43-B2F5-EC1E9981B187","tpstructure":"Full","plantingspaceglobalid":"D7F2FDB0-559A-4553-BCD1-BE4EA5C0CC1D","createddate":"2018-04-10 13:48:17.0000000","dbh":"8","planteddate":null,"updateddate":"2024-11-21 15:13:18.0000000","geometry":"POINT(-73.86582893368308 40.83391049747289)","genusspecies":"Zelkova serrata - Japanese zelkova"}},{"type":"Feature","geometry":{"type":"Point","coordinates":[-73.867712040804,40.83383044859795]},"properties":{"tpcondition":"Good","stumpdiameter":null,"riskratingdate":"2022-09-13 13:30:32.0000000","riskrating":"3","objectid":"5295065","globalid":"B3A93772-2459-48AF-91CE-FEF0E9B5C855","tpstructure":"Full","plantingspaceglobalid":"FEE8FB3D-280B-4D45-AAF5-2BCACED9D220","createddate":"2018-04-10 10:02:26.0000000","dbh":"4","planteddate":null,"updateddate":"2022-09-13 13:30:32.0000000","geometry":"POINT(-73.867712040804 40.83383044859795)","genusspecies":"Betula nigra - river birch"}},{"type":"Feature","geometry":{"type":"Point","coordinates":[-73.86726892841371,40.831963555942494]},"properties":{"tpcondition":"Good","stumpdiameter":null,"riskratingdate":"2024-01-09 19:27:55.0000000","riskrating":"6","objectid":"5295066","globalid":"489310E8-2753-45E7-B3BF-0F239A46BA04","tpstructure":"Full","plantingspaceglobalid":"3C58D790-946A-48EC-9693-9BCB23F188FE","createddate":"2018-04-10 09:31:34.0000000","dbh":"13","planteddate":null,"updateddate":"2024-01-09 19:27:55.0000000","geometry":"POINT(-73.86726892841371 40.831963555942494)","genusspecies":"Gleditsia triacanthos var. inermis - Thornless honeylocust"}},{"type":"Feature","geometry":{"type":"Point","coordinates":[-73.86728137965095,40.832011816656475]},"properties":{"tpcondition":"Good","stumpdiameter":null,"riskratingdate":"2024-01-09 19:29:03.0000000","riskrating":"5","objectid":"5295067","globalid":"95590A48-22E1-4206-ADC5-78C866B86427","tpstructure":"Full","plantingspaceglobalid":"8D401847-E9A6-4D8C-85DE-A4D2A69EA2FD","createddate":"2018-04-10 09:30:36.0000000","dbh":"10","planteddate":null,"updateddate":"2024-01-09 19:29:03.0000000","geometry":"POINT(-73.86728137965095 40.832011816656475)","genusspecies":"Gleditsia triacanthos var. inermis - Thornless honeylocust"}},{"type":"Feature","geometry":{"type":"Point","coordinates":[-73.86859958917367,40.833561699495625]},"properties":{"tpcondition":"Fair","stumpdiameter":null,"riskratingdate":"2024-11-20 15:17:50.0000000","riskrating":"3","objectid":"5295068","globalid":"CB55A7FF-C335-4F49-8874-C2898483CF06","tpstructure":"Full","plantingspaceglobalid":"FFA133A1-8929-4844-AB89-E61671BAFCD5","createddate":"2018-04-10 09:07:44.0000000","dbh":"10","planteddate":null,"updateddate":"2024-11-20 15:17:50.0000000","geometry":"POINT(-73.86859958917367 40.833561699495625)","genusspecies":"Acer platanoides - Norway maple"}},{"type":"Feature","geometry":{"type":"Point","coordinates":[-74.08844151202743,40.611091835370836]},"properties":{"tpcondition":"Dead","stumpdiameter":"22","riskratingdate":"2018-04-09 12:14:00.0000000","riskrating":"10","objectid":"5295412","globalid":"78FD590C-D8F1-43D5-84ED-584B092197A3","tpstructure":"Retired","plantingspaceglobalid":"3F83FB02-32DF-4E11-8C7C-858DC333A4C1","createddate":"2018-04-09 12:13:00.0000000","dbh":"20","planteddate":null,"updateddate":"2018-05-09 18:24:00.0000000","geometry":"POINT(-74.08844151202743 40.611091835370836)","genusspecies":"Acer pseudoplatanus - sycamore maple"}},{"type":"Feature","geometry":{"type":"Point","coordinates":[-74.08853828328643,40.61115758107219]},"properties":{"tpcondition":"Fair","stumpdiameter":"18","riskratingdate":"2018-04-09 12:08:57.0000000","riskrating":"8","objectid":"5295413","globalid":"90DCBBC6-85A7-432A-B41D-C34D23E047B0","tpstructure":"Retired","plantingspaceglobalid":"D2ADE095-3E79-4CFF-B686-A29C3E41B51B","createddate":"2018-04-09 12:07:48.0000000","dbh":"18","planteddate":null,"updateddate":"2018-12-19 18:48:30.0000000","geometry":"POINT(-74.08853828328643 40.61115758107219)","genusspecies":"Acer pseudoplatanus - sycamore maple"}},{"type":"Feature","geometry":{"type":"Point","coordinates":[-73.98632098488469,40.71677992132307]},"properties":{"tpcondition":"Good","stumpdiameter":null,"riskratingdate":"2024-08-30 17:51:36.0000000","riskrating":"3","objectid":"5295414","globalid":"9F2A27A9-CE30-4CAF-B029-24702EA14823","tpstructure":"Full","plantingspaceglobalid":"8FE37A25-46C7-44BF-9A12-38EB361BF2ED","createddate":"2018-04-06 11:16:40.0000000","dbh":"10","planteddate":null,"updateddate":"2024-08-30 17:51:36.0000000","geometry":"POINT(-73.98632098488469 40.71677992132307)","genusspecies":"Styphnolobium japonicum - Japanese pagoda tree"}},{"type":"Feature","geometry":{"type":"Point","coordinates":[-73.9863530955172,40.71671082922307]},"properties":{"tpcondition":"Good","stumpdiameter":null,"riskratingdate":"2024-08-30 17:50:55.0000000","riskrating":"3","objectid":"5295415","globalid":"7E5733FB-CE1E-4670-81F9-33A7EBFC89C5","tpstructure":"Full","plantingspaceglobalid":"42853408-CF6D-416F-A581-8767BAD1C8E9","createddate":"2018-04-06 11:15:31.0000000","dbh":"10","planteddate":null,"updateddate":"2024-08-30 17:50:55.0000000","geometry":"POINT(-73.9863530955172 40.71671082922307)","genusspecies":"Styphnolobium japonicum - Japanese pagoda tree"}},{"type":"Feature","geometry":{"type":"Point","coordinates":[-73.9899604731738,40.71457806090984]},"properties":{"tpcondition":"Good","stumpdiameter":null,"riskratingdate":null,"riskrating":null,"objectid":"5295416","globalid":"FE982B76-339F-4383-81DE-8D62602AD00B","tpstructure":"Full","plantingspaceglobalid":"48BD7B55-BE62-4097-A297-C080FF68BA53","createddate":"2018-04-06 10:16:32.0000000","dbh":"23","planteddate":null,"updateddate":"2018-04-06 10:16:41.0000000","geometry":"POINT(-73.9899604731738 40.71457806090984)","genusspecies":"Platanus x acerifolia - London planetree"}},{"type":"Feature","geometry":{"type":"Point","coordinates":[-73.94178435828381,40.632978943914615]},"properties":{"tpcondition":"Good","stumpdiameter":null,"riskratingdate":null,"riskrating":null,"objectid":"5295417","globalid":"3E144A43-D393-4CBB-B97E-C8AC8CDB6BBD","tpstructure":"Full","plantingspaceglobalid":"83B75877-0853-4F1F-A8BB-22C2D2809586","createddate":"2018-04-10 07:27:46.0000000","dbh":"5","planteddate":null,"updateddate":"2018-04-10 07:27:59.0000000","geometry":"POINT(-73.94178435828381 40.632978943914615)","genusspecies":"Pyrus calleryana - Callery pear"}},{"type":"Feature","geometry":{"type":"Point","coordinates":[-73.94307338334959,40.63457367380023]},"properties":{"tpcondition":"Fair","stumpdiameter":null,"riskratingdate":null,"riskrating":null,"objectid":"5295418","globalid":"A4B12F11-3785-4872-A1A0-D0828AFC30C8","tpstructure":"Full","plantingspaceglobalid":"B9075239-FEDD-4538-BDF9-EA41E0366156","createddate":"2018-04-09 14:20:00.0000000","dbh":"3","planteddate":null,"updateddate":"2022-06-15 17:47:00.0000000","geometry":"POINT(-73.94307338334959 40.63457367380023)","genusspecies":"Cercis canadensis - eastern redbud"}},{"type":"Feature","geometry":{"type":"Point","coordinates":[-73.94298808995477,40.63373852169906]},"properties":{"tpcondition":"Good","stumpdiameter":null,"riskratingdate":null,"riskrating":null,"objectid":"5295419","globalid":"EC61456F-E71B-4452-8890-F62A8FDC0398","tpstructure":"Full","plantingspaceglobalid":"66CF4D9B-BC59-4449-B054-1465AD3198A1","createddate":"2018-04-09 14:17:52.0000000","dbh":"14","planteddate":null,"updateddate":"2018-04-10 13:25:42.0000000","geometry":"POINT(-73.94298808995477 40.63373852169906)","genusspecies":"Tilia cordata - littleleaf linden"}},{"type":"Feature","geometry":{"type":"Point","coordinates":[-73.94296483155892,40.63350620442241]},"properties":{"tpcondition":"Unknown","stumpdiameter":"11","riskratingdate":"2019-05-16 12:04:00.0000000","riskrating":"6","objectid":"5295420","globalid":"028B809D-ADA3-466B-ACF6-CED9A556DB57","tpstructure":"Retired","plantingspaceglobalid":"C4A48D1B-DC1C-40F3-A39D-7463F4378B3A","createddate":"2018-04-09 14:16:00.0000000","dbh":"11","planteddate":null,"updateddate":"2023-07-03 14:06:50.0000000","geometry":"POINT(-73.94296483155892 40.63350620442241)","genusspecies":"Tilia cordata - littleleaf linden"}},{"type":"Feature","geometry":{"type":"Point","coordinates":[-73.94266738861133,40.63207409965882]},"properties":{"tpcondition":"Good","stumpdiameter":null,"riskratingdate":null,"riskrating":null,"objectid":"5295421","globalid":"CE3DF0D7-3730-40D7-87FF-BD02802EE21A","tpstructure":"Full","plantingspaceglobalid":"20D46E09-5185-48EA-864A-9FF4B96BCACF","createddate":"2018-04-09 14:11:30.0000000","dbh":"13","planteddate":null,"updateddate":"2018-04-10 13:35:19.0000000","geometry":"POINT(-73.94266738861133 40.63207409965882)","genusspecies":"Quercus palustris - pin oak"}},{"type":"Feature","geometry":{"type":"Point","coordinates":[-73.94378251322931,40.633688878222415]},"properties":{"tpcondition":"Good","stumpdiameter":null,"riskratingdate":null,"riskrating":null,"objectid":"5295422","globalid":"D82D7E9E-BA28-477D-A460-63A99DC2600E","tpstructure":"Full","plantingspaceglobalid":"6D538CA7-67CC-4A7A-8723-AA1A759D960D","createddate":"2018-04-09 13:45:58.0000000","dbh":"6","planteddate":null,"updateddate":"2018-04-10 12:53:34.0000000","geometry":"POINT(-73.94378251322931 40.633688878222415)","genusspecies":"Pyrus calleryana - Callery pear"}},{"type":"Feature","geometry":{"type":"Point","coordinates":[-73.94549848365294,40.631296953692186]},"properties":{"tpcondition":"Good","stumpdiameter":null,"riskratingdate":null,"riskrating":null,"objectid":"5295423","globalid":"F523DB73-F086-4654-BF0C-6601FE1F84B7","tpstructure":"Full","plantingspaceglobalid":"047A019C-18A7-4EF0-851D-0EA1578DE81F","createddate":"2018-04-09 13:26:33.0000000","dbh":"10","planteddate":null,"updateddate":"2018-04-10 11:42:05.0000000","geometry":"POINT(-73.94549848365294 40.631296953692186)","genusspecies":"Zelkova serrata - Japanese zelkova"}},{"type":"Feature","geometry":{"type":"Point","coordinates":[-73.94581454269209,40.633021431450544]},"properties":{"tpcondition":"Good","stumpdiameter":null,"riskratingdate":null,"riskrating":null,"objectid":"5295424","globalid":"BCBCEF09-F64F-452E-93FB-F2F95A844CDB","tpstructure":"Full","plantingspaceglobalid":"0DBBDDCF-011F-4210-BEDF-83DB5F0938E9","createddate":"2018-04-09 13:17:20.0000000","dbh":"18","planteddate":null,"updateddate":"2018-04-10 11:27:58.0000000","geometry":"POINT(-73.94581454269209 40.633021431450544)","genusspecies":"Gleditsia triacanthos var. inermis - Thornless honeylocust"}},{"type":"Feature","geometry":{"type":"Point","coordinates":[-73.94639967773718,40.63630108071232]},"properties":{"tpcondition":"Good","stumpdiameter":null,"riskratingdate":null,"riskrating":null,"objectid":"5295425","globalid":"A808DB83-5CE8-4C92-BC95-4EECFA1D712C","tpstructure":"Full","plantingspaceglobalid":"3427710B-7E3C-4028-A706-2D07B0ACCBBF","createddate":"2018-04-09 13:05:35.0000000","dbh":"1","planteddate":null,"updateddate":"2018-04-10 08:13:47.0000000","geometry":"POINT(-73.94639967773718 40.63630108071232)","genusspecies":"Liquidambar styraciflua - sweetgum"}},{"type":"Feature","geometry":{"type":"Point","coordinates":[-73.947853903119,40.63580995893444]},"properties":{"tpcondition":"Good","stumpdiameter":null,"riskratingdate":null,"riskrating":null,"objectid":"5295426","globalid":"DEE1CBB7-38C6-432D-A5A8-7D8823A8E67A","tpstructure":"Full","plantingspaceglobalid":"7578ECF8-FB7F-4002-A00F-0F7B691AABB7","createddate":"2018-04-09 13:00:58.0000000","dbh":"2","planteddate":null,"updateddate":"2018-04-10 08:43:52.0000000","geometry":"POINT(-73.947853903119 40.63580995893444)","genusspecies":"Gleditsia triacanthos var. inermis - Thornless honeylocust"}},{"type":"Feature","geometry":{"type":"Point","coordinates":[-73.94563432143738,40.63420082884304]},"properties":{"tpcondition":"Good","stumpdiameter":null,"riskratingdate":null,"riskrating":null,"objectid":"5295427","globalid":"5E20433C-A8E1-468C-A49C-92F94DBF2007","tpstructure":"Full","plantingspaceglobalid":"9B6D811B-547F-47A3-B818-15A79CE9AA22","createddate":"2018-04-09 12:14:40.0000000","dbh":"3","planteddate":null,"updateddate":"2018-04-10 08:03:06.0000000","geometry":"POINT(-73.94563432143738 40.63420082884304)","genusspecies":"Prunus - Cherry"}},{"type":"Feature","geometry":{"type":"Point","coordinates":[-73.9455107751829,40.63421268388667]},"properties":{"tpcondition":"Good","stumpdiameter":null,"riskratingdate":null,"riskrating":null,"objectid":"5295428","globalid":"4330AD2E-BD11-4428-BCA7-D3FD65A3633B","tpstructure":"Full","plantingspaceglobalid":"7DEE4BF6-1E29-4ABA-9EB8-DB4DDA21CEF1","createddate":"2018-04-09 12:14:23.0000000","dbh":"3","planteddate":null,"updateddate":"2018-04-10 08:02:49.0000000","geometry":"POINT(-73.9455107751829 40.63421268388667)","genusspecies":"Prunus - Cherry"}},{"type":"Feature","geometry":{"type":"Point","coordinates":[-73.94574691772904,40.63419373413915]},"properties":{"tpcondition":"Good","stumpdiameter":null,"riskratingdate":null,"riskrating":null,"objectid":"5295429","globalid":"8123525B-2DF7-4725-BBD9-6F19082D224F","tpstructure":"Full","plantingspaceglobalid":"EFEB1CEC-23F4-40E8-BE52-7D96D13AC7CB","createddate":"2018-04-09 12:13:50.0000000","dbh":"3","planteddate":null,"updateddate":"2018-04-10 08:02:31.0000000","geometry":"POINT(-73.94574691772904 40.63419373413915)","genusspecies":"Prunus - Cherry"}},{"type":"Feature","geometry":{"type":"Point","coordinates":[-73.94464204055835,40.63277155004824]},"properties":{"tpcondition":"Good","stumpdiameter":null,"riskratingdate":null,"riskrating":null,"objectid":"5295430","globalid":"D7FB39C9-0793-4090-BBBB-8FF9E2153A73","tpstructure":"Full","plantingspaceglobalid":"4A27EA04-75BD-4CE2-A1B5-C302B33829EE","createddate":"2018-04-09 12:07:00.0000000","dbh":"1","planteddate":"2016-12-07 05:00:00.0000000","updateddate":"2019-03-11 14:13:00.0000000","geometry":"POINT(-73.94464204055835 40.63277155004824)","genusspecies":"Quercus palustris - pin oak"}},{"type":"Feature","geometry":{"type":"Point","coordinates":[-73.94462124620189,40.632417984943764]},"properties":{"tpcondition":"Good","stumpdiameter":null,"riskratingdate":null,"riskrating":null,"objectid":"5295431","globalid":"6FD95A66-B2EB-4C60-9941-404041BAB4F7","tpstructure":"Full","plantingspaceglobalid":"C445FE14-507B-492B-A856-BE8AC01CA392","createddate":"2018-04-09 12:06:00.0000000","dbh":"2","planteddate":null,"updateddate":"2018-04-10 12:27:27.0000000","geometry":"POINT(-73.94462124620189 40.632417984943764)","genusspecies":"Acer rubrum - red maple"}},{"type":"Feature","geometry":{"type":"Point","coordinates":[-73.94540230041065,40.63170961396537]},"properties":{"tpcondition":"Unknown","stumpdiameter":"8","riskratingdate":null,"riskrating":null,"objectid":"5295432","globalid":"6886B092-483A-414B-A557-307087269900","tpstructure":"Retired","plantingspaceglobalid":"2D2ABB33-844E-468F-BD39-2CAAB9AE6953","createddate":"2018-04-09 10:31:09.0000000","dbh":"0","planteddate":null,"updateddate":"2018-06-01 00:00:00.0000000","geometry":"POINT(-73.94540230041065 40.63170961396537)","genusspecies":"Unknown - Unknown"}},{"type":"Feature","geometry":{"type":"Point","coordinates":[-73.94300237352873,40.63200321219835]},"properties":{"tpcondition":"Good","stumpdiameter":null,"riskratingdate":null,"riskrating":null,"objectid":"5295433","globalid":"BC535F80-4D65-4A26-A51A-7DC8E8DC696E","tpstructure":"Retired","plantingspaceglobalid":"8E3C68BF-8BD3-4293-8676-13754D19B808","createddate":"2018-04-09 10:21:00.0000000","dbh":"3","planteddate":null,"updateddate":"2023-12-14 17:00:00.0000000","geometry":"POINT(-73.94300237352873 40.63200321219835)","genusspecies":"Prunus cerasifera - cherry plum"}},{"type":"Feature","geometry":{"type":"Point","coordinates":[-73.94314232742731,40.632000302823535]},"properties":{"tpcondition":"Good","stumpdiameter":null,"riskratingdate":null,"riskrating":null,"objectid":"5295434","globalid":"E30B3224-9DF2-49AD-B72D-FD25D4752BE8","tpstructure":"Full","plantingspaceglobalid":"92474A07-3595-478A-BEE3-820429C4CE3F","createddate":"2018-04-09 10:20:47.0000000","dbh":"3","planteddate":null,"updateddate":"2018-04-09 10:21:00.0000000","geometry":"POINT(-73.94314232742731 40.632000302823535)","genusspecies":"Prunus cerasifera - cherry plum"}},{"type":"Feature","geometry":{"type":"Point","coordinates":[-73.9419563714884,40.632982629981676]},"properties":{"tpcondition":"Good","stumpdiameter":null,"riskratingdate":null,"riskrating":null,"objectid":"5295435","globalid":"71B6FFFE-8D67-4A28-9010-5E4784EFDAE3","tpstructure":"Full","plantingspaceglobalid":"C337E98B-D2B1-4E60-817A-CD0CA2A5E8A0","createddate":"2018-04-09 10:09:47.0000000","dbh":"1","planteddate":null,"updateddate":"2018-04-09 10:10:00.0000000","geometry":"POINT(-73.9419563714884 40.632982629981676)","genusspecies":"Prunus - Cherry"}},{"type":"Feature","geometry":{"type":"Point","coordinates":[-73.94195631242741,40.6330505348793]},"properties":{"tpcondition":"Good","stumpdiameter":null,"riskratingdate":null,"riskrating":null,"objectid":"5295436","globalid":"992D341A-408B-42BD-AAB2-D60B33A86829","tpstructure":"Full","plantingspaceglobalid":"BF2814A7-93F1-47F7-BBDE-C9A14F98D863","createddate":"2018-04-09 10:09:16.0000000","dbh":"1","planteddate":null,"updateddate":"2018-04-09 10:09:28.0000000","geometry":"POINT(-73.94195631242741 40.6330505348793)","genusspecies":"Prunus - Cherry"}},{"type":"Feature","geometry":{"type":"Point","coordinates":[-73.94217648623639,40.635215259642884]},"properties":{"tpcondition":"Good","stumpdiameter":null,"riskratingdate":null,"riskrating":null,"objectid":"5295437","globalid":"B931CA1A-CA06-4682-A572-D62A937DD3E3","tpstructure":"Full","plantingspaceglobalid":"CD2C2102-94BB-486D-93A7-EA6095491C5B","createddate":"2018-04-09 09:58:04.0000000","dbh":"7","planteddate":null,"updateddate":"2018-04-09 09:58:19.0000000","geometry":"POINT(-73.94217648623639 40.635215259642884)","genusspecies":"Morus - mulberry"}},{"type":"Feature","geometry":{"type":"Point","coordinates":[-74.16480498308475,40.591678049133435]},"properties":{"tpcondition":"Dead","stumpdiameter":null,"riskratingdate":"2018-04-10 11:34:00.0000000","riskrating":"9","objectid":"5295438","globalid":"DB9343D3-692F-444A-8420-49F59C7AEC78","tpstructure":"Retired","plantingspaceglobalid":"8AA6E454-3ACF-46D5-8000-B56FFD8615B9","createddate":"2018-04-10 11:34:00.0000000","dbh":"12","planteddate":null,"updateddate":"2018-06-01 12:01:00.0000000","geometry":"POINT(-74.16480498308475 40.591678049133435)","genusspecies":"Quercus rubra - northern red oak"}},{"type":"Feature","geometry":{"type":"Point","coordinates":[-74.1007418616213,40.597773395132954]},"properties":{"tpcondition":"Dead","stumpdiameter":null,"riskratingdate":"2018-04-10 09:47:00.0000000","riskrating":"9","objectid":"5295439","globalid":"F420535E-D569-490E-AA37-F7C75B2D6872","tpstructure":"Retired","plantingspaceglobalid":"5AF238F2-16FA-44DB-BB4E-1856356AC218","createddate":"2018-04-10 09:40:00.0000000","dbh":"21","planteddate":null,"updateddate":"2019-10-08 18:19:00.0000000","geometry":"POINT(-74.1007418616213 40.597773395132954)","genusspecies":"Picea - spruce"}},{"type":"Feature","geometry":{"type":"Point","coordinates":[-73.75840293988578,40.73276935337043]},"properties":{"tpcondition":"Good","stumpdiameter":null,"riskratingdate":"2018-04-10 10:27:20.0000000","riskrating":"4","objectid":"5295440","globalid":"44E89E95-2B1B-456E-84AE-186602175D58","tpstructure":"Retired","plantingspaceglobalid":"8A276F94-0551-400A-8EED-D41F03C3695C","createddate":"2018-04-10 10:26:36.0000000","dbh":"45","planteddate":null,"updateddate":"2021-11-12 18:28:47.0000000","geometry":"POINT(-73.75840293988578 40.73276935337043)","genusspecies":"Platanus x acerifolia - London planetree"}},{"type":"Feature","geometry":{"type":"Point","coordinates":[-73.79411294852818,40.87365220465854]},"properties":{"tpcondition":"Dead","stumpdiameter":"0","riskratingdate":null,"riskrating":null,"objectid":"5295441","globalid":"6E9D12C4-FE77-4B6B-B189-B2A9681B440F","tpstructure":"Stump - Uprooted","plantingspaceglobalid":"B7C574E8-B2D0-466B-AA61-B1540C66DD0D","createddate":"2018-04-10 11:13:33.0000000","dbh":null,"planteddate":null,"updateddate":"2023-09-05 17:46:07.0000000","geometry":"POINT(-73.79411294852818 40.87365220465854)","genusspecies":"Quercus palustris - pin oak"}},{"type":"Feature","geometry":{"type":"Point","coordinates":[-73.78925698634322,40.8758445648351]},"properties":{"tpcondition":"Dead","stumpdiameter":"0","riskratingdate":null,"riskrating":null,"objectid":"5295442","globalid":"FC4BF801-E481-4DA1-B454-D36CF371DD1E","tpstructure":"Stump - Uprooted","plantingspaceglobalid":"A0972AAC-5616-4AF2-B437-16B3FB7158BD","createddate":"2018-04-10 09:38:40.0000000","dbh":null,"planteddate":null,"updateddate":"2023-09-05 17:52:16.0000000","geometry":"POINT(-73.78925698634322 40.8758445648351)","genusspecies":"Prunus serotina - black cherry"}},{"type":"Feature","geometry":{"type":"Point","coordinates":[-73.86813564040426,40.857746638381904]},"properties":{"tpcondition":"Fair","stumpdiameter":null,"riskratingdate":"2021-03-25 13:52:28.0000000","riskrating":"4","objectid":"5295443","globalid":"EAE89678-D4AF-447A-AA0B-85780B3DBF84","tpstructure":"Full","plantingspaceglobalid":"F76DBB53-20CC-47BE-B436-FB6EDA1245B6","createddate":"2018-04-10 12:46:19.0000000","dbh":"8","planteddate":null,"updateddate":"2021-03-25 13:52:28.0000000","geometry":"POINT(-73.86813564040426 40.857746638381904)","genusspecies":"Cornus mas 'Golden Glory' - 'Golden Glory' Cornelian cherry dogwood"}},{"type":"Feature","geometry":{"type":"Point","coordinates":[-73.86812001370042,40.85775123162232]},"properties":{"tpcondition":"Fair","stumpdiameter":null,"riskratingdate":"2021-03-25 13:50:07.0000000","riskrating":"4","objectid":"5295444","globalid":"56494E96-45ED-4370-AAE3-8A381A2374F2","tpstructure":"Full","plantingspaceglobalid":"BA472D42-5933-499F-9C70-1E1C332973CF","createddate":"2018-04-10 12:42:02.0000000","dbh":"37","planteddate":null,"updateddate":"2021-03-25 13:50:07.0000000","geometry":"POINT(-73.86812001370042 40.85775123162232)","genusspecies":"Ailanthus altissima - tree of heaven"}},{"type":"Feature","geometry":{"type":"Point","coordinates":[-73.93085146000712,40.863935596706085]},"properties":{"tpcondition":"Good","stumpdiameter":null,"riskratingdate":"2024-06-24 15:06:29.0000000","riskrating":"6","objectid":"5295445","globalid":"7925BE1A-D51A-493B-AF5F-DC2A83FE86DC","tpstructure":"Full","plantingspaceglobalid":"E762EB44-6DA0-4004-BD01-14AE408A9C8B","createddate":"2018-04-10 13:16:19.0000000","dbh":"36","planteddate":null,"updateddate":"2024-06-24 15:06:29.0000000","geometry":"POINT(-73.93085146000712 40.863935596706085)","genusspecies":"Ulmus americana - American elm"}},{"type":"Feature","geometry":{"type":"Point","coordinates":[-73.93046727560814,40.863996047103655]},"properties":{"tpcondition":"Good","stumpdiameter":null,"riskratingdate":"2024-06-24 15:04:26.0000000","riskrating":"7","objectid":"5295446","globalid":"BC99F123-53E2-4E99-89F2-C5EF4C79072E","tpstructure":"Full","plantingspaceglobalid":"6F756FF7-12D0-4464-BDFC-4FD25FFFCE0D","createddate":"2018-04-10 13:15:50.0000000","dbh":"31","planteddate":null,"updateddate":"2024-06-24 15:04:26.0000000","geometry":"POINT(-73.93046727560814 40.863996047103655)","genusspecies":"Ulmus americana - American elm"}},{"type":"Feature","geometry":{"type":"Point","coordinates":[-73.93070119165309,40.8638889730538]},"properties":{"tpcondition":"Good","stumpdiameter":null,"riskratingdate":"2024-06-24 15:07:31.0000000","riskrating":"7","objectid":"5295447","globalid":"32AA00CC-44FC-4C8D-9D45-9EBF1D673D61","tpstructure":"Full","plantingspaceglobalid":"F382C6CC-320F-468B-B8A5-0DE6129B2583","createddate":"2018-04-10 12:54:07.0000000","dbh":"24","planteddate":null,"updateddate":"2024-06-24 15:07:31.0000000","geometry":"POINT(-73.93070119165309 40.8638889730538)","genusspecies":"Ulmus americana - American elm"}},{"type":"Feature","geometry":{"type":"Point","coordinates":[-73.93007702213413,40.86376839243041]},"properties":{"tpcondition":"Good","stumpdiameter":null,"riskratingdate":"2024-06-24 15:12:33.0000000","riskrating":"6","objectid":"5295448","globalid":"AFDA84DF-4425-459B-99D8-F38808BDC137","tpstructure":"Full","plantingspaceglobalid":"D7D8528B-9859-4B52-9830-F8DFA9523D71","createddate":"2018-04-10 12:39:43.0000000","dbh":"33","planteddate":null,"updateddate":"2024-06-24 15:12:33.0000000","geometry":"POINT(-73.93007702213413 40.86376839243041)","genusspecies":"Ulmus americana - American elm"}},{"type":"Feature","geometry":{"type":"Point","coordinates":[-73.9302986930347,40.86188732428821]},"properties":{"tpcondition":"Poor","stumpdiameter":null,"riskratingdate":"2024-05-31 11:45:00.0000000","riskrating":"9","objectid":"5295449","globalid":"583BEF53-BE66-4BA1-B9A9-EFA1B38125BB","tpstructure":"Stump","plantingspaceglobalid":"D193E51B-A77A-4C42-A73D-CD22F7E553DE","createddate":"2018-04-10 12:32:00.0000000","dbh":"47","planteddate":null,"updateddate":"2024-06-17 14:46:00.0000000","geometry":"POINT(-73.9302986930347 40.86188732428821)","genusspecies":"Ulmus americana - American elm"}},{"type":"Feature","geometry":{"type":"Point","coordinates":[-73.93047172053213,40.861482228147]},"properties":{"tpcondition":"Good","stumpdiameter":null,"riskratingdate":"2024-06-24 15:24:30.0000000","riskrating":"5","objectid":"5295450","globalid":"98C89A9F-56E0-4FF6-905A-6713E3797E18","tpstructure":"Full","plantingspaceglobalid":"DB599233-83E3-43C6-ABB1-D261923AA79E","createddate":"2018-04-10 12:26:36.0000000","dbh":"35","planteddate":null,"updateddate":"2024-06-24 15:24:30.0000000","geometry":"POINT(-73.93047172053213 40.861482228147)","genusspecies":"Ulmus americana - American elm"}},{"type":"Feature","geometry":{"type":"Point","coordinates":[-73.93093319733319,40.860778983335784]},"properties":{"tpcondition":"Good","stumpdiameter":null,"riskratingdate":"2024-06-24 15:26:37.0000000","riskrating":"6","objectid":"5295451","globalid":"8BED08E8-D383-4809-A14D-FBC20873DB7B","tpstructure":"Full","plantingspaceglobalid":"E42A00A5-C240-4C12-BBC1-DAF31547EA7A","createddate":"2018-04-10 12:21:38.0000000","dbh":"35","planteddate":null,"updateddate":"2024-06-24 15:26:37.0000000","geometry":"POINT(-73.93093319733319 40.860778983335784)","genusspecies":"Ulmus americana - American elm"}},{"type":"Feature","geometry":{"type":"Point","coordinates":[-73.93096462749124,40.86073254238379]},"properties":{"tpcondition":"Good","stumpdiameter":null,"riskratingdate":"2024-06-24 15:27:43.0000000","riskrating":"5","objectid":"5295452","globalid":"FBA971F7-B5F2-4DE8-8C07-79FC652244D3","tpstructure":"Full","plantingspaceglobalid":"85017269-F1FF-484B-A2BA-3781280D2CAF","createddate":"2018-04-10 12:18:37.0000000","dbh":"22","planteddate":null,"updateddate":"2024-06-24 15:27:43.0000000","geometry":"POINT(-73.93096462749124 40.86073254238379)","genusspecies":"Ulmus americana - American elm"}},{"type":"Feature","geometry":{"type":"Point","coordinates":[-73.9309719573975,40.860619923729836]},"properties":{"tpcondition":"Good","stumpdiameter":null,"riskratingdate":"2023-09-06 17:03:38.0000000","riskrating":"5","objectid":"5295453","globalid":"9C60F3E5-511F-4C0D-8E25-98053D0400F3","tpstructure":"Full","plantingspaceglobalid":"C2907626-65AE-48DA-94FC-63B9D6627A24","createddate":"2018-04-10 12:17:27.0000000","dbh":"14","planteddate":null,"updateddate":"2023-09-06 17:06:26.0000000","geometry":"POINT(-73.9309719573975 40.860619923729836)","genusspecies":"Carya ovata - shagbark hickory"}},{"type":"Feature","geometry":{"type":"Point","coordinates":[-73.93095094920511,40.860660863796426]},"properties":{"tpcondition":"Good","stumpdiameter":null,"riskratingdate":"2024-06-24 15:29:47.0000000","riskrating":"5","objectid":"5295454","globalid":"D0C4323C-4492-4B74-B810-C6A98E3D3622","tpstructure":"Full","plantingspaceglobalid":"81BE0F52-7F84-4A13-AA99-B07EC86CDE02","createddate":"2018-04-10 12:12:17.0000000","dbh":"18","planteddate":null,"updateddate":"2024-06-24 15:29:47.0000000","geometry":"POINT(-73.93095094920511 40.860660863796426)","genusspecies":"Ulmus americana - American elm"}},{"type":"Feature","geometry":{"type":"Point","coordinates":[-73.93126282241859,40.86066481769046]},"properties":{"tpcondition":"Good","stumpdiameter":null,"riskratingdate":"2024-06-24 15:32:08.0000000","riskrating":"6","objectid":"5295455","globalid":"003A2427-7279-423B-9DCB-CD79FEAF8DF3","tpstructure":"Full","plantingspaceglobalid":"F7B6CE62-F39D-41B2-8C96-E8451AFDDDF9","createddate":"2018-04-10 12:10:14.0000000","dbh":"28","planteddate":null,"updateddate":"2024-06-24 15:32:08.0000000","geometry":"POINT(-73.93126282241859 40.86066481769046)","genusspecies":"Ulmus americana - American elm"}},{"type":"Feature","geometry":{"type":"Point","coordinates":[-73.93135348460731,40.86049128998579]},"properties":{"tpcondition":"Good","stumpdiameter":null,"riskratingdate":"2024-06-24 15:36:50.0000000","riskrating":"5","objectid":"5295456","globalid":"42E11709-09FB-4937-A201-CB5E30691F81","tpstructure":"Full","plantingspaceglobalid":"2161AF0D-CEF1-4D00-8376-A17122BDBB0B","createddate":"2018-04-10 12:08:21.0000000","dbh":"22","planteddate":null,"updateddate":"2024-06-24 15:36:50.0000000","geometry":"POINT(-73.93135348460731 40.86049128998579)","genusspecies":"Ulmus americana - American elm"}},{"type":"Feature","geometry":{"type":"Point","coordinates":[-73.93131501415391,40.86006240828455]},"properties":{"tpcondition":"Good","stumpdiameter":null,"riskratingdate":"2025-02-28 15:06:07.0000000","riskrating":"5","objectid":"5295457","globalid":"7AAD8B78-3F4C-44B4-B9D5-F4C94A8497F5","tpstructure":"Full","plantingspaceglobalid":"5281F52F-D6F2-40A9-9667-A7C88970777D","createddate":"2018-04-10 12:04:13.0000000","dbh":"16","planteddate":null,"updateddate":"2025-02-28 15:06:07.0000000","geometry":"POINT(-73.93131501415391 40.86006240828455)","genusspecies":"Ulmus americana - American elm"}},{"type":"Feature","geometry":{"type":"Point","coordinates":[-73.9316314983051,40.85959609785652]},"properties":{"tpcondition":"Good","stumpdiameter":null,"riskratingdate":"2024-06-24 15:42:36.0000000","riskrating":"7","objectid":"5295458","globalid":"81E44902-6BE7-48E8-8EEF-5EBB507ACDF9","tpstructure":"Full","plantingspaceglobalid":"9B644977-6F85-4737-9F0C-E16F2F5D2C8D","createddate":"2018-04-10 12:00:31.0000000","dbh":"25","planteddate":null,"updateddate":"2024-06-24 15:42:36.0000000","geometry":"POINT(-73.9316314983051 40.85959609785652)","genusspecies":"Ulmus americana - American elm"}},{"type":"Feature","geometry":{"type":"Point","coordinates":[-73.93158135886736,40.859528165391275]},"properties":{"tpcondition":"Good","stumpdiameter":null,"riskratingdate":"2024-06-24 15:41:31.0000000","riskrating":"5","objectid":"5295459","globalid":"8794B7CC-6801-42D5-A5E4-3106B293C301","tpstructure":"Full","plantingspaceglobalid":"FE5CBA71-3C46-4CF2-869C-EC9D032891E6","createddate":"2018-04-10 11:59:42.0000000","dbh":"24","planteddate":null,"updateddate":"2024-06-24 15:41:31.0000000","geometry":"POINT(-73.93158135886736 40.859528165391275)","genusspecies":"Ulmus americana - American elm"}},{"type":"Feature","geometry":{"type":"Point","coordinates":[-73.93146363881307,40.85966505206713]},"properties":{"tpcondition":"Good","stumpdiameter":null,"riskratingdate":"2024-06-24 15:38:57.0000000","riskrating":"5","objectid":"5295460","globalid":"E34B56A5-365B-46FF-BA5F-61269937258D","tpstructure":"Full","plantingspaceglobalid":"304EB55F-F441-47D7-AEF9-F9BD62F68AC6","createddate":"2018-04-10 11:56:46.0000000","dbh":"39","planteddate":null,"updateddate":"2024-06-24 15:38:57.0000000","geometry":"POINT(-73.93146363881307 40.85966505206713)","genusspecies":"Ulmus americana - American elm"}},{"type":"Feature","geometry":{"type":"Point","coordinates":[-73.93145584162487,40.859520942661575]},"properties":{"tpcondition":"Good","stumpdiameter":null,"riskratingdate":"2024-06-24 15:40:09.0000000","riskrating":"5","objectid":"5295461","globalid":"8F523CC8-4034-4582-9DF3-4449B135C1E8","tpstructure":"Full","plantingspaceglobalid":"F25C0016-B972-49CF-B80C-3BA380CCC80B","createddate":"2018-04-10 11:55:10.0000000","dbh":"24","planteddate":null,"updateddate":"2024-06-24 15:40:09.0000000","geometry":"POINT(-73.93145584162487 40.859520942661575)","genusspecies":"Ulmus americana - American elm"}},{"type":"Feature","geometry":{"type":"Point","coordinates":[-73.93169350872083,40.861226199301875]},"properties":{"tpcondition":"Good","stumpdiameter":null,"riskratingdate":"2025-02-28 15:07:14.0000000","riskrating":"5","objectid":"5295462","globalid":"5F441EEA-C5B7-4754-A9C2-F735B18045F9","tpstructure":"Full","plantingspaceglobalid":"58F984AC-39C1-4826-BA97-022FA7CA2DDF","createddate":"2018-04-10 11:42:35.0000000","dbh":"17","planteddate":null,"updateddate":"2025-02-28 15:07:14.0000000","geometry":"POINT(-73.93169350872083 40.861226199301875)","genusspecies":"Ulmus americana - American elm"}},{"type":"Feature","geometry":{"type":"Point","coordinates":[-73.75318230669627,40.75860184709365]},"properties":{"tpcondition":"Good","stumpdiameter":null,"riskratingdate":"2018-04-10 13:06:02.0000000","riskrating":"10","objectid":"5295463","globalid":"7E2F3150-572D-4F38-AE20-555448C3C8E5","tpstructure":"Full","plantingspaceglobalid":"BFBF7A8D-9F90-4D83-861B-B3269C83B0C6","createddate":"2018-04-10 13:05:30.0000000","dbh":"25","planteddate":null,"updateddate":"2018-04-10 13:06:02.0000000","geometry":"POINT(-73.75318230669627 40.75860184709365)","genusspecies":"Platanus x acerifolia - London planetree"}},{"type":"Feature","geometry":{"type":"Point","coordinates":[-73.7533623905049,40.75861189089494]},"properties":{"tpcondition":"Fair","stumpdiameter":null,"riskratingdate":"2023-04-28 11:32:27.0000000","riskrating":"9","objectid":"5295464","globalid":"691FC753-B710-491E-9923-F3D154A831E8","tpstructure":"Full","plantingspaceglobalid":"1E6DC315-3538-48DC-8A96-664EF06E851E","createddate":"2018-04-10 13:02:18.0000000","dbh":"21","planteddate":null,"updateddate":"2023-04-28 11:32:27.0000000","geometry":"POINT(-73.7533623905049 40.75861189089494)","genusspecies":"Platanus x acerifolia - London planetree"}},{"type":"Feature","geometry":{"type":"Point","coordinates":[-73.74943215326063,40.74026135124842]},"properties":{"tpcondition":"Good","stumpdiameter":null,"riskratingdate":"2018-04-10 12:13:04.0000000","riskrating":"10","objectid":"5295465","globalid":"F43DF60C-13AA-48C9-88F5-2116D7FDA8B4","tpstructure":"Full","plantingspaceglobalid":"1E75EC76-BAC5-4543-A7BE-21BACCD4A2B9","createddate":"2018-04-10 12:12:27.0000000","dbh":"35","planteddate":null,"updateddate":"2018-04-10 12:13:04.0000000","geometry":"POINT(-73.74943215326063 40.74026135124842)","genusspecies":"Quercus - Oak"}},{"type":"Feature","geometry":{"type":"Point","coordinates":[-73.74649821391088,40.742623032722584]},"properties":{"tpcondition":"Good","stumpdiameter":null,"riskratingdate":"2018-04-10 11:56:05.0000000","riskrating":"9","objectid":"5295466","globalid":"E6B314B0-45E8-4D0A-A1F1-B020155849AC","tpstructure":"Full","plantingspaceglobalid":"39946512-4B9F-460D-AFD8-6979D1B7B9A0","createddate":"2018-04-10 11:55:25.0000000","dbh":"10","planteddate":null,"updateddate":"2018-04-10 11:56:05.0000000","geometry":"POINT(-73.74649821391088 40.742623032722584)","genusspecies":"Prunus serotina - black cherry"}},{"type":"Feature","geometry":{"type":"Point","coordinates":[-73.74804819980126,40.74209895758767]},"properties":{"tpcondition":"Good","stumpdiameter":null,"riskratingdate":"2018-04-10 11:39:58.0000000","riskrating":"9","objectid":"5295467","globalid":"62C57ECE-DD48-4DA2-8200-BB9CCBA5F160","tpstructure":"Full","plantingspaceglobalid":"0F878000-F4FB-4A47-A677-FBA5E1F61C02","createddate":"2018-04-10 11:39:18.0000000","dbh":"24","planteddate":null,"updateddate":"2018-08-30 19:11:32.0000000","geometry":"POINT(-73.74804819980126 40.74209895758767)","genusspecies":"Quercus - Oak"}},{"type":"Feature","geometry":{"type":"Point","coordinates":[-73.74958479886314,40.74267632949566]},"properties":{"tpcondition":"Good","stumpdiameter":null,"riskratingdate":"2023-12-26 15:11:11.0000000","riskrating":"9","objectid":"5295468","globalid":"96A3A6A5-DA7E-4A62-BCB0-016324D5B3E3","tpstructure":"Full","plantingspaceglobalid":"F599DBFA-97F0-4E61-9BE6-A8F771996FA8","createddate":"2018-04-10 11:20:00.0000000","dbh":"39","planteddate":null,"updateddate":"2023-12-26 15:11:11.0000000","geometry":"POINT(-73.74958479886314 40.74267632949566)","genusspecies":"Quercus - Oak"}},{"type":"Feature","geometry":{"type":"Point","coordinates":[-73.75028633892843,40.74231630525277]},"properties":{"tpcondition":"Good","stumpdiameter":null,"riskratingdate":"2018-04-10 10:55:00.0000000","riskrating":"10","objectid":"5295469","globalid":"F34A4229-0B4F-4088-912F-A18EF36D5C65","tpstructure":"Full","plantingspaceglobalid":"A07B29C4-51C5-47C7-B1AD-4A47395D935A","createddate":"2018-04-10 10:54:23.0000000","dbh":"32","planteddate":null,"updateddate":"2018-04-10 10:55:00.0000000","geometry":"POINT(-73.75028633892843 40.74231630525277)","genusspecies":"Quercus - Oak"}},{"type":"Feature","geometry":{"type":"Point","coordinates":[-74.09248876122713,40.63049365003245]},"properties":{"tpcondition":"Poor","stumpdiameter":"26","riskratingdate":"2018-04-10 11:40:00.0000000","riskrating":"11","objectid":"5295470","globalid":"719AA48F-6DDE-4ABC-9538-0A29F657AFC5","tpstructure":"Retired","plantingspaceglobalid":"54DAB507-4FED-478F-BAC9-5048B47C73C0","createddate":"2018-04-10 11:39:00.0000000","dbh":"23","planteddate":null,"updateddate":"2018-11-16 15:14:49.0000000","geometry":"POINT(-74.09248876122713 40.63049365003245)","genusspecies":"Acer saccharum - sugar maple"}},{"type":"Feature","geometry":{"type":"Point","coordinates":[-73.94515294194206,40.66282510367625]},"properties":{"tpcondition":"Fair","stumpdiameter":null,"riskratingdate":null,"riskrating":null,"objectid":"5295471","globalid":"723A9C18-0801-4F1F-B1BC-ED38E67A0EF9","tpstructure":"Retired","plantingspaceglobalid":"E6F3332E-57A3-4A02-BA9B-EC2A94FDE5D3","createddate":"2018-04-10 14:19:07.0000000","dbh":"26","planteddate":null,"updateddate":"2023-12-01 17:00:22.0000000","geometry":"POINT(-73.94515294194206 40.66282510367625)","genusspecies":"Acer saccharinum - silver maple"}},{"type":"Feature","geometry":{"type":"Point","coordinates":[-73.75051849007065,40.686819946674206]},"properties":{"tpcondition":"Dead","stumpdiameter":"6","riskratingdate":null,"riskrating":null,"objectid":"5295472","globalid":"ED003485-6F86-4320-BF83-3128FE0E22DC","tpstructure":"Retired","plantingspaceglobalid":"7C06F7F1-C33E-4006-B394-B7ADF54F6F32","createddate":"2018-04-11 07:40:00.0000000","dbh":"0","planteddate":null,"updateddate":"2018-05-04 12:56:00.0000000","geometry":"POINT(-73.75051849007065 40.686819946674206)","genusspecies":"Unknown - Unknown"}},{"type":"Feature","geometry":{"type":"Point","coordinates":[-73.82497001054301,40.84023717381891]},"properties":{"tpcondition":"Fair","stumpdiameter":null,"riskratingdate":null,"riskrating":null,"objectid":"5295473","globalid":"B331F213-26D6-4017-9342-B85C43C3E18B","tpstructure":"Retired","plantingspaceglobalid":"A4437875-C119-4CB3-8028-BEAD5EC925B3","createddate":"2018-04-11 13:59:50.0000000","dbh":"2","planteddate":null,"updateddate":"2024-07-10 18:06:44.0000000","geometry":"POINT(-73.82497001054301 40.84023717381891)","genusspecies":"Quercus bicolor - swamp white oak"}},{"type":"Feature","geometry":{"type":"Point","coordinates":[-73.82513809662944,40.842148719342426]},"properties":{"tpcondition":"Dead","stumpdiameter":null,"riskratingdate":"2025-05-22 13:57:52.0000000","riskrating":"4","objectid":"5295474","globalid":"37081EC6-8E2B-4BD6-9E9A-6696FAF83CAA","tpstructure":"Full","plantingspaceglobalid":"7B39AE43-4BC0-46BC-A1ED-606268F03E5E","createddate":"2018-04-11 13:04:58.0000000","dbh":"1","planteddate":null,"updateddate":"2025-05-22 13:57:52.0000000","geometry":"POINT(-73.82513809662944 40.842148719342426)","genusspecies":"Acer ginnala 'Flame' - 'Flame' Amur maple"}},{"type":"Feature","geometry":{"type":"Point","coordinates":[-73.82514702055627,40.84203615730933]},"properties":{"tpcondition":"Fair","stumpdiameter":null,"riskratingdate":"2024-07-11 13:18:07.0000000","riskrating":"3","objectid":"5295475","globalid":"D89E2649-161E-4729-A55D-4F70FFBC9D1A","tpstructure":"Full","plantingspaceglobalid":"71AA058C-8B36-4463-8B67-A7B35747A56A","createddate":"2018-04-11 13:03:08.0000000","dbh":"3","planteddate":null,"updateddate":"2024-07-11 13:18:07.0000000","geometry":"POINT(-73.82514702055627 40.84203615730933)","genusspecies":"Acer ginnala 'Flame' - 'Flame' Amur maple"}},{"type":"Feature","geometry":{"type":"Point","coordinates":[-73.82767331076501,40.84878259837857]},"properties":{"tpcondition":"Dead","stumpdiameter":"20","riskratingdate":null,"riskrating":null,"objectid":"5295476","globalid":"A3329EF5-37B0-49E2-86A0-714B3E8D1478","tpstructure":"Stump - Uprooted","plantingspaceglobalid":"76352D01-7B12-4EE9-B817-3FE0D00DC203","createddate":"2018-04-11 12:26:45.0000000","dbh":null,"planteddate":null,"updateddate":"2024-01-12 15:06:09.0000000","geometry":"POINT(-73.82767331076501 40.84878259837857)","genusspecies":"Unknown - Unknown"}},{"type":"Feature","geometry":{"type":"Point","coordinates":[-73.82919262249328,40.85208396064081]},"properties":{"tpcondition":"Good","stumpdiameter":null,"riskratingdate":"2023-11-03 14:30:32.0000000","riskrating":"3","objectid":"5295477","globalid":"5F351CED-69C5-4288-A49B-6A536274206A","tpstructure":"Full","plantingspaceglobalid":"EA719C71-1DE4-4C98-9D51-7800E41713F7","createddate":"2018-04-11 11:24:48.0000000","dbh":"5","planteddate":null,"updateddate":"2023-11-03 14:30:32.0000000","geometry":"POINT(-73.82919262249328 40.85208396064081)","genusspecies":"Quercus imbricaria - shingle oak"}},{"type":"Feature","geometry":{"type":"Point","coordinates":[-73.82911172180123,40.85212434414808]},"properties":{"tpcondition":"Good","stumpdiameter":null,"riskratingdate":"2023-11-03 14:29:10.0000000","riskrating":"5","objectid":"5295478","globalid":"1AD2089C-FCC8-465B-9622-50C93E6F49CF","tpstructure":"Full","plantingspaceglobalid":"A30D7148-C3FA-4DC0-B2EB-5394571D1DF7","createddate":"2018-04-11 11:21:59.0000000","dbh":"5","planteddate":null,"updateddate":"2023-11-03 14:29:10.0000000","geometry":"POINT(-73.82911172180123 40.85212434414808)","genusspecies":"Quercus acutissima - sawtooth oak"}},{"type":"Feature","geometry":{"type":"Point","coordinates":[-73.82883523662551,40.852265100323656]},"properties":{"tpcondition":"Good","stumpdiameter":null,"riskratingdate":"2023-11-03 14:25:29.0000000","riskrating":"3","objectid":"5295479","globalid":"CD52ED40-4177-434B-B6A3-F69EF556CCC8","tpstructure":"Full","plantingspaceglobalid":"BF9EF1DE-8A98-4F27-A099-E1EB654CFF58","createddate":"2018-04-11 11:19:39.0000000","dbh":"3","planteddate":null,"updateddate":"2023-11-03 14:25:29.0000000","geometry":"POINT(-73.82883523662551 40.852265100323656)","genusspecies":"Gymnocladus dioicus - Kentucky coffeetree"}},{"type":"Feature","geometry":{"type":"Point","coordinates":[-73.82846041160124,40.8524193474195]},"properties":{"tpcondition":"Good","stumpdiameter":null,"riskratingdate":"2025-07-22 14:32:20.0000000","riskrating":"5","objectid":"5295480","globalid":"2F7EDE14-A928-4E53-AD38-6C254DA98980","tpstructure":"Full","plantingspaceglobalid":"D2165465-DE66-4600-B3B9-5C43EFA8F259","createddate":"2018-04-11 11:16:30.0000000","dbh":"7","planteddate":null,"updateddate":"2025-07-22 14:32:20.0000000","geometry":"POINT(-73.82846041160124 40.8524193474195)","genusspecies":"Gymnocladus dioicus - Kentucky coffeetree"}},{"type":"Feature","geometry":{"type":"Point","coordinates":[-73.82858955604337,40.85213436761787]},"properties":{"tpcondition":"Good","stumpdiameter":null,"riskratingdate":"2023-11-03 12:46:30.0000000","riskrating":"6","objectid":"5295481","globalid":"4FECA5C3-0A21-465E-A2A0-68C8A2EB53DB","tpstructure":"Full","plantingspaceglobalid":"A1CF2BAA-F44C-411B-BC3C-D6C7BE327DCC","createddate":"2018-04-11 10:55:14.0000000","dbh":"11","planteddate":null,"updateddate":"2023-11-03 12:46:30.0000000","geometry":"POINT(-73.82858955604337 40.85213436761787)","genusspecies":"Pyrus calleryana 'Aristocrat' - 'Aristocrat' Callery pear"}},{"type":"Feature","geometry":{"type":"Point","coordinates":[-73.82882723728723,40.85202028105615]},"properties":{"tpcondition":"Good","stumpdiameter":null,"riskratingdate":"2023-11-03 12:42:15.0000000","riskrating":"6","objectid":"5295482","globalid":"66F64CB1-DEAD-4AF0-AC9D-F439D049CBCF","tpstructure":"Full","plantingspaceglobalid":"0C96C088-DFCC-47BF-A61B-B5E0FBB3DFCE","createddate":"2018-04-11 10:48:48.0000000","dbh":"4","planteddate":null,"updateddate":"2023-11-03 12:42:15.0000000","geometry":"POINT(-73.82882723728723 40.85202028105615)","genusspecies":"Gymnocladus dioicus - Kentucky coffeetree"}},{"type":"Feature","geometry":{"type":"Point","coordinates":[-73.9292973846006,40.86453255364962]},"properties":{"tpcondition":"Dead","stumpdiameter":"10","riskratingdate":null,"riskrating":null,"objectid":"5295814","globalid":"61CB2A20-B4D0-43DA-9C00-0ECE481A5732","tpstructure":"Retired","plantingspaceglobalid":"FEA90B8D-BEDB-4422-B89D-8BEA7BFF2C9F","createddate":"2018-04-09 15:57:00.0000000","dbh":"10","planteddate":null,"updateddate":"2018-05-01 13:55:00.0000000","geometry":"POINT(-73.9292973846006 40.86453255364962)","genusspecies":"Unknown - Unknown"}},{"type":"Feature","geometry":{"type":"Point","coordinates":[-73.9314280350163,40.865770463634746]},"properties":{"tpcondition":"Dead","stumpdiameter":"28","riskratingdate":null,"riskrating":null,"objectid":"5295815","globalid":"49791D97-EBF2-4025-9B4F-714B925AB9B1","tpstructure":"Retired","plantingspaceglobalid":"94932159-75C0-44F6-B440-8C9D06C1FCD8","createddate":"2018-04-09 14:56:49.0000000","dbh":"28","planteddate":null,"updateddate":"2018-05-01 09:17:51.0000000","geometry":"POINT(-73.9314280350163 40.865770463634746)","genusspecies":"Unknown - Unknown"}},{"type":"Feature","geometry":{"type":"Point","coordinates":[-73.9307590021133,40.86520879233753]},"properties":{"tpcondition":"Dead","stumpdiameter":"9","riskratingdate":null,"riskrating":null,"objectid":"5295816","globalid":"1568F00B-6996-4FCD-81A6-21E8E21DDF9C","tpstructure":"Retired","plantingspaceglobalid":"582E00B4-D393-4101-A871-3E588F2E7E09","createddate":"2018-04-09 14:48:25.0000000","dbh":"9","planteddate":null,"updateddate":"2018-05-01 09:23:54.0000000","geometry":"POINT(-73.9307590021133 40.86520879233753)","genusspecies":"Unknown - Unknown"}},{"type":"Feature","geometry":{"type":"Point","coordinates":[-73.95718605423285,40.80838278793286]},"properties":{"tpcondition":"Poor","stumpdiameter":null,"riskratingdate":"2018-04-10 10:52:32.0000000","riskrating":"9","objectid":"5295817","globalid":"1577723D-F030-4185-BC6B-12B8BEE4BC9B","tpstructure":"Retired","plantingspaceglobalid":"58290953-118F-4ED5-8FD7-200A61C64200","createddate":"2018-04-10 10:50:45.0000000","dbh":"31","planteddate":null,"updateddate":"2018-05-10 08:05:47.0000000","geometry":"POINT(-73.95718605423285 40.80838278793286)","genusspecies":"Acer platanoides - Norway maple"}},{"type":"Feature","geometry":{"type":"Point","coordinates":[-73.8280838733411,40.84723347831028]},"properties":{"tpcondition":"Dead","stumpdiameter":"13","riskratingdate":null,"riskrating":null,"objectid":"5295818","globalid":"48BF3F38-7F31-4695-A3B2-037C5EFFE8BA","tpstructure":"Retired","plantingspaceglobalid":"D7B8B001-8EE9-42A8-A6DB-68A75D450E84","createddate":"2018-04-10 14:24:33.0000000","dbh":"12","planteddate":null,"updateddate":"2023-08-29 17:10:27.0000000","geometry":"POINT(-73.8280838733411 40.84723347831028)","genusspecies":"Unknown - Unknown"}},{"type":"Feature","geometry":{"type":"Point","coordinates":[-73.82857439623315,40.846107261436046]},"properties":{"tpcondition":"Excellent","stumpdiameter":null,"riskratingdate":"2023-11-03 13:19:43.0000000","riskrating":"6","objectid":"5295819","globalid":"E741DDB8-8E8A-4843-A8F3-0E916CEB7665","tpstructure":"Full","plantingspaceglobalid":"B7E79659-C896-44A4-B25B-26AF359D0B61","createddate":"2018-04-10 13:55:19.0000000","dbh":"6","planteddate":null,"updateddate":"2023-11-03 13:19:43.0000000","geometry":"POINT(-73.82857439623315 40.846107261436046)","genusspecies":"Quercus - Oak"}},{"type":"Feature","geometry":{"type":"Point","coordinates":[-73.8286707921098,40.84469416010143]},"properties":{"tpcondition":"Fair","stumpdiameter":null,"riskratingdate":"2023-11-08 15:29:57.0000000","riskrating":"7","objectid":"5295820","globalid":"0C161CA8-16EC-4BD9-890E-B17F03064CE0","tpstructure":"Full","plantingspaceglobalid":"B624C0E2-CCE1-41C1-A44B-01F847437170","createddate":"2018-04-10 13:22:09.0000000","dbh":"24","planteddate":null,"updateddate":"2023-11-08 15:29:57.0000000","geometry":"POINT(-73.8286707921098 40.84469416010143)","genusspecies":"Morus - mulberry"}},{"type":"Feature","geometry":{"type":"Point","coordinates":[-73.82896579883342,40.84515609945185]},"properties":{"tpcondition":"Good","stumpdiameter":null,"riskratingdate":"2023-11-08 15:18:59.0000000","riskrating":"3","objectid":"5295821","globalid":"1A70EFCC-67FE-40CA-903A-6129C8B6EC0A","tpstructure":"Full","plantingspaceglobalid":"C322EBDE-CF65-4D8B-9B23-E291910FAF6E","createddate":"2018-04-10 13:01:58.0000000","dbh":"4","planteddate":null,"updateddate":"2023-11-08 15:18:59.0000000","geometry":"POINT(-73.82896579883342 40.84515609945185)","genusspecies":"Gleditsia triacanthos var. inermis 'Halka' - 'Halka' Thornless honeylocust"}},{"type":"Feature","geometry":{"type":"Point","coordinates":[-73.82913609523517,40.84542617699196]},"properties":{"tpcondition":"Good","stumpdiameter":null,"riskratingdate":"2023-11-08 15:15:19.0000000","riskrating":"3","objectid":"5295822","globalid":"546163F6-639D-4C63-A82A-D96ABCAF9336","tpstructure":"Full","plantingspaceglobalid":"36F8C85B-FC61-445D-ADB1-D175E983782C","createddate":"2018-04-10 12:58:21.0000000","dbh":"5","planteddate":null,"updateddate":"2023-11-08 15:15:19.0000000","geometry":"POINT(-73.82913609523517 40.84542617699196)","genusspecies":"Gleditsia triacanthos var. inermis 'Halka' - 'Halka' Thornless honeylocust"}},{"type":"Feature","geometry":{"type":"Point","coordinates":[-73.82921187863954,40.84554303438053]},"properties":{"tpcondition":"Good","stumpdiameter":null,"riskratingdate":"2023-11-08 15:14:12.0000000","riskrating":"3","objectid":"5295823","globalid":"23F0891F-774F-4808-8C3B-0D2E3A5FBB94","tpstructure":"Full","plantingspaceglobalid":"37FD5F93-517C-4063-BEBB-30E56197D8C8","createddate":"2018-04-10 12:57:18.0000000","dbh":"5","planteddate":null,"updateddate":"2023-11-08 15:14:12.0000000","geometry":"POINT(-73.82921187863954 40.84554303438053)","genusspecies":"Gleditsia triacanthos var. inermis - Thornless honeylocust"}},{"type":"Feature","geometry":{"type":"Point","coordinates":[-73.82926032072723,40.84561636987508]},"properties":{"tpcondition":"Good","stumpdiameter":null,"riskratingdate":"2023-11-08 15:13:08.0000000","riskrating":"6","objectid":"5295824","globalid":"0A383878-6F31-4A16-A5D8-BE09AD0598C1","tpstructure":"Full","plantingspaceglobalid":"16012260-7FB1-40A3-B39E-4002ED70BAD4","createddate":"2018-04-10 12:56:01.0000000","dbh":"5","planteddate":null,"updateddate":"2023-11-08 15:13:08.0000000","geometry":"POINT(-73.82926032072723 40.84561636987508)","genusspecies":"Gleditsia triacanthos var. inermis - Thornless honeylocust"}},{"type":"Feature","geometry":{"type":"Point","coordinates":[-73.82933405054268,40.84572906475791]},"properties":{"tpcondition":"Good","stumpdiameter":null,"riskratingdate":"2023-11-08 15:12:01.0000000","riskrating":"3","objectid":"5295825","globalid":"A6AD43D2-36BE-4237-8036-1249A4E355D9","tpstructure":"Full","plantingspaceglobalid":"032451BD-0F13-4472-B861-73FCC3960CEB","createddate":"2018-04-10 12:49:46.0000000","dbh":"5","planteddate":null,"updateddate":"2023-11-08 15:12:01.0000000","geometry":"POINT(-73.82933405054268 40.84572906475791)","genusspecies":"Gleditsia triacanthos var. inermis - Thornless honeylocust"}},{"type":"Feature","geometry":{"type":"Point","coordinates":[-73.83003055452511,40.84679013544612]},"properties":{"tpcondition":"Dead","stumpdiameter":null,"riskratingdate":"2023-08-16 15:22:25.0000000","riskrating":"7","objectid":"5295826","globalid":"E6692627-F203-4BEA-9B4B-31A46596CFE4","tpstructure":"Retired","plantingspaceglobalid":"FED60692-D2EC-4399-A9C9-EA146707512A","createddate":"2018-04-10 12:29:29.0000000","dbh":"4","planteddate":null,"updateddate":"2024-09-26 15:20:27.0000000","geometry":"POINT(-73.83003055452511 40.84679013544612)","genusspecies":"Platanus x acerifolia 'Bloodgood' - 'Bloodgood' London planetree"}},{"type":"Feature","geometry":{"type":"Point","coordinates":[-73.83043859878481,40.84740934170718]},"properties":{"tpcondition":"Fair","stumpdiameter":null,"riskratingdate":"2025-02-18 15:17:16.0000000","riskrating":"6","objectid":"5295827","globalid":"E1E9F69B-B82D-4C66-A033-282F7BD07D78","tpstructure":"Full","plantingspaceglobalid":"EDD6C6DC-3F30-495E-A866-71ADB84EA9F5","createddate":"2018-04-10 12:19:00.0000000","dbh":"5","planteddate":null,"updateddate":"2025-02-18 15:17:16.0000000","geometry":"POINT(-73.83043859878481 40.84740934170718)","genusspecies":"Aesculus x carnea - red horse-chestnut"}},{"type":"Feature","geometry":{"type":"Point","coordinates":[-73.83039594944594,40.84756510880154]},"properties":{"tpcondition":"Good","stumpdiameter":null,"riskratingdate":"2024-02-14 15:38:51.0000000","riskrating":"3","objectid":"5295828","globalid":"DFFCE716-7518-458C-AD17-CA9F9D406DD5","tpstructure":"Full","plantingspaceglobalid":"624C93A4-AAA2-44DA-90E4-51D3EBE91F63","createddate":"2018-04-10 12:08:21.0000000","dbh":"8","planteddate":null,"updateddate":"2024-02-14 15:38:51.0000000","geometry":"POINT(-73.83039594944594 40.84756510880154)","genusspecies":"Celtis occidentalis - common hackberry"}},{"type":"Feature","geometry":{"type":"Point","coordinates":[-73.82975687528074,40.844988059934785]},"properties":{"tpcondition":"Good","stumpdiameter":null,"riskratingdate":"2023-11-08 15:04:00.0000000","riskrating":"6","objectid":"5295829","globalid":"586DCD55-B7A2-4890-B4A4-4FFE1D18F9CC","tpstructure":"Full","plantingspaceglobalid":"A6AC470C-FB9C-453D-B255-F99A24A00E88","createddate":"2018-04-10 11:32:57.0000000","dbh":"4","planteddate":null,"updateddate":"2023-11-08 15:04:00.0000000","geometry":"POINT(-73.82975687528074 40.844988059934785)","genusspecies":"Ginkgo biloba 'Autumn Gold' - 'Autumn Gold' Ginkgo"}},{"type":"Feature","geometry":{"type":"Point","coordinates":[-73.83170890395708,40.84636685097632]},"properties":{"tpcondition":"Good","stumpdiameter":null,"riskratingdate":"2023-11-09 12:22:30.0000000","riskrating":"6","objectid":"5295830","globalid":"799335D3-AFD5-46B2-845A-97F7EA09117E","tpstructure":"Full","plantingspaceglobalid":"0C9D45D3-AC97-4EFB-B49E-C7B8BF73B513","createddate":"2018-04-10 10:56:59.0000000","dbh":"6","planteddate":null,"updateddate":"2023-11-09 12:22:30.0000000","geometry":"POINT(-73.83170890395708 40.84636685097632)","genusspecies":"Zelkova serrata 'Green Vase' - 'Green Vase' Zelkova"}},{"type":"Feature","geometry":{"type":"Point","coordinates":[-73.83197047129588,40.84428118815438]},"properties":{"tpcondition":"Good","stumpdiameter":null,"riskratingdate":"2023-11-07 16:42:17.0000000","riskrating":"3","objectid":"5295831","globalid":"4E8BDBDC-074D-454F-B43D-38DFD6C9133E","tpstructure":"Full","plantingspaceglobalid":"2C84F512-BA4C-4C74-94DE-57010D3E8D99","createddate":"2018-04-10 09:42:22.0000000","dbh":"4","planteddate":null,"updateddate":"2023-11-07 16:42:17.0000000","geometry":"POINT(-73.83197047129588 40.84428118815438)","genusspecies":"Cercis canadensis 'Appalachian Red' - 'Appalachian Red' Eastern redbud"}},{"type":"Feature","geometry":{"type":"Point","coordinates":[-73.83202474586761,40.84390958860069]},"properties":{"tpcondition":"Good","stumpdiameter":null,"riskratingdate":"2023-11-07 16:43:18.0000000","riskrating":"3","objectid":"5295832","globalid":"ADC80E1E-66A6-4226-BB40-8EAB463A633D","tpstructure":"Full","plantingspaceglobalid":"293FA261-006A-4C4B-A53D-9B511FCC3B80","createddate":"2018-04-10 09:37:39.0000000","dbh":"4","planteddate":null,"updateddate":"2023-11-07 16:43:18.0000000","geometry":"POINT(-73.83202474586761 40.84390958860069)","genusspecies":"Tilia cordata - littleleaf linden"}},{"type":"Feature","geometry":{"type":"Point","coordinates":[-73.98370286575064,40.719746689840406]},"properties":{"tpcondition":"Good","stumpdiameter":null,"riskratingdate":null,"riskrating":null,"objectid":"5295833","globalid":"D286CB44-0750-45C0-A3AB-9FC719F61C4E","tpstructure":"Retired","plantingspaceglobalid":"9841B3E4-B4C9-459C-98B1-544961EBA5B4","createddate":"2018-04-10 15:15:00.0000000","dbh":"3","planteddate":null,"updateddate":"2019-01-17 20:51:00.0000000","geometry":"POINT(-73.98370286575064 40.719746689840406)","genusspecies":"Quercus acutissima - sawtooth oak"}},{"type":"Feature","geometry":{"type":"Point","coordinates":[-73.9836237530822,40.72014327058484]},"properties":{"tpcondition":"Good","stumpdiameter":null,"riskratingdate":"2024-10-09 15:02:38.0000000","riskrating":"3","objectid":"5295834","globalid":"55FDD21C-252B-4093-9588-F907D8CF6CDE","tpstructure":"Full","plantingspaceglobalid":"406D080A-4DBF-4634-9F49-7B9EF36141FB","createddate":"2018-04-10 15:07:24.0000000","dbh":"10","planteddate":null,"updateddate":"2024-10-09 15:02:38.0000000","geometry":"POINT(-73.9836237530822 40.72014327058484)","genusspecies":"Gleditsia triacanthos var. inermis - Thornless honeylocust"}},{"type":"Feature","geometry":{"type":"Point","coordinates":[-73.98336955456078,40.72038054658852]},"properties":{"tpcondition":"Fair","stumpdiameter":null,"riskratingdate":"2024-10-09 15:07:13.0000000","riskrating":"7","objectid":"5295835","globalid":"8A9E198C-F67A-468A-A0DA-9D3056E36332","tpstructure":"Full","plantingspaceglobalid":"5317B92F-0D8B-4EB6-A80E-F5B448E5C257","createddate":"2018-04-10 15:05:17.0000000","dbh":"5","planteddate":null,"updateddate":"2024-10-09 15:07:13.0000000","geometry":"POINT(-73.98336955456078 40.72038054658852)","genusspecies":"Pyrus calleryana - Callery pear"}},{"type":"Feature","geometry":{"type":"Point","coordinates":[-73.98343890355862,40.72049944239011]},"properties":{"tpcondition":"Fair","stumpdiameter":null,"riskratingdate":null,"riskrating":null,"objectid":"5295836","globalid":"6F4781F3-E81E-4E65-A197-708C5B8A1BE7","tpstructure":"Retired","plantingspaceglobalid":"14CC1A61-EA2D-4246-A497-0048FB366216","createddate":"2018-04-10 15:04:45.0000000","dbh":"3","planteddate":null,"updateddate":"2019-07-22 13:43:55.0000000","geometry":"POINT(-73.98343890355862 40.72049944239011)","genusspecies":"Gleditsia triacanthos var. inermis - Thornless honeylocust"}},{"type":"Feature","geometry":{"type":"Point","coordinates":[-73.98339973463628,40.72059831497548]},"properties":{"tpcondition":"Fair","stumpdiameter":null,"riskratingdate":null,"riskrating":null,"objectid":"5295837","globalid":"9D6C7AB4-45AB-4FD8-9C93-6FC54C08C1BF","tpstructure":"Retired","plantingspaceglobalid":"59FE389D-5ED0-4723-B706-6403F39EE931","createddate":"2018-04-10 15:04:07.0000000","dbh":"3","planteddate":null,"updateddate":"2019-07-22 13:44:36.0000000","geometry":"POINT(-73.98339973463628 40.72059831497548)","genusspecies":"Gleditsia triacanthos var. inermis - Thornless honeylocust"}},{"type":"Feature","geometry":{"type":"Point","coordinates":[-73.92194967757096,40.78027014659839]},"properties":{"tpcondition":"Good","stumpdiameter":null,"riskratingdate":"2018-04-11 12:50:26.0000000","riskrating":"10","objectid":"5295838","globalid":"365EEA2D-34D8-472C-96AD-22D3724BFBBD","tpstructure":"Full","plantingspaceglobalid":"A73E9B36-B6DB-43E6-B1C3-1AEF89FFE5A5","createddate":"2018-04-11 12:46:31.0000000","dbh":"24","planteddate":null,"updateddate":"2018-04-11 12:50:26.0000000","geometry":"POINT(-73.92194967757096 40.78027014659839)","genusspecies":"Platanus x acerifolia - London planetree"}},{"type":"Feature","geometry":{"type":"Point","coordinates":[-73.92105757896591,40.77912977384803]},"properties":{"tpcondition":"Good","stumpdiameter":null,"riskratingdate":"2023-06-01 13:54:28.0000000","riskrating":"8","objectid":"5295839","globalid":"BAFD3689-1A71-4F05-A1FB-A10BD90F8605","tpstructure":"Full","plantingspaceglobalid":"D9475735-4414-4E2E-9F57-1947B5924109","createddate":"2018-04-11 12:16:21.0000000","dbh":"27","planteddate":null,"updateddate":"2023-06-01 13:54:28.0000000","geometry":"POINT(-73.92105757896591 40.77912977384803)","genusspecies":"Liquidambar styraciflua 'Cherokee' - 'Cherokee' Sweetgum"}},{"type":"Feature","geometry":{"type":"Point","coordinates":[-73.92259363618024,40.777605950242226]},"properties":{"tpcondition":"Good","stumpdiameter":null,"riskratingdate":"2018-04-11 11:51:44.0000000","riskrating":"9","objectid":"5295840","globalid":"5ECD2CAE-C4C3-4FCC-9A5A-DD7135CB24B6","tpstructure":"Full","plantingspaceglobalid":"80332039-B51E-4A98-91A9-AD127D6116AD","createddate":"2018-04-11 11:48:56.0000000","dbh":"24","planteddate":null,"updateddate":"2018-04-11 11:51:44.0000000","geometry":"POINT(-73.92259363618024 40.777605950242226)","genusspecies":"Platanus x acerifolia - London planetree"}},{"type":"Feature","geometry":{"type":"Point","coordinates":[-73.87667528981531,40.74905136534264]},"properties":{"tpcondition":"Good","stumpdiameter":null,"riskratingdate":"2024-08-27 13:57:26.0000000","riskrating":"6","objectid":"5295841","globalid":"5215219A-A4EF-48CA-B0E6-CBE52EA1F5BD","tpstructure":"Full","plantingspaceglobalid":"521BDB49-51A6-420A-9DD6-DA1E06AC0E1D","createddate":"2018-04-11 08:29:04.0000000","dbh":"9","planteddate":null,"updateddate":"2024-08-27 13:57:26.0000000","geometry":"POINT(-73.87667528981531 40.74905136534264)","genusspecies":"Quercus phellos - willow oak"}},{"type":"Feature","geometry":{"type":"Point","coordinates":[-73.75843586762144,40.73272012761725]},"properties":{"tpcondition":"Fair","stumpdiameter":null,"riskratingdate":"2021-11-12 18:28:13.0000000","riskrating":"6","objectid":"5296218","globalid":"94CABC1F-E843-467E-8A07-D0D9EFBE7F03","tpstructure":"Full","plantingspaceglobalid":"1373D09E-A4A5-4C5E-B493-622B49474283","createddate":"2018-04-10 12:57:00.0000000","dbh":"33","planteddate":null,"updateddate":"2021-11-12 18:28:13.0000000","geometry":"POINT(-73.75843586762144 40.73272012761725)","genusspecies":"Styphnolobium japonicum 'Millstone' - 'Millstone' Japanese pagodatree"}},{"type":"Feature","geometry":{"type":"Point","coordinates":[-73.96225701737944,40.71496578290134]},"properties":{"tpcondition":"Good","stumpdiameter":null,"riskratingdate":null,"riskrating":null,"objectid":"5296219","globalid":"23F93122-F67E-42CD-869D-42E691628368","tpstructure":"Retired","plantingspaceglobalid":"8EA7D8AA-0B4A-4855-9EAF-9C678611142B","createddate":"2018-04-11 10:01:00.0000000","dbh":"1","planteddate":"2017-12-15 05:00:00.0000000","updateddate":"2024-05-01 17:02:00.0000000","geometry":"POINT(-73.96225701737944 40.71496578290134)","genusspecies":"Ostrya virginiana - hophornbeam"}},{"type":"Feature","geometry":{"type":"Point","coordinates":[-73.96320601815746,40.71535648321239]},"properties":{"tpcondition":"Fair","stumpdiameter":null,"riskratingdate":"2022-01-13 14:46:56.0000000","riskrating":"7","objectid":"5296220","globalid":"62FB5CAC-5E37-406B-873E-61F87BD2271D","tpstructure":"Full","plantingspaceglobalid":"4510ADDB-E689-458D-BBEC-8FA615340B48","createddate":"2018-04-11 09:58:49.0000000","dbh":"10","planteddate":null,"updateddate":"2022-01-13 14:46:56.0000000","geometry":"POINT(-73.96320601815746 40.71535648321239)","genusspecies":"Tilia cordata - littleleaf linden"}},{"type":"Feature","geometry":{"type":"Point","coordinates":[-73.96325630064423,40.71537563311554]},"properties":{"tpcondition":"Fair","stumpdiameter":null,"riskratingdate":"2022-01-13 14:50:01.0000000","riskrating":"6","objectid":"5296221","globalid":"0AF98D3E-E960-4D0D-8765-9C67C83B7824","tpstructure":"Full","plantingspaceglobalid":"4673232C-82EB-4525-AAA8-23BFCC61A735","createddate":"2018-04-11 09:58:02.0000000","dbh":"10","planteddate":null,"updateddate":"2022-01-13 14:50:01.0000000","geometry":"POINT(-73.96325630064423 40.71537563311554)","genusspecies":"Tilia cordata - littleleaf linden"}},{"type":"Feature","geometry":{"type":"Point","coordinates":[-73.96354571367978,40.715496794816126]},"properties":{"tpcondition":"Good","stumpdiameter":null,"riskratingdate":"2022-08-19 13:48:41.0000000","riskrating":"4","objectid":"5296222","globalid":"D92D1A7D-A5CA-4471-BF35-676EE6602EC8","tpstructure":"Full","plantingspaceglobalid":"CB6270BC-4250-4D7A-B492-9788951F7FA5","createddate":"2018-04-11 09:51:12.0000000","dbh":"4","planteddate":null,"updateddate":"2022-08-19 13:48:41.0000000","geometry":"POINT(-73.96354571367978 40.715496794816126)","genusspecies":"Ginkgo biloba - maidenhair tree"}},{"type":"Feature","geometry":{"type":"Point","coordinates":[-73.96425653699961,40.715742226643016]},"properties":{"tpcondition":"Good","stumpdiameter":null,"riskratingdate":null,"riskrating":null,"objectid":"5296223","globalid":"F259483A-861E-4917-8A4F-A52F97C4874F","tpstructure":"Full","plantingspaceglobalid":"410C8AEC-A95A-42A1-BD62-B225D26B2B44","createddate":"2018-04-11 09:47:34.0000000","dbh":"1","planteddate":null,"updateddate":"2018-04-11 09:47:57.0000000","geometry":"POINT(-73.96425653699961 40.715742226643016)","genusspecies":"Salix spp. - Willow"}},{"type":"Feature","geometry":{"type":"Point","coordinates":[-73.965764582409,40.716039416497104]},"properties":{"tpcondition":"Dead","stumpdiameter":"4","riskratingdate":null,"riskrating":null,"objectid":"5296224","globalid":"D9A72C0C-4EFB-4698-8187-4E63D2137E4C","tpstructure":"Stump","plantingspaceglobalid":"D9AC67C0-0491-4B3A-A1F0-72C838419952","createddate":"2018-04-11 09:39:49.0000000","dbh":"1","planteddate":null,"updateddate":"2023-07-12 15:47:56.0000000","geometry":"POINT(-73.965764582409 40.716039416497104)","genusspecies":"Syringa pekinensis - Peking tree lilac"}},{"type":"Feature","geometry":{"type":"Point","coordinates":[-73.95910007560919,40.71351893121951]},"properties":{"tpcondition":"Good","stumpdiameter":null,"riskratingdate":null,"riskrating":null,"objectid":"5296225","globalid":"43F62ADC-4D7D-4521-A049-E709F25EE687","tpstructure":"Full","plantingspaceglobalid":"38D00C57-B64F-4457-882D-5E5B70DB868F","createddate":"2018-04-11 08:54:33.0000000","dbh":"1","planteddate":null,"updateddate":"2018-04-11 08:54:50.0000000","geometry":"POINT(-73.95910007560919 40.71351893121951)","genusspecies":"Unknown - Unknown"}},{"type":"Feature","geometry":{"type":"Point","coordinates":[-73.73579436913462,40.703944948100464]},"properties":{"tpcondition":"Dead","stumpdiameter":"22","riskratingdate":null,"riskrating":null,"objectid":"5296226","globalid":"19D37A3D-C88B-42D9-A7F4-36B8269BD848","tpstructure":"Retired","plantingspaceglobalid":"E4B1C512-C5CB-49B7-ADE6-6C1B00371911","createddate":"2018-04-11 12:06:00.0000000","dbh":"0","planteddate":null,"updateddate":"2018-05-15 13:20:00.0000000","geometry":"POINT(-73.73579436913462 40.703944948100464)","genusspecies":"Unknown - Unknown"}},{"type":"Feature","geometry":{"type":"Point","coordinates":[-73.87427133729351,40.70866219521475]},"properties":{"tpcondition":"Dead","stumpdiameter":"16","riskratingdate":null,"riskrating":null,"objectid":"5296227","globalid":"DD1822DE-0E14-4658-A410-63E26B107FD5","tpstructure":"Stump","plantingspaceglobalid":"7145D3FA-C367-4711-8F6B-81CC80CE7EB4","createddate":"2018-04-11 11:50:08.0000000","dbh":"0","planteddate":null,"updateddate":"2018-04-11 11:50:19.0000000","geometry":"POINT(-73.87427133729351 40.70866219521475)","genusspecies":"Unknown - Unknown"}},{"type":"Feature","geometry":{"type":"Point","coordinates":[-73.73623032933813,40.7043146155873]},"properties":{"tpcondition":"Dead","stumpdiameter":"26","riskratingdate":null,"riskrating":null,"objectid":"5296228","globalid":"037514E2-85A5-4F87-9AAA-B0618B9E0462","tpstructure":"Retired","plantingspaceglobalid":"92F4DDD7-B1AF-4102-950F-CBA2EA4A8895","createddate":"2018-04-11 11:13:00.0000000","dbh":"0","planteddate":null,"updateddate":"2018-05-15 13:21:00.0000000","geometry":"POINT(-73.73623032933813 40.7043146155873)","genusspecies":"Unknown - Unknown"}},{"type":"Feature","geometry":{"type":"Point","coordinates":[-73.87800465415494,40.70867618094768]},"properties":{"tpcondition":"Dead","stumpdiameter":"24","riskratingdate":null,"riskrating":null,"objectid":"5296229","globalid":"1835AFBF-B022-4EE9-ADA0-213A71A565CE","tpstructure":"Retired","plantingspaceglobalid":"77D4744B-19C6-4464-A50B-2D75A692057F","createddate":"2018-04-11 10:43:41.0000000","dbh":"0","planteddate":null,"updateddate":"2018-04-26 13:09:40.0000000","geometry":"POINT(-73.87800465415494 40.70867618094768)","genusspecies":"Unknown - Unknown"}},{"type":"Feature","geometry":{"type":"Point","coordinates":[-73.97544117936815,40.795991805656946]},"properties":{"tpcondition":"Fair","stumpdiameter":null,"riskratingdate":"2019-09-11 10:27:26.0000000","riskrating":"7","objectid":"5296619","globalid":"7E0C2714-C66C-48E3-B443-F6706DA34F91","tpstructure":"Retired","plantingspaceglobalid":"F85EFCC8-72FC-4900-A7F1-8EA2355F77EA","createddate":"2018-04-11 13:12:11.0000000","dbh":"24","planteddate":null,"updateddate":"2019-09-11 14:27:28.0000000","geometry":"POINT(-73.97544117936815 40.795991805656946)","genusspecies":"Fraxinus americana - white ash"}},{"type":"Feature","geometry":{"type":"Point","coordinates":[-73.97518011614098,40.79623652807803]},"properties":{"tpcondition":"Fair","stumpdiameter":null,"riskratingdate":"2021-08-26 15:29:53.0000000","riskrating":"8","objectid":"5296620","globalid":"429B50D0-3D44-4AAE-857C-EF4A59F724D8","tpstructure":"Retired","plantingspaceglobalid":"30EE4657-B453-49D8-9058-6C4B2085CAAC","createddate":"2018-04-11 13:04:02.0000000","dbh":"33","planteddate":null,"updateddate":"2025-06-04 16:14:59.0000000","geometry":"POINT(-73.97518011614098 40.79623652807803)","genusspecies":"Fraxinus pennsylvanica - Green ash"}},{"type":"Feature","geometry":{"type":"Point","coordinates":[-73.97521693920957,40.796275253830125]},"properties":{"tpcondition":"Dead","stumpdiameter":"41","riskratingdate":"2022-05-18 18:21:00.0000000","riskrating":"8","objectid":"5296621","globalid":"A8A4364E-C6FB-4430-99D9-0373F15A8FCE","tpstructure":"Retired","plantingspaceglobalid":"D59E58B8-EF07-4CF9-AB6D-EA5E1BD15123","createddate":"2018-04-11 13:01:00.0000000","dbh":"28","planteddate":null,"updateddate":"2022-12-28 14:57:00.0000000","geometry":"POINT(-73.97521693920957 40.796275253830125)","genusspecies":"Fraxinus pennsylvanica - Green ash"}},{"type":"Feature","geometry":{"type":"Point","coordinates":[-73.98388500961251,40.784261727427925]},"properties":{"tpcondition":"Dead","stumpdiameter":"43","riskratingdate":"2023-06-02 16:16:00.0000000","riskrating":"9","objectid":"5296622","globalid":"78412222-1BDD-4C02-B7FB-1251ECE37BFF","tpstructure":"Retired","plantingspaceglobalid":"7F8F6D91-373C-4BE1-9983-14B12DE0792D","createddate":"2018-04-11 11:41:00.0000000","dbh":"43","planteddate":null,"updateddate":"2024-11-20 17:20:00.0000000","geometry":"POINT(-73.98388500961251 40.784261727427925)","genusspecies":"Fraxinus pennsylvanica - Green ash"}},{"type":"Feature","geometry":{"type":"Point","coordinates":[-73.94532146796695,40.773696881232766]},"properties":{"tpcondition":"Good","stumpdiameter":"0","riskratingdate":null,"riskrating":null,"objectid":"5296623","globalid":"7EBA1631-F132-4D02-8583-DB6FCF9AE6DB","tpstructure":"Full","plantingspaceglobalid":"7EBA1631-F132-4D02-8583-DB6FCF9AE6DB","createddate":"2018-04-11 11:11:11.0000000","dbh":"19","planteddate":null,"updateddate":null,"geometry":"POINT(-73.94532146796695 40.773696881232766)","genusspecies":"Platanus x acerifolia - London planetree"}},{"type":"Feature","geometry":{"type":"Point","coordinates":[-73.94249373161965,40.80471935174107]},"properties":{"tpcondition":"Good","stumpdiameter":null,"riskratingdate":"2020-08-14 14:29:20.0000000","riskrating":"6","objectid":"5296624","globalid":"D1EFF56D-8043-4579-B2B7-5C849706AE79","tpstructure":"Full","plantingspaceglobalid":"D1EFF56D-8043-4579-B2B7-5C849706AE79","createddate":"2018-04-11 11:11:11.0000000","dbh":"31","planteddate":null,"updateddate":"2020-08-14 14:29:20.0000000","geometry":"POINT(-73.94249373161965 40.80471935174107)","genusspecies":"Quercus rubra - northern red oak"}},{"type":"Feature","geometry":{"type":"Point","coordinates":[-73.74370939323302,40.6613278063815]},"properties":{"tpcondition":"Good","stumpdiameter":"0","riskratingdate":null,"riskrating":null,"objectid":"5296625","globalid":"79A64BFC-BA07-42FB-AFCB-10B6277FD8B5","tpstructure":"Full","plantingspaceglobalid":"79A64BFC-BA07-42FB-AFCB-10B6277FD8B5","createddate":"2018-04-11 11:11:11.0000000","dbh":"24","planteddate":null,"updateddate":null,"geometry":"POINT(-73.74370939323302 40.6613278063815)","genusspecies":"Quercus palustris - pin oak"}},{"type":"Feature","geometry":{"type":"Point","coordinates":[-73.92655695655378,40.849969705872226]},"properties":{"tpcondition":"Good","stumpdiameter":"0","riskratingdate":null,"riskrating":null,"objectid":"5296626","globalid":"1C73B1D8-F0D5-492F-A6FD-8F19D2903568","tpstructure":"Full","plantingspaceglobalid":"1C73B1D8-F0D5-492F-A6FD-8F19D2903568","createddate":"2018-04-11 11:11:11.0000000","dbh":"5","planteddate":null,"updateddate":null,"geometry":"POINT(-73.92655695655378 40.849969705872226)","genusspecies":"Prunus - Cherry"}},{"type":"Feature","geometry":{"type":"Point","coordinates":[-73.77026969968409,40.68535535954217]},"properties":{"tpcondition":"Good","stumpdiameter":null,"riskratingdate":"2025-05-23 17:26:35.0000000","riskrating":"6","objectid":"5296627","globalid":"C6F2D445-1D54-47EF-BDD4-A9CD513CC0CA","tpstructure":"Full","plantingspaceglobalid":"C6F2D445-1D54-47EF-BDD4-A9CD513CC0CA","createddate":"2018-04-11 11:11:11.0000000","dbh":"17","planteddate":null,"updateddate":"2025-05-23 17:26:35.0000000","geometry":"POINT(-73.77026969968409 40.68535535954217)","genusspecies":"Quercus macrocarpa - bur oak"}},{"type":"Feature","geometry":{"type":"Point","coordinates":[-73.9328566683388,40.86270137332163]},"properties":{"tpcondition":"Good","stumpdiameter":"0","riskratingdate":null,"riskrating":null,"objectid":"5296628","globalid":"5A2AFC0B-599B-4958-BDAB-8E33B7906B3F","tpstructure":"Full","plantingspaceglobalid":"5A2AFC0B-599B-4958-BDAB-8E33B7906B3F","createddate":"2018-04-11 11:11:11.0000000","dbh":"5","planteddate":null,"updateddate":null,"geometry":"POINT(-73.9328566683388 40.86270137332163)","genusspecies":"Cornus florida - flowering dogwood"}},{"type":"Feature","geometry":{"type":"Point","coordinates":[-73.94337659992368,40.775825444793675]},"properties":{"tpcondition":"Good","stumpdiameter":"0","riskratingdate":null,"riskrating":null,"objectid":"5296629","globalid":"A0035DAD-DE5A-4479-898D-416C0A3789F6","tpstructure":"Full","plantingspaceglobalid":"A0035DAD-DE5A-4479-898D-416C0A3789F6","createddate":"2018-04-11 11:11:11.0000000","dbh":"20","planteddate":null,"updateddate":null,"geometry":"POINT(-73.94337659992368 40.775825444793675)","genusspecies":"Koelreuteria paniculata - goldenrain tree"}},{"type":"Feature","geometry":{"type":"Point","coordinates":[-73.96073841432673,40.722155908994786]},"properties":{"tpcondition":"Good","stumpdiameter":null,"riskratingdate":"2022-04-26 13:22:00.0000000","riskrating":"6","objectid":"5296630","globalid":"0B51207A-FA08-43BC-837D-C07E41977308","tpstructure":"Full","plantingspaceglobalid":"0B51207A-FA08-43BC-837D-C07E41977308","createddate":"2018-04-11 11:11:11.0000000","dbh":"5","planteddate":null,"updateddate":"2022-04-26 13:22:00.0000000","geometry":"POINT(-73.96073841432673 40.722155908994786)","genusspecies":"Gleditsia triacanthos var. inermis - Thornless honeylocust"}},{"type":"Feature","geometry":{"type":"Point","coordinates":[-74.01443569767335,40.612375875709276]},"properties":{"tpcondition":"Good","stumpdiameter":"0","riskratingdate":null,"riskrating":null,"objectid":"5296631","globalid":"A43B6D1A-BAD2-449C-A138-F619931107C6","tpstructure":"Full","plantingspaceglobalid":"A43B6D1A-BAD2-449C-A138-F619931107C6","createddate":"2018-04-11 11:11:11.0000000","dbh":"12","planteddate":null,"updateddate":null,"geometry":"POINT(-74.01443569767335 40.612375875709276)","genusspecies":"Pinus strobus - eastern white pine"}},{"type":"Feature","geometry":{"type":"Point","coordinates":[-73.9462085424837,40.846713914240325]},"properties":{"tpcondition":"Unknown","stumpdiameter":null,"riskratingdate":null,"riskrating":null,"objectid":"5296632","globalid":"0557BD68-EB51-48B7-83AF-42F423FA1428","tpstructure":"Retired","plantingspaceglobalid":"0557BD68-EB51-48B7-83AF-42F423FA1428","createddate":"2018-04-11 11:11:00.0000000","dbh":"29","planteddate":null,"updateddate":"2021-03-24 23:56:00.0000000","geometry":"POINT(-73.9462085424837 40.846713914240325)","genusspecies":"Quercus palustris - pin oak"}},{"type":"Feature","geometry":{"type":"Point","coordinates":[-73.93372941456829,40.85881593144993]},"properties":{"tpcondition":"Good","stumpdiameter":null,"riskratingdate":"2022-04-16 15:42:34.0000000","riskrating":"9","objectid":"5296633","globalid":"1D14DFA2-F8AB-4EFF-A62A-2A049EBB9ACB","tpstructure":"Full","plantingspaceglobalid":"1D14DFA2-F8AB-4EFF-A62A-2A049EBB9ACB","createddate":"2018-04-11 11:11:11.0000000","dbh":"37","planteddate":null,"updateddate":"2022-04-16 15:42:34.0000000","geometry":"POINT(-73.93372941456829 40.85881593144993)","genusspecies":"Platanus x acerifolia - London planetree"}},{"type":"Feature","geometry":{"type":"Point","coordinates":[-73.74671528728898,40.660437597625624]},"properties":{"tpcondition":"Good","stumpdiameter":"0","riskratingdate":null,"riskrating":null,"objectid":"5296634","globalid":"2FF27DD3-6095-467C-8B94-8FF7B9F86E96","tpstructure":"Full","plantingspaceglobalid":"2FF27DD3-6095-467C-8B94-8FF7B9F86E96","createddate":"2018-04-11 11:11:11.0000000","dbh":"18","planteddate":null,"updateddate":null,"geometry":"POINT(-73.74671528728898 40.660437597625624)","genusspecies":"Carya glabra - pignut hickory"}},{"type":"Feature","geometry":{"type":"Point","coordinates":[-73.97357626476794,40.79789561087674]},"properties":{"tpcondition":"Good","stumpdiameter":"0","riskratingdate":null,"riskrating":null,"objectid":"5296635","globalid":"E7E880B2-B7C5-4205-A853-DC2E15D4378D","tpstructure":"Full","plantingspaceglobalid":"E7E880B2-B7C5-4205-A853-DC2E15D4378D","createddate":"2018-04-11 11:11:11.0000000","dbh":"6","planteddate":null,"updateddate":null,"geometry":"POINT(-73.97357626476794 40.79789561087674)","genusspecies":"Pinus - pine"}},{"type":"Feature","geometry":{"type":"Point","coordinates":[-74.00123380810503,40.67163797747093]},"properties":{"tpcondition":"Dead","stumpdiameter":"30","riskratingdate":null,"riskrating":null,"objectid":"5296636","globalid":"D7DA6308-E9EC-4E88-B36D-F543398EA59A","tpstructure":"Retired","plantingspaceglobalid":"D7DA6308-E9EC-4E88-B36D-F543398EA59A","createddate":"2018-04-11 11:11:11.0000000","dbh":null,"planteddate":null,"updateddate":"2023-03-10 15:21:27.0000000","geometry":"POINT(-74.00123380810503 40.67163797747093)","genusspecies":"Unknown - Unknown"}},{"type":"Feature","geometry":{"type":"Point","coordinates":[-73.92279399779112,40.855786707657074]},"properties":{"tpcondition":"Good","stumpdiameter":"0","riskratingdate":null,"riskrating":null,"objectid":"5296637","globalid":"138FE4FC-1568-46DF-A7B0-A72DD340B8AD","tpstructure":"Full","plantingspaceglobalid":"138FE4FC-1568-46DF-A7B0-A72DD340B8AD","createddate":"2018-04-11 11:11:11.0000000","dbh":"6","planteddate":null,"updateddate":null,"geometry":"POINT(-73.92279399779112 40.855786707657074)","genusspecies":"Prunus - Cherry"}},{"type":"Feature","geometry":{"type":"Point","coordinates":[-73.94275791071856,40.77815257058127]},"properties":{"tpcondition":"Good","stumpdiameter":"0","riskratingdate":null,"riskrating":null,"objectid":"5296638","globalid":"57D323EC-F974-4262-A590-740B47FC3D32","tpstructure":"Full","plantingspaceglobalid":"57D323EC-F974-4262-A590-740B47FC3D32","createddate":"2018-04-11 11:11:11.0000000","dbh":"8","planteddate":null,"updateddate":"2019-08-07 13:54:46.0000000","geometry":"POINT(-73.94275791071856 40.77815257058127)","genusspecies":"Ulmus pumila - Siberian elm"}},{"type":"Feature","geometry":{"type":"Point","coordinates":[-74.00003514675001,40.75628977753015]},"properties":{"tpcondition":"Good","stumpdiameter":"0","riskratingdate":"2019-09-16 17:42:00.0000000","riskrating":"3","objectid":"5296640","globalid":"68469550-1452-4BA0-9345-75A82E932C7B","tpstructure":"Full","plantingspaceglobalid":"68469550-1452-4BA0-9345-75A82E932C7B","createddate":"2018-04-11 11:11:11.0000000","dbh":"4","planteddate":null,"updateddate":"2019-09-16 21:42:01.0000000","geometry":"POINT(-74.00003514675001 40.75628977753015)","genusspecies":"Styrax obassia - Fragrant snowbell"}},{"type":"Feature","geometry":{"type":"Point","coordinates":[-73.93503470826042,40.67423624847056]},"properties":{"tpcondition":"Excellent","stumpdiameter":"0","riskratingdate":null,"riskrating":null,"objectid":"5296641","globalid":"F31108D3-66B9-414C-8373-0E2776BE6B27","tpstructure":"Full","plantingspaceglobalid":"F31108D3-66B9-414C-8373-0E2776BE6B27","createddate":"2018-04-11 11:11:11.0000000","dbh":"5","planteddate":null,"updateddate":null,"geometry":"POINT(-73.93503470826042 40.67423624847056)","genusspecies":"Prunus - Cherry"}},{"type":"Feature","geometry":{"type":"Point","coordinates":[-73.83405562432809,40.854224832294086]},"properties":{"tpcondition":"Good","stumpdiameter":"0","riskratingdate":null,"riskrating":null,"objectid":"5296643","globalid":"282B606A-4D52-4CEA-A322-5985100953EB","tpstructure":"Full","plantingspaceglobalid":"282B606A-4D52-4CEA-A322-5985100953EB","createddate":"2018-04-11 11:11:11.0000000","dbh":"3","planteddate":null,"updateddate":null,"geometry":"POINT(-73.83405562432809 40.854224832294086)","genusspecies":"Cercis canadensis - eastern redbud"}},{"type":"Feature","geometry":{"type":"Point","coordinates":[-73.93694828523934,40.608293059431915]},"properties":{"tpcondition":"Good","stumpdiameter":"0","riskratingdate":null,"riskrating":null,"objectid":"5296644","globalid":"167D1EEB-67DD-4667-93E3-C1BEADC898F1","tpstructure":"Full","plantingspaceglobalid":"167D1EEB-67DD-4667-93E3-C1BEADC898F1","createddate":"2018-04-11 11:11:11.0000000","dbh":"12","planteddate":null,"updateddate":null,"geometry":"POINT(-73.93694828523934 40.608293059431915)","genusspecies":"Tilia tomentosa - silver linden"}},{"type":"Feature","geometry":{"type":"Point","coordinates":[-73.97614210802094,40.79828386160257]},"properties":{"tpcondition":"Good","stumpdiameter":"0","riskratingdate":null,"riskrating":null,"objectid":"5296645","globalid":"1513B3DD-CC19-454C-A889-284DC2D10F0B","tpstructure":"Full","plantingspaceglobalid":"1513B3DD-CC19-454C-A889-284DC2D10F0B","createddate":"2018-04-11 11:11:11.0000000","dbh":"18","planteddate":null,"updateddate":null,"geometry":"POINT(-73.97614210802094 40.79828386160257)","genusspecies":"Prunus serotina - black cherry"}},{"type":"Feature","geometry":{"type":"Point","coordinates":[-73.97978857917639,40.79195841718181]},"properties":{"tpcondition":"Good","stumpdiameter":"0","riskratingdate":null,"riskrating":null,"objectid":"5296646","globalid":"AEE34CF5-335B-44BD-803E-5AC846230E68","tpstructure":"Full","plantingspaceglobalid":"AEE34CF5-335B-44BD-803E-5AC846230E68","createddate":"2018-04-11 11:11:11.0000000","dbh":"12","planteddate":null,"updateddate":null,"geometry":"POINT(-73.97978857917639 40.79195841718181)","genusspecies":"Gleditsia triacanthos var. inermis - Thornless honeylocust"}},{"type":"Feature","geometry":{"type":"Point","coordinates":[-73.8348850365961,40.852061305281275]},"properties":{"tpcondition":"Good","stumpdiameter":"0","riskratingdate":null,"riskrating":null,"objectid":"5296647","globalid":"8F966140-15A8-4833-A7A2-C2EB6B20A708","tpstructure":"Full","plantingspaceglobalid":"8F966140-15A8-4833-A7A2-C2EB6B20A708","createddate":"2018-04-11 11:11:11.0000000","dbh":"17","planteddate":null,"updateddate":null,"geometry":"POINT(-73.8348850365961 40.852061305281275)","genusspecies":"Acer - maple"}},{"type":"Feature","geometry":{"type":"Point","coordinates":[-73.98622026089376,40.780748287004805]},"properties":{"tpcondition":"Dead","stumpdiameter":"50","riskratingdate":"2023-07-13 17:35:00.0000000","riskrating":"8","objectid":"5296648","globalid":"EEA91BF0-529F-493C-A1C9-76C25BEDD856","tpstructure":"Retired","plantingspaceglobalid":"EEA91BF0-529F-493C-A1C9-76C25BEDD856","createddate":"2018-04-11 11:11:00.0000000","dbh":"50","planteddate":null,"updateddate":"2025-01-21 18:38:00.0000000","geometry":"POINT(-73.98622026089376 40.780748287004805)","genusspecies":"Quercus palustris - pin oak"}},{"type":"Feature","geometry":{"type":"Point","coordinates":[-73.93346642463624,40.60340973725668]},"properties":{"tpcondition":"Fair","stumpdiameter":"0","riskratingdate":"2020-01-30 14:46:35.0000000","riskrating":"5","objectid":"5296649","globalid":"6622CFD4-D835-45F2-AF7C-0F377C58FE1B","tpstructure":"Full","plantingspaceglobalid":"6622CFD4-D835-45F2-AF7C-0F377C58FE1B","createddate":"2018-04-11 11:11:11.0000000","dbh":"29","planteddate":null,"updateddate":"2020-01-30 14:46:34.0000000","geometry":"POINT(-73.93346642463624 40.60340973725668)","genusspecies":"Quercus palustris - pin oak"}},{"type":"Feature","geometry":{"type":"Point","coordinates":[-74.11526945714886,40.62955172112971]},"properties":{"tpcondition":"Unknown","stumpdiameter":"16","riskratingdate":null,"riskrating":null,"objectid":"5296650","globalid":"ED84603C-C9AE-473D-A958-69D8A50E314F","tpstructure":"Retired","plantingspaceglobalid":"ED84603C-C9AE-473D-A958-69D8A50E314F","createddate":"2018-04-11 11:11:11.0000000","dbh":"0","planteddate":null,"updateddate":"2018-07-09 15:52:44.0000000","geometry":"POINT(-74.11526945714886 40.62955172112971)","genusspecies":"Unknown - Unknown"}},{"type":"Feature","geometry":{"type":"Point","coordinates":[-73.76924237704877,40.68582371139848]},"properties":{"tpcondition":"Good","stumpdiameter":null,"riskratingdate":"2025-05-27 15:55:01.0000000","riskrating":"6","objectid":"5296651","globalid":"FA2D9EED-A1DD-4103-9EDB-5B965F30AB66","tpstructure":"Full","plantingspaceglobalid":"FA2D9EED-A1DD-4103-9EDB-5B965F30AB66","createddate":"2018-04-11 11:11:11.0000000","dbh":"15","planteddate":null,"updateddate":"2025-05-27 15:55:01.0000000","geometry":"POINT(-73.76924237704877 40.68582371139848)","genusspecies":"Tilia cordata - littleleaf linden"}},{"type":"Feature","geometry":{"type":"Point","coordinates":[-73.9837016453897,40.786894875147155]},"properties":{"tpcondition":"Good","stumpdiameter":null,"riskratingdate":"2022-10-05 15:43:48.0000000","riskrating":"8","objectid":"5296652","globalid":"CE6236C2-58A2-41C4-A1D3-0FF22FCFD620","tpstructure":"Full","plantingspaceglobalid":"CE6236C2-58A2-41C4-A1D3-0FF22FCFD620","createddate":"2018-04-11 11:11:11.0000000","dbh":"27","planteddate":null,"updateddate":"2022-10-05 15:43:48.0000000","geometry":"POINT(-73.9837016453897 40.786894875147155)","genusspecies":"Platanus x acerifolia - London planetree"}},{"type":"Feature","geometry":{"type":"Point","coordinates":[-73.97729444119209,40.57407826377846]},"properties":{"tpcondition":"Good","stumpdiameter":"0","riskratingdate":null,"riskrating":null,"objectid":"5296653","globalid":"B701CEA0-9846-4BEA-974D-11B67F0CCA6F","tpstructure":"Full","plantingspaceglobalid":"B701CEA0-9846-4BEA-974D-11B67F0CCA6F","createddate":"2018-04-11 11:11:11.0000000","dbh":"16","planteddate":null,"updateddate":null,"geometry":"POINT(-73.97729444119209 40.57407826377846)","genusspecies":"Platanus x acerifolia - London planetree"}},{"type":"Feature","geometry":{"type":"Point","coordinates":[-73.77161586894549,40.72882306299441]},"properties":{"tpcondition":"Good","stumpdiameter":"0","riskratingdate":null,"riskrating":null,"objectid":"5296655","globalid":"13517B33-AAFE-4B2D-A9BF-DCDA2E23EAB4","tpstructure":"Full","plantingspaceglobalid":"13517B33-AAFE-4B2D-A9BF-DCDA2E23EAB4","createddate":"2018-04-11 11:11:11.0000000","dbh":"5","planteddate":null,"updateddate":null,"geometry":"POINT(-73.77161586894549 40.72882306299441)","genusspecies":"Quercus - Oak"}},{"type":"Feature","geometry":{"type":"Point","coordinates":[-73.96215269446692,40.7225376787145]},"properties":{"tpcondition":"Good","stumpdiameter":null,"riskratingdate":"2022-04-26 15:10:41.0000000","riskrating":"3","objectid":"5296656","globalid":"AF3A31E8-D36F-4A2E-9AC9-427C49DE3411","tpstructure":"Full","plantingspaceglobalid":"AF3A31E8-D36F-4A2E-9AC9-427C49DE3411","createddate":"2018-04-11 11:11:11.0000000","dbh":"6","planteddate":null,"updateddate":"2022-04-26 15:10:41.0000000","geometry":"POINT(-73.96215269446692 40.7225376787145)","genusspecies":"Juniperus virginiana - eastern redcedar"}},{"type":"Feature","geometry":{"type":"Point","coordinates":[-73.89404415701934,40.62999949684113]},"properties":{"tpcondition":"Fair","stumpdiameter":null,"riskratingdate":"2023-06-07 16:29:33.0000000","riskrating":"8","objectid":"5296657","globalid":"E5792258-9CDF-4C34-B714-74C323F94DB8","tpstructure":"Full","plantingspaceglobalid":"E5792258-9CDF-4C34-B714-74C323F94DB8","createddate":"2018-04-11 11:11:11.0000000","dbh":"27","planteddate":null,"updateddate":"2023-06-07 16:29:33.0000000","geometry":"POINT(-73.89404415701934 40.62999949684113)","genusspecies":"Platanus x acerifolia - London planetree"}},{"type":"Feature","geometry":{"type":"Point","coordinates":[-74.0007722259233,40.74972070741461]},"properties":{"tpcondition":"Good","stumpdiameter":null,"riskratingdate":"2024-09-27 16:07:27.0000000","riskrating":"6","objectid":"5296658","globalid":"88603071-6380-430C-B89D-5DCED0847921","tpstructure":"Full","plantingspaceglobalid":"88603071-6380-430C-B89D-5DCED0847921","createddate":"2018-04-11 11:11:11.0000000","dbh":"19","planteddate":null,"updateddate":"2024-09-27 16:07:27.0000000","geometry":"POINT(-74.0007722259233 40.74972070741461)","genusspecies":"Platanus x acerifolia - London planetree"}},{"type":"Feature","geometry":{"type":"Point","coordinates":[-73.77265412226666,40.73659593849025]},"properties":{"tpcondition":"Fair","stumpdiameter":"0","riskratingdate":"2019-10-31 18:20:59.0000000","riskrating":"8","objectid":"5296659","globalid":"DD6D0536-F4A3-49FA-BF37-A8532627ADB9","tpstructure":"Full","plantingspaceglobalid":"DD6D0536-F4A3-49FA-BF37-A8532627ADB9","createddate":"2018-04-11 11:11:11.0000000","dbh":"30","planteddate":null,"updateddate":"2019-10-31 18:20:59.0000000","geometry":"POINT(-73.77265412226666 40.73659593849025)","genusspecies":"Quercus palustris - pin oak"}},{"type":"Feature","geometry":{"type":"Point","coordinates":[-73.98270657508725,40.78718324440963]},"properties":{"tpcondition":"Good","stumpdiameter":"0","riskratingdate":null,"riskrating":null,"objectid":"5296660","globalid":"89808175-694F-4462-AE6A-C11AAD227DD6","tpstructure":"Full","plantingspaceglobalid":"89808175-694F-4462-AE6A-C11AAD227DD6","createddate":"2018-04-11 11:11:11.0000000","dbh":"5","planteddate":null,"updateddate":null,"geometry":"POINT(-73.98270657508725 40.78718324440963)","genusspecies":"Prunus - Cherry"}},{"type":"Feature","geometry":{"type":"Point","coordinates":[-73.94652656948084,40.846862099545916]},"properties":{"tpcondition":"Unknown","stumpdiameter":null,"riskratingdate":null,"riskrating":null,"objectid":"5296661","globalid":"9A613A65-5BA7-41A2-A5AF-F457B468F8ED","tpstructure":"Retired","plantingspaceglobalid":"9A613A65-5BA7-41A2-A5AF-F457B468F8ED","createddate":"2018-04-11 11:11:00.0000000","dbh":"21","planteddate":null,"updateddate":"2021-03-24 23:47:00.0000000","geometry":"POINT(-73.94652656948084 40.846862099545916)","genusspecies":"Quercus palustris - pin oak"}},{"type":"Feature","geometry":{"type":"Point","coordinates":[-73.88393310190055,40.63598037510776]},"properties":{"tpcondition":"Good","stumpdiameter":"0","riskratingdate":null,"riskrating":null,"objectid":"5296662","globalid":"196435E9-8936-4F13-B368-DB210EB989DE","tpstructure":"Full","plantingspaceglobalid":"196435E9-8936-4F13-B368-DB210EB989DE","createddate":"2018-04-11 11:11:11.0000000","dbh":"4","planteddate":null,"updateddate":null,"geometry":"POINT(-73.88393310190055 40.63598037510776)","genusspecies":"Platanus x acerifolia - London planetree"}},{"type":"Feature","geometry":{"type":"Point","coordinates":[-73.93648388206685,40.604877123171335]},"properties":{"tpcondition":"Fair","stumpdiameter":"0","riskratingdate":"2020-01-30 17:54:38.0000000","riskrating":"9","objectid":"5296663","globalid":"CB217B5D-E935-4686-895A-8EC63D38E83E","tpstructure":"Full","plantingspaceglobalid":"CB217B5D-E935-4686-895A-8EC63D38E83E","createddate":"2018-04-11 11:11:11.0000000","dbh":"26","planteddate":null,"updateddate":"2020-01-30 17:54:38.0000000","geometry":"POINT(-73.93648388206685 40.604877123171335)","genusspecies":"Quercus palustris - pin oak"}},{"type":"Feature","geometry":{"type":"Point","coordinates":[-73.93539371445685,40.60779485053927]},"properties":{"tpcondition":"Unknown","stumpdiameter":null,"riskratingdate":"2020-08-20 17:32:38.0000000","riskrating":"8","objectid":"5296664","globalid":"FBF8BACD-A192-4FEB-A9DA-77D313E13680","tpstructure":"Full","plantingspaceglobalid":"FBF8BACD-A192-4FEB-A9DA-77D313E13680","createddate":"2018-04-11 11:11:11.0000000","dbh":"25","planteddate":null,"updateddate":"2021-08-22 18:42:58.0000000","geometry":"POINT(-73.93539371445685 40.60779485053927)","genusspecies":"Quercus palustris - pin oak"}},{"type":"Feature","geometry":{"type":"Point","coordinates":[-73.96526884512281,40.81000255934835]},"properties":{"tpcondition":"Fair","stumpdiameter":null,"riskratingdate":"2020-09-14 18:38:16.0000000","riskrating":"8","objectid":"5296665","globalid":"9829047D-B7B8-40A3-9748-F70D51DA7127","tpstructure":"Full","plantingspaceglobalid":"9829047D-B7B8-40A3-9748-F70D51DA7127","createddate":"2018-04-11 11:11:11.0000000","dbh":"19","planteddate":null,"updateddate":"2020-09-14 18:38:16.0000000","geometry":"POINT(-73.96526884512281 40.81000255934835)","genusspecies":"Gleditsia triacanthos var. inermis - Thornless honeylocust"}},{"type":"Feature","geometry":{"type":"Point","coordinates":[-73.97369166012106,40.797309810509624]},"properties":{"tpcondition":"Good","stumpdiameter":"0","riskratingdate":null,"riskrating":null,"objectid":"5296666","globalid":"DB3883B1-F38C-4AED-A732-C42A02BC905F","tpstructure":"Full","plantingspaceglobalid":"DB3883B1-F38C-4AED-A732-C42A02BC905F","createddate":"2018-04-11 11:11:11.0000000","dbh":"4","planteddate":null,"updateddate":null,"geometry":"POINT(-73.97369166012106 40.797309810509624)","genusspecies":"Pinus - pine"}},{"type":"Feature","geometry":{"type":"Point","coordinates":[-73.93699403150902,40.60498526990597]},"properties":{"tpcondition":"Dead","stumpdiameter":"2","riskratingdate":"2024-07-05 17:45:00.0000000","riskrating":"4","objectid":"5296667","globalid":"C5ECE268-1A0B-4D0E-B78B-F5BFFDD6E6AC","tpstructure":"Stump","plantingspaceglobalid":"C5ECE268-1A0B-4D0E-B78B-F5BFFDD6E6AC","createddate":"2018-04-11 11:11:00.0000000","dbh":null,"planteddate":null,"updateddate":"2025-05-16 15:38:51.0000000","geometry":"POINT(-73.93699403150902 40.60498526990597)","genusspecies":"Acer rubrum - red maple"}},{"type":"Feature","geometry":{"type":"Point","coordinates":[-73.93348601598912,40.85980924199858]},"properties":{"tpcondition":"Good","stumpdiameter":"0","riskratingdate":null,"riskrating":null,"objectid":"5296668","globalid":"D0C02CAF-D47C-4E1E-BAEB-2A4847CCA477","tpstructure":"Full","plantingspaceglobalid":"D0C02CAF-D47C-4E1E-BAEB-2A4847CCA477","createddate":"2018-04-11 11:11:11.0000000","dbh":"4","planteddate":null,"updateddate":null,"geometry":"POINT(-73.93348601598912 40.85980924199858)","genusspecies":"Prunus - Cherry"}},{"type":"Feature","geometry":{"type":"Point","coordinates":[-73.92660562215524,40.666899544338506]},"properties":{"tpcondition":"Good","stumpdiameter":"0","riskratingdate":null,"riskrating":null,"objectid":"5296669","globalid":"C69B07D1-1951-4891-85A3-F4E366553316","tpstructure":"Full","plantingspaceglobalid":"C69B07D1-1951-4891-85A3-F4E366553316","createddate":"2018-04-11 11:11:11.0000000","dbh":"4","planteddate":null,"updateddate":null,"geometry":"POINT(-73.92660562215524 40.666899544338506)","genusspecies":"Carpinus betulus - European hornbeam"}},{"type":"Feature","geometry":{"type":"Point","coordinates":[-73.97383005770362,40.79704355304969]},"properties":{"tpcondition":"Good","stumpdiameter":"0","riskratingdate":null,"riskrating":null,"objectid":"5296671","globalid":"3F442E3F-E89B-49AB-98FF-F2D8A1662095","tpstructure":"Full","plantingspaceglobalid":"3F442E3F-E89B-49AB-98FF-F2D8A1662095","createddate":"2018-04-11 11:11:11.0000000","dbh":"4","planteddate":null,"updateddate":null,"geometry":"POINT(-73.97383005770362 40.79704355304969)","genusspecies":"Cornus florida - flowering dogwood"}},{"type":"Feature","geometry":{"type":"Point","coordinates":[-73.93797595512227,40.60758133604602]},"properties":{"tpcondition":"Good","stumpdiameter":"0","riskratingdate":"2020-01-31 18:40:58.0000000","riskrating":"5","objectid":"5296673","globalid":"3727423B-117D-4991-9768-DBE2618C5D32","tpstructure":"Full","plantingspaceglobalid":"3727423B-117D-4991-9768-DBE2618C5D32","createddate":"2018-04-11 11:11:11.0000000","dbh":"24","planteddate":null,"updateddate":"2020-01-31 18:40:58.0000000","geometry":"POINT(-73.93797595512227 40.60758133604602)","genusspecies":"Quercus palustris - pin oak"}},{"type":"Feature","geometry":{"type":"Point","coordinates":[-73.96725134137918,40.81099303571815]},"properties":{"tpcondition":"Good","stumpdiameter":"0","riskratingdate":null,"riskrating":null,"objectid":"5296674","globalid":"22A19160-9C03-4585-B3ED-75EBE9E371B2","tpstructure":"Full","plantingspaceglobalid":"22A19160-9C03-4585-B3ED-75EBE9E371B2","createddate":"2018-04-11 11:11:11.0000000","dbh":"5","planteddate":null,"updateddate":null,"geometry":"POINT(-73.96725134137918 40.81099303571815)","genusspecies":"Malus - apple"}},{"type":"Feature","geometry":{"type":"Point","coordinates":[-74.00762342437748,40.6716689865041]},"properties":{"tpcondition":"Fair","stumpdiameter":"0","riskratingdate":null,"riskrating":null,"objectid":"5296675","globalid":"F0265C5A-26CA-4605-A5D2-C2214AB79DF3","tpstructure":"Full","plantingspaceglobalid":"F0265C5A-26CA-4605-A5D2-C2214AB79DF3","createddate":"2018-04-11 11:11:11.0000000","dbh":"3","planteddate":null,"updateddate":null,"geometry":"POINT(-74.00762342437748 40.6716689865041)","genusspecies":"Prunus - Cherry"}},{"type":"Feature","geometry":{"type":"Point","coordinates":[-73.74435045891957,40.66085259250817]},"properties":{"tpcondition":"Good","stumpdiameter":null,"riskratingdate":"2022-10-18 17:47:57.0000000","riskrating":"8","objectid":"5296676","globalid":"DF5EC8E6-9FDF-4EAF-9156-C2735EE53B7E","tpstructure":"Full","plantingspaceglobalid":"DF5EC8E6-9FDF-4EAF-9156-C2735EE53B7E","createddate":"2018-04-11 11:11:11.0000000","dbh":"45","planteddate":null,"updateddate":"2022-10-18 17:47:57.0000000","geometry":"POINT(-73.74435045891957 40.66085259250817)","genusspecies":"Quercus rubra - northern red oak"}},{"type":"Feature","geometry":{"type":"Point","coordinates":[-73.98358052873976,40.78424645918235]},"properties":{"tpcondition":"Good","stumpdiameter":"0","riskratingdate":null,"riskrating":null,"objectid":"5296677","globalid":"DCACA96F-78F4-4688-9549-5917CE8E2DA1","tpstructure":"Full","plantingspaceglobalid":"DCACA96F-78F4-4688-9549-5917CE8E2DA1","createddate":"2018-04-11 11:11:11.0000000","dbh":"8","planteddate":null,"updateddate":null,"geometry":"POINT(-73.98358052873976 40.78424645918235)","genusspecies":"Malus - apple"}},{"type":"Feature","geometry":{"type":"Point","coordinates":[-73.94377931631828,40.77587103079721]},"properties":{"tpcondition":"Good","stumpdiameter":"0","riskratingdate":null,"riskrating":null,"objectid":"5296678","globalid":"AB9ED3C1-B89F-4B20-AE08-A7FEB138A390","tpstructure":"Full","plantingspaceglobalid":"AB9ED3C1-B89F-4B20-AE08-A7FEB138A390","createddate":"2018-04-11 11:11:11.0000000","dbh":"43","planteddate":null,"updateddate":null,"geometry":"POINT(-73.94377931631828 40.77587103079721)","genusspecies":"Quercus palustris - pin oak"}},{"type":"Feature","geometry":{"type":"Point","coordinates":[-73.94502522921222,40.84539291579393]},"properties":{"tpcondition":"Good","stumpdiameter":"0","riskratingdate":null,"riskrating":null,"objectid":"5296679","globalid":"6BD63A1C-E419-45D0-9243-0F0060EF1B77","tpstructure":"Full","plantingspaceglobalid":"6BD63A1C-E419-45D0-9243-0F0060EF1B77","createddate":"2018-04-11 11:11:11.0000000","dbh":"10","planteddate":null,"updateddate":null,"geometry":"POINT(-73.94502522921222 40.84539291579393)","genusspecies":"Morus - mulberry"}},{"type":"Feature","geometry":{"type":"Point","coordinates":[-73.77055579869553,40.68810975703725]},"properties":{"tpcondition":"Good","stumpdiameter":"0","riskratingdate":null,"riskrating":null,"objectid":"5296680","globalid":"6AA4B53A-BBF9-4E2F-B3F5-5A8354ECDD2A","tpstructure":"Retired","plantingspaceglobalid":"6AA4B53A-BBF9-4E2F-B3F5-5A8354ECDD2A","createddate":"2018-04-11 11:11:11.0000000","dbh":"4","planteddate":null,"updateddate":"2025-06-13 13:18:46.0000000","geometry":"POINT(-73.77055579869553 40.68810975703725)","genusspecies":"Prunus - Cherry"}},{"type":"Feature","geometry":{"type":"Point","coordinates":[-74.03903601421251,40.63307435133064]},"properties":{"tpcondition":"Good","stumpdiameter":"0","riskratingdate":null,"riskrating":null,"objectid":"5296681","globalid":"0210801C-5C64-4F1F-8D70-76F6A4C6B480","tpstructure":"Full","plantingspaceglobalid":"0210801C-5C64-4F1F-8D70-76F6A4C6B480","createddate":"2018-04-11 11:11:11.0000000","dbh":"12","planteddate":null,"updateddate":null,"geometry":"POINT(-74.03903601421251 40.63307435133064)","genusspecies":"Quercus ellipsoidalis - northern pin oak"}},{"type":"Feature","geometry":{"type":"Point","coordinates":[-73.77232521130865,40.72906212092066]},"properties":{"tpcondition":"Good","stumpdiameter":"0","riskratingdate":null,"riskrating":null,"objectid":"5296682","globalid":"53519607-6B80-4060-A378-0DE6EC4CBC57","tpstructure":"Full","plantingspaceglobalid":"53519607-6B80-4060-A378-0DE6EC4CBC57","createddate":"2018-04-11 11:11:11.0000000","dbh":"4","planteddate":null,"updateddate":null,"geometry":"POINT(-73.77232521130865 40.72906212092066)","genusspecies":"Acer rubrum - red maple"}},{"type":"Feature","geometry":{"type":"Point","coordinates":[-73.94805562759656,40.839466707749985]},"properties":{"tpcondition":"Dead","stumpdiameter":"30","riskratingdate":"2021-08-24 15:43:00.0000000","riskrating":"7","objectid":"5296683","globalid":"0D72C4BC-06B9-43B6-9340-29376E83EB4B","tpstructure":"Retired","plantingspaceglobalid":"0D72C4BC-06B9-43B6-9340-29376E83EB4B","createddate":"2018-04-11 11:11:00.0000000","dbh":"22","planteddate":null,"updateddate":"2022-06-30 14:16:00.0000000","geometry":"POINT(-73.94805562759656 40.839466707749985)","genusspecies":"Quercus palustris - pin oak"}},{"type":"Feature","geometry":{"type":"Point","coordinates":[-73.92590910353667,40.66759926566466]},"properties":{"tpcondition":"Good","stumpdiameter":"0","riskratingdate":null,"riskrating":null,"objectid":"5296684","globalid":"12825AEB-6FE9-4758-96B2-0D273A4F9F73","tpstructure":"Full","plantingspaceglobalid":"12825AEB-6FE9-4758-96B2-0D273A4F9F73","createddate":"2018-04-11 11:11:11.0000000","dbh":"12","planteddate":null,"updateddate":null,"geometry":"POINT(-73.92590910353667 40.66759926566466)","genusspecies":"Cornus florida - flowering dogwood"}},{"type":"Feature","geometry":{"type":"Point","coordinates":[-73.77249867057947,40.68955856696921]},"properties":{"tpcondition":"Fair","stumpdiameter":null,"riskratingdate":"2022-05-04 21:09:40.0000000","riskrating":"9","objectid":"5296685","globalid":"0B494AEF-CDC2-467B-BB85-A8C21F269757","tpstructure":"Full","plantingspaceglobalid":"0B494AEF-CDC2-467B-BB85-A8C21F269757","createddate":"2018-04-11 11:11:11.0000000","dbh":"39","planteddate":null,"updateddate":"2022-05-04 21:09:40.0000000","geometry":"POINT(-73.77249867057947 40.68955856696921)","genusspecies":"Quercus velutina - black oak"}},{"type":"Feature","geometry":{"type":"Point","coordinates":[-73.74665096452696,40.65786507684011]},"properties":{"tpcondition":"Dead","stumpdiameter":null,"riskratingdate":"2022-10-18 16:48:00.0000000","riskrating":"8","objectid":"5296686","globalid":"616620D3-F9E7-4002-B885-C15FF62B1FA6","tpstructure":"Retired","plantingspaceglobalid":"616620D3-F9E7-4002-B885-C15FF62B1FA6","createddate":"2018-04-11 11:11:00.0000000","dbh":"10","planteddate":null,"updateddate":"2024-10-03 17:00:39.0000000","geometry":"POINT(-73.74665096452696 40.65786507684011)","genusspecies":"Ulmus americana - American elm"}},{"type":"Feature","geometry":{"type":"Point","coordinates":[-73.92653874854734,40.60621371525291]},"properties":{"tpcondition":"Good","stumpdiameter":"0","riskratingdate":null,"riskrating":null,"objectid":"5296687","globalid":"E605AA96-DB93-4F7F-BC6D-A624A57AF008","tpstructure":"Full","plantingspaceglobalid":"E605AA96-DB93-4F7F-BC6D-A624A57AF008","createddate":"2018-04-11 11:11:11.0000000","dbh":"23","planteddate":null,"updateddate":null,"geometry":"POINT(-73.92653874854734 40.60621371525291)","genusspecies":"Platanus x acerifolia - London planetree"}},{"type":"Feature","geometry":{"type":"Point","coordinates":[-73.9564454853916,40.808527769306096]},"properties":{"tpcondition":"Fair","stumpdiameter":"0","riskratingdate":null,"riskrating":null,"objectid":"5296688","globalid":"A4EC30E1-DA47-40DA-B57B-C33EFD2B9BC7","tpstructure":"Full","plantingspaceglobalid":"A4EC30E1-DA47-40DA-B57B-C33EFD2B9BC7","createddate":"2018-04-11 11:11:11.0000000","dbh":"9","planteddate":null,"updateddate":null,"geometry":"POINT(-73.9564454853916 40.808527769306096)","genusspecies":"Malus - apple"}},{"type":"Feature","geometry":{"type":"Point","coordinates":[-73.74361918341363,40.663198280912596]},"properties":{"tpcondition":"Good","stumpdiameter":"0","riskratingdate":null,"riskrating":null,"objectid":"5296689","globalid":"11DEBDFE-32F7-48BD-9AA5-5B40045F4DED","tpstructure":"Full","plantingspaceglobalid":"11DEBDFE-32F7-48BD-9AA5-5B40045F4DED","createddate":"2018-04-11 11:11:11.0000000","dbh":"25","planteddate":null,"updateddate":null,"geometry":"POINT(-73.74361918341363 40.663198280912596)","genusspecies":"Quercus palustris - pin oak"}},{"type":"Feature","geometry":{"type":"Point","coordinates":[-73.94358111060906,40.77630447610459]},"properties":{"tpcondition":"Good","stumpdiameter":"0","riskratingdate":null,"riskrating":null,"objectid":"5296690","globalid":"2DCACF1F-E948-4B09-9ADD-28966B5098DF","tpstructure":"Full","plantingspaceglobalid":"2DCACF1F-E948-4B09-9ADD-28966B5098DF","createddate":"2018-04-11 11:11:11.0000000","dbh":"9","planteddate":null,"updateddate":null,"geometry":"POINT(-73.94358111060906 40.77630447610459)","genusspecies":"Gleditsia triacanthos var. inermis - Thornless honeylocust"}},{"type":"Feature","geometry":{"type":"Point","coordinates":[-73.74261291392227,40.66135294502417]},"properties":{"tpcondition":"Good","stumpdiameter":null,"riskratingdate":"2023-05-30 14:21:03.0000000","riskrating":"8","objectid":"5296691","globalid":"8333062A-20B6-42D0-A90C-F6C601461BBD","tpstructure":"Full","plantingspaceglobalid":"8333062A-20B6-42D0-A90C-F6C601461BBD","createddate":"2018-04-11 11:11:11.0000000","dbh":"30","planteddate":null,"updateddate":"2023-05-30 14:21:03.0000000","geometry":"POINT(-73.74261291392227 40.66135294502417)","genusspecies":"Quercus alba - white oak"}},{"type":"Feature","geometry":{"type":"Point","coordinates":[-73.977027855679,40.797267671606804]},"properties":{"tpcondition":"Good","stumpdiameter":"0","riskratingdate":null,"riskrating":null,"objectid":"5296692","globalid":"31B44028-ADF5-471F-BACD-0FBB30AB0010","tpstructure":"Full","plantingspaceglobalid":"31B44028-ADF5-471F-BACD-0FBB30AB0010","createddate":"2018-04-11 11:11:11.0000000","dbh":"10","planteddate":null,"updateddate":null,"geometry":"POINT(-73.977027855679 40.797267671606804)","genusspecies":"Pinus rigida - pitch pine"}},{"type":"Feature","geometry":{"type":"Point","coordinates":[-73.94321245301282,40.67384959245461]},"properties":{"tpcondition":"Good","stumpdiameter":"0","riskratingdate":null,"riskrating":null,"objectid":"5296693","globalid":"CDE1AC6F-4B19-451C-ACC4-F412DC1E61BA","tpstructure":"Full","plantingspaceglobalid":"CDE1AC6F-4B19-451C-ACC4-F412DC1E61BA","createddate":"2018-04-11 11:11:11.0000000","dbh":"2","planteddate":null,"updateddate":null,"geometry":"POINT(-73.94321245301282 40.67384959245461)","genusspecies":"Prunus virginiana - chokecherry"}},{"type":"Feature","geometry":{"type":"Point","coordinates":[-73.89969574970476,40.62692296794977]},"properties":{"tpcondition":"Good","stumpdiameter":null,"riskratingdate":"2023-06-08 00:34:52.0000000","riskrating":"7","objectid":"5296694","globalid":"4F5742FB-03AC-4DBD-B398-2AFEFCE924FD","tpstructure":"Full","plantingspaceglobalid":"4F5742FB-03AC-4DBD-B398-2AFEFCE924FD","createddate":"2018-04-11 11:11:11.0000000","dbh":"6","planteddate":null,"updateddate":"2023-06-08 00:34:52.0000000","geometry":"POINT(-73.89969574970476 40.62692296794977)","genusspecies":"Gleditsia triacanthos var. inermis - Thornless honeylocust"}},{"type":"Feature","geometry":{"type":"Point","coordinates":[-73.8919795067198,40.630784281874355]},"properties":{"tpcondition":"Fair","stumpdiameter":null,"riskratingdate":"2025-05-21 14:35:51.0000000","riskrating":"4","objectid":"5296695","globalid":"C84FC629-6032-46FB-9DE4-58337C599A51","tpstructure":"Full","plantingspaceglobalid":"C84FC629-6032-46FB-9DE4-58337C599A51","createddate":"2018-04-11 11:11:11.0000000","dbh":"7","planteddate":null,"updateddate":"2025-05-21 14:35:51.0000000","geometry":"POINT(-73.8919795067198 40.630784281874355)","genusspecies":"Pinus - pine"}},{"type":"Feature","geometry":{"type":"Point","coordinates":[-73.93497611538739,40.6075230603663]},"properties":{"tpcondition":"Good","stumpdiameter":"0","riskratingdate":"2020-01-30 15:37:12.0000000","riskrating":"3","objectid":"5296697","globalid":"9F4690A1-70B9-4C83-9B6A-A5171EAF2311","tpstructure":"Full","plantingspaceglobalid":"9F4690A1-70B9-4C83-9B6A-A5171EAF2311","createddate":"2018-04-11 11:11:11.0000000","dbh":"21","planteddate":null,"updateddate":"2020-01-30 15:37:12.0000000","geometry":"POINT(-73.93497611538739 40.6075230603663)","genusspecies":"Quercus palustris - pin oak"}},{"type":"Feature","geometry":{"type":"Point","coordinates":[-73.9745830014102,40.79705908572619]},"properties":{"tpcondition":"Good","stumpdiameter":"0","riskratingdate":null,"riskrating":null,"objectid":"5296698","globalid":"88E6CBD2-7405-4158-8299-2B66E73483A9","tpstructure":"Full","plantingspaceglobalid":"88E6CBD2-7405-4158-8299-2B66E73483A9","createddate":"2018-04-11 11:11:11.0000000","dbh":"22","planteddate":null,"updateddate":null,"geometry":"POINT(-73.9745830014102 40.79705908572619)","genusspecies":"Cercidiphyllum japonicum - katsura tree"}},{"type":"Feature","geometry":{"type":"Point","coordinates":[-73.94467808807575,40.7733839649734]},"properties":{"tpcondition":"Critical","stumpdiameter":null,"riskratingdate":"2020-08-19 19:47:00.0000000","riskrating":"7","objectid":"5296699","globalid":"6481CC40-EE38-43A8-85BC-574DF09F3607","tpstructure":"Stump","plantingspaceglobalid":"6481CC40-EE38-43A8-85BC-574DF09F3607","createddate":"2018-04-11 11:11:00.0000000","dbh":"16","planteddate":null,"updateddate":"2021-02-17 17:35:00.0000000","geometry":"POINT(-73.94467808807575 40.7733839649734)","genusspecies":"Robinia pseudoacacia - black locust"}},{"type":"Feature","geometry":{"type":"Point","coordinates":[-73.93665004939704,40.6086673004536]},"properties":{"tpcondition":"Fair","stumpdiameter":"0","riskratingdate":null,"riskrating":null,"objectid":"5296700","globalid":"F754D9C7-8BD8-455E-9967-42C5889E3F95","tpstructure":"Full","plantingspaceglobalid":"F754D9C7-8BD8-455E-9967-42C5889E3F95","createddate":"2018-04-11 11:11:11.0000000","dbh":"7","planteddate":null,"updateddate":null,"geometry":"POINT(-73.93665004939704 40.6086673004536)","genusspecies":"Tilia cordata - littleleaf linden"}},{"type":"Feature","geometry":{"type":"Point","coordinates":[-73.99382713522928,40.767471481605625]},"properties":{"tpcondition":"Fair","stumpdiameter":"0","riskratingdate":null,"riskrating":null,"objectid":"5296701","globalid":"99EBC2F3-57C7-4A93-A2AB-C55C15DCAFA3","tpstructure":"Full","plantingspaceglobalid":"99EBC2F3-57C7-4A93-A2AB-C55C15DCAFA3","createddate":"2018-04-11 11:11:11.0000000","dbh":"14","planteddate":null,"updateddate":"2019-03-27 16:37:23.0000000","geometry":"POINT(-73.99382713522928 40.767471481605625)","genusspecies":"Quercus palustris - pin oak"}},{"type":"Feature","geometry":{"type":"Point","coordinates":[-73.97515194253764,40.798154538696714]},"properties":{"tpcondition":"Fair","stumpdiameter":"0","riskratingdate":null,"riskrating":null,"objectid":"5296702","globalid":"3179359B-7B17-464E-BB94-C472FDE4330A","tpstructure":"Full","plantingspaceglobalid":"3179359B-7B17-464E-BB94-C472FDE4330A","createddate":"2018-04-11 11:11:11.0000000","dbh":"22","planteddate":null,"updateddate":null,"geometry":"POINT(-73.97515194253764 40.798154538696714)","genusspecies":"Gleditsia triacanthos var. inermis - Thornless honeylocust"}},{"type":"Feature","geometry":{"type":"Point","coordinates":[-73.99142124943889,40.58611548496565]},"properties":{"tpcondition":"Fair","stumpdiameter":null,"riskratingdate":"2022-03-24 14:19:37.0000000","riskrating":"4","objectid":"5296703","globalid":"11CA6F07-AEDD-4FC3-8DFD-7831E03B0F3E","tpstructure":"Full","plantingspaceglobalid":"11CA6F07-AEDD-4FC3-8DFD-7831E03B0F3E","createddate":"2018-04-11 11:11:11.0000000","dbh":"9","planteddate":null,"updateddate":"2022-03-24 14:19:37.0000000","geometry":"POINT(-73.99142124943889 40.58611548496565)","genusspecies":"Celtis occidentalis - common hackberry"}},{"type":"Feature","geometry":{"type":"Point","coordinates":[-73.89500445952667,40.628429082655984]},"properties":{"tpcondition":"Good","stumpdiameter":"0","riskratingdate":null,"riskrating":null,"objectid":"5296704","globalid":"C22B4241-C49D-42CF-93DB-DA1F4E625941","tpstructure":"Full","plantingspaceglobalid":"C22B4241-C49D-42CF-93DB-DA1F4E625941","createddate":"2018-04-11 11:11:11.0000000","dbh":"5","planteddate":null,"updateddate":null,"geometry":"POINT(-73.89500445952667 40.628429082655984)","genusspecies":"Carpinus caroliniana - American hornbeam"}},{"type":"Feature","geometry":{"type":"Point","coordinates":[-73.9325276333591,40.84402828198329]},"properties":{"tpcondition":"Good","stumpdiameter":"0","riskratingdate":null,"riskrating":null,"objectid":"5296705","globalid":"AA3F4346-7BE6-40DB-984F-2A8EB87AD4B6","tpstructure":"Full","plantingspaceglobalid":"AA3F4346-7BE6-40DB-984F-2A8EB87AD4B6","createddate":"2018-04-11 11:11:11.0000000","dbh":"3","planteddate":null,"updateddate":null,"geometry":"POINT(-73.9325276333591 40.84402828198329)","genusspecies":"Chamaecyparis lawsoniana - Port Orford cedar"}},{"type":"Feature","geometry":{"type":"Point","coordinates":[-73.92772562032603,40.59741505535652]},"properties":{"tpcondition":"Good","stumpdiameter":"0","riskratingdate":null,"riskrating":null,"objectid":"5296707","globalid":"BD70D4CB-76DC-4989-AF3F-93AA36B6B72B","tpstructure":"Full","plantingspaceglobalid":"BD70D4CB-76DC-4989-AF3F-93AA36B6B72B","createddate":"2018-04-11 11:11:11.0000000","dbh":"21","planteddate":null,"updateddate":null,"geometry":"POINT(-73.92772562032603 40.59741505535652)","genusspecies":"Platanus x acerifolia - London planetree"}},{"type":"Feature","geometry":{"type":"Point","coordinates":[-73.83902176346075,40.68154714015435]},"properties":{"tpcondition":"Poor","stumpdiameter":null,"riskratingdate":"2022-09-07 16:15:00.0000000","riskrating":"7","objectid":"5296708","globalid":"7C41EC64-145A-4A68-B617-DCB3189DBBD9","tpstructure":"Retired","plantingspaceglobalid":"7C41EC64-145A-4A68-B617-DCB3189DBBD9","createddate":"2018-04-11 11:11:00.0000000","dbh":"13","planteddate":null,"updateddate":"2023-01-10 18:25:00.0000000","geometry":"POINT(-73.83902176346075 40.68154714015435)","genusspecies":"Ulmus americana - American elm"}},{"type":"Feature","geometry":{"type":"Point","coordinates":[-73.93656658897156,40.60494849296448]},"properties":{"tpcondition":"Fair","stumpdiameter":"0","riskratingdate":"2020-01-30 17:51:10.0000000","riskrating":"9","objectid":"5296710","globalid":"219E2FCA-CD41-436D-B277-D98522659875","tpstructure":"Full","plantingspaceglobalid":"219E2FCA-CD41-436D-B277-D98522659875","createddate":"2018-04-11 11:11:11.0000000","dbh":"38","planteddate":null,"updateddate":"2020-01-30 17:51:10.0000000","geometry":"POINT(-73.93656658897156 40.60494849296448)","genusspecies":"Quercus palustris - pin oak"}},{"type":"Feature","geometry":{"type":"Point","coordinates":[-73.9750356058683,40.797041120324394]},"properties":{"tpcondition":"Good","stumpdiameter":null,"riskratingdate":"2023-09-28 12:23:51.0000000","riskrating":"8","objectid":"5296711","globalid":"EE03EE9E-37EF-4051-81E5-8D95FC91DCF8","tpstructure":"Full","plantingspaceglobalid":"EE03EE9E-37EF-4051-81E5-8D95FC91DCF8","createddate":"2018-04-11 11:11:11.0000000","dbh":"30","planteddate":null,"updateddate":"2023-09-28 12:23:51.0000000","geometry":"POINT(-73.9750356058683 40.797041120324394)","genusspecies":"Platanus x acerifolia - London planetree"}},{"type":"Feature","geometry":{"type":"Point","coordinates":[-73.93345571519428,40.603114929535025]},"properties":{"tpcondition":"Good","stumpdiameter":"0","riskratingdate":"2020-01-30 15:37:10.0000000","riskrating":"3","objectid":"5296712","globalid":"2B3B0D8F-3206-4F56-BF0E-A6A99CBC8622","tpstructure":"Full","plantingspaceglobalid":"2B3B0D8F-3206-4F56-BF0E-A6A99CBC8622","createddate":"2018-04-11 11:11:11.0000000","dbh":"8","planteddate":null,"updateddate":"2020-01-30 15:37:09.0000000","geometry":"POINT(-73.93345571519428 40.603114929535025)","genusspecies":"Quercus palustris - pin oak"}},{"type":"Feature","geometry":{"type":"Point","coordinates":[-73.89692715427276,40.62752756417309]},"properties":{"tpcondition":"Good","stumpdiameter":"0","riskratingdate":null,"riskrating":null,"objectid":"5296713","globalid":"EED9500A-43B4-4FC1-A931-0EAF69C1E2AD","tpstructure":"Full","plantingspaceglobalid":"EED9500A-43B4-4FC1-A931-0EAF69C1E2AD","createddate":"2018-04-11 11:11:11.0000000","dbh":"4","planteddate":null,"updateddate":null,"geometry":"POINT(-73.89692715427276 40.62752756417309)","genusspecies":"Quercus - Oak"}},{"type":"Feature","geometry":{"type":"Point","coordinates":[-74.00089989958514,40.755079254370685]},"properties":{"tpcondition":"Good","stumpdiameter":"0","riskratingdate":null,"riskrating":null,"objectid":"5296714","globalid":"A21FF742-FE73-4D0D-BAF0-408C33F10A14","tpstructure":"Retired","plantingspaceglobalid":"725C4D5E-5FD4-4066-B29E-2A0B5D469141","createddate":"2018-04-11 11:11:11.0000000","dbh":"7","planteddate":null,"updateddate":"2019-09-12 16:33:56.0000000","geometry":"POINT(-74.00089989958514 40.755079254370685)","genusspecies":"Metasequoia glyptostroboides - dawn redwood"}},{"type":"Feature","geometry":{"type":"Point","coordinates":[-73.98991721495692,40.77815128059859]},"properties":{"tpcondition":"Good","stumpdiameter":"0","riskratingdate":null,"riskrating":null,"objectid":"5296715","globalid":"9CFDA552-303F-4393-BF9A-3DD60BC0C3A1","tpstructure":"Full","plantingspaceglobalid":"9CFDA552-303F-4393-BF9A-3DD60BC0C3A1","createddate":"2018-04-11 11:11:11.0000000","dbh":"21","planteddate":null,"updateddate":null,"geometry":"POINT(-73.98991721495692 40.77815128059859)","genusspecies":"Salix babylonica - Weeping willow"}},{"type":"Feature","geometry":{"type":"Point","coordinates":[-73.98397668793412,40.787341354182274]},"properties":{"tpcondition":"Unknown","stumpdiameter":"17","riskratingdate":"2018-05-18 09:39:00.0000000","riskrating":"7","objectid":"5296716","globalid":"10A9502E-6664-4274-9EDB-2C38023D6705","tpstructure":"Retired","plantingspaceglobalid":"10A9502E-6664-4274-9EDB-2C38023D6705","createddate":"2018-04-11 11:11:11.0000000","dbh":"17","planteddate":null,"updateddate":"2019-08-14 16:16:47.0000000","geometry":"POINT(-73.98397668793412 40.787341354182274)","genusspecies":"Malus - apple"}},{"type":"Feature","geometry":{"type":"Point","coordinates":[-73.9952075399843,40.578641324128114]},"properties":{"tpcondition":"Good","stumpdiameter":"0","riskratingdate":null,"riskrating":null,"objectid":"5296717","globalid":"B31C60DC-2735-4F9F-BF9A-DE9D8228F4C4","tpstructure":"Full","plantingspaceglobalid":"B31C60DC-2735-4F9F-BF9A-DE9D8228F4C4","createddate":"2018-04-11 11:11:11.0000000","dbh":"2","planteddate":null,"updateddate":null,"geometry":"POINT(-73.9952075399843 40.578641324128114)","genusspecies":"Aesculus hippocastanum - horse chestnut"}},{"type":"Feature","geometry":{"type":"Point","coordinates":[-73.93104204751006,40.86120791462957]},"properties":{"tpcondition":"Good","stumpdiameter":"0","riskratingdate":null,"riskrating":null,"objectid":"5296718","globalid":"834AFD71-993C-4F1E-BF4A-8AA4454DFF0C","tpstructure":"Full","plantingspaceglobalid":"834AFD71-993C-4F1E-BF4A-8AA4454DFF0C","createddate":"2018-04-11 11:11:11.0000000","dbh":"33","planteddate":null,"updateddate":null,"geometry":"POINT(-73.93104204751006 40.86120791462957)","genusspecies":"Quercus palustris - pin oak"}},{"type":"Feature","geometry":{"type":"Point","coordinates":[-73.77240426320249,40.68751651704134]},"properties":{"tpcondition":"Fair","stumpdiameter":null,"riskratingdate":"2025-06-09 14:56:15.0000000","riskrating":"4","objectid":"5296719","globalid":"DE52236C-E5F4-4894-9C0B-7908D79969B1","tpstructure":"Full","plantingspaceglobalid":"DE52236C-E5F4-4894-9C0B-7908D79969B1","createddate":"2018-04-11 11:11:11.0000000","dbh":"9","planteddate":null,"updateddate":"2025-06-09 14:56:15.0000000","geometry":"POINT(-73.77240426320249 40.68751651704134)","genusspecies":"Pseudotsuga menziesii - Douglas-fir"}},{"type":"Feature","geometry":{"type":"Point","coordinates":[-73.93616045443413,40.608506413265296]},"properties":{"tpcondition":"Fair","stumpdiameter":null,"riskratingdate":"2020-07-07 19:29:53.0000000","riskrating":"8","objectid":"5296720","globalid":"1F9D0A65-964E-4F77-B4FD-0C3C8BADC76F","tpstructure":"Full","plantingspaceglobalid":"1F9D0A65-964E-4F77-B4FD-0C3C8BADC76F","createddate":"2018-04-11 11:11:11.0000000","dbh":"33","planteddate":null,"updateddate":"2020-07-07 19:29:53.0000000","geometry":"POINT(-73.93616045443413 40.608506413265296)","genusspecies":"Quercus palustris - pin oak"}},{"type":"Feature","geometry":{"type":"Point","coordinates":[-73.77346617901507,40.69128046265416]},"properties":{"tpcondition":"Dead","stumpdiameter":"0","riskratingdate":null,"riskrating":null,"objectid":"5296721","globalid":"E825B728-63F7-45D1-BAF5-437794FADD32","tpstructure":"Retired","plantingspaceglobalid":"E825B728-63F7-45D1-BAF5-437794FADD32","createddate":"2018-04-11 11:11:00.0000000","dbh":"10","planteddate":null,"updateddate":"2024-10-17 17:56:10.0000000","geometry":"POINT(-73.77346617901507 40.69128046265416)","genusspecies":"Acer - maple"}},{"type":"Feature","geometry":{"type":"Point","coordinates":[-73.74518621974448,40.65811551725813]},"properties":{"tpcondition":"Dead","stumpdiameter":"42","riskratingdate":"2022-10-18 16:25:00.0000000","riskrating":"8","objectid":"5296722","globalid":"6E3B99A7-475D-4AD5-8F53-F294112BFBDE","tpstructure":"Retired","plantingspaceglobalid":"6E3B99A7-475D-4AD5-8F53-F294112BFBDE","createddate":"2018-04-11 11:11:00.0000000","dbh":"42","planteddate":null,"updateddate":"2024-12-03 16:45:00.0000000","geometry":"POINT(-73.74518621974448 40.65811551725813)","genusspecies":"Quercus palustris - pin oak"}},{"type":"Feature","geometry":{"type":"Point","coordinates":[-73.9402033959459,40.831046934189814]},"properties":{"tpcondition":"Good","stumpdiameter":"0","riskratingdate":null,"riskrating":null,"objectid":"5296723","globalid":"27FC7B2F-09A8-476C-AE31-3EE61D65338E","tpstructure":"Full","plantingspaceglobalid":"27FC7B2F-09A8-476C-AE31-3EE61D65338E","createddate":"2018-04-11 11:11:11.0000000","dbh":"30","planteddate":null,"updateddate":null,"geometry":"POINT(-73.9402033959459 40.831046934189814)","genusspecies":"Platanus x acerifolia - London planetree"}},{"type":"Feature","geometry":{"type":"Point","coordinates":[-73.95993782512281,40.80401761278642]},"properties":{"tpcondition":"Good","stumpdiameter":"0","riskratingdate":null,"riskrating":null,"objectid":"5296724","globalid":"544DACAA-163E-4CD9-B4FF-7639847311D9","tpstructure":"Full","plantingspaceglobalid":"544DACAA-163E-4CD9-B4FF-7639847311D9","createddate":"2018-04-11 11:11:11.0000000","dbh":"17","planteddate":null,"updateddate":null,"geometry":"POINT(-73.95993782512281 40.80401761278642)","genusspecies":"Quercus rubra - northern red oak"}},{"type":"Feature","geometry":{"type":"Point","coordinates":[-74.00825291170014,40.672955156432295]},"properties":{"tpcondition":"Good","stumpdiameter":"0","riskratingdate":null,"riskrating":null,"objectid":"5296725","globalid":"EC08CA05-2C4C-449E-835B-297D58837203","tpstructure":"Full","plantingspaceglobalid":"EC08CA05-2C4C-449E-835B-297D58837203","createddate":"2018-04-11 11:11:11.0000000","dbh":"11","planteddate":null,"updateddate":null,"geometry":"POINT(-74.00825291170014 40.672955156432295)","genusspecies":"Cercis canadensis - eastern redbud"}},{"type":"Feature","geometry":{"type":"Point","coordinates":[-73.9351557942084,40.86326368356871]},"properties":{"tpcondition":"Good","stumpdiameter":"0","riskratingdate":null,"riskrating":null,"objectid":"5296726","globalid":"0C4968D3-423D-4BBD-96BF-0D93B3F01229","tpstructure":"Full","plantingspaceglobalid":"0C4968D3-423D-4BBD-96BF-0D93B3F01229","createddate":"2018-04-11 11:11:11.0000000","dbh":"17","planteddate":null,"updateddate":null,"geometry":"POINT(-73.9351557942084 40.86326368356871)","genusspecies":"Populus deltoides - eastern cottonwood"}},{"type":"Feature","geometry":{"type":"Point","coordinates":[-73.92274653013696,40.85556776584641]},"properties":{"tpcondition":"Good","stumpdiameter":"0","riskratingdate":null,"riskrating":null,"objectid":"5296727","globalid":"28BEC553-B8D5-47B5-AA2F-8BB56EE48674","tpstructure":"Full","plantingspaceglobalid":"28BEC553-B8D5-47B5-AA2F-8BB56EE48674","createddate":"2018-04-11 11:11:11.0000000","dbh":"3","planteddate":null,"updateddate":null,"geometry":"POINT(-73.92274653013696 40.85556776584641)","genusspecies":"Quercus bicolor - swamp white oak"}},{"type":"Feature","geometry":{"type":"Point","coordinates":[-73.94245327933803,40.80517832282946]},"properties":{"tpcondition":"Good","stumpdiameter":"0","riskratingdate":null,"riskrating":null,"objectid":"5296728","globalid":"61AFEDC8-8187-491C-971A-DE5239CCC2E8","tpstructure":"Full","plantingspaceglobalid":"61AFEDC8-8187-491C-971A-DE5239CCC2E8","createddate":"2018-04-11 11:11:11.0000000","dbh":"8","planteddate":null,"updateddate":null,"geometry":"POINT(-73.94245327933803 40.80517832282946)","genusspecies":"Quercus rubra - northern red oak"}},{"type":"Feature","geometry":{"type":"Point","coordinates":[-73.98568905167741,40.60793372195795]},"properties":{"tpcondition":"Good","stumpdiameter":"0","riskratingdate":null,"riskrating":null,"objectid":"5296729","globalid":"A91826C2-7260-40BF-BFE6-443352C2E7EC","tpstructure":"Full","plantingspaceglobalid":"A91826C2-7260-40BF-BFE6-443352C2E7EC","createddate":"2018-04-11 11:11:11.0000000","dbh":"6","planteddate":null,"updateddate":null,"geometry":"POINT(-73.98568905167741 40.60793372195795)","genusspecies":"Cercis canadensis - eastern redbud"}},{"type":"Feature","geometry":{"type":"Point","coordinates":[-73.98188145142876,40.78943494326893]},"properties":{"tpcondition":"Good","stumpdiameter":"0","riskratingdate":null,"riskrating":null,"objectid":"5296730","globalid":"01D3CD9B-4692-462E-BBB7-F3C9281B61B0","tpstructure":"Full","plantingspaceglobalid":"01D3CD9B-4692-462E-BBB7-F3C9281B61B0","createddate":"2018-04-11 11:11:11.0000000","dbh":"10","planteddate":null,"updateddate":null,"geometry":"POINT(-73.98188145142876 40.78943494326893)","genusspecies":"Prunus - Cherry"}},{"type":"Feature","geometry":{"type":"Point","coordinates":[-73.94520511138093,40.84113069537588]},"properties":{"tpcondition":"Good","stumpdiameter":"0","riskratingdate":null,"riskrating":null,"objectid":"5296732","globalid":"72A90039-676B-4914-93F3-5A1C80E1E961","tpstructure":"Full","plantingspaceglobalid":"72A90039-676B-4914-93F3-5A1C80E1E961","createddate":"2018-04-11 11:11:11.0000000","dbh":"8","planteddate":null,"updateddate":null,"geometry":"POINT(-73.94520511138093 40.84113069537588)","genusspecies":"Morus - mulberry"}},{"type":"Feature","geometry":{"type":"Point","coordinates":[-73.89446673661526,40.63032956861569]},"properties":{"tpcondition":"Good","stumpdiameter":"0","riskratingdate":null,"riskrating":null,"objectid":"5296733","globalid":"5970156D-1EEF-4F5D-B5DD-4510C2EE0314","tpstructure":"Full","plantingspaceglobalid":"5970156D-1EEF-4F5D-B5DD-4510C2EE0314","createddate":"2018-04-11 11:11:11.0000000","dbh":"6","planteddate":null,"updateddate":null,"geometry":"POINT(-73.89446673661526 40.63032956861569)","genusspecies":"Pinus - pine"}},{"type":"Feature","geometry":{"type":"Point","coordinates":[-73.99206738392252,40.585014184492714]},"properties":{"tpcondition":"Good","stumpdiameter":"0","riskratingdate":null,"riskrating":null,"objectid":"5296735","globalid":"8CD48AB9-18BE-41B1-8BF3-58DD38434A38","tpstructure":"Full","plantingspaceglobalid":"8CD48AB9-18BE-41B1-8BF3-58DD38434A38","createddate":"2018-04-11 11:11:11.0000000","dbh":"5","planteddate":null,"updateddate":null,"geometry":"POINT(-73.99206738392252 40.585014184492714)","genusspecies":"Tilia americana - American basswood"}},{"type":"Feature","geometry":{"type":"Point","coordinates":[-73.77041729705593,40.68655733965256]},"properties":{"tpcondition":"Fair","stumpdiameter":null,"riskratingdate":"2025-05-30 13:53:55.0000000","riskrating":"6","objectid":"5296736","globalid":"20B8727B-14BA-4D08-A449-F49935D361D2","tpstructure":"Full","plantingspaceglobalid":"20B8727B-14BA-4D08-A449-F49935D361D2","createddate":"2018-04-11 11:11:11.0000000","dbh":"16","planteddate":null,"updateddate":"2025-05-30 13:53:55.0000000","geometry":"POINT(-73.77041729705593 40.68655733965256)","genusspecies":"Prunus - Cherry"}},{"type":"Feature","geometry":{"type":"Point","coordinates":[-73.96782734705835,40.80805332114743]},"properties":{"tpcondition":"Good","stumpdiameter":"0","riskratingdate":null,"riskrating":null,"objectid":"5296737","globalid":"76AF191F-B0DE-4C30-AE03-0CECAEDA0913","tpstructure":"Full","plantingspaceglobalid":"76AF191F-B0DE-4C30-AE03-0CECAEDA0913","createddate":"2018-04-11 11:11:11.0000000","dbh":"25","planteddate":null,"updateddate":null,"geometry":"POINT(-73.96782734705835 40.80805332114743)","genusspecies":"Liquidambar styraciflua - sweetgum"}},{"type":"Feature","geometry":{"type":"Point","coordinates":[-73.92310503398228,40.85838874171081]},"properties":{"tpcondition":"Good","stumpdiameter":"0","riskratingdate":null,"riskrating":null,"objectid":"5296738","globalid":"8B79E946-FDD8-40CB-BF20-C67164C5E462","tpstructure":"Full","plantingspaceglobalid":"8B79E946-FDD8-40CB-BF20-C67164C5E462","createddate":"2018-04-11 11:11:11.0000000","dbh":"4","planteddate":null,"updateddate":null,"geometry":"POINT(-73.92310503398228 40.85838874171081)","genusspecies":"Liriodendron tulipifera - tuliptree"}},{"type":"Feature","geometry":{"type":"Point","coordinates":[-73.89558733779765,40.62954978562879]},"properties":{"tpcondition":"Good","stumpdiameter":"0","riskratingdate":null,"riskrating":null,"objectid":"5296739","globalid":"DB032C11-5956-4514-AA2B-3FACCA29FBFF","tpstructure":"Full","plantingspaceglobalid":"DB032C11-5956-4514-AA2B-3FACCA29FBFF","createddate":"2018-04-11 11:11:11.0000000","dbh":"26","planteddate":null,"updateddate":null,"geometry":"POINT(-73.89558733779765 40.62954978562879)","genusspecies":"Ulmus pumila - Siberian elm"}},{"type":"Feature","geometry":{"type":"Point","coordinates":[-73.96910050019368,40.8053493247042]},"properties":{"tpcondition":"Good","stumpdiameter":null,"riskratingdate":"2020-05-27 17:44:20.0000000","riskrating":"5","objectid":"5296740","globalid":"F612A2F4-EB22-4119-B920-57DB27288855","tpstructure":"Full","plantingspaceglobalid":"F612A2F4-EB22-4119-B920-57DB27288855","createddate":"2018-04-11 11:11:11.0000000","dbh":"26","planteddate":null,"updateddate":"2020-05-27 17:44:20.0000000","geometry":"POINT(-73.96910050019368 40.8053493247042)","genusspecies":"Liquidambar styraciflua - sweetgum"}},{"type":"Feature","geometry":{"type":"Point","coordinates":[-74.01646232113904,40.6069157827597]},"properties":{"tpcondition":"Dead","stumpdiameter":"19","riskratingdate":null,"riskrating":null,"objectid":"5296741","globalid":"54B8D846-E061-4A04-ABB8-7A66FB332873","tpstructure":"Stump","plantingspaceglobalid":"54B8D846-E061-4A04-ABB8-7A66FB332873","createddate":"2018-04-11 11:11:11.0000000","dbh":"0","planteddate":null,"updateddate":"2019-02-22 13:40:28.0000000","geometry":"POINT(-74.01646232113904 40.6069157827597)","genusspecies":"Unknown - Unknown"}},{"type":"Feature","geometry":{"type":"Point","coordinates":[-73.9950959045667,40.578420701304616]},"properties":{"tpcondition":"Dead","stumpdiameter":null,"riskratingdate":null,"riskrating":null,"objectid":"5296742","globalid":"B10946EF-3EAC-4C88-9503-DF318353FD43","tpstructure":"Retired","plantingspaceglobalid":"B10946EF-3EAC-4C88-9503-DF318353FD43","createddate":"2018-04-11 11:11:00.0000000","dbh":"3","planteddate":null,"updateddate":"2023-06-15 18:15:00.0000000","geometry":"POINT(-73.9950959045667 40.578420701304616)","genusspecies":"Quercus alba - white oak"}},{"type":"Feature","geometry":{"type":"Point","coordinates":[-73.99698830052908,40.57825844571114]},"properties":{"tpcondition":"Good","stumpdiameter":"0","riskratingdate":null,"riskrating":null,"objectid":"5296743","globalid":"8AE5B042-AFAE-401A-9A6F-F1DD0A2FD6A4","tpstructure":"Retired","plantingspaceglobalid":"8AE5B042-AFAE-401A-9A6F-F1DD0A2FD6A4","createddate":"2018-04-11 11:11:11.0000000","dbh":"3","planteddate":null,"updateddate":"2022-02-10 21:01:23.0000000","geometry":"POINT(-73.99698830052908 40.57825844571114)","genusspecies":"Carpinus betulus - European hornbeam"}},{"type":"Feature","geometry":{"type":"Point","coordinates":[-73.77025665506063,40.68507071687629]},"properties":{"tpcondition":"Good","stumpdiameter":null,"riskratingdate":"2025-06-02 13:37:09.0000000","riskrating":"7","objectid":"5296744","globalid":"4BAE72D1-D193-4124-B353-774D2ADF4BC3","tpstructure":"Full","plantingspaceglobalid":"4BAE72D1-D193-4124-B353-774D2ADF4BC3","createddate":"2018-04-11 11:11:11.0000000","dbh":"33","planteddate":null,"updateddate":"2025-06-02 13:37:09.0000000","geometry":"POINT(-73.77025665506063 40.68507071687629)","genusspecies":"Quercus velutina - black oak"}},{"type":"Feature","geometry":{"type":"Point","coordinates":[-73.77167824496595,40.730405250287816]},"properties":{"tpcondition":"Good","stumpdiameter":"0","riskratingdate":null,"riskrating":null,"objectid":"5296745","globalid":"5C6657B3-055E-4277-9ACB-DD965099C415","tpstructure":"Full","plantingspaceglobalid":"5C6657B3-055E-4277-9ACB-DD965099C415","createddate":"2018-04-11 11:11:11.0000000","dbh":"9","planteddate":null,"updateddate":null,"geometry":"POINT(-73.77167824496595 40.730405250287816)","genusspecies":"Crataegus - Hawthorn"}},{"type":"Feature","geometry":{"type":"Point","coordinates":[-73.9984378764479,40.58328610680065]},"properties":{"tpcondition":"Good","stumpdiameter":"0","riskratingdate":"2019-06-26 09:18:54.0000000","riskrating":"3","objectid":"5296746","globalid":"4CB3A730-FF13-4922-8F43-28CE4EE9DC9B","tpstructure":"Full","plantingspaceglobalid":"4CB3A730-FF13-4922-8F43-28CE4EE9DC9B","createddate":"2018-04-11 11:11:11.0000000","dbh":"44","planteddate":null,"updateddate":"2019-06-26 13:18:55.0000000","geometry":"POINT(-73.9984378764479 40.58328610680065)","genusspecies":"Populus deltoides - eastern cottonwood"}},{"type":"Feature","geometry":{"type":"Point","coordinates":[-73.76635198668127,40.73562140075949]},"properties":{"tpcondition":"Good","stumpdiameter":"0","riskratingdate":null,"riskrating":null,"objectid":"5296747","globalid":"98C6F270-01DB-418B-8C9A-0B094929C789","tpstructure":"Full","plantingspaceglobalid":"98C6F270-01DB-418B-8C9A-0B094929C789","createddate":"2018-04-11 11:11:11.0000000","dbh":"8","planteddate":null,"updateddate":null,"geometry":"POINT(-73.76635198668127 40.73562140075949)","genusspecies":"Tilia x. europaea - Common linden"}},{"type":"Feature","geometry":{"type":"Point","coordinates":[-73.96170574463041,40.81449174774425]},"properties":{"tpcondition":"Good","stumpdiameter":"0","riskratingdate":null,"riskrating":null,"objectid":"5296748","globalid":"3773EB72-5ADF-45A7-9A7E-91BE32BEB21F","tpstructure":"Full","plantingspaceglobalid":"3773EB72-5ADF-45A7-9A7E-91BE32BEB21F","createddate":"2018-04-11 11:11:11.0000000","dbh":"22","planteddate":null,"updateddate":null,"geometry":"POINT(-73.96170574463041 40.81449174774425)","genusspecies":"Gleditsia triacanthos var. inermis - Thornless honeylocust"}},{"type":"Feature","geometry":{"type":"Point","coordinates":[-73.74122438918775,40.66482622727096]},"properties":{"tpcondition":"Good","stumpdiameter":"0","riskratingdate":null,"riskrating":null,"objectid":"5296749","globalid":"610EB8A8-9D32-4C10-A53C-41D9C9A982C9","tpstructure":"Full","plantingspaceglobalid":"610EB8A8-9D32-4C10-A53C-41D9C9A982C9","createddate":"2018-04-11 11:11:11.0000000","dbh":"32","planteddate":null,"updateddate":null,"geometry":"POINT(-73.74122438918775 40.66482622727096)","genusspecies":"Tilia cordata - littleleaf linden"}},{"type":"Feature","geometry":{"type":"Point","coordinates":[-73.97275855485547,40.80208272183898]},"properties":{"tpcondition":"Fair","stumpdiameter":null,"riskratingdate":"2025-09-17 17:08:40.0000000","riskrating":"8","objectid":"5296750","globalid":"994BAF84-B6F3-489F-8AEA-C3984BACEDC2","tpstructure":"Full","plantingspaceglobalid":"994BAF84-B6F3-489F-8AEA-C3984BACEDC2","createddate":"2018-04-11 11:11:11.0000000","dbh":"26","planteddate":null,"updateddate":"2025-09-17 17:08:40.0000000","geometry":"POINT(-73.97275855485547 40.80208272183898)","genusspecies":"Platanus x acerifolia - London planetree"}},{"type":"Feature","geometry":{"type":"Point","coordinates":[-73.92766490974424,40.66818605239704]},"properties":{"tpcondition":"Good","stumpdiameter":"0","riskratingdate":null,"riskrating":null,"objectid":"5296752","globalid":"254DAC0E-656D-4CEE-8CEA-F0F7A5407E4C","tpstructure":"Full","plantingspaceglobalid":"254DAC0E-656D-4CEE-8CEA-F0F7A5407E4C","createddate":"2018-04-11 11:11:11.0000000","dbh":"18","planteddate":null,"updateddate":null,"geometry":"POINT(-73.92766490974424 40.66818605239704)","genusspecies":"Cornus florida - flowering dogwood"}},{"type":"Feature","geometry":{"type":"Point","coordinates":[-73.93692529324586,40.608341688029796]},"properties":{"tpcondition":"Fair","stumpdiameter":"0","riskratingdate":null,"riskrating":null,"objectid":"5296755","globalid":"D236E48B-075C-46DC-A5E3-8F735D25C756","tpstructure":"Full","plantingspaceglobalid":"D236E48B-075C-46DC-A5E3-8F735D25C756","createddate":"2018-04-11 11:11:11.0000000","dbh":"2","planteddate":null,"updateddate":null,"geometry":"POINT(-73.93692529324586 40.608341688029796)","genusspecies":"Cornus florida - flowering dogwood"}},{"type":"Feature","geometry":{"type":"Point","coordinates":[-73.77190478459151,40.685184825865925]},"properties":{"tpcondition":"Good","stumpdiameter":null,"riskratingdate":"2025-06-04 15:35:52.0000000","riskrating":"6","objectid":"5296757","globalid":"C8E79AAB-F3F4-49D5-9FD8-2BDF57861474","tpstructure":"Full","plantingspaceglobalid":"C8E79AAB-F3F4-49D5-9FD8-2BDF57861474","createddate":"2018-04-11 11:11:11.0000000","dbh":"11","planteddate":null,"updateddate":"2025-06-04 15:35:52.0000000","geometry":"POINT(-73.77190478459151 40.685184825865925)","genusspecies":"Liquidambar styraciflua - sweetgum"}},{"type":"Feature","geometry":{"type":"Point","coordinates":[-73.83904117930993,40.68160732825979]},"properties":{"tpcondition":"Poor","stumpdiameter":null,"riskratingdate":"2022-09-07 16:13:00.0000000","riskrating":"7","objectid":"5296758","globalid":"5975D321-28EB-4079-ACA3-A4CE4FC9A2B4","tpstructure":"Retired","plantingspaceglobalid":"5975D321-28EB-4079-ACA3-A4CE4FC9A2B4","createddate":"2018-04-11 11:11:00.0000000","dbh":"18","planteddate":null,"updateddate":"2023-01-10 18:29:00.0000000","geometry":"POINT(-73.83904117930993 40.68160732825979)","genusspecies":"Ulmus americana - American elm"}},{"type":"Feature","geometry":{"type":"Point","coordinates":[-73.77694351122659,40.72942589717539]},"properties":{"tpcondition":"Good","stumpdiameter":"0","riskratingdate":null,"riskrating":null,"objectid":"5296759","globalid":"F544B8EA-E78E-4084-8788-C4D3A1843B62","tpstructure":"Full","plantingspaceglobalid":"F544B8EA-E78E-4084-8788-C4D3A1843B62","createddate":"2018-04-11 11:11:11.0000000","dbh":"5","planteddate":null,"updateddate":null,"geometry":"POINT(-73.77694351122659 40.72942589717539)","genusspecies":"Prunus - Cherry"}},{"type":"Feature","geometry":{"type":"Point","coordinates":[-73.98253557695055,40.787369648287346]},"properties":{"tpcondition":"Fair","stumpdiameter":null,"riskratingdate":"2023-07-29 15:16:46.0000000","riskrating":"7","objectid":"5296760","globalid":"2FF348AE-4804-4B85-9D71-8DDAAC54E7D4","tpstructure":"Full","plantingspaceglobalid":"2FF348AE-4804-4B85-9D71-8DDAAC54E7D4","createddate":"2018-04-11 11:11:11.0000000","dbh":"20","planteddate":null,"updateddate":"2023-07-29 15:16:46.0000000","geometry":"POINT(-73.98253557695055 40.787369648287346)","genusspecies":"Malus 'Pink Spire' - 'Pink Spire' Crabapple"}},{"type":"Feature","geometry":{"type":"Point","coordinates":[-73.77181318763937,40.73827216308139]},"properties":{"tpcondition":"Good","stumpdiameter":null,"riskratingdate":"2022-01-22 17:35:21.0000000","riskrating":"8","objectid":"5296761","globalid":"D92E8254-7073-4405-B000-DA77C46A4BD8","tpstructure":"Full","plantingspaceglobalid":"D92E8254-7073-4405-B000-DA77C46A4BD8","createddate":"2018-04-11 11:11:11.0000000","dbh":"63","planteddate":null,"updateddate":"2022-01-22 17:35:21.0000000","geometry":"POINT(-73.77181318763937 40.73827216308139)","genusspecies":"Ulmus pumila - Siberian elm"}},{"type":"Feature","geometry":{"type":"Point","coordinates":[-73.97156530836008,40.80503001558847]},"properties":{"tpcondition":"Good","stumpdiameter":"0","riskratingdate":null,"riskrating":null,"objectid":"5296762","globalid":"32D0DA5C-FD99-4BD7-9D7C-5650BF75A22D","tpstructure":"Full","plantingspaceglobalid":"32D0DA5C-FD99-4BD7-9D7C-5650BF75A22D","createddate":"2018-04-11 11:11:11.0000000","dbh":"17","planteddate":null,"updateddate":null,"geometry":"POINT(-73.97156530836008 40.80503001558847)","genusspecies":"Ulmus americana - American elm"}},{"type":"Feature","geometry":{"type":"Point","coordinates":[-73.7451571809533,40.660548919372964]},"properties":{"tpcondition":"Good","stumpdiameter":"0","riskratingdate":null,"riskrating":null,"objectid":"5296763","globalid":"B3D02AD2-8644-4151-BE4A-A3E7B910337C","tpstructure":"Full","plantingspaceglobalid":"B3D02AD2-8644-4151-BE4A-A3E7B910337C","createddate":"2018-04-11 11:11:11.0000000","dbh":"5","planteddate":null,"updateddate":null,"geometry":"POINT(-73.7451571809533 40.660548919372964)","genusspecies":"Liquidambar styraciflua - sweetgum"}},{"type":"Feature","geometry":{"type":"Point","coordinates":[-73.97751612994689,40.79359297657611]},"properties":{"tpcondition":"Good","stumpdiameter":"0","riskratingdate":null,"riskrating":null,"objectid":"5296766","globalid":"FFE4955C-F3B2-4E15-8C18-43408B4CC137","tpstructure":"Full","plantingspaceglobalid":"FFE4955C-F3B2-4E15-8C18-43408B4CC137","createddate":"2018-04-11 11:11:11.0000000","dbh":"8","planteddate":null,"updateddate":null,"geometry":"POINT(-73.97751612994689 40.79359297657611)","genusspecies":"Cornus florida - flowering dogwood"}},{"type":"Feature","geometry":{"type":"Point","coordinates":[-73.98507821428505,40.782448692726035]},"properties":{"tpcondition":"Good","stumpdiameter":"0","riskratingdate":null,"riskrating":null,"objectid":"5296767","globalid":"7CF0E449-DC38-498D-9A83-8D244290C254","tpstructure":"Full","plantingspaceglobalid":"7CF0E449-DC38-498D-9A83-8D244290C254","createddate":"2018-04-11 11:11:11.0000000","dbh":"12","planteddate":null,"updateddate":null,"geometry":"POINT(-73.98507821428505 40.782448692726035)","genusspecies":"Quercus palustris - pin oak"}},{"type":"Feature","geometry":{"type":"Point","coordinates":[-73.97827324531349,40.793501989887886]},"properties":{"tpcondition":"Good","stumpdiameter":null,"riskratingdate":"2022-06-15 18:29:55.0000000","riskrating":"9","objectid":"5296768","globalid":"0001AD1E-890B-4F8F-9890-DC79F628B06A","tpstructure":"Full","plantingspaceglobalid":"0001AD1E-890B-4F8F-9890-DC79F628B06A","createddate":"2018-04-11 11:11:11.0000000","dbh":"39","planteddate":null,"updateddate":"2022-06-15 18:29:55.0000000","geometry":"POINT(-73.97827324531349 40.793501989887886)","genusspecies":"Gleditsia triacanthos var. inermis - Thornless honeylocust"}},{"type":"Feature","geometry":{"type":"Point","coordinates":[-73.908495383763,40.596726049711776]},"properties":{"tpcondition":"Good","stumpdiameter":"0","riskratingdate":null,"riskrating":null,"objectid":"5296769","globalid":"31B189AD-2B9D-44A5-89D0-410C99414A60","tpstructure":"Full","plantingspaceglobalid":"31B189AD-2B9D-44A5-89D0-410C99414A60","createddate":"2018-04-11 11:11:11.0000000","dbh":"8","planteddate":null,"updateddate":null,"geometry":"POINT(-73.908495383763 40.596726049711776)","genusspecies":"Celtis occidentalis - common hackberry"}},{"type":"Feature","geometry":{"type":"Point","coordinates":[-74.03991698244718,40.61693391977631]},"properties":{"tpcondition":"Good","stumpdiameter":"0","riskratingdate":null,"riskrating":null,"objectid":"5296770","globalid":"D8FDB7BD-05E1-458A-AF0F-F239949F37D7","tpstructure":"Full","plantingspaceglobalid":"D8FDB7BD-05E1-458A-AF0F-F239949F37D7","createddate":"2018-04-11 11:11:11.0000000","dbh":"20","planteddate":null,"updateddate":null,"geometry":"POINT(-74.03991698244718 40.61693391977631)","genusspecies":"Platanus x acerifolia - London planetree"}},{"type":"Feature","geometry":{"type":"Point","coordinates":[-73.93323601104296,40.60344029161434]},"properties":{"tpcondition":"Fair","stumpdiameter":null,"riskratingdate":"2020-07-07 16:32:43.0000000","riskrating":"6","objectid":"5296771","globalid":"04A95972-13D3-4A78-A458-D9C41475FB39","tpstructure":"Full","plantingspaceglobalid":"04A95972-13D3-4A78-A458-D9C41475FB39","createddate":"2018-04-11 11:11:11.0000000","dbh":"37","planteddate":null,"updateddate":"2020-07-07 16:32:43.0000000","geometry":"POINT(-73.93323601104296 40.60344029161434)","genusspecies":"Quercus palustris - pin oak"}},{"type":"Feature","geometry":{"type":"Point","coordinates":[-73.74615818162923,40.657952921648814]},"properties":{"tpcondition":"Good","stumpdiameter":"0","riskratingdate":null,"riskrating":null,"objectid":"5296772","globalid":"659BAB0C-5ED6-4BCD-9C42-0BD158592908","tpstructure":"Full","plantingspaceglobalid":"659BAB0C-5ED6-4BCD-9C42-0BD158592908","createddate":"2018-04-11 11:11:11.0000000","dbh":"37","planteddate":null,"updateddate":null,"geometry":"POINT(-73.74615818162923 40.657952921648814)","genusspecies":"Liquidambar styraciflua - sweetgum"}},{"type":"Feature","geometry":{"type":"Point","coordinates":[-74.01976832927761,40.60687610317878]},"properties":{"tpcondition":"Good","stumpdiameter":"0","riskratingdate":null,"riskrating":null,"objectid":"5296773","globalid":"D4F1B25A-06C3-4A1E-8C61-571057443EFE","tpstructure":"Full","plantingspaceglobalid":"D4F1B25A-06C3-4A1E-8C61-571057443EFE","createddate":"2018-04-11 11:11:11.0000000","dbh":"32","planteddate":null,"updateddate":"2019-02-21 14:30:35.0000000","geometry":"POINT(-74.01976832927761 40.60687610317878)","genusspecies":"Quercus palustris - pin oak"}},{"type":"Feature","geometry":{"type":"Point","coordinates":[-73.97274387594626,40.799441793759264]},"properties":{"tpcondition":"Good","stumpdiameter":"0","riskratingdate":null,"riskrating":null,"objectid":"5296774","globalid":"AA4EDE39-09C8-41F2-8B4C-2C7D461A8801","tpstructure":"Full","plantingspaceglobalid":"AA4EDE39-09C8-41F2-8B4C-2C7D461A8801","createddate":"2018-04-11 11:11:11.0000000","dbh":"44","planteddate":null,"updateddate":null,"geometry":"POINT(-73.97274387594626 40.799441793759264)","genusspecies":"Ulmus americana - American elm"}},{"type":"Feature","geometry":{"type":"Point","coordinates":[-73.94374709494657,40.77541971555029]},"properties":{"tpcondition":"Good","stumpdiameter":"0","riskratingdate":null,"riskrating":null,"objectid":"5296775","globalid":"0E5583DA-7375-4E7D-95DF-29CEC0ED3D13","tpstructure":"Full","plantingspaceglobalid":"0E5583DA-7375-4E7D-95DF-29CEC0ED3D13","createddate":"2018-04-11 11:11:11.0000000","dbh":"20","planteddate":null,"updateddate":null,"geometry":"POINT(-73.94374709494657 40.77541971555029)","genusspecies":"Quercus palustris - pin oak"}},{"type":"Feature","geometry":{"type":"Point","coordinates":[-73.98410251431704,40.73391000093839]},"properties":{"tpcondition":"Good","stumpdiameter":"0","riskratingdate":null,"riskrating":null,"objectid":"5296776","globalid":"727FBB69-F42F-4269-AF8C-7B7C7A691416","tpstructure":"Full","plantingspaceglobalid":"727FBB69-F42F-4269-AF8C-7B7C7A691416","createddate":"2018-04-11 11:11:11.0000000","dbh":"8","planteddate":null,"updateddate":null,"geometry":"POINT(-73.98410251431704 40.73391000093839)","genusspecies":"Magnolia - magnolia"}},{"type":"Feature","geometry":{"type":"Point","coordinates":[-73.97122117620657,40.805531947788474]},"properties":{"tpcondition":"Poor","stumpdiameter":null,"riskratingdate":"2023-03-07 17:01:00.0000000","riskrating":"7","objectid":"5296777","globalid":"B5611B0E-4A75-45B5-AA64-F3705B0F2440","tpstructure":"Stump","plantingspaceglobalid":"B5611B0E-4A75-45B5-AA64-F3705B0F2440","createddate":"2018-04-11 11:11:00.0000000","dbh":"9","planteddate":null,"updateddate":"2023-03-28 17:04:00.0000000","geometry":"POINT(-73.97122117620657 40.805531947788474)","genusspecies":"Ulmus americana - American elm"}},{"type":"Feature","geometry":{"type":"Point","coordinates":[-73.97865751153418,40.79310293449288]},"properties":{"tpcondition":"Good","stumpdiameter":null,"riskratingdate":"2022-04-15 18:27:05.0000000","riskrating":"7","objectid":"5296778","globalid":"2AF54F4D-C575-498E-A86A-9151EBA8E367","tpstructure":"Full","plantingspaceglobalid":"2AF54F4D-C575-498E-A86A-9151EBA8E367","createddate":"2018-04-11 11:11:11.0000000","dbh":"33","planteddate":null,"updateddate":"2022-04-15 18:27:05.0000000","geometry":"POINT(-73.97865751153418 40.79310293449288)","genusspecies":"Quercus palustris - pin oak"}},{"type":"Feature","geometry":{"type":"Point","coordinates":[-73.94499272151103,40.80382204300455]},"properties":{"tpcondition":"Good","stumpdiameter":null,"riskratingdate":"2020-08-14 14:04:39.0000000","riskrating":"8","objectid":"5296779","globalid":"1CDCDDAC-5753-457B-A6CB-A6569D4D6DB8","tpstructure":"Full","plantingspaceglobalid":"1CDCDDAC-5753-457B-A6CB-A6569D4D6DB8","createddate":"2018-04-11 11:11:11.0000000","dbh":"47","planteddate":null,"updateddate":"2020-08-14 14:04:39.0000000","geometry":"POINT(-73.94499272151103 40.80382204300455)","genusspecies":"Quercus shumardii - Shumard's oak"}},{"type":"Feature","geometry":{"type":"Point","coordinates":[-73.97858456305022,40.69751630276906]},"properties":{"tpcondition":"Excellent","stumpdiameter":"0","riskratingdate":null,"riskrating":null,"objectid":"5296780","globalid":"3AA5DC56-8EFE-4A44-9562-A75506FC7691","tpstructure":"Full","plantingspaceglobalid":"3AA5DC56-8EFE-4A44-9562-A75506FC7691","createddate":"2018-04-11 11:11:11.0000000","dbh":"7","planteddate":null,"updateddate":null,"geometry":"POINT(-73.97858456305022 40.69751630276906)","genusspecies":"Tilia cordata - littleleaf linden"}},{"type":"Feature","geometry":{"type":"Point","coordinates":[-73.97167545670938,40.80010894232402]},"properties":{"tpcondition":"Good","stumpdiameter":"0","riskratingdate":null,"riskrating":null,"objectid":"5296781","globalid":"BE881E9F-1F93-41F1-82EB-5537C4C08900","tpstructure":"Full","plantingspaceglobalid":"BE881E9F-1F93-41F1-82EB-5537C4C08900","createddate":"2018-04-11 11:11:11.0000000","dbh":"13","planteddate":null,"updateddate":null,"geometry":"POINT(-73.97167545670938 40.80010894232402)","genusspecies":"Ginkgo biloba - maidenhair tree"}},{"type":"Feature","geometry":{"type":"Point","coordinates":[-73.94291331651884,40.77855485625231]},"properties":{"tpcondition":"Fair","stumpdiameter":"0","riskratingdate":null,"riskrating":null,"objectid":"5296782","globalid":"0A742F58-B7AD-47A3-A7AA-43E1622BF6EF","tpstructure":"Full","plantingspaceglobalid":"0A742F58-B7AD-47A3-A7AA-43E1622BF6EF","createddate":"2018-04-11 11:11:11.0000000","dbh":"7","planteddate":null,"updateddate":null,"geometry":"POINT(-73.94291331651884 40.77855485625231)","genusspecies":"Pyrus calleryana - Callery pear"}},{"type":"Feature","geometry":{"type":"Point","coordinates":[-73.97732556270661,40.79501341796105]},"properties":{"tpcondition":"Good","stumpdiameter":"0","riskratingdate":null,"riskrating":null,"objectid":"5296783","globalid":"AFE9005A-97DA-40A6-9964-4009D87034EC","tpstructure":"Full","plantingspaceglobalid":"AFE9005A-97DA-40A6-9964-4009D87034EC","createddate":"2018-04-11 11:11:11.0000000","dbh":"19","planteddate":null,"updateddate":null,"geometry":"POINT(-73.97732556270661 40.79501341796105)","genusspecies":"Quercus palustris - pin oak"}},{"type":"Feature","geometry":{"type":"Point","coordinates":[-73.98955289097563,40.715316803940375]},"properties":{"tpcondition":"Good","stumpdiameter":null,"riskratingdate":"2024-11-26 16:14:20.0000000","riskrating":"8","objectid":"5296785","globalid":"770FA676-545B-4FF8-81FB-0CA822D177D3","tpstructure":"Full","plantingspaceglobalid":"770FA676-545B-4FF8-81FB-0CA822D177D3","createddate":"2018-04-11 11:11:11.0000000","dbh":"18","planteddate":null,"updateddate":"2024-11-26 16:14:20.0000000","geometry":"POINT(-73.98955289097563 40.715316803940375)","genusspecies":"Ulmus parvifolia - Chinese elm"}},{"type":"Feature","geometry":{"type":"Point","coordinates":[-73.88262650827774,40.644541480071354]},"properties":{"tpcondition":"Good","stumpdiameter":"0","riskratingdate":null,"riskrating":null,"objectid":"5296786","globalid":"7BCFCA23-20F9-42E4-AE00-2D903B213B59","tpstructure":"Full","plantingspaceglobalid":"7BCFCA23-20F9-42E4-AE00-2D903B213B59","createddate":"2018-04-11 11:11:11.0000000","dbh":"12","planteddate":null,"updateddate":null,"geometry":"POINT(-73.88262650827774 40.644541480071354)","genusspecies":"Gleditsia triacanthos var. inermis - Thornless honeylocust"}},{"type":"Feature","geometry":{"type":"Point","coordinates":[-73.88385483318511,40.677730754296334]},"properties":{"tpcondition":"Good","stumpdiameter":"0","riskratingdate":null,"riskrating":null,"objectid":"5296788","globalid":"0B01DD18-17B7-439B-991A-C6BFDB5EB472","tpstructure":"Full","plantingspaceglobalid":"0B01DD18-17B7-439B-991A-C6BFDB5EB472","createddate":"2018-04-11 11:11:11.0000000","dbh":"6","planteddate":null,"updateddate":null,"geometry":"POINT(-73.88385483318511 40.677730754296334)","genusspecies":"Gleditsia triacanthos var. inermis - Thornless honeylocust"}},{"type":"Feature","geometry":{"type":"Point","coordinates":[-73.9587555966103,40.80419303327684]},"properties":{"tpcondition":"Good","stumpdiameter":null,"riskratingdate":"2025-08-18 13:30:07.0000000","riskrating":"10","objectid":"5296789","globalid":"5DEFE24F-E427-481D-B57D-DAB0FF46DBFE","tpstructure":"Full","plantingspaceglobalid":"5DEFE24F-E427-481D-B57D-DAB0FF46DBFE","createddate":"2018-04-11 11:11:11.0000000","dbh":"32","planteddate":null,"updateddate":"2025-08-18 13:30:07.0000000","geometry":"POINT(-73.9587555966103 40.80419303327684)","genusspecies":"Platanus x acerifolia - London planetree"}},{"type":"Feature","geometry":{"type":"Point","coordinates":[-73.77051420754304,40.68660200240251]},"properties":{"tpcondition":"Good","stumpdiameter":null,"riskratingdate":"2025-05-30 13:37:34.0000000","riskrating":"6","objectid":"5296790","globalid":"CBFDC347-9289-44B4-B184-57AF1FB7C192","tpstructure":"Full","plantingspaceglobalid":"CBFDC347-9289-44B4-B184-57AF1FB7C192","createddate":"2018-04-11 11:11:11.0000000","dbh":"10","planteddate":null,"updateddate":"2025-05-30 13:37:34.0000000","geometry":"POINT(-73.77051420754304 40.68660200240251)","genusspecies":"Pinus strobus - eastern white pine"}},{"type":"Feature","geometry":{"type":"Point","coordinates":[-73.94847734334701,40.838969504040584]},"properties":{"tpcondition":"Good","stumpdiameter":"0","riskratingdate":null,"riskrating":null,"objectid":"5296791","globalid":"10ACEAA8-3A13-4F5C-B296-DD4A0CE2736B","tpstructure":"Full","plantingspaceglobalid":"10ACEAA8-3A13-4F5C-B296-DD4A0CE2736B","createddate":"2018-04-11 11:11:11.0000000","dbh":"3","planteddate":null,"updateddate":null,"geometry":"POINT(-73.94847734334701 40.838969504040584)","genusspecies":"Crataegus - Hawthorn"}},{"type":"Feature","geometry":{"type":"Point","coordinates":[-74.00497652624763,40.672818751620845]},"properties":{"tpcondition":"Good","stumpdiameter":"0","riskratingdate":null,"riskrating":null,"objectid":"5296792","globalid":"D0BEACD1-052E-4F7A-9B7F-F1A5A7BFFE5F","tpstructure":"Full","plantingspaceglobalid":"D0BEACD1-052E-4F7A-9B7F-F1A5A7BFFE5F","createddate":"2018-04-11 11:11:11.0000000","dbh":"16","planteddate":null,"updateddate":null,"geometry":"POINT(-74.00497652624763 40.672818751620845)","genusspecies":"Pyrus calleryana - Callery pear"}},{"type":"Feature","geometry":{"type":"Point","coordinates":[-73.77122190853986,40.687081875933856]},"properties":{"tpcondition":"Good","stumpdiameter":null,"riskratingdate":"2023-12-29 13:11:53.0000000","riskrating":"9","objectid":"5296793","globalid":"2DE8C99E-042D-4CD5-B1F9-A59DC2701413","tpstructure":"Full","plantingspaceglobalid":"2DE8C99E-042D-4CD5-B1F9-A59DC2701413","createddate":"2018-04-11 11:11:11.0000000","dbh":"33","planteddate":null,"updateddate":"2023-12-29 13:11:53.0000000","geometry":"POINT(-73.77122190853986 40.687081875933856)","genusspecies":"Quercus velutina - black oak"}},{"type":"Feature","geometry":{"type":"Point","coordinates":[-73.99712339763276,40.69772046277975]},"properties":{"tpcondition":"Good","stumpdiameter":"0","riskratingdate":null,"riskrating":null,"objectid":"5296795","globalid":"99C10DC8-6EFB-4251-8481-4221A4301EC8","tpstructure":"Full","plantingspaceglobalid":"99C10DC8-6EFB-4251-8481-4221A4301EC8","createddate":"2018-04-11 11:11:11.0000000","dbh":"6","planteddate":null,"updateddate":null,"geometry":"POINT(-73.99712339763276 40.69772046277975)","genusspecies":"Cornus florida - flowering dogwood"}},{"type":"Feature","geometry":{"type":"Point","coordinates":[-73.77345884548856,40.72943041809139]},"properties":{"tpcondition":"Fair","stumpdiameter":"0","riskratingdate":null,"riskrating":null,"objectid":"5296796","globalid":"A0C34CA3-697F-4291-80D1-7AC7B7BA1E6D","tpstructure":"Full","plantingspaceglobalid":"A0C34CA3-697F-4291-80D1-7AC7B7BA1E6D","createddate":"2018-04-11 11:11:11.0000000","dbh":"6","planteddate":null,"updateddate":null,"geometry":"POINT(-73.77345884548856 40.72943041809139)","genusspecies":"Pinus resinosa - red pine"}},{"type":"Feature","geometry":{"type":"Point","coordinates":[-73.93581928404497,40.60400084238188]},"properties":{"tpcondition":"Fair","stumpdiameter":"0","riskratingdate":"2020-01-29 14:40:43.0000000","riskrating":"6","objectid":"5296797","globalid":"A6191C01-6DCB-490B-B84A-D6310DDB71CF","tpstructure":"Full","plantingspaceglobalid":"A6191C01-6DCB-490B-B84A-D6310DDB71CF","createddate":"2018-04-11 11:11:11.0000000","dbh":"29","planteddate":null,"updateddate":"2020-01-29 14:40:43.0000000","geometry":"POINT(-73.93581928404497 40.60400084238188)","genusspecies":"Quercus palustris - pin oak"}},{"type":"Feature","geometry":{"type":"Point","coordinates":[-73.94446679529848,40.80581017627887]},"properties":{"tpcondition":"Good","stumpdiameter":"0","riskratingdate":null,"riskrating":null,"objectid":"5296798","globalid":"249E8263-C9ED-4FAD-891F-79C77A6F427C","tpstructure":"Full","plantingspaceglobalid":"249E8263-C9ED-4FAD-891F-79C77A6F427C","createddate":"2018-04-11 11:11:11.0000000","dbh":"4","planteddate":null,"updateddate":null,"geometry":"POINT(-73.94446679529848 40.80581017627887)","genusspecies":"Magnolia - magnolia"}},{"type":"Feature","geometry":{"type":"Point","coordinates":[-73.98621716422768,40.60897318036453]},"properties":{"tpcondition":"Fair","stumpdiameter":"0","riskratingdate":null,"riskrating":null,"objectid":"5296799","globalid":"E4914DB4-12C8-41DA-8303-3BD53A4FC281","tpstructure":"Full","plantingspaceglobalid":"E4914DB4-12C8-41DA-8303-3BD53A4FC281","createddate":"2018-04-11 11:11:11.0000000","dbh":"15","planteddate":null,"updateddate":null,"geometry":"POINT(-73.98621716422768 40.60897318036453)","genusspecies":"Prunus serrulata 'Green leaf' - 'Green leaf' Japanese flowering cherry"}},{"type":"Feature","geometry":{"type":"Point","coordinates":[-73.93396684148391,40.85871429293695]},"properties":{"tpcondition":"Good","stumpdiameter":"0","riskratingdate":null,"riskrating":null,"objectid":"5296800","globalid":"014062D1-7DAE-4DE9-92E0-AEC58865A4BA","tpstructure":"Full","plantingspaceglobalid":"014062D1-7DAE-4DE9-92E0-AEC58865A4BA","createddate":"2018-04-11 11:11:11.0000000","dbh":"25","planteddate":null,"updateddate":null,"geometry":"POINT(-73.93396684148391 40.85871429293695)","genusspecies":"Platanus x acerifolia - London planetree"}},{"type":"Feature","geometry":{"type":"Point","coordinates":[-73.99110365825523,40.58492972156667]},"properties":{"tpcondition":"Good","stumpdiameter":"0","riskratingdate":null,"riskrating":null,"objectid":"5296801","globalid":"920390EC-F279-4355-A59B-FB3E479543B3","tpstructure":"Full","plantingspaceglobalid":"920390EC-F279-4355-A59B-FB3E479543B3","createddate":"2018-04-11 11:11:11.0000000","dbh":"4","planteddate":null,"updateddate":null,"geometry":"POINT(-73.99110365825523 40.58492972156667)","genusspecies":"Celtis occidentalis - common hackberry"}},{"type":"Feature","geometry":{"type":"Point","coordinates":[-74.00429065439249,40.7051690138387]},"properties":{"tpcondition":"Fair","stumpdiameter":"0","riskratingdate":null,"riskrating":null,"objectid":"5296802","globalid":"70AC7D6A-2F31-41EB-A4C4-78DC1FCB5B3E","tpstructure":"Full","plantingspaceglobalid":"70AC7D6A-2F31-41EB-A4C4-78DC1FCB5B3E","createddate":"2018-04-11 11:11:11.0000000","dbh":"6","planteddate":null,"updateddate":null,"geometry":"POINT(-74.00429065439249 40.7051690138387)","genusspecies":"Quercus alba - white oak"}},{"type":"Feature","geometry":{"type":"Point","coordinates":[-73.988740929352,40.78028082936337]},"properties":{"tpcondition":"Good","stumpdiameter":"0","riskratingdate":null,"riskrating":null,"objectid":"5296803","globalid":"38A19713-F36A-4FE0-B111-C5E4BE2958D5","tpstructure":"Full","plantingspaceglobalid":"38A19713-F36A-4FE0-B111-C5E4BE2958D5","createddate":"2018-04-11 11:11:11.0000000","dbh":"13","planteddate":null,"updateddate":null,"geometry":"POINT(-73.988740929352 40.78028082936337)","genusspecies":"Tilia cordata - littleleaf linden"}},{"type":"Feature","geometry":{"type":"Point","coordinates":[-73.92937318367821,40.59906292122574]},"properties":{"tpcondition":"Fair","stumpdiameter":null,"riskratingdate":"2020-07-29 16:59:09.0000000","riskrating":"7","objectid":"5296804","globalid":"5077F1FB-5125-48E0-B81C-2C12CFD67299","tpstructure":"Full","plantingspaceglobalid":"5077F1FB-5125-48E0-B81C-2C12CFD67299","createddate":"2018-04-11 11:11:11.0000000","dbh":"20","planteddate":null,"updateddate":"2020-07-29 16:59:09.0000000","geometry":"POINT(-73.92937318367821 40.59906292122574)","genusspecies":"Platanus x acerifolia - London planetree"}},{"type":"Feature","geometry":{"type":"Point","coordinates":[-74.0076884999892,40.67172149602802]},"properties":{"tpcondition":"Fair","stumpdiameter":"0","riskratingdate":null,"riskrating":null,"objectid":"5296805","globalid":"BFE80B47-05B7-4E40-AC4B-F8D1FE370E2E","tpstructure":"Full","plantingspaceglobalid":"BFE80B47-05B7-4E40-AC4B-F8D1FE370E2E","createddate":"2018-04-11 11:11:11.0000000","dbh":"4","planteddate":null,"updateddate":null,"geometry":"POINT(-74.0076884999892 40.67172149602802)","genusspecies":"Prunus - Cherry"}},{"type":"Feature","geometry":{"type":"Point","coordinates":[-73.77672909760248,40.72896654440777]},"properties":{"tpcondition":"Good","stumpdiameter":"0","riskratingdate":null,"riskrating":null,"objectid":"5296807","globalid":"0C168E38-A351-4121-A446-09CDA681CE6B","tpstructure":"Full","plantingspaceglobalid":"0C168E38-A351-4121-A446-09CDA681CE6B","createddate":"2018-04-11 11:11:11.0000000","dbh":"4","planteddate":null,"updateddate":null,"geometry":"POINT(-73.77672909760248 40.72896654440777)","genusspecies":"Prunus - Cherry"}},{"type":"Feature","geometry":{"type":"Point","coordinates":[-73.843580899043,40.6572584480093]},"properties":{"tpcondition":"Good","stumpdiameter":"0","riskratingdate":null,"riskrating":null,"objectid":"5296809","globalid":"A46EB446-2C71-49F4-90DC-8A1BAD1CA2FA","tpstructure":"Full","plantingspaceglobalid":"A46EB446-2C71-49F4-90DC-8A1BAD1CA2FA","createddate":"2018-04-11 11:11:11.0000000","dbh":"4","planteddate":null,"updateddate":null,"geometry":"POINT(-73.843580899043 40.6572584480093)","genusspecies":"Gleditsia triacanthos var. inermis - Thornless honeylocust"}},{"type":"Feature","geometry":{"type":"Point","coordinates":[-73.93510033120565,40.60322936279871]},"properties":{"tpcondition":"Good","stumpdiameter":"0","riskratingdate":null,"riskrating":null,"objectid":"5296810","globalid":"8DDA3FE1-11F5-486F-BB5C-2CDDD9CB14EE","tpstructure":"Full","plantingspaceglobalid":"8DDA3FE1-11F5-486F-BB5C-2CDDD9CB14EE","createddate":"2018-04-11 11:11:00.0000000","dbh":"3","planteddate":null,"updateddate":"2020-01-31 16:21:00.0000000","geometry":"POINT(-73.93510033120565 40.60322936279871)","genusspecies":"Quercus bicolor - swamp white oak"}},{"type":"Feature","geometry":{"type":"Point","coordinates":[-73.94830042782263,40.839836128120695]},"properties":{"tpcondition":"Good","stumpdiameter":"0","riskratingdate":null,"riskrating":null,"objectid":"5296811","globalid":"E55BC6A4-FAA0-4DA3-AD0E-FA793AC3E802","tpstructure":"Full","plantingspaceglobalid":"E55BC6A4-FAA0-4DA3-AD0E-FA793AC3E802","createddate":"2018-04-11 11:11:11.0000000","dbh":"27","planteddate":null,"updateddate":null,"geometry":"POINT(-73.94830042782263 40.839836128120695)","genusspecies":"Populus deltoides - eastern cottonwood"}},{"type":"Feature","geometry":{"type":"Point","coordinates":[-73.9737911464877,40.799956977760615]},"properties":{"tpcondition":"Good","stumpdiameter":null,"riskratingdate":"2022-05-18 17:24:10.0000000","riskrating":"9","objectid":"5296812","globalid":"92735E53-A55D-4093-983C-5F5D51AB48B3","tpstructure":"Full","plantingspaceglobalid":"92735E53-A55D-4093-983C-5F5D51AB48B3","createddate":"2018-04-11 11:11:11.0000000","dbh":"27","planteddate":null,"updateddate":"2022-05-18 17:24:10.0000000","geometry":"POINT(-73.9737911464877 40.799956977760615)","genusspecies":"Platanus x acerifolia - London planetree"}},{"type":"Feature","geometry":{"type":"Point","coordinates":[-73.77125223565422,40.68872738087001]},"properties":{"tpcondition":"Good","stumpdiameter":"0","riskratingdate":null,"riskrating":null,"objectid":"5296813","globalid":"15A9DA38-2FB4-4BB6-8C0E-D70250CAF4DB","tpstructure":"Full","plantingspaceglobalid":"15A9DA38-2FB4-4BB6-8C0E-D70250CAF4DB","createddate":"2018-04-11 11:11:11.0000000","dbh":"5","planteddate":null,"updateddate":null,"geometry":"POINT(-73.77125223565422 40.68872738087001)","genusspecies":"Prunus - Cherry"}},{"type":"Feature","geometry":{"type":"Point","coordinates":[-73.77203821929719,40.73012641722233]},"properties":{"tpcondition":"Good","stumpdiameter":"0","riskratingdate":"2019-06-27 11:03:48.0000000","riskrating":"8","objectid":"5296814","globalid":"489C3C41-2045-4410-B9CF-3E46A9A3685B","tpstructure":"Full","plantingspaceglobalid":"489C3C41-2045-4410-B9CF-3E46A9A3685B","createddate":"2018-04-11 11:11:11.0000000","dbh":"21","planteddate":null,"updateddate":"2019-06-27 15:03:49.0000000","geometry":"POINT(-73.77203821929719 40.73012641722233)","genusspecies":"Liquidambar styraciflua - sweetgum"}},{"type":"Feature","geometry":{"type":"Point","coordinates":[-73.93480988300176,40.83980054948727]},"properties":{"tpcondition":"Good","stumpdiameter":null,"riskratingdate":"2023-11-29 16:33:16.0000000","riskrating":"8","objectid":"5296816","globalid":"D4DA11C2-280C-47ED-9A8F-2E972E6C16E1","tpstructure":"Full","plantingspaceglobalid":"D4DA11C2-280C-47ED-9A8F-2E972E6C16E1","createddate":"2018-04-11 11:11:11.0000000","dbh":"32","planteddate":null,"updateddate":"2023-11-29 16:33:16.0000000","geometry":"POINT(-73.93480988300176 40.83980054948727)","genusspecies":"Platanus x acerifolia - London planetree"}},{"type":"Feature","geometry":{"type":"Point","coordinates":[-73.92986222057041,40.599533635722985]},"properties":{"tpcondition":"Fair","stumpdiameter":"0","riskratingdate":"2020-09-24 20:41:15.0000000","riskrating":"7","objectid":"5296817","globalid":"AFE8D038-C0AB-451D-8873-7BC2C78A29FA","tpstructure":"Full","plantingspaceglobalid":"AFE8D038-C0AB-451D-8873-7BC2C78A29FA","createddate":"2018-04-11 11:11:11.0000000","dbh":"29","planteddate":null,"updateddate":"2020-09-24 20:41:15.0000000","geometry":"POINT(-73.92986222057041 40.599533635722985)","genusspecies":"Quercus phellos - willow oak"}},{"type":"Feature","geometry":{"type":"Point","coordinates":[-74.0072907289656,40.67266208111026]},"properties":{"tpcondition":"Good","stumpdiameter":"0","riskratingdate":null,"riskrating":null,"objectid":"5296818","globalid":"4DB387DB-25B6-4388-BBE7-AD13080C452A","tpstructure":"Full","plantingspaceglobalid":"4DB387DB-25B6-4388-BBE7-AD13080C452A","createddate":"2018-04-11 11:11:11.0000000","dbh":"12","planteddate":null,"updateddate":null,"geometry":"POINT(-74.0072907289656 40.67266208111026)","genusspecies":"Celtis occidentalis - common hackberry"}},{"type":"Feature","geometry":{"type":"Point","coordinates":[-73.97606523498052,40.79852490080807]},"properties":{"tpcondition":"Good","stumpdiameter":"0","riskratingdate":null,"riskrating":null,"objectid":"5296820","globalid":"EA0CE2FF-F3EE-4F1B-BE7D-6003D359D128","tpstructure":"Full","plantingspaceglobalid":"EA0CE2FF-F3EE-4F1B-BE7D-6003D359D128","createddate":"2018-04-11 11:11:11.0000000","dbh":"18","planteddate":null,"updateddate":null,"geometry":"POINT(-73.97606523498052 40.79852490080807)","genusspecies":"Liquidambar styraciflua - sweetgum"}},{"type":"Feature","geometry":{"type":"Point","coordinates":[-73.97387990848216,40.80169925092392]},"properties":{"tpcondition":"Good","stumpdiameter":"0","riskratingdate":null,"riskrating":null,"objectid":"5296821","globalid":"1DA6414A-3950-46A2-ACE5-D818752F1B07","tpstructure":"Full","plantingspaceglobalid":"1DA6414A-3950-46A2-ACE5-D818752F1B07","createddate":"2018-04-11 11:11:11.0000000","dbh":"17","planteddate":null,"updateddate":null,"geometry":"POINT(-73.97387990848216 40.80169925092392)","genusspecies":"Ulmus americana - American elm"}},{"type":"Feature","geometry":{"type":"Point","coordinates":[-74.04097529971183,40.6262272095944]},"properties":{"tpcondition":"Good","stumpdiameter":"0","riskratingdate":null,"riskrating":null,"objectid":"5296822","globalid":"535BB3DD-8F9E-4267-A5CB-3D52D8DF8119","tpstructure":"Full","plantingspaceglobalid":"535BB3DD-8F9E-4267-A5CB-3D52D8DF8119","createddate":"2018-04-11 11:11:11.0000000","dbh":"3","planteddate":null,"updateddate":null,"geometry":"POINT(-74.04097529971183 40.6262272095944)","genusspecies":"Ulmus parvifolia - Chinese elm"}},{"type":"Feature","geometry":{"type":"Point","coordinates":[-73.9736161035233,40.79749797523603]},"properties":{"tpcondition":"Good","stumpdiameter":"0","riskratingdate":null,"riskrating":null,"objectid":"5296823","globalid":"DED30A56-433F-437B-B55B-AD98544A59A3","tpstructure":"Full","plantingspaceglobalid":"DED30A56-433F-437B-B55B-AD98544A59A3","createddate":"2018-04-11 11:11:11.0000000","dbh":"17","planteddate":null,"updateddate":null,"geometry":"POINT(-73.9736161035233 40.79749797523603)","genusspecies":"Ulmus pumila - Siberian elm"}},{"type":"Feature","geometry":{"type":"Point","coordinates":[-73.9489043348586,40.83859625848117]},"properties":{"tpcondition":"Good","stumpdiameter":"0","riskratingdate":null,"riskrating":null,"objectid":"5296824","globalid":"B4D61810-C442-41FC-8296-1454CADB6D40","tpstructure":"Full","plantingspaceglobalid":"B4D61810-C442-41FC-8296-1454CADB6D40","createddate":"2018-04-11 11:11:11.0000000","dbh":"30","planteddate":null,"updateddate":null,"geometry":"POINT(-73.9489043348586 40.83859625848117)","genusspecies":"Populus deltoides - eastern cottonwood"}},{"type":"Feature","geometry":{"type":"Point","coordinates":[-73.987738967085,40.78188947008207]},"properties":{"tpcondition":"Good","stumpdiameter":"0","riskratingdate":null,"riskrating":null,"objectid":"5296825","globalid":"FD1084F7-D6E4-4BC7-B612-D8E0B10CE117","tpstructure":"Full","plantingspaceglobalid":"FD1084F7-D6E4-4BC7-B612-D8E0B10CE117","createddate":"2018-04-11 11:11:11.0000000","dbh":"21","planteddate":null,"updateddate":null,"geometry":"POINT(-73.987738967085 40.78188947008207)","genusspecies":"Quercus coccinea - scarlet oak"}},{"type":"Feature","geometry":{"type":"Point","coordinates":[-73.93974954345019,40.85706619352539]},"properties":{"tpcondition":"Good","stumpdiameter":"0","riskratingdate":null,"riskrating":null,"objectid":"5296827","globalid":"CB424BDB-8B59-4D83-9267-3AEE4BE235DA","tpstructure":"Full","plantingspaceglobalid":"CB424BDB-8B59-4D83-9267-3AEE4BE235DA","createddate":"2018-04-11 11:11:11.0000000","dbh":"4","planteddate":null,"updateddate":null,"geometry":"POINT(-73.93974954345019 40.85706619352539)","genusspecies":"Populus deltoides - eastern cottonwood"}},{"type":"Feature","geometry":{"type":"Point","coordinates":[-73.77018486435595,40.686618182079]},"properties":{"tpcondition":"Good","stumpdiameter":null,"riskratingdate":"2025-05-30 13:05:15.0000000","riskrating":"5","objectid":"5296828","globalid":"3D9F579A-E492-4B3E-B6C3-C72C281B02B0","tpstructure":"Full","plantingspaceglobalid":"3D9F579A-E492-4B3E-B6C3-C72C281B02B0","createddate":"2018-04-11 11:11:11.0000000","dbh":"13","planteddate":null,"updateddate":"2025-05-30 13:05:15.0000000","geometry":"POINT(-73.77018486435595 40.686618182079)","genusspecies":"Acer saccharinum - silver maple"}},{"type":"Feature","geometry":{"type":"Point","coordinates":[-73.9003081191623,40.61390242958617]},"properties":{"tpcondition":"Dead","stumpdiameter":null,"riskratingdate":null,"riskrating":null,"objectid":"5296829","globalid":"0CEDD386-F415-4EA5-A9C2-60E30706EFF7","tpstructure":"Full","plantingspaceglobalid":"0CEDD386-F415-4EA5-A9C2-60E30706EFF7","createddate":"2018-04-11 11:11:11.0000000","dbh":"11","planteddate":null,"updateddate":"2024-03-28 17:20:40.0000000","geometry":"POINT(-73.9003081191623 40.61390242958617)","genusspecies":"Acer rubrum - red maple"}},{"type":"Feature","geometry":{"type":"Point","coordinates":[-74.00570685734688,40.671888396557684]},"properties":{"tpcondition":"Good","stumpdiameter":"0","riskratingdate":null,"riskrating":null,"objectid":"5296830","globalid":"59145352-17A2-4876-A2B1-89483557A30E","tpstructure":"Full","plantingspaceglobalid":"59145352-17A2-4876-A2B1-89483557A30E","createddate":"2018-04-11 11:11:11.0000000","dbh":"6","planteddate":null,"updateddate":null,"geometry":"POINT(-74.00570685734688 40.671888396557684)","genusspecies":"Juniperus virginiana - eastern redcedar"}},{"type":"Feature","geometry":{"type":"Point","coordinates":[-73.92519304896668,40.66767105341063]},"properties":{"tpcondition":"Good","stumpdiameter":null,"riskratingdate":"2024-06-13 13:46:00.0000000","riskrating":"6","objectid":"5296831","globalid":"3927A32F-AC61-4DB1-8DB0-3C89489445FC","tpstructure":"Full","plantingspaceglobalid":"3927A32F-AC61-4DB1-8DB0-3C89489445FC","createddate":"2018-04-11 11:11:11.0000000","dbh":"22","planteddate":null,"updateddate":"2024-06-13 13:46:00.0000000","geometry":"POINT(-73.92519304896668 40.66767105341063)","genusspecies":"Carpinus caroliniana - American hornbeam"}},{"type":"Feature","geometry":{"type":"Point","coordinates":[-73.98644892507156,40.78291990594112]},"properties":{"tpcondition":"Good","stumpdiameter":null,"riskratingdate":"2023-03-08 17:52:48.0000000","riskrating":"9","objectid":"5296832","globalid":"C4C4BA1F-948B-4BB9-922B-2DCF40B10127","tpstructure":"Full","plantingspaceglobalid":"C4C4BA1F-948B-4BB9-922B-2DCF40B10127","createddate":"2018-04-11 11:11:11.0000000","dbh":"24","planteddate":null,"updateddate":"2023-03-08 17:52:48.0000000","geometry":"POINT(-73.98644892507156 40.78291990594112)","genusspecies":"Quercus rubra - northern red oak"}},{"type":"Feature","geometry":{"type":"Point","coordinates":[-73.77074051493733,40.730080013810756]},"properties":{"tpcondition":"Good","stumpdiameter":"0","riskratingdate":null,"riskrating":null,"objectid":"5296833","globalid":"B4C369DE-107C-4058-9D74-5D8DF1EEB816","tpstructure":"Full","plantingspaceglobalid":"B4C369DE-107C-4058-9D74-5D8DF1EEB816","createddate":"2018-04-11 11:11:11.0000000","dbh":"31","planteddate":null,"updateddate":null,"geometry":"POINT(-73.77074051493733 40.730080013810756)","genusspecies":"Quercus palustris - pin oak"}},{"type":"Feature","geometry":{"type":"Point","coordinates":[-73.92296503481231,40.856101191045475]},"properties":{"tpcondition":"Good","stumpdiameter":"0","riskratingdate":null,"riskrating":null,"objectid":"5296834","globalid":"77744691-9F6C-4695-87CA-1649D077A5FC","tpstructure":"Full","plantingspaceglobalid":"77744691-9F6C-4695-87CA-1649D077A5FC","createddate":"2018-04-11 11:11:11.0000000","dbh":"15","planteddate":null,"updateddate":null,"geometry":"POINT(-73.92296503481231 40.856101191045475)","genusspecies":"Liquidambar styraciflua - sweetgum"}},{"type":"Feature","geometry":{"type":"Point","coordinates":[-73.97530137534284,40.79747624445219]},"properties":{"tpcondition":"Fair","stumpdiameter":"0","riskratingdate":null,"riskrating":null,"objectid":"5296835","globalid":"A1D7AB99-B8F7-4877-A8E6-6245358EE1FE","tpstructure":"Full","plantingspaceglobalid":"A1D7AB99-B8F7-4877-A8E6-6245358EE1FE","createddate":"2018-04-11 11:11:11.0000000","dbh":"14","planteddate":null,"updateddate":null,"geometry":"POINT(-73.97530137534284 40.79747624445219)","genusspecies":"Crataegus - Hawthorn"}},{"type":"Feature","geometry":{"type":"Point","coordinates":[-73.7724424656565,40.68552818799833]},"properties":{"tpcondition":"Good","stumpdiameter":null,"riskratingdate":"2025-06-04 14:44:47.0000000","riskrating":"8","objectid":"5296836","globalid":"E4BCADE9-28F0-4147-9C20-AFC98978C490","tpstructure":"Full","plantingspaceglobalid":"E4BCADE9-28F0-4147-9C20-AFC98978C490","createddate":"2018-04-11 11:11:11.0000000","dbh":"13","planteddate":null,"updateddate":"2025-06-04 14:44:47.0000000","geometry":"POINT(-73.7724424656565 40.68552818799833)","genusspecies":"Acer rubrum - red maple"}},{"type":"Feature","geometry":{"type":"Point","coordinates":[-73.98628670924515,40.78403866951767]},"properties":{"tpcondition":"Good","stumpdiameter":null,"riskratingdate":"2020-07-14 15:19:17.0000000","riskrating":"9","objectid":"5296837","globalid":"D5831767-90D4-43DA-871A-119B1FA78F52","tpstructure":"Full","plantingspaceglobalid":"D5831767-90D4-43DA-871A-119B1FA78F52","createddate":"2018-04-11 11:11:11.0000000","dbh":"32","planteddate":null,"updateddate":"2020-07-14 15:19:17.0000000","geometry":"POINT(-73.98628670924515 40.78403866951767)","genusspecies":"Platanus x acerifolia - London planetree"}},{"type":"Feature","geometry":{"type":"Point","coordinates":[-73.96770807459963,40.8085328344524]},"properties":{"tpcondition":"Good","stumpdiameter":"0","riskratingdate":null,"riskrating":null,"objectid":"5296839","globalid":"14E53603-9F46-44E0-A51E-AF17AAFFE0D0","tpstructure":"Full","plantingspaceglobalid":"14E53603-9F46-44E0-A51E-AF17AAFFE0D0","createddate":"2018-04-11 11:11:11.0000000","dbh":"30","planteddate":null,"updateddate":null,"geometry":"POINT(-73.96770807459963 40.8085328344524)","genusspecies":"Platanus x acerifolia - London planetree"}},{"type":"Feature","geometry":{"type":"Point","coordinates":[-73.9283039796181,40.6674955334667]},"properties":{"tpcondition":"Good","stumpdiameter":"0","riskratingdate":null,"riskrating":null,"objectid":"5296840","globalid":"D74B07EB-7F09-41B2-856A-FC790259E5B3","tpstructure":"Full","plantingspaceglobalid":"D74B07EB-7F09-41B2-856A-FC790259E5B3","createddate":"2018-04-11 11:11:11.0000000","dbh":"7","planteddate":null,"updateddate":null,"geometry":"POINT(-73.9283039796181 40.6674955334667)","genusspecies":"Pinus - pine"}},{"type":"Feature","geometry":{"type":"Point","coordinates":[-74.00389489444504,40.673659909746696]},"properties":{"tpcondition":"Good","stumpdiameter":"0","riskratingdate":null,"riskrating":null,"objectid":"5296841","globalid":"06F777C5-77B7-4C6E-A525-7A21701784A2","tpstructure":"Full","plantingspaceglobalid":"06F777C5-77B7-4C6E-A525-7A21701784A2","createddate":"2018-04-11 11:11:11.0000000","dbh":"8","planteddate":null,"updateddate":null,"geometry":"POINT(-74.00389489444504 40.673659909746696)","genusspecies":"Larix laricina - tamarack"}},{"type":"Feature","geometry":{"type":"Point","coordinates":[-73.93364376112476,40.83775374021249]},"properties":{"tpcondition":"Good","stumpdiameter":"0","riskratingdate":null,"riskrating":null,"objectid":"5296842","globalid":"7302F2CB-75BF-45EC-8F84-AE293F030BAF","tpstructure":"Full","plantingspaceglobalid":"7302F2CB-75BF-45EC-8F84-AE293F030BAF","createddate":"2018-04-11 11:11:11.0000000","dbh":"30","planteddate":null,"updateddate":null,"geometry":"POINT(-73.93364376112476 40.83775374021249)","genusspecies":"Ulmus pumila - Siberian elm"}},{"type":"Feature","geometry":{"type":"Point","coordinates":[-73.9733374691943,40.79840429463129]},"properties":{"tpcondition":"Good","stumpdiameter":"0","riskratingdate":null,"riskrating":null,"objectid":"5296843","globalid":"A98E39C2-F227-4E9C-AA77-D753FFAF32EB","tpstructure":"Full","plantingspaceglobalid":"A98E39C2-F227-4E9C-AA77-D753FFAF32EB","createddate":"2018-04-11 11:11:11.0000000","dbh":"5","planteddate":null,"updateddate":null,"geometry":"POINT(-73.9733374691943 40.79840429463129)","genusspecies":"Ulmus pumila - Siberian elm"}},{"type":"Feature","geometry":{"type":"Point","coordinates":[-74.04065304607762,40.616992963648805]},"properties":{"tpcondition":"Good","stumpdiameter":"0","riskratingdate":null,"riskrating":null,"objectid":"5296844","globalid":"B2B3A226-F42E-4416-9B0C-618A8B955EEF","tpstructure":"Full","plantingspaceglobalid":"B2B3A226-F42E-4416-9B0C-618A8B955EEF","createddate":"2018-04-11 11:11:11.0000000","dbh":"6","planteddate":null,"updateddate":null,"geometry":"POINT(-74.04065304607762 40.616992963648805)","genusspecies":"Platanus x acerifolia - London planetree"}},{"type":"Feature","geometry":{"type":"Point","coordinates":[-73.93836261644006,40.60702841903872]},"properties":{"tpcondition":"Fair","stumpdiameter":null,"riskratingdate":"2025-08-28 14:34:40.0000000","riskrating":"7","objectid":"5296845","globalid":"8F0AC83C-2D74-4464-988F-D9DC80BA0AE3","tpstructure":"Full","plantingspaceglobalid":"8F0AC83C-2D74-4464-988F-D9DC80BA0AE3","createddate":"2018-04-11 11:11:11.0000000","dbh":"18","planteddate":null,"updateddate":"2025-08-28 14:34:40.0000000","geometry":"POINT(-73.93836261644006 40.60702841903872)","genusspecies":"Quercus palustris - pin oak"}},{"type":"Feature","geometry":{"type":"Point","coordinates":[-73.77458841080197,40.68765730714978]},"properties":{"tpcondition":"Good","stumpdiameter":null,"riskratingdate":"2025-06-13 15:12:22.0000000","riskrating":"5","objectid":"5296847","globalid":"18F1AFC1-1DDA-4ED5-8390-13DD0924BDC6","tpstructure":"Full","plantingspaceglobalid":"18F1AFC1-1DDA-4ED5-8390-13DD0924BDC6","createddate":"2018-04-11 11:11:11.0000000","dbh":"6","planteddate":null,"updateddate":"2025-06-13 15:12:22.0000000","geometry":"POINT(-73.77458841080197 40.68765730714978)","genusspecies":"Malus - apple"}},{"type":"Feature","geometry":{"type":"Point","coordinates":[-73.92342105758512,40.85504537028598]},"properties":{"tpcondition":"Fair","stumpdiameter":"0","riskratingdate":"2025-02-03 14:14:07.0000000","riskrating":"8","objectid":"5296848","globalid":"75D77936-9926-4E55-AFB3-5FAB84B46E15","tpstructure":"Full","plantingspaceglobalid":"75D77936-9926-4E55-AFB3-5FAB84B46E15","createddate":"2018-04-11 11:11:11.0000000","dbh":"30","planteddate":null,"updateddate":"2025-02-03 14:14:07.0000000","geometry":"POINT(-73.92342105758512 40.85504537028598)","genusspecies":"Acer platanoides - Norway maple"}},{"type":"Feature","geometry":{"type":"Point","coordinates":[-73.97510088855844,40.797758522335]},"properties":{"tpcondition":"Good","stumpdiameter":"0","riskratingdate":null,"riskrating":null,"objectid":"5296849","globalid":"6C437225-48E8-40A1-811A-8D494898BD89","tpstructure":"Full","plantingspaceglobalid":"6C437225-48E8-40A1-811A-8D494898BD89","createddate":"2018-04-11 11:11:11.0000000","dbh":"4","planteddate":null,"updateddate":null,"geometry":"POINT(-73.97510088855844 40.797758522335)","genusspecies":"Malus - apple"}},{"type":"Feature","geometry":{"type":"Point","coordinates":[-73.89938359459163,40.62671155723726]},"properties":{"tpcondition":"Good","stumpdiameter":"0","riskratingdate":null,"riskrating":null,"objectid":"5296850","globalid":"27A7481C-7563-492E-A998-8A73512D885B","tpstructure":"Full","plantingspaceglobalid":"27A7481C-7563-492E-A998-8A73512D885B","createddate":"2018-04-11 11:11:11.0000000","dbh":"5","planteddate":null,"updateddate":null,"geometry":"POINT(-73.89938359459163 40.62671155723726)","genusspecies":"Tilia x. europaea - Common linden"}},{"type":"Feature","geometry":{"type":"Point","coordinates":[-73.98548508817072,40.781885334160094]},"properties":{"tpcondition":"Good","stumpdiameter":"0","riskratingdate":null,"riskrating":null,"objectid":"5296852","globalid":"9CDAA137-30FF-498F-8F11-2EDED8DAE9AF","tpstructure":"Full","plantingspaceglobalid":"9CDAA137-30FF-498F-8F11-2EDED8DAE9AF","createddate":"2018-04-11 11:11:11.0000000","dbh":"4","planteddate":null,"updateddate":null,"geometry":"POINT(-73.98548508817072 40.781885334160094)","genusspecies":"Hamamelis virginiana - American witchhazel"}},{"type":"Feature","geometry":{"type":"Point","coordinates":[-73.96038644305362,40.803025698156254]},"properties":{"tpcondition":"Fair","stumpdiameter":null,"riskratingdate":"2025-02-19 15:15:18.0000000","riskrating":"5","objectid":"5296853","globalid":"25B2C727-479E-4268-ADE6-F9C51A5B906F","tpstructure":"Full","plantingspaceglobalid":"25B2C727-479E-4268-ADE6-F9C51A5B906F","createddate":"2018-04-11 11:11:11.0000000","dbh":"13","planteddate":null,"updateddate":"2025-02-19 15:15:18.0000000","geometry":"POINT(-73.96038644305362 40.803025698156254)","genusspecies":"Ulmus americana - American elm"}},{"type":"Feature","geometry":{"type":"Point","coordinates":[-73.96027878652858,40.80340248166016]},"properties":{"tpcondition":"Poor","stumpdiameter":"0","riskratingdate":"2019-04-25 12:01:00.0000000","riskrating":"9","objectid":"5296854","globalid":"E4BA3E66-FEEA-48A2-8409-604EFD7E4009","tpstructure":"Stump","plantingspaceglobalid":"E4BA3E66-FEEA-48A2-8409-604EFD7E4009","createddate":"2018-04-11 11:11:00.0000000","dbh":"32","planteddate":null,"updateddate":"2019-04-25 16:12:00.0000000","geometry":"POINT(-73.96027878652858 40.80340248166016)","genusspecies":"Ulmus americana - American elm"}},{"type":"Feature","geometry":{"type":"Point","coordinates":[-74.04055414663047,40.61646073974937]},"properties":{"tpcondition":"Good","stumpdiameter":"0","riskratingdate":null,"riskrating":null,"objectid":"5296855","globalid":"60AA6A20-0C37-48AF-9DA8-1380E479EFAF","tpstructure":"Full","plantingspaceglobalid":"60AA6A20-0C37-48AF-9DA8-1380E479EFAF","createddate":"2018-04-11 11:11:11.0000000","dbh":"4","planteddate":null,"updateddate":null,"geometry":"POINT(-74.04055414663047 40.61646073974937)","genusspecies":"Platanus x acerifolia - London planetree"}},{"type":"Feature","geometry":{"type":"Point","coordinates":[-73.96154703210291,40.720652121514036]},"properties":{"tpcondition":"Good","stumpdiameter":"0","riskratingdate":null,"riskrating":null,"objectid":"5296856","globalid":"009F4965-0D44-4C36-905F-8B6F2E4FF631","tpstructure":"Full","plantingspaceglobalid":"009F4965-0D44-4C36-905F-8B6F2E4FF631","createddate":"2018-04-11 11:11:11.0000000","dbh":"8","planteddate":null,"updateddate":null,"geometry":"POINT(-73.96154703210291 40.720652121514036)","genusspecies":"Quercus bicolor - swamp white oak"}},{"type":"Feature","geometry":{"type":"Point","coordinates":[-73.92507424016144,40.852154023297906]},"properties":{"tpcondition":"Good","stumpdiameter":"0","riskratingdate":null,"riskrating":null,"objectid":"5296857","globalid":"6F77C011-92E8-45FC-B580-14A09D2FF91F","tpstructure":"Full","plantingspaceglobalid":"6F77C011-92E8-45FC-B580-14A09D2FF91F","createddate":"2018-04-11 11:11:11.0000000","dbh":"27","planteddate":null,"updateddate":null,"geometry":"POINT(-73.92507424016144 40.852154023297906)","genusspecies":"Quercus ellipsoidalis - northern pin oak"}},{"type":"Feature","geometry":{"type":"Point","coordinates":[-73.8838011091765,40.64553391893594]},"properties":{"tpcondition":"Good","stumpdiameter":"0","riskratingdate":null,"riskrating":null,"objectid":"5296858","globalid":"FF2DA9F1-C9E1-4FDF-844D-D925523B6A3B","tpstructure":"Full","plantingspaceglobalid":"FF2DA9F1-C9E1-4FDF-844D-D925523B6A3B","createddate":"2018-04-11 11:11:11.0000000","dbh":"5","planteddate":null,"updateddate":null,"geometry":"POINT(-73.8838011091765 40.64553391893594)","genusspecies":"Juniperus virginiana - eastern redcedar"}},{"type":"Feature","geometry":{"type":"Point","coordinates":[-73.93459255943321,40.86088598852816]},"properties":{"tpcondition":"Good","stumpdiameter":"0","riskratingdate":null,"riskrating":null,"objectid":"5296859","globalid":"AD428E04-8556-4B6C-9C54-8C5E2B24A6DB","tpstructure":"Full","plantingspaceglobalid":"AD428E04-8556-4B6C-9C54-8C5E2B24A6DB","createddate":"2018-04-11 11:11:11.0000000","dbh":"37","planteddate":null,"updateddate":null,"geometry":"POINT(-73.93459255943321 40.86088598852816)","genusspecies":"Quercus palustris - pin oak"}},{"type":"Feature","geometry":{"type":"Point","coordinates":[-73.9681806899925,40.80768684078098]},"properties":{"tpcondition":"Good","stumpdiameter":"0","riskratingdate":null,"riskrating":null,"objectid":"5296861","globalid":"C1369657-DEAD-4CBE-8E4D-1569D5C29A14","tpstructure":"Full","plantingspaceglobalid":"C1369657-DEAD-4CBE-8E4D-1569D5C29A14","createddate":"2018-04-11 11:11:11.0000000","dbh":"15","planteddate":null,"updateddate":null,"geometry":"POINT(-73.9681806899925 40.80768684078098)","genusspecies":"Liquidambar styraciflua - sweetgum"}},{"type":"Feature","geometry":{"type":"Point","coordinates":[-73.92978058721333,40.86419363206043]},"properties":{"tpcondition":"Critical","stumpdiameter":null,"riskratingdate":"2020-08-18 15:44:16.0000000","riskrating":"7","objectid":"5296862","globalid":"B4AFDDE8-97F1-497A-BA27-128EDC812EAB","tpstructure":"Full","plantingspaceglobalid":"B4AFDDE8-97F1-497A-BA27-128EDC812EAB","createddate":"2018-04-11 11:11:11.0000000","dbh":"19","planteddate":null,"updateddate":"2020-08-18 15:44:16.0000000","geometry":"POINT(-73.92978058721333 40.86419363206043)","genusspecies":"Tilia cordata - littleleaf linden"}},{"type":"Feature","geometry":{"type":"Point","coordinates":[-73.96966289405238,40.80432053214048]},"properties":{"tpcondition":"Good","stumpdiameter":"0","riskratingdate":null,"riskrating":null,"objectid":"5296863","globalid":"5EEB344E-3B82-44EA-AACB-5EB100E0DED0","tpstructure":"Full","plantingspaceglobalid":"5EEB344E-3B82-44EA-AACB-5EB100E0DED0","createddate":"2018-04-11 11:11:11.0000000","dbh":"15","planteddate":null,"updateddate":null,"geometry":"POINT(-73.96966289405238 40.80432053214048)","genusspecies":"Prunus - Cherry"}},{"type":"Feature","geometry":{"type":"Point","coordinates":[-73.93233106240588,40.603942665241604]},"properties":{"tpcondition":"Fair","stumpdiameter":"0","riskratingdate":"2020-01-31 13:34:51.0000000","riskrating":"5","objectid":"5296864","globalid":"3E14E3BB-3F16-4F0F-907A-7B39E899FB20","tpstructure":"Full","plantingspaceglobalid":"3E14E3BB-3F16-4F0F-907A-7B39E899FB20","createddate":"2018-04-11 11:11:11.0000000","dbh":"30","planteddate":null,"updateddate":"2020-01-31 13:34:51.0000000","geometry":"POINT(-73.93233106240588 40.603942665241604)","genusspecies":"Quercus palustris - pin oak"}},{"type":"Feature","geometry":{"type":"Point","coordinates":[-73.99463713597403,40.76801529871981]},"properties":{"tpcondition":"Good","stumpdiameter":"0","riskratingdate":null,"riskrating":null,"objectid":"5296865","globalid":"9D36D3B6-C144-4BD2-B890-FB8F8BED0186","tpstructure":"Full","plantingspaceglobalid":"9D36D3B6-C144-4BD2-B890-FB8F8BED0186","createddate":"2018-04-11 11:11:11.0000000","dbh":"7","planteddate":null,"updateddate":"2019-03-26 14:23:01.0000000","geometry":"POINT(-73.99463713597403 40.76801529871981)","genusspecies":"Quercus acutissima - sawtooth oak"}},{"type":"Feature","geometry":{"type":"Point","coordinates":[-73.944586960803,40.804579774929714]},"properties":{"tpcondition":"Good","stumpdiameter":"0","riskratingdate":null,"riskrating":null,"objectid":"5296866","globalid":"1D9E7F3D-DFC6-4F0D-83A4-3F661C4AD9DB","tpstructure":"Full","plantingspaceglobalid":"1D9E7F3D-DFC6-4F0D-83A4-3F661C4AD9DB","createddate":"2018-04-11 11:11:11.0000000","dbh":"21","planteddate":null,"updateddate":null,"geometry":"POINT(-73.944586960803 40.804579774929714)","genusspecies":"Quercus palustris - pin oak"}},{"type":"Feature","geometry":{"type":"Point","coordinates":[-73.77276912772439,40.68909309841598]},"properties":{"tpcondition":"Fair","stumpdiameter":null,"riskratingdate":"2025-06-10 16:25:56.0000000","riskrating":"5","objectid":"5296867","globalid":"02D5A707-E928-48F9-B70C-89A29D85C6AF","tpstructure":"Full","plantingspaceglobalid":"02D5A707-E928-48F9-B70C-89A29D85C6AF","createddate":"2018-04-11 11:11:11.0000000","dbh":"7","planteddate":null,"updateddate":"2025-06-10 16:25:56.0000000","geometry":"POINT(-73.77276912772439 40.68909309841598)","genusspecies":"Cercis canadensis - eastern redbud"}},{"type":"Feature","geometry":{"type":"Point","coordinates":[-73.97154275635992,40.802654222598534]},"properties":{"tpcondition":"Good","stumpdiameter":"0","riskratingdate":null,"riskrating":null,"objectid":"5296868","globalid":"D3D4B3B3-1B5C-4ACB-BFEC-2E1F56378CA6","tpstructure":"Full","plantingspaceglobalid":"D3D4B3B3-1B5C-4ACB-BFEC-2E1F56378CA6","createddate":"2018-04-11 11:11:11.0000000","dbh":"33","planteddate":null,"updateddate":null,"geometry":"POINT(-73.97154275635992 40.802654222598534)","genusspecies":"Platanus x acerifolia - London planetree"}},{"type":"Feature","geometry":{"type":"Point","coordinates":[-73.98627559746149,40.60873309670743]},"properties":{"tpcondition":"Good","stumpdiameter":"0","riskratingdate":null,"riskrating":null,"objectid":"5296869","globalid":"549A6A60-B4B7-49C8-A68D-D85B2283F0D8","tpstructure":"Full","plantingspaceglobalid":"549A6A60-B4B7-49C8-A68D-D85B2283F0D8","createddate":"2018-04-11 11:11:11.0000000","dbh":"22","planteddate":null,"updateddate":null,"geometry":"POINT(-73.98627559746149 40.60873309670743)","genusspecies":"Pinus strobus - eastern white pine"}},{"type":"Feature","geometry":{"type":"Point","coordinates":[-73.93075336485636,40.86343609311969]},"properties":{"tpcondition":"Good","stumpdiameter":"0","riskratingdate":null,"riskrating":null,"objectid":"5296870","globalid":"353307AE-E61C-4B6C-BE81-3CDAD3BD59E6","tpstructure":"Full","plantingspaceglobalid":"353307AE-E61C-4B6C-BE81-3CDAD3BD59E6","createddate":"2018-04-11 11:11:11.0000000","dbh":"6","planteddate":null,"updateddate":null,"geometry":"POINT(-73.93075336485636 40.86343609311969)","genusspecies":"Ailanthus altissima - tree of heaven"}},{"type":"Feature","geometry":{"type":"Point","coordinates":[-73.770544624816,40.685283719770275]},"properties":{"tpcondition":"Good","stumpdiameter":null,"riskratingdate":"2025-06-02 14:08:27.0000000","riskrating":"6","objectid":"5296871","globalid":"EE652138-9833-4E5F-A4E0-AD594A28213A","tpstructure":"Full","plantingspaceglobalid":"EE652138-9833-4E5F-A4E0-AD594A28213A","createddate":"2018-04-11 11:11:11.0000000","dbh":"27","planteddate":null,"updateddate":"2025-06-02 14:08:27.0000000","geometry":"POINT(-73.770544624816 40.685283719770275)","genusspecies":"Prunus serotina - black cherry"}},{"type":"Feature","geometry":{"type":"Point","coordinates":[-73.74237110798312,40.66240506194582]},"properties":{"tpcondition":"Good","stumpdiameter":null,"riskratingdate":"2023-05-31 15:01:36.0000000","riskrating":"7","objectid":"5296872","globalid":"7EF42670-C69C-4351-92E0-DAD0DE29C0B7","tpstructure":"Full","plantingspaceglobalid":"7EF42670-C69C-4351-92E0-DAD0DE29C0B7","createddate":"2018-04-11 11:11:11.0000000","dbh":"43","planteddate":null,"updateddate":"2023-05-31 15:01:36.0000000","geometry":"POINT(-73.74237110798312 40.66240506194582)","genusspecies":"Quercus rubra - northern red oak"}},{"type":"Feature","geometry":{"type":"Point","coordinates":[-73.76791191458668,40.735318336248525]},"properties":{"tpcondition":"Good","stumpdiameter":"0","riskratingdate":null,"riskrating":null,"objectid":"5296873","globalid":"DDE581CC-D5D4-4D3D-A9DD-5D3BD6DFE7C2","tpstructure":"Full","plantingspaceglobalid":"DDE581CC-D5D4-4D3D-A9DD-5D3BD6DFE7C2","createddate":"2018-04-11 11:11:00.0000000","dbh":"6","planteddate":null,"updateddate":"2019-10-29 15:48:00.0000000","geometry":"POINT(-73.76791191458668 40.735318336248525)","genusspecies":"Quercus phellos - willow oak"}},{"type":"Feature","geometry":{"type":"Point","coordinates":[-74.01907147101991,40.604586866731665]},"properties":{"tpcondition":"Good","stumpdiameter":"0","riskratingdate":"2018-04-23 12:33:23.0000000","riskrating":"7","objectid":"5296874","globalid":"7F38C192-FAAD-4C82-90A4-1147A2EB616E","tpstructure":"Full","plantingspaceglobalid":"7F38C192-FAAD-4C82-90A4-1147A2EB616E","createddate":"2018-04-11 11:11:11.0000000","dbh":"32","planteddate":null,"updateddate":"2019-02-21 14:56:38.0000000","geometry":"POINT(-74.01907147101991 40.604586866731665)","genusspecies":"Quercus palustris - pin oak"}},{"type":"Feature","geometry":{"type":"Point","coordinates":[-73.96037442697283,40.80270090945826]},"properties":{"tpcondition":"Good","stumpdiameter":"0","riskratingdate":null,"riskrating":null,"objectid":"5296875","globalid":"79039029-6C75-465D-BF72-F69DB429863C","tpstructure":"Full","plantingspaceglobalid":"79039029-6C75-465D-BF72-F69DB429863C","createddate":"2018-04-11 11:11:11.0000000","dbh":"3","planteddate":null,"updateddate":null,"geometry":"POINT(-73.96037442697283 40.80270090945826)","genusspecies":"Liriodendron tulipifera - tuliptree"}},{"type":"Feature","geometry":{"type":"Point","coordinates":[-73.77292692307945,40.73032582994499]},"properties":{"tpcondition":"Good","stumpdiameter":"0","riskratingdate":null,"riskrating":null,"objectid":"5296876","globalid":"4BA4DC55-5A27-4DE9-8482-F748F2356A5D","tpstructure":"Full","plantingspaceglobalid":"4BA4DC55-5A27-4DE9-8482-F748F2356A5D","createddate":"2018-04-11 11:11:11.0000000","dbh":"21","planteddate":null,"updateddate":null,"geometry":"POINT(-73.77292692307945 40.73032582994499)","genusspecies":"Pinus - pine"}},{"type":"Feature","geometry":{"type":"Point","coordinates":[-73.98503919082601,40.78545512447297]},"properties":{"tpcondition":"Good","stumpdiameter":"0","riskratingdate":null,"riskrating":null,"objectid":"5296877","globalid":"F70B37F6-856D-4B4B-A4F9-D4D501A4E706","tpstructure":"Full","plantingspaceglobalid":"F70B37F6-856D-4B4B-A4F9-D4D501A4E706","createddate":"2018-04-11 11:11:11.0000000","dbh":"12","planteddate":null,"updateddate":null,"geometry":"POINT(-73.98503919082601 40.78545512447297)","genusspecies":"Quercus palustris - pin oak"}},{"type":"Feature","geometry":{"type":"Point","coordinates":[-73.93267986222003,40.86438765702054]},"properties":{"tpcondition":"Good","stumpdiameter":"0","riskratingdate":null,"riskrating":null,"objectid":"5296878","globalid":"9036C2FF-D667-439F-A946-3BEF147CFE1C","tpstructure":"Full","plantingspaceglobalid":"9036C2FF-D667-439F-A946-3BEF147CFE1C","createddate":"2018-04-11 11:11:11.0000000","dbh":"27","planteddate":null,"updateddate":null,"geometry":"POINT(-73.93267986222003 40.86438765702054)","genusspecies":"Quercus rubra - northern red oak"}},{"type":"Feature","geometry":{"type":"Point","coordinates":[-73.93219245854526,40.604188858182795]},"properties":{"tpcondition":"Good","stumpdiameter":"0","riskratingdate":"2020-01-28 15:03:50.0000000","riskrating":"3","objectid":"5296879","globalid":"092DA011-BA37-48A9-9D49-108B4AA9FE82","tpstructure":"Full","plantingspaceglobalid":"092DA011-BA37-48A9-9D49-108B4AA9FE82","createddate":"2018-04-11 11:11:11.0000000","dbh":"10","planteddate":null,"updateddate":"2020-01-28 15:03:50.0000000","geometry":"POINT(-73.93219245854526 40.604188858182795)","genusspecies":"Platanus x acerifolia - London planetree"}},{"type":"Feature","geometry":{"type":"Point","coordinates":[-73.77217199612521,40.7362798692568]},"properties":{"tpcondition":"Good","stumpdiameter":"0","riskratingdate":null,"riskrating":null,"objectid":"5296880","globalid":"452638BB-EFC9-4790-9966-AA883F7B873D","tpstructure":"Full","plantingspaceglobalid":"452638BB-EFC9-4790-9966-AA883F7B873D","createddate":"2018-04-11 11:11:11.0000000","dbh":"4","planteddate":null,"updateddate":null,"geometry":"POINT(-73.77217199612521 40.7362798692568)","genusspecies":"Quercus phellos - willow oak"}},{"type":"Feature","geometry":{"type":"Point","coordinates":[-73.93572617142745,40.60430670654917]},"properties":{"tpcondition":"Fair","stumpdiameter":"0","riskratingdate":"2020-01-30 18:27:56.0000000","riskrating":"7","objectid":"5296881","globalid":"8328D56B-128C-4205-9A82-D40B509C2B50","tpstructure":"Full","plantingspaceglobalid":"8328D56B-128C-4205-9A82-D40B509C2B50","createddate":"2018-04-11 11:11:11.0000000","dbh":"27","planteddate":null,"updateddate":"2020-01-30 18:27:56.0000000","geometry":"POINT(-73.93572617142745 40.60430670654917)","genusspecies":"Quercus palustris - pin oak"}},{"type":"Feature","geometry":{"type":"Point","coordinates":[-74.00658319245817,40.67126638350741]},"properties":{"tpcondition":"Good","stumpdiameter":"0","riskratingdate":null,"riskrating":null,"objectid":"5296882","globalid":"6DF8CAF4-1C06-4455-AEBF-F812C80B12F0","tpstructure":"Full","plantingspaceglobalid":"6DF8CAF4-1C06-4455-AEBF-F812C80B12F0","createddate":"2018-04-11 11:11:11.0000000","dbh":"18","planteddate":null,"updateddate":null,"geometry":"POINT(-74.00658319245817 40.67126638350741)","genusspecies":"Tilia cordata - littleleaf linden"}},{"type":"Feature","geometry":{"type":"Point","coordinates":[-73.9300357907453,40.60426254654008]},"properties":{"tpcondition":"Poor","stumpdiameter":"0","riskratingdate":null,"riskrating":null,"objectid":"5296883","globalid":"48CFC0B2-FF26-498B-AA96-5EEC2953A247","tpstructure":"Full","plantingspaceglobalid":"48CFC0B2-FF26-498B-AA96-5EEC2953A247","createddate":"2018-04-11 11:11:11.0000000","dbh":"4","planteddate":null,"updateddate":null,"geometry":"POINT(-73.9300357907453 40.60426254654008)","genusspecies":"Ilex - holly"}},{"type":"Feature","geometry":{"type":"Point","coordinates":[-73.94740595795213,40.84126236690046]},"properties":{"tpcondition":"Poor","stumpdiameter":"0","riskratingdate":"2019-11-30 15:57:00.0000000","riskrating":"9","objectid":"5296884","globalid":"37B02DA6-1B16-4639-9E21-880B013C7107","tpstructure":"Stump","plantingspaceglobalid":"37B02DA6-1B16-4639-9E21-880B013C7107","createddate":"2018-04-11 11:11:00.0000000","dbh":"17","planteddate":null,"updateddate":"2020-01-08 19:14:00.0000000","geometry":"POINT(-73.94740595795213 40.84126236690046)","genusspecies":"Ailanthus altissima - tree of heaven"}},{"type":"Feature","geometry":{"type":"Point","coordinates":[-73.96481140010071,40.814672767077575]},"properties":{"tpcondition":"Unknown","stumpdiameter":"0","riskratingdate":null,"riskrating":null,"objectid":"5296885","globalid":"8AF6EF30-B2D3-4913-B9D1-3B477B7B6B1F","tpstructure":"Full","plantingspaceglobalid":"8AF6EF30-B2D3-4913-B9D1-3B477B7B6B1F","createddate":"2018-04-11 11:11:11.0000000","dbh":"0","planteddate":null,"updateddate":null,"geometry":"POINT(-73.96481140010071 40.814672767077575)","genusspecies":"Unknown - Unknown"}},{"type":"Feature","geometry":{"type":"Point","coordinates":[-73.96580289731472,40.811343086481344]},"properties":{"tpcondition":"Fair","stumpdiameter":null,"riskratingdate":"2020-11-03 17:16:02.0000000","riskrating":"8","objectid":"5296886","globalid":"24732059-E23C-4CAC-ADBF-ABD5834CDA28","tpstructure":"Full","plantingspaceglobalid":"24732059-E23C-4CAC-ADBF-ABD5834CDA28","createddate":"2018-04-11 11:11:11.0000000","dbh":"13","planteddate":null,"updateddate":"2020-11-03 17:16:02.0000000","geometry":"POINT(-73.96580289731472 40.811343086481344)","genusspecies":"Cornus florida - flowering dogwood"}},{"type":"Feature","geometry":{"type":"Point","coordinates":[-73.98917162745504,40.71427748152359]},"properties":{"tpcondition":"Good","stumpdiameter":"0","riskratingdate":null,"riskrating":null,"objectid":"5296887","globalid":"368A6522-5BED-4BA6-88B3-2F3ABA0966E7","tpstructure":"Full","plantingspaceglobalid":"368A6522-5BED-4BA6-88B3-2F3ABA0966E7","createddate":"2018-04-11 11:11:11.0000000","dbh":"4","planteddate":null,"updateddate":null,"geometry":"POINT(-73.98917162745504 40.71427748152359)","genusspecies":"Quercus bicolor - swamp white oak"}},{"type":"Feature","geometry":{"type":"Point","coordinates":[-73.9713571822234,40.80265456089981]},"properties":{"tpcondition":"Poor","stumpdiameter":"0","riskratingdate":"2023-02-27 16:20:00.0000000","riskrating":"9","objectid":"5296890","globalid":"00454A03-A062-450F-AF61-13165F290E46","tpstructure":"Stump","plantingspaceglobalid":"00454A03-A062-450F-AF61-13165F290E46","createddate":"2018-04-11 11:11:00.0000000","dbh":"13","planteddate":null,"updateddate":"2023-02-27 16:22:00.0000000","geometry":"POINT(-73.9713571822234 40.80265456089981)","genusspecies":"Ulmus americana - American elm"}},{"type":"Feature","geometry":{"type":"Point","coordinates":[-73.96940613660065,40.8078619753724]},"properties":{"tpcondition":"Good","stumpdiameter":"0","riskratingdate":null,"riskrating":null,"objectid":"5296891","globalid":"B58DC7C8-10DF-41B4-9AF2-39AB70679D41","tpstructure":"Full","plantingspaceglobalid":"B58DC7C8-10DF-41B4-9AF2-39AB70679D41","createddate":"2018-04-11 11:11:11.0000000","dbh":"12","planteddate":null,"updateddate":null,"geometry":"POINT(-73.96940613660065 40.8078619753724)","genusspecies":"Prunus - Cherry"}},{"type":"Feature","geometry":{"type":"Point","coordinates":[-74.03780575298035,40.6121927194605]},"properties":{"tpcondition":"Good","stumpdiameter":"0","riskratingdate":null,"riskrating":null,"objectid":"5296892","globalid":"039B2592-FB53-4109-A30C-D3CAD4C41D02","tpstructure":"Full","plantingspaceglobalid":"039B2592-FB53-4109-A30C-D3CAD4C41D02","createddate":"2018-04-11 11:11:11.0000000","dbh":"13","planteddate":null,"updateddate":null,"geometry":"POINT(-74.03780575298035 40.6121927194605)","genusspecies":"Platanus x acerifolia - London planetree"}},{"type":"Feature","geometry":{"type":"Point","coordinates":[-73.93589580546437,40.60832771757205]},"properties":{"tpcondition":"Good","stumpdiameter":"0","riskratingdate":null,"riskrating":null,"objectid":"5296893","globalid":"CF2AF54C-F0A2-42ED-88ED-3A5163FECA3C","tpstructure":"Full","plantingspaceglobalid":"CF2AF54C-F0A2-42ED-88ED-3A5163FECA3C","createddate":"2018-04-11 11:11:11.0000000","dbh":"21","planteddate":null,"updateddate":null,"geometry":"POINT(-73.93589580546437 40.60832771757205)","genusspecies":"Quercus palustris - pin oak"}},{"type":"Feature","geometry":{"type":"Point","coordinates":[-73.87941808202895,40.6416110757136]},"properties":{"tpcondition":"Good","stumpdiameter":"0","riskratingdate":null,"riskrating":null,"objectid":"5296894","globalid":"BCEE120D-8F37-4A0A-851E-86F37976FDE9","tpstructure":"Full","plantingspaceglobalid":"BCEE120D-8F37-4A0A-851E-86F37976FDE9","createddate":"2018-04-11 11:11:11.0000000","dbh":"11","planteddate":null,"updateddate":null,"geometry":"POINT(-73.87941808202895 40.6416110757136)","genusspecies":"Gleditsia triacanthos var. inermis - Thornless honeylocust"}},{"type":"Feature","geometry":{"type":"Point","coordinates":[-73.97975759248051,40.69751565159973]},"properties":{"tpcondition":"Dead","stumpdiameter":null,"riskratingdate":"2024-08-30 13:08:40.0000000","riskrating":"8","objectid":"5296895","globalid":"A5B7620B-EC7F-4AC4-9AA2-5E79EBF97C17","tpstructure":"Full","plantingspaceglobalid":"A5B7620B-EC7F-4AC4-9AA2-5E79EBF97C17","createddate":"2018-04-11 11:11:11.0000000","dbh":"21","planteddate":null,"updateddate":"2024-08-30 13:08:40.0000000","geometry":"POINT(-73.97975759248051 40.69751565159973)","genusspecies":"Tilia cordata - littleleaf linden"}},{"type":"Feature","geometry":{"type":"Point","coordinates":[-73.93305848376092,40.84294581597396]},"properties":{"tpcondition":"Good","stumpdiameter":"0","riskratingdate":null,"riskrating":null,"objectid":"5296897","globalid":"FABD8573-2188-4F1D-AF96-D5874347C53A","tpstructure":"Full","plantingspaceglobalid":"FABD8573-2188-4F1D-AF96-D5874347C53A","createddate":"2018-04-11 11:11:11.0000000","dbh":"31","planteddate":null,"updateddate":null,"geometry":"POINT(-73.93305848376092 40.84294581597396)","genusspecies":"Quercus rubra - northern red oak"}},{"type":"Feature","geometry":{"type":"Point","coordinates":[-73.7431548208355,40.66475962424675]},"properties":{"tpcondition":"Poor","stumpdiameter":"45","riskratingdate":"2021-06-07 12:43:00.0000000","riskrating":"9","objectid":"5296898","globalid":"EC7C2DF0-BFAF-4B2E-8DA7-124D99BCBFA6","tpstructure":"Retired","plantingspaceglobalid":"EC7C2DF0-BFAF-4B2E-8DA7-124D99BCBFA6","createddate":"2018-04-11 11:11:00.0000000","dbh":"0","planteddate":null,"updateddate":"2023-02-20 14:46:00.0000000","geometry":"POINT(-73.7431548208355 40.66475962424675)","genusspecies":"Acer saccharinum - silver maple"}},{"type":"Feature","geometry":{"type":"Point","coordinates":[-73.96103997616345,40.721176618030356]},"properties":{"tpcondition":"Good","stumpdiameter":"0","riskratingdate":null,"riskrating":null,"objectid":"5296899","globalid":"A90A2B19-B2C1-461D-B73A-5CF6202C3F7A","tpstructure":"Full","plantingspaceglobalid":"A90A2B19-B2C1-461D-B73A-5CF6202C3F7A","createddate":"2018-04-11 11:11:11.0000000","dbh":"8","planteddate":null,"updateddate":null,"geometry":"POINT(-73.96103997616345 40.721176618030356)","genusspecies":"Quercus bicolor - swamp white oak"}},{"type":"Feature","geometry":{"type":"Point","coordinates":[-73.76445730934127,40.74006523224875]},"properties":{"tpcondition":"Fair","stumpdiameter":"0","riskratingdate":"2019-11-04 16:53:31.0000000","riskrating":"8","objectid":"5296900","globalid":"6C6823A6-5F49-4FA2-A121-AA315ED79524","tpstructure":"Full","plantingspaceglobalid":"6C6823A6-5F49-4FA2-A121-AA315ED79524","createddate":"2018-04-11 11:11:11.0000000","dbh":"41","planteddate":null,"updateddate":"2019-11-04 16:53:31.0000000","geometry":"POINT(-73.76445730934127 40.74006523224875)","genusspecies":"Quercus phellos - willow oak"}},{"type":"Feature","geometry":{"type":"Point","coordinates":[-74.0176111636639,40.60614075265166]},"properties":{"tpcondition":"Good","stumpdiameter":"0","riskratingdate":null,"riskrating":null,"objectid":"5296901","globalid":"DBAB7114-4D0B-460B-8DE3-D5CBFDFEC364","tpstructure":"Full","plantingspaceglobalid":"DBAB7114-4D0B-460B-8DE3-D5CBFDFEC364","createddate":"2018-04-11 11:11:11.0000000","dbh":"41","planteddate":null,"updateddate":"2019-02-22 02:56:46.0000000","geometry":"POINT(-74.0176111636639 40.60614075265166)","genusspecies":"Quercus phellos - willow oak"}},{"type":"Feature","geometry":{"type":"Point","coordinates":[-73.93662628422999,40.608636099039245]},"properties":{"tpcondition":"Good","stumpdiameter":"0","riskratingdate":null,"riskrating":null,"objectid":"5296902","globalid":"F02C27F1-3466-419B-9F2B-8846466B76D7","tpstructure":"Full","plantingspaceglobalid":"F02C27F1-3466-419B-9F2B-8846466B76D7","createddate":"2018-04-11 11:11:11.0000000","dbh":"7","planteddate":null,"updateddate":null,"geometry":"POINT(-73.93662628422999 40.608636099039245)","genusspecies":"Tilia cordata - littleleaf linden"}},{"type":"Feature","geometry":{"type":"Point","coordinates":[-73.96402283096137,40.81585216852784]},"properties":{"tpcondition":"Unknown","stumpdiameter":"0","riskratingdate":null,"riskrating":null,"objectid":"5296903","globalid":"D0378D06-0FB0-4403-8A72-D5162AA155B9","tpstructure":"Full","plantingspaceglobalid":"D0378D06-0FB0-4403-8A72-D5162AA155B9","createddate":"2018-04-11 11:11:11.0000000","dbh":"0","planteddate":null,"updateddate":null,"geometry":"POINT(-73.96402283096137 40.81585216852784)","genusspecies":"Unknown - Unknown"}},{"type":"Feature","geometry":{"type":"Point","coordinates":[-73.92511579657103,40.85217197205445]},"properties":{"tpcondition":"Good","stumpdiameter":"0","riskratingdate":null,"riskrating":null,"objectid":"5296904","globalid":"5DF8EDAB-210D-4AB9-BB5E-F798301C317F","tpstructure":"Full","plantingspaceglobalid":"5DF8EDAB-210D-4AB9-BB5E-F798301C317F","createddate":"2018-04-11 11:11:11.0000000","dbh":"5","planteddate":null,"updateddate":null,"geometry":"POINT(-73.92511579657103 40.85217197205445)","genusspecies":"Malus - apple"}},{"type":"Feature","geometry":{"type":"Point","coordinates":[-73.93149650768004,40.60381469102404]},"properties":{"tpcondition":"Good","stumpdiameter":"0","riskratingdate":null,"riskrating":null,"objectid":"5296905","globalid":"A0ACDD57-2D81-41A1-978B-F6634B11F84D","tpstructure":"Full","plantingspaceglobalid":"A0ACDD57-2D81-41A1-978B-F6634B11F84D","createddate":"2018-04-11 11:11:11.0000000","dbh":"4","planteddate":null,"updateddate":null,"geometry":"POINT(-73.93149650768004 40.60381469102404)","genusspecies":"Quercus bicolor - swamp white oak"}},{"type":"Feature","geometry":{"type":"Point","coordinates":[-73.994954816957,40.57804056913879]},"properties":{"tpcondition":"Good","stumpdiameter":"0","riskratingdate":null,"riskrating":null,"objectid":"5296908","globalid":"9F8296DB-F8D5-4661-BE8D-D6A797F7A942","tpstructure":"Full","plantingspaceglobalid":"9F8296DB-F8D5-4661-BE8D-D6A797F7A942","createddate":"2018-04-11 11:11:11.0000000","dbh":"4","planteddate":null,"updateddate":null,"geometry":"POINT(-73.994954816957 40.57804056913879)","genusspecies":"Tilia cordata - littleleaf linden"}},{"type":"Feature","geometry":{"type":"Point","coordinates":[-73.94366655766204,40.77611651195852]},"properties":{"tpcondition":"Good","stumpdiameter":"0","riskratingdate":null,"riskrating":null,"objectid":"5296909","globalid":"CB6FFD15-08F0-46A4-A9B1-F5978169B449","tpstructure":"Full","plantingspaceglobalid":"CB6FFD15-08F0-46A4-A9B1-F5978169B449","createddate":"2018-04-11 11:11:11.0000000","dbh":"22","planteddate":null,"updateddate":null,"geometry":"POINT(-73.94366655766204 40.77611651195852)","genusspecies":"Tilia americana - American basswood"}},{"type":"Feature","geometry":{"type":"Point","coordinates":[-73.97724448847221,40.57469691786631]},"properties":{"tpcondition":"Good","stumpdiameter":"0","riskratingdate":null,"riskrating":null,"objectid":"5296910","globalid":"9BEB81D5-A2A8-42D8-9FFE-A95EA88D8E1C","tpstructure":"Full","plantingspaceglobalid":"9BEB81D5-A2A8-42D8-9FFE-A95EA88D8E1C","createddate":"2018-04-11 11:11:11.0000000","dbh":"17","planteddate":null,"updateddate":null,"geometry":"POINT(-73.97724448847221 40.57469691786631)","genusspecies":"Platanus x acerifolia - London planetree"}},{"type":"Feature","geometry":{"type":"Point","coordinates":[-74.00632327238793,40.672548190132325]},"properties":{"tpcondition":"Good","stumpdiameter":"0","riskratingdate":"2018-11-21 11:40:48.0000000","riskrating":"7","objectid":"5296911","globalid":"BDE704F1-1DA0-41F0-ABD1-89D1D4A0CE76","tpstructure":"Full","plantingspaceglobalid":"BDE704F1-1DA0-41F0-ABD1-89D1D4A0CE76","createddate":"2018-04-11 11:11:11.0000000","dbh":"28","planteddate":null,"updateddate":"2018-11-21 16:40:49.0000000","geometry":"POINT(-74.00632327238793 40.672548190132325)","genusspecies":"Platanus x acerifolia - London planetree"}},{"type":"Feature","geometry":{"type":"Point","coordinates":[-73.89609663319118,40.62690624493702]},"properties":{"tpcondition":"Good","stumpdiameter":"0","riskratingdate":null,"riskrating":null,"objectid":"5296913","globalid":"12080E8E-CF2C-4C00-94EA-F892E73A7E57","tpstructure":"Full","plantingspaceglobalid":"12080E8E-CF2C-4C00-94EA-F892E73A7E57","createddate":"2018-04-11 11:11:11.0000000","dbh":"4","planteddate":null,"updateddate":null,"geometry":"POINT(-73.89609663319118 40.62690624493702)","genusspecies":"Gymnocladus dioicus - Kentucky coffeetree"}},{"type":"Feature","geometry":{"type":"Point","coordinates":[-73.98519699495728,40.785502945523085]},"properties":{"tpcondition":"Good","stumpdiameter":null,"riskratingdate":"2021-06-30 14:55:20.0000000","riskrating":"10","objectid":"5296914","globalid":"ED3191E6-EB46-4BA4-A275-5F2E835A50A6","tpstructure":"Full","plantingspaceglobalid":"ED3191E6-EB46-4BA4-A275-5F2E835A50A6","createddate":"2018-04-11 11:11:11.0000000","dbh":"22","planteddate":null,"updateddate":"2021-06-30 14:55:20.0000000","geometry":"POINT(-73.98519699495728 40.785502945523085)","genusspecies":"Gleditsia triacanthos var. inermis - Thornless honeylocust"}},{"type":"Feature","geometry":{"type":"Point","coordinates":[-74.00131185742482,40.75479146096752]},"properties":{"tpcondition":"Fair","stumpdiameter":"0","riskratingdate":null,"riskrating":null,"objectid":"5296915","globalid":"403600FD-FE03-4D3D-9416-3B8EA0DA966C","tpstructure":"Full","plantingspaceglobalid":"403600FD-FE03-4D3D-9416-3B8EA0DA966C","createddate":"2018-04-11 11:11:11.0000000","dbh":"5","planteddate":null,"updateddate":"2019-09-12 15:37:04.0000000","geometry":"POINT(-74.00131185742482 40.75479146096752)","genusspecies":"Cladrastis kentukea - Kentucky yellowwood"}},{"type":"Feature","geometry":{"type":"Point","coordinates":[-74.00412213121227,40.673475291670705]},"properties":{"tpcondition":"Unknown","stumpdiameter":"22","riskratingdate":"2020-08-14 13:47:00.0000000","riskrating":"8","objectid":"5296916","globalid":"58DFD1BF-60C9-47A1-8240-AC19D749EBE4","tpstructure":"Retired","plantingspaceglobalid":"58DFD1BF-60C9-47A1-8240-AC19D749EBE4","createddate":"2018-04-11 11:11:00.0000000","dbh":null,"planteddate":null,"updateddate":"2021-10-19 14:25:56.0000000","geometry":"POINT(-74.00412213121227 40.673475291670705)","genusspecies":"Tilia cordata - littleleaf linden"}},{"type":"Feature","geometry":{"type":"Point","coordinates":[-73.94316200876716,40.67468504123997]},"properties":{"tpcondition":"Good","stumpdiameter":"0","riskratingdate":null,"riskrating":null,"objectid":"5296918","globalid":"ED5225F6-BA58-4F74-8E3D-F94B812DEC0E","tpstructure":"Full","plantingspaceglobalid":"ED5225F6-BA58-4F74-8E3D-F94B812DEC0E","createddate":"2018-04-11 11:11:00.0000000","dbh":"27","planteddate":null,"updateddate":"2024-08-02 14:42:00.0000000","geometry":"POINT(-73.94316200876716 40.67468504123997)","genusspecies":"Platanus x acerifolia - London planetree"}},{"type":"Feature","geometry":{"type":"Point","coordinates":[-73.98430712741262,40.785443573571385]},"properties":{"tpcondition":"Good","stumpdiameter":"0","riskratingdate":null,"riskrating":null,"objectid":"5296919","globalid":"C84FD756-B12C-4B6F-81F0-D7E043D482E6","tpstructure":"Full","plantingspaceglobalid":"C84FD756-B12C-4B6F-81F0-D7E043D482E6","createddate":"2018-04-11 11:11:11.0000000","dbh":"8","planteddate":null,"updateddate":null,"geometry":"POINT(-73.98430712741262 40.785443573571385)","genusspecies":"Celtis occidentalis - common hackberry"}},{"type":"Feature","geometry":{"type":"Point","coordinates":[-73.77218028049515,40.685463849641174]},"properties":{"tpcondition":"Good","stumpdiameter":null,"riskratingdate":"2025-06-06 11:32:39.0000000","riskrating":"7","objectid":"5296920","globalid":"98DDC639-9A30-4ED0-8D22-0E7323CE6E7D","tpstructure":"Full","plantingspaceglobalid":"98DDC639-9A30-4ED0-8D22-0E7323CE6E7D","createddate":"2018-04-11 11:11:11.0000000","dbh":"9","planteddate":null,"updateddate":"2025-06-06 11:32:39.0000000","geometry":"POINT(-73.77218028049515 40.685463849641174)","genusspecies":"Liquidambar styraciflua - sweetgum"}},{"type":"Feature","geometry":{"type":"Point","coordinates":[-73.77591447986107,40.72726998549005]},"properties":{"tpcondition":"Good","stumpdiameter":"0","riskratingdate":null,"riskrating":null,"objectid":"5296921","globalid":"037AE37E-D70C-4A58-970A-ACC1C1A122B7","tpstructure":"Full","plantingspaceglobalid":"037AE37E-D70C-4A58-970A-ACC1C1A122B7","createddate":"2018-04-11 11:11:11.0000000","dbh":"3","planteddate":null,"updateddate":null,"geometry":"POINT(-73.77591447986107 40.72726998549005)","genusspecies":"Prunus - Cherry"}},{"type":"Feature","geometry":{"type":"Point","coordinates":[-73.93504569916168,40.840808599312304]},"properties":{"tpcondition":"Good","stumpdiameter":"0","riskratingdate":null,"riskrating":null,"objectid":"5296922","globalid":"78731BE9-3B5B-46AD-8B5D-38E4C4344548","tpstructure":"Full","plantingspaceglobalid":"78731BE9-3B5B-46AD-8B5D-38E4C4344548","createddate":"2018-04-11 11:11:11.0000000","dbh":"5","planteddate":null,"updateddate":null,"geometry":"POINT(-73.93504569916168 40.840808599312304)","genusspecies":"Cornus mas - Cornelian cherry"}},{"type":"Feature","geometry":{"type":"Point","coordinates":[-73.96563185508434,40.686408627037935]},"properties":{"tpcondition":"Good","stumpdiameter":"0","riskratingdate":null,"riskrating":null,"objectid":"5296923","globalid":"13435132-A630-458A-ACAD-0F86705C04BA","tpstructure":"Full","plantingspaceglobalid":"13435132-A630-458A-ACAD-0F86705C04BA","createddate":"2018-04-11 11:11:11.0000000","dbh":"3","planteddate":null,"updateddate":null,"geometry":"POINT(-73.96563185508434 40.686408627037935)","genusspecies":"Gleditsia triacanthos var. inermis - Thornless honeylocust"}},{"type":"Feature","geometry":{"type":"Point","coordinates":[-73.97769922573002,40.79353269041937]},"properties":{"tpcondition":"Good","stumpdiameter":"0","riskratingdate":null,"riskrating":null,"objectid":"5296924","globalid":"BD62E972-5292-4264-A49D-5FC83F36584C","tpstructure":"Full","plantingspaceglobalid":"BD62E972-5292-4264-A49D-5FC83F36584C","createddate":"2018-04-11 11:11:11.0000000","dbh":"16","planteddate":null,"updateddate":"2018-04-18 14:15:43.0000000","geometry":"POINT(-73.97769922573002 40.79353269041937)","genusspecies":"Styphnolobium japonicum - Japanese pagoda tree"}},{"type":"Feature","geometry":{"type":"Point","coordinates":[-73.9842903545673,40.78540267533269]},"properties":{"tpcondition":"Good","stumpdiameter":"0","riskratingdate":null,"riskrating":null,"objectid":"5296925","globalid":"E34E1925-55F0-4584-B375-8AD196382DE5","tpstructure":"Full","plantingspaceglobalid":"E34E1925-55F0-4584-B375-8AD196382DE5","createddate":"2018-04-11 11:11:11.0000000","dbh":"9","planteddate":null,"updateddate":null,"geometry":"POINT(-73.9842903545673 40.78540267533269)","genusspecies":"Celtis occidentalis - common hackberry"}},{"type":"Feature","geometry":{"type":"Point","coordinates":[-73.96223179972137,40.81525502793649]},"properties":{"tpcondition":"Fair","stumpdiameter":null,"riskratingdate":"2025-08-28 11:34:00.0000000","riskrating":"7","objectid":"5296926","globalid":"D6AA2D76-D0EA-4603-AF89-39E97FDD351A","tpstructure":"Full","plantingspaceglobalid":"D6AA2D76-D0EA-4603-AF89-39E97FDD351A","createddate":"2018-04-11 11:11:11.0000000","dbh":"7","planteddate":null,"updateddate":"2025-08-28 11:34:00.0000000","geometry":"POINT(-73.96223179972137 40.81525502793649)","genusspecies":"Malus - apple"}},{"type":"Feature","geometry":{"type":"Point","coordinates":[-74.03984206243959,40.6306907611316]},"properties":{"tpcondition":"Good","stumpdiameter":"0","riskratingdate":null,"riskrating":null,"objectid":"5296927","globalid":"E483373B-473D-4DAF-9EC2-87408786B02C","tpstructure":"Full","plantingspaceglobalid":"E483373B-473D-4DAF-9EC2-87408786B02C","createddate":"2018-04-11 11:11:11.0000000","dbh":"8","planteddate":null,"updateddate":null,"geometry":"POINT(-74.03984206243959 40.6306907611316)","genusspecies":"Prunus serotina - black cherry"}},{"type":"Feature","geometry":{"type":"Point","coordinates":[-73.93081690513624,40.60473952758679]},"properties":{"tpcondition":"Fair","stumpdiameter":"0","riskratingdate":"2020-01-29 14:54:50.0000000","riskrating":"4","objectid":"5296928","globalid":"DED22859-BE68-46D2-A9F4-120961E1AA80","tpstructure":"Full","plantingspaceglobalid":"DED22859-BE68-46D2-A9F4-120961E1AA80","createddate":"2018-04-11 11:11:11.0000000","dbh":"33","planteddate":null,"updateddate":"2020-01-29 14:54:50.0000000","geometry":"POINT(-73.93081690513624 40.60473952758679)","genusspecies":"Platanus x acerifolia - London planetree"}},{"type":"Feature","geometry":{"type":"Point","coordinates":[-73.94178502890485,40.80499779151872]},"properties":{"tpcondition":"Dead","stumpdiameter":null,"riskratingdate":"2020-06-16 13:22:00.0000000","riskrating":"6","objectid":"5296929","globalid":"EA618650-BCB7-40EB-B80E-10414D048FAE","tpstructure":"Stump","plantingspaceglobalid":"EA618650-BCB7-40EB-B80E-10414D048FAE","createddate":"2018-04-11 11:11:00.0000000","dbh":"6","planteddate":null,"updateddate":"2021-07-30 12:42:00.0000000","geometry":"POINT(-73.94178502890485 40.80499779151872)","genusspecies":"Cercis canadensis - eastern redbud"}},{"type":"Feature","geometry":{"type":"Point","coordinates":[-73.92803573314544,40.597477007949905]},"properties":{"tpcondition":"Unknown","stumpdiameter":"0","riskratingdate":null,"riskrating":null,"objectid":"5296930","globalid":"36B30E83-3068-4236-B83A-3A91E8275DAC","tpstructure":"Full","plantingspaceglobalid":"36B30E83-3068-4236-B83A-3A91E8275DAC","createddate":"2018-04-11 11:11:11.0000000","dbh":"0","planteddate":null,"updateddate":null,"geometry":"POINT(-73.92803573314544 40.597477007949905)","genusspecies":"Unknown - Unknown"}},{"type":"Feature","geometry":{"type":"Point","coordinates":[-73.74275809090499,40.66418358471781]},"properties":{"tpcondition":"Good","stumpdiameter":"0","riskratingdate":null,"riskrating":null,"objectid":"5296931","globalid":"F0A0E5E5-C778-487A-92A6-AB25492F07BD","tpstructure":"Full","plantingspaceglobalid":"F0A0E5E5-C778-487A-92A6-AB25492F07BD","createddate":"2018-04-11 11:11:11.0000000","dbh":"34","planteddate":null,"updateddate":null,"geometry":"POINT(-73.74275809090499 40.66418358471781)","genusspecies":"Quercus rubra - northern red oak"}},{"type":"Feature","geometry":{"type":"Point","coordinates":[-73.74357965625478,40.662133529115295]},"properties":{"tpcondition":"Good","stumpdiameter":"0","riskratingdate":null,"riskrating":null,"objectid":"5296932","globalid":"32FC0A9A-3683-4149-987B-3C41912DF2BF","tpstructure":"Full","plantingspaceglobalid":"32FC0A9A-3683-4149-987B-3C41912DF2BF","createddate":"2018-04-11 11:11:11.0000000","dbh":"27","planteddate":null,"updateddate":null,"geometry":"POINT(-73.74357965625478 40.662133529115295)","genusspecies":"Acer saccharinum - silver maple"}},{"type":"Feature","geometry":{"type":"Point","coordinates":[-73.97838406047345,40.795246070150796]},"properties":{"tpcondition":"Poor","stumpdiameter":"0","riskratingdate":null,"riskrating":null,"objectid":"5296934","globalid":"DAA50E0C-AFC7-4417-9157-5E1381E6110F","tpstructure":"Full","plantingspaceglobalid":"DAA50E0C-AFC7-4417-9157-5E1381E6110F","createddate":"2018-04-11 11:11:11.0000000","dbh":"12","planteddate":null,"updateddate":null,"geometry":"POINT(-73.97838406047345 40.795246070150796)","genusspecies":"Prunus serotina - black cherry"}},{"type":"Feature","geometry":{"type":"Point","coordinates":[-73.98036201184586,40.69733025121915]},"properties":{"tpcondition":"Fair","stumpdiameter":"0","riskratingdate":null,"riskrating":null,"objectid":"5296935","globalid":"BD013681-231C-487A-9B37-CC13DA3F3590","tpstructure":"Full","plantingspaceglobalid":"BD013681-231C-487A-9B37-CC13DA3F3590","createddate":"2018-04-11 11:11:11.0000000","dbh":"15","planteddate":null,"updateddate":null,"geometry":"POINT(-73.98036201184586 40.69733025121915)","genusspecies":"Acer platanoides - Norway maple"}},{"type":"Feature","geometry":{"type":"Point","coordinates":[-73.9616099689049,40.721104026496036]},"properties":{"tpcondition":"Good","stumpdiameter":"0","riskratingdate":null,"riskrating":null,"objectid":"5296936","globalid":"C82DA592-7C33-43A5-AE50-05117D2D8EB3","tpstructure":"Full","plantingspaceglobalid":"C82DA592-7C33-43A5-AE50-05117D2D8EB3","createddate":"2018-04-11 11:11:11.0000000","dbh":"3","planteddate":null,"updateddate":null,"geometry":"POINT(-73.9616099689049 40.721104026496036)","genusspecies":"Cercis canadensis - eastern redbud"}},{"type":"Feature","geometry":{"type":"Point","coordinates":[-73.83895876441322,40.681534860614285]},"properties":{"tpcondition":"Poor","stumpdiameter":null,"riskratingdate":"2022-09-07 16:19:00.0000000","riskrating":"7","objectid":"5296937","globalid":"0BC456D5-E428-4D58-ABA0-1FCC1750CB37","tpstructure":"Retired","plantingspaceglobalid":"0BC456D5-E428-4D58-ABA0-1FCC1750CB37","createddate":"2018-04-11 11:11:00.0000000","dbh":"20","planteddate":null,"updateddate":"2023-01-10 18:37:00.0000000","geometry":"POINT(-73.83895876441322 40.681534860614285)","genusspecies":"Ulmus americana - American elm"}},{"type":"Feature","geometry":{"type":"Point","coordinates":[-74.00608632060177,40.671154361099205]},"properties":{"tpcondition":"Good","stumpdiameter":"0","riskratingdate":null,"riskrating":null,"objectid":"5296938","globalid":"D7E46A14-0DF8-4B37-B9FB-4C5A9D16DE22","tpstructure":"Full","plantingspaceglobalid":"D7E46A14-0DF8-4B37-B9FB-4C5A9D16DE22","createddate":"2018-04-11 11:11:11.0000000","dbh":"9","planteddate":null,"updateddate":null,"geometry":"POINT(-74.00608632060177 40.671154361099205)","genusspecies":"Chamaecyparis thyoides - Atlantic white cedar"}},{"type":"Feature","geometry":{"type":"Point","coordinates":[-73.89070931974875,40.64829171274292]},"properties":{"tpcondition":"Good","stumpdiameter":"0","riskratingdate":null,"riskrating":null,"objectid":"5296939","globalid":"6C6DE24E-EC62-4C72-AD2A-320BD0B3A6EF","tpstructure":"Full","plantingspaceglobalid":"6C6DE24E-EC62-4C72-AD2A-320BD0B3A6EF","createddate":"2018-04-11 11:11:11.0000000","dbh":"16","planteddate":null,"updateddate":null,"geometry":"POINT(-73.89070931974875 40.64829171274292)","genusspecies":"Quercus palustris - pin oak"}},{"type":"Feature","geometry":{"type":"Point","coordinates":[-74.02096424373649,40.60466646667268]},"properties":{"tpcondition":"Poor","stumpdiameter":"0","riskratingdate":null,"riskrating":null,"objectid":"5296940","globalid":"E8BE38DA-094F-4360-90FD-9EBE4FBF69B8","tpstructure":"Full","plantingspaceglobalid":"E8BE38DA-094F-4360-90FD-9EBE4FBF69B8","createddate":"2018-04-11 11:11:11.0000000","dbh":"13","planteddate":null,"updateddate":"2019-02-21 16:01:14.0000000","geometry":"POINT(-74.02096424373649 40.60466646667268)","genusspecies":"Morus - mulberry"}},{"type":"Feature","geometry":{"type":"Point","coordinates":[-73.99122258525433,40.58471371198631]},"properties":{"tpcondition":"Good","stumpdiameter":"0","riskratingdate":null,"riskrating":null,"objectid":"5296941","globalid":"2F722616-D25E-45C3-8714-E66D3750B7B7","tpstructure":"Full","plantingspaceglobalid":"2F722616-D25E-45C3-8714-E66D3750B7B7","createddate":"2018-04-11 11:11:11.0000000","dbh":"5","planteddate":null,"updateddate":null,"geometry":"POINT(-73.99122258525433 40.58471371198631)","genusspecies":"Gleditsia triacanthos var. inermis - Thornless honeylocust"}},{"type":"Feature","geometry":{"type":"Point","coordinates":[-73.9493072517388,40.837268785026545]},"properties":{"tpcondition":"Good","stumpdiameter":"0","riskratingdate":null,"riskrating":null,"objectid":"5296942","globalid":"47EAD158-E1FB-46E4-B68F-05F97C59D8F8","tpstructure":"Full","plantingspaceglobalid":"47EAD158-E1FB-46E4-B68F-05F97C59D8F8","createddate":"2018-04-11 11:11:11.0000000","dbh":"9","planteddate":null,"updateddate":null,"geometry":"POINT(-73.9493072517388 40.837268785026545)","genusspecies":"Metasequoia glyptostroboides - dawn redwood"}},{"type":"Feature","geometry":{"type":"Point","coordinates":[-74.0390550005833,40.61629091985723]},"properties":{"tpcondition":"Good","stumpdiameter":null,"riskratingdate":"2024-04-25 12:19:03.0000000","riskrating":"3","objectid":"5296943","globalid":"1BE2F9A0-7825-41A6-AD21-3146E9895DED","tpstructure":"Full","plantingspaceglobalid":"1BE2F9A0-7825-41A6-AD21-3146E9895DED","createddate":"2018-04-11 11:11:11.0000000","dbh":"30","planteddate":null,"updateddate":"2024-04-25 12:19:03.0000000","geometry":"POINT(-74.0390550005833 40.61629091985723)","genusspecies":"Quercus palustris - pin oak"}},{"type":"Feature","geometry":{"type":"Point","coordinates":[-73.8997432595842,40.61878983376503]},"properties":{"tpcondition":"Unknown","stumpdiameter":"9","riskratingdate":null,"riskrating":null,"objectid":"5296944","globalid":"9DCAD11B-F428-4F53-A74E-64022183E580","tpstructure":"Stump","plantingspaceglobalid":"9DCAD11B-F428-4F53-A74E-64022183E580","createddate":"2018-04-11 11:11:11.0000000","dbh":"0","planteddate":null,"updateddate":null,"geometry":"POINT(-73.8997432595842 40.61878983376503)","genusspecies":"Unknown - Unknown"}},{"type":"Feature","geometry":{"type":"Point","coordinates":[-73.77009263826932,40.73568390992488]},"properties":{"tpcondition":"Good","stumpdiameter":"0","riskratingdate":"2019-10-31 20:43:35.0000000","riskrating":"6","objectid":"5296945","globalid":"36DC4380-36C1-4677-9625-CCB7A03320E8","tpstructure":"Full","plantingspaceglobalid":"36DC4380-36C1-4677-9625-CCB7A03320E8","createddate":"2018-04-11 11:11:11.0000000","dbh":"14","planteddate":null,"updateddate":"2019-10-31 20:43:35.0000000","geometry":"POINT(-73.77009263826932 40.73568390992488)","genusspecies":"Acer rubrum - red maple"}},{"type":"Feature","geometry":{"type":"Point","coordinates":[-73.77113489157335,40.68774374556998]},"properties":{"tpcondition":"Fair","stumpdiameter":null,"riskratingdate":"2025-06-10 17:57:18.0000000","riskrating":"6","objectid":"5296946","globalid":"E7022CDA-3A75-4988-B628-E71A419D2741","tpstructure":"Full","plantingspaceglobalid":"E7022CDA-3A75-4988-B628-E71A419D2741","createddate":"2018-04-11 11:11:11.0000000","dbh":"10","planteddate":null,"updateddate":"2025-06-10 17:57:18.0000000","geometry":"POINT(-73.77113489157335 40.68774374556998)","genusspecies":"Pinus strobus - eastern white pine"}},{"type":"Feature","geometry":{"type":"Point","coordinates":[-73.97125842105358,40.80546139764223]},"properties":{"tpcondition":"Poor","stumpdiameter":null,"riskratingdate":"2023-03-07 16:51:00.0000000","riskrating":"7","objectid":"5296947","globalid":"FD4B5819-D087-49BF-9522-04297A4BB190","tpstructure":"Stump","plantingspaceglobalid":"FD4B5819-D087-49BF-9522-04297A4BB190","createddate":"2018-04-11 11:11:00.0000000","dbh":"16","planteddate":null,"updateddate":"2023-03-28 17:08:00.0000000","geometry":"POINT(-73.97125842105358 40.80546139764223)","genusspecies":"Ulmus americana - American elm"}},{"type":"Feature","geometry":{"type":"Point","coordinates":[-74.01216800502085,40.6126566091883]},"properties":{"tpcondition":"Good","stumpdiameter":"0","riskratingdate":null,"riskrating":null,"objectid":"5296948","globalid":"A52153AB-FDC4-41F4-91A7-64C14068F82D","tpstructure":"Full","plantingspaceglobalid":"A52153AB-FDC4-41F4-91A7-64C14068F82D","createddate":"2018-04-11 11:11:11.0000000","dbh":"21","planteddate":null,"updateddate":null,"geometry":"POINT(-74.01216800502085 40.6126566091883)","genusspecies":"Platanus x acerifolia - London planetree"}},{"type":"Feature","geometry":{"type":"Point","coordinates":[-73.98308216202533,40.78591619884294]},"properties":{"tpcondition":"Good","stumpdiameter":"0","riskratingdate":null,"riskrating":null,"objectid":"5296949","globalid":"BF999BF3-61F1-4987-9FDC-06AF61647829","tpstructure":"Full","plantingspaceglobalid":"BF999BF3-61F1-4987-9FDC-06AF61647829","createddate":"2018-04-11 11:11:11.0000000","dbh":"27","planteddate":null,"updateddate":null,"geometry":"POINT(-73.98308216202533 40.78591619884294)","genusspecies":"Tilia cordata - littleleaf linden"}},{"type":"Feature","geometry":{"type":"Point","coordinates":[-73.93519847578743,40.86322207618969]},"properties":{"tpcondition":"Good","stumpdiameter":"0","riskratingdate":null,"riskrating":null,"objectid":"5296950","globalid":"E49DFA55-3A46-41D8-95A8-B828AC7FB854","tpstructure":"Full","plantingspaceglobalid":"E49DFA55-3A46-41D8-95A8-B828AC7FB854","createddate":"2018-04-11 11:11:11.0000000","dbh":"2","planteddate":null,"updateddate":null,"geometry":"POINT(-73.93519847578743 40.86322207618969)","genusspecies":"Acer platanoides - Norway maple"}},{"type":"Feature","geometry":{"type":"Point","coordinates":[-73.90731140479643,40.681678768309794]},"properties":{"tpcondition":"Fair","stumpdiameter":"0","riskratingdate":null,"riskrating":null,"objectid":"5296951","globalid":"EC37E297-505B-420B-A5AA-A70864F5CF56","tpstructure":"Full","plantingspaceglobalid":"EC37E297-505B-420B-A5AA-A70864F5CF56","createddate":"2018-04-11 11:11:11.0000000","dbh":"8","planteddate":null,"updateddate":null,"geometry":"POINT(-73.90731140479643 40.681678768309794)","genusspecies":"Malus - apple"}},{"type":"Feature","geometry":{"type":"Point","coordinates":[-73.9605340784549,40.802223114266305]},"properties":{"tpcondition":"Fair","stumpdiameter":null,"riskratingdate":"2024-01-03 14:39:09.0000000","riskrating":"6","objectid":"5296952","globalid":"A894DB18-D2BD-434A-B6E9-1F0FAEA3E48C","tpstructure":"Full","plantingspaceglobalid":"A894DB18-D2BD-434A-B6E9-1F0FAEA3E48C","createddate":"2018-04-11 11:11:11.0000000","dbh":"15","planteddate":null,"updateddate":"2024-01-03 14:39:09.0000000","geometry":"POINT(-73.9605340784549 40.802223114266305)","genusspecies":"Robinia pseudoacacia - black locust"}},{"type":"Feature","geometry":{"type":"Point","coordinates":[-73.9590374305178,40.80494753465179]},"properties":{"tpcondition":"Good","stumpdiameter":"0","riskratingdate":null,"riskrating":null,"objectid":"5296953","globalid":"C48B23B1-14C4-424A-A198-4AD37EE31CA4","tpstructure":"Full","plantingspaceglobalid":"C48B23B1-14C4-424A-A198-4AD37EE31CA4","createddate":"2018-04-11 11:11:11.0000000","dbh":"5","planteddate":null,"updateddate":null,"geometry":"POINT(-73.9590374305178 40.80494753465179)","genusspecies":"Crataegus - Hawthorn"}},{"type":"Feature","geometry":{"type":"Point","coordinates":[-73.97348452325083,40.80235737916017]},"properties":{"tpcondition":"Good","stumpdiameter":"0","riskratingdate":null,"riskrating":null,"objectid":"5296954","globalid":"F1B6D111-4018-4CD6-A76B-CB379977AEE9","tpstructure":"Full","plantingspaceglobalid":"F1B6D111-4018-4CD6-A76B-CB379977AEE9","createddate":"2018-04-11 11:11:11.0000000","dbh":"18","planteddate":null,"updateddate":null,"geometry":"POINT(-73.97348452325083 40.80235737916017)","genusspecies":"Ulmus americana - American elm"}},{"type":"Feature","geometry":{"type":"Point","coordinates":[-73.93499407827106,40.82647476915573]},"properties":{"tpcondition":"Fair","stumpdiameter":null,"riskratingdate":"2020-08-12 12:02:08.0000000","riskrating":"6","objectid":"5296955","globalid":"7A3A16DA-A360-4C5E-84A6-9F71E544278E","tpstructure":"Full","plantingspaceglobalid":"7A3A16DA-A360-4C5E-84A6-9F71E544278E","createddate":"2018-04-11 11:11:11.0000000","dbh":"23","planteddate":null,"updateddate":"2020-08-12 12:02:08.0000000","geometry":"POINT(-73.93499407827106 40.82647476915573)","genusspecies":"Quercus palustris - pin oak"}},{"type":"Feature","geometry":{"type":"Point","coordinates":[-73.92250293477538,40.85596466485034]},"properties":{"tpcondition":"Good","stumpdiameter":null,"riskratingdate":"2022-04-14 17:06:58.0000000","riskrating":"8","objectid":"5296956","globalid":"016920A7-622B-40B7-BA94-07B428F9927E","tpstructure":"Full","plantingspaceglobalid":"016920A7-622B-40B7-BA94-07B428F9927E","createddate":"2018-04-11 11:11:11.0000000","dbh":"32","planteddate":null,"updateddate":"2022-04-14 17:06:58.0000000","geometry":"POINT(-73.92250293477538 40.85596466485034)","genusspecies":"Platanus x acerifolia - London planetree"}},{"type":"Feature","geometry":{"type":"Point","coordinates":[-73.94263110914561,40.777721616417416]},"properties":{"tpcondition":"Good","stumpdiameter":"0","riskratingdate":null,"riskrating":null,"objectid":"5296958","globalid":"FB842920-A277-430F-B2A6-E44D44A7CFC4","tpstructure":"Full","plantingspaceglobalid":"FB842920-A277-430F-B2A6-E44D44A7CFC4","createddate":"2018-04-11 11:11:11.0000000","dbh":"9","planteddate":null,"updateddate":"2019-08-07 14:01:39.0000000","geometry":"POINT(-73.94263110914561 40.777721616417416)","genusspecies":"Ulmus pumila - Siberian elm"}},{"type":"Feature","geometry":{"type":"Point","coordinates":[-73.98531324536873,40.78201119735788]},"properties":{"tpcondition":"Poor","stumpdiameter":"0","riskratingdate":null,"riskrating":null,"objectid":"5296959","globalid":"2A1DD5C3-2969-4D4D-8697-858C8B699362","tpstructure":"Full","plantingspaceglobalid":"2A1DD5C3-2969-4D4D-8697-858C8B699362","createddate":"2018-04-11 11:11:11.0000000","dbh":"2","planteddate":null,"updateddate":null,"geometry":"POINT(-73.98531324536873 40.78201119735788)","genusspecies":"Crataegus - Hawthorn"}},{"type":"Feature","geometry":{"type":"Point","coordinates":[-73.9289701858282,40.86537781224754]},"properties":{"tpcondition":"Good","stumpdiameter":"0","riskratingdate":null,"riskrating":null,"objectid":"5296960","globalid":"91411A11-52B7-4EE4-A36D-1D0F0DB1D0A6","tpstructure":"Full","plantingspaceglobalid":"91411A11-52B7-4EE4-A36D-1D0F0DB1D0A6","createddate":"2018-04-11 11:11:11.0000000","dbh":"7","planteddate":null,"updateddate":null,"geometry":"POINT(-73.9289701858282 40.86537781224754)","genusspecies":"Quercus phellos - willow oak"}},{"type":"Feature","geometry":{"type":"Point","coordinates":[-73.92664250420293,40.5944590086448]},"properties":{"tpcondition":"Good","stumpdiameter":"0","riskratingdate":null,"riskrating":null,"objectid":"5296961","globalid":"18A5F7D9-6C10-4A76-AF7F-B64201F74F83","tpstructure":"Full","plantingspaceglobalid":"18A5F7D9-6C10-4A76-AF7F-B64201F74F83","createddate":"2018-04-11 11:11:11.0000000","dbh":"18","planteddate":null,"updateddate":null,"geometry":"POINT(-73.92664250420293 40.5944590086448)","genusspecies":"Styphnolobium japonicum - Japanese pagoda tree"}},{"type":"Feature","geometry":{"type":"Point","coordinates":[-73.98243135412149,40.78751325685978]},"properties":{"tpcondition":"Good","stumpdiameter":"0","riskratingdate":null,"riskrating":null,"objectid":"5296962","globalid":"07A87843-A0BB-4209-B936-66CBF960E019","tpstructure":"Full","plantingspaceglobalid":"07A87843-A0BB-4209-B936-66CBF960E019","createddate":"2018-04-11 11:11:11.0000000","dbh":"7","planteddate":null,"updateddate":null,"geometry":"POINT(-73.98243135412149 40.78751325685978)","genusspecies":"Malus - apple"}},{"type":"Feature","geometry":{"type":"Point","coordinates":[-73.96975929127333,40.80657664056344]},"properties":{"tpcondition":"Good","stumpdiameter":"0","riskratingdate":null,"riskrating":null,"objectid":"5296963","globalid":"0E7CD0BF-7613-4DEA-BCEC-FF5AFF5628F1","tpstructure":"Full","plantingspaceglobalid":"0E7CD0BF-7613-4DEA-BCEC-FF5AFF5628F1","createddate":"2018-04-11 11:11:11.0000000","dbh":"29","planteddate":null,"updateddate":null,"geometry":"POINT(-73.96975929127333 40.80657664056344)","genusspecies":"Platanus x acerifolia - London planetree"}},{"type":"Feature","geometry":{"type":"Point","coordinates":[-74.00579948672517,40.6719822661201]},"properties":{"tpcondition":"Good","stumpdiameter":"0","riskratingdate":null,"riskrating":null,"objectid":"5296964","globalid":"BD74413A-F36E-4BF0-BBFC-06F01638BD21","tpstructure":"Full","plantingspaceglobalid":"BD74413A-F36E-4BF0-BBFC-06F01638BD21","createddate":"2018-04-11 11:11:11.0000000","dbh":"14","planteddate":null,"updateddate":null,"geometry":"POINT(-74.00579948672517 40.6719822661201)","genusspecies":"Styphnolobium japonicum - Japanese pagoda tree"}},{"type":"Feature","geometry":{"type":"Point","coordinates":[-73.93431053316588,40.84038904926929]},"properties":{"tpcondition":"Good","stumpdiameter":"0","riskratingdate":null,"riskrating":null,"objectid":"5296965","globalid":"D8A6DFB9-D5C8-4CDB-8D91-A111D4FB9A48","tpstructure":"Full","plantingspaceglobalid":"D8A6DFB9-D5C8-4CDB-8D91-A111D4FB9A48","createddate":"2018-04-11 11:11:11.0000000","dbh":"4","planteddate":null,"updateddate":null,"geometry":"POINT(-73.93431053316588 40.84038904926929)","genusspecies":"Morus - mulberry"}},{"type":"Feature","geometry":{"type":"Point","coordinates":[-73.96008924557242,40.80200041184378]},"properties":{"tpcondition":"Good","stumpdiameter":"0","riskratingdate":null,"riskrating":null,"objectid":"5296966","globalid":"280ED16C-311E-4897-9CDA-B6F7ECE771CD","tpstructure":"Full","plantingspaceglobalid":"280ED16C-311E-4897-9CDA-B6F7ECE771CD","createddate":"2018-04-11 11:11:11.0000000","dbh":"5","planteddate":null,"updateddate":null,"geometry":"POINT(-73.96008924557242 40.80200041184378)","genusspecies":"Magnolia - magnolia"}},{"type":"Feature","geometry":{"type":"Point","coordinates":[-73.74282923795137,40.66395092839764]},"properties":{"tpcondition":"Good","stumpdiameter":null,"riskratingdate":"2023-06-13 10:21:20.0000000","riskrating":"5","objectid":"5296967","globalid":"BC5DDF81-6328-484C-99D3-FE6E1D6EE16F","tpstructure":"Full","plantingspaceglobalid":"BC5DDF81-6328-484C-99D3-FE6E1D6EE16F","createddate":"2018-04-11 11:11:11.0000000","dbh":"3","planteddate":null,"updateddate":"2023-06-13 10:21:20.0000000","geometry":"POINT(-73.74282923795137 40.66395092839764)","genusspecies":"Cercis canadensis - eastern redbud"}},{"type":"Feature","geometry":{"type":"Point","coordinates":[-73.89680437338947,40.627630224175384]},"properties":{"tpcondition":"Good","stumpdiameter":"0","riskratingdate":null,"riskrating":null,"objectid":"5296968","globalid":"D6C38324-C6FD-440E-A3C6-330896FA3355","tpstructure":"Full","plantingspaceglobalid":"D6C38324-C6FD-440E-A3C6-330896FA3355","createddate":"2018-04-11 11:11:11.0000000","dbh":"4","planteddate":null,"updateddate":null,"geometry":"POINT(-73.89680437338947 40.627630224175384)","genusspecies":"Carpinus caroliniana - American hornbeam"}},{"type":"Feature","geometry":{"type":"Point","coordinates":[-73.9343079108792,40.864335491217496]},"properties":{"tpcondition":"Good","stumpdiameter":"0","riskratingdate":null,"riskrating":null,"objectid":"5296969","globalid":"00BF00BB-4EE4-4F79-8DF3-A08F9FED0050","tpstructure":"Full","plantingspaceglobalid":"00BF00BB-4EE4-4F79-8DF3-A08F9FED0050","createddate":"2018-04-11 11:11:11.0000000","dbh":"25","planteddate":null,"updateddate":null,"geometry":"POINT(-73.9343079108792 40.864335491217496)","genusspecies":"Robinia pseudoacacia - black locust"}},{"type":"Feature","geometry":{"type":"Point","coordinates":[-73.88097482968142,40.64303611189728]},"properties":{"tpcondition":"Good","stumpdiameter":"0","riskratingdate":null,"riskrating":null,"objectid":"5296970","globalid":"700BC08A-C827-49AB-9F17-E5408ED085A5","tpstructure":"Full","plantingspaceglobalid":"700BC08A-C827-49AB-9F17-E5408ED085A5","createddate":"2018-04-11 11:11:11.0000000","dbh":"5","planteddate":null,"updateddate":null,"geometry":"POINT(-73.88097482968142 40.64303611189728)","genusspecies":"Juniperus virginiana - eastern redcedar"}},{"type":"Feature","geometry":{"type":"Point","coordinates":[-73.95649528316956,40.81031543029366]},"properties":{"tpcondition":"Good","stumpdiameter":"0","riskratingdate":null,"riskrating":null,"objectid":"5296971","globalid":"E0D97EF9-5899-428D-97E2-30472ED82D14","tpstructure":"Full","plantingspaceglobalid":"E0D97EF9-5899-428D-97E2-30472ED82D14","createddate":"2018-04-11 11:11:11.0000000","dbh":"3","planteddate":null,"updateddate":null,"geometry":"POINT(-73.95649528316956 40.81031543029366)","genusspecies":"Carpinus betulus - European hornbeam"}},{"type":"Feature","geometry":{"type":"Point","coordinates":[-73.94316270680689,40.77678143109459]},"properties":{"tpcondition":"Good","stumpdiameter":"0","riskratingdate":null,"riskrating":null,"objectid":"5296972","globalid":"70A45503-ADB6-4E2B-8B8B-CA0EB4D3C81E","tpstructure":"Full","plantingspaceglobalid":"70A45503-ADB6-4E2B-8B8B-CA0EB4D3C81E","createddate":"2018-04-11 11:11:11.0000000","dbh":"18","planteddate":null,"updateddate":null,"geometry":"POINT(-73.94316270680689 40.77678143109459)","genusspecies":"Parrotia persica - Persian ironwood"}},{"type":"Feature","geometry":{"type":"Point","coordinates":[-74.03948696711366,40.6319292454325]},"properties":{"tpcondition":"Good","stumpdiameter":"0","riskratingdate":null,"riskrating":null,"objectid":"5296973","globalid":"CD93F4F0-6FCB-4EDF-BA6B-1E076A10D770","tpstructure":"Full","plantingspaceglobalid":"CD93F4F0-6FCB-4EDF-BA6B-1E076A10D770","createddate":"2018-04-11 11:11:11.0000000","dbh":"12","planteddate":null,"updateddate":null,"geometry":"POINT(-74.03948696711366 40.6319292454325)","genusspecies":"Quercus palustris - pin oak"}},{"type":"Feature","geometry":{"type":"Point","coordinates":[-73.92946699639887,40.605024258601766]},"properties":{"tpcondition":"Good","stumpdiameter":"0","riskratingdate":null,"riskrating":null,"objectid":"5296974","globalid":"61046350-D195-4E29-B122-B91D1D087BEA","tpstructure":"Full","plantingspaceglobalid":"61046350-D195-4E29-B122-B91D1D087BEA","createddate":"2018-04-11 11:11:11.0000000","dbh":"20","planteddate":null,"updateddate":null,"geometry":"POINT(-73.92946699639887 40.605024258601766)","genusspecies":"Platanus x acerifolia - London planetree"}},{"type":"Feature","geometry":{"type":"Point","coordinates":[-73.97716267803197,40.793357570517166]},"properties":{"tpcondition":"Good","stumpdiameter":"0","riskratingdate":null,"riskrating":null,"objectid":"5296975","globalid":"22E45B4C-5869-44AB-8D7C-CBBA239A3607","tpstructure":"Full","plantingspaceglobalid":"22E45B4C-5869-44AB-8D7C-CBBA239A3607","createddate":"2018-04-11 11:11:11.0000000","dbh":"5","planteddate":null,"updateddate":null,"geometry":"POINT(-73.97716267803197 40.793357570517166)","genusspecies":"Ginkgo biloba - maidenhair tree"}},{"type":"Feature","geometry":{"type":"Point","coordinates":[-73.97808365347487,40.7936413113599]},"properties":{"tpcondition":"Good","stumpdiameter":"0","riskratingdate":null,"riskrating":null,"objectid":"5296976","globalid":"E06A97B9-5328-4528-9CEF-31B84664CCDC","tpstructure":"Full","plantingspaceglobalid":"E06A97B9-5328-4528-9CEF-31B84664CCDC","createddate":"2018-04-11 11:11:11.0000000","dbh":"8","planteddate":null,"updateddate":null,"geometry":"POINT(-73.97808365347487 40.7936413113599)","genusspecies":"Prunus - Cherry"}},{"type":"Feature","geometry":{"type":"Point","coordinates":[-73.97538494990906,40.797010740979324]},"properties":{"tpcondition":"Good","stumpdiameter":"0","riskratingdate":null,"riskrating":null,"objectid":"5296977","globalid":"FFECD7B2-BA06-4487-A3DB-831E773ABDD8","tpstructure":"Full","plantingspaceglobalid":"FFECD7B2-BA06-4487-A3DB-831E773ABDD8","createddate":"2018-04-11 11:11:11.0000000","dbh":"50","planteddate":null,"updateddate":null,"geometry":"POINT(-73.97538494990906 40.797010740979324)","genusspecies":"Cercidiphyllum japonicum - katsura tree"}},{"type":"Feature","geometry":{"type":"Point","coordinates":[-73.9345537416348,40.673852615313685]},"properties":{"tpcondition":"Good","stumpdiameter":"0","riskratingdate":null,"riskrating":null,"objectid":"5296978","globalid":"CF47E81E-8DE9-4688-BC48-0639D1DDDEE9","tpstructure":"Full","plantingspaceglobalid":"CF47E81E-8DE9-4688-BC48-0639D1DDDEE9","createddate":"2018-04-11 11:11:11.0000000","dbh":"4","planteddate":null,"updateddate":null,"geometry":"POINT(-73.9345537416348 40.673852615313685)","genusspecies":"Malus - apple"}},{"type":"Feature","geometry":{"type":"Point","coordinates":[-74.03798307929453,40.63260846050692]},"properties":{"tpcondition":"Good","stumpdiameter":"0","riskratingdate":null,"riskrating":null,"objectid":"5296979","globalid":"370B538E-A5B3-44C3-BB70-30F210DE822E","tpstructure":"Full","plantingspaceglobalid":"370B538E-A5B3-44C3-BB70-30F210DE822E","createddate":"2018-04-11 11:11:11.0000000","dbh":"18","planteddate":null,"updateddate":null,"geometry":"POINT(-74.03798307929453 40.63260846050692)","genusspecies":"Celtis occidentalis - common hackberry"}},{"type":"Feature","geometry":{"type":"Point","coordinates":[-73.99370662065463,40.76746587295568]},"properties":{"tpcondition":"Good","stumpdiameter":null,"riskratingdate":"2022-05-26 16:02:30.0000000","riskrating":"9","objectid":"5296980","globalid":"A72AB745-9E00-4F10-8FE7-E75308D96379","tpstructure":"Full","plantingspaceglobalid":"A72AB745-9E00-4F10-8FE7-E75308D96379","createddate":"2018-04-11 11:11:11.0000000","dbh":"24","planteddate":null,"updateddate":"2022-05-26 16:02:30.0000000","geometry":"POINT(-73.99370662065463 40.76746587295568)","genusspecies":"Platanus x acerifolia - London planetree"}},{"type":"Feature","geometry":{"type":"Point","coordinates":[-73.96174578129542,40.81527973601871]},"properties":{"tpcondition":"Good","stumpdiameter":null,"riskratingdate":"2025-08-28 12:22:21.0000000","riskrating":"6","objectid":"5296981","globalid":"188F5F27-36E1-41B4-9517-4C93D2279F80","tpstructure":"Full","plantingspaceglobalid":"188F5F27-36E1-41B4-9517-4C93D2279F80","createddate":"2018-04-11 11:11:00.0000000","dbh":"13","planteddate":null,"updateddate":"2025-08-28 12:22:21.0000000","geometry":"POINT(-73.96174578129542 40.81527973601871)","genusspecies":"Crataegus - Hawthorn"}},{"type":"Feature","geometry":{"type":"Point","coordinates":[-73.77344221827745,40.68627369539472]},"properties":{"tpcondition":"Good","stumpdiameter":null,"riskratingdate":"2025-06-09 17:48:38.0000000","riskrating":"7","objectid":"5296982","globalid":"BC8EC0ED-DFA2-468C-BF88-4B61628E4F5C","tpstructure":"Full","plantingspaceglobalid":"BC8EC0ED-DFA2-468C-BF88-4B61628E4F5C","createddate":"2018-04-11 11:11:11.0000000","dbh":"10","planteddate":null,"updateddate":"2025-06-09 17:48:38.0000000","geometry":"POINT(-73.77344221827745 40.68627369539472)","genusspecies":"Acer saccharum - sugar maple"}},{"type":"Feature","geometry":{"type":"Point","coordinates":[-73.8940523128696,40.6279757726356]},"properties":{"tpcondition":"Dead","stumpdiameter":null,"riskratingdate":"2020-09-16 17:50:00.0000000","riskrating":"8","objectid":"5296983","globalid":"4301C38A-210A-4352-A26C-67970EB3157B","tpstructure":"Stump","plantingspaceglobalid":"4301C38A-210A-4352-A26C-67970EB3157B","createddate":"2018-04-11 11:11:00.0000000","dbh":"7","planteddate":null,"updateddate":"2020-09-29 19:20:00.0000000","geometry":"POINT(-73.8940523128696 40.6279757726356)","genusspecies":"Platanus x acerifolia - London planetree"}},{"type":"Feature","geometry":{"type":"Point","coordinates":[-73.98413860476512,40.78368902814421]},"properties":{"tpcondition":"Poor","stumpdiameter":null,"riskratingdate":"2021-07-22 18:56:00.0000000","riskrating":"5","objectid":"5296984","globalid":"6A62F555-711F-4A62-A17D-6705ABD67D8D","tpstructure":"Stump","plantingspaceglobalid":"6A62F555-711F-4A62-A17D-6705ABD67D8D","createddate":"2018-04-11 11:11:00.0000000","dbh":"6","planteddate":null,"updateddate":"2021-08-09 09:37:00.0000000","geometry":"POINT(-73.98413860476512 40.78368902814421)","genusspecies":"Crataegus crus-galli var. inermis - Cockspur hawthorn"}},{"type":"Feature","geometry":{"type":"Point","coordinates":[-73.9697074218301,40.80576006800394]},"properties":{"tpcondition":"Good","stumpdiameter":"0","riskratingdate":null,"riskrating":null,"objectid":"5296985","globalid":"CD2DB699-F8FB-45C4-9B02-CACC3562E73C","tpstructure":"Full","plantingspaceglobalid":"CD2DB699-F8FB-45C4-9B02-CACC3562E73C","createddate":"2018-04-11 11:11:11.0000000","dbh":"23","planteddate":null,"updateddate":null,"geometry":"POINT(-73.9697074218301 40.80576006800394)","genusspecies":"Platanus occidentalis - American sycamore"}},{"type":"Feature","geometry":{"type":"Point","coordinates":[-73.77426858918014,40.68833329871456]},"properties":{"tpcondition":"Fair","stumpdiameter":null,"riskratingdate":"2025-06-12 15:18:17.0000000","riskrating":"7","objectid":"5296986","globalid":"DA0D5349-F63C-48CB-8813-B7BE7196EB76","tpstructure":"Full","plantingspaceglobalid":"DA0D5349-F63C-48CB-8813-B7BE7196EB76","createddate":"2018-04-11 11:11:11.0000000","dbh":"17","planteddate":null,"updateddate":"2025-06-12 15:18:17.0000000","geometry":"POINT(-73.77426858918014 40.68833329871456)","genusspecies":"Tilia americana - American basswood"}},{"type":"Feature","geometry":{"type":"Point","coordinates":[-73.96794879835514,40.810010956149576]},"properties":{"tpcondition":"Good","stumpdiameter":"0","riskratingdate":null,"riskrating":null,"objectid":"5296987","globalid":"619C5287-E59B-4C39-A7A0-1EE0BA11DECA","tpstructure":"Full","plantingspaceglobalid":"619C5287-E59B-4C39-A7A0-1EE0BA11DECA","createddate":"2018-04-11 11:11:11.0000000","dbh":"11","planteddate":null,"updateddate":null,"geometry":"POINT(-73.96794879835514 40.810010956149576)","genusspecies":"Ulmus parvifolia - Chinese elm"}},{"type":"Feature","geometry":{"type":"Point","coordinates":[-73.959865986355,40.80359011623273]},"properties":{"tpcondition":"Good","stumpdiameter":"0","riskratingdate":null,"riskrating":null,"objectid":"5296988","globalid":"D5C58DE2-4AB6-426E-A41F-8515933CBFC2","tpstructure":"Full","plantingspaceglobalid":"D5C58DE2-4AB6-426E-A41F-8515933CBFC2","createddate":"2018-04-11 11:11:11.0000000","dbh":"20","planteddate":null,"updateddate":null,"geometry":"POINT(-73.959865986355 40.80359011623273)","genusspecies":"Ulmus pumila - Siberian elm"}},{"type":"Feature","geometry":{"type":"Point","coordinates":[-73.94268888605144,40.80342641034095]},"properties":{"tpcondition":"Fair","stumpdiameter":"0","riskratingdate":null,"riskrating":null,"objectid":"5296989","globalid":"6CABDDEC-080F-4C3C-988A-490470EBDA00","tpstructure":"Full","plantingspaceglobalid":"6CABDDEC-080F-4C3C-988A-490470EBDA00","createddate":"2018-04-11 11:11:11.0000000","dbh":"5","planteddate":null,"updateddate":null,"geometry":"POINT(-73.94268888605144 40.80342641034095)","genusspecies":"Taxodium distichum - bald cypress"}},{"type":"Feature","geometry":{"type":"Point","coordinates":[-73.94340327878656,40.77485387039551]},"properties":{"tpcondition":"Fair","stumpdiameter":null,"riskratingdate":"2024-07-25 14:45:15.0000000","riskrating":"7","objectid":"5296990","globalid":"BD9A1D73-0DBA-411F-B3F1-6535D42D6F67","tpstructure":"Full","plantingspaceglobalid":"BD9A1D73-0DBA-411F-B3F1-6535D42D6F67","createddate":"2018-04-11 11:11:11.0000000","dbh":"38","planteddate":null,"updateddate":"2024-07-25 14:45:15.0000000","geometry":"POINT(-73.94340327878656 40.77485387039551)","genusspecies":"Ulmus americana - American elm"}},{"type":"Feature","geometry":{"type":"Point","coordinates":[-73.92832340446343,40.81734666325383]},"properties":{"tpcondition":"Good","stumpdiameter":"0","riskratingdate":null,"riskrating":null,"objectid":"5296991","globalid":"6CBB3C90-A389-4144-9120-3EF7C93DCCF6","tpstructure":"Retired","plantingspaceglobalid":"6CBB3C90-A389-4144-9120-3EF7C93DCCF6","createddate":"2018-04-11 11:11:11.0000000","dbh":"22","planteddate":null,"updateddate":"2021-01-21 17:25:31.0000000","geometry":"POINT(-73.92832340446343 40.81734666325383)","genusspecies":"Quercus rubra - northern red oak"}},{"type":"Feature","geometry":{"type":"Point","coordinates":[-73.93018230242706,40.863809045696534]},"properties":{"tpcondition":"Good","stumpdiameter":null,"riskratingdate":"2020-08-17 15:27:43.0000000","riskrating":"7","objectid":"5296992","globalid":"F54FAC2F-3DFD-42EC-AC6F-E6B311817EA9","tpstructure":"Full","plantingspaceglobalid":"F54FAC2F-3DFD-42EC-AC6F-E6B311817EA9","createddate":"2018-04-11 11:11:11.0000000","dbh":"17","planteddate":null,"updateddate":"2020-08-17 15:27:43.0000000","geometry":"POINT(-73.93018230242706 40.863809045696534)","genusspecies":"Liquidambar styraciflua - sweetgum"}},{"type":"Feature","geometry":{"type":"Point","coordinates":[-74.04093666255424,40.626705711208935]},"properties":{"tpcondition":"Good","stumpdiameter":"0","riskratingdate":null,"riskrating":null,"objectid":"5296993","globalid":"4A0A046C-CF49-4D93-B6EC-4D525A85335C","tpstructure":"Full","plantingspaceglobalid":"4A0A046C-CF49-4D93-B6EC-4D525A85335C","createddate":"2018-04-11 11:11:11.0000000","dbh":"16","planteddate":null,"updateddate":null,"geometry":"POINT(-74.04093666255424 40.626705711208935)","genusspecies":"Robinia pseudoacacia - black locust"}},{"type":"Feature","geometry":{"type":"Point","coordinates":[-74.0256340081729,40.63918501852361]},"properties":{"tpcondition":"Good","stumpdiameter":"0","riskratingdate":null,"riskrating":null,"objectid":"5296994","globalid":"D5AA00B5-D500-4A71-B2B1-9FBCB41A9E77","tpstructure":"Full","plantingspaceglobalid":"D5AA00B5-D500-4A71-B2B1-9FBCB41A9E77","createddate":"2018-04-11 11:11:11.0000000","dbh":"16","planteddate":null,"updateddate":null,"geometry":"POINT(-74.0256340081729 40.63918501852361)","genusspecies":"Zelkova serrata - Japanese zelkova"}},{"type":"Feature","geometry":{"type":"Point","coordinates":[-73.96926136247586,40.80475130244519]},"properties":{"tpcondition":"Good","stumpdiameter":"0","riskratingdate":"2018-11-05 15:06:22.0000000","riskrating":"3","objectid":"5296995","globalid":"2AF592D3-9547-419B-9CFB-B52C6DE55661","tpstructure":"Full","plantingspaceglobalid":"2AF592D3-9547-419B-9CFB-B52C6DE55661","createddate":"2018-04-11 11:11:11.0000000","dbh":"8","planteddate":null,"updateddate":"2018-11-07 12:46:05.0000000","geometry":"POINT(-73.96926136247586 40.80475130244519)","genusspecies":"Pinus strobus - eastern white pine"}},{"type":"Feature","geometry":{"type":"Point","coordinates":[-73.77061464632577,40.736521718040706]},"properties":{"tpcondition":"Good","stumpdiameter":"0","riskratingdate":"2019-11-14 16:36:59.0000000","riskrating":"3","objectid":"5296996","globalid":"BBD86D07-B845-46E4-83A2-87C7427A910A","tpstructure":"Full","plantingspaceglobalid":"BBD86D07-B845-46E4-83A2-87C7427A910A","createddate":"2018-04-11 11:11:11.0000000","dbh":"11","planteddate":null,"updateddate":"2019-11-14 16:36:59.0000000","geometry":"POINT(-73.77061464632577 40.736521718040706)","genusspecies":"Zelkova serrata - Japanese zelkova"}},{"type":"Feature","geometry":{"type":"Point","coordinates":[-73.74277111992812,40.66222785337238]},"properties":{"tpcondition":"Good","stumpdiameter":"0","riskratingdate":null,"riskrating":null,"objectid":"5296997","globalid":"49A7CF3F-5D3E-4660-B626-664AFC2A0FD3","tpstructure":"Full","plantingspaceglobalid":"49A7CF3F-5D3E-4660-B626-664AFC2A0FD3","createddate":"2018-04-11 11:11:11.0000000","dbh":"23","planteddate":null,"updateddate":null,"geometry":"POINT(-73.74277111992812 40.66222785337238)","genusspecies":"Amelanchier laevis - Allegheny serviceberry"}},{"type":"Feature","geometry":{"type":"Point","coordinates":[-73.9595751033993,40.80436264624541]},"properties":{"tpcondition":"Dead","stumpdiameter":"0","riskratingdate":null,"riskrating":null,"objectid":"5296998","globalid":"2FD06F40-4642-4200-B88C-E49E6276E590","tpstructure":"Full","plantingspaceglobalid":"2FD06F40-4642-4200-B88C-E49E6276E590","createddate":"2018-04-11 11:11:11.0000000","dbh":"13","planteddate":null,"updateddate":null,"geometry":"POINT(-73.9595751033993 40.80436264624541)","genusspecies":"Unknown - Unknown"}},{"type":"Feature","geometry":{"type":"Point","coordinates":[-73.98637633051761,40.6088287133328]},"properties":{"tpcondition":"Good","stumpdiameter":"0","riskratingdate":null,"riskrating":null,"objectid":"5297000","globalid":"7B93658C-9D47-425C-B317-B5F9A969A4B1","tpstructure":"Full","plantingspaceglobalid":"7B93658C-9D47-425C-B317-B5F9A969A4B1","createddate":"2018-04-11 11:11:11.0000000","dbh":"11","planteddate":null,"updateddate":null,"geometry":"POINT(-73.98637633051761 40.6088287133328)","genusspecies":"Prunus - Cherry"}},{"type":"Feature","geometry":{"type":"Point","coordinates":[-73.94258368134825,40.80426890648446]},"properties":{"tpcondition":"Good","stumpdiameter":"0","riskratingdate":null,"riskrating":null,"objectid":"5297001","globalid":"8820E55F-66F0-4F9C-B111-C8E4A1F2CD7D","tpstructure":"Full","plantingspaceglobalid":"8820E55F-66F0-4F9C-B111-C8E4A1F2CD7D","createddate":"2018-04-11 11:11:11.0000000","dbh":"33","planteddate":null,"updateddate":null,"geometry":"POINT(-73.94258368134825 40.80426890648446)","genusspecies":"Tilia cordata - littleleaf linden"}},{"type":"Feature","geometry":{"type":"Point","coordinates":[-74.02093764249288,40.60494039931861]},"properties":{"tpcondition":"Good","stumpdiameter":"0","riskratingdate":null,"riskrating":null,"objectid":"5297002","globalid":"F9327EAF-3726-4129-BAF1-4A959F3295D4","tpstructure":"Full","plantingspaceglobalid":"F9327EAF-3726-4129-BAF1-4A959F3295D4","createddate":"2018-04-11 11:11:11.0000000","dbh":"2","planteddate":null,"updateddate":"2019-02-21 15:14:47.0000000","geometry":"POINT(-74.02093764249288 40.60494039931861)","genusspecies":"Quercus bicolor - swamp white oak"}},{"type":"Feature","geometry":{"type":"Point","coordinates":[-73.94831252369319,40.838813550219676]},"properties":{"tpcondition":"Good","stumpdiameter":"0","riskratingdate":null,"riskrating":null,"objectid":"5297003","globalid":"7CDC7561-CF95-44C5-BA8F-07E8C53566E9","tpstructure":"Full","plantingspaceglobalid":"7CDC7561-CF95-44C5-BA8F-07E8C53566E9","createddate":"2018-04-11 11:11:11.0000000","dbh":"2","planteddate":null,"updateddate":null,"geometry":"POINT(-73.94831252369319 40.838813550219676)","genusspecies":"Tilia x. europaea - Common linden"}},{"type":"Feature","geometry":{"type":"Point","coordinates":[-73.76662705697994,40.73556938544892]},"properties":{"tpcondition":"Good","stumpdiameter":"0","riskratingdate":null,"riskrating":null,"objectid":"5297004","globalid":"FF75FC9C-D013-4EB5-8457-1CC242031B87","tpstructure":"Full","plantingspaceglobalid":"FF75FC9C-D013-4EB5-8457-1CC242031B87","createddate":"2018-04-11 11:11:11.0000000","dbh":"6","planteddate":null,"updateddate":null,"geometry":"POINT(-73.76662705697994 40.73556938544892)","genusspecies":"Tilia x. europaea - Common linden"}},{"type":"Feature","geometry":{"type":"Point","coordinates":[-74.00056234226874,40.74964147919786]},"properties":{"tpcondition":"Fair","stumpdiameter":null,"riskratingdate":"2024-09-27 16:19:23.0000000","riskrating":"6","objectid":"5297005","globalid":"EF0192AF-1B4B-4915-84FE-2FF8EB1E66B8","tpstructure":"Full","plantingspaceglobalid":"EF0192AF-1B4B-4915-84FE-2FF8EB1E66B8","createddate":"2018-04-11 11:11:11.0000000","dbh":"21","planteddate":null,"updateddate":"2024-09-27 16:19:23.0000000","geometry":"POINT(-74.00056234226874 40.74964147919786)","genusspecies":"Platanus x acerifolia - London planetree"}},{"type":"Feature","geometry":{"type":"Point","coordinates":[-74.01710173514282,40.6067136501415]},"properties":{"tpcondition":"Good","stumpdiameter":"0","riskratingdate":null,"riskrating":null,"objectid":"5297006","globalid":"137503C9-00F9-4B02-A120-84C68A06F469","tpstructure":"Full","plantingspaceglobalid":"137503C9-00F9-4B02-A120-84C68A06F469","createddate":"2018-04-11 11:11:11.0000000","dbh":"12","planteddate":null,"updateddate":"2019-02-23 03:05:26.0000000","geometry":"POINT(-74.01710173514282 40.6067136501415)","genusspecies":"Quercus palustris - pin oak"}},{"type":"Feature","geometry":{"type":"Point","coordinates":[-73.96630144665211,40.81074113041368]},"properties":{"tpcondition":"Good","stumpdiameter":"0","riskratingdate":null,"riskrating":null,"objectid":"5297007","globalid":"61FCB11A-7AA0-4607-BB26-B6BF16BE3796","tpstructure":"Full","plantingspaceglobalid":"61FCB11A-7AA0-4607-BB26-B6BF16BE3796","createddate":"2018-04-11 11:11:11.0000000","dbh":"24","planteddate":null,"updateddate":null,"geometry":"POINT(-73.96630144665211 40.81074113041368)","genusspecies":"Crataegus - Hawthorn"}},{"type":"Feature","geometry":{"type":"Point","coordinates":[-74.01780145023207,40.60541779557141]},"properties":{"tpcondition":"Fair","stumpdiameter":null,"riskratingdate":"2025-02-18 17:52:32.0000000","riskrating":"8","objectid":"5297008","globalid":"992BA513-F5D8-41D3-B6C6-07408B704A33","tpstructure":"Full","plantingspaceglobalid":"992BA513-F5D8-41D3-B6C6-07408B704A33","createddate":"2018-04-11 11:11:11.0000000","dbh":"16","planteddate":null,"updateddate":"2025-02-18 17:52:32.0000000","geometry":"POINT(-74.01780145023207 40.60541779557141)","genusspecies":"Gleditsia triacanthos var. inermis - Thornless honeylocust"}},{"type":"Feature","geometry":{"type":"Point","coordinates":[-73.95757453951767,40.80791518831897]},"properties":{"tpcondition":"Fair","stumpdiameter":null,"riskratingdate":"2024-01-04 14:07:43.0000000","riskrating":"8","objectid":"5297009","globalid":"BC164957-8356-4414-96DF-85CFB47945BD","tpstructure":"Full","plantingspaceglobalid":"BC164957-8356-4414-96DF-85CFB47945BD","createddate":"2018-04-11 11:11:11.0000000","dbh":"9","planteddate":null,"updateddate":"2024-01-04 14:07:43.0000000","geometry":"POINT(-73.95757453951767 40.80791518831897)","genusspecies":"Prunus - Cherry"}},{"type":"Feature","geometry":{"type":"Point","coordinates":[-74.03548715072522,40.6400418239567]},"properties":{"tpcondition":"Good","stumpdiameter":"0","riskratingdate":null,"riskrating":null,"objectid":"5297010","globalid":"C57253F0-362A-4A04-800A-E388A14FD133","tpstructure":"Full","plantingspaceglobalid":"C57253F0-362A-4A04-800A-E388A14FD133","createddate":"2018-04-11 11:11:11.0000000","dbh":"13","planteddate":null,"updateddate":null,"geometry":"POINT(-74.03548715072522 40.6400418239567)","genusspecies":"Gleditsia triacanthos var. inermis - Thornless honeylocust"}},{"type":"Feature","geometry":{"type":"Point","coordinates":[-73.93163791723838,40.8643917830096]},"properties":{"tpcondition":"Good","stumpdiameter":"0","riskratingdate":null,"riskrating":null,"objectid":"5297011","globalid":"ABAD33AE-34A7-442E-8DF2-FFBD78767725","tpstructure":"Full","plantingspaceglobalid":"ABAD33AE-34A7-442E-8DF2-FFBD78767725","createddate":"2018-04-11 11:11:11.0000000","dbh":"26","planteddate":null,"updateddate":null,"geometry":"POINT(-73.93163791723838 40.8643917830096)","genusspecies":"Quercus rubra - northern red oak"}},{"type":"Feature","geometry":{"type":"Point","coordinates":[-73.97699892740484,40.5747715499331]},"properties":{"tpcondition":"Good","stumpdiameter":"0","riskratingdate":null,"riskrating":null,"objectid":"5297012","globalid":"146704FC-F190-49F4-B3A4-A0C9AE17E35A","tpstructure":"Full","plantingspaceglobalid":"146704FC-F190-49F4-B3A4-A0C9AE17E35A","createddate":"2018-04-11 11:11:11.0000000","dbh":"19","planteddate":null,"updateddate":null,"geometry":"POINT(-73.97699892740484 40.5747715499331)","genusspecies":"Platanus x acerifolia - London planetree"}},{"type":"Feature","geometry":{"type":"Point","coordinates":[-73.88140849413772,40.64336325883391]},"properties":{"tpcondition":"Good","stumpdiameter":"0","riskratingdate":null,"riskrating":null,"objectid":"5297013","globalid":"26F37DCB-530E-4C67-A7C1-86B0D103E75F","tpstructure":"Full","plantingspaceglobalid":"26F37DCB-530E-4C67-A7C1-86B0D103E75F","createddate":"2018-04-11 11:11:11.0000000","dbh":"2","planteddate":null,"updateddate":null,"geometry":"POINT(-73.88140849413772 40.64336325883391)","genusspecies":"Juniperus virginiana - eastern redcedar"}},{"type":"Feature","geometry":{"type":"Point","coordinates":[-73.94475517165843,40.803658894979975]},"properties":{"tpcondition":"Good","stumpdiameter":"0","riskratingdate":null,"riskrating":null,"objectid":"5297014","globalid":"B4FC1923-BD4B-4521-B5A1-4B9D596F24AF","tpstructure":"Full","plantingspaceglobalid":"B4FC1923-BD4B-4521-B5A1-4B9D596F24AF","createddate":"2018-04-11 11:11:11.0000000","dbh":"10","planteddate":null,"updateddate":null,"geometry":"POINT(-73.94475517165843 40.803658894979975)","genusspecies":"Pinus strobus - eastern white pine"}},{"type":"Feature","geometry":{"type":"Point","coordinates":[-73.94507236606083,40.80392996757439]},"properties":{"tpcondition":"Good","stumpdiameter":null,"riskratingdate":"2021-08-11 14:32:07.0000000","riskrating":"8","objectid":"5297015","globalid":"479000D3-1AC4-4335-928E-CC7EF6F0F5CF","tpstructure":"Full","plantingspaceglobalid":"479000D3-1AC4-4335-928E-CC7EF6F0F5CF","createddate":"2018-04-11 11:11:11.0000000","dbh":"39","planteddate":null,"updateddate":"2021-08-11 14:32:07.0000000","geometry":"POINT(-73.94507236606083 40.80392996757439)","genusspecies":"Quercus macrocarpa - bur oak"}},{"type":"Feature","geometry":{"type":"Point","coordinates":[-73.98644103914951,40.78152606588977]},"properties":{"tpcondition":"Poor","stumpdiameter":"0","riskratingdate":null,"riskrating":null,"objectid":"5297016","globalid":"3F27B7C3-5A45-4AD0-A56D-49EC790DDEE3","tpstructure":"Full","plantingspaceglobalid":"3F27B7C3-5A45-4AD0-A56D-49EC790DDEE3","createddate":"2018-04-11 11:11:11.0000000","dbh":"11","planteddate":null,"updateddate":null,"geometry":"POINT(-73.98644103914951 40.78152606588977)","genusspecies":"Crataegus - Hawthorn"}},{"type":"Feature","geometry":{"type":"Point","coordinates":[-73.74412549868818,40.65977450724633]},"properties":{"tpcondition":"Good","stumpdiameter":"0","riskratingdate":null,"riskrating":null,"objectid":"5297018","globalid":"3D696C18-5029-494C-9851-1DAC06911017","tpstructure":"Full","plantingspaceglobalid":"3D696C18-5029-494C-9851-1DAC06911017","createddate":"2018-04-11 11:11:11.0000000","dbh":"13","planteddate":null,"updateddate":null,"geometry":"POINT(-73.74412549868818 40.65977450724633)","genusspecies":"Acer platanoides - Norway maple"}},{"type":"Feature","geometry":{"type":"Point","coordinates":[-73.82028325301842,40.84651771869447]},"properties":{"tpcondition":"Dead","stumpdiameter":"21","riskratingdate":"2018-09-07 09:35:35.0000000","riskrating":"9","objectid":"5297019","globalid":"ACBAB531-BC65-4841-B256-BCF831955CFB","tpstructure":"Retired","plantingspaceglobalid":"19EF0664-FCAC-420F-8EDD-0CF098D473A3","createddate":"2018-04-11 13:42:01.0000000","dbh":"25","planteddate":null,"updateddate":"2019-03-14 14:46:52.0000000","geometry":"POINT(-73.82028325301842 40.84651771869447)","genusspecies":"Acer platanoides - Norway maple"}},{"type":"Feature","geometry":{"type":"Point","coordinates":[-73.8200736488832,40.84740563715295]},"properties":{"tpcondition":"Good","stumpdiameter":null,"riskratingdate":"2025-10-09 15:43:26.0000000","riskrating":"3","objectid":"5297020","globalid":"0D1D040D-E142-4C8F-9F8F-4028FF4C44B5","tpstructure":"Full","plantingspaceglobalid":"6FB9113F-C16C-43E7-A428-B1D6C691EC07","createddate":"2018-04-11 13:31:13.0000000","dbh":"6","planteddate":null,"updateddate":"2025-10-09 15:43:26.0000000","geometry":"POINT(-73.8200736488832 40.84740563715295)","genusspecies":"Prunus serrulata 'Green leaf' - 'Green leaf' Japanese flowering cherry"}},{"type":"Feature","geometry":{"type":"Point","coordinates":[-73.81837056264207,40.846610703775404]},"properties":{"tpcondition":"Good","stumpdiameter":null,"riskratingdate":null,"riskrating":null,"objectid":"5297021","globalid":"316F81EE-EEC3-4A8D-BAA5-CD1615B7123E","tpstructure":"Retired","plantingspaceglobalid":"B716BE52-877F-4983-A85D-1E8E41A086AD","createddate":"2018-04-11 11:40:27.0000000","dbh":"2","planteddate":null,"updateddate":"2018-04-11 11:43:27.0000000","geometry":"POINT(-73.81837056264207 40.846610703775404)","genusspecies":"Zelkova serrata - Japanese zelkova"}},{"type":"Feature","geometry":{"type":"Point","coordinates":[-73.8193256530419,40.84646587164526]},"properties":{"tpcondition":"Good","stumpdiameter":null,"riskratingdate":null,"riskrating":null,"objectid":"5297022","globalid":"D100E515-1609-40AF-A142-A444F5EE795A","tpstructure":"Full","plantingspaceglobalid":"BF9506EF-9020-4B6E-B6F7-446B8BED603C","createddate":"2018-04-11 11:37:57.0000000","dbh":"2","planteddate":null,"updateddate":"2018-04-18 13:32:02.0000000","geometry":"POINT(-73.8193256530419 40.84646587164526)","genusspecies":"Quercus acutissima - sawtooth oak"}},{"type":"Feature","geometry":{"type":"Point","coordinates":[-73.8193330472616,40.84634258563175]},"properties":{"tpcondition":"Good","stumpdiameter":null,"riskratingdate":null,"riskrating":null,"objectid":"5297023","globalid":"BF5B75FD-D453-44C2-A2D3-A4253C669BB7","tpstructure":"Full","plantingspaceglobalid":"F0E15F7D-2229-4D70-93AA-5E6821A9E1F7","createddate":"2018-04-11 11:37:00.0000000","dbh":"2","planteddate":null,"updateddate":"2018-04-18 13:31:32.0000000","geometry":"POINT(-73.8193330472616 40.84634258563175)","genusspecies":"Eucommia ulmoides - Hardy Rubber Tree"}},{"type":"Feature","geometry":{"type":"Point","coordinates":[-73.81910705882296,40.84611994869498]},"properties":{"tpcondition":"Good","stumpdiameter":null,"riskratingdate":null,"riskrating":null,"objectid":"5297024","globalid":"4931B7C5-CF70-40B7-9739-B8C306C03B85","tpstructure":"Full","plantingspaceglobalid":"B216A6D1-BD14-470A-BF6D-616E5585186C","createddate":"2018-04-11 11:34:11.0000000","dbh":"3","planteddate":null,"updateddate":"2018-04-23 12:22:28.0000000","geometry":"POINT(-73.81910705882296 40.84611994869498)","genusspecies":"Celtis occidentalis - common hackberry"}},{"type":"Feature","geometry":{"type":"Point","coordinates":[-73.81901136297707,40.846120989678]},"properties":{"tpcondition":"Good","stumpdiameter":null,"riskratingdate":null,"riskrating":null,"objectid":"5297025","globalid":"82F2B225-239E-41FC-8FBC-B05D209A52D2","tpstructure":"Full","plantingspaceglobalid":"729C3EBF-D29B-434E-8168-220E48A9F000","createddate":"2018-04-11 11:33:40.0000000","dbh":"2","planteddate":null,"updateddate":"2018-04-23 12:23:18.0000000","geometry":"POINT(-73.81901136297707 40.846120989678)","genusspecies":"Celtis occidentalis - common hackberry"}},{"type":"Feature","geometry":{"type":"Point","coordinates":[-73.81817118210411,40.84609004892635]},"properties":{"tpcondition":"Excellent","stumpdiameter":null,"riskratingdate":"2025-05-30 15:38:22.0000000","riskrating":"7","objectid":"5297026","globalid":"344D7B3D-404D-411C-BAB1-6CB7FC4A5FD1","tpstructure":"Full","plantingspaceglobalid":"C1A00DAB-4EAF-42F9-A0D2-AD930A7F3E41","createddate":"2018-04-11 11:29:35.0000000","dbh":"6","planteddate":null,"updateddate":"2025-05-30 15:38:22.0000000","geometry":"POINT(-73.81817118210411 40.84609004892635)","genusspecies":"Ginkgo biloba - maidenhair tree"}},{"type":"Feature","geometry":{"type":"Point","coordinates":[-73.81806705039271,40.84608643840876]},"properties":{"tpcondition":"Good","stumpdiameter":null,"riskratingdate":null,"riskrating":null,"objectid":"5297027","globalid":"221AC40A-8D49-47C9-986C-C6BD97D6E3F1","tpstructure":"Full","plantingspaceglobalid":"D6984375-7778-4C6C-ADA5-DB172FDBBA9C","createddate":"2018-04-11 11:29:19.0000000","dbh":"2","planteddate":null,"updateddate":"2018-04-23 12:18:03.0000000","geometry":"POINT(-73.81806705039271 40.84608643840876)","genusspecies":"Ginkgo biloba - maidenhair tree"}},{"type":"Feature","geometry":{"type":"Point","coordinates":[-73.81790513236187,40.84618375342436]},"properties":{"tpcondition":"Good","stumpdiameter":null,"riskratingdate":null,"riskrating":null,"objectid":"5297028","globalid":"39D3A332-2BBE-4025-8E5B-7A669C22AA93","tpstructure":"Full","plantingspaceglobalid":"0CF57BC8-3276-4AEE-9470-1D437BB9FBC7","createddate":"2018-04-11 11:27:45.0000000","dbh":"2","planteddate":null,"updateddate":"2018-04-23 12:13:05.0000000","geometry":"POINT(-73.81790513236187 40.84618375342436)","genusspecies":"Syringa pekinensis 'Bejing Gold' - 'Bejing Gold' Peking lilac"}},{"type":"Feature","geometry":{"type":"Point","coordinates":[-73.81819953531433,40.847024641636814]},"properties":{"tpcondition":"Fair","stumpdiameter":null,"riskratingdate":"2025-02-25 14:10:01.0000000","riskrating":"6","objectid":"5297029","globalid":"AEFBEDEF-ED6A-48A5-B99E-01A62958B09E","tpstructure":"Full","plantingspaceglobalid":"C8552E6C-14AF-46C1-9018-8FA74868F30D","createddate":"2018-04-11 11:15:10.0000000","dbh":"27","planteddate":null,"updateddate":"2025-02-25 14:10:01.0000000","geometry":"POINT(-73.81819953531433 40.847024641636814)","genusspecies":"Platanus x acerifolia - London planetree"}},{"type":"Feature","geometry":{"type":"Point","coordinates":[-73.81828596653685,40.847987616798505]},"properties":{"tpcondition":"Good","stumpdiameter":null,"riskratingdate":null,"riskrating":null,"objectid":"5297030","globalid":"9AFB8042-E02D-4C3B-AC2C-463575784D48","tpstructure":"Full","plantingspaceglobalid":"74EB37C0-D2EA-45E5-9508-F70099DDEC7C","createddate":"2018-04-11 11:04:47.0000000","dbh":"3","planteddate":null,"updateddate":"2018-04-18 14:13:55.0000000","geometry":"POINT(-73.81828596653685 40.847987616798505)","genusspecies":"Quercus - Oak"}},{"type":"Feature","geometry":{"type":"Point","coordinates":[-73.8182889663468,40.848061017954365]},"properties":{"tpcondition":"Good","stumpdiameter":null,"riskratingdate":null,"riskrating":null,"objectid":"5297031","globalid":"D083F4B4-74BB-4F16-AC3D-F826B6E2D6BE","tpstructure":"Full","plantingspaceglobalid":"77398414-57B8-4FAA-B394-34779407723C","createddate":"2018-04-11 11:04:31.0000000","dbh":"3","planteddate":null,"updateddate":"2018-04-18 14:09:48.0000000","geometry":"POINT(-73.8182889663468 40.848061017954365)","genusspecies":"Quercus - Oak"}},{"type":"Feature","geometry":{"type":"Point","coordinates":[-73.81830532110624,40.84768804034423]},"properties":{"tpcondition":"Good","stumpdiameter":null,"riskratingdate":null,"riskrating":null,"objectid":"5297032","globalid":"F4DFBEFF-A06F-433C-8250-5F06B6FB5D8A","tpstructure":"Full","plantingspaceglobalid":"DF2AB489-044C-4673-9B78-C5A84641A8D4","createddate":"2018-04-11 11:02:31.0000000","dbh":"3","planteddate":null,"updateddate":"2018-04-18 14:18:36.0000000","geometry":"POINT(-73.81830532110624 40.84768804034423)","genusspecies":"Betula papyrifera - paper birch"}},{"type":"Feature","geometry":{"type":"Point","coordinates":[-73.81830863375099,40.847556213653974]},"properties":{"tpcondition":"Dead","stumpdiameter":null,"riskratingdate":null,"riskrating":null,"objectid":"5297033","globalid":"652D323B-DA9E-4D38-99C5-F224F917929B","tpstructure":"Full","plantingspaceglobalid":"6C8028F7-5EFC-43F9-B995-C6EAC25B77C8","createddate":"2018-04-11 11:01:50.0000000","dbh":"2","planteddate":null,"updateddate":"2018-08-13 18:38:30.0000000","geometry":"POINT(-73.81830863375099 40.847556213653974)","genusspecies":"Ginkgo biloba - maidenhair tree"}},{"type":"Feature","geometry":{"type":"Point","coordinates":[-73.81740667420891,40.84699813800039]},"properties":{"tpcondition":"Good","stumpdiameter":null,"riskratingdate":null,"riskrating":null,"objectid":"5297034","globalid":"9B5EFE85-6C8B-46C4-B2EE-A61813C10696","tpstructure":"Full","plantingspaceglobalid":"9C6854DB-0D55-4FF8-BEC1-DD432EEEB456","createddate":"2018-04-11 10:49:41.0000000","dbh":"3","planteddate":null,"updateddate":"2018-04-18 11:34:37.0000000","geometry":"POINT(-73.81740667420891 40.84699813800039)","genusspecies":"Acer rubrum 'Red Sunset' - 'Red Sunset' Red maple"}},{"type":"Feature","geometry":{"type":"Point","coordinates":[-73.81743701016802,40.846635021215135]},"properties":{"tpcondition":"Fair","stumpdiameter":null,"riskratingdate":"2025-02-25 13:49:34.0000000","riskrating":"5","objectid":"5297035","globalid":"D0C8070F-3DE3-451B-B1C3-FDD4CD442A2B","tpstructure":"Full","plantingspaceglobalid":"10A7620A-69E9-4A4D-83BE-181337C516A6","createddate":"2018-04-11 10:45:32.0000000","dbh":"5","planteddate":null,"updateddate":"2025-02-25 13:49:34.0000000","geometry":"POINT(-73.81743701016802 40.846635021215135)","genusspecies":"Pyrus calleryana - Callery pear"}},{"type":"Feature","geometry":{"type":"Point","coordinates":[-73.87248860466411,40.829989040537235]},"properties":{"tpcondition":"Good","stumpdiameter":null,"riskratingdate":null,"riskrating":null,"objectid":"5297036","globalid":"77E6BDA2-D950-4620-B11C-08A5FBA4FFEB","tpstructure":"Retired","plantingspaceglobalid":"AF34B85E-B292-48D7-80CC-2F09C1E8A9E8","createddate":"2018-04-11 09:43:33.0000000","dbh":"2","planteddate":null,"updateddate":"2019-05-22 13:35:09.0000000","geometry":"POINT(-73.87248860466411 40.829989040537235)","genusspecies":"Gleditsia triacanthos var. inermis - Thornless honeylocust"}},{"type":"Feature","geometry":{"type":"Point","coordinates":[-73.8719977049499,40.83011204955339]},"properties":{"tpcondition":"Good","stumpdiameter":null,"riskratingdate":"2019-05-22 09:30:12.0000000","riskrating":"3","objectid":"5297037","globalid":"3E1EEEE0-B351-4A08-96C5-23E0AD117DCA","tpstructure":"Full","plantingspaceglobalid":"10E8F1C6-4414-42A9-8EE5-197102C6054F","createddate":"2018-04-11 09:42:44.0000000","dbh":"2","planteddate":null,"updateddate":"2019-05-22 13:30:13.0000000","geometry":"POINT(-73.8719977049499 40.83011204955339)","genusspecies":"Gleditsia triacanthos var. inermis - Thornless honeylocust"}},{"type":"Feature","geometry":{"type":"Point","coordinates":[-73.87230214722231,40.830017680050766]},"properties":{"tpcondition":"Good","stumpdiameter":null,"riskratingdate":"2019-05-22 09:31:11.0000000","riskrating":"3","objectid":"5297038","globalid":"0F0D5C33-E1AE-48D0-90CC-0B4A3AB4BAB7","tpstructure":"Full","plantingspaceglobalid":"CE293F08-EECF-4878-9DD8-D8BBF0631EFE","createddate":"2018-04-11 09:41:58.0000000","dbh":"2","planteddate":null,"updateddate":"2019-05-22 13:31:12.0000000","geometry":"POINT(-73.87230214722231 40.830017680050766)","genusspecies":"Gleditsia triacanthos var. inermis - Thornless honeylocust"}},{"type":"Feature","geometry":{"type":"Point","coordinates":[-73.8721577661444,40.830065767056304]},"properties":{"tpcondition":"Good","stumpdiameter":null,"riskratingdate":"2019-05-22 09:30:43.0000000","riskrating":"3","objectid":"5297039","globalid":"7EBBCD55-B4E9-4164-BE89-0D930141457E","tpstructure":"Full","plantingspaceglobalid":"0B8D5B5B-A27E-403D-98BA-062F8B0F35E4","createddate":"2018-04-11 09:41:29.0000000","dbh":"2","planteddate":null,"updateddate":"2019-05-22 13:30:44.0000000","geometry":"POINT(-73.8721577661444 40.830065767056304)","genusspecies":"Gleditsia triacanthos var. inermis - Thornless honeylocust"}},{"type":"Feature","geometry":{"type":"Point","coordinates":[-73.87212971477385,40.830325100214196]},"properties":{"tpcondition":"Dead","stumpdiameter":"4","riskratingdate":null,"riskrating":null,"objectid":"5297040","globalid":"83AB09E9-DE2A-437A-A9DE-B5A59ED924AF","tpstructure":"Retired","plantingspaceglobalid":"8B5CAD97-6DBC-4B11-AE4B-C48132BEBB14","createddate":"2018-04-11 09:40:58.0000000","dbh":"2","planteddate":null,"updateddate":"2019-03-14 12:43:44.0000000","geometry":"POINT(-73.87212971477385 40.830325100214196)","genusspecies":"Prunus serrulata 'Green leaf' - 'Green leaf' Japanese flowering cherry"}},{"type":"Feature","geometry":{"type":"Point","coordinates":[-73.87228078343729,40.830275581391135]},"properties":{"tpcondition":"Good","stumpdiameter":null,"riskratingdate":"2021-08-12 13:12:30.0000000","riskrating":"5","objectid":"5297041","globalid":"9AE7D826-4F62-49B5-9D7E-81810B975D63","tpstructure":"Full","plantingspaceglobalid":"B040039F-3697-4EA1-97A9-A8D67D0BE7A8","createddate":"2018-04-11 09:39:55.0000000","dbh":"5","planteddate":null,"updateddate":"2021-08-12 13:12:30.0000000","geometry":"POINT(-73.87228078343729 40.830275581391135)","genusspecies":"Prunus serrulata 'Green leaf' - 'Green leaf' Japanese flowering cherry"}},{"type":"Feature","geometry":{"type":"Point","coordinates":[-73.87198489186544,40.83037038976029]},"properties":{"tpcondition":"Fair","stumpdiameter":null,"riskratingdate":"2021-08-12 13:17:44.0000000","riskrating":"6","objectid":"5297042","globalid":"E95CAF62-0501-40BD-94BB-35CD752C638D","tpstructure":"Full","plantingspaceglobalid":"D6B8F745-FB60-4654-939A-E750CBCBD93E","createddate":"2018-04-11 09:35:24.0000000","dbh":"5","planteddate":null,"updateddate":"2021-08-12 13:17:44.0000000","geometry":"POINT(-73.87198489186544 40.83037038976029)","genusspecies":"Prunus serrulata 'Green leaf' - 'Green leaf' Japanese flowering cherry"}},{"type":"Feature","geometry":{"type":"Point","coordinates":[-73.87142997550869,40.83052884133366]},"properties":{"tpcondition":"Good","stumpdiameter":null,"riskratingdate":null,"riskrating":null,"objectid":"5297043","globalid":"26EFEEC2-C249-46B5-A399-E99C0B177BDC","tpstructure":"Full","plantingspaceglobalid":"84B37322-AAE2-4073-8DB1-71F5E38AAABB","createddate":"2018-04-11 09:17:12.0000000","dbh":"2","planteddate":null,"updateddate":"2019-05-22 14:15:11.0000000","geometry":"POINT(-73.87142997550869 40.83052884133366)","genusspecies":"Celtis occidentalis - common hackberry"}},{"type":"Feature","geometry":{"type":"Point","coordinates":[-73.8713388538101,40.83055946337798]},"properties":{"tpcondition":"Good","stumpdiameter":null,"riskratingdate":null,"riskrating":null,"objectid":"5297044","globalid":"2499709E-9EE1-482D-AE5D-9874F92F8374","tpstructure":"Full","plantingspaceglobalid":"6DF7D72E-2D15-440D-9A23-A247B36180F4","createddate":"2018-04-11 09:16:45.0000000","dbh":"2","planteddate":null,"updateddate":"2019-05-22 14:16:18.0000000","geometry":"POINT(-73.8713388538101 40.83055946337798)","genusspecies":"Celtis occidentalis - common hackberry"}},{"type":"Feature","geometry":{"type":"Point","coordinates":[-73.87107898451296,40.83063553402921]},"properties":{"tpcondition":"Excellent","stumpdiameter":null,"riskratingdate":"2023-06-08 14:35:47.0000000","riskrating":"3","objectid":"5297045","globalid":"4972037D-D443-43B9-9BDD-5B9C6DAC6CFD","tpstructure":"Full","plantingspaceglobalid":"B03546B2-A545-48C0-A9A3-884CEBBF873D","createddate":"2018-04-11 09:15:11.0000000","dbh":"2","planteddate":null,"updateddate":"2023-06-08 14:35:47.0000000","geometry":"POINT(-73.87107898451296 40.83063553402921)","genusspecies":"Gymnocladus dioicus - Kentucky coffeetree"}},{"type":"Feature","geometry":{"type":"Point","coordinates":[-73.87123686529812,40.83058257957073]},"properties":{"tpcondition":"Good","stumpdiameter":null,"riskratingdate":"2019-05-22 10:17:17.0000000","riskrating":"3","objectid":"5297046","globalid":"1A30D36B-3543-4FC8-B2D0-4744670276E4","tpstructure":"Full","plantingspaceglobalid":"2C806415-B03F-45EA-BD35-96B295FBB9E6","createddate":"2018-04-11 09:14:20.0000000","dbh":"2","planteddate":null,"updateddate":"2019-05-22 14:17:18.0000000","geometry":"POINT(-73.87123686529812 40.83058257957073)","genusspecies":"Celtis occidentalis - common hackberry"}},{"type":"Feature","geometry":{"type":"Point","coordinates":[-73.86953244012982,40.83082843348556]},"properties":{"tpcondition":"Fair","stumpdiameter":null,"riskratingdate":"2024-11-25 15:03:24.0000000","riskrating":"3","objectid":"5297047","globalid":"05AE423E-1B9B-4BE5-9138-930BD4928083","tpstructure":"Full","plantingspaceglobalid":"E825A8CA-5A6C-4E7F-80EF-4A39A61D1096","createddate":"2018-04-11 09:11:31.0000000","dbh":"5","planteddate":null,"updateddate":"2024-11-25 15:03:24.0000000","geometry":"POINT(-73.86953244012982 40.83082843348556)","genusspecies":"Tilia tomentosa - silver linden"}},{"type":"Feature","geometry":{"type":"Point","coordinates":[-73.86963757636393,40.8307999615844]},"properties":{"tpcondition":"Fair","stumpdiameter":null,"riskratingdate":"2024-11-25 15:02:39.0000000","riskrating":"5","objectid":"5297048","globalid":"12D4951E-5FD9-4994-B61C-B4E9D6661E67","tpstructure":"Full","plantingspaceglobalid":"E1F01649-0052-4DEB-A045-9A82E8F38E9A","createddate":"2018-04-11 09:10:23.0000000","dbh":"5","planteddate":null,"updateddate":"2024-11-25 15:02:39.0000000","geometry":"POINT(-73.86963757636393 40.8307999615844)","genusspecies":"Tilia tomentosa 'Szeleste' - 'Szeleste' Silver linden"}},{"type":"Feature","geometry":{"type":"Point","coordinates":[-73.86941003896295,40.83086284234793]},"properties":{"tpcondition":"Fair","stumpdiameter":null,"riskratingdate":"2024-11-25 15:04:11.0000000","riskrating":"7","objectid":"5297049","globalid":"0AFBE957-D026-4F61-B5E7-7CE37A28D824","tpstructure":"Full","plantingspaceglobalid":"6D7E2CBE-9641-42C5-A846-C0DEB4CFDA4F","createddate":"2018-04-11 09:09:08.0000000","dbh":"6","planteddate":null,"updateddate":"2024-11-25 15:04:11.0000000","geometry":"POINT(-73.86941003896295 40.83086284234793)","genusspecies":"Gleditsia triacanthos var. inermis - Thornless honeylocust"}},{"type":"Feature","geometry":{"type":"Point","coordinates":[-73.9593275534637,40.804189343556246]},"properties":{"tpcondition":"Fair","stumpdiameter":"0","riskratingdate":null,"riskrating":null,"objectid":"5297420","globalid":"FD1C34BA-327A-46EA-B3CB-C9B4002D2DA6","tpstructure":"Full","plantingspaceglobalid":"FD1C34BA-327A-46EA-B3CB-C9B4002D2DA6","createddate":"2018-04-11 11:11:11.0000000","dbh":"14","planteddate":null,"updateddate":null,"geometry":"POINT(-73.9593275534637 40.804189343556246)","genusspecies":"Robinia pseudoacacia - black locust"}},{"type":"Feature","geometry":{"type":"Point","coordinates":[-73.98916262716725,40.7149169316773]},"properties":{"tpcondition":"Fair","stumpdiameter":null,"riskratingdate":"2021-06-18 17:15:42.0000000","riskrating":"7","objectid":"5297421","globalid":"D1FD1439-A0EA-4934-8C0E-E594519F0C9F","tpstructure":"Full","plantingspaceglobalid":"D1FD1439-A0EA-4934-8C0E-E594519F0C9F","createddate":"2018-04-11 11:11:11.0000000","dbh":"25","planteddate":null,"updateddate":"2021-06-18 17:15:42.0000000","geometry":"POINT(-73.98916262716725 40.7149169316773)","genusspecies":"Ulmus pumila - Siberian elm"}},{"type":"Feature","geometry":{"type":"Point","coordinates":[-74.16517410910537,40.63055886642805]},"properties":{"tpcondition":"Fair","stumpdiameter":null,"riskratingdate":"2022-09-23 14:06:25.0000000","riskrating":"7","objectid":"5297422","globalid":"B87CCFB8-EFE8-4481-8D6C-B1B5A9E682DD","tpstructure":"Full","plantingspaceglobalid":"B87CCFB8-EFE8-4481-8D6C-B1B5A9E682DD","createddate":"2018-04-11 11:11:11.0000000","dbh":"16","planteddate":null,"updateddate":"2022-09-23 14:06:25.0000000","geometry":"POINT(-74.16517410910537 40.63055886642805)","genusspecies":"Platanus x acerifolia - London planetree"}},{"type":"Feature","geometry":{"type":"Point","coordinates":[-73.94401588264465,40.77464072166111]},"properties":{"tpcondition":"Good","stumpdiameter":"0","riskratingdate":null,"riskrating":null,"objectid":"5297423","globalid":"4A356687-2575-4C34-A5EB-B9BACA0B83EA","tpstructure":"Full","plantingspaceglobalid":"4A356687-2575-4C34-A5EB-B9BACA0B83EA","createddate":"2018-04-11 11:11:11.0000000","dbh":"8","planteddate":null,"updateddate":null,"geometry":"POINT(-73.94401588264465 40.77464072166111)","genusspecies":"Prunus - Cherry"}},{"type":"Feature","geometry":{"type":"Point","coordinates":[-73.76983425069496,40.685968475109995]},"properties":{"tpcondition":"Good","stumpdiameter":null,"riskratingdate":"2025-05-20 16:38:56.0000000","riskrating":"6","objectid":"5297424","globalid":"B9F69109-3A06-4676-8CBB-CB6F48207E2C","tpstructure":"Full","plantingspaceglobalid":"B9F69109-3A06-4676-8CBB-CB6F48207E2C","createddate":"2018-04-11 11:11:11.0000000","dbh":"14","planteddate":null,"updateddate":"2025-05-20 16:38:56.0000000","geometry":"POINT(-73.76983425069496 40.685968475109995)","genusspecies":"Tilia cordata - littleleaf linden"}},{"type":"Feature","geometry":{"type":"Point","coordinates":[-73.94336555567294,40.80318701295671]},"properties":{"tpcondition":"Good","stumpdiameter":"0","riskratingdate":"2022-08-10 19:11:19.0000000","riskrating":"8","objectid":"5297425","globalid":"D00D1B45-AC1B-48EE-BDEC-2070176C5A62","tpstructure":"Full","plantingspaceglobalid":"D00D1B45-AC1B-48EE-BDEC-2070176C5A62","createddate":"2018-04-11 11:11:11.0000000","dbh":"24","planteddate":null,"updateddate":"2022-08-10 19:11:19.0000000","geometry":"POINT(-73.94336555567294 40.80318701295671)","genusspecies":"Quercus palustris - pin oak"}},{"type":"Feature","geometry":{"type":"Point","coordinates":[-73.96572938714367,40.80950411768719]},"properties":{"tpcondition":"Dead","stumpdiameter":"66","riskratingdate":"2020-09-14 18:26:00.0000000","riskrating":"3","objectid":"5297426","globalid":"B91FAC09-FCE0-43ED-AFF0-68AD21717CD8","tpstructure":"Retired","plantingspaceglobalid":"B91FAC09-FCE0-43ED-AFF0-68AD21717CD8","createddate":"2018-04-11 11:11:00.0000000","dbh":"37","planteddate":null,"updateddate":"2023-01-05 14:26:00.0000000","geometry":"POINT(-73.96572938714367 40.80950411768719)","genusspecies":"Ulmus americana - American elm"}},{"type":"Feature","geometry":{"type":"Point","coordinates":[-73.9374205506703,40.83515450086793]},"properties":{"tpcondition":"Unknown","stumpdiameter":"0","riskratingdate":null,"riskrating":null,"objectid":"5297427","globalid":"2F744EE3-179F-4859-A5BF-E7AA8E5E181F","tpstructure":"Full","plantingspaceglobalid":"2F744EE3-179F-4859-A5BF-E7AA8E5E181F","createddate":"2018-04-11 11:11:11.0000000","dbh":"29","planteddate":null,"updateddate":null,"geometry":"POINT(-73.9374205506703 40.83515450086793)","genusspecies":"Robinia pseudoacacia - black locust"}},{"type":"Feature","geometry":{"type":"Point","coordinates":[-73.98716516338023,40.782735530924825]},"properties":{"tpcondition":"Good","stumpdiameter":"0","riskratingdate":null,"riskrating":null,"objectid":"5297428","globalid":"F0F81673-36E8-4356-AF54-1ADB25B0CA6B","tpstructure":"Full","plantingspaceglobalid":"F0F81673-36E8-4356-AF54-1ADB25B0CA6B","createddate":"2018-04-11 11:11:11.0000000","dbh":"23","planteddate":null,"updateddate":null,"geometry":"POINT(-73.98716516338023 40.782735530924825)","genusspecies":"Malus - apple"}},{"type":"Feature","geometry":{"type":"Point","coordinates":[-73.89896114521571,40.61834754765915]},"properties":{"tpcondition":"Good","stumpdiameter":"0","riskratingdate":null,"riskrating":null,"objectid":"5297429","globalid":"FABEF75D-CA64-4A57-A8DD-30ACFE2ABFEF","tpstructure":"Full","plantingspaceglobalid":"FABEF75D-CA64-4A57-A8DD-30ACFE2ABFEF","createddate":"2018-04-11 11:11:11.0000000","dbh":"5","planteddate":null,"updateddate":null,"geometry":"POINT(-73.89896114521571 40.61834754765915)","genusspecies":"Quercus phellos - willow oak"}},{"type":"Feature","geometry":{"type":"Point","coordinates":[-74.03932946928124,40.63265847993592]},"properties":{"tpcondition":"Good","stumpdiameter":"0","riskratingdate":null,"riskrating":null,"objectid":"5297430","globalid":"B14335D9-84B5-4EB4-B341-628CDF0D0D89","tpstructure":"Full","plantingspaceglobalid":"B14335D9-84B5-4EB4-B341-628CDF0D0D89","createddate":"2018-04-11 11:11:11.0000000","dbh":"5","planteddate":null,"updateddate":null,"geometry":"POINT(-74.03932946928124 40.63265847993592)","genusspecies":"Gleditsia triacanthos var. inermis - Thornless honeylocust"}},{"type":"Feature","geometry":{"type":"Point","coordinates":[-73.7726694536501,40.72985306288294]},"properties":{"tpcondition":"Good","stumpdiameter":"0","riskratingdate":"2019-06-27 11:11:33.0000000","riskrating":"8","objectid":"5297431","globalid":"79A6FA0C-051D-4CC0-87ED-FCDFAE7A24CE","tpstructure":"Full","plantingspaceglobalid":"79A6FA0C-051D-4CC0-87ED-FCDFAE7A24CE","createddate":"2018-04-11 11:11:11.0000000","dbh":"20","planteddate":null,"updateddate":"2019-06-27 15:11:34.0000000","geometry":"POINT(-73.7726694536501 40.72985306288294)","genusspecies":"Liquidambar styraciflua - sweetgum"}},{"type":"Feature","geometry":{"type":"Point","coordinates":[-73.97085595384026,40.80595212483304]},"properties":{"tpcondition":"Good","stumpdiameter":"0","riskratingdate":null,"riskrating":null,"objectid":"5297433","globalid":"1A7C07E6-D413-4A68-BB8A-61D64A4A4D00","tpstructure":"Full","plantingspaceglobalid":"1A7C07E6-D413-4A68-BB8A-61D64A4A4D00","createddate":"2018-04-11 11:11:11.0000000","dbh":"19","planteddate":null,"updateddate":null,"geometry":"POINT(-73.97085595384026 40.80595212483304)","genusspecies":"Ulmus americana - American elm"}},{"type":"Feature","geometry":{"type":"Point","coordinates":[-73.77144389575959,40.68905570737355]},"properties":{"tpcondition":"Good","stumpdiameter":"0","riskratingdate":null,"riskrating":null,"objectid":"5297434","globalid":"B248B422-7D65-45C1-9344-21383CD0C505","tpstructure":"Full","plantingspaceglobalid":"B248B422-7D65-45C1-9344-21383CD0C505","createddate":"2018-04-11 11:11:11.0000000","dbh":"5","planteddate":null,"updateddate":null,"geometry":"POINT(-73.77144389575959 40.68905570737355)","genusspecies":"Ailanthus altissima - tree of heaven"}},{"type":"Feature","geometry":{"type":"Point","coordinates":[-73.98488478511766,40.782660014358314]},"properties":{"tpcondition":"Good","stumpdiameter":"0","riskratingdate":null,"riskrating":null,"objectid":"5297435","globalid":"ED5F9FAE-B5A3-4E58-9148-CA82E13148B5","tpstructure":"Full","plantingspaceglobalid":"ED5F9FAE-B5A3-4E58-9148-CA82E13148B5","createddate":"2018-04-11 11:11:11.0000000","dbh":"9","planteddate":null,"updateddate":null,"geometry":"POINT(-73.98488478511766 40.782660014358314)","genusspecies":"Cercis canadensis - eastern redbud"}},{"type":"Feature","geometry":{"type":"Point","coordinates":[-73.93443061192032,40.86110254718264]},"properties":{"tpcondition":"Good","stumpdiameter":null,"riskratingdate":"2023-03-08 19:49:23.0000000","riskrating":"3","objectid":"5297436","globalid":"12783626-0CF1-43D2-8A58-4D8B924E33D4","tpstructure":"Full","plantingspaceglobalid":"12783626-0CF1-43D2-8A58-4D8B924E33D4","createddate":"2018-04-11 11:11:11.0000000","dbh":"17","planteddate":null,"updateddate":"2023-03-08 19:49:23.0000000","geometry":"POINT(-73.93443061192032 40.86110254718264)","genusspecies":"Metasequoia glyptostroboides - dawn redwood"}},{"type":"Feature","geometry":{"type":"Point","coordinates":[-74.04163246320837,40.62316778007804]},"properties":{"tpcondition":"Good","stumpdiameter":"0","riskratingdate":null,"riskrating":null,"objectid":"5297437","globalid":"CB62E3B1-864A-491E-9B57-FD98EA8F27B0","tpstructure":"Full","plantingspaceglobalid":"CB62E3B1-864A-491E-9B57-FD98EA8F27B0","createddate":"2018-04-11 11:11:11.0000000","dbh":"5","planteddate":null,"updateddate":null,"geometry":"POINT(-74.04163246320837 40.62316778007804)","genusspecies":"Platanus x acerifolia - London planetree"}},{"type":"Feature","geometry":{"type":"Point","coordinates":[-74.00765347078554,40.672920355231966]},"properties":{"tpcondition":"Fair","stumpdiameter":"0","riskratingdate":null,"riskrating":null,"objectid":"5297438","globalid":"DB2EB7BA-9D42-4A34-905B-1FAEA52935D2","tpstructure":"Full","plantingspaceglobalid":"DB2EB7BA-9D42-4A34-905B-1FAEA52935D2","createddate":"2018-04-11 11:11:11.0000000","dbh":"37","planteddate":null,"updateddate":null,"geometry":"POINT(-74.00765347078554 40.672920355231966)","genusspecies":"Platanus x acerifolia - London planetree"}},{"type":"Feature","geometry":{"type":"Point","coordinates":[-73.74646167412912,40.661088740922935]},"properties":{"tpcondition":"Fair","stumpdiameter":null,"riskratingdate":"2022-08-03 14:26:45.0000000","riskrating":"7","objectid":"5297439","globalid":"2E25D3AC-57CF-4857-B8B4-067AFD68ADC2","tpstructure":"Full","plantingspaceglobalid":"2E25D3AC-57CF-4857-B8B4-067AFD68ADC2","createddate":"2018-04-11 11:11:11.0000000","dbh":"32","planteddate":null,"updateddate":"2022-08-03 14:26:45.0000000","geometry":"POINT(-73.74646167412912 40.661088740922935)","genusspecies":"Quercus rubra - northern red oak"}},{"type":"Feature","geometry":{"type":"Point","coordinates":[-73.99592447958705,40.58001426553955]},"properties":{"tpcondition":"Fair","stumpdiameter":"0","riskratingdate":null,"riskrating":null,"objectid":"5297440","globalid":"1194CB14-756A-43DE-A049-0912C30812ED","tpstructure":"Full","plantingspaceglobalid":"1194CB14-756A-43DE-A049-0912C30812ED","createddate":"2018-04-11 11:11:11.0000000","dbh":"19","planteddate":null,"updateddate":null,"geometry":"POINT(-73.99592447958705 40.58001426553955)","genusspecies":"Tilia cordata - littleleaf linden"}},{"type":"Feature","geometry":{"type":"Point","coordinates":[-73.98466570398371,40.78397333097839]},"properties":{"tpcondition":"Good","stumpdiameter":"0","riskratingdate":"2020-01-22 18:43:31.0000000","riskrating":"6","objectid":"5297441","globalid":"5BA622D8-F7AE-47C7-8A49-E6F200440E1A","tpstructure":"Full","plantingspaceglobalid":"5BA622D8-F7AE-47C7-8A49-E6F200440E1A","createddate":"2018-04-11 11:11:11.0000000","dbh":"40","planteddate":null,"updateddate":"2020-01-22 18:43:31.0000000","geometry":"POINT(-73.98466570398371 40.78397333097839)","genusspecies":"Quercus ellipsoidalis - northern pin oak"}},{"type":"Feature","geometry":{"type":"Point","coordinates":[-73.92965647536175,40.86568934356317]},"properties":{"tpcondition":"Good","stumpdiameter":"0","riskratingdate":null,"riskrating":null,"objectid":"5297443","globalid":"131B2AFA-EAFC-4304-8E5F-BA53EA871B0A","tpstructure":"Full","plantingspaceglobalid":"131B2AFA-EAFC-4304-8E5F-BA53EA871B0A","createddate":"2018-04-11 11:11:11.0000000","dbh":"25","planteddate":null,"updateddate":null,"geometry":"POINT(-73.92965647536175 40.86568934356317)","genusspecies":"Tilia cordata - littleleaf linden"}},{"type":"Feature","geometry":{"type":"Point","coordinates":[-73.93837175965011,40.60759728864453]},"properties":{"tpcondition":"Unknown","stumpdiameter":"0","riskratingdate":"2020-02-03 14:29:06.0000000","riskrating":"3","objectid":"5297444","globalid":"B94E2704-A713-4925-9DDF-0857AE1BBC43","tpstructure":"Retired","plantingspaceglobalid":"B94E2704-A713-4925-9DDF-0857AE1BBC43","createddate":"2018-04-11 11:11:11.0000000","dbh":"1","planteddate":null,"updateddate":"2020-02-03 14:29:06.0000000","geometry":"POINT(-73.93837175965011 40.60759728864453)","genusspecies":"Cedrus atlantica - Atlas cedar"}},{"type":"Feature","geometry":{"type":"Point","coordinates":[-73.77571702052886,40.72663967506431]},"properties":{"tpcondition":"Good","stumpdiameter":"0","riskratingdate":null,"riskrating":null,"objectid":"5297445","globalid":"AAE8B034-6F57-4C68-A164-E964D76A07BE","tpstructure":"Full","plantingspaceglobalid":"AAE8B034-6F57-4C68-A164-E964D76A07BE","createddate":"2018-04-11 11:11:11.0000000","dbh":"13","planteddate":null,"updateddate":"2020-08-11 16:46:49.0000000","geometry":"POINT(-73.77571702052886 40.72663967506431)","genusspecies":"Acer platanoides - Norway maple"}},{"type":"Feature","geometry":{"type":"Point","coordinates":[-73.74449378806666,40.660293699206754]},"properties":{"tpcondition":"Fair","stumpdiameter":null,"riskratingdate":"2022-10-18 16:00:58.0000000","riskrating":"7","objectid":"5297446","globalid":"7CF6EEE0-C57A-4B9C-A1C6-C89520008C0F","tpstructure":"Full","plantingspaceglobalid":"7CF6EEE0-C57A-4B9C-A1C6-C89520008C0F","createddate":"2018-04-11 11:11:11.0000000","dbh":"11","planteddate":null,"updateddate":"2022-10-18 16:00:58.0000000","geometry":"POINT(-73.74449378806666 40.660293699206754)","genusspecies":"Prunus serotina - black cherry"}},{"type":"Feature","geometry":{"type":"Point","coordinates":[-73.9723087905118,40.801804699135786]},"properties":{"tpcondition":"Good","stumpdiameter":null,"riskratingdate":"2024-09-27 13:38:43.0000000","riskrating":"7","objectid":"5297447","globalid":"E30E4CC9-C865-4EE3-B0D3-A1B9C67531D9","tpstructure":"Full","plantingspaceglobalid":"E30E4CC9-C865-4EE3-B0D3-A1B9C67531D9","createddate":"2018-04-11 11:11:11.0000000","dbh":"19","planteddate":null,"updateddate":"2024-09-27 13:38:43.0000000","geometry":"POINT(-73.9723087905118 40.801804699135786)","genusspecies":"Platanus x acerifolia - London planetree"}},{"type":"Feature","geometry":{"type":"Point","coordinates":[-73.77236045485513,40.73665956922047]},"properties":{"tpcondition":"Good","stumpdiameter":"0","riskratingdate":"2019-10-31 18:11:02.0000000","riskrating":"7","objectid":"5297448","globalid":"0140220D-D253-49FD-8A2F-2264231FA9CC","tpstructure":"Full","plantingspaceglobalid":"0140220D-D253-49FD-8A2F-2264231FA9CC","createddate":"2018-04-11 11:11:11.0000000","dbh":"18","planteddate":null,"updateddate":"2019-10-31 18:11:02.0000000","geometry":"POINT(-73.77236045485513 40.73665956922047)","genusspecies":"Prunus - Cherry"}},{"type":"Feature","geometry":{"type":"Point","coordinates":[-73.9441047008315,40.850666780355965]},"properties":{"tpcondition":"Good","stumpdiameter":"0","riskratingdate":null,"riskrating":null,"objectid":"5297449","globalid":"98AF8C5F-D918-48FC-AB40-1EAE2C9ABAE0","tpstructure":"Full","plantingspaceglobalid":"98AF8C5F-D918-48FC-AB40-1EAE2C9ABAE0","createddate":"2018-04-11 11:11:11.0000000","dbh":"2","planteddate":null,"updateddate":null,"geometry":"POINT(-73.9441047008315 40.850666780355965)","genusspecies":"Gleditsia triacanthos var. inermis - Thornless honeylocust"}},{"type":"Feature","geometry":{"type":"Point","coordinates":[-73.76996071619553,40.68427900310833]},"properties":{"tpcondition":"Good","stumpdiameter":null,"riskratingdate":"2025-05-23 15:41:43.0000000","riskrating":"9","objectid":"5297450","globalid":"E7FDC6A9-31F9-4225-81F3-1BBFB64319EA","tpstructure":"Full","plantingspaceglobalid":"E7FDC6A9-31F9-4225-81F3-1BBFB64319EA","createddate":"2018-04-11 11:11:11.0000000","dbh":"20","planteddate":null,"updateddate":"2025-05-23 15:41:43.0000000","geometry":"POINT(-73.76996071619553 40.68427900310833)","genusspecies":"Tilia cordata - littleleaf linden"}},{"type":"Feature","geometry":{"type":"Point","coordinates":[-73.98749412621817,40.7817820320087]},"properties":{"tpcondition":"Good","stumpdiameter":null,"riskratingdate":"2025-07-17 14:56:31.0000000","riskrating":"8","objectid":"5297451","globalid":"674445F7-E50D-4443-AF1E-2FB1B5C3A5AD","tpstructure":"Full","plantingspaceglobalid":"674445F7-E50D-4443-AF1E-2FB1B5C3A5AD","createddate":"2018-04-11 11:11:11.0000000","dbh":"32","planteddate":null,"updateddate":"2025-07-17 14:56:31.0000000","geometry":"POINT(-73.98749412621817 40.7817820320087)","genusspecies":"Quercus coccinea - scarlet oak"}},{"type":"Feature","geometry":{"type":"Point","coordinates":[-73.77429185776099,40.688240403262036]},"properties":{"tpcondition":"Poor","stumpdiameter":null,"riskratingdate":"2025-07-12 14:44:36.0000000","riskrating":"8","objectid":"5297452","globalid":"653C5C34-90E1-4B42-B458-84815203E885","tpstructure":"Full","plantingspaceglobalid":"653C5C34-90E1-4B42-B458-84815203E885","createddate":"2018-04-11 11:11:11.0000000","dbh":"6","planteddate":null,"updateddate":"2025-07-12 14:44:36.0000000","geometry":"POINT(-73.77429185776099 40.688240403262036)","genusspecies":"Unknown - Unknown"}},{"type":"Feature","geometry":{"type":"Point","coordinates":[-73.9451527560611,40.77393204802068]},"properties":{"tpcondition":"Good","stumpdiameter":"0","riskratingdate":null,"riskrating":null,"objectid":"5297453","globalid":"AB8EE494-38FC-49FD-A8C6-E5E3134DB2FC","tpstructure":"Full","plantingspaceglobalid":"AB8EE494-38FC-49FD-A8C6-E5E3134DB2FC","createddate":"2018-04-11 11:11:11.0000000","dbh":"6","planteddate":null,"updateddate":null,"geometry":"POINT(-73.9451527560611 40.77393204802068)","genusspecies":"Cornus kousa - kousa dogwood"}},{"type":"Feature","geometry":{"type":"Point","coordinates":[-73.75884312362348,40.59891416121783]},"properties":{"tpcondition":"Poor","stumpdiameter":"0","riskratingdate":null,"riskrating":null,"objectid":"5297454","globalid":"E779FA50-E81F-41A1-81C2-CE6FEBA41F43","tpstructure":"Full","plantingspaceglobalid":"E779FA50-E81F-41A1-81C2-CE6FEBA41F43","createddate":"2018-04-11 11:11:11.0000000","dbh":"7","planteddate":null,"updateddate":null,"geometry":"POINT(-73.75884312362348 40.59891416121783)","genusspecies":"Morus - mulberry"}},{"type":"Feature","geometry":{"type":"Point","coordinates":[-73.77230375073671,40.68892234418048]},"properties":{"tpcondition":"Good","stumpdiameter":"0","riskratingdate":null,"riskrating":null,"objectid":"5297455","globalid":"8204912F-5F0A-434A-B21A-E85794C355F0","tpstructure":"Retired","plantingspaceglobalid":"8204912F-5F0A-434A-B21A-E85794C355F0","createddate":"2018-04-11 11:11:11.0000000","dbh":"8","planteddate":null,"updateddate":"2025-06-09 16:13:45.0000000","geometry":"POINT(-73.77230375073671 40.68892234418048)","genusspecies":"Morus - mulberry"}},{"type":"Feature","geometry":{"type":"Point","coordinates":[-73.975022009643,40.797854346025005]},"properties":{"tpcondition":"Good","stumpdiameter":"0","riskratingdate":null,"riskrating":null,"objectid":"5297456","globalid":"2F47A0B1-8616-4132-AE92-82084D61A55E","tpstructure":"Full","plantingspaceglobalid":"2F47A0B1-8616-4132-AE92-82084D61A55E","createddate":"2018-04-11 11:11:11.0000000","dbh":"12","planteddate":null,"updateddate":null,"geometry":"POINT(-73.975022009643 40.797854346025005)","genusspecies":"Prunus - Cherry"}},{"type":"Feature","geometry":{"type":"Point","coordinates":[-73.93268116785411,40.842382498865845]},"properties":{"tpcondition":"Good","stumpdiameter":"0","riskratingdate":null,"riskrating":null,"objectid":"5297457","globalid":"1A027825-7EFB-477E-9A40-0779E9EC38B8","tpstructure":"Full","plantingspaceglobalid":"1A027825-7EFB-477E-9A40-0779E9EC38B8","createddate":"2018-04-11 11:11:11.0000000","dbh":"22","planteddate":null,"updateddate":null,"geometry":"POINT(-73.93268116785411 40.842382498865845)","genusspecies":"Liquidambar styraciflua - sweetgum"}},{"type":"Feature","geometry":{"type":"Point","coordinates":[-73.9815123558138,40.78673922432727]},"properties":{"tpcondition":"Good","stumpdiameter":"0","riskratingdate":null,"riskrating":null,"objectid":"5297458","globalid":"93771492-88B7-4058-B37F-83C7C304C98E","tpstructure":"Full","plantingspaceglobalid":"93771492-88B7-4058-B37F-83C7C304C98E","createddate":"2018-04-11 11:11:11.0000000","dbh":"25","planteddate":null,"updateddate":null,"geometry":"POINT(-73.9815123558138 40.78673922432727)","genusspecies":"Platanus x acerifolia - London planetree"}},{"type":"Feature","geometry":{"type":"Point","coordinates":[-73.97846201049,40.792266471907155]},"properties":{"tpcondition":"Unknown","stumpdiameter":"35","riskratingdate":null,"riskrating":null,"objectid":"5297459","globalid":"DBCCC706-610B-4078-9DAA-4BEAE848699F","tpstructure":"Stump","plantingspaceglobalid":"DBCCC706-610B-4078-9DAA-4BEAE848699F","createddate":"2018-04-11 11:11:11.0000000","dbh":"0","planteddate":null,"updateddate":null,"geometry":"POINT(-73.97846201049 40.792266471907155)","genusspecies":"Unknown - Unknown"}},{"type":"Feature","geometry":{"type":"Point","coordinates":[-73.93300398154068,40.602917212659804]},"properties":{"tpcondition":"Good","stumpdiameter":"0","riskratingdate":null,"riskrating":null,"objectid":"5297460","globalid":"80A3949F-21A6-4825-BB26-634CF3A38511","tpstructure":"Full","plantingspaceglobalid":"80A3949F-21A6-4825-BB26-634CF3A38511","createddate":"2018-04-11 11:11:11.0000000","dbh":"44","planteddate":null,"updateddate":null,"geometry":"POINT(-73.93300398154068 40.602917212659804)","genusspecies":"Platanus x acerifolia - London planetree"}},{"type":"Feature","geometry":{"type":"Point","coordinates":[-73.74350685062439,40.66209098093768]},"properties":{"tpcondition":"Good","stumpdiameter":"0","riskratingdate":null,"riskrating":null,"objectid":"5297461","globalid":"EA04EB08-EFC6-441E-A181-BB62C0A01BB2","tpstructure":"Full","plantingspaceglobalid":"EA04EB08-EFC6-441E-A181-BB62C0A01BB2","createddate":"2018-04-11 11:11:11.0000000","dbh":"25","planteddate":null,"updateddate":null,"geometry":"POINT(-73.74350685062439 40.66209098093768)","genusspecies":"Acer saccharinum - silver maple"}},{"type":"Feature","geometry":{"type":"Point","coordinates":[-74.00512309396221,40.6710933950815]},"properties":{"tpcondition":"Good","stumpdiameter":"0","riskratingdate":null,"riskrating":null,"objectid":"5297463","globalid":"2BFBFC76-80EE-4F47-A502-C950A4A3E069","tpstructure":"Full","plantingspaceglobalid":"2BFBFC76-80EE-4F47-A502-C950A4A3E069","createddate":"2018-04-11 11:11:11.0000000","dbh":"12","planteddate":null,"updateddate":null,"geometry":"POINT(-74.00512309396221 40.6710933950815)","genusspecies":"Celtis occidentalis - common hackberry"}},{"type":"Feature","geometry":{"type":"Point","coordinates":[-73.9370975462298,40.60534041237555]},"properties":{"tpcondition":"Dead","stumpdiameter":"0","riskratingdate":null,"riskrating":null,"objectid":"5297464","globalid":"FDF79DE4-2381-44B0-BECE-FBEA00F1780A","tpstructure":"Full","plantingspaceglobalid":"FDF79DE4-2381-44B0-BECE-FBEA00F1780A","createddate":"2018-04-11 11:11:11.0000000","dbh":"2","planteddate":null,"updateddate":null,"geometry":"POINT(-73.9370975462298 40.60534041237555)","genusspecies":"Unknown - Unknown"}},{"type":"Feature","geometry":{"type":"Point","coordinates":[-73.9326543000669,40.84420341518071]},"properties":{"tpcondition":"Good","stumpdiameter":"0","riskratingdate":null,"riskrating":null,"objectid":"5297465","globalid":"DD7CCD11-F55D-46C5-9E13-4E453C388FB2","tpstructure":"Full","plantingspaceglobalid":"DD7CCD11-F55D-46C5-9E13-4E453C388FB2","createddate":"2018-04-11 11:11:11.0000000","dbh":"3","planteddate":null,"updateddate":null,"geometry":"POINT(-73.9326543000669 40.84420341518071)","genusspecies":"Picea pungens - blue spruce"}},{"type":"Feature","geometry":{"type":"Point","coordinates":[-73.7436867794731,40.66018183137864]},"properties":{"tpcondition":"Good","stumpdiameter":"0","riskratingdate":null,"riskrating":null,"objectid":"5297466","globalid":"1570CECC-1191-4C50-8FE2-60A1BE117EA9","tpstructure":"Full","plantingspaceglobalid":"1570CECC-1191-4C50-8FE2-60A1BE117EA9","createddate":"2018-04-11 11:11:11.0000000","dbh":"5","planteddate":null,"updateddate":null,"geometry":"POINT(-73.7436867794731 40.66018183137864)","genusspecies":"Gleditsia triacanthos var. inermis - Thornless honeylocust"}},{"type":"Feature","geometry":{"type":"Point","coordinates":[-73.83911038146854,40.68145952900674]},"properties":{"tpcondition":"Excellent","stumpdiameter":"0","riskratingdate":null,"riskrating":null,"objectid":"5297467","globalid":"471A86CF-ED85-488B-8267-B3E07B2F194B","tpstructure":"Retired","plantingspaceglobalid":"471A86CF-ED85-488B-8267-B3E07B2F194B","createddate":"2018-04-11 11:11:11.0000000","dbh":"18","planteddate":null,"updateddate":"2019-07-10 15:38:18.0000000","geometry":"POINT(-73.83911038146854 40.68145952900674)","genusspecies":"Tilia cordata - littleleaf linden"}},{"type":"Feature","geometry":{"type":"Point","coordinates":[-73.77218340843712,40.68537193827618]},"properties":{"tpcondition":"Dead","stumpdiameter":null,"riskratingdate":"2025-08-08 14:02:57.0000000","riskrating":"7","objectid":"5297468","globalid":"20C0E298-B64F-495C-B731-827650090CD5","tpstructure":"Full","plantingspaceglobalid":"20C0E298-B64F-495C-B731-827650090CD5","createddate":"2018-04-11 11:11:11.0000000","dbh":"6","planteddate":null,"updateddate":"2025-08-08 14:02:57.0000000","geometry":"POINT(-73.77218340843712 40.68537193827618)","genusspecies":"Ginkgo biloba - maidenhair tree"}},{"type":"Feature","geometry":{"type":"Point","coordinates":[-73.94404824324496,40.80358440869103]},"properties":{"tpcondition":"Good","stumpdiameter":"0","riskratingdate":null,"riskrating":null,"objectid":"5297470","globalid":"4AF8D90D-0EB3-4312-B1B6-FD17939D4415","tpstructure":"Full","plantingspaceglobalid":"4AF8D90D-0EB3-4312-B1B6-FD17939D4415","createddate":"2018-04-11 11:11:00.0000000","dbh":"22","planteddate":null,"updateddate":"2020-02-05 18:43:00.0000000","geometry":"POINT(-73.94404824324496 40.80358440869103)","genusspecies":"Quercus cerris - European turkey oak"}},{"type":"Feature","geometry":{"type":"Point","coordinates":[-73.95920607129558,40.80221829241872]},"properties":{"tpcondition":"Good","stumpdiameter":"0","riskratingdate":null,"riskrating":null,"objectid":"5297471","globalid":"3ACB7B39-799C-4325-81CD-E7E12396A884","tpstructure":"Full","plantingspaceglobalid":"3ACB7B39-799C-4325-81CD-E7E12396A884","createddate":"2018-04-11 11:11:11.0000000","dbh":"13","planteddate":null,"updateddate":null,"geometry":"POINT(-73.95920607129558 40.80221829241872)","genusspecies":"Quercus rubra - northern red oak"}},{"type":"Feature","geometry":{"type":"Point","coordinates":[-73.99103679791195,40.585864301173466]},"properties":{"tpcondition":"Good","stumpdiameter":"0","riskratingdate":null,"riskrating":null,"objectid":"5297472","globalid":"7A290367-E2DF-4931-AB9D-4D30FB764AD2","tpstructure":"Full","plantingspaceglobalid":"7A290367-E2DF-4931-AB9D-4D30FB764AD2","createddate":"2018-04-11 11:11:11.0000000","dbh":"6","planteddate":null,"updateddate":null,"geometry":"POINT(-73.99103679791195 40.585864301173466)","genusspecies":"Ailanthus altissima - tree of heaven"}},{"type":"Feature","geometry":{"type":"Point","coordinates":[-73.77135692349204,40.685246645531564]},"properties":{"tpcondition":"Dead","stumpdiameter":"17","riskratingdate":null,"riskrating":null,"objectid":"5297473","globalid":"2ACA302C-BF67-4FA6-989A-2038D183B304","tpstructure":"Stump","plantingspaceglobalid":"2ACA302C-BF67-4FA6-989A-2038D183B304","createddate":"2018-04-11 11:11:11.0000000","dbh":null,"planteddate":null,"updateddate":"2025-05-22 15:18:16.0000000","geometry":"POINT(-73.77135692349204 40.685246645531564)","genusspecies":"Unknown - Unknown"}},{"type":"Feature","geometry":{"type":"Point","coordinates":[-74.0045361094539,40.670877154803385]},"properties":{"tpcondition":"Good","stumpdiameter":"0","riskratingdate":null,"riskrating":null,"objectid":"5297474","globalid":"02530DC8-420E-45DC-B1B3-639F95DD0424","tpstructure":"Full","plantingspaceglobalid":"02530DC8-420E-45DC-B1B3-639F95DD0424","createddate":"2018-04-11 11:11:11.0000000","dbh":"12","planteddate":null,"updateddate":null,"geometry":"POINT(-74.0045361094539 40.670877154803385)","genusspecies":"Quercus palustris - pin oak"}},{"type":"Feature","geometry":{"type":"Point","coordinates":[-73.94462248435663,40.773664528901286]},"properties":{"tpcondition":"Good","stumpdiameter":"0","riskratingdate":null,"riskrating":null,"objectid":"5297475","globalid":"E91CAC4F-3C74-459D-A7F0-4DC89E6FB8AF","tpstructure":"Full","plantingspaceglobalid":"E91CAC4F-3C74-459D-A7F0-4DC89E6FB8AF","createddate":"2018-04-11 11:11:11.0000000","dbh":"8","planteddate":null,"updateddate":null,"geometry":"POINT(-73.94462248435663 40.773664528901286)","genusspecies":"Crataegus - Hawthorn"}},{"type":"Feature","geometry":{"type":"Point","coordinates":[-73.96923244094461,40.80489712025381]},"properties":{"tpcondition":"Good","stumpdiameter":"0","riskratingdate":null,"riskrating":null,"objectid":"5297476","globalid":"85FAC753-9996-4129-BCFF-62D150A3D676","tpstructure":"Full","plantingspaceglobalid":"85FAC753-9996-4129-BCFF-62D150A3D676","createddate":"2018-04-11 11:11:11.0000000","dbh":"37","planteddate":null,"updateddate":null,"geometry":"POINT(-73.96923244094461 40.80489712025381)","genusspecies":"Liriodendron tulipifera - tuliptree"}},{"type":"Feature","geometry":{"type":"Point","coordinates":[-73.76898631042143,40.68615581700647]},"properties":{"tpcondition":"Good","stumpdiameter":null,"riskratingdate":"2025-05-23 14:56:58.0000000","riskrating":"6","objectid":"5297477","globalid":"AE83FD51-068F-4AAF-8322-B8757DDE8990","tpstructure":"Full","plantingspaceglobalid":"AE83FD51-068F-4AAF-8322-B8757DDE8990","createddate":"2018-04-11 11:11:11.0000000","dbh":"14","planteddate":null,"updateddate":"2025-05-23 14:56:58.0000000","geometry":"POINT(-73.76898631042143 40.68615581700647)","genusspecies":"Prunus - Cherry"}},{"type":"Feature","geometry":{"type":"Point","coordinates":[-73.99178602281731,40.5847877552088]},"properties":{"tpcondition":"Good","stumpdiameter":"0","riskratingdate":null,"riskrating":null,"objectid":"5297478","globalid":"8DD90D9D-7264-4A3E-80A9-CA437D26B881","tpstructure":"Full","plantingspaceglobalid":"8DD90D9D-7264-4A3E-80A9-CA437D26B881","createddate":"2018-04-11 11:11:11.0000000","dbh":"6","planteddate":null,"updateddate":null,"geometry":"POINT(-73.99178602281731 40.5847877552088)","genusspecies":"Gleditsia triacanthos var. inermis - Thornless honeylocust"}},{"type":"Feature","geometry":{"type":"Point","coordinates":[-74.01033898617534,40.67302246589914]},"properties":{"tpcondition":"Fair","stumpdiameter":"0","riskratingdate":null,"riskrating":null,"objectid":"5297480","globalid":"6A32D8D4-E961-486C-B3E8-FDDD03190751","tpstructure":"Full","plantingspaceglobalid":"6A32D8D4-E961-486C-B3E8-FDDD03190751","createddate":"2018-04-11 11:11:11.0000000","dbh":"31","planteddate":null,"updateddate":null,"geometry":"POINT(-74.01033898617534 40.67302246589914)","genusspecies":"Platanus x acerifolia - London planetree"}},{"type":"Feature","geometry":{"type":"Point","coordinates":[-73.94520606504564,40.8048368450695]},"properties":{"tpcondition":"Fair","stumpdiameter":"0","riskratingdate":null,"riskrating":null,"objectid":"5297481","globalid":"15775E29-89D3-431A-9CBA-0968A19C2D7C","tpstructure":"Full","plantingspaceglobalid":"15775E29-89D3-431A-9CBA-0968A19C2D7C","createddate":"2018-04-11 11:11:11.0000000","dbh":"13","planteddate":null,"updateddate":null,"geometry":"POINT(-73.94520606504564 40.8048368450695)","genusspecies":"Platanus x acerifolia - London planetree"}},{"type":"Feature","geometry":{"type":"Point","coordinates":[-73.98481975893736,40.78262752473832]},"properties":{"tpcondition":"Good","stumpdiameter":"0","riskratingdate":null,"riskrating":null,"objectid":"5297482","globalid":"0CD2E605-8557-40E9-8C4A-1F5F3CA16512","tpstructure":"Full","plantingspaceglobalid":"0CD2E605-8557-40E9-8C4A-1F5F3CA16512","createddate":"2018-04-11 11:11:11.0000000","dbh":"25","planteddate":null,"updateddate":null,"geometry":"POINT(-73.98481975893736 40.78262752473832)","genusspecies":"Platanus x acerifolia - London planetree"}},{"type":"Feature","geometry":{"type":"Point","coordinates":[-73.9216686933819,40.59021081012204]},"properties":{"tpcondition":"Good","stumpdiameter":"0","riskratingdate":null,"riskrating":null,"objectid":"5297483","globalid":"09C4D3BF-8FA0-4B42-AAC5-FFE6448245B3","tpstructure":"Full","plantingspaceglobalid":"09C4D3BF-8FA0-4B42-AAC5-FFE6448245B3","createddate":"2018-04-11 11:11:11.0000000","dbh":"33","planteddate":null,"updateddate":null,"geometry":"POINT(-73.9216686933819 40.59021081012204)","genusspecies":"Prunus serotina - black cherry"}},{"type":"Feature","geometry":{"type":"Point","coordinates":[-74.02092708630903,40.60723642006875]},"properties":{"tpcondition":"Good","stumpdiameter":"0","riskratingdate":null,"riskrating":null,"objectid":"5297484","globalid":"F227B6DC-FBA6-4D2C-8043-BA278E449A39","tpstructure":"Full","plantingspaceglobalid":"F227B6DC-FBA6-4D2C-8043-BA278E449A39","createddate":"2018-04-11 11:11:11.0000000","dbh":"25","planteddate":null,"updateddate":"2019-02-21 14:29:02.0000000","geometry":"POINT(-74.02092708630903 40.60723642006875)","genusspecies":"Quercus palustris - pin oak"}},{"type":"Feature","geometry":{"type":"Point","coordinates":[-73.77131748256407,40.72895223013029]},"properties":{"tpcondition":"Good","stumpdiameter":"0","riskratingdate":null,"riskrating":null,"objectid":"5297485","globalid":"6974E31D-9FDE-430F-8613-C8389D97868F","tpstructure":"Full","plantingspaceglobalid":"6974E31D-9FDE-430F-8613-C8389D97868F","createddate":"2018-04-11 11:11:11.0000000","dbh":"4","planteddate":null,"updateddate":null,"geometry":"POINT(-73.77131748256407 40.72895223013029)","genusspecies":"Liquidambar styraciflua - sweetgum"}},{"type":"Feature","geometry":{"type":"Point","coordinates":[-73.93937027882137,40.832589080131214]},"properties":{"tpcondition":"Fair","stumpdiameter":null,"riskratingdate":"2025-01-14 13:53:59.0000000","riskrating":"6","objectid":"5297486","globalid":"7D6E1FBB-3C76-48C4-856D-64850543D53C","tpstructure":"Full","plantingspaceglobalid":"7D6E1FBB-3C76-48C4-856D-64850543D53C","createddate":"2018-04-11 11:11:11.0000000","dbh":"25","planteddate":null,"updateddate":"2025-01-14 13:53:59.0000000","geometry":"POINT(-73.93937027882137 40.832589080131214)","genusspecies":"Ulmus pumila - Siberian elm"}},{"type":"Feature","geometry":{"type":"Point","coordinates":[-73.89381772260029,40.627960925336836]},"properties":{"tpcondition":"Good","stumpdiameter":"0","riskratingdate":null,"riskrating":null,"objectid":"5297487","globalid":"87BF7C2A-969A-49B9-9D2F-4F50D4F31F20","tpstructure":"Full","plantingspaceglobalid":"87BF7C2A-969A-49B9-9D2F-4F50D4F31F20","createddate":"2018-04-11 11:11:11.0000000","dbh":"4","planteddate":null,"updateddate":null,"geometry":"POINT(-73.89381772260029 40.627960925336836)","genusspecies":"Liquidambar styraciflua - sweetgum"}},{"type":"Feature","geometry":{"type":"Point","coordinates":[-73.93811416772425,40.607182505906216]},"properties":{"tpcondition":"Fair","stumpdiameter":null,"riskratingdate":"2025-08-28 14:41:38.0000000","riskrating":"3","objectid":"5297488","globalid":"62B175A6-E708-4E99-B493-65B4BBCBC2F0","tpstructure":"Full","plantingspaceglobalid":"62B175A6-E708-4E99-B493-65B4BBCBC2F0","createddate":"2018-04-11 11:11:11.0000000","dbh":"5","planteddate":null,"updateddate":"2025-08-28 14:41:38.0000000","geometry":"POINT(-73.93811416772425 40.607182505906216)","genusspecies":"Quercus palustris - pin oak"}},{"type":"Feature","geometry":{"type":"Point","coordinates":[-73.96903611639978,40.80561796108412]},"properties":{"tpcondition":"Good","stumpdiameter":"0","riskratingdate":null,"riskrating":null,"objectid":"5297489","globalid":"CF72D1CD-0C10-4E67-B699-E9B883FA36F5","tpstructure":"Full","plantingspaceglobalid":"CF72D1CD-0C10-4E67-B699-E9B883FA36F5","createddate":"2018-04-11 11:11:11.0000000","dbh":"14","planteddate":null,"updateddate":null,"geometry":"POINT(-73.96903611639978 40.80561796108412)","genusspecies":"Prunus serotina - black cherry"}},{"type":"Feature","geometry":{"type":"Point","coordinates":[-73.95810906300406,40.80725362512806]},"properties":{"tpcondition":"Good","stumpdiameter":"0","riskratingdate":null,"riskrating":null,"objectid":"5297490","globalid":"4F84328C-D4BB-45F1-AF4E-2202CA61EE61","tpstructure":"Full","plantingspaceglobalid":"4F84328C-D4BB-45F1-AF4E-2202CA61EE61","createddate":"2018-04-11 11:11:11.0000000","dbh":"37","planteddate":null,"updateddate":null,"geometry":"POINT(-73.95810906300406 40.80725362512806)","genusspecies":"Quercus rubra - northern red oak"}},{"type":"Feature","geometry":{"type":"Point","coordinates":[-73.7716999177365,40.73793127135843]},"properties":{"tpcondition":"Good","stumpdiameter":"0","riskratingdate":null,"riskrating":null,"objectid":"5297491","globalid":"61017673-3E43-46C5-89A6-FF0B3B24870C","tpstructure":"Full","plantingspaceglobalid":"61017673-3E43-46C5-89A6-FF0B3B24870C","createddate":"2018-04-11 11:11:11.0000000","dbh":"6","planteddate":null,"updateddate":null,"geometry":"POINT(-73.7716999177365 40.73793127135843)","genusspecies":"Pinus - pine"}},{"type":"Feature","geometry":{"type":"Point","coordinates":[-73.92566879920241,40.851268685552746]},"properties":{"tpcondition":"Good","stumpdiameter":"0","riskratingdate":null,"riskrating":null,"objectid":"5297492","globalid":"9179E2C9-AD4B-4FAA-97A6-C9010FDFD0CD","tpstructure":"Full","plantingspaceglobalid":"9179E2C9-AD4B-4FAA-97A6-C9010FDFD0CD","createddate":"2018-04-11 11:11:11.0000000","dbh":"14","planteddate":null,"updateddate":null,"geometry":"POINT(-73.92566879920241 40.851268685552746)","genusspecies":"Prunus - Cherry"}},{"type":"Feature","geometry":{"type":"Point","coordinates":[-73.99425014117062,40.578750844728184]},"properties":{"tpcondition":"Good","stumpdiameter":"0","riskratingdate":null,"riskrating":null,"objectid":"5297493","globalid":"8B5A5464-ACAB-4A34-91B3-80E44E38BD2F","tpstructure":"Full","plantingspaceglobalid":"8B5A5464-ACAB-4A34-91B3-80E44E38BD2F","createddate":"2018-04-11 11:11:11.0000000","dbh":"2","planteddate":null,"updateddate":null,"geometry":"POINT(-73.99425014117062 40.578750844728184)","genusspecies":"Juniperus virginiana - eastern redcedar"}},{"type":"Feature","geometry":{"type":"Point","coordinates":[-73.9334417225807,40.83810901178827]},"properties":{"tpcondition":"Good","stumpdiameter":"0","riskratingdate":null,"riskrating":null,"objectid":"5297494","globalid":"A88C8F9D-8571-4685-A46C-BB1C797A7AA0","tpstructure":"Full","plantingspaceglobalid":"A88C8F9D-8571-4685-A46C-BB1C797A7AA0","createddate":"2018-04-11 11:11:11.0000000","dbh":"6","planteddate":null,"updateddate":null,"geometry":"POINT(-73.9334417225807 40.83810901178827)","genusspecies":"Quercus imbricaria - shingle oak"}},{"type":"Feature","geometry":{"type":"Point","coordinates":[-73.95881270111202,40.80356388768882]},"properties":{"tpcondition":"Good","stumpdiameter":"0","riskratingdate":null,"riskrating":null,"objectid":"5297495","globalid":"51222D0C-0A5E-471F-AE5D-7FBEC152BAC8","tpstructure":"Full","plantingspaceglobalid":"51222D0C-0A5E-471F-AE5D-7FBEC152BAC8","createddate":"2018-04-11 11:11:11.0000000","dbh":"6","planteddate":null,"updateddate":null,"geometry":"POINT(-73.95881270111202 40.80356388768882)","genusspecies":"Quercus bicolor - swamp white oak"}},{"type":"Feature","geometry":{"type":"Point","coordinates":[-73.93342399857075,40.60616097755814]},"properties":{"tpcondition":"Good","stumpdiameter":"0","riskratingdate":"2020-01-29 17:38:04.0000000","riskrating":"3","objectid":"5297496","globalid":"4EE5C6E4-2BF5-4E72-BC08-B746B9328262","tpstructure":"Full","plantingspaceglobalid":"4EE5C6E4-2BF5-4E72-BC08-B746B9328262","createddate":"2018-04-11 11:11:11.0000000","dbh":"3","planteddate":null,"updateddate":"2020-01-29 17:38:04.0000000","geometry":"POINT(-73.93342399857075 40.60616097755814)","genusspecies":"Tilia cordata - littleleaf linden"}},{"type":"Feature","geometry":{"type":"Point","coordinates":[-73.89225519868364,40.63029830257173]},"properties":{"tpcondition":"Fair","stumpdiameter":null,"riskratingdate":"2025-05-21 14:49:20.0000000","riskrating":"3","objectid":"5297497","globalid":"172C4225-62A9-4F79-B58B-08A6A7EF2526","tpstructure":"Full","plantingspaceglobalid":"172C4225-62A9-4F79-B58B-08A6A7EF2526","createddate":"2018-04-11 11:11:11.0000000","dbh":"28","planteddate":null,"updateddate":"2025-05-21 14:49:20.0000000","geometry":"POINT(-73.89225519868364 40.63029830257173)","genusspecies":"Platanus x acerifolia - London planetree"}},{"type":"Feature","geometry":{"type":"Point","coordinates":[-73.99268919330444,40.58677280493302]},"properties":{"tpcondition":"Good","stumpdiameter":"0","riskratingdate":null,"riskrating":null,"objectid":"5297498","globalid":"F218A8D3-77EC-4789-B90F-E8A7A699CB34","tpstructure":"Full","plantingspaceglobalid":"F218A8D3-77EC-4789-B90F-E8A7A699CB34","createddate":"2018-04-11 11:11:11.0000000","dbh":"6","planteddate":null,"updateddate":null,"geometry":"POINT(-73.99268919330444 40.58677280493302)","genusspecies":"Betula nigra - river birch"}},{"type":"Feature","geometry":{"type":"Point","coordinates":[-73.95996921768149,40.80160931704059]},"properties":{"tpcondition":"Good","stumpdiameter":"0","riskratingdate":null,"riskrating":null,"objectid":"5297499","globalid":"A5A379BC-27A9-46D3-B61A-FE378724E5A2","tpstructure":"Full","plantingspaceglobalid":"A5A379BC-27A9-46D3-B61A-FE378724E5A2","createddate":"2018-04-11 11:11:11.0000000","dbh":"18","planteddate":null,"updateddate":null,"geometry":"POINT(-73.95996921768149 40.80160931704059)","genusspecies":"Robinia pseudoacacia - black locust"}},{"type":"Feature","geometry":{"type":"Point","coordinates":[-73.98163459811023,40.7894599395804]},"properties":{"tpcondition":"Good","stumpdiameter":"0","riskratingdate":null,"riskrating":null,"objectid":"5297500","globalid":"8009F2DA-D7D5-4F84-923F-20EDAD90E200","tpstructure":"Full","plantingspaceglobalid":"8009F2DA-D7D5-4F84-923F-20EDAD90E200","createddate":"2018-04-11 11:11:11.0000000","dbh":"19","planteddate":null,"updateddate":null,"geometry":"POINT(-73.98163459811023 40.7894599395804)","genusspecies":"Prunus serotina - black cherry"}},{"type":"Feature","geometry":{"type":"Point","coordinates":[-73.76537972709683,40.73941987632821]},"properties":{"tpcondition":"Fair","stumpdiameter":"0","riskratingdate":"2019-11-01 17:51:51.0000000","riskrating":"7","objectid":"5297501","globalid":"8C12AC49-BC15-4819-B881-81C1150C3583","tpstructure":"Full","plantingspaceglobalid":"8C12AC49-BC15-4819-B881-81C1150C3583","createddate":"2018-04-11 11:11:11.0000000","dbh":"29","planteddate":null,"updateddate":"2019-11-01 17:51:51.0000000","geometry":"POINT(-73.76537972709683 40.73941987632821)","genusspecies":"Quercus palustris - pin oak"}},{"type":"Feature","geometry":{"type":"Point","coordinates":[-73.74383689408572,40.66119293859042]},"properties":{"tpcondition":"Good","stumpdiameter":"0","riskratingdate":null,"riskrating":null,"objectid":"5297502","globalid":"FDD1725B-E851-4F37-80E3-50562170D508","tpstructure":"Full","plantingspaceglobalid":"FDD1725B-E851-4F37-80E3-50562170D508","createddate":"2018-04-11 11:11:11.0000000","dbh":"30","planteddate":null,"updateddate":null,"geometry":"POINT(-73.74383689408572 40.66119293859042)","genusspecies":"Quercus palustris - pin oak"}},{"type":"Feature","geometry":{"type":"Point","coordinates":[-73.9326453567808,40.84515478503411]},"properties":{"tpcondition":"Good","stumpdiameter":"0","riskratingdate":null,"riskrating":null,"objectid":"5297503","globalid":"A49F18AD-7681-434C-B389-4C3C372D63F3","tpstructure":"Full","plantingspaceglobalid":"A49F18AD-7681-434C-B389-4C3C372D63F3","createddate":"2018-04-11 11:11:11.0000000","dbh":"11","planteddate":null,"updateddate":null,"geometry":"POINT(-73.9326453567808 40.84515478503411)","genusspecies":"Quercus palustris - pin oak"}},{"type":"Feature","geometry":{"type":"Point","coordinates":[-73.9335555760792,40.673847407944976]},"properties":{"tpcondition":"Fair","stumpdiameter":null,"riskratingdate":"2024-10-03 13:12:57.0000000","riskrating":"9","objectid":"5297504","globalid":"0E2A8FC8-642D-4A4B-8752-8379910008B0","tpstructure":"Full","plantingspaceglobalid":"0E2A8FC8-642D-4A4B-8752-8379910008B0","createddate":"2018-04-11 11:11:11.0000000","dbh":"28","planteddate":null,"updateddate":"2024-10-03 13:12:57.0000000","geometry":"POINT(-73.9335555760792 40.673847407944976)","genusspecies":"Quercus palustris - pin oak"}},{"type":"Feature","geometry":{"type":"Point","coordinates":[-73.93598667906807,40.6092398741275]},"properties":{"tpcondition":"Good","stumpdiameter":"0","riskratingdate":null,"riskrating":null,"objectid":"5297505","globalid":"F8539C76-4943-4CC8-8AF1-1E6439A3638C","tpstructure":"Full","plantingspaceglobalid":"F8539C76-4943-4CC8-8AF1-1E6439A3638C","createddate":"2018-04-11 11:11:11.0000000","dbh":"3","planteddate":null,"updateddate":null,"geometry":"POINT(-73.93598667906807 40.6092398741275)","genusspecies":"Syringa pekinensis - Peking tree lilac"}},{"type":"Feature","geometry":{"type":"Point","coordinates":[-73.92850150585562,40.817679876494]},"properties":{"tpcondition":"Fair","stumpdiameter":"0","riskratingdate":null,"riskrating":null,"objectid":"5297506","globalid":"D2162E0C-BF23-4862-895E-496314FB3DFD","tpstructure":"Full","plantingspaceglobalid":"D2162E0C-BF23-4862-895E-496314FB3DFD","createddate":"2018-04-11 11:11:11.0000000","dbh":"6","planteddate":null,"updateddate":null,"geometry":"POINT(-73.92850150585562 40.817679876494)","genusspecies":"Quercus rubra - northern red oak"}},{"type":"Feature","geometry":{"type":"Point","coordinates":[-73.74112477532658,40.664742683894076]},"properties":{"tpcondition":"Good","stumpdiameter":"0","riskratingdate":null,"riskrating":null,"objectid":"5297507","globalid":"CDEA9388-A3F4-48F5-9A59-4E80CD53BFD5","tpstructure":"Full","plantingspaceglobalid":"CDEA9388-A3F4-48F5-9A59-4E80CD53BFD5","createddate":"2018-04-11 11:11:11.0000000","dbh":"15","planteddate":null,"updateddate":null,"geometry":"POINT(-73.74112477532658 40.664742683894076)","genusspecies":"Tilia cordata - littleleaf linden"}},{"type":"Feature","geometry":{"type":"Point","coordinates":[-74.04082673980737,40.61787281634906]},"properties":{"tpcondition":"Good","stumpdiameter":"0","riskratingdate":null,"riskrating":null,"objectid":"5297508","globalid":"675F9E64-6A6B-4569-A731-EA6BFDD5AB50","tpstructure":"Full","plantingspaceglobalid":"675F9E64-6A6B-4569-A731-EA6BFDD5AB50","createddate":"2018-04-11 11:11:11.0000000","dbh":"4","planteddate":null,"updateddate":null,"geometry":"POINT(-74.04082673980737 40.61787281634906)","genusspecies":"Celtis occidentalis - common hackberry"}},{"type":"Feature","geometry":{"type":"Point","coordinates":[-73.8596539608356,40.74103005911888]},"properties":{"tpcondition":"Good","stumpdiameter":"0","riskratingdate":null,"riskrating":null,"objectid":"5297509","globalid":"84DEC4E4-3A32-4D49-AD8C-25335575F13D","tpstructure":"Full","plantingspaceglobalid":"84DEC4E4-3A32-4D49-AD8C-25335575F13D","createddate":"2018-04-11 11:11:11.0000000","dbh":"14","planteddate":null,"updateddate":"2018-11-26 17:36:51.0000000","geometry":"POINT(-73.8596539608356 40.74103005911888)","genusspecies":"Pinus - pine"}},{"type":"Feature","geometry":{"type":"Point","coordinates":[-73.83535434993289,40.8522499845297]},"properties":{"tpcondition":"Good","stumpdiameter":"0","riskratingdate":null,"riskrating":null,"objectid":"5297510","globalid":"024AC618-A40A-4C20-BE75-474EC9FAF9C6","tpstructure":"Retired","plantingspaceglobalid":"024AC618-A40A-4C20-BE75-474EC9FAF9C6","createddate":"2018-04-11 11:11:11.0000000","dbh":"16","planteddate":null,"updateddate":"2025-02-05 15:10:41.0000000","geometry":"POINT(-73.83535434993289 40.8522499845297)","genusspecies":"Acer - maple"}},{"type":"Feature","geometry":{"type":"Point","coordinates":[-73.93438639882157,40.86421194784388]},"properties":{"tpcondition":"Good","stumpdiameter":"0","riskratingdate":null,"riskrating":null,"objectid":"5297511","globalid":"7260204A-252E-4F27-9A18-A48C5409CDB7","tpstructure":"Full","plantingspaceglobalid":"7260204A-252E-4F27-9A18-A48C5409CDB7","createddate":"2018-04-11 11:11:11.0000000","dbh":"19","planteddate":null,"updateddate":null,"geometry":"POINT(-73.93438639882157 40.86421194784388)","genusspecies":"Populus deltoides - eastern cottonwood"}},{"type":"Feature","geometry":{"type":"Point","coordinates":[-73.96153215903583,40.720697884260545]},"properties":{"tpcondition":"Good","stumpdiameter":"0","riskratingdate":null,"riskrating":null,"objectid":"5297512","globalid":"97D56189-6481-4A84-AE0F-0B8783223188","tpstructure":"Full","plantingspaceglobalid":"97D56189-6481-4A84-AE0F-0B8783223188","createddate":"2018-04-11 11:11:11.0000000","dbh":"9","planteddate":null,"updateddate":null,"geometry":"POINT(-73.96153215903583 40.720697884260545)","genusspecies":"Juniperus chinensis - Chinese juniper"}},{"type":"Feature","geometry":{"type":"Point","coordinates":[-73.994210741183,40.76882254051191]},"properties":{"tpcondition":"Good","stumpdiameter":"0","riskratingdate":null,"riskrating":null,"objectid":"5297513","globalid":"C55E08CD-8AC5-418A-84AF-823ECCB0FD68","tpstructure":"Full","plantingspaceglobalid":"C55E08CD-8AC5-418A-84AF-823ECCB0FD68","createddate":"2018-04-11 11:11:11.0000000","dbh":"6","planteddate":null,"updateddate":"2019-03-26 13:46:22.0000000","geometry":"POINT(-73.994210741183 40.76882254051191)","genusspecies":"Malus - apple"}},{"type":"Feature","geometry":{"type":"Point","coordinates":[-73.97811146009285,40.6971795869217]},"properties":{"tpcondition":"Excellent","stumpdiameter":"0","riskratingdate":null,"riskrating":null,"objectid":"5297514","globalid":"A90AFD41-7075-4B5E-B571-A3A5731464E2","tpstructure":"Full","plantingspaceglobalid":"A90AFD41-7075-4B5E-B571-A3A5731464E2","createddate":"2018-04-11 11:11:11.0000000","dbh":"10","planteddate":null,"updateddate":null,"geometry":"POINT(-73.97811146009285 40.6971795869217)","genusspecies":"Liquidambar styraciflua - sweetgum"}},{"type":"Feature","geometry":{"type":"Point","coordinates":[-73.97177873618739,40.80210535312795]},"properties":{"tpcondition":"Good","stumpdiameter":null,"riskratingdate":"2025-09-17 17:23:11.0000000","riskrating":"8","objectid":"5297515","globalid":"EBD868E4-98DE-4E7F-B183-E0AA6D9F457C","tpstructure":"Full","plantingspaceglobalid":"EBD868E4-98DE-4E7F-B183-E0AA6D9F457C","createddate":"2018-04-11 11:11:11.0000000","dbh":"31","planteddate":null,"updateddate":"2025-09-17 17:23:11.0000000","geometry":"POINT(-73.97177873618739 40.80210535312795)","genusspecies":"Platanus x acerifolia - London planetree"}},{"type":"Feature","geometry":{"type":"Point","coordinates":[-73.93033323326608,40.86303222828253]},"properties":{"tpcondition":"Good","stumpdiameter":"0","riskratingdate":null,"riskrating":null,"objectid":"5297516","globalid":"E776D9CE-82E1-410E-BEC6-6933B5075351","tpstructure":"Full","plantingspaceglobalid":"E776D9CE-82E1-410E-BEC6-6933B5075351","createddate":"2018-04-11 11:11:11.0000000","dbh":"25","planteddate":null,"updateddate":null,"geometry":"POINT(-73.93033323326608 40.86303222828253)","genusspecies":"Liquidambar styraciflua - sweetgum"}},{"type":"Feature","geometry":{"type":"Point","coordinates":[-73.93585125618769,40.67523690748031]},"properties":{"tpcondition":"Poor","stumpdiameter":"0","riskratingdate":null,"riskrating":null,"objectid":"5297517","globalid":"3D10278C-5729-4078-9FC1-00808C9E3596","tpstructure":"Retired","plantingspaceglobalid":"3D10278C-5729-4078-9FC1-00808C9E3596","createddate":"2018-04-11 11:11:11.0000000","dbh":"34","planteddate":null,"updateddate":"2021-04-28 16:34:59.0000000","geometry":"POINT(-73.93585125618769 40.67523690748031)","genusspecies":"Quercus palustris - pin oak"}},{"type":"Feature","geometry":{"type":"Point","coordinates":[-73.92796964538267,40.66756804923131]},"properties":{"tpcondition":"Good","stumpdiameter":"0","riskratingdate":null,"riskrating":null,"objectid":"5297518","globalid":"3BB6215E-ED57-4D1A-A4CF-469D3737955D","tpstructure":"Full","plantingspaceglobalid":"3BB6215E-ED57-4D1A-A4CF-469D3737955D","createddate":"2018-04-11 11:11:11.0000000","dbh":"20","planteddate":null,"updateddate":null,"geometry":"POINT(-73.92796964538267 40.66756804923131)","genusspecies":"Platanus x acerifolia - London planetree"}},{"type":"Feature","geometry":{"type":"Point","coordinates":[-73.92716746747737,40.85263871360533]},"properties":{"tpcondition":"Fair","stumpdiameter":"0","riskratingdate":null,"riskrating":null,"objectid":"5297519","globalid":"57AAA2E0-34C6-4E6A-A598-21D68A694FBD","tpstructure":"Full","plantingspaceglobalid":"57AAA2E0-34C6-4E6A-A598-21D68A694FBD","createddate":"2018-04-11 11:11:11.0000000","dbh":"3","planteddate":null,"updateddate":"2019-04-04 16:43:50.0000000","geometry":"POINT(-73.92716746747737 40.85263871360533)","genusspecies":"Cercis canadensis - eastern redbud"}},{"type":"Feature","geometry":{"type":"Point","coordinates":[-73.93608381644746,40.83731619722494]},"properties":{"tpcondition":"Good","stumpdiameter":"0","riskratingdate":null,"riskrating":null,"objectid":"5297520","globalid":"3A55E2F7-2BD4-4C0D-A689-45FEA4C6FB90","tpstructure":"Full","plantingspaceglobalid":"3A55E2F7-2BD4-4C0D-A689-45FEA4C6FB90","createddate":"2018-04-11 11:11:11.0000000","dbh":"19","planteddate":null,"updateddate":null,"geometry":"POINT(-73.93608381644746 40.83731619722494)","genusspecies":"Quercus coccinea - scarlet oak"}},{"type":"Feature","geometry":{"type":"Point","coordinates":[-73.97651249434982,40.57466313296689]},"properties":{"tpcondition":"Good","stumpdiameter":"0","riskratingdate":null,"riskrating":null,"objectid":"5297521","globalid":"4472DF23-1983-42F3-992B-6A0A4DE39498","tpstructure":"Full","plantingspaceglobalid":"4472DF23-1983-42F3-992B-6A0A4DE39498","createddate":"2018-04-11 11:11:11.0000000","dbh":"18","planteddate":null,"updateddate":null,"geometry":"POINT(-73.97651249434982 40.57466313296689)","genusspecies":"Styphnolobium japonicum - Japanese pagoda tree"}},{"type":"Feature","geometry":{"type":"Point","coordinates":[-73.96992864659133,40.80559926790566]},"properties":{"tpcondition":"Good","stumpdiameter":"0","riskratingdate":null,"riskrating":null,"objectid":"5297522","globalid":"E7AA6562-3E1F-4A33-B63B-E183DA6B9161","tpstructure":"Full","plantingspaceglobalid":"E7AA6562-3E1F-4A33-B63B-E183DA6B9161","createddate":"2018-04-11 11:11:11.0000000","dbh":"20","planteddate":null,"updateddate":null,"geometry":"POINT(-73.96992864659133 40.80559926790566)","genusspecies":"Morus - mulberry"}},{"type":"Feature","geometry":{"type":"Point","coordinates":[-73.9687447958445,40.80630902011098]},"properties":{"tpcondition":"Poor","stumpdiameter":"0","riskratingdate":null,"riskrating":null,"objectid":"5297523","globalid":"4C9CB638-2616-43AD-AF58-9A2E7ABEC54B","tpstructure":"Full","plantingspaceglobalid":"4C9CB638-2616-43AD-AF58-9A2E7ABEC54B","createddate":"2018-04-11 11:11:11.0000000","dbh":"4","planteddate":null,"updateddate":null,"geometry":"POINT(-73.9687447958445 40.80630902011098)","genusspecies":"Crataegus crus-galli var. inermis - Cockspur hawthorn"}},{"type":"Feature","geometry":{"type":"Point","coordinates":[-73.92260582523855,40.85798881600928]},"properties":{"tpcondition":"Good","stumpdiameter":"0","riskratingdate":null,"riskrating":null,"objectid":"5297524","globalid":"9E36386B-C69F-4E08-90EB-011F1532262A","tpstructure":"Full","plantingspaceglobalid":"9E36386B-C69F-4E08-90EB-011F1532262A","createddate":"2018-04-11 11:11:11.0000000","dbh":"9","planteddate":null,"updateddate":null,"geometry":"POINT(-73.92260582523855 40.85798881600928)","genusspecies":"Prunus - Cherry"}},{"type":"Feature","geometry":{"type":"Point","coordinates":[-73.98657131446264,40.60846174688748]},"properties":{"tpcondition":"Good","stumpdiameter":"0","riskratingdate":null,"riskrating":null,"objectid":"5297525","globalid":"25FCA383-4259-4A72-9E5C-C7DECDEB85C0","tpstructure":"Full","plantingspaceglobalid":"25FCA383-4259-4A72-9E5C-C7DECDEB85C0","createddate":"2018-04-11 11:11:11.0000000","dbh":"18","planteddate":null,"updateddate":null,"geometry":"POINT(-73.98657131446264 40.60846174688748)","genusspecies":"Pinus strobus - eastern white pine"}},{"type":"Feature","geometry":{"type":"Point","coordinates":[-73.74155210702156,40.66317985703228]},"properties":{"tpcondition":"Good","stumpdiameter":"0","riskratingdate":null,"riskrating":null,"objectid":"5297526","globalid":"09FC23F1-AD40-47D4-BF7A-249D7B92F191","tpstructure":"Full","plantingspaceglobalid":"09FC23F1-AD40-47D4-BF7A-249D7B92F191","createddate":"2018-04-11 11:11:11.0000000","dbh":"6","planteddate":null,"updateddate":null,"geometry":"POINT(-73.74155210702156 40.66317985703228)","genusspecies":"Cornus florida - flowering dogwood"}},{"type":"Feature","geometry":{"type":"Point","coordinates":[-73.94333741973351,40.775472262398665]},"properties":{"tpcondition":"Good","stumpdiameter":"0","riskratingdate":null,"riskrating":null,"objectid":"5297527","globalid":"273536E5-D1E3-47CD-97B3-9CEA3D7107AD","tpstructure":"Full","plantingspaceglobalid":"273536E5-D1E3-47CD-97B3-9CEA3D7107AD","createddate":"2018-04-11 11:11:11.0000000","dbh":"11","planteddate":null,"updateddate":null,"geometry":"POINT(-73.94333741973351 40.775472262398665)","genusspecies":"Malus - apple"}},{"type":"Feature","geometry":{"type":"Point","coordinates":[-73.93296790081982,40.842864099147995]},"properties":{"tpcondition":"Fair","stumpdiameter":"0","riskratingdate":null,"riskrating":null,"objectid":"5297528","globalid":"AA22F60D-4215-4166-98D1-9BBE88CD4C44","tpstructure":"Full","plantingspaceglobalid":"AA22F60D-4215-4166-98D1-9BBE88CD4C44","createddate":"2018-04-11 11:11:11.0000000","dbh":"0","planteddate":null,"updateddate":null,"geometry":"POINT(-73.93296790081982 40.842864099147995)","genusspecies":"Cornus florida - flowering dogwood"}},{"type":"Feature","geometry":{"type":"Point","coordinates":[-73.91806130517043,40.76086169969922]},"properties":{"tpcondition":"Good","stumpdiameter":"0","riskratingdate":null,"riskrating":null,"objectid":"5297529","globalid":"77B8D66F-D5FA-4A8D-B582-C13C6DE1E196","tpstructure":"Full","plantingspaceglobalid":"77B8D66F-D5FA-4A8D-B582-C13C6DE1E196","createddate":"2018-04-11 11:11:11.0000000","dbh":"7","planteddate":null,"updateddate":null,"geometry":"POINT(-73.91806130517043 40.76086169969922)","genusspecies":"Carpinus betulus - European hornbeam"}},{"type":"Feature","geometry":{"type":"Point","coordinates":[-73.93471751640146,40.84235426552072]},"properties":{"tpcondition":"Good","stumpdiameter":"0","riskratingdate":null,"riskrating":null,"objectid":"5297530","globalid":"63BCB56A-37DB-49BD-9EE8-22FF7AB80C9A","tpstructure":"Full","plantingspaceglobalid":"63BCB56A-37DB-49BD-9EE8-22FF7AB80C9A","createddate":"2018-04-11 11:11:11.0000000","dbh":"14","planteddate":null,"updateddate":null,"geometry":"POINT(-73.93471751640146 40.84235426552072)","genusspecies":"Crataegus crus-galli var. inermis - Cockspur hawthorn"}},{"type":"Feature","geometry":{"type":"Point","coordinates":[-73.97114498783077,40.80321666613832]},"properties":{"tpcondition":"Fair","stumpdiameter":"0","riskratingdate":"2018-11-26 11:18:06.0000000","riskrating":"6","objectid":"5297531","globalid":"11B733BB-A845-4794-8711-BC9C1EDE3C00","tpstructure":"Full","plantingspaceglobalid":"11B733BB-A845-4794-8711-BC9C1EDE3C00","createddate":"2018-04-11 11:11:11.0000000","dbh":"30","planteddate":null,"updateddate":"2018-11-26 16:46:31.0000000","geometry":"POINT(-73.97114498783077 40.80321666613832)","genusspecies":"Platanus x acerifolia - London planetree"}},{"type":"Feature","geometry":{"type":"Point","coordinates":[-73.9936151414273,40.76862600566363]},"properties":{"tpcondition":"Good","stumpdiameter":null,"riskratingdate":"2025-07-16 15:43:40.0000000","riskrating":"7","objectid":"5297532","globalid":"EC6A6B70-8D77-4E94-B85B-808CDF45C0B6","tpstructure":"Full","plantingspaceglobalid":"EC6A6B70-8D77-4E94-B85B-808CDF45C0B6","createddate":"2018-04-11 11:11:11.0000000","dbh":"22","planteddate":null,"updateddate":"2025-07-16 15:43:40.0000000","geometry":"POINT(-73.9936151414273 40.76862600566363)","genusspecies":"Platanus x acerifolia - London planetree"}},{"type":"Feature","geometry":{"type":"Point","coordinates":[-73.96134713950389,40.814963513045015]},"properties":{"tpcondition":"Good","stumpdiameter":"0","riskratingdate":"2019-10-29 15:23:58.0000000","riskrating":"3","objectid":"5297533","globalid":"5E888E4B-4F6D-4277-B419-23C27975AB59","tpstructure":"Full","plantingspaceglobalid":"5E888E4B-4F6D-4277-B419-23C27975AB59","createddate":"2018-04-11 11:11:11.0000000","dbh":"11","planteddate":null,"updateddate":"2019-10-29 15:23:58.0000000","geometry":"POINT(-73.96134713950389 40.814963513045015)","genusspecies":"Acer - maple"}},{"type":"Feature","geometry":{"type":"Point","coordinates":[-74.03624661137759,40.61061827348372]},"properties":{"tpcondition":"Good","stumpdiameter":"0","riskratingdate":null,"riskrating":null,"objectid":"5297535","globalid":"29A7030D-71D0-4696-A2AC-A2C4F3D95209","tpstructure":"Full","plantingspaceglobalid":"29A7030D-71D0-4696-A2AC-A2C4F3D95209","createddate":"2018-04-11 11:11:11.0000000","dbh":"10","planteddate":null,"updateddate":null,"geometry":"POINT(-74.03624661137759 40.61061827348372)","genusspecies":"Crataegus - Hawthorn"}},{"type":"Feature","geometry":{"type":"Point","coordinates":[-73.939010556268,40.85783656994487]},"properties":{"tpcondition":"Good","stumpdiameter":"0","riskratingdate":null,"riskrating":null,"objectid":"5297536","globalid":"0DB226AF-47FC-4CE3-970B-45CB4F3477FC","tpstructure":"Full","plantingspaceglobalid":"0DB226AF-47FC-4CE3-970B-45CB4F3477FC","createddate":"2018-04-11 11:11:11.0000000","dbh":"10","planteddate":null,"updateddate":null,"geometry":"POINT(-73.939010556268 40.85783656994487)","genusspecies":"Ulmus americana - American elm"}},{"type":"Feature","geometry":{"type":"Point","coordinates":[-73.89468847921812,40.627384343873175]},"properties":{"tpcondition":"Good","stumpdiameter":"0","riskratingdate":null,"riskrating":null,"objectid":"5297537","globalid":"36BC43D3-AB94-4CD1-8912-9AECECF21243","tpstructure":"Full","plantingspaceglobalid":"36BC43D3-AB94-4CD1-8912-9AECECF21243","createddate":"2018-04-11 11:11:11.0000000","dbh":"10","planteddate":null,"updateddate":null,"geometry":"POINT(-73.89468847921812 40.627384343873175)","genusspecies":"Morus - mulberry"}},{"type":"Feature","geometry":{"type":"Point","coordinates":[-73.97405964261579,40.80029573380494]},"properties":{"tpcondition":"Good","stumpdiameter":null,"riskratingdate":"2025-05-12 16:10:46.0000000","riskrating":"9","objectid":"5297538","globalid":"86256DFB-6455-4021-83BC-7F66113F4148","tpstructure":"Full","plantingspaceglobalid":"86256DFB-6455-4021-83BC-7F66113F4148","createddate":"2018-04-11 11:11:11.0000000","dbh":"29","planteddate":null,"updateddate":"2025-05-12 16:10:46.0000000","geometry":"POINT(-73.97405964261579 40.80029573380494)","genusspecies":"Platanus x acerifolia - London planetree"}},{"type":"Feature","geometry":{"type":"Point","coordinates":[-73.98964032115906,40.71543144506191]},"properties":{"tpcondition":"Good","stumpdiameter":null,"riskratingdate":"2020-06-24 16:12:03.0000000","riskrating":"8","objectid":"5297539","globalid":"FCF4170C-8E92-4113-967B-DFD1B438AB60","tpstructure":"Full","plantingspaceglobalid":"FCF4170C-8E92-4113-967B-DFD1B438AB60","createddate":"2018-04-11 11:11:11.0000000","dbh":"23","planteddate":null,"updateddate":"2020-06-24 16:12:03.0000000","geometry":"POINT(-73.98964032115906 40.71543144506191)","genusspecies":"Platanus x acerifolia - London planetree"}},{"type":"Feature","geometry":{"type":"Point","coordinates":[-73.7292788820111,40.713192696616254]},"properties":{"tpcondition":"Fair","stumpdiameter":null,"riskratingdate":"2024-06-30 17:32:25.0000000","riskrating":"8","objectid":"5297540","globalid":"67FE3F93-3854-4A14-BDEC-91FC2CF6FC50","tpstructure":"Full","plantingspaceglobalid":"67FE3F93-3854-4A14-BDEC-91FC2CF6FC50","createddate":"2018-04-11 11:11:11.0000000","dbh":"28","planteddate":null,"updateddate":"2024-06-30 17:32:25.0000000","geometry":"POINT(-73.7292788820111 40.713192696616254)","genusspecies":"Quercus coccinea - scarlet oak"}},{"type":"Feature","geometry":{"type":"Point","coordinates":[-73.94274808274147,40.80478296955874]},"properties":{"tpcondition":"Fair","stumpdiameter":"0","riskratingdate":null,"riskrating":null,"objectid":"5297541","globalid":"65E970BD-927A-4225-BB68-A3680AB9CACC","tpstructure":"Full","plantingspaceglobalid":"65E970BD-927A-4225-BB68-A3680AB9CACC","createddate":"2018-04-11 11:11:11.0000000","dbh":"13","planteddate":null,"updateddate":null,"geometry":"POINT(-73.94274808274147 40.80478296955874)","genusspecies":"Prunus serotina - black cherry"}},{"type":"Feature","geometry":{"type":"Point","coordinates":[-73.97851582096402,40.728605767776486]},"properties":{"tpcondition":"Fair","stumpdiameter":null,"riskratingdate":"2022-05-26 21:19:34.0000000","riskrating":"4","objectid":"5297542","globalid":"85458545-FD90-477A-8AF3-E2D409A39B3C","tpstructure":"Full","plantingspaceglobalid":"85458545-FD90-477A-8AF3-E2D409A39B3C","createddate":"2018-04-11 11:11:11.0000000","dbh":"5","planteddate":null,"updateddate":"2022-05-26 21:19:34.0000000","geometry":"POINT(-73.97851582096402 40.728605767776486)","genusspecies":"Thuja occidentalis - arborvitae"}},{"type":"Feature","geometry":{"type":"Point","coordinates":[-73.93481873304121,40.83990026636086]},"properties":{"tpcondition":"Good","stumpdiameter":null,"riskratingdate":"2023-11-29 16:32:02.0000000","riskrating":"10","objectid":"5297543","globalid":"B242F38D-FE16-4F54-AB68-A53FEC6155AA","tpstructure":"Full","plantingspaceglobalid":"B242F38D-FE16-4F54-AB68-A53FEC6155AA","createddate":"2018-04-11 11:11:11.0000000","dbh":"27","planteddate":null,"updateddate":"2023-11-29 16:32:02.0000000","geometry":"POINT(-73.93481873304121 40.83990026636086)","genusspecies":"Platanus x acerifolia - London planetree"}},{"type":"Feature","geometry":{"type":"Point","coordinates":[-73.77046333067503,40.729862906528155]},"properties":{"tpcondition":"Good","stumpdiameter":"0","riskratingdate":null,"riskrating":null,"objectid":"5297544","globalid":"85E20C4E-98AC-46DB-B012-681FE32AAC2A","tpstructure":"Full","plantingspaceglobalid":"85E20C4E-98AC-46DB-B012-681FE32AAC2A","createddate":"2018-04-11 11:11:11.0000000","dbh":"18","planteddate":null,"updateddate":null,"geometry":"POINT(-73.77046333067503 40.729862906528155)","genusspecies":"Crataegus - Hawthorn"}},{"type":"Feature","geometry":{"type":"Point","coordinates":[-73.95797544073613,40.80648740616434]},"properties":{"tpcondition":"Good","stumpdiameter":"0","riskratingdate":null,"riskrating":null,"objectid":"5297545","globalid":"1D5028BE-41A2-4539-90A4-0A62E4539F9B","tpstructure":"Full","plantingspaceglobalid":"1D5028BE-41A2-4539-90A4-0A62E4539F9B","createddate":"2018-04-11 11:11:11.0000000","dbh":"7","planteddate":null,"updateddate":null,"geometry":"POINT(-73.95797544073613 40.80648740616434)","genusspecies":"Carpinus japonica - Japanese hornbeam"}},{"type":"Feature","geometry":{"type":"Point","coordinates":[-73.99599688743962,40.58272298704177]},"properties":{"tpcondition":"Good","stumpdiameter":"0","riskratingdate":null,"riskrating":null,"objectid":"5297547","globalid":"FBB08D93-213F-4DC2-AA1A-6AF905541D9F","tpstructure":"Full","plantingspaceglobalid":"FBB08D93-213F-4DC2-AA1A-6AF905541D9F","createddate":"2018-04-11 11:11:11.0000000","dbh":"9","planteddate":null,"updateddate":null,"geometry":"POINT(-73.99599688743962 40.58272298704177)","genusspecies":"Robinia pseudoacacia - black locust"}},{"type":"Feature","geometry":{"type":"Point","coordinates":[-73.96350022153264,40.81327928888229]},"properties":{"tpcondition":"Good","stumpdiameter":null,"riskratingdate":"2025-08-26 13:16:32.0000000","riskrating":"4","objectid":"5297548","globalid":"B843EC50-51DE-4368-9537-44EC1D1BFFD4","tpstructure":"Full","plantingspaceglobalid":"B843EC50-51DE-4368-9537-44EC1D1BFFD4","createddate":"2018-04-11 11:11:11.0000000","dbh":"9","planteddate":null,"updateddate":"2025-08-26 13:16:32.0000000","geometry":"POINT(-73.96350022153264 40.81327928888229)","genusspecies":"Quercus palustris - pin oak"}},{"type":"Feature","geometry":{"type":"Point","coordinates":[-73.77524649855279,40.72719661575854]},"properties":{"tpcondition":"Good","stumpdiameter":"0","riskratingdate":null,"riskrating":null,"objectid":"5297549","globalid":"394599DA-C910-4E91-B512-816D01075E5B","tpstructure":"Full","plantingspaceglobalid":"394599DA-C910-4E91-B512-816D01075E5B","createddate":"2018-04-11 11:11:11.0000000","dbh":"22","planteddate":null,"updateddate":null,"geometry":"POINT(-73.77524649855279 40.72719661575854)","genusspecies":"Juglans nigra - black walnut"}},{"type":"Feature","geometry":{"type":"Point","coordinates":[-73.94524680693051,40.840342012739264]},"properties":{"tpcondition":"Dead","stumpdiameter":"25","riskratingdate":null,"riskrating":null,"objectid":"5297550","globalid":"EE64F229-DB7B-4D32-A957-993CC6C96658","tpstructure":"Stump","plantingspaceglobalid":"EE64F229-DB7B-4D32-A957-993CC6C96658","createddate":"2018-04-11 11:11:11.0000000","dbh":null,"planteddate":null,"updateddate":"2024-11-18 18:03:59.0000000","geometry":"POINT(-73.94524680693051 40.840342012739264)","genusspecies":"Unknown - Unknown"}},{"type":"Feature","geometry":{"type":"Point","coordinates":[-73.85949918995344,40.74049598757907]},"properties":{"tpcondition":"Good","stumpdiameter":"0","riskratingdate":null,"riskrating":null,"objectid":"5297551","globalid":"4631C687-E59E-4D39-9CA5-FF47E92B6FA4","tpstructure":"Full","plantingspaceglobalid":"4631C687-E59E-4D39-9CA5-FF47E92B6FA4","createddate":"2018-04-11 11:11:11.0000000","dbh":"20","planteddate":null,"updateddate":"2018-11-27 13:18:36.0000000","geometry":"POINT(-73.85949918995344 40.74049598757907)","genusspecies":"Gleditsia triacanthos var. inermis - Thornless honeylocust"}},{"type":"Feature","geometry":{"type":"Point","coordinates":[-73.93004064525171,40.604736272871165]},"properties":{"tpcondition":"Good","stumpdiameter":"0","riskratingdate":null,"riskrating":null,"objectid":"5297552","globalid":"8C560999-E9A7-450F-A2A5-BEAFFC28DA57","tpstructure":"Full","plantingspaceglobalid":"8C560999-E9A7-450F-A2A5-BEAFFC28DA57","createddate":"2018-04-11 11:11:11.0000000","dbh":"19","planteddate":null,"updateddate":null,"geometry":"POINT(-73.93004064525171 40.604736272871165)","genusspecies":"Platanus x acerifolia - London planetree"}},{"type":"Feature","geometry":{"type":"Point","coordinates":[-73.93481332154754,40.85960374276058]},"properties":{"tpcondition":"Good","stumpdiameter":null,"riskratingdate":"2024-08-09 14:28:31.0000000","riskrating":"6","objectid":"5297553","globalid":"7B898E7E-804A-4382-BE73-00CB19FFD139","tpstructure":"Full","plantingspaceglobalid":"7B898E7E-804A-4382-BE73-00CB19FFD139","createddate":"2018-04-11 11:11:11.0000000","dbh":"33","planteddate":null,"updateddate":"2024-08-09 14:28:31.0000000","geometry":"POINT(-73.93481332154754 40.85960374276058)","genusspecies":"Liriodendron tulipifera - tuliptree"}},{"type":"Feature","geometry":{"type":"Point","coordinates":[-73.85991721295203,40.74077983268988]},"properties":{"tpcondition":"Good","stumpdiameter":"0","riskratingdate":null,"riskrating":null,"objectid":"5297554","globalid":"CC354D53-E1F8-468D-92DF-C36531889D3D","tpstructure":"Full","plantingspaceglobalid":"CC354D53-E1F8-468D-92DF-C36531889D3D","createddate":"2018-04-11 11:11:11.0000000","dbh":"2","planteddate":null,"updateddate":"2018-11-27 15:46:29.0000000","geometry":"POINT(-73.85991721295203 40.74077983268988)","genusspecies":"Quercus phellos - willow oak"}},{"type":"Feature","geometry":{"type":"Point","coordinates":[-73.77089594025661,40.729921290910625]},"properties":{"tpcondition":"Good","stumpdiameter":"0","riskratingdate":null,"riskrating":null,"objectid":"5297555","globalid":"9AF01411-FD8D-435C-8AC9-68E6935AAA12","tpstructure":"Full","plantingspaceglobalid":"9AF01411-FD8D-435C-8AC9-68E6935AAA12","createddate":"2018-04-11 11:11:11.0000000","dbh":"15","planteddate":null,"updateddate":null,"geometry":"POINT(-73.77089594025661 40.729921290910625)","genusspecies":"Prunus serotina - black cherry"}},{"type":"Feature","geometry":{"type":"Point","coordinates":[-73.77348559964739,40.687248897090264]},"properties":{"tpcondition":"Fair","stumpdiameter":null,"riskratingdate":"2025-05-22 17:12:23.0000000","riskrating":"6","objectid":"5297556","globalid":"37D14F08-5267-43DB-98F1-E0582F5011D1","tpstructure":"Full","plantingspaceglobalid":"37D14F08-5267-43DB-98F1-E0582F5011D1","createddate":"2018-04-11 11:11:11.0000000","dbh":"19","planteddate":null,"updateddate":"2025-05-22 17:12:23.0000000","geometry":"POINT(-73.77348559964739 40.687248897090264)","genusspecies":"Tilia americana - American basswood"}},{"type":"Feature","geometry":{"type":"Point","coordinates":[-73.9672965464464,40.811058252858565]},"properties":{"tpcondition":"Good","stumpdiameter":"0","riskratingdate":null,"riskrating":null,"objectid":"5297558","globalid":"CDE7014B-13D9-4BA3-B390-217E7C36576A","tpstructure":"Full","plantingspaceglobalid":"CDE7014B-13D9-4BA3-B390-217E7C36576A","createddate":"2018-04-11 11:11:11.0000000","dbh":"6","planteddate":null,"updateddate":null,"geometry":"POINT(-73.9672965464464 40.811058252858565)","genusspecies":"Prunus - Cherry"}},{"type":"Feature","geometry":{"type":"Point","coordinates":[-73.92199560522835,40.590549859897266]},"properties":{"tpcondition":"Good","stumpdiameter":"0","riskratingdate":null,"riskrating":null,"objectid":"5297559","globalid":"0C2887D0-FA18-41E1-B45B-BD2A17C43DB6","tpstructure":"Full","plantingspaceglobalid":"0C2887D0-FA18-41E1-B45B-BD2A17C43DB6","createddate":"2018-04-11 11:11:11.0000000","dbh":"11","planteddate":null,"updateddate":null,"geometry":"POINT(-73.92199560522835 40.590549859897266)","genusspecies":"Prunus serotina - black cherry"}},{"type":"Feature","geometry":{"type":"Point","coordinates":[-73.97160660989718,40.80183942236877]},"properties":{"tpcondition":"Good","stumpdiameter":"0","riskratingdate":null,"riskrating":null,"objectid":"5297560","globalid":"D2C33674-501B-4880-AD11-69B25FD127F9","tpstructure":"Full","plantingspaceglobalid":"D2C33674-501B-4880-AD11-69B25FD127F9","createddate":"2018-04-11 11:11:11.0000000","dbh":"28","planteddate":null,"updateddate":null,"geometry":"POINT(-73.97160660989718 40.80183942236877)","genusspecies":"Liquidambar styraciflua - sweetgum"}},{"type":"Feature","geometry":{"type":"Point","coordinates":[-73.97810763567624,40.793672822556225]},"properties":{"tpcondition":"Good","stumpdiameter":"0","riskratingdate":null,"riskrating":null,"objectid":"5297561","globalid":"D722FC31-B80A-4475-820C-43B893BBCE43","tpstructure":"Full","plantingspaceglobalid":"D722FC31-B80A-4475-820C-43B893BBCE43","createddate":"2018-04-11 11:11:11.0000000","dbh":"7","planteddate":null,"updateddate":null,"geometry":"POINT(-73.97810763567624 40.793672822556225)","genusspecies":"Malus - apple"}},{"type":"Feature","geometry":{"type":"Point","coordinates":[-73.98641871226745,40.78162778199092]},"properties":{"tpcondition":"Fair","stumpdiameter":null,"riskratingdate":"2024-02-06 14:27:44.0000000","riskrating":"6","objectid":"5297562","globalid":"8C2E79C2-8664-472D-9992-465EEE8C44D4","tpstructure":"Full","plantingspaceglobalid":"8C2E79C2-8664-472D-9992-465EEE8C44D4","createddate":"2018-04-11 11:11:11.0000000","dbh":"30","planteddate":null,"updateddate":"2024-02-06 14:27:44.0000000","geometry":"POINT(-73.98641871226745 40.78162778199092)","genusspecies":"Tilia americana - American basswood"}},{"type":"Feature","geometry":{"type":"Point","coordinates":[-73.99296464345264,40.586207096925754]},"properties":{"tpcondition":"Good","stumpdiameter":"0","riskratingdate":null,"riskrating":null,"objectid":"5297563","globalid":"0748AEDE-2CA3-467D-AEB8-9D3B700FF1D1","tpstructure":"Full","plantingspaceglobalid":"0748AEDE-2CA3-467D-AEB8-9D3B700FF1D1","createddate":"2018-04-11 11:11:11.0000000","dbh":"7","planteddate":null,"updateddate":null,"geometry":"POINT(-73.99296464345264 40.586207096925754)","genusspecies":"Betula nigra - river birch"}},{"type":"Feature","geometry":{"type":"Point","coordinates":[-73.99773104347719,40.57964048302434]},"properties":{"tpcondition":"Fair","stumpdiameter":"0","riskratingdate":null,"riskrating":null,"objectid":"5297564","globalid":"674F944A-9910-4C18-AC1F-803C2E831313","tpstructure":"Full","plantingspaceglobalid":"674F944A-9910-4C18-AC1F-803C2E831313","createddate":"2018-04-11 11:11:11.0000000","dbh":"2","planteddate":null,"updateddate":null,"geometry":"POINT(-73.99773104347719 40.57964048302434)","genusspecies":"Tilia cordata - littleleaf linden"}},{"type":"Feature","geometry":{"type":"Point","coordinates":[-73.99498500606106,40.768168827718405]},"properties":{"tpcondition":"Good","stumpdiameter":"0","riskratingdate":null,"riskrating":null,"objectid":"5297566","globalid":"9C43074F-0C11-4680-A41B-DED95F05CBF8","tpstructure":"Retired","plantingspaceglobalid":"847B5048-E6FB-47F3-A4EB-D6457293C894","createddate":"2018-04-11 11:11:11.0000000","dbh":"22","planteddate":null,"updateddate":"2019-03-27 11:28:56.0000000","geometry":"POINT(-73.99498500606106 40.768168827718405)","genusspecies":"Platanus x acerifolia - London planetree"}},{"type":"Feature","geometry":{"type":"Point","coordinates":[-73.97186227028274,40.803402644220434]},"properties":{"tpcondition":"Good","stumpdiameter":null,"riskratingdate":"2024-12-04 16:06:19.0000000","riskrating":"8","objectid":"5297567","globalid":"CE648E28-2CA3-4E13-A828-9A80B4D4A044","tpstructure":"Full","plantingspaceglobalid":"CE648E28-2CA3-4E13-A828-9A80B4D4A044","createddate":"2018-04-11 11:11:11.0000000","dbh":"28","planteddate":null,"updateddate":"2024-12-04 16:06:19.0000000","geometry":"POINT(-73.97186227028274 40.803402644220434)","genusspecies":"Platanus x acerifolia - London planetree"}},{"type":"Feature","geometry":{"type":"Point","coordinates":[-73.93632143692811,40.861561430672346]},"properties":{"tpcondition":"Good","stumpdiameter":"0","riskratingdate":null,"riskrating":null,"objectid":"5297568","globalid":"89C93F67-D878-49D7-8269-A42FBBA87CAB","tpstructure":"Full","plantingspaceglobalid":"89C93F67-D878-49D7-8269-A42FBBA87CAB","createddate":"2018-04-11 11:11:11.0000000","dbh":"3","planteddate":null,"updateddate":null,"geometry":"POINT(-73.93632143692811 40.861561430672346)","genusspecies":"Acer rubrum - red maple"}},{"type":"Feature","geometry":{"type":"Point","coordinates":[-74.01844397130547,40.60468811145266]},"properties":{"tpcondition":"Fair","stumpdiameter":"0","riskratingdate":null,"riskrating":null,"objectid":"5297569","globalid":"735F1B03-7AA2-487B-9641-BF87CA9A601E","tpstructure":"Full","plantingspaceglobalid":"735F1B03-7AA2-487B-9641-BF87CA9A601E","createddate":"2018-04-11 11:11:11.0000000","dbh":"12","planteddate":null,"updateddate":"2019-02-21 16:11:32.0000000","geometry":"POINT(-74.01844397130547 40.60468811145266)","genusspecies":"Crataegus - Hawthorn"}},{"type":"Feature","geometry":{"type":"Point","coordinates":[-73.89331159121522,40.6310765420808]},"properties":{"tpcondition":"Good","stumpdiameter":null,"riskratingdate":"2023-05-31 14:56:13.0000000","riskrating":"7","objectid":"5297570","globalid":"A68DDC3B-A033-48D5-89DC-BC6323E2CE7E","tpstructure":"Full","plantingspaceglobalid":"A68DDC3B-A033-48D5-89DC-BC6323E2CE7E","createddate":"2018-04-11 11:11:11.0000000","dbh":"8","planteddate":null,"updateddate":"2023-05-31 14:56:13.0000000","geometry":"POINT(-73.89331159121522 40.6310765420808)","genusspecies":"Pinus - pine"}},{"type":"Feature","geometry":{"type":"Point","coordinates":[-74.00046510317551,40.75590875906499]},"properties":{"tpcondition":"Good","stumpdiameter":"0","riskratingdate":"2019-09-16 17:03:02.0000000","riskrating":"3","objectid":"5297572","globalid":"C3C982C1-F1D2-4AD0-B902-44875358445D","tpstructure":"Full","plantingspaceglobalid":"C3C982C1-F1D2-4AD0-B902-44875358445D","createddate":"2018-04-11 11:11:11.0000000","dbh":"3","planteddate":null,"updateddate":"2019-09-16 21:03:04.0000000","geometry":"POINT(-74.00046510317551 40.75590875906499)","genusspecies":"Unknown - Unknown"}},{"type":"Feature","geometry":{"type":"Point","coordinates":[-73.74451792310175,40.66090120770755]},"properties":{"tpcondition":"Good","stumpdiameter":"0","riskratingdate":null,"riskrating":null,"objectid":"5297573","globalid":"546D0194-7762-43C6-B7F8-DDF34E967FAB","tpstructure":"Full","plantingspaceglobalid":"546D0194-7762-43C6-B7F8-DDF34E967FAB","createddate":"2018-04-11 11:11:11.0000000","dbh":"21","planteddate":null,"updateddate":null,"geometry":"POINT(-73.74451792310175 40.66090120770755)","genusspecies":"Acer rubrum - red maple"}},{"type":"Feature","geometry":{"type":"Point","coordinates":[-74.0373986753261,40.636554979927034]},"properties":{"tpcondition":"Good","stumpdiameter":"0","riskratingdate":null,"riskrating":null,"objectid":"5297574","globalid":"B8036DE2-547C-44A4-814B-018670B00CA3","tpstructure":"Full","plantingspaceglobalid":"B8036DE2-547C-44A4-814B-018670B00CA3","createddate":"2018-04-11 11:11:11.0000000","dbh":"29","planteddate":null,"updateddate":null,"geometry":"POINT(-74.0373986753261 40.636554979927034)","genusspecies":"Salix alba - white willow"}},{"type":"Feature","geometry":{"type":"Point","coordinates":[-73.9878399979668,40.70144592376818]},"properties":{"tpcondition":"Good","stumpdiameter":"0","riskratingdate":null,"riskrating":null,"objectid":"5297576","globalid":"94196163-12DF-4110-82BF-A282DE6DAEFF","tpstructure":"Full","plantingspaceglobalid":"94196163-12DF-4110-82BF-A282DE6DAEFF","createddate":"2018-04-11 11:11:11.0000000","dbh":"7","planteddate":null,"updateddate":null,"geometry":"POINT(-73.9878399979668 40.70144592376818)","genusspecies":"Metasequoia glyptostroboides - dawn redwood"}},{"type":"Feature","geometry":{"type":"Point","coordinates":[-73.92849035062223,40.817746295803204]},"properties":{"tpcondition":"Good","stumpdiameter":"0","riskratingdate":null,"riskrating":null,"objectid":"5297577","globalid":"5BB87138-CA07-4BE6-AEF9-184E96B26103","tpstructure":"Full","plantingspaceglobalid":"5BB87138-CA07-4BE6-AEF9-184E96B26103","createddate":"2018-04-11 11:11:11.0000000","dbh":"16","planteddate":null,"updateddate":null,"geometry":"POINT(-73.92849035062223 40.817746295803204)","genusspecies":"Quercus palustris - pin oak"}},{"type":"Feature","geometry":{"type":"Point","coordinates":[-74.03845925834455,40.61392643881745]},"properties":{"tpcondition":"Good","stumpdiameter":"0","riskratingdate":null,"riskrating":null,"objectid":"5297578","globalid":"EDB934E5-5E96-4313-9283-7F3194869849","tpstructure":"Full","plantingspaceglobalid":"EDB934E5-5E96-4313-9283-7F3194869849","createddate":"2018-04-11 11:11:11.0000000","dbh":"15","planteddate":null,"updateddate":null,"geometry":"POINT(-74.03845925834455 40.61392643881745)","genusspecies":"Quercus palustris - pin oak"}},{"type":"Feature","geometry":{"type":"Point","coordinates":[-73.96738737698679,40.80771103055196]},"properties":{"tpcondition":"Good","stumpdiameter":null,"riskratingdate":"2025-08-26 12:02:55.0000000","riskrating":"6","objectid":"5297580","globalid":"1FB7EE82-1854-433D-87D3-BD7394AC0F4C","tpstructure":"Full","plantingspaceglobalid":"1FB7EE82-1854-433D-87D3-BD7394AC0F4C","createddate":"2018-04-11 11:11:11.0000000","dbh":"28","planteddate":null,"updateddate":"2025-08-26 12:02:55.0000000","geometry":"POINT(-73.96738737698679 40.80771103055196)","genusspecies":"Ulmus americana - American elm"}},{"type":"Feature","geometry":{"type":"Point","coordinates":[-73.9964678101129,40.58518848676764]},"properties":{"tpcondition":"Fair","stumpdiameter":"0","riskratingdate":null,"riskrating":null,"objectid":"5297581","globalid":"0D8C57CF-604D-47E7-8AD1-4574A42D62E0","tpstructure":"Full","plantingspaceglobalid":"0D8C57CF-604D-47E7-8AD1-4574A42D62E0","createddate":"2018-04-11 11:11:11.0000000","dbh":"7","planteddate":null,"updateddate":null,"geometry":"POINT(-73.9964678101129 40.58518848676764)","genusspecies":"Robinia pseudoacacia - black locust"}},{"type":"Feature","geometry":{"type":"Point","coordinates":[-73.74370429099815,40.66281114917068]},"properties":{"tpcondition":"Good","stumpdiameter":"0","riskratingdate":null,"riskrating":null,"objectid":"5297582","globalid":"61307241-B398-422F-A2CF-7E8CE4A17055","tpstructure":"Full","plantingspaceglobalid":"61307241-B398-422F-A2CF-7E8CE4A17055","createddate":"2018-04-11 11:11:11.0000000","dbh":"3","planteddate":null,"updateddate":null,"geometry":"POINT(-73.74370429099815 40.66281114917068)","genusspecies":"Prunus cerasifera - cherry plum"}},{"type":"Feature","geometry":{"type":"Point","coordinates":[-73.93184186787965,40.60359091690049]},"properties":{"tpcondition":"Good","stumpdiameter":"0","riskratingdate":null,"riskrating":null,"objectid":"5297584","globalid":"725A1794-3635-4173-BC54-A3211913100B","tpstructure":"Full","plantingspaceglobalid":"725A1794-3635-4173-BC54-A3211913100B","createddate":"2018-04-11 11:11:11.0000000","dbh":"4","planteddate":null,"updateddate":null,"geometry":"POINT(-73.93184186787965 40.60359091690049)","genusspecies":"Quercus - Oak"}},{"type":"Feature","geometry":{"type":"Point","coordinates":[-74.03776045483016,40.61282165819506]},"properties":{"tpcondition":"Good","stumpdiameter":"0","riskratingdate":null,"riskrating":null,"objectid":"5297586","globalid":"80D32E55-91A3-4D95-8667-DF7713254BB5","tpstructure":"Full","plantingspaceglobalid":"80D32E55-91A3-4D95-8667-DF7713254BB5","createddate":"2018-04-11 11:11:11.0000000","dbh":"13","planteddate":null,"updateddate":null,"geometry":"POINT(-74.03776045483016 40.61282165819506)","genusspecies":"Celtis occidentalis - common hackberry"}},{"type":"Feature","geometry":{"type":"Point","coordinates":[-73.74352231523156,40.66361722935465]},"properties":{"tpcondition":"Fair","stumpdiameter":null,"riskratingdate":"2023-06-12 19:09:18.0000000","riskrating":"6","objectid":"5297588","globalid":"6C049924-D190-4730-AA19-BBA0EF6926C4","tpstructure":"Full","plantingspaceglobalid":"6C049924-D190-4730-AA19-BBA0EF6926C4","createddate":"2018-04-11 11:11:11.0000000","dbh":"17","planteddate":null,"updateddate":"2023-06-12 19:09:18.0000000","geometry":"POINT(-73.74352231523156 40.66361722935465)","genusspecies":"Quercus macrocarpa - bur oak"}},{"type":"Feature","geometry":{"type":"Point","coordinates":[-73.94323272384584,40.67340839917449]},"properties":{"tpcondition":"Good","stumpdiameter":"0","riskratingdate":null,"riskrating":null,"objectid":"5297590","globalid":"7781715E-1B99-446E-9944-0244B4EAF9DA","tpstructure":"Full","plantingspaceglobalid":"7781715E-1B99-446E-9944-0244B4EAF9DA","createddate":"2018-04-11 11:11:11.0000000","dbh":"2","planteddate":null,"updateddate":null,"geometry":"POINT(-73.94323272384584 40.67340839917449)","genusspecies":"Carpinus caroliniana - American hornbeam"}},{"type":"Feature","geometry":{"type":"Point","coordinates":[-73.98677503075244,40.608461513755216]},"properties":{"tpcondition":"Good","stumpdiameter":"0","riskratingdate":null,"riskrating":null,"objectid":"5297591","globalid":"DB69E6FD-F979-4FB6-A052-20B33A5E1B1E","tpstructure":"Full","plantingspaceglobalid":"DB69E6FD-F979-4FB6-A052-20B33A5E1B1E","createddate":"2018-04-11 11:11:11.0000000","dbh":"11","planteddate":null,"updateddate":null,"geometry":"POINT(-73.98677503075244 40.608461513755216)","genusspecies":"Tilia cordata - littleleaf linden"}},{"type":"Feature","geometry":{"type":"Point","coordinates":[-73.75935886766622,40.59944481699204]},"properties":{"tpcondition":"Poor","stumpdiameter":"0","riskratingdate":null,"riskrating":null,"objectid":"5297592","globalid":"DA0275AD-46AA-4BD4-AC11-5153F2CD24DF","tpstructure":"Full","plantingspaceglobalid":"DA0275AD-46AA-4BD4-AC11-5153F2CD24DF","createddate":"2018-04-11 11:11:11.0000000","dbh":"10","planteddate":null,"updateddate":null,"geometry":"POINT(-73.75935886766622 40.59944481699204)","genusspecies":"Prunus serotina - black cherry"}},{"type":"Feature","geometry":{"type":"Point","coordinates":[-73.97458124874137,40.79766073319352]},"properties":{"tpcondition":"Good","stumpdiameter":"0","riskratingdate":null,"riskrating":null,"objectid":"5297593","globalid":"3548E226-DCC1-41CC-B9A2-47F010656DF0","tpstructure":"Full","plantingspaceglobalid":"3548E226-DCC1-41CC-B9A2-47F010656DF0","createddate":"2018-04-11 11:11:11.0000000","dbh":"27","planteddate":null,"updateddate":null,"geometry":"POINT(-73.97458124874137 40.79766073319352)","genusspecies":"Tilia cordata - littleleaf linden"}},{"type":"Feature","geometry":{"type":"Point","coordinates":[-73.95974144492881,40.80314541465288]},"properties":{"tpcondition":"Fair","stumpdiameter":"0","riskratingdate":null,"riskrating":null,"objectid":"5297594","globalid":"5D8E54C8-1D90-421C-8FBF-7D75BB776AB9","tpstructure":"Full","plantingspaceglobalid":"5D8E54C8-1D90-421C-8FBF-7D75BB776AB9","createddate":"2018-04-11 11:11:11.0000000","dbh":"6","planteddate":null,"updateddate":null,"geometry":"POINT(-73.95974144492881 40.80314541465288)","genusspecies":"Cercis canadensis - eastern redbud"}},{"type":"Feature","geometry":{"type":"Point","coordinates":[-73.93060182579883,40.86415864283089]},"properties":{"tpcondition":"Good","stumpdiameter":null,"riskratingdate":"2023-06-07 16:58:05.0000000","riskrating":"7","objectid":"5297595","globalid":"C9E4D482-7745-448B-AD36-04668FEE45AE","tpstructure":"Full","plantingspaceglobalid":"C9E4D482-7745-448B-AD36-04668FEE45AE","createddate":"2018-04-11 11:11:11.0000000","dbh":"34","planteddate":null,"updateddate":"2023-06-07 16:58:05.0000000","geometry":"POINT(-73.93060182579883 40.86415864283089)","genusspecies":"Carya glabra - pignut hickory"}},{"type":"Feature","geometry":{"type":"Point","coordinates":[-73.93643978293727,40.83726819739025]},"properties":{"tpcondition":"Good","stumpdiameter":"0","riskratingdate":null,"riskrating":null,"objectid":"5297596","globalid":"6333B0A6-793F-4248-B74B-67E05820B019","tpstructure":"Full","plantingspaceglobalid":"6333B0A6-793F-4248-B74B-67E05820B019","createddate":"2018-04-11 11:11:11.0000000","dbh":"5","planteddate":null,"updateddate":null,"geometry":"POINT(-73.93643978293727 40.83726819739025)","genusspecies":"Ailanthus altissima - tree of heaven"}},{"type":"Feature","geometry":{"type":"Point","coordinates":[-73.9943675293142,40.767520395981286]},"properties":{"tpcondition":"Good","stumpdiameter":null,"riskratingdate":"2020-08-17 16:08:12.0000000","riskrating":"7","objectid":"5297597","globalid":"A48F49F4-D826-4942-8A64-BEE583834D37","tpstructure":"Full","plantingspaceglobalid":"A48F49F4-D826-4942-8A64-BEE583834D37","createddate":"2018-04-11 11:11:11.0000000","dbh":"18","planteddate":null,"updateddate":"2020-08-17 16:08:12.0000000","geometry":"POINT(-73.9943675293142 40.767520395981286)","genusspecies":"Platanus x acerifolia - London planetree"}},{"type":"Feature","geometry":{"type":"Point","coordinates":[-73.94390123030796,40.7739848220905]},"properties":{"tpcondition":"Good","stumpdiameter":"0","riskratingdate":null,"riskrating":null,"objectid":"5297598","globalid":"98AC2C99-1483-43CE-BA4B-7E3AAF255F64","tpstructure":"Full","plantingspaceglobalid":"98AC2C99-1483-43CE-BA4B-7E3AAF255F64","createddate":"2018-04-11 11:11:11.0000000","dbh":"5","planteddate":null,"updateddate":null,"geometry":"POINT(-73.94390123030796 40.7739848220905)","genusspecies":"Crataegus - Hawthorn"}},{"type":"Feature","geometry":{"type":"Point","coordinates":[-74.00111891822412,40.75488141346825]},"properties":{"tpcondition":"Good","stumpdiameter":"0","riskratingdate":"2019-09-12 11:46:29.0000000","riskrating":"3","objectid":"5297599","globalid":"138D64E8-9AF1-4D28-95F2-E22217BE8834","tpstructure":"Full","plantingspaceglobalid":"138D64E8-9AF1-4D28-95F2-E22217BE8834","createddate":"2018-04-11 11:11:11.0000000","dbh":"4","planteddate":null,"updateddate":"2019-09-12 15:46:30.0000000","geometry":"POINT(-74.00111891822412 40.75488141346825)","genusspecies":"Cercis canadensis - eastern redbud"}},{"type":"Feature","geometry":{"type":"Point","coordinates":[-73.93496093131722,40.60313482923184]},"properties":{"tpcondition":"Good","stumpdiameter":null,"riskratingdate":"2020-01-29 19:12:32.0000000","riskrating":"4","objectid":"5297600","globalid":"10558113-2A44-4F19-A8B2-038FE9E672F0","tpstructure":"Full","plantingspaceglobalid":"10558113-2A44-4F19-A8B2-038FE9E672F0","createddate":"2018-04-11 11:11:11.0000000","dbh":"36","planteddate":null,"updateddate":"2020-07-09 13:48:15.0000000","geometry":"POINT(-73.93496093131722 40.60313482923184)","genusspecies":"Quercus palustris - pin oak"}},{"type":"Feature","geometry":{"type":"Point","coordinates":[-73.92483648935885,40.59275442147519]},"properties":{"tpcondition":"Good","stumpdiameter":"0","riskratingdate":null,"riskrating":null,"objectid":"5297601","globalid":"36089ADC-CBCE-4B97-B347-48B83DF023FF","tpstructure":"Full","plantingspaceglobalid":"36089ADC-CBCE-4B97-B347-48B83DF023FF","createddate":"2018-04-11 11:11:11.0000000","dbh":"4","planteddate":null,"updateddate":null,"geometry":"POINT(-73.92483648935885 40.59275442147519)","genusspecies":"Quercus palustris - pin oak"}},{"type":"Feature","geometry":{"type":"Point","coordinates":[-73.9326154330632,40.84402728231323]},"properties":{"tpcondition":"Good","stumpdiameter":"0","riskratingdate":null,"riskrating":null,"objectid":"5297602","globalid":"99D2B414-3791-46FD-9A7B-2561B706A2D7","tpstructure":"Full","plantingspaceglobalid":"99D2B414-3791-46FD-9A7B-2561B706A2D7","createddate":"2018-04-11 11:11:11.0000000","dbh":"2","planteddate":null,"updateddate":null,"geometry":"POINT(-73.9326154330632 40.84402728231323)","genusspecies":"Ginkgo biloba - maidenhair tree"}},{"type":"Feature","geometry":{"type":"Point","coordinates":[-73.89816463157149,40.62671980256228]},"properties":{"tpcondition":"Good","stumpdiameter":"0","riskratingdate":null,"riskrating":null,"objectid":"5297603","globalid":"3F55E578-2381-4003-9554-9D83068ECF51","tpstructure":"Full","plantingspaceglobalid":"3F55E578-2381-4003-9554-9D83068ECF51","createddate":"2018-04-11 11:11:11.0000000","dbh":"7","planteddate":null,"updateddate":null,"geometry":"POINT(-73.89816463157149 40.62671980256228)","genusspecies":"Platanus x acerifolia - London planetree"}},{"type":"Feature","geometry":{"type":"Point","coordinates":[-73.77140706120038,40.68501322834004]},"properties":{"tpcondition":"Fair","stumpdiameter":null,"riskratingdate":"2025-08-09 14:00:18.0000000","riskrating":"6","objectid":"5297604","globalid":"0A20B125-DC17-4FDD-9C9E-26CD1C596BB3","tpstructure":"Full","plantingspaceglobalid":"0A20B125-DC17-4FDD-9C9E-26CD1C596BB3","createddate":"2018-04-11 11:11:11.0000000","dbh":"6","planteddate":null,"updateddate":"2025-08-09 14:00:18.0000000","geometry":"POINT(-73.77140706120038 40.68501322834004)","genusspecies":"Prunus serotina - black cherry"}},{"type":"Feature","geometry":{"type":"Point","coordinates":[-73.93354725264675,40.80241236148028]},"properties":{"tpcondition":"Good","stumpdiameter":null,"riskratingdate":"2021-11-02 17:42:11.0000000","riskrating":"5","objectid":"5297605","globalid":"09F618AE-9596-4B3E-9274-6C7173F70618","tpstructure":"Full","plantingspaceglobalid":"09F618AE-9596-4B3E-9274-6C7173F70618","createddate":"2018-04-11 11:11:11.0000000","dbh":"25","planteddate":null,"updateddate":"2021-11-02 17:42:11.0000000","geometry":"POINT(-73.93354725264675 40.80241236148028)","genusspecies":"Platanus x acerifolia - London planetree"}},{"type":"Feature","geometry":{"type":"Point","coordinates":[-73.74606512507644,40.65791643352975]},"properties":{"tpcondition":"Dead","stumpdiameter":null,"riskratingdate":"2022-10-18 16:39:00.0000000","riskrating":"8","objectid":"5297606","globalid":"6A9EAE86-E221-44B0-953F-7FE4A8C69F04","tpstructure":"Retired","plantingspaceglobalid":"6A9EAE86-E221-44B0-953F-7FE4A8C69F04","createddate":"2018-04-11 11:11:00.0000000","dbh":"19","planteddate":null,"updateddate":"2024-10-03 16:59:59.0000000","geometry":"POINT(-73.74606512507644 40.65791643352975)","genusspecies":"Quercus - Oak"}},{"type":"Feature","geometry":{"type":"Point","coordinates":[-74.07530040442953,40.614268497223684]},"properties":{"tpcondition":"Excellent","stumpdiameter":"0","riskratingdate":null,"riskrating":null,"objectid":"5297607","globalid":"DD04D20E-B1DE-4B93-BDB3-11936BDEA481","tpstructure":"Retired","plantingspaceglobalid":"DD04D20E-B1DE-4B93-BDB3-11936BDEA481","createddate":"2018-04-11 11:11:11.0000000","dbh":"24","planteddate":null,"updateddate":"2019-09-23 17:36:29.0000000","geometry":"POINT(-74.07530040442953 40.614268497223684)","genusspecies":"Chionanthus retusus - Chinese fringetree"}},{"type":"Feature","geometry":{"type":"Point","coordinates":[-73.77080222600658,40.688810353358306]},"properties":{"tpcondition":"Good","stumpdiameter":"0","riskratingdate":null,"riskrating":null,"objectid":"5297608","globalid":"CE5AF1BF-5DBA-4E80-8E97-BFC83A282119","tpstructure":"Full","plantingspaceglobalid":"CE5AF1BF-5DBA-4E80-8E97-BFC83A282119","createddate":"2018-04-11 11:11:11.0000000","dbh":"8","planteddate":null,"updateddate":null,"geometry":"POINT(-73.77080222600658 40.688810353358306)","genusspecies":"Morus - mulberry"}},{"type":"Feature","geometry":{"type":"Point","coordinates":[-73.9228383999235,40.8553447630624]},"properties":{"tpcondition":"Good","stumpdiameter":"0","riskratingdate":null,"riskrating":null,"objectid":"5297609","globalid":"C29422FA-779F-4C74-9802-672F13FCEB00","tpstructure":"Full","plantingspaceglobalid":"C29422FA-779F-4C74-9802-672F13FCEB00","createddate":"2018-04-11 11:11:11.0000000","dbh":"12","planteddate":null,"updateddate":null,"geometry":"POINT(-73.9228383999235 40.8553447630624)","genusspecies":"Prunus - Cherry"}},{"type":"Feature","geometry":{"type":"Point","coordinates":[-73.9890784181084,40.71428308689899]},"properties":{"tpcondition":"Excellent","stumpdiameter":"0","riskratingdate":null,"riskrating":null,"objectid":"5297610","globalid":"B8ED38F8-214F-4D00-B272-6B94D66E3F4D","tpstructure":"Full","plantingspaceglobalid":"B8ED38F8-214F-4D00-B272-6B94D66E3F4D","createddate":"2018-04-11 11:11:11.0000000","dbh":"7","planteddate":null,"updateddate":null,"geometry":"POINT(-73.9890784181084 40.71428308689899)","genusspecies":"Cercis canadensis - eastern redbud"}},{"type":"Feature","geometry":{"type":"Point","coordinates":[-73.99167631515182,40.58628338090324]},"properties":{"tpcondition":"Good","stumpdiameter":"0","riskratingdate":null,"riskrating":null,"objectid":"5297611","globalid":"428FC72C-4849-44B4-94F3-7EE3C3269BDA","tpstructure":"Full","plantingspaceglobalid":"428FC72C-4849-44B4-94F3-7EE3C3269BDA","createddate":"2018-04-11 11:11:11.0000000","dbh":"9","planteddate":null,"updateddate":null,"geometry":"POINT(-73.99167631515182 40.58628338090324)","genusspecies":"Betula nigra - river birch"}},{"type":"Feature","geometry":{"type":"Point","coordinates":[-73.77539852620035,40.72742327378112]},"properties":{"tpcondition":"Good","stumpdiameter":"0","riskratingdate":null,"riskrating":null,"objectid":"5297612","globalid":"E0ADEF49-37C3-408B-9803-A249863B9B99","tpstructure":"Full","plantingspaceglobalid":"E0ADEF49-37C3-408B-9803-A249863B9B99","createddate":"2018-04-11 11:11:11.0000000","dbh":"6","planteddate":null,"updateddate":null,"geometry":"POINT(-73.77539852620035 40.72742327378112)","genusspecies":"Liquidambar styraciflua - sweetgum"}},{"type":"Feature","geometry":{"type":"Point","coordinates":[-73.93322589857578,40.8441973511749]},"properties":{"tpcondition":"Good","stumpdiameter":null,"riskratingdate":"2024-04-30 12:28:47.0000000","riskrating":"8","objectid":"5297613","globalid":"9E245F9C-DE51-47F4-A6C6-01DB55018CA0","tpstructure":"Full","plantingspaceglobalid":"9E245F9C-DE51-47F4-A6C6-01DB55018CA0","createddate":"2018-04-11 11:11:11.0000000","dbh":"23","planteddate":null,"updateddate":"2024-04-30 12:28:47.0000000","geometry":"POINT(-73.93322589857578 40.8441973511749)","genusspecies":"Quercus palustris - pin oak"}},{"type":"Feature","geometry":{"type":"Point","coordinates":[-73.77439639035681,40.687493825180376]},"properties":{"tpcondition":"Good","stumpdiameter":null,"riskratingdate":"2025-06-16 12:47:10.0000000","riskrating":"6","objectid":"5297614","globalid":"F93BCB58-AD85-4148-91EF-4A5F686D51BE","tpstructure":"Full","plantingspaceglobalid":"F93BCB58-AD85-4148-91EF-4A5F686D51BE","createddate":"2018-04-11 11:11:11.0000000","dbh":"4","planteddate":null,"updateddate":"2025-06-16 12:47:10.0000000","geometry":"POINT(-73.77439639035681 40.687493825180375)","genusspecies":"Malus - apple"}},{"type":"Feature","geometry":{"type":"Point","coordinates":[-73.77464947804849,40.68729630351452]},"properties":{"tpcondition":"Dead","stumpdiameter":null,"riskratingdate":"2025-07-29 14:22:13.0000000","riskrating":"3","objectid":"5297615","globalid":"2F43A2A6-900B-4361-AA37-E33485AF02E5","tpstructure":"Full","plantingspaceglobalid":"2F43A2A6-900B-4361-AA37-E33485AF02E5","createddate":"2018-04-11 11:11:11.0000000","dbh":"3","planteddate":null,"updateddate":"2025-07-29 14:22:13.0000000","geometry":"POINT(-73.77464947804849 40.68729630351452)","genusspecies":"Halesia carolina - Carolina silverbell"}},{"type":"Feature","geometry":{"type":"Point","coordinates":[-73.88777537158462,40.836384735452135]},"properties":{"tpcondition":"Dead","stumpdiameter":"0","riskratingdate":null,"riskrating":null,"objectid":"5297616","globalid":"6A3B1FC6-F4ED-412B-865B-78CE4EBE58B4","tpstructure":"Full","plantingspaceglobalid":"6A3B1FC6-F4ED-412B-865B-78CE4EBE58B4","createddate":"2018-04-11 11:11:11.0000000","dbh":"5","planteddate":null,"updateddate":null,"geometry":"POINT(-73.88777537158462 40.836384735452135)","genusspecies":"Malus - apple"}},{"type":"Feature","geometry":{"type":"Point","coordinates":[-73.96995056012851,40.80556329885668]},"properties":{"tpcondition":"Good","stumpdiameter":"0","riskratingdate":null,"riskrating":null,"objectid":"5297618","globalid":"C85653D2-60B3-4386-85ED-9C687DC05E58","tpstructure":"Full","plantingspaceglobalid":"C85653D2-60B3-4386-85ED-9C687DC05E58","createddate":"2018-04-11 11:11:11.0000000","dbh":"29","planteddate":null,"updateddate":null,"geometry":"POINT(-73.96995056012851 40.80556329885668)","genusspecies":"Prunus serotina - black cherry"}},{"type":"Feature","geometry":{"type":"Point","coordinates":[-73.96779407835675,40.8084485852089]},"properties":{"tpcondition":"Good","stumpdiameter":"0","riskratingdate":null,"riskrating":null,"objectid":"5297619","globalid":"03FC8209-6F6E-42A1-8F88-6AC0031DA9A3","tpstructure":"Full","plantingspaceglobalid":"03FC8209-6F6E-42A1-8F88-6AC0031DA9A3","createddate":"2018-04-11 11:11:11.0000000","dbh":"22","planteddate":null,"updateddate":null,"geometry":"POINT(-73.96779407835675 40.8084485852089)","genusspecies":"Crataegus - Hawthorn"}},{"type":"Feature","geometry":{"type":"Point","coordinates":[-73.88811564332676,40.822714032205326]},"properties":{"tpcondition":"Good","stumpdiameter":"0","riskratingdate":null,"riskrating":null,"objectid":"5297620","globalid":"4C488335-B504-4C24-9B76-7B6396F792DE","tpstructure":"Retired","plantingspaceglobalid":"4C488335-B504-4C24-9B76-7B6396F792DE","createddate":"2018-04-11 11:11:00.0000000","dbh":"12","planteddate":null,"updateddate":"2021-12-21 16:01:00.0000000","geometry":"POINT(-73.88811564332676 40.822714032205326)","genusspecies":"Gleditsia triacanthos var. inermis - Thornless honeylocust"}},{"type":"Feature","geometry":{"type":"Point","coordinates":[-73.92293572866593,40.85705508923235]},"properties":{"tpcondition":"Good","stumpdiameter":"0","riskratingdate":null,"riskrating":null,"objectid":"5297621","globalid":"C2A64DE3-CF51-4644-91B4-BDB9FEBE01A3","tpstructure":"Full","plantingspaceglobalid":"C2A64DE3-CF51-4644-91B4-BDB9FEBE01A3","createddate":"2018-04-11 11:11:11.0000000","dbh":"2","planteddate":null,"updateddate":null,"geometry":"POINT(-73.92293572866593 40.85705508923235)","genusspecies":"Ginkgo biloba - maidenhair tree"}},{"type":"Feature","geometry":{"type":"Point","coordinates":[-73.89895526636649,40.61477235370095]},"properties":{"tpcondition":"Good","stumpdiameter":"0","riskratingdate":null,"riskrating":null,"objectid":"5297622","globalid":"CC7C8799-E0A2-4EC5-BE4C-9B7A7B1A0B13","tpstructure":"Full","plantingspaceglobalid":"CC7C8799-E0A2-4EC5-BE4C-9B7A7B1A0B13","createddate":"2018-04-11 11:11:11.0000000","dbh":"11","planteddate":null,"updateddate":null,"geometry":"POINT(-73.89895526636649 40.61477235370095)","genusspecies":"Acer - maple"}},{"type":"Feature","geometry":{"type":"Point","coordinates":[-73.9721530551794,40.80116631030037]},"properties":{"tpcondition":"Fair","stumpdiameter":null,"riskratingdate":"2021-10-29 17:53:26.0000000","riskrating":"9","objectid":"5297623","globalid":"D2A15AEC-BCCA-4F80-843E-C09A531C6B77","tpstructure":"Full","plantingspaceglobalid":"D2A15AEC-BCCA-4F80-843E-C09A531C6B77","createddate":"2018-04-11 11:11:11.0000000","dbh":"31","planteddate":null,"updateddate":"2021-10-29 17:53:26.0000000","geometry":"POINT(-73.9721530551794 40.80116631030037)","genusspecies":"Gleditsia triacanthos var. inermis - Thornless honeylocust"}},{"type":"Feature","geometry":{"type":"Point","coordinates":[-73.96820051347382,40.80773976223712]},"properties":{"tpcondition":"Poor","stumpdiameter":"42","riskratingdate":"2023-11-03 16:15:49.0000000","riskrating":"8","objectid":"5297624","globalid":"3EB38AFF-8CD7-4D87-8B9D-6D51A88294E1","tpstructure":"Stump","plantingspaceglobalid":"3EB38AFF-8CD7-4D87-8B9D-6D51A88294E1","createddate":"2018-04-11 11:11:11.0000000","dbh":"37","planteddate":null,"updateddate":"2024-05-03 19:10:03.0000000","geometry":"POINT(-73.96820051347382 40.80773976223712)","genusspecies":"Quercus palustris - pin oak"}},{"type":"Feature","geometry":{"type":"Point","coordinates":[-73.9304392892185,40.8676322881786]},"properties":{"tpcondition":"Good","stumpdiameter":"0","riskratingdate":null,"riskrating":null,"objectid":"5297625","globalid":"8A99A404-04BD-47D3-B22B-9E377FAB37D2","tpstructure":"Full","plantingspaceglobalid":"8A99A404-04BD-47D3-B22B-9E377FAB37D2","createddate":"2018-04-11 11:11:11.0000000","dbh":"39","planteddate":null,"updateddate":null,"geometry":"POINT(-73.9304392892185 40.8676322881786)","genusspecies":"Quercus rubra - northern red oak"}},{"type":"Feature","geometry":{"type":"Point","coordinates":[-73.74097036712224,40.66336545793063]},"properties":{"tpcondition":"Poor","stumpdiameter":null,"riskratingdate":"2024-11-27 15:34:00.0000000","riskrating":"8","objectid":"5297626","globalid":"D85247BD-0283-4DCB-A29E-49A5BE0D2E78","tpstructure":"Stump","plantingspaceglobalid":"D85247BD-0283-4DCB-A29E-49A5BE0D2E78","createddate":"2018-04-11 11:11:00.0000000","dbh":"27","planteddate":null,"updateddate":"2025-11-03 13:37:00.0000000","geometry":"POINT(-73.74097036712224 40.66336545793063)","genusspecies":"Quercus rubra - northern red oak"}},{"type":"Feature","geometry":{"type":"Point","coordinates":[-73.96635372913826,40.80910849651258]},"properties":{"tpcondition":"Fair","stumpdiameter":null,"riskratingdate":"2025-09-11 17:57:48.0000000","riskrating":"6","objectid":"5297627","globalid":"1FAF9C37-E031-465D-8C81-02922BE36933","tpstructure":"Full","plantingspaceglobalid":"1FAF9C37-E031-465D-8C81-02922BE36933","createddate":"2018-04-11 11:11:11.0000000","dbh":"28","planteddate":null,"updateddate":"2025-09-11 17:57:48.0000000","geometry":"POINT(-73.96635372913826 40.80910849651258)","genusspecies":"Morus - mulberry"}},{"type":"Feature","geometry":{"type":"Point","coordinates":[-73.97166276797297,40.80119194607425]},"properties":{"tpcondition":"Good","stumpdiameter":"0","riskratingdate":null,"riskrating":null,"objectid":"5297628","globalid":"97F8E88A-9EB7-4D3D-8ABB-7C935AD091CD","tpstructure":"Full","plantingspaceglobalid":"97F8E88A-9EB7-4D3D-8ABB-7C935AD091CD","createddate":"2018-04-11 11:11:11.0000000","dbh":"24","planteddate":null,"updateddate":null,"geometry":"POINT(-73.97166276797297 40.80119194607425)","genusspecies":"Liquidambar styraciflua - sweetgum"}},{"type":"Feature","geometry":{"type":"Point","coordinates":[-73.98740386729874,40.782340979956466]},"properties":{"tpcondition":"Good","stumpdiameter":"0","riskratingdate":null,"riskrating":null,"objectid":"5297629","globalid":"7A3FFF1D-CE0B-42BB-9077-265A002BE7E4","tpstructure":"Full","plantingspaceglobalid":"7A3FFF1D-CE0B-42BB-9077-265A002BE7E4","createddate":"2018-04-11 11:11:11.0000000","dbh":"25","planteddate":null,"updateddate":null,"geometry":"POINT(-73.98740386729874 40.782340979956466)","genusspecies":"Celtis occidentalis - common hackberry"}},{"type":"Feature","geometry":{"type":"Point","coordinates":[-74.04083579133048,40.622318097722356]},"properties":{"tpcondition":"Good","stumpdiameter":"0","riskratingdate":null,"riskrating":null,"objectid":"5297630","globalid":"5F80EA5C-CADB-4160-BB4A-47A2845D0893","tpstructure":"Full","plantingspaceglobalid":"5F80EA5C-CADB-4160-BB4A-47A2845D0893","createddate":"2018-04-11 11:11:11.0000000","dbh":"7","planteddate":null,"updateddate":null,"geometry":"POINT(-74.04083579133048 40.622318097722356)","genusspecies":"Crataegus - Hawthorn"}},{"type":"Feature","geometry":{"type":"Point","coordinates":[-73.94400121204141,40.804611101970885]},"properties":{"tpcondition":"Good","stumpdiameter":"0","riskratingdate":"2020-02-04 17:25:50.0000000","riskrating":"5","objectid":"5297631","globalid":"F55461FA-65BC-4A4A-AEAE-25C35392B221","tpstructure":"Full","plantingspaceglobalid":"F55461FA-65BC-4A4A-AEAE-25C35392B221","createddate":"2018-04-11 11:11:00.0000000","dbh":"16","planteddate":null,"updateddate":"2020-02-04 17:25:50.0000000","geometry":"POINT(-73.94400121204141 40.804611101970885)","genusspecies":"Acer pseudoplatanus - sycamore maple"}},{"type":"Feature","geometry":{"type":"Point","coordinates":[-73.92868059744984,40.84782595087066]},"properties":{"tpcondition":"Good","stumpdiameter":"0","riskratingdate":null,"riskrating":null,"objectid":"5297632","globalid":"2AEA3398-1B19-4C86-AC07-6981898DEF28","tpstructure":"Full","plantingspaceglobalid":"2AEA3398-1B19-4C86-AC07-6981898DEF28","createddate":"2018-04-11 11:11:11.0000000","dbh":"4","planteddate":null,"updateddate":null,"geometry":"POINT(-73.92868059744984 40.84782595087066)","genusspecies":"Pyrus calleryana - Callery pear"}},{"type":"Feature","geometry":{"type":"Point","coordinates":[-73.9946718111491,40.767810641040874]},"properties":{"tpcondition":"Good","stumpdiameter":"0","riskratingdate":null,"riskrating":null,"objectid":"5297633","globalid":"2875A457-A1A1-48B6-A5AC-9F2602D0F0B4","tpstructure":"Full","plantingspaceglobalid":"2875A457-A1A1-48B6-A5AC-9F2602D0F0B4","createddate":"2018-04-11 11:11:11.0000000","dbh":"8","planteddate":null,"updateddate":"2019-03-26 15:11:08.0000000","geometry":"POINT(-73.9946718111491 40.767810641040874)","genusspecies":"Styphnolobium japonicum - Japanese pagoda tree"}},{"type":"Feature","geometry":{"type":"Point","coordinates":[-73.76733962185548,40.73663800933285]},"properties":{"tpcondition":"Good","stumpdiameter":"0","riskratingdate":"2019-11-05 15:33:13.0000000","riskrating":"6","objectid":"5297634","globalid":"286058CC-995A-40C5-BF03-E10105B9B712","tpstructure":"Full","plantingspaceglobalid":"286058CC-995A-40C5-BF03-E10105B9B712","createddate":"2018-04-11 11:11:00.0000000","dbh":"8","planteddate":null,"updateddate":"2019-11-05 15:33:12.0000000","geometry":"POINT(-73.76733962185548 40.73663800933285)","genusspecies":"Liquidambar styraciflua - sweetgum"}}], "crs" : { "type": "name", "properties": { "name": "urn:ogc:def:crs:OGC:1.3:CRS84" } } }