{ "type": "FeatureCollection", "features": [{"type":"Feature","geometry":{"type":"Point","coordinates":[-73.74989730657937,40.67514301597561]},"properties":{"tpcondition":"Good","stumpdiameter":"0","riskratingdate":null,"riskrating":null,"objectid":"4016131","globalid":"5F98971C-3800-4971-8721-DFE81AA1AB2C","tpstructure":"Full","plantingspaceglobalid":"CB5C5A81-0D87-4561-8B75-EA539604F5BA","createddate":"2016-06-30 09:57:46.0000000","dbh":"28","planteddate":null,"updateddate":null,"geometry":"POINT(-73.74989730657937 40.67514301597561)","genusspecies":"Liriodendron tulipifera - tuliptree"}},{"type":"Feature","geometry":{"type":"Point","coordinates":[-74.02789231460255,40.619642485646146]},"properties":{"tpcondition":"Fair","stumpdiameter":null,"riskratingdate":"2021-12-15 18:58:48.0000000","riskrating":"6","objectid":"4016132","globalid":"EA39271C-4937-4F48-99C1-25A0B089C9A8","tpstructure":"Full","plantingspaceglobalid":"13B54188-4976-4202-9BCF-83D776627743","createddate":"2016-07-27 13:12:11.0000000","dbh":"11","planteddate":null,"updateddate":"2021-12-15 18:58:48.0000000","geometry":"POINT(-74.02789231460255 40.619642485646146)","genusspecies":"Pyrus calleryana - Callery pear"}},{"type":"Feature","geometry":{"type":"Point","coordinates":[-73.7152219158982,40.74260476107473]},"properties":{"tpcondition":"Fair","stumpdiameter":null,"riskratingdate":"2020-10-26 14:51:33.0000000","riskrating":"7","objectid":"4016133","globalid":"5250EC3F-F5B4-4CDB-8061-D096EBCAA653","tpstructure":"Full","plantingspaceglobalid":"A8310237-9C99-496A-84A8-673AB9FD4AAC","createddate":"2016-06-30 10:35:42.0000000","dbh":"12","planteddate":null,"updateddate":"2020-10-26 14:51:33.0000000","geometry":"POINT(-73.7152219158982 40.74260476107473)","genusspecies":"Acer platanoides - Norway maple"}},{"type":"Feature","geometry":{"type":"Point","coordinates":[-73.79420188625846,40.75927583353252]},"properties":{"tpcondition":"Good","stumpdiameter":"0","riskratingdate":null,"riskrating":null,"objectid":"4016134","globalid":"C73DD81B-8EA5-4F95-A04C-623DB51049A5","tpstructure":"Full","plantingspaceglobalid":"A8CD56BA-51E0-456F-9ADE-2625C5230EA7","createddate":"2016-07-27 14:21:44.0000000","dbh":"7","planteddate":null,"updateddate":"2017-02-07 01:24:24.0000000","geometry":"POINT(-73.79420188625846 40.75927583353252)","genusspecies":"Pyrus calleryana - Callery pear"}},{"type":"Feature","geometry":{"type":"Point","coordinates":[-73.71197409185368,40.73004511291163]},"properties":{"tpcondition":"Good","stumpdiameter":"0","riskratingdate":"2018-08-16 10:07:49.0000000","riskrating":"6","objectid":"4016135","globalid":"AFE6154D-4CC2-47C9-AB41-580DA65D282C","tpstructure":"Retired","plantingspaceglobalid":"85CBAC23-EC3C-463B-BCAF-0003741A7DD5","createddate":"2016-06-30 09:57:26.0000000","dbh":"22","planteddate":null,"updateddate":"2021-07-02 17:32:15.0000000","geometry":"POINT(-73.71197409185368 40.73004511291163)","genusspecies":"Fraxinus pennsylvanica - Green ash"}},{"type":"Feature","geometry":{"type":"Point","coordinates":[-73.7778970229528,40.73485269768226]},"properties":{"tpcondition":"Good","stumpdiameter":"0","riskratingdate":"2019-09-23 09:56:05.0000000","riskrating":"7","objectid":"4016136","globalid":"CB2AD7FE-4E91-40B8-B5C5-61F53ED3AD9D","tpstructure":"Full","plantingspaceglobalid":"04BA96E1-898A-4B2E-940E-72DEF1DC762A","createddate":"2016-07-27 13:18:07.0000000","dbh":"21","planteddate":null,"updateddate":"2019-09-23 13:56:06.0000000","geometry":"POINT(-73.7778970229528 40.73485269768226)","genusspecies":"Platanus x acerifolia - London planetree"}},{"type":"Feature","geometry":{"type":"Point","coordinates":[-73.76859503194811,40.708211739297234]},"properties":{"tpcondition":"Good","stumpdiameter":"0","riskratingdate":null,"riskrating":null,"objectid":"4016137","globalid":"FC995307-3666-40C1-8B0F-057AB02120D1","tpstructure":"Full","plantingspaceglobalid":"32FC128C-BF1F-4849-A28C-8FC8D97577A0","createddate":"2016-07-27 14:16:41.0000000","dbh":"8","planteddate":null,"updateddate":"2017-04-20 09:57:05.0000000","geometry":"POINT(-73.76859503194811 40.708211739297234)","genusspecies":"Prunus serrulata 'Green leaf' - 'Green leaf' Japanese flowering cherry"}},{"type":"Feature","geometry":{"type":"Point","coordinates":[-73.79522310346441,40.76969128911122]},"properties":{"tpcondition":"Good","stumpdiameter":"0","riskratingdate":"2021-09-03 19:19:43.0000000","riskrating":"6","objectid":"4016138","globalid":"94763638-04EF-4539-A2CE-4608E66B2F0A","tpstructure":"Full","plantingspaceglobalid":"E1A8F59F-EA4C-4001-8603-71BF4EBF9EDB","createddate":"2016-07-27 14:00:29.0000000","dbh":"38","planteddate":null,"updateddate":"2021-09-03 19:19:43.0000000","geometry":"POINT(-73.79522310346441 40.76969128911122)","genusspecies":"Quercus palustris - pin oak"}},{"type":"Feature","geometry":{"type":"Point","coordinates":[-74.10673920387977,40.61467580244872]},"properties":{"tpcondition":"Fair","stumpdiameter":null,"riskratingdate":"2025-04-21 15:48:30.0000000","riskrating":"8","objectid":"4016139","globalid":"D3618D4B-516A-4D8C-B27A-C3762DA5D53A","tpstructure":"Full","plantingspaceglobalid":"0B0509E8-B8AB-4CB5-A227-F9D23B590044","createddate":"2016-06-30 09:56:40.0000000","dbh":"30","planteddate":null,"updateddate":"2025-04-21 15:48:30.0000000","geometry":"POINT(-74.10673920387977 40.61467580244872)","genusspecies":"Platanus x acerifolia - London planetree"}},{"type":"Feature","geometry":{"type":"Point","coordinates":[-73.72046359381002,40.74338082211197]},"properties":{"tpcondition":"Fair","stumpdiameter":"0","riskratingdate":null,"riskrating":null,"objectid":"4016140","globalid":"E9CE60BF-A6CD-487D-8075-C8EB5146BA8B","tpstructure":"Full","plantingspaceglobalid":"60381261-28F7-4591-AE58-364A8683F592","createddate":"2016-06-30 10:28:45.0000000","dbh":"34","planteddate":null,"updateddate":"2017-04-05 10:32:28.0000000","geometry":"POINT(-73.72046359381002 40.74338082211197)","genusspecies":"Quercus palustris - pin oak"}},{"type":"Feature","geometry":{"type":"Point","coordinates":[-73.7069929260604,40.728618561428526]},"properties":{"tpcondition":"Good","stumpdiameter":"0","riskratingdate":null,"riskrating":null,"objectid":"4016141","globalid":"1889C642-FD39-400F-B251-2B53CAAB54D2","tpstructure":"Full","plantingspaceglobalid":"92BB8233-C1E5-439E-BE4B-3A0B3201591B","createddate":"2016-06-30 10:06:54.0000000","dbh":"37","planteddate":null,"updateddate":null,"geometry":"POINT(-73.7069929260604 40.728618561428526)","genusspecies":"Quercus rubra - northern red oak"}},{"type":"Feature","geometry":{"type":"Point","coordinates":[-73.87538458496358,40.76394722732937]},"properties":{"tpcondition":"Fair","stumpdiameter":null,"riskratingdate":"2023-04-17 07:47:28.0000000","riskrating":"7","objectid":"4016142","globalid":"5040AAFD-8225-47B6-9ADF-2497818B2FC6","tpstructure":"Full","plantingspaceglobalid":"C0ABB178-95AD-4CC6-91FA-43D8043A39D8","createddate":"2016-07-27 13:51:00.0000000","dbh":"23","planteddate":null,"updateddate":"2023-04-17 07:47:28.0000000","geometry":"POINT(-73.87538458496358 40.76394722732937)","genusspecies":"Gleditsia triacanthos var. inermis - Thornless honeylocust"}},{"type":"Feature","geometry":{"type":"Point","coordinates":[-73.702440730602,40.73763353120138]},"properties":{"tpcondition":"Poor","stumpdiameter":null,"riskratingdate":"2025-09-03 16:45:21.0000000","riskrating":"5","objectid":"4016143","globalid":"E16B6F62-9CE5-48EF-B14B-A493C10212E3","tpstructure":"Full","plantingspaceglobalid":"6812B76E-F097-468C-8F94-0943EF487B0E","createddate":"2016-06-30 10:02:45.0000000","dbh":"23","planteddate":null,"updateddate":"2025-09-03 16:45:21.0000000","geometry":"POINT(-73.702440730602 40.73763353120138)","genusspecies":"Fraxinus pennsylvanica - Green ash"}},{"type":"Feature","geometry":{"type":"Point","coordinates":[-73.75012422786583,40.68847778402216]},"properties":{"tpcondition":"Good","stumpdiameter":null,"riskratingdate":"2024-12-05 13:57:08.0000000","riskrating":"8","objectid":"4016144","globalid":"BF24C74A-729A-4EF8-833B-67657E1DF02C","tpstructure":"Full","plantingspaceglobalid":"B93AE250-42FF-4E72-8059-9B78825694B1","createddate":"2016-07-27 13:29:42.0000000","dbh":"14","planteddate":null,"updateddate":"2024-12-05 13:57:08.0000000","geometry":"POINT(-73.75012422786583 40.68847778402216)","genusspecies":"Gleditsia triacanthos var. inermis - Thornless honeylocust"}},{"type":"Feature","geometry":{"type":"Point","coordinates":[-73.78860841045712,40.75569498108859]},"properties":{"tpcondition":"Dead","stumpdiameter":"21","riskratingdate":"2018-06-05 09:59:00.0000000","riskrating":"9","objectid":"4016145","globalid":"E64F8617-60A2-490A-B8F4-004FCFAC018B","tpstructure":"Retired","plantingspaceglobalid":"80CE2DB5-E11E-4EE0-A836-E2A37034597B","createddate":"2016-07-27 14:13:00.0000000","dbh":"15","planteddate":null,"updateddate":"2019-10-01 17:29:07.0000000","geometry":"POINT(-73.78860841045712 40.75569498108859)","genusspecies":"Acer - maple"}},{"type":"Feature","geometry":{"type":"Point","coordinates":[-73.7464661153169,40.725796554211506]},"properties":{"tpcondition":"Poor","stumpdiameter":"0","riskratingdate":null,"riskrating":null,"objectid":"4016146","globalid":"B7919011-22FB-4596-9F80-EE90D9E18DA0","tpstructure":"Full","plantingspaceglobalid":"D702F997-2B9E-4266-B3BC-5C43B2E3ECD6","createddate":"2016-07-27 14:19:05.0000000","dbh":"2","planteddate":null,"updateddate":null,"geometry":"POINT(-73.7464661153169 40.725796554211506)","genusspecies":"Koelreuteria paniculata - goldenrain tree"}},{"type":"Feature","geometry":{"type":"Point","coordinates":[-73.71228435361733,40.73085693607914]},"properties":{"tpcondition":"Unknown","stumpdiameter":"0","riskratingdate":null,"riskrating":null,"objectid":"4016147","globalid":"93E72AEF-3114-49B8-BB38-6F1636DDCAA3","tpstructure":"Retired","plantingspaceglobalid":"2D7BBF51-6622-4A20-80DE-4A5A827AB4A5","createddate":"2016-06-30 10:25:13.0000000","dbh":"0","planteddate":null,"updateddate":"2017-04-10 14:44:56.0000000","geometry":"POINT(-73.71228435361733 40.73085693607914)","genusspecies":"Unknown - Unknown"}},{"type":"Feature","geometry":{"type":"Point","coordinates":[-73.82464135711477,40.667640435778324]},"properties":{"tpcondition":"Good","stumpdiameter":null,"riskratingdate":"2025-10-29 18:29:59.0000000","riskrating":"9","objectid":"4016148","globalid":"FA8D100C-979F-4A25-8FE2-571C81F025D6","tpstructure":"Full","plantingspaceglobalid":"F4CEED70-10A6-414A-8CF6-6F143E11C25A","createddate":"2016-07-27 13:04:03.0000000","dbh":"24","planteddate":null,"updateddate":"2025-10-29 18:29:59.0000000","geometry":"POINT(-73.82464135711477 40.667640435778324)","genusspecies":"Fraxinus pennsylvanica - Green ash"}},{"type":"Feature","geometry":{"type":"Point","coordinates":[-74.0334777738578,40.62452120589988]},"properties":{"tpcondition":"Good","stumpdiameter":"0","riskratingdate":null,"riskrating":null,"objectid":"4016149","globalid":"F4365440-5329-4523-A342-5EFCAB290A63","tpstructure":"Full","plantingspaceglobalid":"186749F4-4EC5-49A9-9CD9-BD3CECDE47E3","createddate":"2016-07-27 13:31:07.0000000","dbh":"25","planteddate":null,"updateddate":null,"geometry":"POINT(-74.0334777738578 40.62452120589988)","genusspecies":"Tilia cordata - littleleaf linden"}},{"type":"Feature","geometry":{"type":"Point","coordinates":[-73.70701490089178,40.73138227782538]},"properties":{"tpcondition":"Fair","stumpdiameter":"0","riskratingdate":"2020-03-19 21:23:59.0000000","riskrating":"6","objectid":"4016150","globalid":"125F9138-500F-4FAF-8A35-78B4E8D28FF1","tpstructure":"Full","plantingspaceglobalid":"93C22242-9536-4C46-B0D0-744192CA03CA","createddate":"2016-06-30 10:05:00.0000000","dbh":"8","planteddate":null,"updateddate":"2020-03-19 21:23:58.0000000","geometry":"POINT(-73.70701490089178 40.73138227782538)","genusspecies":"Acer buergerianum - trident maple"}},{"type":"Feature","geometry":{"type":"Point","coordinates":[-73.81324113491532,40.77872989985448]},"properties":{"tpcondition":"Dead","stumpdiameter":"22","riskratingdate":"2020-08-08 17:06:00.0000000","riskrating":"8","objectid":"4016151","globalid":"C2A75D35-B3FE-4919-9E4F-7AC4683DCE87","tpstructure":"Stump","plantingspaceglobalid":"948902A6-5A39-47DA-8A63-FBE2673C4079","createddate":"2016-07-27 13:07:00.0000000","dbh":null,"planteddate":null,"updateddate":"2024-08-07 16:45:45.0000000","geometry":"POINT(-73.81324113491532 40.77872989985448)","genusspecies":"Tilia cordata - littleleaf linden"}},{"type":"Feature","geometry":{"type":"Point","coordinates":[-73.82068419730146,40.77834316752579]},"properties":{"tpcondition":"Dead","stumpdiameter":"28","riskratingdate":"2025-07-26 13:10:00.0000000","riskrating":"9","objectid":"4016152","globalid":"9D5E50AA-55F0-40FE-AA75-BBC54314D6C9","tpstructure":"Stump","plantingspaceglobalid":"E08865B7-0B86-4876-82A8-B69AE650B3B7","createddate":"2016-07-27 12:59:00.0000000","dbh":"28","planteddate":null,"updateddate":"2025-09-02 12:44:00.0000000","geometry":"POINT(-73.82068419730146 40.77834316752579)","genusspecies":"Acer platanoides 'Not Green Leaf' - 'Not Green Leaf' Norway maple"}},{"type":"Feature","geometry":{"type":"Point","coordinates":[-73.70593227491851,40.75267840156137]},"properties":{"tpcondition":"Good","stumpdiameter":null,"riskratingdate":"2020-10-23 14:54:11.0000000","riskrating":"6","objectid":"4016153","globalid":"FDF3BBE9-2B03-476B-9461-EDA5A94AFABD","tpstructure":"Full","plantingspaceglobalid":"6E05BEAD-9B90-41ED-ACC2-3E14F2028293","createddate":"2016-06-30 10:30:03.0000000","dbh":"16","planteddate":null,"updateddate":"2020-10-23 14:54:11.0000000","geometry":"POINT(-73.70593227491851 40.75267840156137)","genusspecies":"Acer rubrum - red maple"}},{"type":"Feature","geometry":{"type":"Point","coordinates":[-73.80231546879745,40.76935057519392]},"properties":{"tpcondition":"Good","stumpdiameter":null,"riskratingdate":"2025-03-18 19:27:43.0000000","riskrating":"4","objectid":"4016154","globalid":"31F9357B-0A7F-4226-9036-9D197EBCE3D0","tpstructure":"Full","plantingspaceglobalid":"609928B0-5A3B-4B76-8343-04C5724E296C","createddate":"2016-07-27 13:01:54.0000000","dbh":"36","planteddate":null,"updateddate":"2025-03-18 19:27:43.0000000","geometry":"POINT(-73.80231546879745 40.76935057519392)","genusspecies":"Acer saccharinum - silver maple"}},{"type":"Feature","geometry":{"type":"Point","coordinates":[-73.71337698258182,40.73277066317219]},"properties":{"tpcondition":"Good","stumpdiameter":"0","riskratingdate":null,"riskrating":null,"objectid":"4016155","globalid":"6BA3ECF5-70E7-4E53-A37E-B3CFC2445EC0","tpstructure":"Full","plantingspaceglobalid":"DB85F23F-1051-403C-9A76-6D82C5E6CC47","createddate":"2016-06-30 09:53:54.0000000","dbh":"19","planteddate":null,"updateddate":"2017-04-13 09:16:53.0000000","geometry":"POINT(-73.71337698258182 40.73277066317219)","genusspecies":"Gleditsia triacanthos var. inermis - Thornless honeylocust"}},{"type":"Feature","geometry":{"type":"Point","coordinates":[-74.03745747603648,40.629602716872526]},"properties":{"tpcondition":"Fair","stumpdiameter":null,"riskratingdate":"2025-05-05 13:56:51.0000000","riskrating":"8","objectid":"4016156","globalid":"0BE9E3A9-A6FA-405F-A4A9-130DD723B2E0","tpstructure":"Full","plantingspaceglobalid":"3D29F1AA-D4D8-41CA-B5D4-DEDDB37654C3","createddate":"2016-07-27 13:48:49.0000000","dbh":"29","planteddate":null,"updateddate":"2025-05-05 13:56:51.0000000","geometry":"POINT(-74.03745747603648 40.629602716872526)","genusspecies":"Platanus x acerifolia - London planetree"}},{"type":"Feature","geometry":{"type":"Point","coordinates":[-73.93496417547878,40.66371432555035]},"properties":{"tpcondition":"Good","stumpdiameter":"0","riskratingdate":null,"riskrating":null,"objectid":"4016157","globalid":"E9CC7ED5-43EB-4B78-9168-70643D690DE8","tpstructure":"Full","plantingspaceglobalid":"07726F35-BF69-49EC-BEE3-D93AB0EA1E90","createddate":"2016-07-27 13:50:33.0000000","dbh":"11","planteddate":null,"updateddate":null,"geometry":"POINT(-73.93496417547878 40.66371432555035)","genusspecies":"Quercus velutina - black oak"}},{"type":"Feature","geometry":{"type":"Point","coordinates":[-73.79640530244063,40.76704273782725]},"properties":{"tpcondition":"Good","stumpdiameter":"0","riskratingdate":null,"riskrating":null,"objectid":"4016158","globalid":"9ED5DE69-5DA0-49E7-B924-403FBDA36F95","tpstructure":"Full","plantingspaceglobalid":"930D5EE8-261D-4915-AFFF-985497F5F388","createddate":"2016-07-27 13:06:43.0000000","dbh":"8","planteddate":null,"updateddate":"2017-02-04 12:52:51.0000000","geometry":"POINT(-73.79640530244063 40.76704273782725)","genusspecies":"Koelreuteria paniculata - goldenrain tree"}},{"type":"Feature","geometry":{"type":"Point","coordinates":[-73.76180804009007,40.68559412692591]},"properties":{"tpcondition":"Fair","stumpdiameter":null,"riskratingdate":"2025-01-07 18:41:32.0000000","riskrating":"8","objectid":"4016159","globalid":"C61202EF-7B22-4D6D-B655-7F7D3C8C07AC","tpstructure":"Full","plantingspaceglobalid":"456BECF5-440B-43DA-8D00-E94B07C3A63B","createddate":"2016-07-27 14:20:02.0000000","dbh":"32","planteddate":null,"updateddate":"2025-01-07 18:41:32.0000000","geometry":"POINT(-73.76180804009007 40.68559412692591)","genusspecies":"Quercus palustris - pin oak"}},{"type":"Feature","geometry":{"type":"Point","coordinates":[-73.73202551110118,40.72507201797089]},"properties":{"tpcondition":"Good","stumpdiameter":"0","riskratingdate":null,"riskrating":null,"objectid":"4016160","globalid":"2229C1F7-F6FC-4239-910D-2E82DDBE4B52","tpstructure":"Full","plantingspaceglobalid":"3A46432D-61F9-4BAF-BE7D-8EF52102C96C","createddate":"2016-06-30 10:32:23.0000000","dbh":"14","planteddate":null,"updateddate":"2017-12-04 13:48:56.0000000","geometry":"POINT(-73.73202551110118 40.72507201797089)","genusspecies":"Gleditsia triacanthos var. inermis - Thornless honeylocust"}},{"type":"Feature","geometry":{"type":"Point","coordinates":[-73.78806343162617,40.71901240292786]},"properties":{"tpcondition":"Dead","stumpdiameter":"30","riskratingdate":"2024-01-04 16:37:00.0000000","riskrating":"10","objectid":"4016161","globalid":"A2A70DB4-3934-47D0-A3B7-2F562631D0FC","tpstructure":"Stump","plantingspaceglobalid":"18533EF3-83EC-4649-8E14-6F347613A20C","createddate":"2016-07-27 12:55:00.0000000","dbh":null,"planteddate":null,"updateddate":"2024-07-19 01:35:06.0000000","geometry":"POINT(-73.78806343162617 40.71901240292786)","genusspecies":"Quercus palustris - pin oak"}},{"type":"Feature","geometry":{"type":"Point","coordinates":[-73.70886977914024,40.73338213251447]},"properties":{"tpcondition":"Fair","stumpdiameter":null,"riskratingdate":"2023-08-28 13:27:05.0000000","riskrating":"7","objectid":"4016162","globalid":"32B07B5F-94FC-48CD-9507-275A9AAB1B07","tpstructure":"Full","plantingspaceglobalid":"EFD5D819-9253-455F-980A-76B27183FCE6","createddate":"2016-06-30 10:05:52.0000000","dbh":"16","planteddate":null,"updateddate":"2024-06-12 17:27:15.0000000","geometry":"POINT(-73.70886977914024 40.73338213251447)","genusspecies":"Fraxinus pennsylvanica - Green ash"}},{"type":"Feature","geometry":{"type":"Point","coordinates":[-74.01904550374952,40.63017331203183]},"properties":{"tpcondition":"Fair","stumpdiameter":null,"riskratingdate":"2023-10-11 14:02:06.0000000","riskrating":"6","objectid":"4016163","globalid":"C76BF2AB-3C59-4E1A-A607-5852D034800C","tpstructure":"Full","plantingspaceglobalid":"132740B5-AB73-45D7-83EF-E83BAD4DB4A4","createddate":"2016-07-27 13:02:51.0000000","dbh":"3","planteddate":null,"updateddate":"2023-10-11 14:02:06.0000000","geometry":"POINT(-74.01904550374952 40.63017331203183)","genusspecies":"Crataegus - Hawthorn"}},{"type":"Feature","geometry":{"type":"Point","coordinates":[-73.75032208661527,40.69656958385209]},"properties":{"tpcondition":"Good","stumpdiameter":"0","riskratingdate":"2018-07-06 11:33:15.0000000","riskrating":"3","objectid":"4016164","globalid":"64D734A6-B127-42CB-B024-7FF134F8E4EC","tpstructure":"Full","plantingspaceglobalid":"6E2E8834-276D-4BF8-8E35-2E5F6D7F479D","createddate":"2016-06-30 09:53:47.0000000","dbh":"4","planteddate":null,"updateddate":"2018-07-06 15:33:16.0000000","geometry":"POINT(-73.75032208661527 40.69656958385209)","genusspecies":"Quercus bicolor - swamp white oak"}},{"type":"Feature","geometry":{"type":"Point","coordinates":[-73.9874457591559,40.62495469542571]},"properties":{"tpcondition":"Good","stumpdiameter":"0","riskratingdate":"2019-09-25 10:54:14.0000000","riskrating":"4","objectid":"4016165","globalid":"2FAD7AC4-9E45-4471-85B7-63C16E45CEBF","tpstructure":"Full","plantingspaceglobalid":"DFB31835-8E85-4B3B-A56B-71C6BB06807E","createddate":"2016-07-27 13:35:45.0000000","dbh":"21","planteddate":null,"updateddate":"2019-09-25 14:54:15.0000000","geometry":"POINT(-73.9874457591559 40.62495469542571)","genusspecies":"Platanus x acerifolia - London planetree"}},{"type":"Feature","geometry":{"type":"Point","coordinates":[-73.79908342509061,40.72651673230756]},"properties":{"tpcondition":"Good","stumpdiameter":"0","riskratingdate":"2021-01-18 15:04:25.0000000","riskrating":"6","objectid":"4016166","globalid":"CFA1DA43-6F93-45CA-AD78-24DAABC980CD","tpstructure":"Full","plantingspaceglobalid":"063896CF-9498-4BC2-9724-8A9B686EDCF5","createddate":"2016-07-27 13:14:51.0000000","dbh":"20","planteddate":null,"updateddate":"2021-01-18 15:04:25.0000000","geometry":"POINT(-73.79908342509061 40.72651673230756)","genusspecies":"Platanus x acerifolia - London planetree"}},{"type":"Feature","geometry":{"type":"Point","coordinates":[-73.87290517282982,40.75696422784703]},"properties":{"tpcondition":"Good","stumpdiameter":"0","riskratingdate":null,"riskrating":null,"objectid":"4016167","globalid":"DA71941D-6266-4A19-99F7-A88D8EEF9072","tpstructure":"Full","plantingspaceglobalid":"9FA6D3E6-DD3A-4F91-9F67-6F5AFE581DF9","createddate":"2016-07-27 12:54:36.0000000","dbh":"2","planteddate":null,"updateddate":"2017-03-15 05:36:07.0000000","geometry":"POINT(-73.87290517282982 40.75696422784703)","genusspecies":"Quercus bicolor - swamp white oak"}},{"type":"Feature","geometry":{"type":"Point","coordinates":[-73.78632876788316,40.754658354915314]},"properties":{"tpcondition":"Good","stumpdiameter":"0","riskratingdate":null,"riskrating":null,"objectid":"4016168","globalid":"B7DA651E-6BC6-4047-8A2D-048958169C8E","tpstructure":"Full","plantingspaceglobalid":"1F4E781C-E807-4ECA-90C1-85484C86C613","createddate":"2016-07-27 13:50:31.0000000","dbh":"9","planteddate":null,"updateddate":"2017-12-27 09:36:36.0000000","geometry":"POINT(-73.78632876788316 40.754658354915314)","genusspecies":"Zelkova serrata - Japanese zelkova"}},{"type":"Feature","geometry":{"type":"Point","coordinates":[-73.76071559214142,40.70063820291659]},"properties":{"tpcondition":"Good","stumpdiameter":null,"riskratingdate":"2024-09-10 17:40:20.0000000","riskrating":"4","objectid":"4016169","globalid":"200E5919-A7F7-4BA3-BCD8-F714064FF068","tpstructure":"Full","plantingspaceglobalid":"E78C9052-06ED-4AA0-8E7C-AAA1EF5756A4","createddate":"2016-07-27 13:42:06.0000000","dbh":"9","planteddate":null,"updateddate":"2024-09-10 17:40:20.0000000","geometry":"POINT(-73.76071559214142 40.70063820291659)","genusspecies":"Quercus rubra - northern red oak"}},{"type":"Feature","geometry":{"type":"Point","coordinates":[-73.71611043087573,40.739892971101995]},"properties":{"tpcondition":"Good","stumpdiameter":"0","riskratingdate":null,"riskrating":null,"objectid":"4016170","globalid":"2AC42731-3A14-4359-983F-3FC795285A13","tpstructure":"Full","plantingspaceglobalid":"13F1E5D7-7D93-4249-9FC6-4582856A1DD8","createddate":"2016-06-30 10:35:26.0000000","dbh":"21","planteddate":null,"updateddate":"2017-04-14 08:46:41.0000000","geometry":"POINT(-73.71611043087573 40.739892971101995)","genusspecies":"Acer platanoides - Norway maple"}},{"type":"Feature","geometry":{"type":"Point","coordinates":[-74.10315658268802,40.564537659418264]},"properties":{"tpcondition":"Dead","stumpdiameter":"0","riskratingdate":null,"riskrating":null,"objectid":"4016171","globalid":"817B1BBB-51E1-49DC-95B0-B8237CF0E7D6","tpstructure":"Retired","plantingspaceglobalid":"4CFAD95D-9F2B-48DE-B061-D18AE90C892D","createddate":"2016-06-30 10:07:00.0000000","dbh":"20","planteddate":null,"updateddate":"2020-01-28 19:20:00.0000000","geometry":"POINT(-74.10315658268802 40.564537659418264)","genusspecies":"Platanus x acerifolia - London planetree"}},{"type":"Feature","geometry":{"type":"Point","coordinates":[-73.75248960469229,40.688843094055805]},"properties":{"tpcondition":"Good","stumpdiameter":"0","riskratingdate":"2017-10-19 09:51:51.0000000","riskrating":"3","objectid":"4016172","globalid":"99236308-4985-4097-B23B-12D870C4194F","tpstructure":"Retired","plantingspaceglobalid":"00B9D3D0-AC4C-4B2F-9F19-48213EF2FA91","createddate":"2016-06-30 09:46:59.0000000","dbh":"18","planteddate":null,"updateddate":"2024-12-19 14:34:39.0000000","geometry":"POINT(-73.75248960469229 40.688843094055805)","genusspecies":"Styphnolobium japonicum - Japanese pagoda tree"}},{"type":"Feature","geometry":{"type":"Point","coordinates":[-73.78950448472197,40.75092634308977]},"properties":{"tpcondition":"Good","stumpdiameter":null,"riskratingdate":"2025-06-24 16:11:20.0000000","riskrating":"9","objectid":"4016173","globalid":"7FED5F46-C6D9-4FBE-9023-54EEBA98B8D0","tpstructure":"Full","plantingspaceglobalid":"0E03AD06-C4AC-4F22-B800-D381BDD0DCB0","createddate":"2016-07-27 13:38:53.0000000","dbh":"33","planteddate":null,"updateddate":"2025-06-24 16:11:20.0000000","geometry":"POINT(-73.78950448472197 40.75092634308977)","genusspecies":"Platanus x acerifolia - London planetree"}},{"type":"Feature","geometry":{"type":"Point","coordinates":[-73.7414984171649,40.68878474061567]},"properties":{"tpcondition":"Good","stumpdiameter":"0","riskratingdate":null,"riskrating":null,"objectid":"4016174","globalid":"CCF8F216-1625-44AF-B882-CF7846A14BF9","tpstructure":"Full","plantingspaceglobalid":"CA3C2525-3EB3-4FEB-A9B8-EE5A99956528","createddate":"2016-06-30 09:46:18.0000000","dbh":"5","planteddate":null,"updateddate":null,"geometry":"POINT(-73.7414984171649 40.68878474061567)","genusspecies":"Pyrus calleryana - Callery pear"}},{"type":"Feature","geometry":{"type":"Point","coordinates":[-73.78251782369239,40.727901930608176]},"properties":{"tpcondition":"Good","stumpdiameter":"0","riskratingdate":null,"riskrating":null,"objectid":"4016175","globalid":"96FA5FD0-C124-4121-9B11-7C799E969E0F","tpstructure":"Full","plantingspaceglobalid":"E5019F41-7F9A-4A80-BBFB-AC39624FEA3A","createddate":"2016-07-27 12:52:58.0000000","dbh":"10","planteddate":null,"updateddate":"2017-07-06 12:29:41.0000000","geometry":"POINT(-73.78251782369239 40.727901930608176)","genusspecies":"Gleditsia triacanthos var. inermis - Thornless honeylocust"}},{"type":"Feature","geometry":{"type":"Point","coordinates":[-74.03488272255942,40.634589599925306]},"properties":{"tpcondition":"Good","stumpdiameter":null,"riskratingdate":"2023-04-21 13:34:52.0000000","riskrating":"6","objectid":"4016176","globalid":"7660992A-FF12-457C-BAB8-BFBFCF967E3B","tpstructure":"Full","plantingspaceglobalid":"C60449BA-D554-4D02-BA29-A1210DAEABC8","createddate":"2016-07-27 13:19:46.0000000","dbh":"16","planteddate":null,"updateddate":"2023-04-21 13:34:52.0000000","geometry":"POINT(-74.03488272255942 40.634589599925306)","genusspecies":"Quercus rubra - northern red oak"}},{"type":"Feature","geometry":{"type":"Point","coordinates":[-73.74025908101916,40.72443729990903]},"properties":{"tpcondition":"Fair","stumpdiameter":null,"riskratingdate":"2025-09-25 18:05:29.0000000","riskrating":"7","objectid":"4016178","globalid":"B7E2F7D4-333D-4FD2-BDBB-BC1CCA7D242F","tpstructure":"Full","plantingspaceglobalid":"F48958B5-5C5E-453F-8AFA-7180785F526B","createddate":"2016-07-27 14:02:34.0000000","dbh":"11","planteddate":null,"updateddate":"2025-09-25 18:05:29.0000000","geometry":"POINT(-73.74025908101916 40.72443729990903)","genusspecies":"Tilia cordata - littleleaf linden"}},{"type":"Feature","geometry":{"type":"Point","coordinates":[-73.71906103790884,40.732996109391905]},"properties":{"tpcondition":"Good","stumpdiameter":"0","riskratingdate":null,"riskrating":null,"objectid":"4016179","globalid":"27D91CE1-548E-44A3-B016-F96A4F5E2823","tpstructure":"Full","plantingspaceglobalid":"995FF38C-061C-4F7B-A56D-582A05150E7A","createddate":"2016-06-30 10:15:39.0000000","dbh":"3","planteddate":null,"updateddate":"2017-04-14 08:26:21.0000000","geometry":"POINT(-73.71906103790884 40.732996109391905)","genusspecies":"Ulmus parvifolia - Chinese elm"}},{"type":"Feature","geometry":{"type":"Point","coordinates":[-73.8255044756752,40.675276162902385]},"properties":{"tpcondition":"Poor","stumpdiameter":null,"riskratingdate":"2025-08-22 13:00:16.0000000","riskrating":"8","objectid":"4016180","globalid":"58D344AD-7B7A-43BD-BB0A-E9ADFF915E3D","tpstructure":"Full","plantingspaceglobalid":"2B409F0C-5E52-4B1E-9348-D6839DBE4964","createddate":"2016-07-27 13:59:12.0000000","dbh":"7","planteddate":null,"updateddate":"2025-08-22 13:00:16.0000000","geometry":"POINT(-73.8255044756752 40.675276162902385)","genusspecies":"Ginkgo biloba - maidenhair tree"}},{"type":"Feature","geometry":{"type":"Point","coordinates":[-73.78271987535959,40.72586681148651]},"properties":{"tpcondition":"Good","stumpdiameter":"0","riskratingdate":null,"riskrating":null,"objectid":"4016181","globalid":"E85998A7-C521-4888-8797-64DF793857B0","tpstructure":"Full","plantingspaceglobalid":"8FC4FD31-7839-403F-865D-72361A859CE2","createddate":"2016-07-27 13:23:19.0000000","dbh":"10","planteddate":null,"updateddate":"2017-05-15 13:26:53.0000000","geometry":"POINT(-73.78271987535959 40.72586681148651)","genusspecies":"Acer rubrum - red maple"}},{"type":"Feature","geometry":{"type":"Point","coordinates":[-73.90291563168047,40.73502956155378]},"properties":{"tpcondition":"Good","stumpdiameter":null,"riskratingdate":"2024-09-09 15:58:06.0000000","riskrating":"7","objectid":"4016182","globalid":"B94CA87A-5FB2-420B-AEB9-155452E6A784","tpstructure":"Full","plantingspaceglobalid":"EA447A02-C935-42FD-9A0D-1617690FB02B","createddate":"2016-07-27 13:13:25.0000000","dbh":"10","planteddate":null,"updateddate":"2024-09-09 15:58:06.0000000","geometry":"POINT(-73.90291563168047 40.73502956155378)","genusspecies":"Gleditsia triacanthos var. inermis - Thornless honeylocust"}},{"type":"Feature","geometry":{"type":"Point","coordinates":[-73.75750277323397,40.697580007628886]},"properties":{"tpcondition":"Fair","stumpdiameter":"0","riskratingdate":"2022-05-26 13:32:34.0000000","riskrating":"9","objectid":"4016183","globalid":"56885AA5-95A7-4EAB-9CE4-5E5FE3578944","tpstructure":"Full","plantingspaceglobalid":"160023B4-3DE2-43CB-8E98-769C324BC5F5","createddate":"2016-07-27 13:38:34.0000000","dbh":"30","planteddate":null,"updateddate":"2022-05-26 13:32:34.0000000","geometry":"POINT(-73.75750277323397 40.697580007628886)","genusspecies":"Platanus x acerifolia - London planetree"}},{"type":"Feature","geometry":{"type":"Point","coordinates":[-73.7194160282838,40.732340140947805]},"properties":{"tpcondition":"Fair","stumpdiameter":"0","riskratingdate":"2021-06-21 15:46:32.0000000","riskrating":"5","objectid":"4016184","globalid":"D2AA489A-9A9E-4137-8A18-99DBA62ED4F0","tpstructure":"Full","plantingspaceglobalid":"4E795AF8-3A30-45F3-80D8-214FEF8B9952","createddate":"2016-06-30 10:08:28.0000000","dbh":"16","planteddate":null,"updateddate":"2021-06-21 15:46:32.0000000","geometry":"POINT(-73.7194160282838 40.732340140947805)","genusspecies":"Quercus palustris - pin oak"}},{"type":"Feature","geometry":{"type":"Point","coordinates":[-73.79603698236699,40.73098618895425]},"properties":{"tpcondition":"Good","stumpdiameter":"0","riskratingdate":null,"riskrating":null,"objectid":"4016185","globalid":"B51CFDD9-9611-4743-A440-2936C8DBC2B8","tpstructure":"Full","plantingspaceglobalid":"0F4EF46E-4DF0-46B6-8ADB-9E31A1AA471F","createddate":"2016-07-27 13:29:48.0000000","dbh":"2","planteddate":null,"updateddate":null,"geometry":"POINT(-73.79603698236699 40.73098618895425)","genusspecies":"Ginkgo biloba - maidenhair tree"}},{"type":"Feature","geometry":{"type":"Point","coordinates":[-73.71255037419652,40.743654444305406]},"properties":{"tpcondition":"Good","stumpdiameter":null,"riskratingdate":"2020-10-29 15:58:53.0000000","riskrating":"6","objectid":"4016186","globalid":"7D018515-961D-4D48-9F7F-D84ED4FB2D50","tpstructure":"Full","plantingspaceglobalid":"7ABC2F3C-A4F3-40C7-8997-E0567AA6D659","createddate":"2016-06-30 10:11:05.0000000","dbh":"16","planteddate":null,"updateddate":"2020-10-29 15:58:53.0000000","geometry":"POINT(-73.71255037419652 40.743654444305406)","genusspecies":"Gleditsia triacanthos var. inermis - Thornless honeylocust"}},{"type":"Feature","geometry":{"type":"Point","coordinates":[-73.73909955526064,40.753753166770785]},"properties":{"tpcondition":"Good","stumpdiameter":"0","riskratingdate":null,"riskrating":null,"objectid":"4016187","globalid":"FF002220-1981-45F3-8747-7A5B739BCEDE","tpstructure":"Full","plantingspaceglobalid":"C2FF5DDC-9EFA-4843-8CC6-77A7BCBF2586","createddate":"2016-07-27 14:15:46.0000000","dbh":"13","planteddate":null,"updateddate":null,"geometry":"POINT(-73.73909955526064 40.753753166770785)","genusspecies":"Platanus x acerifolia - London planetree"}},{"type":"Feature","geometry":{"type":"Point","coordinates":[-73.73014215299965,40.740579065192485]},"properties":{"tpcondition":"Good","stumpdiameter":"0","riskratingdate":null,"riskrating":null,"objectid":"4016188","globalid":"A678B0D6-E865-4DBE-A52A-70407D5138EC","tpstructure":"Full","plantingspaceglobalid":"1F62E836-E593-405E-976C-1F4B2B694BB9","createddate":"2016-07-27 13:48:19.0000000","dbh":"3","planteddate":null,"updateddate":null,"geometry":"POINT(-73.73014215299965 40.740579065192485)","genusspecies":"Gleditsia triacanthos var. inermis - Thornless honeylocust"}},{"type":"Feature","geometry":{"type":"Point","coordinates":[-74.15038839116887,40.56603943056963]},"properties":{"tpcondition":"Good","stumpdiameter":null,"riskratingdate":"2025-10-01 16:48:12.0000000","riskrating":"7","objectid":"4016189","globalid":"0EB96DC9-148E-489E-9680-29796523BA22","tpstructure":"Full","plantingspaceglobalid":"27EB051A-AAFB-4D77-B8E4-E8F8584A3F5F","createddate":"2016-07-27 14:25:03.0000000","dbh":"17","planteddate":null,"updateddate":"2025-10-01 16:48:12.0000000","geometry":"POINT(-74.15038839116887 40.56603943056963)","genusspecies":"Liquidambar styraciflua - sweetgum"}},{"type":"Feature","geometry":{"type":"Point","coordinates":[-74.17362366201196,40.555581418271025]},"properties":{"tpcondition":"Fair","stumpdiameter":"0","riskratingdate":null,"riskrating":null,"objectid":"4016190","globalid":"D0FB71FD-46A2-40A4-AFF9-5D8BC271E4F4","tpstructure":"Full","plantingspaceglobalid":"778BAF95-508E-493E-96B3-4159DBC2B7E5","createddate":"2016-06-30 09:53:25.0000000","dbh":"3","planteddate":null,"updateddate":"2017-08-15 09:18:59.0000000","geometry":"POINT(-74.17362366201196 40.555581418271025)","genusspecies":"Pyrus calleryana - Callery pear"}},{"type":"Feature","geometry":{"type":"Point","coordinates":[-73.80716117755384,40.722688003022704]},"properties":{"tpcondition":"Good","stumpdiameter":"0","riskratingdate":"2020-03-26 20:31:17.0000000","riskrating":"6","objectid":"4016191","globalid":"9300E649-6EF6-40F4-9097-9B3D69B9E743","tpstructure":"Full","plantingspaceglobalid":"402A59E5-0BEE-47FB-A4F2-98ACB0247E2B","createddate":"2016-07-27 13:58:19.0000000","dbh":"18","planteddate":null,"updateddate":"2020-03-26 20:31:17.0000000","geometry":"POINT(-73.80716117755384 40.722688003022704)","genusspecies":"Zelkova serrata - Japanese zelkova"}},{"type":"Feature","geometry":{"type":"Point","coordinates":[-74.0332444337556,40.618367479975696]},"properties":{"tpcondition":"Unknown","stumpdiameter":"6","riskratingdate":"2017-06-12 13:57:00.0000000","riskrating":"5","objectid":"4016192","globalid":"763C8AAF-5747-4F6F-B91C-8C368E085778","tpstructure":"Retired","plantingspaceglobalid":"9D27FD16-4035-4D2B-B0CE-DEA7278F196E","createddate":"2016-07-27 14:16:00.0000000","dbh":"6","planteddate":null,"updateddate":"2018-04-02 15:04:00.0000000","geometry":"POINT(-74.0332444337556 40.618367479975696)","genusspecies":"Ginkgo biloba - maidenhair tree"}},{"type":"Feature","geometry":{"type":"Point","coordinates":[-73.70927795056946,40.74235618209796]},"properties":{"tpcondition":"Fair","stumpdiameter":null,"riskratingdate":"2020-11-05 04:37:27.0000000","riskrating":"7","objectid":"4016193","globalid":"0604CF19-33F5-4B0F-AF13-8A899872B767","tpstructure":"Full","plantingspaceglobalid":"C142C123-CCFA-4F5D-BE85-63C1487F7414","createddate":"2016-06-30 10:12:22.0000000","dbh":"12","planteddate":null,"updateddate":"2020-11-05 04:37:27.0000000","geometry":"POINT(-73.70927795056946 40.74235618209796)","genusspecies":"Pyrus calleryana - Callery pear"}},{"type":"Feature","geometry":{"type":"Point","coordinates":[-73.79759164375628,40.78736357929938]},"properties":{"tpcondition":"Dead","stumpdiameter":"0","riskratingdate":"2021-04-01 14:26:00.0000000","riskrating":"8","objectid":"4016194","globalid":"FC7AF28B-D943-40F7-88AD-ECC462DC345D","tpstructure":"Retired","plantingspaceglobalid":"C9021069-089A-4027-81CF-EE6F5251B112","createddate":"2016-06-30 10:21:00.0000000","dbh":"11","planteddate":null,"updateddate":"2023-10-30 12:54:00.0000000","geometry":"POINT(-73.79759164375628 40.78736357929938)","genusspecies":"Acer rubrum - red maple"}},{"type":"Feature","geometry":{"type":"Point","coordinates":[-74.17295629779915,40.53380492688723]},"properties":{"tpcondition":"Fair","stumpdiameter":"0","riskratingdate":null,"riskrating":null,"objectid":"4016195","globalid":"82DEBB3A-8F2E-4ED2-94EB-E1F8D7CCB5FF","tpstructure":"Full","plantingspaceglobalid":"E10C6084-B896-4C3B-84C9-3D72B53E0573","createddate":"2016-06-30 09:52:41.0000000","dbh":"10","planteddate":null,"updateddate":"2017-07-17 15:56:21.0000000","geometry":"POINT(-74.17295629779915 40.53380492688723)","genusspecies":"Acer - maple"}},{"type":"Feature","geometry":{"type":"Point","coordinates":[-73.73228946407802,40.655801623087335]},"properties":{"tpcondition":"Fair","stumpdiameter":null,"riskratingdate":"2023-06-09 18:19:59.0000000","riskrating":"7","objectid":"4016196","globalid":"5B9AD93F-F5F0-471A-9D5E-B9C3368B2098","tpstructure":"Full","plantingspaceglobalid":"A9F17BCF-6BD1-4118-A4F1-B10C43F77F50","createddate":"2016-07-27 13:51:02.0000000","dbh":"21","planteddate":null,"updateddate":"2023-06-09 18:19:59.0000000","geometry":"POINT(-73.73228946407802 40.655801623087335)","genusspecies":"Gleditsia triacanthos var. inermis - Thornless honeylocust"}},{"type":"Feature","geometry":{"type":"Point","coordinates":[-73.70981259939795,40.73329246413182]},"properties":{"tpcondition":"Fair","stumpdiameter":"0","riskratingdate":"2020-03-18 18:49:54.0000000","riskrating":"6","objectid":"4016197","globalid":"E0C2128C-C592-4EF2-8056-8A7970DB6D39","tpstructure":"Full","plantingspaceglobalid":"8DA69E3A-1859-435C-AF75-C7A6ACC07055","createddate":"2016-06-30 10:39:26.0000000","dbh":"17","planteddate":null,"updateddate":"2020-03-18 18:49:54.0000000","geometry":"POINT(-73.70981259939795 40.73329246413182)","genusspecies":"Acer platanoides - Norway maple"}},{"type":"Feature","geometry":{"type":"Point","coordinates":[-74.0233595136601,40.63909022066358]},"properties":{"tpcondition":"Poor","stumpdiameter":null,"riskratingdate":"2021-05-24 11:53:30.0000000","riskrating":"6","objectid":"4016198","globalid":"8C1DE09F-09B8-4866-9FA4-96E75FF241F5","tpstructure":"Full","plantingspaceglobalid":"F0EC8202-5813-40F2-9BA5-295C8875AC9E","createddate":"2016-07-27 14:19:23.0000000","dbh":"6","planteddate":null,"updateddate":"2021-05-24 11:53:30.0000000","geometry":"POINT(-74.0233595136601 40.63909022066358)","genusspecies":"Gleditsia triacanthos var. inermis - Thornless honeylocust"}},{"type":"Feature","geometry":{"type":"Point","coordinates":[-73.80691002413938,40.7901581005669]},"properties":{"tpcondition":"Poor","stumpdiameter":"0","riskratingdate":"2019-04-25 11:33:50.0000000","riskrating":"6","objectid":"4016199","globalid":"37DB5B82-B6AF-4DBC-90E1-6F7189B0F6F9","tpstructure":"Full","plantingspaceglobalid":"8D450816-2A77-4B14-87BE-11CD023BEDDB","createddate":"2016-07-27 13:51:34.0000000","dbh":"5","planteddate":null,"updateddate":"2019-04-25 15:33:51.0000000","geometry":"POINT(-73.80691002413938 40.7901581005669)","genusspecies":"Ostrya virginiana - hophornbeam"}},{"type":"Feature","geometry":{"type":"Point","coordinates":[-73.71784494986126,40.73113553088351]},"properties":{"tpcondition":"Poor","stumpdiameter":null,"riskratingdate":"2025-04-30 17:09:24.0000000","riskrating":"7","objectid":"4016200","globalid":"8D386BE4-0286-4ED8-8209-5E32AF09AE8F","tpstructure":"Full","plantingspaceglobalid":"C2506D1E-4340-49EB-B3C3-69BE4425BC80","createddate":"2016-06-30 10:09:18.0000000","dbh":"14","planteddate":null,"updateddate":"2025-04-30 17:19:00.0000000","geometry":"POINT(-73.71784494986126 40.73113553088351)","genusspecies":"Acer platanoides - Norway maple"}},{"type":"Feature","geometry":{"type":"Point","coordinates":[-73.82264470375928,40.79240338044388]},"properties":{"tpcondition":"Good","stumpdiameter":null,"riskratingdate":"2022-01-07 20:09:21.0000000","riskrating":"7","objectid":"4016201","globalid":"0AFF986B-4412-41D0-B1D0-62FBEB841772","tpstructure":"Full","plantingspaceglobalid":"016BD4EE-FFB8-4788-89CC-1B12C7842899","createddate":"2016-06-30 10:21:42.0000000","dbh":"21","planteddate":null,"updateddate":"2022-01-07 20:09:21.0000000","geometry":"POINT(-73.82264470375928 40.79240338044388)","genusspecies":"Quercus palustris - pin oak"}},{"type":"Feature","geometry":{"type":"Point","coordinates":[-73.70106190379174,40.743889769731645]},"properties":{"tpcondition":"Good","stumpdiameter":null,"riskratingdate":"2021-01-07 18:55:53.0000000","riskrating":"6","objectid":"4016202","globalid":"9A936CC6-7142-43EA-B071-3D574E3ECC86","tpstructure":"Full","plantingspaceglobalid":"7544CEE9-AD6D-4774-9753-6191B88A3543","createddate":"2016-06-30 10:26:19.0000000","dbh":"22","planteddate":null,"updateddate":"2021-01-07 18:55:53.0000000","geometry":"POINT(-73.70106190379174 40.743889769731645)","genusspecies":"Platanus x acerifolia - London planetree"}},{"type":"Feature","geometry":{"type":"Point","coordinates":[-73.71196030120034,40.72996620915895]},"properties":{"tpcondition":"Dead","stumpdiameter":null,"riskratingdate":"2025-05-12 16:22:00.0000000","riskrating":"9","objectid":"4016203","globalid":"2CF3B375-2DC8-4175-A01F-187F6CCE3564","tpstructure":"Stump","plantingspaceglobalid":"B01EDB67-B442-4A08-89F3-DD68715EEFEC","createddate":"2016-06-30 09:47:00.0000000","dbh":"10","planteddate":null,"updateddate":"2025-06-05 18:54:00.0000000","geometry":"POINT(-73.71196030120034 40.72996620915895)","genusspecies":"Prunus serrulata 'Not Green leaf' - 'Not Green leaf' Japanese flowering cherry"}},{"type":"Feature","geometry":{"type":"Point","coordinates":[-73.76044572188817,40.70070772541212]},"properties":{"tpcondition":"Good","stumpdiameter":"0","riskratingdate":null,"riskrating":null,"objectid":"4016204","globalid":"A2D395BC-D0E6-4929-9D9E-06B452B5F8AA","tpstructure":"Full","plantingspaceglobalid":"99405E3E-E3B4-417B-880C-EBA60111EE70","createddate":"2016-07-27 13:42:08.0000000","dbh":"5","planteddate":null,"updateddate":"2017-04-25 10:28:56.0000000","geometry":"POINT(-73.76044572188817 40.70070772541212)","genusspecies":"Zelkova serrata - Japanese zelkova"}},{"type":"Feature","geometry":{"type":"Point","coordinates":[-73.7215125138559,40.741262817560255]},"properties":{"tpcondition":"Fair","stumpdiameter":"0","riskratingdate":"2021-02-22 14:56:14.0000000","riskrating":"4","objectid":"4016205","globalid":"DA8F1087-75B3-46A9-B725-4D36100FE1F4","tpstructure":"Full","plantingspaceglobalid":"30009336-8784-460F-BEDB-C35C1E5E67A3","createddate":"2016-06-30 10:27:51.0000000","dbh":"23","planteddate":null,"updateddate":"2021-02-22 14:56:13.0000000","geometry":"POINT(-73.7215125138559 40.741262817560255)","genusspecies":"Platanus x acerifolia - London planetree"}},{"type":"Feature","geometry":{"type":"Point","coordinates":[-73.77966440031612,40.74498049110124]},"properties":{"tpcondition":"Good","stumpdiameter":null,"riskratingdate":"2024-09-12 18:39:21.0000000","riskrating":"3","objectid":"4016206","globalid":"B98E0B18-1970-4C43-8E7C-49B5B16BA2A7","tpstructure":"Full","plantingspaceglobalid":"06A24871-83AC-40CF-A54F-69E6A27CF05A","createddate":"2016-07-27 13:30:19.0000000","dbh":"22","planteddate":null,"updateddate":"2024-09-12 18:39:21.0000000","geometry":"POINT(-73.77966440031612 40.74498049110124)","genusspecies":"Platanus x acerifolia - London planetree"}},{"type":"Feature","geometry":{"type":"Point","coordinates":[-73.80290755376568,40.7549081529501]},"properties":{"tpcondition":"Good","stumpdiameter":"0","riskratingdate":"2019-11-08 19:06:16.0000000","riskrating":"3","objectid":"4016207","globalid":"60697FE6-BCCF-4F4E-B04E-DBEF70C34E9B","tpstructure":"Full","plantingspaceglobalid":"AD9EFA25-2240-44F4-B352-0CE21CCDE1D5","createddate":"2016-07-27 12:51:47.0000000","dbh":"5","planteddate":null,"updateddate":"2019-11-08 19:06:16.0000000","geometry":"POINT(-73.80290755376568 40.7549081529501)","genusspecies":"Syringa reticulata - Japanese tree lilac"}},{"type":"Feature","geometry":{"type":"Point","coordinates":[-73.76647050484205,40.74513397528224]},"properties":{"tpcondition":"Fair","stumpdiameter":null,"riskratingdate":"2021-10-19 18:37:50.0000000","riskrating":"6","objectid":"4016208","globalid":"62D725E4-FD23-43D4-9E95-08DF34B42AF6","tpstructure":"Full","plantingspaceglobalid":"7F776003-4D94-4044-A0A1-09E3CE265295","createddate":"2016-07-27 13:08:16.0000000","dbh":"24","planteddate":null,"updateddate":"2021-10-19 18:37:50.0000000","geometry":"POINT(-73.76647050484205 40.74513397528224)","genusspecies":"Quercus palustris - pin oak"}},{"type":"Feature","geometry":{"type":"Point","coordinates":[-73.8630174122837,40.704072559370694]},"properties":{"tpcondition":"Dead","stumpdiameter":"0","riskratingdate":"2019-06-03 12:38:14.0000000","riskrating":"8","objectid":"4016209","globalid":"5D685773-0626-475E-8422-2231ACB6FC38","tpstructure":"Full","plantingspaceglobalid":"63386B6E-EB94-4CF0-9659-61DA1D9EF9BE","createddate":"2016-07-27 13:46:38.0000000","dbh":"17","planteddate":null,"updateddate":"2019-06-03 16:38:15.0000000","geometry":"POINT(-73.8630174122837 40.704072559370694)","genusspecies":"Quercus palustris - pin oak"}},{"type":"Feature","geometry":{"type":"Point","coordinates":[-73.77308789937723,40.70173128291603]},"properties":{"tpcondition":"Fair","stumpdiameter":"0","riskratingdate":null,"riskrating":null,"objectid":"4016210","globalid":"19F33B19-4C36-441E-84AA-707835AE277E","tpstructure":"Full","plantingspaceglobalid":"60674E4E-DB57-40AC-A88F-A01EBC2EA390","createddate":"2016-07-27 12:58:59.0000000","dbh":"7","planteddate":null,"updateddate":"2017-04-24 11:58:47.0000000","geometry":"POINT(-73.77308789937723 40.70173128291603)","genusspecies":"Zelkova serrata - Japanese zelkova"}},{"type":"Feature","geometry":{"type":"Point","coordinates":[-73.76273516432391,40.745969191410246]},"properties":{"tpcondition":"Fair","stumpdiameter":null,"riskratingdate":"2021-10-15 19:08:08.0000000","riskrating":"6","objectid":"4016211","globalid":"D59D736C-DDF7-4A03-99E9-79063D071F71","tpstructure":"Full","plantingspaceglobalid":"D2276C4D-1F4C-416F-BE9F-8A9ABA317EA9","createddate":"2016-07-27 14:05:32.0000000","dbh":"27","planteddate":null,"updateddate":"2021-10-15 19:08:08.0000000","geometry":"POINT(-73.76273516432391 40.745969191410246)","genusspecies":"Quercus palustris - pin oak"}},{"type":"Feature","geometry":{"type":"Point","coordinates":[-73.73906768413877,40.70061151220485]},"properties":{"tpcondition":"Good","stumpdiameter":"0","riskratingdate":null,"riskrating":null,"objectid":"4016212","globalid":"5751E3DD-5969-4015-82F8-C59B98A52F3E","tpstructure":"Full","plantingspaceglobalid":"E36DEBD9-046B-444D-830B-CFFF85C02FF1","createddate":"2016-06-30 10:33:30.0000000","dbh":"5","planteddate":null,"updateddate":"2019-03-13 15:47:11.0000000","geometry":"POINT(-73.73906768413877 40.70061151220485)","genusspecies":"Styphnolobium japonicum - Japanese pagoda tree"}},{"type":"Feature","geometry":{"type":"Point","coordinates":[-73.76903632370833,40.6701018207645]},"properties":{"tpcondition":"Dead","stumpdiameter":"19","riskratingdate":"2023-05-03 14:45:42.0000000","riskrating":"9","objectid":"4016213","globalid":"A42B7F4C-787E-4BC4-8929-4BAA529CD982","tpstructure":"Stump","plantingspaceglobalid":"7AF86319-0E38-4D62-A1DD-B3145F54CC85","createddate":"2016-07-27 13:57:51.0000000","dbh":"18","planteddate":null,"updateddate":"2025-04-05 20:01:10.0000000","geometry":"POINT(-73.76903632370833 40.6701018207645)","genusspecies":"Tilia cordata - littleleaf linden"}},{"type":"Feature","geometry":{"type":"Point","coordinates":[-73.78616754706086,40.743815646235284]},"properties":{"tpcondition":"Good","stumpdiameter":"0","riskratingdate":null,"riskrating":null,"objectid":"4016214","globalid":"F5CAD7D9-0B70-4F3B-9DC6-EB0B1F676ACD","tpstructure":"Full","plantingspaceglobalid":"7386EEEC-02B1-4D6F-86FC-2C903B66C995","createddate":"2016-07-27 14:17:37.0000000","dbh":"16","planteddate":null,"updateddate":"2018-05-08 12:46:57.0000000","geometry":"POINT(-73.78616754706086 40.743815646235284)","genusspecies":"Platanus x acerifolia - London planetree"}},{"type":"Feature","geometry":{"type":"Point","coordinates":[-73.73063361111645,40.7261286310153]},"properties":{"tpcondition":"Good","stumpdiameter":"0","riskratingdate":"2025-10-09 16:03:05.0000000","riskrating":"6","objectid":"4016215","globalid":"3CEDDAA7-92D9-4F55-A5D1-8D88D2EC2EF5","tpstructure":"Full","plantingspaceglobalid":"764BB6C2-1CFB-4122-9E7B-59907A850A54","createddate":"2016-06-30 10:23:17.0000000","dbh":"12","planteddate":null,"updateddate":"2025-10-09 16:03:05.0000000","geometry":"POINT(-73.73063361111645 40.7261286310153)","genusspecies":"Pyrus calleryana - Callery pear"}},{"type":"Feature","geometry":{"type":"Point","coordinates":[-73.79233339041967,40.725482015104596]},"properties":{"tpcondition":"Poor","stumpdiameter":null,"riskratingdate":"2025-10-29 19:26:20.0000000","riskrating":"8","objectid":"4016216","globalid":"1C991E88-5CA9-41E9-AAAF-61D138D97BAF","tpstructure":"Full","plantingspaceglobalid":"E19F48BA-F514-42D3-93E4-9EA461723D7F","createddate":"2016-07-27 13:10:00.0000000","dbh":"13","planteddate":null,"updateddate":"2025-10-29 19:26:20.0000000","geometry":"POINT(-73.79233339041967 40.725482015104596)","genusspecies":"Fraxinus pennsylvanica - Green ash"}},{"type":"Feature","geometry":{"type":"Point","coordinates":[-73.73312099751165,40.77194362589654]},"properties":{"tpcondition":"Good","stumpdiameter":"0","riskratingdate":null,"riskrating":null,"objectid":"4016217","globalid":"7384BA96-FC9B-4D39-8C52-954DEA8F32CC","tpstructure":"Full","plantingspaceglobalid":"7697A018-2567-4CAF-B283-5D698DA935B5","createddate":"2016-07-27 13:48:45.0000000","dbh":"7","planteddate":null,"updateddate":null,"geometry":"POINT(-73.73312099751165 40.77194362589654)","genusspecies":"Ostrya virginiana - hophornbeam"}},{"type":"Feature","geometry":{"type":"Point","coordinates":[-73.74773207739955,40.699276907558584]},"properties":{"tpcondition":"Dead","stumpdiameter":null,"riskratingdate":"2020-09-02 15:08:35.0000000","riskrating":"8","objectid":"4016218","globalid":"899DD467-FD24-474C-ABCD-1687C766DE1A","tpstructure":"Retired","plantingspaceglobalid":"AEAF6963-7ABE-4161-910F-E07213D21DA7","createddate":"2016-06-30 09:57:53.0000000","dbh":"19","planteddate":null,"updateddate":"2024-04-29 16:02:23.0000000","geometry":"POINT(-73.74773207739955 40.699276907558584)","genusspecies":"Acer platanoides - Norway maple"}},{"type":"Feature","geometry":{"type":"Point","coordinates":[-73.8029070575665,40.791993277067256]},"properties":{"tpcondition":"Poor","stumpdiameter":null,"riskratingdate":"2022-01-14 13:43:10.0000000","riskrating":"6","objectid":"4016219","globalid":"0F8181A6-2923-4F2F-A8A0-8CB896232CFB","tpstructure":"Full","plantingspaceglobalid":"C9F2FFC6-FB0F-4AB8-9FB1-4A69D6D2673B","createddate":"2016-07-27 13:25:53.0000000","dbh":"6","planteddate":null,"updateddate":"2022-01-14 13:43:10.0000000","geometry":"POINT(-73.8029070575665 40.791993277067256)","genusspecies":"Prunus serrulata 'Green leaf' - 'Green leaf' Japanese flowering cherry"}},{"type":"Feature","geometry":{"type":"Point","coordinates":[-73.99868288161676,40.63709925545289]},"properties":{"tpcondition":"Good","stumpdiameter":null,"riskratingdate":"2022-02-14 15:24:21.0000000","riskrating":"5","objectid":"4016220","globalid":"9DCB53BE-E50C-4EE9-A1F1-582C8C792D54","tpstructure":"Full","plantingspaceglobalid":"84262720-345D-42FC-9356-79F425EBC6AC","createddate":"2016-07-27 13:08:07.0000000","dbh":"5","planteddate":null,"updateddate":"2022-02-14 15:24:21.0000000","geometry":"POINT(-73.99868288161676 40.63709925545289)","genusspecies":"Quercus palustris - pin oak"}},{"type":"Feature","geometry":{"type":"Point","coordinates":[-73.79277269791658,40.74138518597644]},"properties":{"tpcondition":"Fair","stumpdiameter":"0","riskratingdate":null,"riskrating":null,"objectid":"4016221","globalid":"006E6D55-E1F3-42A7-AD36-0A76883F4FCF","tpstructure":"Retired","plantingspaceglobalid":"38D4CD9A-1D21-4D96-9A9D-5A1F58DB21FC","createddate":"2016-07-27 13:29:20.0000000","dbh":"3","planteddate":null,"updateddate":"2017-12-07 13:23:38.0000000","geometry":"POINT(-73.79277269791658 40.74138518597644)","genusspecies":"Quercus palustris - pin oak"}},{"type":"Feature","geometry":{"type":"Point","coordinates":[-73.99761504248117,40.633282237408125]},"properties":{"tpcondition":"Good","stumpdiameter":"0","riskratingdate":"2017-08-16 16:22:44.0000000","riskrating":"3","objectid":"4016222","globalid":"3311C4DC-9A47-4A9F-833F-C3059CEA0E08","tpstructure":"Full","plantingspaceglobalid":"13725453-6D0E-4594-B9D7-405F7D42EB7F","createddate":"2016-07-27 13:59:23.0000000","dbh":"5","planteddate":null,"updateddate":"2017-11-21 04:11:11.0000000","geometry":"POINT(-73.99761504248117 40.633282237408125)","genusspecies":"Ginkgo biloba - maidenhair tree"}},{"type":"Feature","geometry":{"type":"Point","coordinates":[-73.79503946051531,40.75060087759222]},"properties":{"tpcondition":"Good","stumpdiameter":"0","riskratingdate":"2019-12-19 22:52:22.0000000","riskrating":"6","objectid":"4016223","globalid":"33B2C685-A858-4F5F-ACB9-475A186D3B27","tpstructure":"Full","plantingspaceglobalid":"F3B0FB03-6E91-477F-A277-FE561CB7F73E","createddate":"2016-07-27 13:13:52.0000000","dbh":"8","planteddate":null,"updateddate":"2019-12-19 22:52:18.0000000","geometry":"POINT(-73.79503946051531 40.75060087759222)","genusspecies":"Prunus cerasifera - cherry plum"}},{"type":"Feature","geometry":{"type":"Point","coordinates":[-73.81204231484368,40.748372586514144]},"properties":{"tpcondition":"Good","stumpdiameter":"0","riskratingdate":"2019-11-07 16:02:52.0000000","riskrating":"6","objectid":"4016224","globalid":"7B8EF5A3-30B2-4BDA-8DE2-3A91AE395ED4","tpstructure":"Full","plantingspaceglobalid":"029F38E6-6B45-4569-82A4-8E82B4A3A230","createddate":"2016-07-27 13:21:00.0000000","dbh":"20","planteddate":null,"updateddate":"2019-11-07 16:02:52.0000000","geometry":"POINT(-73.81204231484368 40.748372586514144)","genusspecies":"Tilia x. europaea - Common linden"}},{"type":"Feature","geometry":{"type":"Point","coordinates":[-73.70456795269749,40.75080536346161]},"properties":{"tpcondition":"Dead","stumpdiameter":"0","riskratingdate":null,"riskrating":null,"objectid":"4016225","globalid":"60ADA46D-685A-44A1-B2B1-FA7803D6D359","tpstructure":"Retired","plantingspaceglobalid":"2655BEF7-A23C-4ADF-9210-E08BDDDB4835","createddate":"2016-06-30 10:37:00.0000000","dbh":"14","planteddate":null,"updateddate":"2019-11-01 15:43:00.0000000","geometry":"POINT(-73.70456795269749 40.75080536346161)","genusspecies":"Acer platanoides - Norway maple"}},{"type":"Feature","geometry":{"type":"Point","coordinates":[-73.70614862833982,40.736918603119825]},"properties":{"tpcondition":"Good","stumpdiameter":null,"riskratingdate":"2020-12-28 17:35:55.0000000","riskrating":"6","objectid":"4016226","globalid":"5D2D31F8-66AC-47B7-ADE0-112EADC06D0C","tpstructure":"Full","plantingspaceglobalid":"993700DB-83BD-4260-8943-381ED7BC79E3","createddate":"2016-06-30 10:26:35.0000000","dbh":"17","planteddate":null,"updateddate":"2020-12-28 17:35:55.0000000","geometry":"POINT(-73.70614862833982 40.736918603119825)","genusspecies":"Pyrus calleryana - Callery pear"}},{"type":"Feature","geometry":{"type":"Point","coordinates":[-73.7259145147637,40.73730786903106]},"properties":{"tpcondition":"Fair","stumpdiameter":null,"riskratingdate":"2025-05-05 12:27:34.0000000","riskrating":"9","objectid":"4016227","globalid":"B669B336-9185-40AB-BF46-C288999734D4","tpstructure":"Full","plantingspaceglobalid":"82D8239A-9C20-41BC-B380-034B528EF49A","createddate":"2016-06-30 10:38:19.0000000","dbh":"23","planteddate":null,"updateddate":"2025-05-05 12:27:34.0000000","geometry":"POINT(-73.7259145147637 40.73730786903106)","genusspecies":"Acer platanoides - Norway maple"}},{"type":"Feature","geometry":{"type":"Point","coordinates":[-73.84547069970087,40.57677975634969]},"properties":{"tpcondition":"Good","stumpdiameter":null,"riskratingdate":"2022-07-11 14:19:14.0000000","riskrating":"9","objectid":"4016228","globalid":"380095FE-FBEA-4273-A6FD-71E085C2F27C","tpstructure":"Full","plantingspaceglobalid":"6B7B12BA-9E4F-43D3-AB0E-C36656B17D38","createddate":"2016-07-27 13:17:49.0000000","dbh":"11","planteddate":null,"updateddate":"2022-07-11 14:19:14.0000000","geometry":"POINT(-73.84547069970087 40.57677975634969)","genusspecies":"Gleditsia triacanthos var. inermis - Thornless honeylocust"}},{"type":"Feature","geometry":{"type":"Point","coordinates":[-73.74174363435387,40.73184982834425]},"properties":{"tpcondition":"Fair","stumpdiameter":"0","riskratingdate":null,"riskrating":null,"objectid":"4016229","globalid":"0F80BE6E-71A5-420D-AE40-07F8B16F1EFE","tpstructure":"Full","plantingspaceglobalid":"1153C350-212E-4279-9D34-7BC47A5C259D","createddate":"2016-07-27 13:08:59.0000000","dbh":"10","planteddate":null,"updateddate":"2017-04-12 04:36:32.0000000","geometry":"POINT(-73.74174363435387 40.73184982834425)","genusspecies":"Gleditsia triacanthos var. inermis - Thornless honeylocust"}},{"type":"Feature","geometry":{"type":"Point","coordinates":[-73.7599615495383,40.67300102028984]},"properties":{"tpcondition":"Fair","stumpdiameter":null,"riskratingdate":"2024-12-05 15:55:22.0000000","riskrating":"7","objectid":"4016230","globalid":"D4F6087C-782A-4E82-AE8E-BB47CBA20D8C","tpstructure":"Full","plantingspaceglobalid":"D53F3E34-24F6-42B0-A025-B3981880358C","createddate":"2016-06-30 10:17:40.0000000","dbh":"29","planteddate":null,"updateddate":"2024-12-05 15:55:22.0000000","geometry":"POINT(-73.7599615495383 40.67300102028984)","genusspecies":"Acer saccharinum - silver maple"}},{"type":"Feature","geometry":{"type":"Point","coordinates":[-73.71457230139184,40.74022456598008]},"properties":{"tpcondition":"Dead","stumpdiameter":"30","riskratingdate":"2020-10-27 17:17:38.0000000","riskrating":"3","objectid":"4016231","globalid":"7B6663DE-3AA0-4E50-B50D-2B6CCB93809A","tpstructure":"Retired","plantingspaceglobalid":"7838A3E1-68EE-411B-8F8E-A708889631F8","createddate":"2016-06-30 10:37:00.0000000","dbh":null,"planteddate":null,"updateddate":"2023-02-17 15:55:55.0000000","geometry":"POINT(-73.71457230139184 40.74022456598008)","genusspecies":"Acer platanoides - Norway maple"}},{"type":"Feature","geometry":{"type":"Point","coordinates":[-74.21133967030964,40.531901520662466]},"properties":{"tpcondition":"Good","stumpdiameter":"0","riskratingdate":null,"riskrating":null,"objectid":"4016232","globalid":"7A4647C9-B72F-40EA-AD2E-BB713314A0D2","tpstructure":"Full","plantingspaceglobalid":"B6A76945-4ED8-4B53-B19B-E8429A82854D","createddate":"2016-06-30 10:29:35.0000000","dbh":"4","planteddate":null,"updateddate":null,"geometry":"POINT(-74.21133967030964 40.531901520662466)","genusspecies":"Gleditsia triacanthos var. inermis - Thornless honeylocust"}},{"type":"Feature","geometry":{"type":"Point","coordinates":[-74.03422097993285,40.621206465836146]},"properties":{"tpcondition":"Fair","stumpdiameter":null,"riskratingdate":"2025-01-13 17:06:57.0000000","riskrating":"8","objectid":"4016233","globalid":"808CB412-212E-4398-8103-30CBE4DF7C12","tpstructure":"Full","plantingspaceglobalid":"F80BFF34-A1A2-4E36-BF98-9B93FD3D7529","createddate":"2016-07-27 13:52:04.0000000","dbh":"37","planteddate":null,"updateddate":"2025-01-13 17:06:57.0000000","geometry":"POINT(-74.03422097993285 40.621206465836146)","genusspecies":"Platanus x acerifolia - London planetree"}},{"type":"Feature","geometry":{"type":"Point","coordinates":[-73.79696248015641,40.73082963873159]},"properties":{"tpcondition":"Good","stumpdiameter":null,"riskratingdate":"2025-05-09 16:51:37.0000000","riskrating":"7","objectid":"4016234","globalid":"C00D53A1-3607-4228-A386-8C561647C0EB","tpstructure":"Full","plantingspaceglobalid":"D8A8B278-88BA-495D-BA87-FEC7F1D728F9","createddate":"2016-07-27 13:03:46.0000000","dbh":"17","planteddate":null,"updateddate":"2025-05-09 16:51:37.0000000","geometry":"POINT(-73.79696248015641 40.73082963873159)","genusspecies":"Fraxinus pennsylvanica - Green ash"}},{"type":"Feature","geometry":{"type":"Point","coordinates":[-73.77077913802106,40.716191501592135]},"properties":{"tpcondition":"Fair","stumpdiameter":"0","riskratingdate":"2021-03-12 16:11:18.0000000","riskrating":"7","objectid":"4016235","globalid":"CAB685BD-C6C4-48F0-901A-478BF6A7FF9B","tpstructure":"Full","plantingspaceglobalid":"B885A1D6-A51E-4355-B8BB-28FE35FA7693","createddate":"2016-07-27 12:56:26.0000000","dbh":"16","planteddate":null,"updateddate":"2021-03-22 13:55:33.0000000","geometry":"POINT(-73.77077913802106 40.716191501592135)","genusspecies":"Tilia cordata - littleleaf linden"}},{"type":"Feature","geometry":{"type":"Point","coordinates":[-73.70675937820442,40.741381928954205]},"properties":{"tpcondition":"Good","stumpdiameter":null,"riskratingdate":"2020-11-16 12:40:29.0000000","riskrating":"5","objectid":"4016236","globalid":"968A8A4B-61A6-4B7D-BDC6-846EA7A2B1CC","tpstructure":"Full","plantingspaceglobalid":"18EB09AA-D35A-4F13-86BA-FE5C00F5884D","createddate":"2016-06-30 09:46:22.0000000","dbh":"13","planteddate":null,"updateddate":"2020-11-16 12:40:29.0000000","geometry":"POINT(-73.70675937820442 40.741381928954205)","genusspecies":"Ginkgo biloba - maidenhair tree"}},{"type":"Feature","geometry":{"type":"Point","coordinates":[-73.70865592786758,40.741496766813476]},"properties":{"tpcondition":"Good","stumpdiameter":null,"riskratingdate":"2025-10-26 20:05:10.0000000","riskrating":"3","objectid":"4016237","globalid":"F751C4AD-7ED0-4FFE-A4CF-F9AEDC929385","tpstructure":"Full","plantingspaceglobalid":"0689E9C9-49DF-4504-B137-02588F40DE37","createddate":"2016-06-30 10:08:49.0000000","dbh":"12","planteddate":null,"updateddate":"2025-10-26 20:05:10.0000000","geometry":"POINT(-73.70865592786758 40.741496766813476)","genusspecies":"Ginkgo biloba - maidenhair tree"}},{"type":"Feature","geometry":{"type":"Point","coordinates":[-73.75260123937343,40.7081180581218]},"properties":{"tpcondition":"Poor","stumpdiameter":null,"riskratingdate":"2025-01-14 15:14:34.0000000","riskrating":"8","objectid":"4016238","globalid":"7E8CE9AA-C758-4A07-9DFC-F59E142A59A3","tpstructure":"Full","plantingspaceglobalid":"090154C5-794F-4931-921D-62C566338505","createddate":"2016-07-27 13:23:20.0000000","dbh":"14","planteddate":null,"updateddate":"2025-01-14 15:14:34.0000000","geometry":"POINT(-73.75260123937343 40.7081180581218)","genusspecies":"Acer rubrum - red maple"}},{"type":"Feature","geometry":{"type":"Point","coordinates":[-73.78268563543506,40.74276883631351]},"properties":{"tpcondition":"Good","stumpdiameter":"0","riskratingdate":null,"riskrating":null,"objectid":"4016239","globalid":"237A898A-050E-4147-B37D-264C57939E29","tpstructure":"Full","plantingspaceglobalid":"98C1619F-F2F6-4158-87DA-0350D96AFEC5","createddate":"2016-07-27 14:02:29.0000000","dbh":"21","planteddate":null,"updateddate":"2017-12-20 13:11:13.0000000","geometry":"POINT(-73.78268563543506 40.74276883631351)","genusspecies":"Platanus x acerifolia - London planetree"}},{"type":"Feature","geometry":{"type":"Point","coordinates":[-73.70660153077694,40.74039414117481]},"properties":{"tpcondition":"Good","stumpdiameter":null,"riskratingdate":"2020-11-16 13:01:41.0000000","riskrating":"7","objectid":"4016240","globalid":"121D8BD5-6994-43D3-9010-41B03DAFB3E2","tpstructure":"Full","plantingspaceglobalid":"924DAB43-9F4D-4DA9-817B-B7F2F74D3E4A","createddate":"2016-06-30 10:30:42.0000000","dbh":"20","planteddate":null,"updateddate":"2020-11-16 13:01:41.0000000","geometry":"POINT(-73.70660153077694 40.74039414117481)","genusspecies":"Ginkgo biloba - maidenhair tree"}},{"type":"Feature","geometry":{"type":"Point","coordinates":[-73.81037691367936,40.794987505880506]},"properties":{"tpcondition":"Good","stumpdiameter":null,"riskratingdate":"2022-01-28 16:32:46.0000000","riskrating":"5","objectid":"4016241","globalid":"42F2D0AE-22CA-4A9F-97B6-F009D1C35307","tpstructure":"Full","plantingspaceglobalid":"26D5637C-B612-4483-BDA5-2C2FD97FA822","createddate":"2016-07-27 14:09:02.0000000","dbh":"5","planteddate":null,"updateddate":"2022-01-28 16:32:46.0000000","geometry":"POINT(-73.81037691367936 40.794987505880506)","genusspecies":"Prunus cerasifera - cherry plum"}},{"type":"Feature","geometry":{"type":"Point","coordinates":[-73.82248334021912,40.78117453991247]},"properties":{"tpcondition":"Good","stumpdiameter":null,"riskratingdate":"2025-10-01 14:46:59.0000000","riskrating":"8","objectid":"4016242","globalid":"14C765C0-D84F-4BA0-AA2D-097E5B901B87","tpstructure":"Full","plantingspaceglobalid":"927C74D3-B4C8-4487-A2B4-E5E25FC9602B","createddate":"2016-07-27 13:08:21.0000000","dbh":"32","planteddate":null,"updateddate":"2025-10-01 14:46:59.0000000","geometry":"POINT(-73.82248334021912 40.78117453991247)","genusspecies":"Quercus palustris - pin oak"}},{"type":"Feature","geometry":{"type":"Point","coordinates":[-73.91579611880893,40.758741923685434]},"properties":{"tpcondition":"Poor","stumpdiameter":null,"riskratingdate":"2025-10-17 13:10:25.0000000","riskrating":"7","objectid":"4016243","globalid":"157AED1F-E3A0-4734-ADBE-2B9B7BBE41B7","tpstructure":"Full","plantingspaceglobalid":"71D3E847-1748-4958-9C4C-9A7D744B0001","createddate":"2016-07-27 13:05:59.0000000","dbh":"8","planteddate":null,"updateddate":"2025-10-17 13:10:25.0000000","geometry":"POINT(-73.91579611880893 40.758741923685434)","genusspecies":"Cercis canadensis - eastern redbud"}},{"type":"Feature","geometry":{"type":"Point","coordinates":[-73.73048375774074,40.724937489307074]},"properties":{"tpcondition":"Good","stumpdiameter":"0","riskratingdate":null,"riskrating":null,"objectid":"4016244","globalid":"7C8BBA32-1B54-404A-AAC6-370E3BE3FA80","tpstructure":"Full","plantingspaceglobalid":"4F58ED98-D99A-4B0E-A476-9428B4E8E345","createddate":"2016-06-30 10:24:59.0000000","dbh":"15","planteddate":null,"updateddate":"2017-12-04 13:16:31.0000000","geometry":"POINT(-73.73048375774074 40.724937489307074)","genusspecies":"Tilia tomentosa - silver linden"}},{"type":"Feature","geometry":{"type":"Point","coordinates":[-74.14656271867871,40.606844657625146]},"properties":{"tpcondition":"Fair","stumpdiameter":null,"riskratingdate":null,"riskrating":null,"objectid":"4016245","globalid":"25BFDDBD-0F3E-4E04-AAE2-DAC65A59F77E","tpstructure":"Retired","plantingspaceglobalid":"3529A2FA-626B-4BD4-818F-FFF61826BD93","createddate":"2016-06-30 10:30:00.0000000","dbh":"2","planteddate":null,"updateddate":"2018-09-19 20:14:00.0000000","geometry":"POINT(-74.14656271867871 40.606844657625146)","genusspecies":"Carpinus betulus - European hornbeam"}},{"type":"Feature","geometry":{"type":"Point","coordinates":[-73.78826049937442,40.7551074400396]},"properties":{"tpcondition":"Good","stumpdiameter":null,"riskratingdate":"2025-08-01 12:42:41.0000000","riskrating":"6","objectid":"4016246","globalid":"5BA7C642-E670-4B40-A0B9-9766EFCC059D","tpstructure":"Full","plantingspaceglobalid":"B59FD426-9151-4A80-A015-F00151A36232","createddate":"2016-07-27 14:22:24.0000000","dbh":"26","planteddate":null,"updateddate":"2025-08-01 12:42:41.0000000","geometry":"POINT(-73.78826049937442 40.7551074400396)","genusspecies":"Quercus palustris - pin oak"}},{"type":"Feature","geometry":{"type":"Point","coordinates":[-73.81212121300963,40.75775935916359]},"properties":{"tpcondition":"Fair","stumpdiameter":"0","riskratingdate":"2019-12-09 18:39:43.0000000","riskrating":"5","objectid":"4016247","globalid":"716A6577-4527-46F3-A793-B955414EDEFB","tpstructure":"Full","plantingspaceglobalid":"BBAB6770-8BD9-4E6D-942D-BBC16C24E099","createddate":"2016-07-27 14:19:30.0000000","dbh":"12","planteddate":null,"updateddate":"2019-12-09 18:39:43.0000000","geometry":"POINT(-73.81212121300963 40.75775935916359)","genusspecies":"Gleditsia triacanthos var. inermis - Thornless honeylocust"}},{"type":"Feature","geometry":{"type":"Point","coordinates":[-73.97851051971058,40.625036968509654]},"properties":{"tpcondition":"Good","stumpdiameter":"0","riskratingdate":"2019-11-15 17:53:47.0000000","riskrating":"4","objectid":"4016248","globalid":"EBF36881-4A02-4E23-89D6-A87747FE0ED5","tpstructure":"Full","plantingspaceglobalid":"E5DAFC0C-1C8E-4F93-BE6D-837DC2806473","createddate":"2016-07-27 13:05:50.0000000","dbh":"12","planteddate":null,"updateddate":"2019-11-15 17:53:47.0000000","geometry":"POINT(-73.97851051971058 40.625036968509654)","genusspecies":"Acer platanoides - Norway maple"}},{"type":"Feature","geometry":{"type":"Point","coordinates":[-73.74235743388037,40.73152409859436]},"properties":{"tpcondition":"Good","stumpdiameter":"0","riskratingdate":null,"riskrating":null,"objectid":"4016249","globalid":"08C5B79A-E37D-4B05-9E40-D9A19708B091","tpstructure":"Full","plantingspaceglobalid":"86BD4B80-F5A5-41CC-BEF5-12BF1974CA4A","createddate":"2016-07-27 13:03:21.0000000","dbh":"9","planteddate":null,"updateddate":"2017-04-11 04:28:32.0000000","geometry":"POINT(-73.74235743388037 40.73152409859436)","genusspecies":"Gleditsia triacanthos var. inermis - Thornless honeylocust"}},{"type":"Feature","geometry":{"type":"Point","coordinates":[-73.71311057978981,40.742536973069626]},"properties":{"tpcondition":"Good","stumpdiameter":null,"riskratingdate":"2020-10-27 21:17:47.0000000","riskrating":"6","objectid":"4016250","globalid":"35237044-64F5-4E58-8AC4-82085EBE31F8","tpstructure":"Full","plantingspaceglobalid":"985B5690-DDB1-4686-9ABC-3EEFB7644953","createddate":"2016-06-30 10:39:27.0000000","dbh":"13","planteddate":null,"updateddate":"2020-10-27 21:17:47.0000000","geometry":"POINT(-73.71311057978981 40.742536973069626)","genusspecies":"Acer platanoides - Norway maple"}},{"type":"Feature","geometry":{"type":"Point","coordinates":[-73.76523105747364,40.667757997827266]},"properties":{"tpcondition":"Fair","stumpdiameter":null,"riskratingdate":"2024-04-07 16:10:17.0000000","riskrating":"7","objectid":"4016251","globalid":"8DE0D3E4-2068-4421-9C0C-D63C621BF8D2","tpstructure":"Full","plantingspaceglobalid":"7703C1DE-A755-432F-9C79-C91A118A6846","createddate":"2016-06-30 10:12:17.0000000","dbh":"8","planteddate":null,"updateddate":"2024-04-07 16:10:17.0000000","geometry":"POINT(-73.76523105747364 40.667757997827266)","genusspecies":"Acer ginnala - Amur maple"}},{"type":"Feature","geometry":{"type":"Point","coordinates":[-73.75755982321962,40.71707070553815]},"properties":{"tpcondition":"Good","stumpdiameter":null,"riskratingdate":"2024-03-27 18:54:43.0000000","riskrating":"7","objectid":"4016252","globalid":"889BF791-4FD0-489A-B889-C57FA6717AB1","tpstructure":"Full","plantingspaceglobalid":"2101C559-CF7B-4E2F-A006-4B0EB802CA49","createddate":"2016-07-27 13:24:14.0000000","dbh":"24","planteddate":null,"updateddate":"2024-03-27 18:54:43.0000000","geometry":"POINT(-73.75755982321962 40.71707070553815)","genusspecies":"Styphnolobium japonicum - Japanese pagoda tree"}},{"type":"Feature","geometry":{"type":"Point","coordinates":[-74.02345811096063,40.61732002528029]},"properties":{"tpcondition":"Good","stumpdiameter":"0","riskratingdate":null,"riskrating":null,"objectid":"4016253","globalid":"768FE1D7-A949-4E80-B75E-0CDF09AF3D5F","tpstructure":"Full","plantingspaceglobalid":"06DE3BE4-BCB9-422B-8F76-811B030B0344","createddate":"2016-07-27 12:56:47.0000000","dbh":"15","planteddate":null,"updateddate":"2019-01-18 15:11:00.0000000","geometry":"POINT(-74.02345811096063 40.61732002528029)","genusspecies":"Gleditsia triacanthos var. inermis - Thornless honeylocust"}},{"type":"Feature","geometry":{"type":"Point","coordinates":[-73.71482424181934,40.729257431747165]},"properties":{"tpcondition":"Good","stumpdiameter":"0","riskratingdate":"2021-05-12 15:01:35.0000000","riskrating":"4","objectid":"4016254","globalid":"C52DDB2E-AA37-4147-B91D-43D24703EE96","tpstructure":"Full","plantingspaceglobalid":"D5D49964-CC89-4E78-9768-289C6DC7168D","createddate":"2016-06-30 10:12:50.0000000","dbh":"13","planteddate":null,"updateddate":"2021-05-12 15:01:35.0000000","geometry":"POINT(-73.71482424181934 40.729257431747165)","genusspecies":"Quercus palustris - pin oak"}},{"type":"Feature","geometry":{"type":"Point","coordinates":[-73.8103849028519,40.79163550985554]},"properties":{"tpcondition":"Fair","stumpdiameter":null,"riskratingdate":"2022-01-20 16:12:28.0000000","riskrating":"5","objectid":"4016255","globalid":"C5E44014-FF41-44F9-ADA9-32FA03325FB1","tpstructure":"Full","plantingspaceglobalid":"24594334-C458-4145-BD15-68FFFA69A343","createddate":"2016-06-30 10:07:08.0000000","dbh":"9","planteddate":null,"updateddate":"2022-01-20 16:12:28.0000000","geometry":"POINT(-73.8103849028519 40.79163550985554)","genusspecies":"Zelkova serrata - Japanese zelkova"}},{"type":"Feature","geometry":{"type":"Point","coordinates":[-73.76591710150761,40.70568381774553]},"properties":{"tpcondition":"Good","stumpdiameter":"0","riskratingdate":null,"riskrating":null,"objectid":"4016256","globalid":"24F80B29-911D-4853-AD43-16AD261BC594","tpstructure":"Full","plantingspaceglobalid":"AA5F3780-B41E-47E2-94F5-987361F439EA","createddate":"2016-07-27 13:53:39.0000000","dbh":"5","planteddate":null,"updateddate":"2017-04-24 08:11:12.0000000","geometry":"POINT(-73.76591710150761 40.70568381774553)","genusspecies":"Gymnocladus dioicus - Kentucky coffeetree"}},{"type":"Feature","geometry":{"type":"Point","coordinates":[-73.9938060825268,40.620390100392655]},"properties":{"tpcondition":"Dead","stumpdiameter":null,"riskratingdate":null,"riskrating":null,"objectid":"4016257","globalid":"8421CCD2-CB71-48AD-AFA6-9D404A65B88A","tpstructure":"Retired","plantingspaceglobalid":"2AD3C712-9BE0-48D5-B0A1-E4B10EF8D4F9","createddate":"2016-07-27 13:22:35.0000000","dbh":"5","planteddate":null,"updateddate":"2024-02-26 15:38:01.0000000","geometry":"POINT(-73.9938060825268 40.620390100392655)","genusspecies":"Tilia cordata - littleleaf linden"}},{"type":"Feature","geometry":{"type":"Point","coordinates":[-73.80273820113278,40.77970465693814]},"properties":{"tpcondition":"Good","stumpdiameter":"0","riskratingdate":null,"riskrating":null,"objectid":"4016258","globalid":"E2EBE992-93F0-4498-B0FF-A55145EE8213","tpstructure":"Full","plantingspaceglobalid":"2A327140-FB70-4B88-95CE-6F87DB61E2B5","createddate":"2016-07-27 13:12:44.0000000","dbh":"2","planteddate":null,"updateddate":"2017-02-17 10:53:29.0000000","geometry":"POINT(-73.80273820113278 40.77970465693814)","genusspecies":"Quercus palustris - pin oak"}},{"type":"Feature","geometry":{"type":"Point","coordinates":[-73.91881216544193,40.69406686765229]},"properties":{"tpcondition":"Good","stumpdiameter":"0","riskratingdate":null,"riskrating":null,"objectid":"4016259","globalid":"BF9E9ECE-3699-4F0B-BB4A-E78ABCEF8DA3","tpstructure":"Retired","plantingspaceglobalid":"457C7EF3-54D9-43B3-8C57-A3F3EAA13297","createddate":"2016-07-27 13:09:06.0000000","dbh":"2","planteddate":null,"updateddate":"2017-08-04 04:46:44.0000000","geometry":"POINT(-73.91881216544193 40.69406686765229)","genusspecies":"Gleditsia triacanthos var. inermis - Thornless honeylocust"}},{"type":"Feature","geometry":{"type":"Point","coordinates":[-73.75846491503698,40.67259616855255]},"properties":{"tpcondition":"Good","stumpdiameter":null,"riskratingdate":"2025-01-03 14:07:06.0000000","riskrating":"7","objectid":"4016260","globalid":"B8A8D8EA-4AD1-4873-B289-718E4CB8A247","tpstructure":"Full","plantingspaceglobalid":"0BB4FAF2-94B1-43CC-BF20-DBE4D247270B","createddate":"2016-06-30 10:11:47.0000000","dbh":"14","planteddate":null,"updateddate":"2025-01-03 14:07:06.0000000","geometry":"POINT(-73.75846491503698 40.67259616855255)","genusspecies":"Prunus serrulata 'Green leaf' - 'Green leaf' Japanese flowering cherry"}},{"type":"Feature","geometry":{"type":"Point","coordinates":[-73.92022323339104,40.76833033782024]},"properties":{"tpcondition":"Good","stumpdiameter":"0","riskratingdate":"2022-09-16 15:05:14.0000000","riskrating":"7","objectid":"4016261","globalid":"082B57BD-F070-49E0-8181-D675202AD18D","tpstructure":"Full","plantingspaceglobalid":"02698619-4822-4561-9C71-DEE12520B86E","createddate":"2016-07-27 13:34:57.0000000","dbh":"5","planteddate":null,"updateddate":"2022-09-16 15:05:13.0000000","geometry":"POINT(-73.92022323339104 40.76833033782024)","genusspecies":"Quercus palustris - pin oak"}},{"type":"Feature","geometry":{"type":"Point","coordinates":[-73.7332796222332,40.733209767664874]},"properties":{"tpcondition":"Poor","stumpdiameter":null,"riskratingdate":"2025-05-02 15:02:59.0000000","riskrating":"5","objectid":"4016262","globalid":"374C75F0-8C86-4FD8-A5AF-58BBCC6BF2B0","tpstructure":"Full","plantingspaceglobalid":"A651C3A1-04A3-4D5B-B425-EE6481456B4B","createddate":"2016-07-27 13:18:26.0000000","dbh":"11","planteddate":null,"updateddate":"2025-05-02 15:02:59.0000000","geometry":"POINT(-73.7332796222332 40.733209767664874)","genusspecies":"Fraxinus americana - white ash"}},{"type":"Feature","geometry":{"type":"Point","coordinates":[-73.72009515351604,40.73972000103163]},"properties":{"tpcondition":"Dead","stumpdiameter":"18","riskratingdate":null,"riskrating":null,"objectid":"4016263","globalid":"7276A420-57A2-4DFA-9E34-4490B3E8B82D","tpstructure":"Retired","plantingspaceglobalid":"4A8082A1-7009-497E-A79F-2D10B38A8C36","createddate":"2016-06-30 10:11:00.0000000","dbh":"0","planteddate":null,"updateddate":"2017-11-09 10:38:00.0000000","geometry":"POINT(-73.72009515351604 40.73972000103163)","genusspecies":"Unknown - Unknown"}},{"type":"Feature","geometry":{"type":"Point","coordinates":[-73.75475424580523,40.7109355699555]},"properties":{"tpcondition":"Good","stumpdiameter":"0","riskratingdate":null,"riskrating":null,"objectid":"4016264","globalid":"1BAE1474-0E8E-4478-A576-16B145F6F259","tpstructure":"Full","plantingspaceglobalid":"F1C0D962-AD73-46D2-AC1F-9C68CE3D6910","createddate":"2016-07-27 13:33:52.0000000","dbh":"6","planteddate":null,"updateddate":"2017-04-24 09:16:41.0000000","geometry":"POINT(-73.75475424580523 40.7109355699555)","genusspecies":"Maackia amurensis - Amur maackia"}},{"type":"Feature","geometry":{"type":"Point","coordinates":[-73.73861347282993,40.72485091407289]},"properties":{"tpcondition":"Fair","stumpdiameter":"0","riskratingdate":null,"riskrating":null,"objectid":"4016265","globalid":"75D42048-B1A1-480D-B73D-4675DA0AC395","tpstructure":"Full","plantingspaceglobalid":"F88071B2-52CD-4C1F-92B2-BBA6C1C5C49A","createddate":"2016-06-30 09:56:21.0000000","dbh":"8","planteddate":null,"updateddate":"2017-11-29 09:03:19.0000000","geometry":"POINT(-73.73861347282993 40.72485091407289)","genusspecies":"Prunus serrulata 'Green leaf' - 'Green leaf' Japanese flowering cherry"}},{"type":"Feature","geometry":{"type":"Point","coordinates":[-73.81545729090895,40.76134675509371]},"properties":{"tpcondition":"Good","stumpdiameter":"0","riskratingdate":"2019-12-26 15:28:01.0000000","riskrating":"5","objectid":"4016266","globalid":"EA57A119-9F9D-4C2B-BD3D-74044C916EF5","tpstructure":"Full","plantingspaceglobalid":"1055FBAD-BB25-4A34-B5F5-A71C6998A0DB","createddate":"2016-07-27 13:31:01.0000000","dbh":"16","planteddate":null,"updateddate":"2019-12-26 15:28:01.0000000","geometry":"POINT(-73.81545729090895 40.76134675509371)","genusspecies":"Tilia cordata - littleleaf linden"}},{"type":"Feature","geometry":{"type":"Point","coordinates":[-73.78330977551931,40.754945302193825]},"properties":{"tpcondition":"Unknown","stumpdiameter":"12","riskratingdate":null,"riskrating":null,"objectid":"4016267","globalid":"984C0F6B-B89F-450D-858D-C330A73025FE","tpstructure":"Stump","plantingspaceglobalid":"F877526F-02D8-4323-8D34-5B922004A1C2","createddate":"2016-07-27 13:21:52.0000000","dbh":"0","planteddate":null,"updateddate":null,"geometry":"POINT(-73.78330977551931 40.754945302193825)","genusspecies":"Unknown - Unknown"}},{"type":"Feature","geometry":{"type":"Point","coordinates":[-74.17120198959114,40.5345349263402]},"properties":{"tpcondition":"Fair","stumpdiameter":null,"riskratingdate":"2022-06-30 14:58:47.0000000","riskrating":"6","objectid":"4016268","globalid":"72EDCBDA-834A-4332-902F-2BD18AF5DE11","tpstructure":"Full","plantingspaceglobalid":"FD64F171-507A-424B-AAF9-2D869D20C5DC","createddate":"2016-06-30 10:24:38.0000000","dbh":"16","planteddate":null,"updateddate":"2022-06-30 14:58:47.0000000","geometry":"POINT(-74.17120198959114 40.5345349263402)","genusspecies":"Fraxinus pennsylvanica - Green ash"}},{"type":"Feature","geometry":{"type":"Point","coordinates":[-73.88299171352845,40.76367661170351]},"properties":{"tpcondition":"Poor","stumpdiameter":null,"riskratingdate":"2025-02-20 16:17:49.0000000","riskrating":"9","objectid":"4016269","globalid":"96594016-ED08-48AF-A155-993534F1987D","tpstructure":"Full","plantingspaceglobalid":"AF626626-490F-4E6A-8DC2-D2B3D14F0DE2","createddate":"2016-07-27 13:01:34.0000000","dbh":"17","planteddate":null,"updateddate":"2025-02-20 16:17:49.0000000","geometry":"POINT(-73.88299171352845 40.76367661170351)","genusspecies":"Tilia cordata - littleleaf linden"}},{"type":"Feature","geometry":{"type":"Point","coordinates":[-73.85818202390051,40.70202048502373]},"properties":{"tpcondition":"Poor","stumpdiameter":null,"riskratingdate":"2020-09-28 15:53:00.0000000","riskrating":"8","objectid":"4016270","globalid":"262E5D0A-4F63-41F3-85EA-2F919F729F5E","tpstructure":"Retired","plantingspaceglobalid":"BC4C68EC-AA01-4445-98C8-FF2D8762FE99","createddate":"2016-07-27 13:05:00.0000000","dbh":"5","planteddate":null,"updateddate":"2024-12-18 17:13:33.0000000","geometry":"POINT(-73.85818202390051 40.70202048502373)","genusspecies":"Cercis canadensis - eastern redbud"}},{"type":"Feature","geometry":{"type":"Point","coordinates":[-74.03846434742803,40.625303112443284]},"properties":{"tpcondition":"Good","stumpdiameter":"0","riskratingdate":null,"riskrating":null,"objectid":"4016271","globalid":"E5F24323-E70E-4135-9090-3C467EBF9695","tpstructure":"Full","plantingspaceglobalid":"C137790B-4F44-4B98-8AEB-62FD7435C3D7","createddate":"2016-07-27 13:34:01.0000000","dbh":"4","planteddate":null,"updateddate":null,"geometry":"POINT(-74.03846434742803 40.625303112443284)","genusspecies":"Maackia amurensis - Amur maackia"}},{"type":"Feature","geometry":{"type":"Point","coordinates":[-73.78507571225148,40.75284644435286]},"properties":{"tpcondition":"Good","stumpdiameter":"0","riskratingdate":null,"riskrating":null,"objectid":"4016272","globalid":"FD49C7E2-7351-48D0-9B09-EA94788F619B","tpstructure":"Full","plantingspaceglobalid":"67776BB5-707A-4E41-A9CF-15DDC8BC54E8","createddate":"2016-07-27 13:06:04.0000000","dbh":"2","planteddate":null,"updateddate":null,"geometry":"POINT(-73.78507571225148 40.75284644435286)","genusspecies":"Metasequoia glyptostroboides - dawn redwood"}},{"type":"Feature","geometry":{"type":"Point","coordinates":[-73.76327976537803,40.673343008083954]},"properties":{"tpcondition":"Dead","stumpdiameter":"19","riskratingdate":"2018-06-06 12:49:50.0000000","riskrating":"3","objectid":"4016273","globalid":"313D38D4-B8DA-444F-A536-42C977CCE376","tpstructure":"Stump","plantingspaceglobalid":"BD420BEE-956A-4719-A490-95CE8F65113D","createddate":"2016-07-27 13:01:25.0000000","dbh":"19","planteddate":null,"updateddate":"2024-11-12 16:58:43.0000000","geometry":"POINT(-73.76327976537803 40.673343008083954)","genusspecies":"Tilia cordata - littleleaf linden"}},{"type":"Feature","geometry":{"type":"Point","coordinates":[-73.81839261098196,40.771112850780725]},"properties":{"tpcondition":"Fair","stumpdiameter":null,"riskratingdate":"2025-10-20 17:28:39.0000000","riskrating":"7","objectid":"4016274","globalid":"55565DEE-06C3-4D98-A1A9-90EA6BFD3A80","tpstructure":"Full","plantingspaceglobalid":"FC6DC000-E21A-4A46-AB59-AAAA82AD3798","createddate":"2016-07-27 13:15:52.0000000","dbh":"6","planteddate":null,"updateddate":"2025-10-20 17:28:39.0000000","geometry":"POINT(-73.81839261098196 40.771112850780725)","genusspecies":"Tilia cordata - littleleaf linden"}},{"type":"Feature","geometry":{"type":"Point","coordinates":[-73.70950558202561,40.73509761874409]},"properties":{"tpcondition":"Fair","stumpdiameter":"0","riskratingdate":"2021-05-26 14:48:56.0000000","riskrating":"4","objectid":"4016275","globalid":"08CD0CAD-B3BE-4333-9CF7-ABEEDBE759D5","tpstructure":"Full","plantingspaceglobalid":"27A434EB-9798-4AFB-A075-FEA208F039CD","createddate":"2016-06-30 10:33:00.0000000","dbh":"17","planteddate":null,"updateddate":"2021-05-26 14:48:56.0000000","geometry":"POINT(-73.70950558202561 40.73509761874409)","genusspecies":"Acer platanoides - Norway maple"}},{"type":"Feature","geometry":{"type":"Point","coordinates":[-73.70872954844617,40.74350855298462]},"properties":{"tpcondition":"Good","stumpdiameter":null,"riskratingdate":"2020-11-03 00:39:01.0000000","riskrating":"8","objectid":"4016276","globalid":"A510F522-E656-4917-8D5B-392248912A42","tpstructure":"Full","plantingspaceglobalid":"4336CB23-2E02-496B-8039-2C8781D77160","createddate":"2016-06-30 09:49:01.0000000","dbh":"27","planteddate":null,"updateddate":"2020-11-03 00:39:01.0000000","geometry":"POINT(-73.70872954844617 40.74350855298462)","genusspecies":"Quercus palustris - pin oak"}},{"type":"Feature","geometry":{"type":"Point","coordinates":[-73.7769475162267,40.71540950806372]},"properties":{"tpcondition":"Good","stumpdiameter":"0","riskratingdate":"2019-01-14 09:40:35.0000000","riskrating":"3","objectid":"4016277","globalid":"A5FAFB20-FD41-4932-AE5A-6D9F5FA918F4","tpstructure":"Full","plantingspaceglobalid":"CD4BA817-FBFC-4AB7-B01C-EB295B966500","createddate":"2016-07-27 13:11:20.0000000","dbh":"5","planteddate":null,"updateddate":"2019-01-14 14:40:36.0000000","geometry":"POINT(-73.7769475162267 40.71540950806372)","genusspecies":"Maackia amurensis - Amur maackia"}},{"type":"Feature","geometry":{"type":"Point","coordinates":[-73.71510787536269,40.73808547863749]},"properties":{"tpcondition":"Dead","stumpdiameter":"0","riskratingdate":null,"riskrating":null,"objectid":"4016278","globalid":"7B916E22-CB1E-48C6-97EA-0F78C570CB2B","tpstructure":"Full","plantingspaceglobalid":"91E6C843-9257-49B5-92AD-EB5E8E12B32F","createddate":"2016-06-30 10:23:56.0000000","dbh":"1","planteddate":null,"updateddate":null,"geometry":"POINT(-73.71510787536269 40.73808547863749)","genusspecies":"Unknown - Unknown"}},{"type":"Feature","geometry":{"type":"Point","coordinates":[-73.70316250187406,40.739573066177286]},"properties":{"tpcondition":"Fair","stumpdiameter":null,"riskratingdate":"2025-09-03 17:10:14.0000000","riskrating":"9","objectid":"4016279","globalid":"48F52230-EE84-4468-A42A-B7481ACBE2BD","tpstructure":"Full","plantingspaceglobalid":"606A7605-94E6-40D0-ADE9-100CF05375C1","createddate":"2016-06-30 10:39:09.0000000","dbh":"15","planteddate":null,"updateddate":"2025-09-03 17:10:14.0000000","geometry":"POINT(-73.70316250187406 40.739573066177286)","genusspecies":"Acer platanoides - Norway maple"}},{"type":"Feature","geometry":{"type":"Point","coordinates":[-73.90286754080346,40.73628360696113]},"properties":{"tpcondition":"Fair","stumpdiameter":null,"riskratingdate":"2024-09-06 15:41:32.0000000","riskrating":"8","objectid":"4016281","globalid":"848C726D-E924-4C4A-924A-0402D90FF4EE","tpstructure":"Full","plantingspaceglobalid":"939C67D8-8383-494E-804D-15F00AF2F7F2","createddate":"2016-07-27 13:17:55.0000000","dbh":"15","planteddate":null,"updateddate":"2024-09-06 15:41:32.0000000","geometry":"POINT(-73.90286754080346 40.73628360696113)","genusspecies":"Gleditsia triacanthos var. inermis - Thornless honeylocust"}},{"type":"Feature","geometry":{"type":"Point","coordinates":[-73.87330346572486,40.7042547504093]},"properties":{"tpcondition":"Poor","stumpdiameter":null,"riskratingdate":"2022-08-19 13:37:57.0000000","riskrating":"7","objectid":"4016282","globalid":"E923B27B-C954-48A7-B0B3-AF0232B4335B","tpstructure":"Retired","plantingspaceglobalid":"31EB45CD-C66E-4A00-8481-8F2BA42ADE27","createddate":"2016-07-27 13:21:00.0000000","dbh":"16","planteddate":null,"updateddate":"2022-09-09 14:37:31.0000000","geometry":"POINT(-73.87330346572486 40.7042547504093)","genusspecies":"Fraxinus pennsylvanica - Green ash"}},{"type":"Feature","geometry":{"type":"Point","coordinates":[-73.7051597266252,40.73123740385139]},"properties":{"tpcondition":"Good","stumpdiameter":"0","riskratingdate":null,"riskrating":null,"objectid":"4016283","globalid":"EB8E6DCC-5809-4201-90CE-EB3D2F1EC848","tpstructure":"Full","plantingspaceglobalid":"A07D5E15-157E-4A7D-980B-5682255D11F0","createddate":"2016-06-30 10:14:39.0000000","dbh":"29","planteddate":null,"updateddate":null,"geometry":"POINT(-73.7051597266252 40.73123740385139)","genusspecies":"Quercus palustris - pin oak"}},{"type":"Feature","geometry":{"type":"Point","coordinates":[-73.71406738140492,40.73112459446873]},"properties":{"tpcondition":"Unknown","stumpdiameter":"0","riskratingdate":null,"riskrating":null,"objectid":"4016284","globalid":"247F84D7-50F1-4CE6-97C2-33241FF65BAE","tpstructure":"Retired","plantingspaceglobalid":"D573E57A-5C99-4836-9F27-EB4A809577D6","createddate":"2016-06-30 10:07:06.0000000","dbh":"0","planteddate":null,"updateddate":"2017-04-11 12:17:03.0000000","geometry":"POINT(-73.71406738140492 40.73112459446873)","genusspecies":"Unknown - Unknown"}},{"type":"Feature","geometry":{"type":"Point","coordinates":[-73.8650386137657,40.70497947557048]},"properties":{"tpcondition":"Good","stumpdiameter":null,"riskratingdate":"2025-06-24 17:29:26.0000000","riskrating":"3","objectid":"4016285","globalid":"5ACDD82A-9F70-468D-AA1A-62EAEAE7A6BF","tpstructure":"Full","plantingspaceglobalid":"BF20A437-F72C-448B-88D6-80222248F44B","createddate":"2016-07-27 12:49:44.0000000","dbh":"4","planteddate":null,"updateddate":"2025-06-24 17:29:26.0000000","geometry":"POINT(-73.8650386137657 40.70497947557048)","genusspecies":"Magnolia grandiflora - southern magnolia"}},{"type":"Feature","geometry":{"type":"Point","coordinates":[-74.03025637495129,40.63359987152309]},"properties":{"tpcondition":"Dead","stumpdiameter":"0","riskratingdate":null,"riskrating":null,"objectid":"4016286","globalid":"70A278F4-77EB-4186-8C88-EE3768907039","tpstructure":"Retired","plantingspaceglobalid":"18E163ED-6326-499C-8848-C2775AE30597","createddate":"2016-07-27 13:27:59.0000000","dbh":"4","planteddate":null,"updateddate":"2023-04-21 15:48:45.0000000","geometry":"POINT(-74.03025637495129 40.63359987152309)","genusspecies":"Unknown - Unknown"}},{"type":"Feature","geometry":{"type":"Point","coordinates":[-73.73998815224792,40.695283184430984]},"properties":{"tpcondition":"Good","stumpdiameter":"0","riskratingdate":null,"riskrating":null,"objectid":"4016287","globalid":"D94B99A1-D835-4F3A-AF6F-7D16BA12F528","tpstructure":"Full","plantingspaceglobalid":"5DA04DDC-C326-4D1A-854B-FAA62301F2E7","createddate":"2016-06-30 10:23:09.0000000","dbh":"8","planteddate":null,"updateddate":"2019-03-09 13:21:54.0000000","geometry":"POINT(-73.73998815224792 40.695283184430984)","genusspecies":"Pyrus calleryana - Callery pear"}},{"type":"Feature","geometry":{"type":"Point","coordinates":[-73.76767878274438,40.67439425169381]},"properties":{"tpcondition":"Good","stumpdiameter":"0","riskratingdate":"2023-09-18 13:45:25.0000000","riskrating":"8","objectid":"4016288","globalid":"CB2FE813-83F0-4FE9-9B05-C8CB313E615B","tpstructure":"Full","plantingspaceglobalid":"D04DF1DA-4D67-4AF3-89D0-2F57E1897EF0","createddate":"2016-07-27 13:06:15.0000000","dbh":"15","planteddate":null,"updateddate":"2023-09-18 13:45:25.0000000","geometry":"POINT(-73.76767878274438 40.67439425169381)","genusspecies":"Acer - maple"}},{"type":"Feature","geometry":{"type":"Point","coordinates":[-73.71184381480589,40.73858363628862]},"properties":{"tpcondition":"Good","stumpdiameter":null,"riskratingdate":"2020-12-02 21:11:16.0000000","riskrating":"3","objectid":"4016289","globalid":"1E760BD8-3EFC-4818-8570-C9208DD93205","tpstructure":"Full","plantingspaceglobalid":"41ADA4F7-8262-4E80-9886-E772821E3B1B","createddate":"2016-06-30 09:53:12.0000000","dbh":"9","planteddate":null,"updateddate":"2020-12-02 21:11:16.0000000","geometry":"POINT(-73.71184381480589 40.73858363628862)","genusspecies":"Cladrastis kentukea - Kentucky yellowwood"}},{"type":"Feature","geometry":{"type":"Point","coordinates":[-74.02139255755343,40.636376503407746]},"properties":{"tpcondition":"Fair","stumpdiameter":null,"riskratingdate":"2021-08-26 05:55:38.0000000","riskrating":"6","objectid":"4016290","globalid":"0256CA19-753E-4E78-B3BA-82D8572D45A3","tpstructure":"Full","plantingspaceglobalid":"48C1E42A-6C64-45BA-93E9-A87453053AD6","createddate":"2016-07-27 13:27:33.0000000","dbh":"18","planteddate":null,"updateddate":"2021-08-26 05:55:38.0000000","geometry":"POINT(-74.02139255755343 40.636376503407746)","genusspecies":"Platanus x acerifolia - London planetree"}},{"type":"Feature","geometry":{"type":"Point","coordinates":[-73.98483049898947,40.62873337080314]},"properties":{"tpcondition":"Good","stumpdiameter":"0","riskratingdate":null,"riskrating":null,"objectid":"4016291","globalid":"6B98F97A-56BE-4540-9436-C6A346E6C215","tpstructure":"Full","plantingspaceglobalid":"152980B5-E63F-41AE-8914-7323BF5F7FF0","createddate":"2016-07-27 13:00:00.0000000","dbh":"11","planteddate":null,"updateddate":"2019-10-21 19:35:00.0000000","geometry":"POINT(-73.98483049898947 40.62873337080314)","genusspecies":"Liquidambar styraciflua - sweetgum"}},{"type":"Feature","geometry":{"type":"Point","coordinates":[-73.72051818688304,40.75596047056563]},"properties":{"tpcondition":"Poor","stumpdiameter":null,"riskratingdate":"2025-06-24 21:58:36.0000000","riskrating":"6","objectid":"4016292","globalid":"E7E3E859-958A-4119-B22F-67FE42740173","tpstructure":"Full","plantingspaceglobalid":"D6E66CB2-D9D8-4EDB-A3B0-0E6FF3E43FB6","createddate":"2016-06-30 10:16:47.0000000","dbh":"18","planteddate":null,"updateddate":"2025-06-24 21:58:36.0000000","geometry":"POINT(-73.72051818688304 40.75596047056563)","genusspecies":"Acer saccharinum - silver maple"}},{"type":"Feature","geometry":{"type":"Point","coordinates":[-73.81856779234153,40.789754606029696]},"properties":{"tpcondition":"Good","stumpdiameter":null,"riskratingdate":"2022-01-13 16:13:18.0000000","riskrating":"6","objectid":"4016293","globalid":"2BEAEC0C-23D5-44CC-AC65-D3BFE47B4785","tpstructure":"Full","plantingspaceglobalid":"2CA72D3E-CBFE-428D-8485-1DE8A1D4789B","createddate":"2016-06-30 09:47:10.0000000","dbh":"7","planteddate":null,"updateddate":"2022-01-13 16:13:18.0000000","geometry":"POINT(-73.81856779234153 40.789754606029696)","genusspecies":"Prunus cerasifera - cherry plum"}},{"type":"Feature","geometry":{"type":"Point","coordinates":[-73.70735954260907,40.732322374463976]},"properties":{"tpcondition":"Good","stumpdiameter":"0","riskratingdate":"2020-03-19 20:55:11.0000000","riskrating":"7","objectid":"4016294","globalid":"0C4C9F13-8C77-4DAA-9DF0-7BB39CF532A7","tpstructure":"Full","plantingspaceglobalid":"4346560F-5E32-4DA3-9804-78B362F982A5","createddate":"2016-06-30 10:27:00.0000000","dbh":"8","planteddate":null,"updateddate":"2020-03-19 20:55:11.0000000","geometry":"POINT(-73.70735954260907 40.732322374463976)","genusspecies":"Pyrus calleryana - Callery pear"}},{"type":"Feature","geometry":{"type":"Point","coordinates":[-73.79056212931631,40.75628276704537]},"properties":{"tpcondition":"Good","stumpdiameter":"0","riskratingdate":"2024-02-08 18:13:00.0000000","riskrating":"6","objectid":"4016295","globalid":"01584777-EBC0-4090-B411-8A57DC01717F","tpstructure":"Full","plantingspaceglobalid":"44CFD32C-E4E3-4C8F-8F22-5EBEF20665BD","createddate":"2016-07-27 13:36:00.0000000","dbh":"7","planteddate":null,"updateddate":"2024-02-08 18:13:00.0000000","geometry":"POINT(-73.79056212931631 40.75628276704537)","genusspecies":"Prunus serrulata - Japanese flowering cherry"}},{"type":"Feature","geometry":{"type":"Point","coordinates":[-73.71322991254814,40.748004760571156]},"properties":{"tpcondition":"Good","stumpdiameter":null,"riskratingdate":"2021-01-04 14:04:59.0000000","riskrating":"3","objectid":"4016296","globalid":"CA81EDCD-5434-4082-8696-15BF8A3C467D","tpstructure":"Full","plantingspaceglobalid":"81C62196-F9E9-4EA1-B599-8E9A573555F3","createddate":"2016-06-30 10:30:00.0000000","dbh":"5","planteddate":null,"updateddate":"2021-01-04 14:04:59.0000000","geometry":"POINT(-73.71322991254814 40.748004760571156)","genusspecies":"Quercus palustris - pin oak"}},{"type":"Feature","geometry":{"type":"Point","coordinates":[-73.71881420934737,40.73399488162491]},"properties":{"tpcondition":"Good","stumpdiameter":"0","riskratingdate":"2019-09-06 11:20:15.0000000","riskrating":"3","objectid":"4016297","globalid":"2A1CB978-3C96-404D-8067-E2479B362278","tpstructure":"Full","plantingspaceglobalid":"455DC39D-C74D-4D6B-925B-F4E00F7E374A","createddate":"2016-06-30 10:24:02.0000000","dbh":"16","planteddate":null,"updateddate":"2019-09-06 15:20:16.0000000","geometry":"POINT(-73.71881420934737 40.73399488162491)","genusspecies":"Ulmus parvifolia - Chinese elm"}},{"type":"Feature","geometry":{"type":"Point","coordinates":[-73.79838810447792,40.790918394938906]},"properties":{"tpcondition":"Fair","stumpdiameter":null,"riskratingdate":"2022-01-11 18:08:04.0000000","riskrating":"6","objectid":"4016298","globalid":"2EA7DC51-2039-42FF-9B3E-EE6C79625188","tpstructure":"Full","plantingspaceglobalid":"5155AB8E-10A5-454C-AA4B-6B2ABD801B52","createddate":"2016-06-30 10:32:48.0000000","dbh":"13","planteddate":null,"updateddate":"2022-01-11 18:08:04.0000000","geometry":"POINT(-73.79838810447792 40.790918394938906)","genusspecies":"Liquidambar styraciflua - sweetgum"}},{"type":"Feature","geometry":{"type":"Point","coordinates":[-73.80373137370897,40.79339815008317]},"properties":{"tpcondition":"Dead","stumpdiameter":"35","riskratingdate":"2022-01-13 18:56:00.0000000","riskrating":"8","objectid":"4016299","globalid":"681C9718-1939-4BF3-9DE4-6F74E6F805A8","tpstructure":"Stump","plantingspaceglobalid":"E418FE0A-C4F8-4163-BBA1-545E37CBE196","createddate":"2016-06-30 10:17:00.0000000","dbh":null,"planteddate":null,"updateddate":"2023-12-21 16:25:51.0000000","geometry":"POINT(-73.80373137370897 40.79339815008317)","genusspecies":"Acer saccharinum - silver maple"}},{"type":"Feature","geometry":{"type":"Point","coordinates":[-73.80515015202444,40.72145789765468]},"properties":{"tpcondition":"Good","stumpdiameter":null,"riskratingdate":"2021-08-11 19:47:41.0000000","riskrating":"4","objectid":"4016300","globalid":"AD0294E9-EA4F-4FA7-81E2-EEAC16E060D6","tpstructure":"Full","plantingspaceglobalid":"5A2642D8-2B5D-48E2-86A7-4063A134EC1D","createddate":"2016-07-27 13:27:18.0000000","dbh":"13","planteddate":null,"updateddate":"2021-08-11 19:47:41.0000000","geometry":"POINT(-73.80515015202444 40.72145789765468)","genusspecies":"Gleditsia triacanthos var. inermis - Thornless honeylocust"}},{"type":"Feature","geometry":{"type":"Point","coordinates":[-73.81400871198895,40.75876854870306]},"properties":{"tpcondition":"Fair","stumpdiameter":"0","riskratingdate":"2019-12-01 22:06:10.0000000","riskrating":"5","objectid":"4016301","globalid":"0B728075-2787-45DD-BB47-02A580AAE97C","tpstructure":"Full","plantingspaceglobalid":"36C44EF3-3B9D-4EBB-8901-0D6AEC94CA3F","createddate":"2016-07-27 14:19:54.0000000","dbh":"11","planteddate":null,"updateddate":"2019-12-01 22:06:09.0000000","geometry":"POINT(-73.81400871198895 40.75876854870306)","genusspecies":"Quercus palustris - pin oak"}},{"type":"Feature","geometry":{"type":"Point","coordinates":[-73.73836409093504,40.76704266283197]},"properties":{"tpcondition":"Fair","stumpdiameter":"0","riskratingdate":null,"riskrating":null,"objectid":"4016302","globalid":"8A8B3AF5-72ED-4485-B0D9-8CB6D5027B20","tpstructure":"Full","plantingspaceglobalid":"FE131EA7-6A06-43EC-B7CF-597FF9CE647F","createddate":"2016-07-27 14:19:20.0000000","dbh":"3","planteddate":null,"updateddate":"2017-04-26 14:53:46.0000000","geometry":"POINT(-73.73836409093504 40.76704266283197)","genusspecies":"Gleditsia triacanthos var. inermis - Thornless honeylocust"}},{"type":"Feature","geometry":{"type":"Point","coordinates":[-73.86992739444715,40.75993730232069]},"properties":{"tpcondition":"Poor","stumpdiameter":"0","riskratingdate":"2019-01-04 12:06:34.0000000","riskrating":"6","objectid":"4016303","globalid":"A9547D9A-E669-43F0-AA9A-B6364E48C38D","tpstructure":"Full","plantingspaceglobalid":"1D7BC763-4270-454D-A23B-FD58D33CB090","createddate":"2016-07-27 13:38:20.0000000","dbh":"11","planteddate":null,"updateddate":"2019-01-04 17:06:34.0000000","geometry":"POINT(-73.86992739444715 40.75993730232069)","genusspecies":"Catalpa speciosa - northern catalpa"}},{"type":"Feature","geometry":{"type":"Point","coordinates":[-74.02418615322962,40.622207837744455]},"properties":{"tpcondition":"Fair","stumpdiameter":"0","riskratingdate":null,"riskrating":null,"objectid":"4016304","globalid":"5F24F5FA-5095-4924-888B-3EFEE8C8D6D1","tpstructure":"Full","plantingspaceglobalid":"F4BE17AC-33F6-4EAE-9268-44A871C338F1","createddate":"2016-07-27 13:28:36.0000000","dbh":"10","planteddate":null,"updateddate":"2017-03-29 10:01:41.0000000","geometry":"POINT(-74.02418615322962 40.622207837744455)","genusspecies":"Tilia cordata - littleleaf linden"}},{"type":"Feature","geometry":{"type":"Point","coordinates":[-74.13621034087485,40.56803919649345]},"properties":{"tpcondition":"Fair","stumpdiameter":null,"riskratingdate":"2024-01-26 16:14:08.0000000","riskrating":"6","objectid":"4016305","globalid":"9263ACD9-9026-4C6D-9F8C-E85AEA31EB66","tpstructure":"Full","plantingspaceglobalid":"2D5A072C-7A5D-4A03-96D9-12AE79D87BDF","createddate":"2016-06-30 09:54:22.0000000","dbh":"9","planteddate":null,"updateddate":"2024-01-26 16:14:08.0000000","geometry":"POINT(-74.13621034087485 40.56803919649345)","genusspecies":"Acer platanoides 'Not Green Leaf' - 'Not Green Leaf' Norway maple"}},{"type":"Feature","geometry":{"type":"Point","coordinates":[-73.99908397715276,40.636554478616524]},"properties":{"tpcondition":"Good","stumpdiameter":"0","riskratingdate":null,"riskrating":null,"objectid":"4016306","globalid":"CCD75822-62E4-4D1D-98EA-43DEDB016F73","tpstructure":"Full","plantingspaceglobalid":"8766E090-540A-4C9B-8942-ABD14CA2A19B","createddate":"2016-07-27 14:22:45.0000000","dbh":"3","planteddate":null,"updateddate":"2017-09-29 12:35:07.0000000","geometry":"POINT(-73.99908397715276 40.636554478616524)","genusspecies":"Quercus rubra - northern red oak"}},{"type":"Feature","geometry":{"type":"Point","coordinates":[-74.10904362482155,40.62016494324753]},"properties":{"tpcondition":"Good","stumpdiameter":"0","riskratingdate":null,"riskrating":null,"objectid":"4016307","globalid":"879059DB-31D1-4E7E-8858-29ADBD0BEC5C","tpstructure":"Full","plantingspaceglobalid":"84DE4F48-8232-44A9-A481-BF95EB68BBF9","createddate":"2016-07-27 12:46:31.0000000","dbh":"14","planteddate":null,"updateddate":null,"geometry":"POINT(-74.10904362482155 40.62016494324753)","genusspecies":"Quercus palustris - pin oak"}},{"type":"Feature","geometry":{"type":"Point","coordinates":[-73.74741650941182,40.7102266053029]},"properties":{"tpcondition":"Good","stumpdiameter":"0","riskratingdate":"2019-07-24 13:20:31.0000000","riskrating":"3","objectid":"4016308","globalid":"D5BB2BCD-ACD0-4091-B362-C3B27331B715","tpstructure":"Full","plantingspaceglobalid":"3A9C6FF3-3459-4A4D-98B1-91FD3231259A","createddate":"2016-07-27 12:54:56.0000000","dbh":"23","planteddate":null,"updateddate":"2019-07-24 18:20:33.0000000","geometry":"POINT(-73.74741650941182 40.7102266053029)","genusspecies":"Liquidambar styraciflua - sweetgum"}},{"type":"Feature","geometry":{"type":"Point","coordinates":[-73.70193813680079,40.74915738788572]},"properties":{"tpcondition":"Good","stumpdiameter":null,"riskratingdate":"2023-09-22 14:24:46.0000000","riskrating":"7","objectid":"4016309","globalid":"FED45901-25A9-49C5-8CB8-8A51A46F66A9","tpstructure":"Full","plantingspaceglobalid":"019DA701-6450-45F7-953D-861F23FAC19B","createddate":"2016-06-30 10:25:42.0000000","dbh":"18","planteddate":null,"updateddate":"2023-09-22 14:24:46.0000000","geometry":"POINT(-73.70193813680079 40.74915738788572)","genusspecies":"Ginkgo biloba - maidenhair tree"}},{"type":"Feature","geometry":{"type":"Point","coordinates":[-73.74258047323816,40.703991255436314]},"properties":{"tpcondition":"Good","stumpdiameter":"0","riskratingdate":"2019-05-13 13:43:31.0000000","riskrating":"3","objectid":"4016310","globalid":"A465E1BA-D37C-460F-9C2F-95B099DDC318","tpstructure":"Full","plantingspaceglobalid":"D2F01FAF-61AE-429E-8F46-96A7384B6DF8","createddate":"2016-07-27 14:13:50.0000000","dbh":"8","planteddate":null,"updateddate":"2019-05-13 17:43:32.0000000","geometry":"POINT(-73.74258047323816 40.703991255436314)","genusspecies":"Zelkova serrata - Japanese zelkova"}},{"type":"Feature","geometry":{"type":"Point","coordinates":[-73.77962443831939,40.72963156999836]},"properties":{"tpcondition":"Dead","stumpdiameter":"8","riskratingdate":null,"riskrating":null,"objectid":"4016311","globalid":"ACFB949B-3458-47B8-82EC-D7A11FBC43FA","tpstructure":"Retired","plantingspaceglobalid":"DDA7E3F6-2AD4-4A69-94DC-B422B8A39B59","createddate":"2016-07-27 14:01:00.0000000","dbh":"0","planteddate":null,"updateddate":"2019-03-11 15:16:00.0000000","geometry":"POINT(-73.77962443831939 40.72963156999836)","genusspecies":"Unknown - Unknown"}},{"type":"Feature","geometry":{"type":"Point","coordinates":[-73.7576376860361,40.71107557881759]},"properties":{"tpcondition":"Unknown","stumpdiameter":"40","riskratingdate":null,"riskrating":null,"objectid":"4016312","globalid":"B01018A2-A2CC-4051-8557-0803B652B16E","tpstructure":"Retired","plantingspaceglobalid":"05AB6824-8E33-4A7A-9A5A-C475C18EBF0C","createddate":"2016-06-30 10:22:00.0000000","dbh":"0","planteddate":null,"updateddate":"2019-02-25 19:24:00.0000000","geometry":"POINT(-73.7576376860361 40.71107557881759)","genusspecies":"Unknown - Unknown"}},{"type":"Feature","geometry":{"type":"Point","coordinates":[-74.18302489699636,40.553215873243424]},"properties":{"tpcondition":"Critical","stumpdiameter":null,"riskratingdate":"2023-04-20 12:59:00.0000000","riskrating":"9","objectid":"4016313","globalid":"0ADDDDE6-BB30-4E49-BC5B-53AC55383A8B","tpstructure":"Retired","plantingspaceglobalid":"D26EC324-1689-458B-8D89-60FA1BA3FF1E","createddate":"2016-06-30 10:02:00.0000000","dbh":"18","planteddate":null,"updateddate":"2023-09-08 15:35:00.0000000","geometry":"POINT(-74.18302489699636 40.553215873243424)","genusspecies":"Fraxinus pennsylvanica - Green ash"}},{"type":"Feature","geometry":{"type":"Point","coordinates":[-73.73858402257859,40.69604301930808]},"properties":{"tpcondition":"Good","stumpdiameter":"0","riskratingdate":null,"riskrating":null,"objectid":"4016314","globalid":"113AA8B7-75F2-4686-B905-03420336745A","tpstructure":"Full","plantingspaceglobalid":"3BABFBC9-DDC9-4E37-9A0F-29863D3DD1E7","createddate":"2016-07-27 13:18:36.0000000","dbh":"7","planteddate":null,"updateddate":"2019-03-08 18:18:55.0000000","geometry":"POINT(-73.73858402257859 40.69604301930808)","genusspecies":"Syringa reticulata - Japanese tree lilac"}},{"type":"Feature","geometry":{"type":"Point","coordinates":[-73.74404288544669,40.763062897006854]},"properties":{"tpcondition":"Good","stumpdiameter":"0","riskratingdate":null,"riskrating":null,"objectid":"4016315","globalid":"5A954B2B-2677-4013-8BFA-16ED09458B81","tpstructure":"Full","plantingspaceglobalid":"525F275E-FAC7-4CE4-8D0B-213F67C078D7","createddate":"2016-07-27 13:38:46.0000000","dbh":"24","planteddate":null,"updateddate":"2017-04-29 08:26:51.0000000","geometry":"POINT(-73.74404288544669 40.763062897006854)","genusspecies":"Platanus x acerifolia - London planetree"}},{"type":"Feature","geometry":{"type":"Point","coordinates":[-73.7335723876854,40.727778867663204]},"properties":{"tpcondition":"Dead","stumpdiameter":null,"riskratingdate":"2022-03-23 14:29:57.0000000","riskrating":"9","objectid":"4016316","globalid":"36F5B8DF-5BCB-4584-811E-D8C3805F29B1","tpstructure":"Stump","plantingspaceglobalid":"2AEB1EB6-430B-47B1-BBA1-0A3BFB543452","createddate":"2016-06-30 10:14:43.0000000","dbh":"30","planteddate":null,"updateddate":"2022-11-28 18:09:58.0000000","geometry":"POINT(-73.7335723876854 40.727778867663204)","genusspecies":"Quercus palustris - pin oak"}},{"type":"Feature","geometry":{"type":"Point","coordinates":[-73.93940639604465,40.66395579977328]},"properties":{"tpcondition":"Good","stumpdiameter":"0","riskratingdate":null,"riskrating":null,"objectid":"4016317","globalid":"86775748-0D23-447C-9CA3-C15E83A691F3","tpstructure":"Full","plantingspaceglobalid":"135ED091-4C26-44DF-A4E3-4264644151A1","createddate":"2016-07-27 13:28:03.0000000","dbh":"9","planteddate":null,"updateddate":null,"geometry":"POINT(-73.93940639604465 40.66395579977328)","genusspecies":"Zelkova serrata - Japanese zelkova"}},{"type":"Feature","geometry":{"type":"Point","coordinates":[-73.72604811768963,40.733621902300605]},"properties":{"tpcondition":"Good","stumpdiameter":"0","riskratingdate":null,"riskrating":null,"objectid":"4016318","globalid":"BF918729-026D-43BF-A90C-B7569AC661A1","tpstructure":"Full","plantingspaceglobalid":"97DE426A-5555-4D61-AB8D-F24BD7828E3E","createddate":"2016-06-30 10:27:03.0000000","dbh":"7","planteddate":null,"updateddate":"2017-04-19 14:08:47.0000000","geometry":"POINT(-73.72604811768963 40.733621902300605)","genusspecies":"Gleditsia triacanthos var. inermis - Thornless honeylocust"}},{"type":"Feature","geometry":{"type":"Point","coordinates":[-73.78405790336286,40.74343295346241]},"properties":{"tpcondition":"Good","stumpdiameter":null,"riskratingdate":"2020-08-18 19:17:55.0000000","riskrating":"8","objectid":"4016319","globalid":"0A5E9AD1-78BD-4EAC-A09C-33AB38F8A721","tpstructure":"Full","plantingspaceglobalid":"1F60C8F6-87A2-4052-A35B-3621D4A2870B","createddate":"2016-07-27 14:04:38.0000000","dbh":"16","planteddate":null,"updateddate":"2020-08-18 19:17:55.0000000","geometry":"POINT(-73.78405790336286 40.74343295346241)","genusspecies":"Platanus x acerifolia - London planetree"}},{"type":"Feature","geometry":{"type":"Point","coordinates":[-73.79936629373134,40.726400462716114]},"properties":{"tpcondition":"Fair","stumpdiameter":"0","riskratingdate":"2020-03-19 17:00:14.0000000","riskrating":"6","objectid":"4016320","globalid":"C32A04D8-7660-4B25-84C5-3E83CAD54079","tpstructure":"Full","plantingspaceglobalid":"BA1ADC3A-E371-4AA2-AA49-E840187E4E18","createddate":"2016-07-27 13:45:00.0000000","dbh":"15","planteddate":null,"updateddate":"2020-03-19 17:00:14.0000000","geometry":"POINT(-73.79936629373134 40.726400462716114)","genusspecies":"Acer platanoides - Norway maple"}},{"type":"Feature","geometry":{"type":"Point","coordinates":[-73.81646199977386,40.78988969353829]},"properties":{"tpcondition":"Dead","stumpdiameter":"0","riskratingdate":null,"riskrating":null,"objectid":"4016321","globalid":"9788F16E-7867-4472-9817-C5AD236BF4DA","tpstructure":"Retired","plantingspaceglobalid":"ADD532E6-8413-463E-A407-34E185767748","createddate":"2016-06-30 10:23:46.0000000","dbh":"1","planteddate":null,"updateddate":"2022-01-21 16:42:29.0000000","geometry":"POINT(-73.81646199977386 40.78988969353829)","genusspecies":"Unknown - Unknown"}},{"type":"Feature","geometry":{"type":"Point","coordinates":[-73.70618259711803,40.73664286974519]},"properties":{"tpcondition":"Good","stumpdiameter":null,"riskratingdate":"2020-12-28 17:15:04.0000000","riskrating":"6","objectid":"4016322","globalid":"4796B6D9-1E30-42B8-B077-8AAF0694EE39","tpstructure":"Full","plantingspaceglobalid":"0BF74020-F5FC-4457-A750-5F762AF635CA","createddate":"2016-06-30 10:39:06.0000000","dbh":"17","planteddate":null,"updateddate":"2020-12-28 17:15:04.0000000","geometry":"POINT(-73.70618259711803 40.73664286974519)","genusspecies":"Acer platanoides - Norway maple"}},{"type":"Feature","geometry":{"type":"Point","coordinates":[-73.95056141616132,40.61898384966177]},"properties":{"tpcondition":"Dead","stumpdiameter":"0","riskratingdate":"2017-07-24 11:49:05.0000000","riskrating":"5","objectid":"4016323","globalid":"CBF5F60C-D8B1-4B1F-A983-6376CBF9A73A","tpstructure":"Retired","plantingspaceglobalid":"4C362C6C-BBC1-40D3-9268-49564D31565A","createddate":"2016-07-27 13:33:29.0000000","dbh":"14","planteddate":null,"updateddate":"2018-10-29 14:17:45.0000000","geometry":"POINT(-73.95056141616132 40.61898384966177)","genusspecies":"Carpinus japonica - Japanese hornbeam"}},{"type":"Feature","geometry":{"type":"Point","coordinates":[-73.7643568778267,40.69646725424576]},"properties":{"tpcondition":"Good","stumpdiameter":"4","riskratingdate":null,"riskrating":null,"objectid":"4016324","globalid":"D1B3C723-23F4-49A4-894C-FC26E3FBDD4F","tpstructure":"Retired","plantingspaceglobalid":"4F4004C1-ADB3-4A63-BBAF-48A9C8C46356","createddate":"2016-07-27 14:13:00.0000000","dbh":"5","planteddate":null,"updateddate":"2025-01-22 18:39:00.0000000","geometry":"POINT(-73.7643568778267 40.69646725424576)","genusspecies":"Prunus serrulata 'Green leaf' - 'Green leaf' Japanese flowering cherry"}},{"type":"Feature","geometry":{"type":"Point","coordinates":[-73.74683556223431,40.70811796958992]},"properties":{"tpcondition":"Good","stumpdiameter":"0","riskratingdate":null,"riskrating":null,"objectid":"4016325","globalid":"E0555A53-CF4A-4934-B730-09480DBB8109","tpstructure":"Full","plantingspaceglobalid":"231AB078-BE91-45E1-A781-E03071029F45","createddate":"2016-07-27 14:16:05.0000000","dbh":"7","planteddate":null,"updateddate":"2019-03-08 14:26:05.0000000","geometry":"POINT(-73.74683556223431 40.70811796958992)","genusspecies":"Zelkova serrata - Japanese zelkova"}},{"type":"Feature","geometry":{"type":"Point","coordinates":[-73.74756842447168,40.69454073198064]},"properties":{"tpcondition":"Fair","stumpdiameter":null,"riskratingdate":"2025-06-13 17:19:00.0000000","riskrating":"7","objectid":"4016326","globalid":"E68290C2-4051-458A-9EE2-E254D10D3F58","tpstructure":"Full","plantingspaceglobalid":"5E311FB5-0D5A-4086-BC67-CDCD7F9A593D","createddate":"2016-06-30 10:26:13.0000000","dbh":"36","planteddate":null,"updateddate":"2025-06-13 17:19:00.0000000","geometry":"POINT(-73.74756842447168 40.69454073198064)","genusspecies":"Platanus x acerifolia - London planetree"}},{"type":"Feature","geometry":{"type":"Point","coordinates":[-73.78033621386011,40.717316453868136]},"properties":{"tpcondition":"Good","stumpdiameter":"0","riskratingdate":null,"riskrating":null,"objectid":"4016327","globalid":"6386804A-D0AB-4421-83BD-A3381E7E8B9E","tpstructure":"Full","plantingspaceglobalid":"85A9A620-1227-4950-A467-C8A6AF18BA55","createddate":"2016-07-27 12:58:19.0000000","dbh":"3","planteddate":null,"updateddate":"2018-01-31 08:21:08.0000000","geometry":"POINT(-73.78033621386011 40.717316453868136)","genusspecies":"Prunus serrulata 'Green leaf' - 'Green leaf' Japanese flowering cherry"}},{"type":"Feature","geometry":{"type":"Point","coordinates":[-73.72760514715485,40.74606947819963]},"properties":{"tpcondition":"Fair","stumpdiameter":"0","riskratingdate":null,"riskrating":null,"objectid":"4016328","globalid":"36D55445-5664-418C-BB60-9EDCACBF1ED7","tpstructure":"Full","plantingspaceglobalid":"9CA06B04-6542-4C41-A231-288E30EE3E03","createddate":"2016-07-27 13:40:23.0000000","dbh":"6","planteddate":null,"updateddate":"2017-04-10 09:09:35.0000000","geometry":"POINT(-73.72760514715485 40.74606947819963)","genusspecies":"Prunus serrulata 'Green leaf' - 'Green leaf' Japanese flowering cherry"}},{"type":"Feature","geometry":{"type":"Point","coordinates":[-73.76007065938046,40.723750767548125]},"properties":{"tpcondition":"Poor","stumpdiameter":null,"riskratingdate":"2025-05-28 19:06:49.0000000","riskrating":"8","objectid":"4016329","globalid":"5357AD19-825E-4A0F-B6C3-BC296358708A","tpstructure":"Full","plantingspaceglobalid":"C98220CC-7910-411C-8748-BFA47833D1AD","createddate":"2016-07-27 13:18:06.0000000","dbh":"25","planteddate":null,"updateddate":"2025-05-28 19:06:49.0000000","geometry":"POINT(-73.76007065938046 40.723750767548125)","genusspecies":"Fraxinus - Ash"}},{"type":"Feature","geometry":{"type":"Point","coordinates":[-73.71058267222537,40.730195942530706]},"properties":{"tpcondition":"Fair","stumpdiameter":"0","riskratingdate":null,"riskrating":null,"objectid":"4016330","globalid":"F7ACC7D4-091A-41E5-858E-964B54C54939","tpstructure":"Full","plantingspaceglobalid":"C46E034F-B87B-4F60-8779-4E5059C3541E","createddate":"2016-06-30 10:33:56.0000000","dbh":"13","planteddate":null,"updateddate":"2017-04-18 11:35:00.0000000","geometry":"POINT(-73.71058267222537 40.730195942530706)","genusspecies":"Acer platanoides - Norway maple"}},{"type":"Feature","geometry":{"type":"Point","coordinates":[-73.74209245028335,40.693434003247255]},"properties":{"tpcondition":"Fair","stumpdiameter":null,"riskratingdate":"2023-09-06 13:35:27.0000000","riskrating":"6","objectid":"4016331","globalid":"E47CDA97-DF5A-4D8B-9244-23F4508F70EC","tpstructure":"Full","plantingspaceglobalid":"E3A6815A-876D-47A8-BCEF-84814C74AE71","createddate":"2016-06-30 09:48:09.0000000","dbh":"20","planteddate":null,"updateddate":"2024-06-10 17:51:03.0000000","geometry":"POINT(-73.74209245028335 40.693434003247255)","genusspecies":"Fraxinus pennsylvanica - Green ash"}},{"type":"Feature","geometry":{"type":"Point","coordinates":[-73.81138016089596,40.73910608049891]},"properties":{"tpcondition":"Good","stumpdiameter":"0","riskratingdate":null,"riskrating":null,"objectid":"4016332","globalid":"DF491B7E-DEBD-42B0-89C5-7DF624924DBE","tpstructure":"Full","plantingspaceglobalid":"850E12EA-C44C-43DA-8D6C-B02D4A8AB3C4","createddate":"2016-07-27 14:02:17.0000000","dbh":"23","planteddate":null,"updateddate":"2019-02-05 13:52:52.0000000","geometry":"POINT(-73.81138016089596 40.73910608049891)","genusspecies":"Platanus x acerifolia - London planetree"}},{"type":"Feature","geometry":{"type":"Point","coordinates":[-73.72223182263794,40.73857765291366]},"properties":{"tpcondition":"Good","stumpdiameter":null,"riskratingdate":"2022-03-03 16:28:48.0000000","riskrating":"6","objectid":"4016333","globalid":"6BC7A55B-0927-438D-9961-9271A49BDAA7","tpstructure":"Full","plantingspaceglobalid":"8D0B304D-5063-4D59-A30E-0923500D264D","createddate":"2016-06-30 10:07:56.0000000","dbh":"23","planteddate":null,"updateddate":"2022-03-03 16:28:48.0000000","geometry":"POINT(-73.72223182263794 40.73857765291366)","genusspecies":"Platanus x acerifolia - London planetree"}},{"type":"Feature","geometry":{"type":"Point","coordinates":[-73.71380022018728,40.73913865301711]},"properties":{"tpcondition":"Excellent","stumpdiameter":null,"riskratingdate":"2020-12-01 16:58:11.0000000","riskrating":"3","objectid":"4016334","globalid":"E7546396-273F-479C-BE19-4B71223A3160","tpstructure":"Full","plantingspaceglobalid":"C74BE9B3-2CBF-4EA4-A343-3A1A27E065E4","createddate":"2016-06-30 09:49:34.0000000","dbh":"6","planteddate":null,"updateddate":"2020-12-01 16:58:11.0000000","geometry":"POINT(-73.71380022018728 40.73913865301711)","genusspecies":"Koelreuteria paniculata - goldenrain tree"}},{"type":"Feature","geometry":{"type":"Point","coordinates":[-73.80331093909669,40.76931783000415]},"properties":{"tpcondition":"Dead","stumpdiameter":"0","riskratingdate":null,"riskrating":null,"objectid":"4016335","globalid":"05999A57-898E-4D34-9E97-7EEB75675091","tpstructure":"Retired","plantingspaceglobalid":"DB0A0DFE-DF6F-42D4-B0AA-57BD04EB10E6","createddate":"2016-07-27 13:01:00.0000000","dbh":"15","planteddate":null,"updateddate":"2024-04-19 16:44:08.0000000","geometry":"POINT(-73.80331093909669 40.76931783000415)","genusspecies":"Pyrus calleryana - Callery pear"}},{"type":"Feature","geometry":{"type":"Point","coordinates":[-73.71865776571951,40.75217795265006]},"properties":{"tpcondition":"Dead","stumpdiameter":null,"riskratingdate":"2025-11-12 16:58:32.0000000","riskrating":"9","objectid":"4016336","globalid":"F6398C58-46D1-4431-8E68-EDFB85C884C5","tpstructure":"Full","plantingspaceglobalid":"101362B9-EC2F-47E6-BD7E-C5A93D855DDE","createddate":"2016-06-30 09:48:21.0000000","dbh":"15","planteddate":null,"updateddate":"2025-11-12 16:58:32.0000000","geometry":"POINT(-73.71865776571951 40.75217795265006)","genusspecies":"Pyrus calleryana - Callery pear"}},{"type":"Feature","geometry":{"type":"Point","coordinates":[-73.71887624955161,40.727222884982375]},"properties":{"tpcondition":"Good","stumpdiameter":null,"riskratingdate":"2025-03-12 14:22:49.0000000","riskrating":"9","objectid":"4016337","globalid":"29DD3FDA-6B78-4344-AFD7-4719EEFCB710","tpstructure":"Full","plantingspaceglobalid":"E5413BBF-E994-4ECA-8682-940737234B54","createddate":"2016-06-30 10:02:10.0000000","dbh":"32","planteddate":null,"updateddate":"2025-03-12 14:22:49.0000000","geometry":"POINT(-73.71887624955161 40.727222884982375)","genusspecies":"Platanus x acerifolia - London planetree"}},{"type":"Feature","geometry":{"type":"Point","coordinates":[-73.98487300488735,40.62967176436653]},"properties":{"tpcondition":"Good","stumpdiameter":null,"riskratingdate":"2022-02-23 17:54:05.0000000","riskrating":"7","objectid":"4016338","globalid":"2086B4D4-0E1E-407E-8924-AA20A40703BB","tpstructure":"Full","plantingspaceglobalid":"9AE208E4-1DC6-44C3-87B6-106961EC8485","createddate":"2016-07-27 13:33:52.0000000","dbh":"12","planteddate":null,"updateddate":"2022-02-23 17:54:05.0000000","geometry":"POINT(-73.98487300488735 40.62967176436653)","genusspecies":"Carpinus betulus - European hornbeam"}},{"type":"Feature","geometry":{"type":"Point","coordinates":[-73.70669782692416,40.732749194677766]},"properties":{"tpcondition":"Dead","stumpdiameter":"0","riskratingdate":"2021-01-21 14:52:00.0000000","riskrating":"3","objectid":"4016339","globalid":"A78E8B6B-D097-4D72-A4CE-C9E0435E81E3","tpstructure":"Retired","plantingspaceglobalid":"41A351EC-60DB-4513-8093-46A81A27BD75","createddate":"2016-06-30 09:49:00.0000000","dbh":"15","planteddate":null,"updateddate":"2021-10-20 14:56:00.0000000","geometry":"POINT(-73.70669782692416 40.732749194677766)","genusspecies":"Acer pseudoplatanus - sycamore maple"}},{"type":"Feature","geometry":{"type":"Point","coordinates":[-73.77757619607247,40.72350416225532]},"properties":{"tpcondition":"Poor","stumpdiameter":null,"riskratingdate":"2024-03-07 17:23:34.0000000","riskrating":"8","objectid":"4016340","globalid":"B5F7C68C-0201-4CB5-AC54-914F5860CEA5","tpstructure":"Full","plantingspaceglobalid":"3E5EFA6C-AD04-4C2A-A855-B79BE1EECAA0","createddate":"2016-07-27 13:23:25.0000000","dbh":"14","planteddate":null,"updateddate":"2024-03-07 17:23:34.0000000","geometry":"POINT(-73.77757619607247 40.72350416225532)","genusspecies":"Quercus palustris - pin oak"}},{"type":"Feature","geometry":{"type":"Point","coordinates":[-73.7430134813803,40.69965141572367]},"properties":{"tpcondition":"Fair","stumpdiameter":"0","riskratingdate":"2019-05-15 14:33:47.0000000","riskrating":"3","objectid":"4016341","globalid":"C992ACB2-5673-4583-A092-09B3E13C88B0","tpstructure":"Full","plantingspaceglobalid":"8A61D569-E822-4926-BD3A-1D4EDBF665DC","createddate":"2016-06-30 10:11:59.0000000","dbh":"8","planteddate":null,"updateddate":"2019-05-15 18:33:48.0000000","geometry":"POINT(-73.7430134813803 40.69965141572367)","genusspecies":"Prunus cerasifera - cherry plum"}},{"type":"Feature","geometry":{"type":"Point","coordinates":[-73.71777789899642,40.73645406687123]},"properties":{"tpcondition":"Good","stumpdiameter":null,"riskratingdate":"2024-06-28 17:46:02.0000000","riskrating":"7","objectid":"4016342","globalid":"3434278B-3935-4486-872E-2417237040B7","tpstructure":"Full","plantingspaceglobalid":"60E1223E-AD35-49DB-B0B2-62A89651E1FD","createddate":"2016-06-30 10:36:58.0000000","dbh":"14","planteddate":null,"updateddate":"2024-06-28 17:46:02.0000000","geometry":"POINT(-73.71777789899642 40.73645406687123)","genusspecies":"Acer platanoides - Norway maple"}},{"type":"Feature","geometry":{"type":"Point","coordinates":[-73.759370489419,40.67170121528118]},"properties":{"tpcondition":"Dead","stumpdiameter":"7","riskratingdate":"2018-06-13 13:31:00.0000000","riskrating":"8","objectid":"4016343","globalid":"EB4C514F-3E73-4A5A-B201-1A52628F1574","tpstructure":"Stump","plantingspaceglobalid":"8ED6A19D-50E8-406D-AEA5-B80D58C51A1C","createddate":"2016-06-30 09:54:00.0000000","dbh":null,"planteddate":null,"updateddate":"2024-11-12 16:32:11.0000000","geometry":"POINT(-73.759370489419 40.67170121528118)","genusspecies":"Acer platanoides 'Not Green Leaf' - 'Not Green Leaf' Norway maple"}},{"type":"Feature","geometry":{"type":"Point","coordinates":[-73.81807211981915,40.78997121873102]},"properties":{"tpcondition":"Fair","stumpdiameter":null,"riskratingdate":"2022-01-14 17:51:26.0000000","riskrating":"8","objectid":"4016344","globalid":"0589E02C-39BC-4779-8A91-6D7498A395F5","tpstructure":"Full","plantingspaceglobalid":"0DC1A4AA-7974-486C-9D4C-F06BA775ACE4","createddate":"2016-06-30 10:14:33.0000000","dbh":"9","planteddate":null,"updateddate":"2022-01-14 17:51:26.0000000","geometry":"POINT(-73.81807211981915 40.78997121873102)","genusspecies":"Pyrus calleryana - Callery pear"}},{"type":"Feature","geometry":{"type":"Point","coordinates":[-73.72347610579425,40.733958597464564]},"properties":{"tpcondition":"Fair","stumpdiameter":null,"riskratingdate":"2025-05-05 16:16:47.0000000","riskrating":"5","objectid":"4016345","globalid":"EAC7EF86-4405-45C2-8CB9-30B66A01D03C","tpstructure":"Full","plantingspaceglobalid":"0EF7ED04-B160-4EE0-9D64-F8D8FB790D63","createddate":"2016-06-30 09:46:03.0000000","dbh":"17","planteddate":null,"updateddate":"2025-05-05 16:16:47.0000000","geometry":"POINT(-73.72347610579425 40.733958597464564)","genusspecies":"Fraxinus pennsylvanica - Green ash"}},{"type":"Feature","geometry":{"type":"Point","coordinates":[-73.73831791734425,40.702541764331684]},"properties":{"tpcondition":"Good","stumpdiameter":"0","riskratingdate":"2017-12-27 13:01:00.0000000","riskrating":"3","objectid":"4016346","globalid":"9EACAECE-1C09-44E0-BE5B-31D7E4E40DB8","tpstructure":"Retired","plantingspaceglobalid":"F93ACAD2-A187-41D7-9088-6F883F5BB957","createddate":"2016-07-27 13:16:00.0000000","dbh":"3","planteddate":null,"updateddate":"2019-03-19 17:02:40.0000000","geometry":"POINT(-73.73831791734425 40.702541764331684)","genusspecies":"Prunus serrulata 'Not Green leaf' - 'Not Green leaf' Japanese flowering cherry"}},{"type":"Feature","geometry":{"type":"Point","coordinates":[-73.7194743092973,40.754214611067994]},"properties":{"tpcondition":"Critical","stumpdiameter":null,"riskratingdate":"2023-04-27 17:25:00.0000000","riskrating":"9","objectid":"4016347","globalid":"A3F23FE7-DDA4-4479-9DF4-AF1B33E5430F","tpstructure":"Retired","plantingspaceglobalid":"8F5ED2DE-46DF-4BD5-89E7-C6394B78AB3D","createddate":"2016-06-30 10:34:00.0000000","dbh":"20","planteddate":null,"updateddate":"2024-10-08 12:21:26.0000000","geometry":"POINT(-73.7194743092973 40.754214611067994)","genusspecies":"Acer platanoides - Norway maple"}},{"type":"Feature","geometry":{"type":"Point","coordinates":[-73.80138129259781,40.73011509545462]},"properties":{"tpcondition":"Fair","stumpdiameter":"31","riskratingdate":"2025-10-13 19:07:15.0000000","riskrating":"7","objectid":"4016348","globalid":"DC940583-E051-4CDB-A304-04D1FFB836CB","tpstructure":"Full","plantingspaceglobalid":"913C654F-9BF7-43EE-8CAA-DE20001655F8","createddate":"2016-07-27 14:28:00.0000000","dbh":"31","planteddate":null,"updateddate":"2025-10-15 20:31:31.0000000","geometry":"POINT(-73.80138129259781 40.73011509545462)","genusspecies":"Quercus palustris - pin oak"}},{"type":"Feature","geometry":{"type":"Point","coordinates":[-73.7596907337389,40.66979003899364]},"properties":{"tpcondition":"Dead","stumpdiameter":"12","riskratingdate":null,"riskrating":null,"objectid":"4016349","globalid":"830D6541-71BD-415D-80D3-0464BE879A94","tpstructure":"Stump","plantingspaceglobalid":"B7A7EA1F-A9CA-4B7F-9BAE-3DD16E30F80E","createddate":"2016-07-27 14:00:37.0000000","dbh":null,"planteddate":null,"updateddate":"2023-07-07 12:55:42.0000000","geometry":"POINT(-73.7596907337389 40.66979003899364)","genusspecies":"Zelkova serrata - Japanese zelkova"}},{"type":"Feature","geometry":{"type":"Point","coordinates":[-73.73129516421606,40.73279394517646]},"properties":{"tpcondition":"Fair","stumpdiameter":null,"riskratingdate":"2025-05-05 14:45:53.0000000","riskrating":"5","objectid":"4016350","globalid":"34D6F590-7527-4B37-8FBE-BC5232319917","tpstructure":"Full","plantingspaceglobalid":"F9D8ABB0-4F5E-4702-90D2-A851AA253DF9","createddate":"2016-07-27 13:18:21.0000000","dbh":"8","planteddate":null,"updateddate":"2025-05-05 14:45:53.0000000","geometry":"POINT(-73.73129516421606 40.73279394517646)","genusspecies":"Fraxinus pennsylvanica - Green ash"}},{"type":"Feature","geometry":{"type":"Point","coordinates":[-73.99172243375925,40.63895380375662]},"properties":{"tpcondition":"Good","stumpdiameter":null,"riskratingdate":"2022-02-16 16:55:33.0000000","riskrating":"5","objectid":"4016351","globalid":"57F55220-6008-46DE-8864-744946F722A9","tpstructure":"Full","plantingspaceglobalid":"AFB8E54D-2D16-42E1-8FA4-CC96CD43B2AF","createddate":"2016-07-27 13:04:57.0000000","dbh":"4","planteddate":null,"updateddate":"2022-02-16 16:55:33.0000000","geometry":"POINT(-73.99172243375925 40.63895380375662)","genusspecies":"Zelkova serrata - Japanese zelkova"}},{"type":"Feature","geometry":{"type":"Point","coordinates":[-74.0313192777563,40.61458383395124]},"properties":{"tpcondition":"Poor","stumpdiameter":"0","riskratingdate":null,"riskrating":null,"objectid":"4016352","globalid":"BC96CC9E-B09A-4DAC-B04A-DB6737F68289","tpstructure":"Full","plantingspaceglobalid":"C284F1DD-EEEF-474C-BEE0-E59537A66651","createddate":"2016-07-27 14:12:13.0000000","dbh":"3","planteddate":null,"updateddate":null,"geometry":"POINT(-74.0313192777563 40.61458383395124)","genusspecies":"Tilia americana - American basswood"}},{"type":"Feature","geometry":{"type":"Point","coordinates":[-73.81269348961716,40.795253343284905]},"properties":{"tpcondition":"Poor","stumpdiameter":"0","riskratingdate":"2017-04-27 09:48:20.0000000","riskrating":"6","objectid":"4016353","globalid":"DF971265-8BD6-4A80-8176-527FA8E86096","tpstructure":"Retired","plantingspaceglobalid":"2450A206-0DD9-48D8-BBF4-6464D73C1DC5","createddate":"2016-06-30 10:12:00.0000000","dbh":"8","planteddate":null,"updateddate":"2022-02-01 12:36:58.0000000","geometry":"POINT(-73.81269348961716 40.795253343284905)","genusspecies":"Acer pseudoplatanus - sycamore maple"}},{"type":"Feature","geometry":{"type":"Point","coordinates":[-73.72140755599904,40.733818890476016]},"properties":{"tpcondition":"Fair","stumpdiameter":"0","riskratingdate":null,"riskrating":null,"objectid":"4016354","globalid":"79CF6D9F-426B-435B-8141-C3A9CB825FDB","tpstructure":"Shaft","plantingspaceglobalid":"7ACF1FBE-9B7D-4DA2-8C90-2D099A90E7BE","createddate":"2016-06-30 09:53:27.0000000","dbh":"7","planteddate":null,"updateddate":"2017-04-06 10:34:27.0000000","geometry":"POINT(-73.72140755599904 40.733818890476016)","genusspecies":"Pyrus calleryana - Callery pear"}},{"type":"Feature","geometry":{"type":"Point","coordinates":[-73.76354410451303,40.743475234795895]},"properties":{"tpcondition":"Fair","stumpdiameter":null,"riskratingdate":"2021-10-22 14:29:59.0000000","riskrating":"6","objectid":"4016355","globalid":"A78CCE0C-FBD4-49C9-BE34-B3889C693AA6","tpstructure":"Full","plantingspaceglobalid":"93324E9D-665A-42E6-B460-17B84157E326","createddate":"2016-07-27 13:58:24.0000000","dbh":"23","planteddate":null,"updateddate":"2021-10-22 14:29:59.0000000","geometry":"POINT(-73.76354410451303 40.743475234795895)","genusspecies":"Quercus rubra - northern red oak"}},{"type":"Feature","geometry":{"type":"Point","coordinates":[-73.76207531178125,40.694604797832106]},"properties":{"tpcondition":"Dead","stumpdiameter":null,"riskratingdate":"2025-04-22 18:34:00.0000000","riskrating":"9","objectid":"4016356","globalid":"DB51AFE0-4B7F-46DE-850F-C5BBBF9D7F68","tpstructure":"Stump","plantingspaceglobalid":"DBD860F3-618F-49F4-833E-2413F7C370E6","createddate":"2016-07-27 13:36:00.0000000","dbh":"14","planteddate":null,"updateddate":"2025-05-05 18:28:00.0000000","geometry":"POINT(-73.76207531178125 40.694604797832106)","genusspecies":"Tilia cordata - littleleaf linden"}},{"type":"Feature","geometry":{"type":"Point","coordinates":[-74.03818409525252,40.62504999435715]},"properties":{"tpcondition":"Fair","stumpdiameter":null,"riskratingdate":"2025-02-04 16:56:01.0000000","riskrating":"7","objectid":"4016357","globalid":"7455BF45-4A04-4F3F-9BA7-6F40E36CFC34","tpstructure":"Full","plantingspaceglobalid":"56ECFC08-B67F-4C23-B656-5C0634B9A07A","createddate":"2016-07-27 13:57:35.0000000","dbh":"36","planteddate":null,"updateddate":"2025-02-04 16:56:01.0000000","geometry":"POINT(-74.03818409525252 40.62504999435715)","genusspecies":"Quercus palustris - pin oak"}},{"type":"Feature","geometry":{"type":"Point","coordinates":[-73.7307012717693,40.69055159603035]},"properties":{"tpcondition":"Fair","stumpdiameter":"0","riskratingdate":null,"riskrating":null,"objectid":"4016358","globalid":"9C625CEB-57CA-4273-832F-C24FE6EEF124","tpstructure":"Full","plantingspaceglobalid":"658ED053-3030-4A8D-ACE2-D8ECA5D5E319","createddate":"2016-06-30 09:52:21.0000000","dbh":"25","planteddate":null,"updateddate":null,"geometry":"POINT(-73.7307012717693 40.69055159603035)","genusspecies":"Acer saccharinum - silver maple"}},{"type":"Feature","geometry":{"type":"Point","coordinates":[-74.16225031803691,40.529107010004715]},"properties":{"tpcondition":"Good","stumpdiameter":"0","riskratingdate":null,"riskrating":null,"objectid":"4016359","globalid":"4FB25B1C-B0E2-4B94-A3D3-ADA6D2444B08","tpstructure":"Full","plantingspaceglobalid":"95B00D45-BD3E-403C-A856-F991CC399D31","createddate":"2016-06-30 10:17:17.0000000","dbh":"4","planteddate":null,"updateddate":null,"geometry":"POINT(-74.16225031803691 40.529107010004715)","genusspecies":"Pyrus calleryana - Callery pear"}},{"type":"Feature","geometry":{"type":"Point","coordinates":[-73.75763767184857,40.67339477072818]},"properties":{"tpcondition":"Fair","stumpdiameter":null,"riskratingdate":"2024-12-09 15:20:18.0000000","riskrating":"5","objectid":"4016360","globalid":"D26E7C8C-62D0-45D3-AF4F-3827406E6282","tpstructure":"Full","plantingspaceglobalid":"0BEA053E-669F-4D8C-B1DE-9103A66E1434","createddate":"2016-06-30 10:07:25.0000000","dbh":"10","planteddate":null,"updateddate":"2024-12-09 15:20:18.0000000","geometry":"POINT(-73.75763767184857 40.67339477072818)","genusspecies":"Prunus serrulata 'Green leaf' - 'Green leaf' Japanese flowering cherry"}},{"type":"Feature","geometry":{"type":"Point","coordinates":[-73.7716114545161,40.707596067405404]},"properties":{"tpcondition":"Good","stumpdiameter":"0","riskratingdate":null,"riskrating":null,"objectid":"4016361","globalid":"D07423DD-714F-4A7F-906D-A7B304FA1329","tpstructure":"Full","plantingspaceglobalid":"B4A8C1D0-C0D7-4184-B5FC-39242C7AB258","createddate":"2016-07-27 14:15:15.0000000","dbh":"15","planteddate":null,"updateddate":"2017-04-20 11:13:40.0000000","geometry":"POINT(-73.7716114545161 40.707596067405404)","genusspecies":"Gleditsia triacanthos var. inermis - Thornless honeylocust"}},{"type":"Feature","geometry":{"type":"Point","coordinates":[-73.98010449224653,40.62405276534877]},"properties":{"tpcondition":"Good","stumpdiameter":"0","riskratingdate":"2019-09-26 13:26:20.0000000","riskrating":"4","objectid":"4016362","globalid":"7A6C9BDA-1C7E-41BD-BDCE-E3A459F8B4C4","tpstructure":"Full","plantingspaceglobalid":"1931FA33-11BD-4ECE-8C30-F95032914717","createddate":"2016-07-27 14:27:15.0000000","dbh":"21","planteddate":null,"updateddate":"2019-09-26 17:26:21.0000000","geometry":"POINT(-73.98010449224653 40.62405276534877)","genusspecies":"Platanus x acerifolia - London planetree"}},{"type":"Feature","geometry":{"type":"Point","coordinates":[-74.01548589719746,40.64736797801503]},"properties":{"tpcondition":"Good","stumpdiameter":"0","riskratingdate":null,"riskrating":null,"objectid":"4016363","globalid":"21671A8D-1E95-48E0-B765-666662501628","tpstructure":"Full","plantingspaceglobalid":"BB59B109-96D0-41A2-B2C9-A3C1A10157CC","createddate":"2016-07-27 13:05:10.0000000","dbh":"3","planteddate":null,"updateddate":"2017-09-19 11:00:39.0000000","geometry":"POINT(-74.01548589719746 40.64736797801503)","genusspecies":"Zelkova serrata - Japanese zelkova"}},{"type":"Feature","geometry":{"type":"Point","coordinates":[-73.720723848156,40.750203775496956]},"properties":{"tpcondition":"Fair","stumpdiameter":"0","riskratingdate":"2019-05-31 12:56:33.0000000","riskrating":"9","objectid":"4016364","globalid":"2B2871D1-563E-4AAE-9663-C49BE1CC66F8","tpstructure":"Full","plantingspaceglobalid":"E409D4DB-1878-4A94-BC49-108ED7111B71","createddate":"2016-06-30 10:23:34.0000000","dbh":"19","planteddate":null,"updateddate":"2019-05-31 16:56:34.0000000","geometry":"POINT(-73.720723848156 40.750203775496956)","genusspecies":"Quercus palustris - pin oak"}},{"type":"Feature","geometry":{"type":"Point","coordinates":[-73.79099732072903,40.75494413672633]},"properties":{"tpcondition":"Good","stumpdiameter":"0","riskratingdate":null,"riskrating":null,"objectid":"4016365","globalid":"199E23C8-304D-4B32-B42A-1EB7E5006B87","tpstructure":"Full","plantingspaceglobalid":"8902D370-109C-4B45-B32D-CDF3FC0B4C11","createddate":"2016-07-27 12:50:55.0000000","dbh":"8","planteddate":null,"updateddate":"2017-12-22 11:34:16.0000000","geometry":"POINT(-73.79099732072903 40.75494413672633)","genusspecies":"Styphnolobium japonicum - Japanese pagoda tree"}},{"type":"Feature","geometry":{"type":"Point","coordinates":[-73.75120875520994,40.71373346706145]},"properties":{"tpcondition":"Fair","stumpdiameter":"0","riskratingdate":null,"riskrating":null,"objectid":"4016366","globalid":"6086A928-D958-4058-9992-E142F5B659D8","tpstructure":"Full","plantingspaceglobalid":"EC5D9E6E-0941-4AA1-BCD3-C617C05D0AA3","createddate":"2016-07-27 13:22:29.0000000","dbh":"16","planteddate":null,"updateddate":"2019-03-01 14:15:19.0000000","geometry":"POINT(-73.75120875520994 40.71373346706145)","genusspecies":"Sassafras albidum - sassafras"}},{"type":"Feature","geometry":{"type":"Point","coordinates":[-73.76606544544099,40.70960469874993]},"properties":{"tpcondition":"Good","stumpdiameter":"0","riskratingdate":null,"riskrating":null,"objectid":"4016367","globalid":"9E797D8C-611A-4E55-B4D0-CA91122B13B1","tpstructure":"Full","plantingspaceglobalid":"A142F36F-B7BE-49F5-AF22-D145660D0186","createddate":"2016-06-30 10:31:01.0000000","dbh":"9","planteddate":null,"updateddate":"2017-04-18 09:49:15.0000000","geometry":"POINT(-73.76606544544099 40.70960469874993)","genusspecies":"Acer campestre - hedge maple"}},{"type":"Feature","geometry":{"type":"Point","coordinates":[-73.70694424425321,40.73869329817622]},"properties":{"tpcondition":"Good","stumpdiameter":null,"riskratingdate":"2020-12-07 20:03:18.0000000","riskrating":"6","objectid":"4016368","globalid":"C4A3BB18-560C-4A4B-BEAC-18FA494351F9","tpstructure":"Full","plantingspaceglobalid":"DB8AF6A3-C59F-4194-8DCF-D1F5A66B1258","createddate":"2016-06-30 10:15:48.0000000","dbh":"15","planteddate":null,"updateddate":"2020-12-07 20:03:18.0000000","geometry":"POINT(-73.70694424425321 40.73869329817622)","genusspecies":"Gleditsia triacanthos var. inermis - Thornless honeylocust"}},{"type":"Feature","geometry":{"type":"Point","coordinates":[-73.71555280917319,40.751738895171066]},"properties":{"tpcondition":"Good","stumpdiameter":null,"riskratingdate":"2020-12-10 13:42:41.0000000","riskrating":"7","objectid":"4016369","globalid":"4787DE5E-C07E-4BB1-8C2F-44EC50760CD1","tpstructure":"Full","plantingspaceglobalid":"B24D51AF-F3A0-42CE-B9D6-290E9CFA9CBA","createddate":"2016-06-30 10:22:53.0000000","dbh":"26","planteddate":null,"updateddate":"2020-12-10 13:42:41.0000000","geometry":"POINT(-73.71555280917319 40.751738895171066)","genusspecies":"Platanus x acerifolia - London planetree"}},{"type":"Feature","geometry":{"type":"Point","coordinates":[-73.70298749677123,40.73910070135933]},"properties":{"tpcondition":"Good","stumpdiameter":null,"riskratingdate":"2020-12-11 16:06:06.0000000","riskrating":"3","objectid":"4016370","globalid":"6203B8FE-545E-443A-A64E-218D2659D336","tpstructure":"Full","plantingspaceglobalid":"38432971-2EF3-417E-9A44-B7FCA6B00327","createddate":"2016-06-30 10:31:37.0000000","dbh":"20","planteddate":null,"updateddate":"2020-12-11 16:06:06.0000000","geometry":"POINT(-73.70298749677123 40.73910070135933)","genusspecies":"Ginkgo biloba - maidenhair tree"}},{"type":"Feature","geometry":{"type":"Point","coordinates":[-74.12534545620746,40.62145493739172]},"properties":{"tpcondition":"Dead","stumpdiameter":"25","riskratingdate":"2023-05-11 14:04:00.0000000","riskrating":"9","objectid":"4016371","globalid":"3B5861A0-4FEF-4371-B9EE-BD8277F0FC0B","tpstructure":"Stump","plantingspaceglobalid":"38596D91-921B-4FC1-BDEE-5DCFAB27EEDD","createddate":"2016-06-30 10:05:00.0000000","dbh":null,"planteddate":null,"updateddate":"2023-09-11 15:23:00.0000000","geometry":"POINT(-74.12534545620746 40.62145493739172)","genusspecies":"Fraxinus pennsylvanica - Green ash"}},{"type":"Feature","geometry":{"type":"Point","coordinates":[-73.82162084235965,40.74214263898603]},"properties":{"tpcondition":"Unknown","stumpdiameter":"12","riskratingdate":null,"riskrating":null,"objectid":"4016372","globalid":"09BF0FDE-760A-4FC2-BB40-190C779FC9DE","tpstructure":"Retired","plantingspaceglobalid":"0BA246C9-0848-40EE-B3BC-7C9A04CA091B","createddate":"2016-07-27 13:15:22.0000000","dbh":"0","planteddate":null,"updateddate":"2018-11-28 14:36:37.0000000","geometry":"POINT(-73.82162084235965 40.74214263898603)","genusspecies":"Unknown - Unknown"}},{"type":"Feature","geometry":{"type":"Point","coordinates":[-73.75520455290335,40.70282321258231]},"properties":{"tpcondition":"Good","stumpdiameter":"0","riskratingdate":null,"riskrating":null,"objectid":"4016373","globalid":"AC446961-0DCC-449E-8A3F-9F6576582197","tpstructure":"Full","plantingspaceglobalid":"0634D026-8D7B-4791-8BF4-F304D7D735E2","createddate":"2016-07-27 13:51:09.0000000","dbh":"5","planteddate":null,"updateddate":"2017-09-11 12:04:00.0000000","geometry":"POINT(-73.75520455290335 40.70282321258231)","genusspecies":"Gleditsia triacanthos var. inermis - Thornless honeylocust"}},{"type":"Feature","geometry":{"type":"Point","coordinates":[-73.86993518457143,40.75924335561672]},"properties":{"tpcondition":"Fair","stumpdiameter":"0","riskratingdate":"2019-01-04 11:05:29.0000000","riskrating":"6","objectid":"4016374","globalid":"29EC8F6C-1C4D-48AE-9FF5-7303CDF964B5","tpstructure":"Full","plantingspaceglobalid":"0BE5EAFC-12AD-4C8D-91F1-C1DC2243EDE0","createddate":"2016-07-27 13:19:53.0000000","dbh":"17","planteddate":null,"updateddate":"2019-01-04 16:05:30.0000000","geometry":"POINT(-73.86993518457143 40.75924335561672)","genusspecies":"Tilia cordata - littleleaf linden"}},{"type":"Feature","geometry":{"type":"Point","coordinates":[-73.7863708063687,40.71762597565236]},"properties":{"tpcondition":"Good","stumpdiameter":"0","riskratingdate":null,"riskrating":null,"objectid":"4016375","globalid":"E3DE3688-B8A0-4571-9A39-CFBCA97C2F5A","tpstructure":"Full","plantingspaceglobalid":"EC383BBA-38A0-44D1-8F25-3513D380ABB1","createddate":"2016-07-27 13:36:42.0000000","dbh":"3","planteddate":null,"updateddate":"2017-01-06 06:43:20.0000000","geometry":"POINT(-73.7863708063687 40.71762597565236)","genusspecies":"Zelkova serrata - Japanese zelkova"}},{"type":"Feature","geometry":{"type":"Point","coordinates":[-73.76224760440599,40.68978304580699]},"properties":{"tpcondition":"Good","stumpdiameter":null,"riskratingdate":"2025-01-10 13:39:26.0000000","riskrating":"7","objectid":"4016376","globalid":"8B756E48-6CBE-4AE3-AC4B-4ECFB5015E9B","tpstructure":"Full","plantingspaceglobalid":"307C0EFE-F847-428B-A5BD-263BCA91443D","createddate":"2016-07-27 14:12:16.0000000","dbh":"18","planteddate":null,"updateddate":"2025-01-10 13:39:26.0000000","geometry":"POINT(-73.76224760440599 40.68978304580699)","genusspecies":"Ginkgo biloba - maidenhair tree"}},{"type":"Feature","geometry":{"type":"Point","coordinates":[-73.7088595076839,40.73597917816785]},"properties":{"tpcondition":"Good","stumpdiameter":null,"riskratingdate":"2020-12-29 18:19:07.0000000","riskrating":"3","objectid":"4016377","globalid":"2B238798-8C82-4924-96FE-180EF6D894FF","tpstructure":"Full","plantingspaceglobalid":"06C60CEB-BC5C-4CC0-B899-CAE1B9D79B14","createddate":"2016-06-30 10:19:38.0000000","dbh":"6","planteddate":null,"updateddate":"2020-12-29 18:19:07.0000000","geometry":"POINT(-73.7088595076839 40.73597917816785)","genusspecies":"Pyrus calleryana - Callery pear"}},{"type":"Feature","geometry":{"type":"Point","coordinates":[-73.81606951580868,40.76226508819583]},"properties":{"tpcondition":"Good","stumpdiameter":"0","riskratingdate":"2019-11-07 20:07:48.0000000","riskrating":"3","objectid":"4016378","globalid":"87535AAE-2D22-4DA8-A5E4-8545C3FDFBC9","tpstructure":"Full","plantingspaceglobalid":"934B2733-226C-4105-A57F-6C88F3BD0744","createddate":"2016-07-27 14:01:00.0000000","dbh":"8","planteddate":null,"updateddate":"2019-11-07 20:07:48.0000000","geometry":"POINT(-73.81606951580868 40.76226508819583)","genusspecies":"Prunus serrulata 'Green leaf' - 'Green leaf' Japanese flowering cherry"}},{"type":"Feature","geometry":{"type":"Point","coordinates":[-73.73087827166016,40.716297814301925]},"properties":{"tpcondition":"Poor","stumpdiameter":"0","riskratingdate":"2019-05-01 14:05:15.0000000","riskrating":"7","objectid":"4016379","globalid":"DA44E3DD-EDC6-4478-9079-FA17C8525857","tpstructure":"Full","plantingspaceglobalid":"21133756-E692-487A-958F-03E55E738E3F","createddate":"2016-07-27 13:13:30.0000000","dbh":"7","planteddate":null,"updateddate":"2019-05-01 18:06:15.0000000","geometry":"POINT(-73.73087827166016 40.716297814301925)","genusspecies":"Gleditsia triacanthos var. inermis - Thornless honeylocust"}},{"type":"Feature","geometry":{"type":"Point","coordinates":[-73.71112462494878,40.7495146186523]},"properties":{"tpcondition":"Fair","stumpdiameter":null,"riskratingdate":"2020-12-08 17:07:13.0000000","riskrating":"6","objectid":"4016380","globalid":"8F7C458F-2E5F-437D-8BB0-5FD05D39D8AA","tpstructure":"Full","plantingspaceglobalid":"2EE06088-31B5-409F-891B-A2264AB00344","createddate":"2016-06-30 10:21:23.0000000","dbh":"10","planteddate":null,"updateddate":"2020-12-08 17:07:13.0000000","geometry":"POINT(-73.71112462494878 40.7495146186523)","genusspecies":"Pyrus calleryana - Callery pear"}},{"type":"Feature","geometry":{"type":"Point","coordinates":[-73.8182222598231,40.762598219667616]},"properties":{"tpcondition":"Good","stumpdiameter":"0","riskratingdate":"2019-12-11 16:17:58.0000000","riskrating":"3","objectid":"4016381","globalid":"26B75541-2844-45F6-AE88-90F33B4F668A","tpstructure":"Full","plantingspaceglobalid":"7B95DE11-864D-435C-BD45-295074FCF60F","createddate":"2016-07-27 13:12:55.0000000","dbh":"2","planteddate":null,"updateddate":"2019-12-11 16:17:58.0000000","geometry":"POINT(-73.8182222598231 40.762598219667616)","genusspecies":"Prunus serrulata 'Not Green leaf' - 'Not Green leaf' Japanese flowering cherry"}},{"type":"Feature","geometry":{"type":"Point","coordinates":[-74.02539069961931,40.6192372032812]},"properties":{"tpcondition":"Good","stumpdiameter":"0","riskratingdate":null,"riskrating":null,"objectid":"4016382","globalid":"ADDE6044-0BA5-4D59-B800-AEB97F29477A","tpstructure":"Full","plantingspaceglobalid":"A602D55D-B7B0-43F6-BA02-9CD11182445F","createddate":"2016-07-27 14:05:07.0000000","dbh":"14","planteddate":null,"updateddate":null,"geometry":"POINT(-74.02539069961931 40.6192372032812)","genusspecies":"Zelkova serrata - Japanese zelkova"}},{"type":"Feature","geometry":{"type":"Point","coordinates":[-73.803061644066,40.77972857591982]},"properties":{"tpcondition":"Good","stumpdiameter":"0","riskratingdate":null,"riskrating":null,"objectid":"4016383","globalid":"9FDDB924-3F7F-466C-A586-C5E70912092B","tpstructure":"Full","plantingspaceglobalid":"0B59EB9D-18B7-459A-95C9-3F1DC7B0AA5D","createddate":"2016-07-27 13:16:11.0000000","dbh":"2","planteddate":null,"updateddate":"2017-02-17 10:52:22.0000000","geometry":"POINT(-73.803061644066 40.77972857591982)","genusspecies":"Quercus palustris - pin oak"}},{"type":"Feature","geometry":{"type":"Point","coordinates":[-74.02163661528849,40.63717320250772]},"properties":{"tpcondition":"Good","stumpdiameter":null,"riskratingdate":"2021-08-23 19:10:57.0000000","riskrating":"8","objectid":"4016384","globalid":"DD94F099-3CCD-426D-80F4-7697A8A15B38","tpstructure":"Full","plantingspaceglobalid":"D57F558E-F2EC-4DAE-B17B-18674D5B68CD","createddate":"2016-07-27 12:53:55.0000000","dbh":"22","planteddate":null,"updateddate":"2021-08-23 19:10:57.0000000","geometry":"POINT(-74.02163661528849 40.63717320250772)","genusspecies":"Platanus x acerifolia - London planetree"}},{"type":"Feature","geometry":{"type":"Point","coordinates":[-74.0369779904015,40.628800454628106]},"properties":{"tpcondition":"Fair","stumpdiameter":null,"riskratingdate":"2024-12-23 16:34:04.0000000","riskrating":"8","objectid":"4016385","globalid":"9FD95072-2734-4D11-A978-A91571D67155","tpstructure":"Full","plantingspaceglobalid":"440C407E-0576-44F0-8D64-67E32550C2CC","createddate":"2016-07-27 13:18:06.0000000","dbh":"32","planteddate":null,"updateddate":"2024-12-23 16:34:04.0000000","geometry":"POINT(-74.0369779904015 40.628800454628106)","genusspecies":"Platanus x acerifolia - London planetree"}},{"type":"Feature","geometry":{"type":"Point","coordinates":[-73.7860508369617,40.74382138618805]},"properties":{"tpcondition":"Good","stumpdiameter":"0","riskratingdate":null,"riskrating":null,"objectid":"4016386","globalid":"7BD2342A-6542-450B-8A40-0005E8F01662","tpstructure":"Full","plantingspaceglobalid":"499B835E-9730-4D21-BED6-B98BB68CD299","createddate":"2016-07-27 14:12:45.0000000","dbh":"18","planteddate":null,"updateddate":"2018-05-08 12:46:43.0000000","geometry":"POINT(-73.7860508369617 40.74382138618805)","genusspecies":"Platanus x acerifolia - London planetree"}},{"type":"Feature","geometry":{"type":"Point","coordinates":[-73.91811785415199,40.759912895944346]},"properties":{"tpcondition":"Fair","stumpdiameter":"0","riskratingdate":null,"riskrating":null,"objectid":"4016387","globalid":"A07ADB73-7334-4CC9-951D-E57C80740F05","tpstructure":"Full","plantingspaceglobalid":"FBEA3EE8-AD7D-4FAC-9ADF-47522C0F046A","createddate":"2016-07-27 13:53:20.0000000","dbh":"3","planteddate":null,"updateddate":null,"geometry":"POINT(-73.91811785415199 40.759912895944346)","genusspecies":"Quercus rubra - northern red oak"}},{"type":"Feature","geometry":{"type":"Point","coordinates":[-74.02130601703442,40.636169975957536]},"properties":{"tpcondition":"Good","stumpdiameter":null,"riskratingdate":"2023-11-27 18:51:48.0000000","riskrating":"8","objectid":"4016388","globalid":"AE6E9AE5-EC37-461D-AE40-B39DD8AD504A","tpstructure":"Full","plantingspaceglobalid":"FFA6D9CF-602F-4B15-949E-9594A651E339","createddate":"2016-07-27 14:00:19.0000000","dbh":"19","planteddate":null,"updateddate":"2023-11-27 18:51:48.0000000","geometry":"POINT(-74.02130601703442 40.636169975957536)","genusspecies":"Quercus palustris - pin oak"}},{"type":"Feature","geometry":{"type":"Point","coordinates":[-73.77884977145487,40.72846980252256]},"properties":{"tpcondition":"Good","stumpdiameter":null,"riskratingdate":"2023-07-20 17:31:56.0000000","riskrating":"7","objectid":"4016389","globalid":"FF9431E8-AD38-4A60-A6F6-22A247186420","tpstructure":"Full","plantingspaceglobalid":"D321B2AB-876C-4A09-89B4-B1728E45D84B","createddate":"2016-07-27 13:48:08.0000000","dbh":"16","planteddate":null,"updateddate":"2023-07-20 17:31:56.0000000","geometry":"POINT(-73.77884977145487 40.72846980252256)","genusspecies":"Tilia americana - American basswood"}},{"type":"Feature","geometry":{"type":"Point","coordinates":[-73.81552226316207,40.76538296939883]},"properties":{"tpcondition":"Good","stumpdiameter":"0","riskratingdate":"2022-08-29 18:02:25.0000000","riskrating":"8","objectid":"4016390","globalid":"F10F912B-9C34-445D-A8E6-462DDE098F3A","tpstructure":"Full","plantingspaceglobalid":"53C2E64E-9143-4CD1-AFA2-72DFEAA3D5EE","createddate":"2016-07-27 13:25:34.0000000","dbh":"9","planteddate":null,"updateddate":"2022-08-29 18:02:25.0000000","geometry":"POINT(-73.81552226316207 40.76538296939883)","genusspecies":"Tilia cordata - littleleaf linden"}},{"type":"Feature","geometry":{"type":"Point","coordinates":[-73.7180653667645,40.73984705422951]},"properties":{"tpcondition":"Good","stumpdiameter":"0","riskratingdate":null,"riskrating":null,"objectid":"4016391","globalid":"F2A3EA83-3B65-4D59-85AC-4DF01C3DD4D1","tpstructure":"Full","plantingspaceglobalid":"3FC9CB51-6BF2-4774-B828-FB05C812CE9C","createddate":"2016-06-30 10:07:22.0000000","dbh":"17","planteddate":null,"updateddate":"2017-04-11 09:43:00.0000000","geometry":"POINT(-73.7180653667645 40.73984705422951)","genusspecies":"Acer saccharum - sugar maple"}},{"type":"Feature","geometry":{"type":"Point","coordinates":[-73.7513123533185,40.71879275775786]},"properties":{"tpcondition":"Good","stumpdiameter":"0","riskratingdate":"2017-09-21 03:16:09.0000000","riskrating":"3","objectid":"4016392","globalid":"CB0AC3B3-88AA-44F2-A3E6-B63C91A1BB09","tpstructure":"Full","plantingspaceglobalid":"7CB3493A-0048-4DC1-B7B5-B2603104D707","createddate":"2016-07-27 13:29:41.0000000","dbh":"11","planteddate":null,"updateddate":"2017-11-21 04:11:11.0000000","geometry":"POINT(-73.7513123533185 40.71879275775786)","genusspecies":"Carpinus caroliniana - American hornbeam"}},{"type":"Feature","geometry":{"type":"Point","coordinates":[-73.99861357682047,40.6297688278837]},"properties":{"tpcondition":"Dead","stumpdiameter":null,"riskratingdate":null,"riskrating":null,"objectid":"4016393","globalid":"FA644A59-13D9-4DE8-8DDA-D499CA263A6D","tpstructure":"Retired","plantingspaceglobalid":"4E1BFECB-50C8-4836-B34B-A7A8F09F546A","createddate":"2016-07-27 14:19:09.0000000","dbh":"3","planteddate":null,"updateddate":"2020-07-01 19:45:47.0000000","geometry":"POINT(-73.99861357682047 40.6297688278837)","genusspecies":"Koelreuteria paniculata - goldenrain tree"}},{"type":"Feature","geometry":{"type":"Point","coordinates":[-73.86541335635067,40.7595817124479]},"properties":{"tpcondition":"Dead","stumpdiameter":"0","riskratingdate":null,"riskrating":null,"objectid":"4016394","globalid":"5E27C153-94E3-43B0-8A2D-8279827AA5E7","tpstructure":"Retired","plantingspaceglobalid":"888F3A58-00A3-4947-BE50-F85D9AF96E7B","createddate":"2016-07-27 13:36:00.0000000","dbh":"9","planteddate":null,"updateddate":"2016-12-01 22:53:07.0000000","geometry":"POINT(-73.86541335635067 40.7595817124479)","genusspecies":"Unknown - Unknown"}},{"type":"Feature","geometry":{"type":"Point","coordinates":[-73.86755895832978,40.75761537179942]},"properties":{"tpcondition":"Good","stumpdiameter":"0","riskratingdate":null,"riskrating":null,"objectid":"4016395","globalid":"7381A88D-E07E-4E35-81E6-7DE0019D0296","tpstructure":"Full","plantingspaceglobalid":"5A57CD8A-01A7-4127-AA7A-F551B9D92FE1","createddate":"2016-07-27 13:47:21.0000000","dbh":"2","planteddate":null,"updateddate":"2017-03-13 06:34:43.0000000","geometry":"POINT(-73.86755895832978 40.75761537179942)","genusspecies":"Tilia x. europaea - Common linden"}},{"type":"Feature","geometry":{"type":"Point","coordinates":[-73.70748145841787,40.748228304551674]},"properties":{"tpcondition":"Good","stumpdiameter":null,"riskratingdate":"2020-10-19 20:16:31.0000000","riskrating":"3","objectid":"4016396","globalid":"A23FAC9F-DCCD-45E1-84C4-776F8F1493F6","tpstructure":"Full","plantingspaceglobalid":"46117396-40B7-4ABC-B770-7A815A2E633A","createddate":"2016-06-30 10:26:56.0000000","dbh":"13","planteddate":null,"updateddate":"2020-10-19 20:16:31.0000000","geometry":"POINT(-73.70748145841787 40.748228304551674)","genusspecies":"Ginkgo biloba - maidenhair tree"}},{"type":"Feature","geometry":{"type":"Point","coordinates":[-73.74016012049408,40.710314381604825]},"properties":{"tpcondition":"Fair","stumpdiameter":"0","riskratingdate":"2019-05-09 10:43:41.0000000","riskrating":"3","objectid":"4016397","globalid":"D9B1DF80-CF86-4929-B941-DBA689FEE539","tpstructure":"Full","plantingspaceglobalid":"300404BB-42D7-4B81-B27E-323AB2365C7F","createddate":"2016-07-27 13:56:47.0000000","dbh":"7","planteddate":null,"updateddate":"2019-05-09 14:43:42.0000000","geometry":"POINT(-73.74016012049408 40.710314381604825)","genusspecies":"Prunus serrulata 'Green leaf' - 'Green leaf' Japanese flowering cherry"}},{"type":"Feature","geometry":{"type":"Point","coordinates":[-73.8116913112843,40.795417830315905]},"properties":{"tpcondition":"Fair","stumpdiameter":null,"riskratingdate":"2022-01-28 16:14:54.0000000","riskrating":"4","objectid":"4016398","globalid":"62DEEEDC-F026-48A5-ACD2-34C17E45DE3A","tpstructure":"Full","plantingspaceglobalid":"0B98B473-9A04-4029-A97C-16C6463E5F5C","createddate":"2016-06-30 10:11:59.0000000","dbh":"5","planteddate":null,"updateddate":"2022-01-28 16:14:54.0000000","geometry":"POINT(-73.8116913112843 40.795417830315905)","genusspecies":"Prunus cerasifera - cherry plum"}},{"type":"Feature","geometry":{"type":"Point","coordinates":[-73.86679257913467,40.759119173617385]},"properties":{"tpcondition":"Poor","stumpdiameter":"0","riskratingdate":"2017-03-10 07:40:34.0000000","riskrating":"7","objectid":"4016399","globalid":"8E189822-561C-4622-B42E-5DE6692BACC6","tpstructure":"Full","plantingspaceglobalid":"90B120F9-490D-4841-BD30-1884305961EC","createddate":"2016-07-27 13:54:52.0000000","dbh":"9","planteddate":null,"updateddate":"2017-11-21 04:11:11.0000000","geometry":"POINT(-73.86679257913467 40.759119173617385)","genusspecies":"Acer saccharum - sugar maple"}},{"type":"Feature","geometry":{"type":"Point","coordinates":[-73.70715629820589,40.751466546331685]},"properties":{"tpcondition":"Good","stumpdiameter":null,"riskratingdate":"2020-10-27 16:15:03.0000000","riskrating":"3","objectid":"4016400","globalid":"9F299307-F9D7-479D-8C15-917C64E686BD","tpstructure":"Full","plantingspaceglobalid":"6FCE520A-E01C-42CA-B3F9-8CC588CADAB2","createddate":"2016-06-30 10:36:49.0000000","dbh":"10","planteddate":null,"updateddate":"2020-10-27 16:15:03.0000000","geometry":"POINT(-73.70715629820589 40.751466546331685)","genusspecies":"Acer platanoides - Norway maple"}},{"type":"Feature","geometry":{"type":"Point","coordinates":[-73.80287326621338,40.742132268073455]},"properties":{"tpcondition":"Good","stumpdiameter":"0","riskratingdate":null,"riskrating":null,"objectid":"4016401","globalid":"1BFC8AD6-08AF-4B32-86CC-BA17835DCF2B","tpstructure":"Full","plantingspaceglobalid":"26324B6E-FC3C-40E1-A4B4-943358C31D6A","createddate":"2016-07-27 14:02:03.0000000","dbh":"15","planteddate":null,"updateddate":"2018-12-19 19:03:19.0000000","geometry":"POINT(-73.80287326621338 40.742132268073455)","genusspecies":"Tilia americana - American basswood"}},{"type":"Feature","geometry":{"type":"Point","coordinates":[-73.72868332511176,40.763296567608904]},"properties":{"tpcondition":"Fair","stumpdiameter":"0","riskratingdate":null,"riskrating":null,"objectid":"4016402","globalid":"EB62556A-B92A-460F-A64C-42DCB0076874","tpstructure":"Full","plantingspaceglobalid":"15A7AA86-B462-4CE9-B1F9-A2454E5F5A49","createddate":"2016-07-27 13:20:15.0000000","dbh":"14","planteddate":null,"updateddate":"2017-04-25 11:45:04.0000000","geometry":"POINT(-73.72868332511176 40.763296567608904)","genusspecies":"Prunus serrulata 'Green leaf' - 'Green leaf' Japanese flowering cherry"}},{"type":"Feature","geometry":{"type":"Point","coordinates":[-74.03037428973455,40.63930539067163]},"properties":{"tpcondition":"Good","stumpdiameter":null,"riskratingdate":"2023-12-21 14:13:44.0000000","riskrating":"8","objectid":"4016403","globalid":"383676FA-B602-4FC9-BB92-5A485F4A350F","tpstructure":"Full","plantingspaceglobalid":"23A09A5F-1A76-4441-858D-62A4DD9039D6","createddate":"2016-07-27 13:18:14.0000000","dbh":"18","planteddate":null,"updateddate":"2023-12-21 14:13:44.0000000","geometry":"POINT(-74.03037428973455 40.63930539067163)","genusspecies":"Platanus x acerifolia - London planetree"}},{"type":"Feature","geometry":{"type":"Point","coordinates":[-73.81250157795313,40.74979184809492]},"properties":{"tpcondition":"Fair","stumpdiameter":"0","riskratingdate":null,"riskrating":null,"objectid":"4016404","globalid":"EE2C91A4-2BC4-492B-B5A3-33E637351538","tpstructure":"Full","plantingspaceglobalid":"84092037-C1C9-4B72-BCDD-1A97873400AD","createddate":"2016-07-27 13:37:32.0000000","dbh":"2","planteddate":null,"updateddate":null,"geometry":"POINT(-73.81250157795313 40.74979184809492)","genusspecies":"Prunus cerasifera - cherry plum"}},{"type":"Feature","geometry":{"type":"Point","coordinates":[-74.10642687419077,40.61417018164534]},"properties":{"tpcondition":"Fair","stumpdiameter":"0","riskratingdate":null,"riskrating":null,"objectid":"4016405","globalid":"7E2006BE-C847-43AB-B3F8-E5BED651F775","tpstructure":"Full","plantingspaceglobalid":"E0863D19-F386-4101-956F-B64AB709E728","createddate":"2016-06-30 10:32:48.0000000","dbh":"34","planteddate":null,"updateddate":"2017-02-14 12:24:42.0000000","geometry":"POINT(-74.10642687419077 40.61417018164534)","genusspecies":"Quercus alba - white oak"}},{"type":"Feature","geometry":{"type":"Point","coordinates":[-73.80233238081222,40.786997031895716]},"properties":{"tpcondition":"Fair","stumpdiameter":null,"riskratingdate":"2022-01-24 12:25:37.0000000","riskrating":"5","objectid":"4016406","globalid":"75C78B13-2A41-4D7E-80F1-FEB1BBEB9E6C","tpstructure":"Full","plantingspaceglobalid":"25270216-F358-4856-A089-C5F631EB90D9","createddate":"2016-06-30 10:38:40.0000000","dbh":"5","planteddate":null,"updateddate":"2022-01-24 12:25:37.0000000","geometry":"POINT(-73.80233238081222 40.786997031895716)","genusspecies":"Acer platanoides - Norway maple"}},{"type":"Feature","geometry":{"type":"Point","coordinates":[-73.70842801113757,40.743045454840846]},"properties":{"tpcondition":"Good","stumpdiameter":null,"riskratingdate":"2020-11-10 17:12:38.0000000","riskrating":"7","objectid":"4016407","globalid":"C70D14A7-1998-4A27-BB80-580D577B9493","tpstructure":"Full","plantingspaceglobalid":"3C1C502E-CD6E-4EEF-925E-2E28F213880C","createddate":"2016-06-30 10:13:24.0000000","dbh":"22","planteddate":null,"updateddate":"2020-11-10 17:12:38.0000000","geometry":"POINT(-73.70842801113757 40.743045454840846)","genusspecies":"Gleditsia triacanthos var. inermis - Thornless honeylocust"}},{"type":"Feature","geometry":{"type":"Point","coordinates":[-73.80519748147204,40.71913222503555]},"properties":{"tpcondition":"Fair","stumpdiameter":null,"riskratingdate":"2023-07-18 17:34:42.0000000","riskrating":"6","objectid":"4016408","globalid":"526E24A9-027B-4670-BF75-1802C7CDA2BB","tpstructure":"Full","plantingspaceglobalid":"45A1D0D5-BBCE-4EAC-AA83-1937324FB2EE","createddate":"2016-07-27 13:14:26.0000000","dbh":"17","planteddate":null,"updateddate":"2023-07-18 17:34:42.0000000","geometry":"POINT(-73.80519748147204 40.71913222503555)","genusspecies":"Fraxinus americana - white ash"}},{"type":"Feature","geometry":{"type":"Point","coordinates":[-74.00851019804595,40.644070726284234]},"properties":{"tpcondition":"Dead","stumpdiameter":"8","riskratingdate":null,"riskrating":null,"objectid":"4016409","globalid":"A4CC47D7-0C3D-4E15-909A-A6FAF897E77C","tpstructure":"Retired","plantingspaceglobalid":"F173A96A-22D6-492D-B4C8-6929A6F96782","createddate":"2016-07-27 12:55:00.0000000","dbh":"8","planteddate":null,"updateddate":"2017-04-13 11:11:11.0000000","geometry":"POINT(-74.00851019804595 40.644070726284234)","genusspecies":"Styphnolobium japonicum - Japanese pagoda tree"}},{"type":"Feature","geometry":{"type":"Point","coordinates":[-73.7424135718184,40.68837309571509]},"properties":{"tpcondition":"Good","stumpdiameter":"0","riskratingdate":"2018-09-26 12:01:51.0000000","riskrating":"10","objectid":"4016410","globalid":"4C8A45A4-2148-4F9A-B28D-0F05C569ACAB","tpstructure":"Full","plantingspaceglobalid":"353152F6-5531-422D-A540-1500B67656F0","createddate":"2016-06-30 10:23:30.0000000","dbh":"17","planteddate":null,"updateddate":"2018-09-26 16:01:52.0000000","geometry":"POINT(-73.7424135718184 40.68837309571509)","genusspecies":"Quercus palustris - pin oak"}},{"type":"Feature","geometry":{"type":"Point","coordinates":[-73.70667072290385,40.732676298320506]},"properties":{"tpcondition":"Good","stumpdiameter":"0","riskratingdate":"2020-03-24 17:54:47.0000000","riskrating":"6","objectid":"4016411","globalid":"CE062E2C-282C-4D76-9F5D-9D6DC20186EA","tpstructure":"Full","plantingspaceglobalid":"3CCD050E-2EDD-4861-BE79-95FDC88B0DC5","createddate":"2016-06-30 09:54:00.0000000","dbh":"18","planteddate":null,"updateddate":"2020-03-24 17:54:47.0000000","geometry":"POINT(-73.70667072290385 40.732676298320506)","genusspecies":"Acer platanoides 'Not Green Leaf' - 'Not Green Leaf' Norway maple"}},{"type":"Feature","geometry":{"type":"Point","coordinates":[-73.7559890336755,40.6892528270981]},"properties":{"tpcondition":"Good","stumpdiameter":null,"riskratingdate":"2024-12-11 14:21:40.0000000","riskrating":"8","objectid":"4016412","globalid":"04C9EE53-208C-4F23-9489-13FA5AD2B791","tpstructure":"Full","plantingspaceglobalid":"2377F877-DDC0-44D3-AAA1-5EEB614481E2","createddate":"2016-06-30 10:03:00.0000000","dbh":"22","planteddate":null,"updateddate":"2024-12-11 14:21:40.0000000","geometry":"POINT(-73.7559890336755 40.6892528270981)","genusspecies":"Tilia cordata - littleleaf linden"}},{"type":"Feature","geometry":{"type":"Point","coordinates":[-73.76277440374496,40.709245191112764]},"properties":{"tpcondition":"Good","stumpdiameter":"0","riskratingdate":null,"riskrating":null,"objectid":"4016413","globalid":"AAF21FA6-EE51-41FF-AF72-BD3402ACAA79","tpstructure":"Full","plantingspaceglobalid":"2F53E78B-ED8C-4027-B830-833F8487C059","createddate":"2016-07-27 14:06:53.0000000","dbh":"6","planteddate":null,"updateddate":"2017-04-17 13:50:28.0000000","geometry":"POINT(-73.76277440374496 40.709245191112764)","genusspecies":"Quercus rubra - northern red oak"}},{"type":"Feature","geometry":{"type":"Point","coordinates":[-73.77871287508002,40.74960455820856]},"properties":{"tpcondition":"Good","stumpdiameter":"0","riskratingdate":null,"riskrating":null,"objectid":"4016414","globalid":"EA4AED6D-8FF6-40B4-99C8-0EDA0C640A07","tpstructure":"Full","plantingspaceglobalid":"56F3511A-477E-43D0-94FF-9C5B1D092646","createddate":"2016-07-27 13:25:00.0000000","dbh":"3","planteddate":null,"updateddate":"2017-12-21 09:32:03.0000000","geometry":"POINT(-73.77871287508002 40.74960455820856)","genusspecies":"Zelkova serrata - Japanese zelkova"}},{"type":"Feature","geometry":{"type":"Point","coordinates":[-73.72566424966224,40.74261345292137]},"properties":{"tpcondition":"Fair","stumpdiameter":"0","riskratingdate":null,"riskrating":null,"objectid":"4016415","globalid":"BAB9716A-399C-479B-8642-ADC8C12ACB8B","tpstructure":"Full","plantingspaceglobalid":"BC96A9EE-631A-4AD7-876F-8D6FABED8F0A","createddate":"2016-07-27 13:40:27.0000000","dbh":"8","planteddate":null,"updateddate":"2017-04-10 11:17:43.0000000","geometry":"POINT(-73.72566424966224 40.74261345292137)","genusspecies":"Prunus serrulata 'Green leaf' - 'Green leaf' Japanese flowering cherry"}},{"type":"Feature","geometry":{"type":"Point","coordinates":[-74.04007545173677,40.624091114416615]},"properties":{"tpcondition":"Good","stumpdiameter":"0","riskratingdate":null,"riskrating":null,"objectid":"4016416","globalid":"426DF95B-BA58-4F01-AF09-58760942F6A0","tpstructure":"Full","plantingspaceglobalid":"91EC0E2E-F36A-4C97-8441-FE7D8486ABD7","createddate":"2016-07-27 14:26:05.0000000","dbh":"11","planteddate":null,"updateddate":null,"geometry":"POINT(-74.04007545173677 40.624091114416615)","genusspecies":"Ginkgo biloba - maidenhair tree"}},{"type":"Feature","geometry":{"type":"Point","coordinates":[-73.73442046808069,40.7015085571972]},"properties":{"tpcondition":"Good","stumpdiameter":"0","riskratingdate":null,"riskrating":null,"objectid":"4016417","globalid":"478067F6-FD68-43F7-A137-1ED96A03FF6B","tpstructure":"Full","plantingspaceglobalid":"9D179873-E7B7-4F20-BF3B-2BE0F60D9080","createddate":"2016-07-27 13:43:09.0000000","dbh":"6","planteddate":null,"updateddate":"2019-03-18 16:02:55.0000000","geometry":"POINT(-73.73442046808069 40.7015085571972)","genusspecies":"Prunus serrulata 'Green leaf' - 'Green leaf' Japanese flowering cherry"}},{"type":"Feature","geometry":{"type":"Point","coordinates":[-73.76673199645823,40.67273947216139]},"properties":{"tpcondition":"Good","stumpdiameter":null,"riskratingdate":"2023-09-12 16:34:26.0000000","riskrating":"7","objectid":"4016418","globalid":"4055906D-69CF-4692-BB7D-A5A212D13D36","tpstructure":"Full","plantingspaceglobalid":"FBC3ACB3-7FE8-448D-83F2-D28955E780E6","createddate":"2016-07-27 13:58:35.0000000","dbh":"23","planteddate":null,"updateddate":"2023-09-12 16:34:26.0000000","geometry":"POINT(-73.76673199645823 40.67273947216139)","genusspecies":"Zelkova serrata - Japanese zelkova"}},{"type":"Feature","geometry":{"type":"Point","coordinates":[-73.85795626765207,40.70252875346545]},"properties":{"tpcondition":"Good","stumpdiameter":"0","riskratingdate":null,"riskrating":null,"objectid":"4016419","globalid":"7790CA4E-8FD8-4511-9B42-6748C1FDF965","tpstructure":"Full","plantingspaceglobalid":"599AAD69-CE4F-4E49-B8DD-C086D633D610","createddate":"2016-07-27 14:23:39.0000000","dbh":"11","planteddate":null,"updateddate":"2017-10-09 10:22:02.0000000","geometry":"POINT(-73.85795626765207 40.70252875346545)","genusspecies":"Prunus serrulata 'Green leaf' - 'Green leaf' Japanese flowering cherry"}},{"type":"Feature","geometry":{"type":"Point","coordinates":[-73.73349776173585,40.69605478981626]},"properties":{"tpcondition":"Good","stumpdiameter":"0","riskratingdate":null,"riskrating":null,"objectid":"4016420","globalid":"EA73A870-8CEB-4198-A67E-FA772BE935EC","tpstructure":"Full","plantingspaceglobalid":"16BA0B1C-7514-48AE-A96E-EAC842FF2F8C","createddate":"2016-07-27 14:23:00.0000000","dbh":"7","planteddate":null,"updateddate":"2019-03-07 18:46:10.0000000","geometry":"POINT(-73.73349776173585 40.69605478981626)","genusspecies":"Zelkova serrata - Japanese zelkova"}},{"type":"Feature","geometry":{"type":"Point","coordinates":[-73.89710978650496,40.73832475020601]},"properties":{"tpcondition":"Good","stumpdiameter":"0","riskratingdate":null,"riskrating":null,"objectid":"4016421","globalid":"4B3A2A09-D24B-4CF9-933E-FC2D0AB7387E","tpstructure":"Retired","plantingspaceglobalid":"C0D61B3B-17EA-41FB-9FCE-E800F37BC5A6","createddate":"2016-07-27 13:34:29.0000000","dbh":"3","planteddate":null,"updateddate":"2024-09-09 17:54:42.0000000","geometry":"POINT(-73.89710978650496 40.73832475020601)","genusspecies":"Chamaecyparis pisifera - sawara-cypress"}},{"type":"Feature","geometry":{"type":"Point","coordinates":[-73.7384667210669,40.75174015170588]},"properties":{"tpcondition":"Dead","stumpdiameter":null,"riskratingdate":"2024-01-23 14:35:17.0000000","riskrating":"6","objectid":"4016422","globalid":"2F475878-BA60-4403-A405-883AE287D31B","tpstructure":"Full","plantingspaceglobalid":"E91FA695-4907-4C50-878E-B90860DA41C8","createddate":"2016-07-27 14:21:26.0000000","dbh":"12","planteddate":null,"updateddate":"2024-01-23 14:35:17.0000000","geometry":"POINT(-73.7384667210669 40.75174015170588)","genusspecies":"Prunus serrulata 'Green leaf' - 'Green leaf' Japanese flowering cherry"}},{"type":"Feature","geometry":{"type":"Point","coordinates":[-73.70493214539394,40.739092999382315]},"properties":{"tpcondition":"Good","stumpdiameter":null,"riskratingdate":"2020-12-10 19:33:48.0000000","riskrating":"8","objectid":"4016423","globalid":"ADCA37A8-B7F6-4CE9-8A06-F2FBCB80083C","tpstructure":"Full","plantingspaceglobalid":"53274EE7-4FAA-4A0D-BF1D-895F61D999C4","createddate":"2016-06-30 10:14:30.0000000","dbh":"19","planteddate":null,"updateddate":"2020-12-10 19:33:48.0000000","geometry":"POINT(-73.70493214539394 40.739092999382315)","genusspecies":"Pyrus calleryana - Callery pear"}},{"type":"Feature","geometry":{"type":"Point","coordinates":[-73.73903434329418,40.75637726773822]},"properties":{"tpcondition":"Good","stumpdiameter":null,"riskratingdate":"2023-11-16 19:46:36.0000000","riskrating":"9","objectid":"4016424","globalid":"BCF3888D-80DC-49B9-BD62-5D7630A4CB51","tpstructure":"Full","plantingspaceglobalid":"2FD382E5-7E3A-4B51-9B44-C60B87FF8368","createddate":"2016-07-27 12:59:45.0000000","dbh":"7","planteddate":null,"updateddate":"2023-11-16 19:46:36.0000000","geometry":"POINT(-73.73903434329418 40.75637726773822)","genusspecies":"Quercus bicolor - swamp white oak"}},{"type":"Feature","geometry":{"type":"Point","coordinates":[-73.8617227716346,40.704899191412494]},"properties":{"tpcondition":"Good","stumpdiameter":"0","riskratingdate":null,"riskrating":null,"objectid":"4016425","globalid":"758218E5-584C-41EB-B56D-51D06F64CDD1","tpstructure":"Full","plantingspaceglobalid":"CA4BB03E-7896-4F49-AFDC-6532B250478D","createddate":"2016-07-27 14:24:43.0000000","dbh":"13","planteddate":null,"updateddate":"2017-10-05 12:01:07.0000000","geometry":"POINT(-73.8617227716346 40.704899191412494)","genusspecies":"Acer platanoides - Norway maple"}},{"type":"Feature","geometry":{"type":"Point","coordinates":[-73.75954506435323,40.69802589293768]},"properties":{"tpcondition":"Good","stumpdiameter":"0","riskratingdate":null,"riskrating":null,"objectid":"4016426","globalid":"BEC36700-60AA-4144-95E0-CD68BC8C9C12","tpstructure":"Full","plantingspaceglobalid":"75B34BC3-523C-428A-BCAC-25616EE9CF6B","createddate":"2016-07-27 14:18:48.0000000","dbh":"4","planteddate":null,"updateddate":"2017-04-24 12:27:50.0000000","geometry":"POINT(-73.75954506435323 40.69802589293768)","genusspecies":"Prunus serrulata 'Green leaf' - 'Green leaf' Japanese flowering cherry"}},{"type":"Feature","geometry":{"type":"Point","coordinates":[-73.80239866138245,40.77886745988933]},"properties":{"tpcondition":"Fair","stumpdiameter":"0","riskratingdate":"2019-06-10 12:22:05.0000000","riskrating":"6","objectid":"4016427","globalid":"9352EE9C-866B-460F-A9B5-BE51A9CB5446","tpstructure":"Full","plantingspaceglobalid":"3EC7258B-E193-4C71-BBDE-1EBCDCD55CA4","createddate":"2016-07-27 13:37:47.0000000","dbh":"16","planteddate":null,"updateddate":"2019-06-10 17:22:07.0000000","geometry":"POINT(-73.80239866138245 40.77886745988933)","genusspecies":"Acer rubrum - red maple"}},{"type":"Feature","geometry":{"type":"Point","coordinates":[-74.00500465845427,40.64182917367223]},"properties":{"tpcondition":"Fair","stumpdiameter":"0","riskratingdate":"2018-03-22 16:48:13.0000000","riskrating":"7","objectid":"4016428","globalid":"720FECC9-D47C-4D84-AD39-DAA9C42FAC50","tpstructure":"Full","plantingspaceglobalid":"85BA5DA0-F06B-4434-B5C4-83E1238C177A","createddate":"2016-07-27 13:55:54.0000000","dbh":"10","planteddate":null,"updateddate":"2018-03-22 16:48:13.0000000","geometry":"POINT(-74.00500465845427 40.64182917367223)","genusspecies":"Tilia cordata - littleleaf linden"}},{"type":"Feature","geometry":{"type":"Point","coordinates":[-73.71288610080472,40.75015265246518]},"properties":{"tpcondition":"Good","stumpdiameter":null,"riskratingdate":"2021-01-04 17:07:15.0000000","riskrating":"6","objectid":"4016429","globalid":"09A358D0-3498-450A-B622-63E690F37B4E","tpstructure":"Full","plantingspaceglobalid":"7E43A5C1-5BDF-494F-87E5-DCDA07285592","createddate":"2016-06-30 10:04:48.0000000","dbh":"27","planteddate":null,"updateddate":"2021-01-04 17:07:15.0000000","geometry":"POINT(-73.71288610080472 40.75015265246518)","genusspecies":"Platanus x acerifolia - London planetree"}},{"type":"Feature","geometry":{"type":"Point","coordinates":[-73.75828426671055,40.70151985407397]},"properties":{"tpcondition":"Fair","stumpdiameter":"0","riskratingdate":null,"riskrating":null,"objectid":"4016430","globalid":"D3916518-8F0A-4BDA-ADF8-B2F5EDCD20E9","tpstructure":"Full","plantingspaceglobalid":"9CF15689-0EF5-4E7F-9B62-D626561C016C","createddate":"2016-07-27 14:25:42.0000000","dbh":"5","planteddate":null,"updateddate":"2017-04-19 11:05:23.0000000","geometry":"POINT(-73.75828426671055 40.70151985407397)","genusspecies":"Platanus x acerifolia - London planetree"}},{"type":"Feature","geometry":{"type":"Point","coordinates":[-73.70551181613253,40.742913135780796]},"properties":{"tpcondition":"Good","stumpdiameter":"0","riskratingdate":null,"riskrating":null,"objectid":"4016431","globalid":"4EF8B209-40F0-435A-81D4-F18A8A3D708A","tpstructure":"Full","plantingspaceglobalid":"D66C1462-6F70-4C0C-A191-869A45A42399","createddate":"2016-06-30 10:18:54.0000000","dbh":"4","planteddate":null,"updateddate":"2020-11-10 19:50:31.0000000","geometry":"POINT(-73.70551181613253 40.742913135780796)","genusspecies":"Ginkgo biloba - maidenhair tree"}},{"type":"Feature","geometry":{"type":"Point","coordinates":[-73.91557054512285,40.757843208338834]},"properties":{"tpcondition":"Fair","stumpdiameter":null,"riskratingdate":"2024-01-08 15:24:28.0000000","riskrating":"6","objectid":"4016432","globalid":"B863592C-F6A7-4E28-84FD-476A46A667C3","tpstructure":"Full","plantingspaceglobalid":"36C34AC8-52CD-4E88-AEE8-75DCD1AF6FFC","createddate":"2016-07-27 13:15:48.0000000","dbh":"11","planteddate":null,"updateddate":"2024-01-08 15:24:28.0000000","geometry":"POINT(-73.91557054512285 40.757843208338834)","genusspecies":"Tilia cordata - littleleaf linden"}},{"type":"Feature","geometry":{"type":"Point","coordinates":[-73.79858376808866,40.78702188819274]},"properties":{"tpcondition":"Fair","stumpdiameter":null,"riskratingdate":"2022-03-24 12:58:44.0000000","riskrating":"3","objectid":"4016433","globalid":"F663BA67-D8D3-4247-B0BB-AEE688AB45D5","tpstructure":"Full","plantingspaceglobalid":"C1E023DD-D5EA-45B2-A40A-6F701257667B","createddate":"2016-06-30 10:04:32.0000000","dbh":"11","planteddate":null,"updateddate":"2022-03-24 12:58:44.0000000","geometry":"POINT(-73.79858376808866 40.78702188819274)","genusspecies":"Prunus serrulata 'Green leaf' - 'Green leaf' Japanese flowering cherry"}},{"type":"Feature","geometry":{"type":"Point","coordinates":[-73.70855567495406,40.7404084277174]},"properties":{"tpcondition":"Good","stumpdiameter":null,"riskratingdate":"2020-11-12 20:26:00.0000000","riskrating":"6","objectid":"4016434","globalid":"DBA37F0F-531F-429D-94BA-CFAC8C1FFED0","tpstructure":"Full","plantingspaceglobalid":"9187E734-518A-469E-A708-72B9AFC3C91C","createddate":"2016-06-30 09:50:39.0000000","dbh":"12","planteddate":null,"updateddate":"2020-11-12 20:26:00.0000000","geometry":"POINT(-73.70855567495406 40.7404084277174)","genusspecies":"Acer saccharum - sugar maple"}},{"type":"Feature","geometry":{"type":"Point","coordinates":[-73.72752356316802,40.76537329536878]},"properties":{"tpcondition":"Fair","stumpdiameter":"0","riskratingdate":null,"riskrating":null,"objectid":"4016435","globalid":"5A2F3DDE-C440-4D6F-B393-089A5B7250A6","tpstructure":"Full","plantingspaceglobalid":"F853259F-EF7D-416F-95AE-B42C782E89F2","createddate":"2016-07-27 13:55:06.0000000","dbh":"6","planteddate":null,"updateddate":"2017-04-27 08:42:22.0000000","geometry":"POINT(-73.72752356316802 40.76537329536878)","genusspecies":"Prunus cerasifera - cherry plum"}},{"type":"Feature","geometry":{"type":"Point","coordinates":[-73.70718385817811,40.74480903239617]},"properties":{"tpcondition":"Good","stumpdiameter":null,"riskratingdate":"2020-11-03 00:54:04.0000000","riskrating":"7","objectid":"4016436","globalid":"1C669977-D208-45B0-BF0B-268328DCE608","tpstructure":"Full","plantingspaceglobalid":"DE277546-4BA1-45C9-8446-409158957B8A","createddate":"2016-06-30 10:26:23.0000000","dbh":"33","planteddate":null,"updateddate":"2020-11-03 00:54:04.0000000","geometry":"POINT(-73.70718385817811 40.74480903239617)","genusspecies":"Platanus x acerifolia - London planetree"}},{"type":"Feature","geometry":{"type":"Point","coordinates":[-73.8720528698772,40.75638576994702]},"properties":{"tpcondition":"Good","stumpdiameter":"0","riskratingdate":null,"riskrating":null,"objectid":"4016437","globalid":"829F624D-0386-4DDC-B768-13A031BCB342","tpstructure":"Full","plantingspaceglobalid":"3385DBF9-189B-4B85-830E-11033D721C2F","createddate":"2016-07-27 13:25:26.0000000","dbh":"4","planteddate":null,"updateddate":"2017-03-18 05:22:20.0000000","geometry":"POINT(-73.8720528698772 40.75638576994702)","genusspecies":"Tilia cordata - littleleaf linden"}},{"type":"Feature","geometry":{"type":"Point","coordinates":[-74.0354180922533,40.61690590287828]},"properties":{"tpcondition":"Dead","stumpdiameter":"0","riskratingdate":"2018-08-16 09:59:00.0000000","riskrating":"5","objectid":"4016438","globalid":"1BDF4EFC-0B71-43BA-AD19-90545274299F","tpstructure":"Retired","plantingspaceglobalid":"A2DD21B4-6E6B-4158-851E-58ECF3EBF2FA","createddate":"2016-07-27 13:29:00.0000000","dbh":"4","planteddate":null,"updateddate":"2019-03-26 16:28:48.0000000","geometry":"POINT(-74.0354180922533 40.61690590287828)","genusspecies":"Prunus serrulata 'Green leaf' - 'Green leaf' Japanese flowering cherry"}},{"type":"Feature","geometry":{"type":"Point","coordinates":[-73.7400449220326,40.70259888350302]},"properties":{"tpcondition":"Dead","stumpdiameter":null,"riskratingdate":"2025-07-07 17:08:00.0000000","riskrating":"4","objectid":"4016439","globalid":"56A2BB9B-E6E0-4357-A0D4-DBE98428063F","tpstructure":"Retired","plantingspaceglobalid":"DD9F915C-78D7-40D1-899F-56BACC7B7E62","createddate":"2016-07-27 14:03:00.0000000","dbh":"2","planteddate":null,"updateddate":"2025-11-05 19:25:00.0000000","geometry":"POINT(-73.7400449220326 40.70259888350302)","genusspecies":"Prunus serrulata 'Green leaf' - 'Green leaf' Japanese flowering cherry"}},{"type":"Feature","geometry":{"type":"Point","coordinates":[-73.76150973122438,40.668858540924866]},"properties":{"tpcondition":"Good","stumpdiameter":null,"riskratingdate":"2023-07-26 14:35:56.0000000","riskrating":"7","objectid":"4016440","globalid":"BF94A32F-6292-4454-BB5A-5ABE22F31E35","tpstructure":"Full","plantingspaceglobalid":"69BF1380-63AA-46D1-A82B-E938761C3E42","createddate":"2016-06-30 10:18:56.0000000","dbh":"15","planteddate":null,"updateddate":"2023-07-26 14:35:56.0000000","geometry":"POINT(-73.76150973122438 40.668858540924866)","genusspecies":"Gleditsia triacanthos var. inermis - Thornless honeylocust"}},{"type":"Feature","geometry":{"type":"Point","coordinates":[-73.71152997925711,40.7431704990109]},"properties":{"tpcondition":"Good","stumpdiameter":null,"riskratingdate":"2020-10-30 03:06:28.0000000","riskrating":"6","objectid":"4016441","globalid":"F02B5F1A-6529-4354-80A8-9437A09BD70B","tpstructure":"Full","plantingspaceglobalid":"146AC39B-0A28-4C7B-971D-FD6CC191050E","createddate":"2016-06-30 10:18:04.0000000","dbh":"15","planteddate":null,"updateddate":"2020-10-30 03:06:28.0000000","geometry":"POINT(-73.71152997925711 40.7431704990109)","genusspecies":"Acer rubrum - red maple"}},{"type":"Feature","geometry":{"type":"Point","coordinates":[-74.03081913279338,40.63584338472814]},"properties":{"tpcondition":"Fair","stumpdiameter":null,"riskratingdate":"2023-12-08 15:33:16.0000000","riskrating":"6","objectid":"4016442","globalid":"0CB82287-0D97-4E4F-BFD4-BBDE0435ECBC","tpstructure":"Full","plantingspaceglobalid":"0F19A8EE-6E4A-4D59-82DD-D3DF8D49B342","createddate":"2016-07-27 13:22:40.0000000","dbh":"8","planteddate":null,"updateddate":"2023-12-08 15:33:16.0000000","geometry":"POINT(-74.03081913279338 40.63584338472814)","genusspecies":"Tilia cordata - littleleaf linden"}},{"type":"Feature","geometry":{"type":"Point","coordinates":[-74.03586045549865,40.636421302445434]},"properties":{"tpcondition":"Good","stumpdiameter":null,"riskratingdate":"2023-12-07 16:11:38.0000000","riskrating":"6","objectid":"4016443","globalid":"A8E37168-B43F-45E2-A668-20E0CEE7A75A","tpstructure":"Full","plantingspaceglobalid":"D62EDE05-C881-4CD1-8283-050F3BC4F4E7","createddate":"2016-07-27 13:24:05.0000000","dbh":"6","planteddate":null,"updateddate":"2023-12-07 16:11:38.0000000","geometry":"POINT(-74.03586045549865 40.636421302445434)","genusspecies":"Tilia americana - American basswood"}},{"type":"Feature","geometry":{"type":"Point","coordinates":[-73.7004450596178,40.73721038522976]},"properties":{"tpcondition":"Good","stumpdiameter":"0","riskratingdate":null,"riskrating":null,"objectid":"4016444","globalid":"D7A8F8CA-86DE-433B-949D-7CCB7A2630A9","tpstructure":"Full","plantingspaceglobalid":"99CAD502-5127-492A-8001-22F83A5A6DF2","createddate":"2016-06-30 10:09:46.0000000","dbh":"3","planteddate":null,"updateddate":null,"geometry":"POINT(-73.7004450596178 40.73721038522976)","genusspecies":"Prunus serrulata 'Green leaf' - 'Green leaf' Japanese flowering cherry"}},{"type":"Feature","geometry":{"type":"Point","coordinates":[-74.15686825995725,40.53003651216314]},"properties":{"tpcondition":"Dead","stumpdiameter":"10","riskratingdate":null,"riskrating":null,"objectid":"4016445","globalid":"DEFBC581-027D-467A-B8BD-3A514C27AE1E","tpstructure":"Retired","plantingspaceglobalid":"630CACDA-4E12-4046-BF21-A34E9675C0B2","createddate":"2016-06-30 09:49:04.0000000","dbh":"11","planteddate":null,"updateddate":"2018-12-07 16:26:26.0000000","geometry":"POINT(-74.15686825995725 40.53003651216314)","genusspecies":"Pyrus calleryana - Callery pear"}},{"type":"Feature","geometry":{"type":"Point","coordinates":[-73.7728744557251,40.704051606535025]},"properties":{"tpcondition":"Poor","stumpdiameter":"0","riskratingdate":null,"riskrating":null,"objectid":"4016446","globalid":"7DE030F3-DBF5-4782-AB31-FAC001D1ACF5","tpstructure":"Full","plantingspaceglobalid":"927DA633-A196-4C08-AE66-D5DEB3B2E650","createddate":"2016-07-27 13:25:37.0000000","dbh":"3","planteddate":null,"updateddate":"2025-10-02 13:21:54.0000000","geometry":"POINT(-73.7728744557251 40.704051606535025)","genusspecies":"Styrax japonicus - Japanese snowbell"}},{"type":"Feature","geometry":{"type":"Point","coordinates":[-73.78024758202747,40.72923618364535]},"properties":{"tpcondition":"Good","stumpdiameter":"0","riskratingdate":null,"riskrating":null,"objectid":"4016447","globalid":"434840F9-D925-4071-8023-002BEEF8CA4D","tpstructure":"Full","plantingspaceglobalid":"7237B06F-1711-4CE9-A08F-ED3840CE64BD","createddate":"2016-07-27 13:53:01.0000000","dbh":"4","planteddate":null,"updateddate":"2017-07-03 11:33:06.0000000","geometry":"POINT(-73.78024758202747 40.72923618364535)","genusspecies":"Zelkova serrata - Japanese zelkova"}},{"type":"Feature","geometry":{"type":"Point","coordinates":[-73.82167134801023,40.7949677452506]},"properties":{"tpcondition":"Good","stumpdiameter":null,"riskratingdate":"2022-01-04 16:20:09.0000000","riskrating":"3","objectid":"4016448","globalid":"F1E9E863-1E0A-4410-B75E-0D839EF8F138","tpstructure":"Full","plantingspaceglobalid":"35F75915-B1B8-4CAF-9B46-E7C8DCCDF37A","createddate":"2016-06-30 09:50:32.0000000","dbh":"3","planteddate":null,"updateddate":"2022-01-04 16:20:09.0000000","geometry":"POINT(-73.82167134801023 40.7949677452506)","genusspecies":"Prunus serrulata 'Green leaf' - 'Green leaf' Japanese flowering cherry"}},{"type":"Feature","geometry":{"type":"Point","coordinates":[-73.70910355660175,40.728866698167856]},"properties":{"tpcondition":"Good","stumpdiameter":null,"riskratingdate":"2021-01-06 15:10:26.0000000","riskrating":"3","objectid":"4016449","globalid":"CE7E70A9-3C75-47FB-AA74-C6238C47D48C","tpstructure":"Full","plantingspaceglobalid":"7C5CE6E0-5914-4966-9AFA-A633D0916568","createddate":"2016-06-30 09:55:26.0000000","dbh":"10","planteddate":null,"updateddate":"2021-01-06 15:10:26.0000000","geometry":"POINT(-73.70910355660175 40.728866698167856)","genusspecies":"Styphnolobium japonicum - Japanese pagoda tree"}},{"type":"Feature","geometry":{"type":"Point","coordinates":[-73.72051613844967,40.75083360844975]},"properties":{"tpcondition":"Fair","stumpdiameter":"0","riskratingdate":null,"riskrating":null,"objectid":"4016450","globalid":"404B9D70-7DF5-47F9-B3D8-5CF68AE0FE4A","tpstructure":"Full","plantingspaceglobalid":"1C83347A-AE91-48F7-8C04-BF14EF155735","createddate":"2016-06-30 10:39:00.0000000","dbh":"23","planteddate":null,"updateddate":"2017-04-11 12:28:12.0000000","geometry":"POINT(-73.72051613844967 40.75083360844975)","genusspecies":"Acer platanoides - Norway maple"}},{"type":"Feature","geometry":{"type":"Point","coordinates":[-74.03730618223364,40.61524555206292]},"properties":{"tpcondition":"Excellent","stumpdiameter":"4","riskratingdate":null,"riskrating":null,"objectid":"4016451","globalid":"2EBA32FE-E6D7-4E2D-B27B-7532EC559371","tpstructure":"Retired","plantingspaceglobalid":"9C833C53-DA66-42B6-9A4C-91780CB73769","createddate":"2016-07-27 14:28:00.0000000","dbh":"3","planteddate":null,"updateddate":"2018-06-28 17:44:00.0000000","geometry":"POINT(-74.03730618223364 40.61524555206292)","genusspecies":"Unknown - Unknown"}},{"type":"Feature","geometry":{"type":"Point","coordinates":[-73.87011589645432,40.70371543385803]},"properties":{"tpcondition":"Good","stumpdiameter":"0","riskratingdate":null,"riskrating":null,"objectid":"4016452","globalid":"EB9A9FAA-3381-424D-929F-58E3F71C1337","tpstructure":"Full","plantingspaceglobalid":"A530BBAC-3A71-45E6-8F89-169D5C941741","createddate":"2016-07-27 13:51:23.0000000","dbh":"2","planteddate":null,"updateddate":"2017-09-27 10:44:45.0000000","geometry":"POINT(-73.87011589645432 40.70371543385803)","genusspecies":"Prunus serrulata 'Green leaf' - 'Green leaf' Japanese flowering cherry"}},{"type":"Feature","geometry":{"type":"Point","coordinates":[-73.75983506044052,40.66657149385501]},"properties":{"tpcondition":"Good","stumpdiameter":"0","riskratingdate":null,"riskrating":null,"objectid":"4016453","globalid":"49DA5A04-9565-47CC-BC73-2EBAF25E75BC","tpstructure":"Full","plantingspaceglobalid":"6B8F8028-829F-4917-935F-87BB75B69FFE","createddate":"2016-07-27 13:08:19.0000000","dbh":"32","planteddate":null,"updateddate":null,"geometry":"POINT(-73.75983506044052 40.66657149385501)","genusspecies":"Quercus palustris - pin oak"}},{"type":"Feature","geometry":{"type":"Point","coordinates":[-73.71006067407843,40.72803779135413]},"properties":{"tpcondition":"Good","stumpdiameter":null,"riskratingdate":"2021-01-07 17:47:38.0000000","riskrating":"5","objectid":"4016454","globalid":"76142803-9048-445C-BED2-38834E960F35","tpstructure":"Full","plantingspaceglobalid":"B8BA3AFD-9F46-410A-B0E1-07A02F7E02DF","createddate":"2016-06-30 10:16:37.0000000","dbh":"25","planteddate":null,"updateddate":"2021-01-07 17:47:38.0000000","geometry":"POINT(-73.71006067407843 40.72803779135413)","genusspecies":"Acer platanoides 'Not Green Leaf' - 'Not Green Leaf' Norway maple"}},{"type":"Feature","geometry":{"type":"Point","coordinates":[-74.02076231724746,40.6323461760735]},"properties":{"tpcondition":"Good","stumpdiameter":null,"riskratingdate":"2021-08-13 15:33:16.0000000","riskrating":"8","objectid":"4016455","globalid":"64E10905-B56F-4F47-A720-BFCF52FDB9F9","tpstructure":"Full","plantingspaceglobalid":"DB61D11C-512D-4115-B2D9-99CDBD8ACB6E","createddate":"2016-07-27 13:38:35.0000000","dbh":"21","planteddate":null,"updateddate":"2021-08-13 15:33:16.0000000","geometry":"POINT(-74.02076231724746 40.6323461760735)","genusspecies":"Platanus x acerifolia - London planetree"}},{"type":"Feature","geometry":{"type":"Point","coordinates":[-73.99346674594679,40.62693505353601]},"properties":{"tpcondition":"Good","stumpdiameter":"0","riskratingdate":null,"riskrating":null,"objectid":"4016456","globalid":"FFD61FA0-8215-46A6-8141-604DB8CF6A06","tpstructure":"Full","plantingspaceglobalid":"DC8FEF43-742D-4088-82FD-8488BD338B22","createddate":"2016-07-27 13:35:20.0000000","dbh":"23","planteddate":null,"updateddate":"2017-10-11 09:26:58.0000000","geometry":"POINT(-73.99346674594679 40.62693505353601)","genusspecies":"Tilia americana - American basswood"}},{"type":"Feature","geometry":{"type":"Point","coordinates":[-73.7675990096816,40.72436643153407]},"properties":{"tpcondition":"Good","stumpdiameter":"0","riskratingdate":null,"riskrating":null,"objectid":"4016457","globalid":"E1C7BAB8-EE76-493E-90F0-014984554AC6","tpstructure":"Full","plantingspaceglobalid":"496CB5E8-F7A1-403C-AC95-F57013695D77","createddate":"2016-07-27 12:46:36.0000000","dbh":"42","planteddate":null,"updateddate":"2018-02-19 15:13:27.0000000","geometry":"POINT(-73.7675990096816 40.72436643153407)","genusspecies":"Fagus grandifolia - American beech"}},{"type":"Feature","geometry":{"type":"Point","coordinates":[-73.72687653296957,40.757488670076306]},"properties":{"tpcondition":"Fair","stumpdiameter":null,"riskratingdate":"2023-11-16 18:37:01.0000000","riskrating":"7","objectid":"4016458","globalid":"B905CC82-F691-44F6-81C8-5B2B67319A74","tpstructure":"Full","plantingspaceglobalid":"BD1DE57B-BAE6-4A8C-9F12-4937A3DA6750","createddate":"2016-07-27 13:15:59.0000000","dbh":"22","planteddate":null,"updateddate":"2023-11-16 18:37:01.0000000","geometry":"POINT(-73.72687653296957 40.757488670076306)","genusspecies":"Quercus palustris - pin oak"}},{"type":"Feature","geometry":{"type":"Point","coordinates":[-73.77297379282363,40.701539203282174]},"properties":{"tpcondition":"Fair","stumpdiameter":"0","riskratingdate":null,"riskrating":null,"objectid":"4016459","globalid":"3CF13ADD-5CC9-477E-9D3C-CB3BD4311988","tpstructure":"Full","plantingspaceglobalid":"638B4449-4FC7-49D3-9D29-598B62599588","createddate":"2016-07-27 14:05:26.0000000","dbh":"2","planteddate":null,"updateddate":"2017-04-24 12:01:32.0000000","geometry":"POINT(-73.77297379282363 40.701539203282174)","genusspecies":"Quercus palustris - pin oak"}},{"type":"Feature","geometry":{"type":"Point","coordinates":[-73.78257363882491,40.745096703940895]},"properties":{"tpcondition":"Good","stumpdiameter":"0","riskratingdate":"2017-09-26 23:51:50.0000000","riskrating":"3","objectid":"4016460","globalid":"1779C948-2B03-43EE-A12F-185325142B2F","tpstructure":"Full","plantingspaceglobalid":"A852DCDF-C44F-47FA-BA19-2989D4E4E627","createddate":"2016-07-27 14:07:59.0000000","dbh":"6","planteddate":null,"updateddate":"2017-12-18 10:51:09.0000000","geometry":"POINT(-73.78257363882491 40.745096703940895)","genusspecies":"Quercus palustris - pin oak"}},{"type":"Feature","geometry":{"type":"Point","coordinates":[-73.77278062710347,40.671183157631226]},"properties":{"tpcondition":"Fair","stumpdiameter":null,"riskratingdate":"2023-10-09 17:39:28.0000000","riskrating":"8","objectid":"4016461","globalid":"C95B809D-210B-441C-8A7C-0DDB81B5F453","tpstructure":"Full","plantingspaceglobalid":"B320B574-FC97-45B7-AC9E-6206F7015E3C","createddate":"2016-06-30 10:31:16.0000000","dbh":"38","planteddate":null,"updateddate":"2023-10-09 17:39:28.0000000","geometry":"POINT(-73.77278062710347 40.671183157631226)","genusspecies":"Quercus palustris - pin oak"}},{"type":"Feature","geometry":{"type":"Point","coordinates":[-74.15164905046389,40.63588083435707]},"properties":{"tpcondition":"Good","stumpdiameter":null,"riskratingdate":"2022-07-22 14:59:22.0000000","riskrating":"3","objectid":"4016462","globalid":"C1F11963-690B-49AE-AA28-598966CD5B3E","tpstructure":"Full","plantingspaceglobalid":"B004BD8C-C891-4D80-8AF9-7A9952087D8B","createddate":"2016-06-30 10:04:26.0000000","dbh":"8","planteddate":null,"updateddate":"2022-07-22 14:59:22.0000000","geometry":"POINT(-74.15164905046389 40.63588083435707)","genusspecies":"Prunus serrulata 'Green leaf' - 'Green leaf' Japanese flowering cherry"}},{"type":"Feature","geometry":{"type":"Point","coordinates":[-73.71616012889345,40.72817502313835]},"properties":{"tpcondition":"Fair","stumpdiameter":"0","riskratingdate":null,"riskrating":null,"objectid":"4016463","globalid":"9730E3FE-2EEF-4BEE-A5CE-3485336CA2D8","tpstructure":"Full","plantingspaceglobalid":"C6424775-9CD8-4917-93F0-CBF3DDC60BA1","createddate":"2016-06-30 10:32:57.0000000","dbh":"11","planteddate":null,"updateddate":"2017-04-10 10:33:47.0000000","geometry":"POINT(-73.71616012889345 40.72817502313835)","genusspecies":"Styphnolobium japonicum - Japanese pagoda tree"}},{"type":"Feature","geometry":{"type":"Point","coordinates":[-73.90612727012065,40.775958363179036]},"properties":{"tpcondition":"Fair","stumpdiameter":null,"riskratingdate":"2022-03-31 12:27:09.0000000","riskrating":"7","objectid":"4016464","globalid":"9C8638A9-9E24-4FE6-9EC8-698823534995","tpstructure":"Full","plantingspaceglobalid":"7B00579A-FB07-4EBC-9101-E4BC84DFCFD9","createddate":"2016-07-27 12:56:54.0000000","dbh":"25","planteddate":null,"updateddate":"2022-03-31 12:27:09.0000000","geometry":"POINT(-73.90612727012065 40.775958363179036)","genusspecies":"Tilia americana - American basswood"}},{"type":"Feature","geometry":{"type":"Point","coordinates":[-74.24769967076828,40.508413650437134]},"properties":{"tpcondition":"Fair","stumpdiameter":"0","riskratingdate":null,"riskrating":null,"objectid":"4016465","globalid":"4AC80B20-9C98-41F7-8869-6985C508ABCA","tpstructure":"Full","plantingspaceglobalid":"576EF39C-07DE-4198-8F79-19E7CEFAE5E5","createddate":"2016-06-30 10:25:07.0000000","dbh":"6","planteddate":null,"updateddate":"2018-03-14 08:47:27.0000000","geometry":"POINT(-74.24769967076828 40.508413650437134)","genusspecies":"Pyrus calleryana - Callery pear"}},{"type":"Feature","geometry":{"type":"Point","coordinates":[-73.79024892089002,40.724441816845314]},"properties":{"tpcondition":"Dead","stumpdiameter":"0","riskratingdate":"2023-05-22 13:04:28.0000000","riskrating":"9","objectid":"4016466","globalid":"E41D671F-09B4-47EB-9DCA-EC6086DED03E","tpstructure":"Full","plantingspaceglobalid":"6CFA30DE-8594-4BCC-8DF7-182216DA14E5","createddate":"2016-07-27 13:41:27.0000000","dbh":"19","planteddate":null,"updateddate":"2023-05-22 13:04:28.0000000","geometry":"POINT(-73.79024892089002 40.724441816845314)","genusspecies":"Acer pseudoplatanus - sycamore maple"}},{"type":"Feature","geometry":{"type":"Point","coordinates":[-74.03248111539783,40.63023600139521]},"properties":{"tpcondition":"Good","stumpdiameter":null,"riskratingdate":"2024-12-10 15:32:12.0000000","riskrating":"8","objectid":"4016467","globalid":"7791F428-D1B4-43BC-8FCA-FC36C7771DE5","tpstructure":"Full","plantingspaceglobalid":"D89F756D-0160-4DD3-8F66-35F94E9CEBFD","createddate":"2016-07-27 13:04:19.0000000","dbh":"22","planteddate":null,"updateddate":"2024-12-10 15:32:12.0000000","geometry":"POINT(-74.03248111539783 40.63023600139521)","genusspecies":"Platanus x acerifolia - London planetree"}},{"type":"Feature","geometry":{"type":"Point","coordinates":[-73.74840833162413,40.67471515348138]},"properties":{"tpcondition":"Good","stumpdiameter":"0","riskratingdate":null,"riskrating":null,"objectid":"4016468","globalid":"8C988560-2579-4207-9661-B921F699C44B","tpstructure":"Full","plantingspaceglobalid":"B6E079CF-28B5-45C6-8EA2-417AD0190601","createddate":"2016-06-30 10:35:02.0000000","dbh":"12","planteddate":null,"updateddate":"2017-09-18 12:12:53.0000000","geometry":"POINT(-73.74840833162413 40.67471515348138)","genusspecies":"Acer platanoides - Norway maple"}},{"type":"Feature","geometry":{"type":"Point","coordinates":[-73.75817483423249,40.67591690355746]},"properties":{"tpcondition":"Fair","stumpdiameter":null,"riskratingdate":"2024-12-09 16:45:02.0000000","riskrating":"5","objectid":"4016469","globalid":"7877FC7F-A0CE-4015-912D-71972DBAE1BA","tpstructure":"Full","plantingspaceglobalid":"3311E48B-01E7-48FB-9981-0E2CA54C3B5B","createddate":"2016-06-30 10:03:48.0000000","dbh":"13","planteddate":null,"updateddate":"2024-12-09 16:45:02.0000000","geometry":"POINT(-73.75817483423249 40.67591690355746)","genusspecies":"Tilia cordata - littleleaf linden"}},{"type":"Feature","geometry":{"type":"Point","coordinates":[-73.87099304389082,40.75555669007366]},"properties":{"tpcondition":"Good","stumpdiameter":"0","riskratingdate":null,"riskrating":null,"objectid":"4016470","globalid":"4CE50E4B-1329-44AC-8A58-4A05832DEB72","tpstructure":"Full","plantingspaceglobalid":"30E4E060-1DA5-463A-856E-6252AD3B34D3","createddate":"2016-07-27 14:03:18.0000000","dbh":"10","planteddate":null,"updateddate":"2017-03-18 06:48:01.0000000","geometry":"POINT(-73.87099304389082 40.75555669007366)","genusspecies":"Zelkova serrata - Japanese zelkova"}},{"type":"Feature","geometry":{"type":"Point","coordinates":[-73.73621644865204,40.75981975555058]},"properties":{"tpcondition":"Good","stumpdiameter":"0","riskratingdate":null,"riskrating":null,"objectid":"4016471","globalid":"FD421B78-82CF-4DFD-AD34-385FED787261","tpstructure":"Full","plantingspaceglobalid":"EF350A69-2F96-4E2D-B4AC-00E181B77C41","createddate":"2016-07-27 13:49:58.0000000","dbh":"3","planteddate":null,"updateddate":"2017-04-28 12:36:18.0000000","geometry":"POINT(-73.73621644865204 40.75981975555058)","genusspecies":"Parrotia persica - Persian ironwood"}},{"type":"Feature","geometry":{"type":"Point","coordinates":[-73.74198876721778,40.70021820492387]},"properties":{"tpcondition":"Fair","stumpdiameter":"0","riskratingdate":"2019-05-15 13:12:10.0000000","riskrating":"3","objectid":"4016472","globalid":"0E068DF2-A2A4-4499-9734-012DBF2296A4","tpstructure":"Full","plantingspaceglobalid":"596F1BAC-01EB-4C63-A76A-21536F734241","createddate":"2016-06-30 10:08:50.0000000","dbh":"3","planteddate":null,"updateddate":"2019-05-15 17:12:11.0000000","geometry":"POINT(-73.74198876721778 40.70021820492387)","genusspecies":"Gleditsia triacanthos var. inermis - Thornless honeylocust"}},{"type":"Feature","geometry":{"type":"Point","coordinates":[-73.87136660787255,40.757618821873606]},"properties":{"tpcondition":"Dead","stumpdiameter":"0","riskratingdate":null,"riskrating":null,"objectid":"4016473","globalid":"A3A4C713-EDF6-46F0-B20E-7D6D8E102735","tpstructure":"Retired","plantingspaceglobalid":"6934A9E7-3DE6-4F70-A10A-C8BCD19FE9FF","createddate":"2016-07-27 13:25:00.0000000","dbh":"16","planteddate":null,"updateddate":"2017-08-28 10:49:26.0000000","geometry":"POINT(-73.87136660787255 40.757618821873606)","genusspecies":"Unknown - Unknown"}},{"type":"Feature","geometry":{"type":"Point","coordinates":[-73.8129701781146,40.75838716479748]},"properties":{"tpcondition":"Fair","stumpdiameter":"0","riskratingdate":"2019-12-02 17:15:39.0000000","riskrating":"5","objectid":"4016474","globalid":"706A650A-B7B3-4031-93E6-C3AAD7470A5A","tpstructure":"Full","plantingspaceglobalid":"DBD804DE-72A8-454D-80E4-DC36FBFECB90","createddate":"2016-07-27 13:38:00.0000000","dbh":"25","planteddate":null,"updateddate":"2019-12-02 17:15:39.0000000","geometry":"POINT(-73.8129701781146 40.75838716479748)","genusspecies":"Acer rubrum 'Armstrong' - 'Armstrong' Red maple"}},{"type":"Feature","geometry":{"type":"Point","coordinates":[-73.7165888297187,40.74663444512106]},"properties":{"tpcondition":"Fair","stumpdiameter":null,"riskratingdate":"2021-01-08 15:03:33.0000000","riskrating":"7","objectid":"4016475","globalid":"F617AA30-14F0-4F59-8F29-672CC57CF2D8","tpstructure":"Full","plantingspaceglobalid":"995D828A-1360-4E57-A97B-54FC35F5A4D0","createddate":"2016-06-30 10:11:40.0000000","dbh":"14","planteddate":null,"updateddate":"2021-01-08 15:03:33.0000000","geometry":"POINT(-73.7165888297187 40.74663444512106)","genusspecies":"Acer saccharum - sugar maple"}},{"type":"Feature","geometry":{"type":"Point","coordinates":[-73.70951719060291,40.74336442807732]},"properties":{"tpcondition":"Good","stumpdiameter":null,"riskratingdate":"2020-11-02 17:23:06.0000000","riskrating":"6","objectid":"4016476","globalid":"EAE1421C-630F-49FB-A97C-6FF75CCD8A58","tpstructure":"Full","plantingspaceglobalid":"81A57D42-611C-4EC4-B2F5-2D0753DB85B8","createddate":"2016-06-30 10:28:45.0000000","dbh":"26","planteddate":null,"updateddate":"2020-11-02 17:23:06.0000000","geometry":"POINT(-73.70951719060291 40.74336442807732)","genusspecies":"Quercus palustris - pin oak"}},{"type":"Feature","geometry":{"type":"Point","coordinates":[-73.76480791449518,40.72313000455352]},"properties":{"tpcondition":"Good","stumpdiameter":"0","riskratingdate":null,"riskrating":null,"objectid":"4016477","globalid":"BC7837E3-717B-4A11-AD58-0FB0E3C8612A","tpstructure":"Full","plantingspaceglobalid":"7E3DA771-EF1A-4E6D-991F-1919CD697A64","createddate":"2016-07-27 13:28:21.0000000","dbh":"21","planteddate":null,"updateddate":"2018-02-19 10:38:57.0000000","geometry":"POINT(-73.76480791449518 40.72313000455352)","genusspecies":"Aesculus hippocastanum - horse chestnut"}},{"type":"Feature","geometry":{"type":"Point","coordinates":[-73.8740287008028,40.761547709850596]},"properties":{"tpcondition":"Fair","stumpdiameter":null,"riskratingdate":"2023-05-05 13:19:01.0000000","riskrating":"8","objectid":"4016478","globalid":"82ECFC50-91C6-4B42-AF0C-CB0069051F91","tpstructure":"Full","plantingspaceglobalid":"191081A8-ADF7-41BD-835C-F66AB6EF8AEB","createddate":"2016-07-27 13:08:00.0000000","dbh":"21","planteddate":null,"updateddate":"2023-05-05 13:19:01.0000000","geometry":"POINT(-73.8740287008028 40.761547709850596)","genusspecies":"Tilia cordata - littleleaf linden"}},{"type":"Feature","geometry":{"type":"Point","coordinates":[-73.71617874175008,40.746201191676306]},"properties":{"tpcondition":"Fair","stumpdiameter":null,"riskratingdate":"2021-01-04 18:58:12.0000000","riskrating":"7","objectid":"4016479","globalid":"B24A7F57-DFE2-4A94-85FD-F32C857147C3","tpstructure":"Full","plantingspaceglobalid":"DA735EF8-70AE-45DA-9892-FA71C3A1800D","createddate":"2016-06-30 10:07:59.0000000","dbh":"29","planteddate":null,"updateddate":"2021-01-04 18:58:12.0000000","geometry":"POINT(-73.71617874175008 40.746201191676306)","genusspecies":"Platanus x acerifolia - London planetree"}},{"type":"Feature","geometry":{"type":"Point","coordinates":[-73.81437741868676,40.794216944911845]},"properties":{"tpcondition":"Fair","stumpdiameter":null,"riskratingdate":"2022-01-13 17:18:58.0000000","riskrating":"5","objectid":"4016480","globalid":"A0E48259-2247-49DB-A8D0-E3DE14C602CF","tpstructure":"Full","plantingspaceglobalid":"8FCF6380-A1AD-4494-8DAF-3C6D5A0AE6AA","createddate":"2016-06-30 10:11:21.0000000","dbh":"13","planteddate":null,"updateddate":"2022-01-13 17:18:58.0000000","geometry":"POINT(-73.81437741868676 40.794216944911845)","genusspecies":"Zelkova serrata - Japanese zelkova"}},{"type":"Feature","geometry":{"type":"Point","coordinates":[-73.72380184104762,40.73424755461538]},"properties":{"tpcondition":"Good","stumpdiameter":"0","riskratingdate":null,"riskrating":null,"objectid":"4016481","globalid":"646CACA7-DBB7-4A49-AC5B-0F7585013C2E","tpstructure":"Full","plantingspaceglobalid":"9948562A-CD69-47A0-9AD1-58CD5A249669","createddate":"2016-06-30 09:49:22.0000000","dbh":"17","planteddate":null,"updateddate":"2017-04-18 09:32:55.0000000","geometry":"POINT(-73.72380184104762 40.73424755461538)","genusspecies":"Pyrus calleryana - Callery pear"}},{"type":"Feature","geometry":{"type":"Point","coordinates":[-73.71754221616894,40.74106189165709]},"properties":{"tpcondition":"Good","stumpdiameter":"0","riskratingdate":null,"riskrating":null,"objectid":"4016482","globalid":"3DBAB2BA-F7A5-4294-B70B-FCF8FA2BB18C","tpstructure":"Full","plantingspaceglobalid":"592D9E73-D855-4090-B58D-837FF3EFE71C","createddate":"2016-06-30 10:36:31.0000000","dbh":"13","planteddate":null,"updateddate":"2017-04-12 11:48:32.0000000","geometry":"POINT(-73.71754221616894 40.74106189165709)","genusspecies":"Acer platanoides - Norway maple"}},{"type":"Feature","geometry":{"type":"Point","coordinates":[-74.15534938161919,40.531157149913504]},"properties":{"tpcondition":"Good","stumpdiameter":"0","riskratingdate":null,"riskrating":null,"objectid":"4016483","globalid":"D1D96EB6-0289-4217-9369-C80B22104855","tpstructure":"Full","plantingspaceglobalid":"04339B21-1747-4B6C-BDBB-EFBECB94C4C3","createddate":"2016-07-27 13:01:13.0000000","dbh":"3","planteddate":null,"updateddate":null,"geometry":"POINT(-74.15534938161919 40.531157149913504)","genusspecies":"Quercus palustris - pin oak"}},{"type":"Feature","geometry":{"type":"Point","coordinates":[-73.80362352166276,40.73041644196029]},"properties":{"tpcondition":"Good","stumpdiameter":null,"riskratingdate":"2020-09-24 18:07:13.0000000","riskrating":"4","objectid":"4016484","globalid":"113A19C2-2579-4BA5-AA59-BDB5E52B67BC","tpstructure":"Full","plantingspaceglobalid":"9A6E5337-8098-429F-83D9-482A63407342","createddate":"2016-07-27 14:19:00.0000000","dbh":"42","planteddate":null,"updateddate":"2020-09-24 18:07:13.0000000","geometry":"POINT(-73.80362352166276 40.73041644196029)","genusspecies":"Quercus palustris - pin oak"}},{"type":"Feature","geometry":{"type":"Point","coordinates":[-73.79524647717251,40.769520390648275]},"properties":{"tpcondition":"Good","stumpdiameter":"0","riskratingdate":null,"riskrating":null,"objectid":"4016485","globalid":"187107AB-CE40-4D4D-A554-C2F1F3243C22","tpstructure":"Full","plantingspaceglobalid":"78F7C2F4-7170-4D61-8958-01810CCB1CCC","createddate":"2016-07-27 13:09:44.0000000","dbh":"8","planteddate":null,"updateddate":"2017-01-13 05:33:18.0000000","geometry":"POINT(-73.79524647717251 40.769520390648275)","genusspecies":"Prunus serrulata 'Green leaf' - 'Green leaf' Japanese flowering cherry"}},{"type":"Feature","geometry":{"type":"Point","coordinates":[-73.80354194238512,40.72066879853827]},"properties":{"tpcondition":"Fair","stumpdiameter":"0","riskratingdate":"2020-03-19 18:16:04.0000000","riskrating":"4","objectid":"4016486","globalid":"9F99DC67-D816-43BF-9F50-DF049866AAC9","tpstructure":"Full","plantingspaceglobalid":"74ECBC71-B23F-46C4-A7D6-5C0D6B43D4BB","createddate":"2016-07-27 13:44:00.0000000","dbh":"5","planteddate":null,"updateddate":"2020-03-19 18:16:04.0000000","geometry":"POINT(-73.80354194238512 40.72066879853827)","genusspecies":"Tilia cordata - littleleaf linden"}},{"type":"Feature","geometry":{"type":"Point","coordinates":[-73.70809137172594,40.72930420633724]},"properties":{"tpcondition":"Dead","stumpdiameter":null,"riskratingdate":"2024-10-07 14:06:00.0000000","riskrating":"8","objectid":"4016487","globalid":"777A5C94-5BAE-4D66-856B-14761036281F","tpstructure":"Stump","plantingspaceglobalid":"11F0561A-18EA-40B8-8616-3A930B85F635","createddate":"2016-06-30 10:05:00.0000000","dbh":"8","planteddate":null,"updateddate":"2025-03-30 21:35:00.0000000","geometry":"POINT(-73.70809137172594 40.72930420633724)","genusspecies":"Acer buergerianum - trident maple"}},{"type":"Feature","geometry":{"type":"Point","coordinates":[-73.80345977799095,40.74223666833715]},"properties":{"tpcondition":"Good","stumpdiameter":"0","riskratingdate":null,"riskrating":null,"objectid":"4016488","globalid":"4758B2D3-31AC-423E-B206-DB820CB8B24B","tpstructure":"Full","plantingspaceglobalid":"199A99A2-85A7-4425-A27B-1AA0E7D6987B","createddate":"2016-07-27 12:48:22.0000000","dbh":"22","planteddate":null,"updateddate":"2018-12-19 18:43:26.0000000","geometry":"POINT(-73.80345977799095 40.74223666833715)","genusspecies":"Quercus rubra - northern red oak"}},{"type":"Feature","geometry":{"type":"Point","coordinates":[-74.03608411099265,40.617158631839565]},"properties":{"tpcondition":"Good","stumpdiameter":"0","riskratingdate":null,"riskrating":null,"objectid":"4016489","globalid":"9F570CF3-2385-4E64-8DE6-133C957F7C31","tpstructure":"Full","plantingspaceglobalid":"492BFCFA-81A0-4B50-8CC1-2DED12499B62","createddate":"2016-07-27 13:07:21.0000000","dbh":"5","planteddate":null,"updateddate":null,"geometry":"POINT(-74.03608411099265 40.617158631839565)","genusspecies":"Maackia amurensis - Amur maackia"}},{"type":"Feature","geometry":{"type":"Point","coordinates":[-73.75395577086002,40.742332894617405]},"properties":{"tpcondition":"Fair","stumpdiameter":null,"riskratingdate":"2024-08-30 17:43:04.0000000","riskrating":"6","objectid":"4016490","globalid":"999B7E6F-9C34-4356-9F5E-DA105B80E922","tpstructure":"Full","plantingspaceglobalid":"586BEC1E-7E32-4B1F-AD44-C9814F8C945A","createddate":"2016-07-27 13:03:45.0000000","dbh":"29","planteddate":null,"updateddate":"2025-06-26 12:06:44.0000000","geometry":"POINT(-73.75395577086002 40.742332894617405)","genusspecies":"Fraxinus pennsylvanica - Green ash"}},{"type":"Feature","geometry":{"type":"Point","coordinates":[-73.9703686642273,40.678026697344755]},"properties":{"tpcondition":"Fair","stumpdiameter":null,"riskratingdate":"2023-08-15 18:41:10.0000000","riskrating":"7","objectid":"4016491","globalid":"A9BF66FB-F33E-4744-9E31-50EA44F01DEC","tpstructure":"Full","plantingspaceglobalid":"E4C3FA46-DA68-4C7F-8010-B71C09C25E87","createddate":"2016-07-27 13:48:46.0000000","dbh":"9","planteddate":null,"updateddate":"2023-08-15 18:41:10.0000000","geometry":"POINT(-73.9703686642273 40.678026697344755)","genusspecies":"Cercidiphyllum japonicum - katsura tree"}},{"type":"Feature","geometry":{"type":"Point","coordinates":[-73.70896190812259,40.744131740632106]},"properties":{"tpcondition":"Dead","stumpdiameter":"36","riskratingdate":"2017-09-11 10:37:08.0000000","riskrating":"10","objectid":"4016492","globalid":"F562E5C2-3DB8-47EA-A948-EE19B5850418","tpstructure":"Retired","plantingspaceglobalid":"A0C5520E-F667-4476-A2D8-4C0ED3E2D71A","createddate":"2016-06-30 10:29:00.0000000","dbh":"0","planteddate":null,"updateddate":"2017-11-21 04:11:11.0000000","geometry":"POINT(-73.70896190812259 40.744131740632106)","genusspecies":"Quercus palustris - pin oak"}},{"type":"Feature","geometry":{"type":"Point","coordinates":[-73.73868692767921,40.753787402673176]},"properties":{"tpcondition":"Good","stumpdiameter":"0","riskratingdate":null,"riskrating":null,"objectid":"4016493","globalid":"DA83C9B0-6E0C-46A7-911B-75CE70D4B9CA","tpstructure":"Full","plantingspaceglobalid":"86094202-4804-4A88-AD5E-EEA2683AE751","createddate":"2016-07-27 13:43:05.0000000","dbh":"4","planteddate":null,"updateddate":null,"geometry":"POINT(-73.73868692767921 40.753787402673176)","genusspecies":"Prunus serrulata 'Green leaf' - 'Green leaf' Japanese flowering cherry"}},{"type":"Feature","geometry":{"type":"Point","coordinates":[-74.01032826255543,40.65415963638394]},"properties":{"tpcondition":"Dead","stumpdiameter":"0","riskratingdate":"2019-07-30 22:55:00.0000000","riskrating":"3","objectid":"4016494","globalid":"7697E3A7-C83A-4F7B-9AAF-57029A2CFBD9","tpstructure":"Stump","plantingspaceglobalid":"52381C71-1AF6-4FB7-A818-8D4150F829AA","createddate":"2016-07-27 12:59:00.0000000","dbh":"3","planteddate":null,"updateddate":"2020-10-20 19:49:00.0000000","geometry":"POINT(-74.01032826255543 40.65415963638394)","genusspecies":"Gymnocladus dioicus - Kentucky coffeetree"}},{"type":"Feature","geometry":{"type":"Point","coordinates":[-73.74705224666383,40.74324379394091]},"properties":{"tpcondition":"Good","stumpdiameter":null,"riskratingdate":"2021-10-19 14:09:28.0000000","riskrating":"7","objectid":"4016495","globalid":"35716AB9-F1D0-40A7-95B1-13547E32EBCD","tpstructure":"Full","plantingspaceglobalid":"02066B3B-C6D3-4ED2-8D35-E1EA9EF75F38","createddate":"2016-07-27 14:10:20.0000000","dbh":"17","planteddate":null,"updateddate":"2021-10-19 14:09:28.0000000","geometry":"POINT(-73.74705224666383 40.74324379394091)","genusspecies":"Platanus x acerifolia - London planetree"}},{"type":"Feature","geometry":{"type":"Point","coordinates":[-73.81026947707697,40.76938677023654]},"properties":{"tpcondition":"Fair","stumpdiameter":"0","riskratingdate":null,"riskrating":null,"objectid":"4016496","globalid":"36AA3398-4AC1-4A00-A3DF-76B3054648F9","tpstructure":"Full","plantingspaceglobalid":"00D530ED-700B-4987-9075-762A482B8CE5","createddate":"2016-07-27 14:11:00.0000000","dbh":"6","planteddate":null,"updateddate":"2017-08-09 12:33:14.0000000","geometry":"POINT(-73.81026947707697 40.76938677023654)","genusspecies":"Prunus serrulata 'Green leaf' - 'Green leaf' Japanese flowering cherry"}},{"type":"Feature","geometry":{"type":"Point","coordinates":[-73.71103360113648,40.74182883755239]},"properties":{"tpcondition":"Good","stumpdiameter":null,"riskratingdate":"2020-11-04 18:57:06.0000000","riskrating":"7","objectid":"4016497","globalid":"BDF2BF31-7AA7-4DF8-818D-CE8D7BB79985","tpstructure":"Full","plantingspaceglobalid":"5E4ADCAA-4CA6-4D3D-8EFF-11746E440820","createddate":"2016-06-30 10:36:52.0000000","dbh":"15","planteddate":null,"updateddate":"2020-11-04 18:57:06.0000000","geometry":"POINT(-73.71103360113648 40.74182883755239)","genusspecies":"Acer platanoides - Norway maple"}},{"type":"Feature","geometry":{"type":"Point","coordinates":[-74.15314711705325,40.53572048262047]},"properties":{"tpcondition":"Good","stumpdiameter":"0","riskratingdate":null,"riskrating":null,"objectid":"4016498","globalid":"08625C9B-EEAF-446E-A306-9DC7B2361957","tpstructure":"Full","plantingspaceglobalid":"91D5838C-6A35-4CCB-8273-C1E8DE5989A1","createddate":"2016-06-30 10:04:17.0000000","dbh":"2","planteddate":null,"updateddate":"2017-04-08 11:10:49.0000000","geometry":"POINT(-74.15314711705325 40.53572048262047)","genusspecies":"Prunus serrulata 'Green leaf' - 'Green leaf' Japanese flowering cherry"}},{"type":"Feature","geometry":{"type":"Point","coordinates":[-73.80788362788422,40.7196965931836]},"properties":{"tpcondition":"Dead","stumpdiameter":"44","riskratingdate":"2018-11-20 13:22:00.0000000","riskrating":"8","objectid":"4016499","globalid":"1327ABBE-B0A2-4852-A09F-DBA24D83CEAC","tpstructure":"Stump","plantingspaceglobalid":"C0304738-F030-43EA-9FC8-823CA71CFFBA","createddate":"2016-07-27 13:32:00.0000000","dbh":"42","planteddate":null,"updateddate":"2020-03-19 18:38:40.0000000","geometry":"POINT(-73.80788362788422 40.7196965931836)","genusspecies":"Acer saccharinum - silver maple"}},{"type":"Feature","geometry":{"type":"Point","coordinates":[-73.76536219876573,40.7009473558014]},"properties":{"tpcondition":"Good","stumpdiameter":"0","riskratingdate":null,"riskrating":null,"objectid":"4016500","globalid":"547DF8DB-A8BF-4EC6-8E1D-BE42C700C7D7","tpstructure":"Full","plantingspaceglobalid":"C17FD9FC-2DA8-4659-A9EE-72FECF521C1A","createddate":"2016-07-27 13:33:45.0000000","dbh":"3","planteddate":null,"updateddate":"2017-04-25 09:45:08.0000000","geometry":"POINT(-73.76536219876573 40.7009473558014)","genusspecies":"Syringa reticulata - Japanese tree lilac"}},{"type":"Feature","geometry":{"type":"Point","coordinates":[-74.17387803694865,40.55554844333802]},"properties":{"tpcondition":"Fair","stumpdiameter":"0","riskratingdate":null,"riskrating":null,"objectid":"4016501","globalid":"92781070-5B82-4874-A7CF-0E3EADCF7AD2","tpstructure":"Full","plantingspaceglobalid":"0420B3A1-0759-4E2E-B236-B452CFDBAB5A","createddate":"2016-06-30 09:54:51.0000000","dbh":"3","planteddate":null,"updateddate":"2017-08-15 09:18:00.0000000","geometry":"POINT(-74.17387803694865 40.55554844333802)","genusspecies":"Tilia cordata - littleleaf linden"}},{"type":"Feature","geometry":{"type":"Point","coordinates":[-73.74710656686449,40.76920690523883]},"properties":{"tpcondition":"Fair","stumpdiameter":null,"riskratingdate":"2024-08-22 18:42:24.0000000","riskrating":"6","objectid":"4016502","globalid":"06B357A4-62D8-4491-BC72-D1A7C9C808E6","tpstructure":"Full","plantingspaceglobalid":"4FAAB2EB-249A-492D-B940-D0B3117309EF","createddate":"2016-07-27 13:14:22.0000000","dbh":"17","planteddate":null,"updateddate":"2025-06-17 13:00:43.0000000","geometry":"POINT(-73.74710656686449 40.76920690523883)","genusspecies":"Fraxinus pennsylvanica - Green ash"}},{"type":"Feature","geometry":{"type":"Point","coordinates":[-73.78400057961977,40.71864818330506]},"properties":{"tpcondition":"Good","stumpdiameter":"0","riskratingdate":null,"riskrating":null,"objectid":"4016503","globalid":"CA8AA0DD-C277-41E8-AA81-986D20701D42","tpstructure":"Full","plantingspaceglobalid":"2093D100-5309-4CC7-B1BC-25A54ADF362F","createddate":"2016-07-27 14:27:00.0000000","dbh":"6","planteddate":null,"updateddate":"2025-10-12 17:51:32.0000000","geometry":"POINT(-73.78400057961977 40.71864818330506)","genusspecies":"Quercus imbricaria - shingle oak"}},{"type":"Feature","geometry":{"type":"Point","coordinates":[-73.7792794469713,40.74580304767796]},"properties":{"tpcondition":"Fair","stumpdiameter":"0","riskratingdate":"2023-03-14 14:04:49.0000000","riskrating":"8","objectid":"4016504","globalid":"D3FBDA53-C3C8-406D-A42B-08A6A102ADCF","tpstructure":"Full","plantingspaceglobalid":"D866943D-994B-4120-B43B-0531220E2A0E","createddate":"2016-07-27 13:36:16.0000000","dbh":"12","planteddate":null,"updateddate":"2023-03-14 14:04:49.0000000","geometry":"POINT(-73.7792794469713 40.74580304767796)","genusspecies":"Tilia cordata - littleleaf linden"}},{"type":"Feature","geometry":{"type":"Point","coordinates":[-73.74790889003424,40.690118626654495]},"properties":{"tpcondition":"Fair","stumpdiameter":null,"riskratingdate":"2025-08-07 17:10:25.0000000","riskrating":"7","objectid":"4016506","globalid":"7D7CC8B3-57C5-4BB6-8038-512B9AF56036","tpstructure":"Full","plantingspaceglobalid":"51CE3B1A-6BB5-4751-8CFB-DB4F668E9239","createddate":"2016-06-30 09:50:20.0000000","dbh":"17","planteddate":null,"updateddate":"2025-08-07 17:10:25.0000000","geometry":"POINT(-73.74790889003424 40.690118626654495)","genusspecies":"Tilia cordata - littleleaf linden"}},{"type":"Feature","geometry":{"type":"Point","coordinates":[-73.85820588717628,40.70190328189895]},"properties":{"tpcondition":"Good","stumpdiameter":"0","riskratingdate":null,"riskrating":null,"objectid":"4016507","globalid":"587D4577-D354-4905-B82B-CC374AB27FC2","tpstructure":"Full","plantingspaceglobalid":"12745D19-5E56-4263-9CAC-33FC9ED3D61A","createddate":"2016-07-27 13:14:49.0000000","dbh":"27","planteddate":null,"updateddate":"2017-10-09 09:05:47.0000000","geometry":"POINT(-73.85820588717628 40.70190328189895)","genusspecies":"Platanus x acerifolia - London planetree"}},{"type":"Feature","geometry":{"type":"Point","coordinates":[-73.70415577322608,40.73962670215066]},"properties":{"tpcondition":"Good","stumpdiameter":null,"riskratingdate":"2020-12-10 21:14:45.0000000","riskrating":"3","objectid":"4016508","globalid":"137F784F-0021-4936-BDB1-F330E9929F6B","tpstructure":"Full","plantingspaceglobalid":"F29C9DF5-7BFB-4D18-B03B-78B233978B98","createddate":"2016-06-30 10:09:02.0000000","dbh":"15","planteddate":null,"updateddate":"2020-12-10 21:14:45.0000000","geometry":"POINT(-73.70415577322608 40.73962670215066)","genusspecies":"Ginkgo biloba - maidenhair tree"}},{"type":"Feature","geometry":{"type":"Point","coordinates":[-73.77807570089398,40.67674854477438]},"properties":{"tpcondition":"Critical","stumpdiameter":null,"riskratingdate":"2023-11-01 14:05:00.0000000","riskrating":"10","objectid":"4016509","globalid":"7068DF3E-4793-4C42-AE03-57AFE8EF77C1","tpstructure":"Retired","plantingspaceglobalid":"159C3E6C-3D41-4CFB-9B92-D6CD43D68198","createddate":"2016-06-30 09:56:00.0000000","dbh":"16","planteddate":null,"updateddate":"2023-11-02 17:58:00.0000000","geometry":"POINT(-73.77807570089398 40.67674854477438)","genusspecies":"Platanus x acerifolia - London planetree"}},{"type":"Feature","geometry":{"type":"Point","coordinates":[-73.75689886849379,40.671894420357624]},"properties":{"tpcondition":"Good","stumpdiameter":null,"riskratingdate":"2024-12-31 13:41:35.0000000","riskrating":"7","objectid":"4016510","globalid":"22BFCFFB-B19C-4CDB-A7CE-65CDE3BBF9CA","tpstructure":"Full","plantingspaceglobalid":"9FE806EC-0D66-4E3F-9167-425C6E3049BF","createddate":"2016-06-30 10:13:08.0000000","dbh":"16","planteddate":null,"updateddate":"2024-12-31 13:41:35.0000000","geometry":"POINT(-73.75689886849379 40.671894420357624)","genusspecies":"Gleditsia triacanthos var. inermis - Thornless honeylocust"}},{"type":"Feature","geometry":{"type":"Point","coordinates":[-73.70831468222079,40.734521901585225]},"properties":{"tpcondition":"Unknown","stumpdiameter":"31","riskratingdate":null,"riskrating":null,"objectid":"4016511","globalid":"601BFB9D-28CD-4A19-91A7-0C28DF29A913","tpstructure":"Retired","plantingspaceglobalid":"51571AA2-4C72-4589-8C50-FDDEF8454F97","createddate":"2016-06-30 10:18:23.0000000","dbh":"0","planteddate":null,"updateddate":"2017-12-28 12:43:44.0000000","geometry":"POINT(-73.70831468222079 40.734521901585225)","genusspecies":"Unknown - Unknown"}},{"type":"Feature","geometry":{"type":"Point","coordinates":[-73.75380612654025,40.7004625966703]},"properties":{"tpcondition":"Fair","stumpdiameter":"0","riskratingdate":null,"riskrating":null,"objectid":"4016512","globalid":"20A91F65-AC50-451E-BE21-415CE8D19288","tpstructure":"Full","plantingspaceglobalid":"A66A03ED-644D-4BC5-8497-EAC1CFA7C96E","createddate":"2016-07-27 13:25:22.0000000","dbh":"5","planteddate":null,"updateddate":"2017-04-17 14:35:28.0000000","geometry":"POINT(-73.75380612654025 40.7004625966703)","genusspecies":"Tilia cordata - littleleaf linden"}},{"type":"Feature","geometry":{"type":"Point","coordinates":[-73.78442092773885,40.72717149699147]},"properties":{"tpcondition":"Good","stumpdiameter":"0","riskratingdate":null,"riskrating":null,"objectid":"4016513","globalid":"491EFB31-EA06-44F5-8AB2-13697F819EDE","tpstructure":"Full","plantingspaceglobalid":"B0CC1031-EC87-4C1F-88D5-EB6178A5620D","createddate":"2016-07-27 13:48:39.0000000","dbh":"8","planteddate":null,"updateddate":"2017-05-17 12:40:11.0000000","geometry":"POINT(-73.78442092773885 40.72717149699147)","genusspecies":"Prunus serrulata 'Green leaf' - 'Green leaf' Japanese flowering cherry"}},{"type":"Feature","geometry":{"type":"Point","coordinates":[-73.7620488477289,40.702681965159506]},"properties":{"tpcondition":"Dead","stumpdiameter":"11","riskratingdate":"2024-05-28 14:39:00.0000000","riskrating":"9","objectid":"4016514","globalid":"27CB8B27-E670-4B7D-99F7-1217B68601DC","tpstructure":"Stump","plantingspaceglobalid":"A7F97F4D-4063-4204-A155-5C6F28021014","createddate":"2016-07-27 14:11:00.0000000","dbh":null,"planteddate":null,"updateddate":"2024-10-23 14:30:41.0000000","geometry":"POINT(-73.7620488477289 40.702681965159506)","genusspecies":"Prunus cerasifera - cherry plum"}},{"type":"Feature","geometry":{"type":"Point","coordinates":[-73.81125002074747,40.79513699913249]},"properties":{"tpcondition":"Dead","stumpdiameter":null,"riskratingdate":"2025-05-27 13:47:21.0000000","riskrating":"7","objectid":"4016515","globalid":"DA5252F0-7AFE-4B4C-B7B4-05035546B3F4","tpstructure":"Full","plantingspaceglobalid":"C8D9E063-FE79-452B-ACF6-51B52B68D7C0","createddate":"2016-06-30 10:04:10.0000000","dbh":"6","planteddate":null,"updateddate":"2025-05-27 13:47:21.0000000","geometry":"POINT(-73.81125002074747 40.79513699913249)","genusspecies":"Zelkova serrata - Japanese zelkova"}},{"type":"Feature","geometry":{"type":"Point","coordinates":[-73.985377120025,40.6205263372228]},"properties":{"tpcondition":"Fair","stumpdiameter":"0","riskratingdate":"2020-01-02 22:22:52.0000000","riskrating":"5","objectid":"4016516","globalid":"97C372A6-A13D-4378-AD63-18EE8D7D5860","tpstructure":"Full","plantingspaceglobalid":"B5691F40-AD0F-4C27-B0FB-D0AAE5651847","createddate":"2016-07-27 13:48:00.0000000","dbh":"26","planteddate":null,"updateddate":"2020-01-02 22:22:52.0000000","geometry":"POINT(-73.985377120025 40.6205263372228)","genusspecies":"Platanus x acerifolia - London planetree"}},{"type":"Feature","geometry":{"type":"Point","coordinates":[-73.70337440945798,40.74014502870443]},"properties":{"tpcondition":"Good","stumpdiameter":null,"riskratingdate":"2020-12-11 16:37:37.0000000","riskrating":"3","objectid":"4016517","globalid":"31A7E561-90BA-4AFB-8DF3-399B57681A75","tpstructure":"Full","plantingspaceglobalid":"1F9A9702-6464-48A1-BA9C-8F6FDC8C9F5D","createddate":"2016-06-30 10:24:24.0000000","dbh":"12","planteddate":null,"updateddate":"2020-12-11 16:37:37.0000000","geometry":"POINT(-73.70337440945798 40.74014502870443)","genusspecies":"Ginkgo biloba - maidenhair tree"}},{"type":"Feature","geometry":{"type":"Point","coordinates":[-73.76194910769505,40.69956123216205]},"properties":{"tpcondition":"Good","stumpdiameter":"0","riskratingdate":null,"riskrating":null,"objectid":"4016518","globalid":"9E1E38A7-570F-444D-AED9-399D631AFC4C","tpstructure":"Full","plantingspaceglobalid":"F618A34A-56B9-4B0B-A4D1-FBCF78D144D0","createddate":"2016-07-27 13:19:06.0000000","dbh":"4","planteddate":null,"updateddate":"2017-04-25 09:10:37.0000000","geometry":"POINT(-73.76194910769505 40.69956123216205)","genusspecies":"Aesculus x carnea - red horse-chestnut"}},{"type":"Feature","geometry":{"type":"Point","coordinates":[-73.71606296071387,40.72707516610197]},"properties":{"tpcondition":"Good","stumpdiameter":"0","riskratingdate":null,"riskrating":null,"objectid":"4016519","globalid":"B14C18F0-8D25-4DD6-9F7E-CB2F98257259","tpstructure":"Full","plantingspaceglobalid":"FE802138-831C-4530-A5E8-C40FA5065D71","createddate":"2016-06-30 10:26:01.0000000","dbh":"11","planteddate":null,"updateddate":"2017-04-10 10:19:57.0000000","geometry":"POINT(-73.71606296071387 40.72707516610197)","genusspecies":"Styphnolobium japonicum - Japanese pagoda tree"}},{"type":"Feature","geometry":{"type":"Point","coordinates":[-74.17184856076659,40.55301033201198]},"properties":{"tpcondition":"Fair","stumpdiameter":"0","riskratingdate":null,"riskrating":null,"objectid":"4016520","globalid":"2C0904FD-4193-4ACB-A80B-DB32B47BFAB8","tpstructure":"Full","plantingspaceglobalid":"B9F3FA0B-8E04-49F0-B360-AAF1717BFA73","createddate":"2016-06-30 10:08:09.0000000","dbh":"12","planteddate":null,"updateddate":"2017-08-11 11:03:42.0000000","geometry":"POINT(-74.17184856076659 40.55301033201198)","genusspecies":"Pyrus calleryana - Callery pear"}},{"type":"Feature","geometry":{"type":"Point","coordinates":[-73.80011612946795,40.726475255608186]},"properties":{"tpcondition":"Good","stumpdiameter":null,"riskratingdate":"2021-08-19 15:26:09.0000000","riskrating":"3","objectid":"4016521","globalid":"CEA113FB-5C4E-4A2D-92D7-5F4474BF2987","tpstructure":"Full","plantingspaceglobalid":"2F3828A8-D181-40F9-B9F7-13D48901C58D","createddate":"2016-07-27 13:41:46.0000000","dbh":"3","planteddate":null,"updateddate":"2021-08-19 15:26:09.0000000","geometry":"POINT(-73.80011612946795 40.726475255608186)","genusspecies":"Aesculus hippocastanum - horse chestnut"}},{"type":"Feature","geometry":{"type":"Point","coordinates":[-73.73799146986887,40.76160201280865]},"properties":{"tpcondition":"Dead","stumpdiameter":"0","riskratingdate":null,"riskrating":null,"objectid":"4016522","globalid":"9027D4C4-BF48-464C-914C-388B8C0D39D1","tpstructure":"Full","plantingspaceglobalid":"44BDF38C-F34E-4664-B979-28AB7941A9CC","createddate":"2016-07-27 14:06:39.0000000","dbh":"2","planteddate":null,"updateddate":"2017-05-03 10:11:51.0000000","geometry":"POINT(-73.73799146986887 40.76160201280865)","genusspecies":"Unknown - Unknown"}},{"type":"Feature","geometry":{"type":"Point","coordinates":[-73.75812631440952,40.73857513900183]},"properties":{"tpcondition":"Fair","stumpdiameter":null,"riskratingdate":"2021-10-21 13:36:59.0000000","riskrating":"7","objectid":"4016523","globalid":"A368536A-D8C6-41A1-9D53-1C3C2D4999E8","tpstructure":"Full","plantingspaceglobalid":"017AF88D-C1F2-4097-B969-8765B85EA0E3","createddate":"2016-07-27 13:27:48.0000000","dbh":"27","planteddate":null,"updateddate":"2021-10-21 13:36:59.0000000","geometry":"POINT(-73.75812631440952 40.73857513900183)","genusspecies":"Platanus x acerifolia - London planetree"}},{"type":"Feature","geometry":{"type":"Point","coordinates":[-73.77822516790155,40.75784457383238]},"properties":{"tpcondition":"Dead","stumpdiameter":"0","riskratingdate":"2018-07-30 09:18:58.0000000","riskrating":"5","objectid":"4016524","globalid":"6AC575F5-0FF5-45AC-9830-3A041B25DC4F","tpstructure":"Full","plantingspaceglobalid":"187D8A44-2372-4770-998C-CDE9726A15C9","createddate":"2016-07-27 13:59:36.0000000","dbh":"3","planteddate":null,"updateddate":"2018-07-30 13:19:00.0000000","geometry":"POINT(-73.77822516790155 40.75784457383238)","genusspecies":"Platanus x acerifolia - London planetree"}},{"type":"Feature","geometry":{"type":"Point","coordinates":[-73.71521846014895,40.7390425423449]},"properties":{"tpcondition":"Good","stumpdiameter":null,"riskratingdate":"2020-12-03 21:33:40.0000000","riskrating":"5","objectid":"4016525","globalid":"D2FD65F8-A6DB-4E35-8926-656048ED1368","tpstructure":"Full","plantingspaceglobalid":"FDE7CA89-CED5-4858-97D6-372E76189D1A","createddate":"2016-06-30 10:01:40.0000000","dbh":"7","planteddate":null,"updateddate":"2020-12-03 21:33:40.0000000","geometry":"POINT(-73.71521846014895 40.7390425423449)","genusspecies":"Quercus alba - white oak"}},{"type":"Feature","geometry":{"type":"Point","coordinates":[-74.02860619366693,40.61880912511756]},"properties":{"tpcondition":"Good","stumpdiameter":"0","riskratingdate":null,"riskrating":null,"objectid":"4016526","globalid":"46221B94-A764-4133-9CAE-983DD519E492","tpstructure":"Full","plantingspaceglobalid":"0FA56767-FED0-4246-8EDC-CBE2FEF3FB12","createddate":"2016-07-27 13:00:57.0000000","dbh":"8","planteddate":null,"updateddate":null,"geometry":"POINT(-74.02860619366693 40.61880912511756)","genusspecies":"Acer rubrum - red maple"}},{"type":"Feature","geometry":{"type":"Point","coordinates":[-73.78535229829119,40.73170690351178]},"properties":{"tpcondition":"Good","stumpdiameter":null,"riskratingdate":"2023-07-19 17:41:41.0000000","riskrating":"7","objectid":"4016527","globalid":"FB0DD6B7-67C0-48DF-B1C5-60C5775979F2","tpstructure":"Full","plantingspaceglobalid":"DBF7BAC7-39BE-4FF0-B55E-683F98186634","createddate":"2016-07-27 14:02:21.0000000","dbh":"29","planteddate":null,"updateddate":"2023-07-19 17:41:41.0000000","geometry":"POINT(-73.78535229829119 40.73170690351178)","genusspecies":"Platanus x acerifolia - London planetree"}},{"type":"Feature","geometry":{"type":"Point","coordinates":[-74.0328389484927,40.6278207252357]},"properties":{"tpcondition":"Good","stumpdiameter":"0","riskratingdate":null,"riskrating":null,"objectid":"4016528","globalid":"0B3612F1-E2C0-4D32-A83B-C80EE3F86FFF","tpstructure":"Full","plantingspaceglobalid":"7FD1EBE3-9E41-46FA-8490-DB83495BBA2E","createddate":"2016-07-27 14:10:26.0000000","dbh":"21","planteddate":null,"updateddate":null,"geometry":"POINT(-74.0328389484927 40.6278207252357)","genusspecies":"Platanus x acerifolia - London planetree"}},{"type":"Feature","geometry":{"type":"Point","coordinates":[-73.79106405039397,40.753541121334806]},"properties":{"tpcondition":"Good","stumpdiameter":"0","riskratingdate":null,"riskrating":null,"objectid":"4016529","globalid":"DBF2579F-6876-4410-AADD-8017F3C618D4","tpstructure":"Full","plantingspaceglobalid":"43DA50CD-1879-4504-9808-FB982BDB0B2A","createddate":"2016-07-27 12:56:47.0000000","dbh":"10","planteddate":null,"updateddate":"2017-12-22 09:31:36.0000000","geometry":"POINT(-73.79106405039397 40.753541121334806)","genusspecies":"Ginkgo biloba - maidenhair tree"}},{"type":"Feature","geometry":{"type":"Point","coordinates":[-73.86348455216563,40.75680144769606]},"properties":{"tpcondition":"Fair","stumpdiameter":null,"riskratingdate":"2022-02-28 16:33:03.0000000","riskrating":"6","objectid":"4016530","globalid":"5A7277CA-5CCB-4F49-9569-AA47E4BA88E9","tpstructure":"Full","plantingspaceglobalid":"380695D9-1987-4CDA-911D-F5ADCC4FFC05","createddate":"2016-07-27 13:36:28.0000000","dbh":"10","planteddate":null,"updateddate":"2022-02-28 16:33:03.0000000","geometry":"POINT(-73.86348455216563 40.75680144769606)","genusspecies":"Tilia cordata - littleleaf linden"}},{"type":"Feature","geometry":{"type":"Point","coordinates":[-73.71813436428744,40.75288972478167]},"properties":{"tpcondition":"Dead","stumpdiameter":"0","riskratingdate":null,"riskrating":null,"objectid":"4016531","globalid":"8EF03FD5-CAA7-450D-8E6A-9BB827E2EB23","tpstructure":"Retired","plantingspaceglobalid":"E23F1CFF-6ADA-4C95-95F9-E3118553FF34","createddate":"2016-06-30 09:51:00.0000000","dbh":"20","planteddate":null,"updateddate":"2020-12-10 17:08:35.0000000","geometry":"POINT(-73.71813436428744 40.75288972478167)","genusspecies":"Acer platanoides - Norway maple"}},{"type":"Feature","geometry":{"type":"Point","coordinates":[-73.7172455772116,40.73529948699867]},"properties":{"tpcondition":"Good","stumpdiameter":"0","riskratingdate":"2019-09-18 12:58:44.0000000","riskrating":"3","objectid":"4016532","globalid":"0DE500AC-000E-4E89-ABA6-406A4346D200","tpstructure":"Full","plantingspaceglobalid":"C0B8E159-A1C0-4C8F-AA24-054392B48D7E","createddate":"2016-06-30 10:29:17.0000000","dbh":"17","planteddate":null,"updateddate":"2019-09-18 17:58:46.0000000","geometry":"POINT(-73.7172455772116 40.73529948699867)","genusspecies":"Ulmus americana - American elm"}},{"type":"Feature","geometry":{"type":"Point","coordinates":[-73.7222297750318,40.72748207700901]},"properties":{"tpcondition":"Unknown","stumpdiameter":"18","riskratingdate":null,"riskrating":null,"objectid":"4016533","globalid":"6A64968B-F1A2-4FB8-86A1-80C08B3D6139","tpstructure":"Retired","plantingspaceglobalid":"55367EB0-692F-4124-8FA2-7B417D776761","createddate":"2016-06-30 10:13:34.0000000","dbh":"0","planteddate":null,"updateddate":"2024-09-17 15:29:34.0000000","geometry":"POINT(-73.7222297750318 40.72748207700901)","genusspecies":"Unknown - Unknown"}},{"type":"Feature","geometry":{"type":"Point","coordinates":[-73.76358819349159,40.67350818586461]},"properties":{"tpcondition":"Fair","stumpdiameter":null,"riskratingdate":"2023-09-25 17:52:26.0000000","riskrating":"8","objectid":"4016534","globalid":"3B4CF689-4AD2-405B-9067-C0F3E5C269C7","tpstructure":"Full","plantingspaceglobalid":"A15E9160-A8EB-47F8-8469-5DEC0ABFE7B4","createddate":"2016-07-27 13:01:38.0000000","dbh":"13","planteddate":null,"updateddate":"2023-09-25 17:52:26.0000000","geometry":"POINT(-73.76358819349159 40.67350818586461)","genusspecies":"Tilia cordata - littleleaf linden"}},{"type":"Feature","geometry":{"type":"Point","coordinates":[-73.75888212794644,40.70255357328452]},"properties":{"tpcondition":"Good","stumpdiameter":"0","riskratingdate":null,"riskrating":null,"objectid":"4016535","globalid":"3E24CA5A-C5AA-4817-B031-DF436571D70B","tpstructure":"Full","plantingspaceglobalid":"CE2AB9AA-EF87-4B77-A3EB-F9A46BE6F497","createddate":"2016-07-27 13:13:13.0000000","dbh":"5","planteddate":null,"updateddate":"2017-04-15 10:15:47.0000000","geometry":"POINT(-73.75888212794644 40.70255357328452)","genusspecies":"Prunus serrulata 'Not Green leaf' - 'Not Green leaf' Japanese flowering cherry"}},{"type":"Feature","geometry":{"type":"Point","coordinates":[-73.74134166493334,40.75346014074474]},"properties":{"tpcondition":"Good","stumpdiameter":"0","riskratingdate":null,"riskrating":null,"objectid":"4016536","globalid":"2D678E1A-CCE7-47AA-9B2F-EDEFDB417184","tpstructure":"Full","plantingspaceglobalid":"50EBE284-EA73-447B-B5EB-9E96F93E4822","createddate":"2016-07-27 12:53:53.0000000","dbh":"14","planteddate":null,"updateddate":null,"geometry":"POINT(-73.74134166493334 40.75346014074474)","genusspecies":"Platanus x acerifolia - London planetree"}},{"type":"Feature","geometry":{"type":"Point","coordinates":[-73.71547780678186,40.747446316243646]},"properties":{"tpcondition":"Good","stumpdiameter":null,"riskratingdate":"2025-06-21 14:47:57.0000000","riskrating":"8","objectid":"4016537","globalid":"89D517E8-7893-4F30-AC77-B07EFF384A7B","tpstructure":"Full","plantingspaceglobalid":"5E18A329-FED3-489C-B667-A3BDD936C121","createddate":"2016-06-30 10:29:16.0000000","dbh":"27","planteddate":null,"updateddate":"2025-06-21 14:47:57.0000000","geometry":"POINT(-73.71547780678186 40.747446316243646)","genusspecies":"Platanus x acerifolia - London planetree"}},{"type":"Feature","geometry":{"type":"Point","coordinates":[-73.76776702532392,40.67437462851054]},"properties":{"tpcondition":"Dead","stumpdiameter":"11","riskratingdate":null,"riskrating":null,"objectid":"4016538","globalid":"0B10FF02-F6CF-49A1-B678-67E9D879289F","tpstructure":"Stump","plantingspaceglobalid":"45F8BF3C-9C69-486C-97C2-0976C5F6E2A6","createddate":"2016-07-27 13:21:53.0000000","dbh":"11","planteddate":null,"updateddate":"2024-11-11 16:06:12.0000000","geometry":"POINT(-73.76776702532392 40.67437462851054)","genusspecies":"Unknown - Unknown"}},{"type":"Feature","geometry":{"type":"Point","coordinates":[-73.71011924275301,40.74879134261576]},"properties":{"tpcondition":"Dead","stumpdiameter":"19","riskratingdate":"2020-07-23 13:16:00.0000000","riskrating":"10","objectid":"4016539","globalid":"83825ED1-03BA-4624-8BFF-B0BFE117EFE4","tpstructure":"Retired","plantingspaceglobalid":"A31B3D97-5D67-48C1-B001-A76D316DAE4F","createddate":"2016-06-30 10:34:00.0000000","dbh":null,"planteddate":null,"updateddate":"2023-05-30 14:36:12.0000000","geometry":"POINT(-73.71011924275301 40.74879134261576)","genusspecies":"Acer platanoides - Norway maple"}},{"type":"Feature","geometry":{"type":"Point","coordinates":[-73.76211363307497,40.72439385190245]},"properties":{"tpcondition":"Good","stumpdiameter":"0","riskratingdate":null,"riskrating":null,"objectid":"4016540","globalid":"B5B1D7A8-D2ED-448A-BE50-6C44BF79F8B6","tpstructure":"Full","plantingspaceglobalid":"B1CB2AAF-7CE9-4E6C-B69A-1C1E12F31243","createddate":"2016-07-27 13:14:42.0000000","dbh":"30","planteddate":null,"updateddate":"2018-03-20 10:51:52.0000000","geometry":"POINT(-73.76211363307497 40.72439385190245)","genusspecies":"Platanus x acerifolia - London planetree"}},{"type":"Feature","geometry":{"type":"Point","coordinates":[-73.70133406168044,40.74459325653128]},"properties":{"tpcondition":"Fair","stumpdiameter":null,"riskratingdate":"2021-01-04 16:20:52.0000000","riskrating":"8","objectid":"4016541","globalid":"D14CA9A6-3257-4A9E-84A6-062F2B6D8D14","tpstructure":"Full","plantingspaceglobalid":"F297911C-A8DF-4342-921D-7F769D65690B","createddate":"2016-07-27 13:17:56.0000000","dbh":"15","planteddate":null,"updateddate":"2021-01-04 16:20:52.0000000","geometry":"POINT(-73.70133406168044 40.74459325653128)","genusspecies":"Ginkgo biloba - maidenhair tree"}},{"type":"Feature","geometry":{"type":"Point","coordinates":[-73.71279585181392,40.7413250316807]},"properties":{"tpcondition":"Good","stumpdiameter":null,"riskratingdate":"2021-10-06 17:11:46.0000000","riskrating":"7","objectid":"4016542","globalid":"83398AD8-2871-45EE-98B4-FAD0E9CC5B22","tpstructure":"Full","plantingspaceglobalid":"9B737A93-1CD2-4CC0-9990-58C345F191EA","createddate":"2016-06-30 10:04:43.0000000","dbh":"20","planteddate":null,"updateddate":"2021-10-06 17:11:46.0000000","geometry":"POINT(-73.71279585181392 40.7413250316807)","genusspecies":"Platanus x acerifolia - London planetree"}},{"type":"Feature","geometry":{"type":"Point","coordinates":[-73.80416493826569,40.731065667072436]},"properties":{"tpcondition":"Unknown","stumpdiameter":"0","riskratingdate":null,"riskrating":null,"objectid":"4016543","globalid":"50B435AD-4671-49EE-8ABC-254A1D6D3C70","tpstructure":"Retired","plantingspaceglobalid":"A38453B3-3D93-4469-AEFB-0E422E35F4BE","createddate":"2016-07-27 13:59:28.0000000","dbh":"13","planteddate":null,"updateddate":"2020-03-17 13:50:34.0000000","geometry":"POINT(-73.80416493826569 40.731065667072436)","genusspecies":"Ostrya virginiana - hophornbeam"}},{"type":"Feature","geometry":{"type":"Point","coordinates":[-73.76369557209954,40.70877574132817]},"properties":{"tpcondition":"Good","stumpdiameter":"0","riskratingdate":null,"riskrating":null,"objectid":"4016544","globalid":"198CDB9F-EBCC-4C6D-AA33-346B92428B48","tpstructure":"Full","plantingspaceglobalid":"2C2CDC9F-914C-498D-8DA6-6B45F7233337","createddate":"2016-07-27 13:48:27.0000000","dbh":"5","planteddate":null,"updateddate":"2017-04-18 08:35:27.0000000","geometry":"POINT(-73.76369557209954 40.70877574132817)","genusspecies":"Prunus serrulata 'Green leaf' - 'Green leaf' Japanese flowering cherry"}},{"type":"Feature","geometry":{"type":"Point","coordinates":[-73.70148319257716,40.74878305218184]},"properties":{"tpcondition":"Good","stumpdiameter":"0","riskratingdate":null,"riskrating":null,"objectid":"4016545","globalid":"12B3C60B-A47D-4356-92CB-9DA39A2C451E","tpstructure":"Full","plantingspaceglobalid":"75B35902-7EAF-40C7-9943-97BD622329B8","createddate":"2016-06-30 10:38:50.0000000","dbh":"17","planteddate":null,"updateddate":null,"geometry":"POINT(-73.70148319257716 40.74878305218184)","genusspecies":"Acer platanoides - Norway maple"}},{"type":"Feature","geometry":{"type":"Point","coordinates":[-73.70514640366426,40.75298340168873]},"properties":{"tpcondition":"Good","stumpdiameter":"0","riskratingdate":"2017-09-22 14:01:29.0000000","riskrating":"7","objectid":"4016546","globalid":"82009B77-5996-4985-A260-9C130986A458","tpstructure":"Full","plantingspaceglobalid":"088B915B-B276-4EF5-BFBC-DEED98FA2EDA","createddate":"2016-06-30 10:38:02.0000000","dbh":"20","planteddate":null,"updateddate":"2017-11-21 04:11:11.0000000","geometry":"POINT(-73.70514640366426 40.75298340168873)","genusspecies":"Acer platanoides - Norway maple"}},{"type":"Feature","geometry":{"type":"Point","coordinates":[-74.13151359634944,40.63336267912745]},"properties":{"tpcondition":"Fair","stumpdiameter":null,"riskratingdate":"2023-10-26 15:12:09.0000000","riskrating":"8","objectid":"4016547","globalid":"E08BDA6F-C082-42A9-B27C-3CE26B780053","tpstructure":"Full","plantingspaceglobalid":"34EB2E0F-1214-411D-8496-4859B5F661DD","createddate":"2016-06-30 10:26:04.0000000","dbh":"18","planteddate":null,"updateddate":"2023-10-26 15:12:09.0000000","geometry":"POINT(-74.13151359634944 40.63336267912745)","genusspecies":"Styphnolobium japonicum - Japanese pagoda tree"}},{"type":"Feature","geometry":{"type":"Point","coordinates":[-73.71433444509717,40.75149677014536]},"properties":{"tpcondition":"Dead","stumpdiameter":"26","riskratingdate":"2024-11-04 16:18:00.0000000","riskrating":"9","objectid":"4016548","globalid":"39C520F9-491D-4D33-BD45-1284451CD640","tpstructure":"Stump","plantingspaceglobalid":"9F28A2EB-D21C-4CED-A570-FF1BAC88C0F9","createddate":"2016-06-30 09:58:00.0000000","dbh":null,"planteddate":null,"updateddate":"2025-09-14 13:17:58.0000000","geometry":"POINT(-73.71433444509717 40.75149677014536)","genusspecies":"Acer platanoides - Norway maple"}},{"type":"Feature","geometry":{"type":"Point","coordinates":[-74.18155275151389,40.54383078255963]},"properties":{"tpcondition":"Good","stumpdiameter":"0","riskratingdate":null,"riskrating":null,"objectid":"4016549","globalid":"4FBEFF0B-4948-48C4-A719-E0C7A2760149","tpstructure":"Full","plantingspaceglobalid":"1B6B45B9-2E87-4463-9BE3-6663446B3A0C","createddate":"2016-06-30 10:03:05.0000000","dbh":"17","planteddate":null,"updateddate":"2018-01-25 09:44:05.0000000","geometry":"POINT(-74.18155275151389 40.54383078255963)","genusspecies":"Quercus palustris - pin oak"}},{"type":"Feature","geometry":{"type":"Point","coordinates":[-73.77104346344711,40.70113729975664]},"properties":{"tpcondition":"Good","stumpdiameter":"0","riskratingdate":null,"riskrating":null,"objectid":"4016550","globalid":"58876D8C-53DA-4387-B831-7AA7EF683689","tpstructure":"Full","plantingspaceglobalid":"C22CC228-61EF-47A6-9DF8-6227C2FA289E","createddate":"2016-07-27 14:25:16.0000000","dbh":"6","planteddate":null,"updateddate":"2017-04-28 08:15:02.0000000","geometry":"POINT(-73.77104346344711 40.70113729975664)","genusspecies":"Styphnolobium japonicum - Japanese pagoda tree"}},{"type":"Feature","geometry":{"type":"Point","coordinates":[-73.76148239847379,40.69195360094093]},"properties":{"tpcondition":"Poor","stumpdiameter":"0","riskratingdate":"2021-11-10 16:07:00.0000000","riskrating":"9","objectid":"4016551","globalid":"6E655FEC-9008-49CF-826E-22F5FE661546","tpstructure":"Retired","plantingspaceglobalid":"F53F3B16-DB49-4CD7-8E26-8AE6477E0A55","createddate":"2016-07-27 13:44:00.0000000","dbh":"15","planteddate":null,"updateddate":"2023-12-07 18:38:00.0000000","geometry":"POINT(-73.76148239847379 40.69195360094093)","genusspecies":"Tilia cordata - littleleaf linden"}},{"type":"Feature","geometry":{"type":"Point","coordinates":[-74.03001887613549,40.63279328685376]},"properties":{"tpcondition":"Fair","stumpdiameter":null,"riskratingdate":"2023-10-26 15:14:57.0000000","riskrating":"7","objectid":"4016552","globalid":"8CCD8925-3581-4ABF-AC32-D7B353D98348","tpstructure":"Full","plantingspaceglobalid":"24010656-B29E-4A16-971F-A7D5428CF603","createddate":"2016-07-27 13:14:52.0000000","dbh":"23","planteddate":null,"updateddate":"2023-10-26 15:14:57.0000000","geometry":"POINT(-74.03001887613549 40.63279328685376)","genusspecies":"Platanus x acerifolia - London planetree"}},{"type":"Feature","geometry":{"type":"Point","coordinates":[-73.8130499330263,40.79616733033608]},"properties":{"tpcondition":"Fair","stumpdiameter":null,"riskratingdate":"2022-01-13 16:12:57.0000000","riskrating":"5","objectid":"4016553","globalid":"4880D1DA-0D20-46F5-8B4C-CB840FBDCFD7","tpstructure":"Full","plantingspaceglobalid":"F3C4B5F6-013E-4709-87A4-881B543F21CB","createddate":"2016-06-30 10:29:19.0000000","dbh":"7","planteddate":null,"updateddate":"2022-01-13 16:12:57.0000000","geometry":"POINT(-73.8130499330263 40.79616733033608)","genusspecies":"Pyrus calleryana - Callery pear"}},{"type":"Feature","geometry":{"type":"Point","coordinates":[-73.86917729778062,40.76156608440733]},"properties":{"tpcondition":"Good","stumpdiameter":"0","riskratingdate":"2017-08-15 08:02:45.0000000","riskrating":"12","objectid":"4016554","globalid":"D2C360E4-6191-4472-95BF-EEF8C9D5BD61","tpstructure":"Full","plantingspaceglobalid":"33925F15-144B-4585-ADAE-7021414AA9DD","createddate":"2016-07-27 13:12:00.0000000","dbh":"18","planteddate":null,"updateddate":"2017-11-21 04:11:11.0000000","geometry":"POINT(-73.86917729778062 40.76156608440733)","genusspecies":"Tilia cordata - littleleaf linden"}},{"type":"Feature","geometry":{"type":"Point","coordinates":[-74.02393088314105,40.63737343758852]},"properties":{"tpcondition":"Good","stumpdiameter":null,"riskratingdate":"2021-08-23 16:59:13.0000000","riskrating":"7","objectid":"4016555","globalid":"121C6FCB-4917-46A6-9E62-79302C306A38","tpstructure":"Full","plantingspaceglobalid":"B011DAC3-8B43-421D-A92C-A1130AAAB5AF","createddate":"2016-07-27 13:58:26.0000000","dbh":"13","planteddate":null,"updateddate":"2021-08-23 16:59:13.0000000","geometry":"POINT(-74.02393088314105 40.63737343758852)","genusspecies":"Zelkova serrata - Japanese zelkova"}},{"type":"Feature","geometry":{"type":"Point","coordinates":[-73.81869364459602,40.79490957407853]},"properties":{"tpcondition":"Good","stumpdiameter":null,"riskratingdate":"2022-01-05 15:54:46.0000000","riskrating":"6","objectid":"4016556","globalid":"189D590B-33C8-48D7-9DAE-2D27E7A21173","tpstructure":"Full","plantingspaceglobalid":"84CCE680-D7C0-410A-A0F5-E29695DFDD0E","createddate":"2016-06-30 09:56:06.0000000","dbh":"12","planteddate":null,"updateddate":"2022-01-05 15:54:46.0000000","geometry":"POINT(-73.81869364459602 40.79490957407853)","genusspecies":"Pyrus calleryana - Callery pear"}},{"type":"Feature","geometry":{"type":"Point","coordinates":[-73.7523614052743,40.68704744353382]},"properties":{"tpcondition":"Fair","stumpdiameter":null,"riskratingdate":"2024-12-23 16:41:09.0000000","riskrating":"7","objectid":"4016557","globalid":"FDC2888F-4485-4331-942E-76AEA148C65B","tpstructure":"Full","plantingspaceglobalid":"9A0AC58C-85F5-48DF-B35D-4E8DC21D3ED7","createddate":"2016-06-30 10:00:48.0000000","dbh":"3","planteddate":null,"updateddate":"2024-12-23 16:41:09.0000000","geometry":"POINT(-73.7523614052743 40.68704744353382)","genusspecies":"Carpinus caroliniana - American hornbeam"}},{"type":"Feature","geometry":{"type":"Point","coordinates":[-74.00355761790041,40.64136232237943]},"properties":{"tpcondition":"Dead","stumpdiameter":"7","riskratingdate":"2020-10-09 17:58:00.0000000","riskrating":"8","objectid":"4016558","globalid":"606B95F7-96C9-47E4-868D-86CAC096CC87","tpstructure":"Stump","plantingspaceglobalid":"E74273CA-7938-436C-BFAB-8C5911C22457","createddate":"2016-07-27 14:22:00.0000000","dbh":"7","planteddate":null,"updateddate":"2022-12-13 16:33:59.0000000","geometry":"POINT(-74.00355761790041 40.64136232237943)","genusspecies":"Ulmus americana - American elm"}},{"type":"Feature","geometry":{"type":"Point","coordinates":[-73.73139387377687,40.73032323322383]},"properties":{"tpcondition":"Fair","stumpdiameter":"0","riskratingdate":null,"riskrating":null,"objectid":"4016559","globalid":"022F154A-A4BE-456D-A58B-FB4B5E5114CD","tpstructure":"Full","plantingspaceglobalid":"FF87320E-3403-4B7E-B96C-F10063DDA5EE","createddate":"2016-07-27 14:15:09.0000000","dbh":"12","planteddate":null,"updateddate":"2017-04-14 09:13:07.0000000","geometry":"POINT(-73.73139387377687 40.73032323322383)","genusspecies":"Gleditsia triacanthos var. inermis - Thornless honeylocust"}},{"type":"Feature","geometry":{"type":"Point","coordinates":[-73.748091558567,40.67252679274043]},"properties":{"tpcondition":"Good","stumpdiameter":"0","riskratingdate":"2018-02-15 11:32:46.0000000","riskrating":"10","objectid":"4016560","globalid":"348F908F-B57D-4630-8F07-84934320ACCA","tpstructure":"Full","plantingspaceglobalid":"4B0B79F3-1686-43F4-8931-1F5966CB398D","createddate":"2016-06-30 10:33:25.0000000","dbh":"10","planteddate":null,"updateddate":"2018-02-15 11:32:46.0000000","geometry":"POINT(-73.748091558567 40.67252679274043)","genusspecies":"Acer platanoides - Norway maple"}},{"type":"Feature","geometry":{"type":"Point","coordinates":[-73.7511530526814,40.70339009682019]},"properties":{"tpcondition":"Fair","stumpdiameter":"0","riskratingdate":null,"riskrating":null,"objectid":"4016561","globalid":"716BE392-95B5-4229-8C78-468DE1C15BC9","tpstructure":"Full","plantingspaceglobalid":"B60A419D-6F14-4D5C-83D5-4210E38618A7","createddate":"2016-07-27 13:22:33.0000000","dbh":"5","planteddate":null,"updateddate":"2017-04-18 11:15:41.0000000","geometry":"POINT(-73.7511530526814 40.70339009682019)","genusspecies":"Tilia cordata - littleleaf linden"}},{"type":"Feature","geometry":{"type":"Point","coordinates":[-73.71503471496251,40.73193075349554]},"properties":{"tpcondition":"Good","stumpdiameter":"0","riskratingdate":null,"riskrating":null,"objectid":"4016562","globalid":"F0D520C2-E038-497B-8DEF-C2767951F44F","tpstructure":"Full","plantingspaceglobalid":"9D59B014-69E5-48AA-AF74-6504C8E7E51D","createddate":"2016-06-30 10:09:35.0000000","dbh":"4","planteddate":null,"updateddate":"2017-04-12 14:27:34.0000000","geometry":"POINT(-73.71503471496251 40.73193075349554)","genusspecies":"Prunus serrulata 'Green leaf' - 'Green leaf' Japanese flowering cherry"}},{"type":"Feature","geometry":{"type":"Point","coordinates":[-73.75390530686755,40.69589158034739]},"properties":{"tpcondition":"Fair","stumpdiameter":"0","riskratingdate":null,"riskrating":null,"objectid":"4016563","globalid":"F48282C3-2992-425B-922E-573C8CB0715B","tpstructure":"Full","plantingspaceglobalid":"61D83645-9332-4E08-BFD1-76CF34CCBC6E","createddate":"2016-07-27 13:28:51.0000000","dbh":"5","planteddate":null,"updateddate":"2017-04-13 07:41:53.0000000","geometry":"POINT(-73.75390530686755 40.69589158034739)","genusspecies":"Prunus serrulata 'Green leaf' - 'Green leaf' Japanese flowering cherry"}},{"type":"Feature","geometry":{"type":"Point","coordinates":[-73.79754252559083,40.74192819306419]},"properties":{"tpcondition":"Good","stumpdiameter":"0","riskratingdate":null,"riskrating":null,"objectid":"4016564","globalid":"32CD14AB-FCBA-4EBC-A7A3-87A4AE95FBF5","tpstructure":"Full","plantingspaceglobalid":"C8A85FCC-8CE3-4056-939D-CC250FE74C5B","createddate":"2016-07-27 13:24:38.0000000","dbh":"28","planteddate":null,"updateddate":"2018-12-20 16:20:54.0000000","geometry":"POINT(-73.79754252559083 40.74192819306419)","genusspecies":"Platanus x acerifolia - London planetree"}},{"type":"Feature","geometry":{"type":"Point","coordinates":[-73.75229173177559,40.702192883852646]},"properties":{"tpcondition":"Fair","stumpdiameter":"0","riskratingdate":null,"riskrating":null,"objectid":"4016565","globalid":"144FAA53-77F8-4358-9D5A-385033D04948","tpstructure":"Full","plantingspaceglobalid":"E0D87AA6-5BE8-4623-B42E-25B5693CE9EA","createddate":"2016-07-27 13:34:36.0000000","dbh":"5","planteddate":null,"updateddate":"2017-04-20 10:28:09.0000000","geometry":"POINT(-73.75229173177559 40.702192883852646)","genusspecies":"Prunus serrulata 'Green leaf' - 'Green leaf' Japanese flowering cherry"}},{"type":"Feature","geometry":{"type":"Point","coordinates":[-74.0319399947574,40.614976605502136]},"properties":{"tpcondition":"Good","stumpdiameter":"0","riskratingdate":null,"riskrating":null,"objectid":"4016566","globalid":"8A86D1F6-96AC-4EE8-8BF9-0CC05D3E0AEA","tpstructure":"Full","plantingspaceglobalid":"FE62C9F8-2F7C-4DD6-96BF-3CEEBB694B6B","createddate":"2016-07-27 13:39:55.0000000","dbh":"6","planteddate":null,"updateddate":null,"geometry":"POINT(-74.0319399947574 40.614976605502136)","genusspecies":"Ginkgo biloba - maidenhair tree"}},{"type":"Feature","geometry":{"type":"Point","coordinates":[-73.70479718216077,40.73291435930684]},"properties":{"tpcondition":"Good","stumpdiameter":"0","riskratingdate":"2020-03-25 17:31:33.0000000","riskrating":"7","objectid":"4016567","globalid":"D4FE8384-A6BF-4689-8E19-C1196473E0D5","tpstructure":"Full","plantingspaceglobalid":"BB03FB32-50D6-433A-95F6-736C8615A84E","createddate":"2016-06-30 09:49:54.0000000","dbh":"18","planteddate":null,"updateddate":"2020-03-25 17:31:33.0000000","geometry":"POINT(-73.70479718216077 40.73291435930684)","genusspecies":"Acer platanoides 'Not Green Leaf' - 'Not Green Leaf' Norway maple"}},{"type":"Feature","geometry":{"type":"Point","coordinates":[-73.82214719362129,40.668911307394374]},"properties":{"tpcondition":"Fair","stumpdiameter":null,"riskratingdate":"2025-09-02 12:50:50.0000000","riskrating":"8","objectid":"4016568","globalid":"EDBDD2D3-86EE-4110-8985-D74911AD2FAD","tpstructure":"Full","plantingspaceglobalid":"DEFAC2A1-4342-457C-BAA3-85B8B0CC78F5","createddate":"2016-07-27 13:17:29.0000000","dbh":"18","planteddate":null,"updateddate":"2025-09-02 12:50:50.0000000","geometry":"POINT(-73.82214719362129 40.668911307394374)","genusspecies":"Fraxinus pennsylvanica - Green ash"}},{"type":"Feature","geometry":{"type":"Point","coordinates":[-73.72927182502043,40.70007165976571]},"properties":{"tpcondition":"Good","stumpdiameter":"0","riskratingdate":null,"riskrating":null,"objectid":"4016569","globalid":"9CBCDC49-D7AA-4AA8-9AFC-11AD40EE39E3","tpstructure":"Full","plantingspaceglobalid":"6BE5E90E-64B0-49BD-997F-165173996167","createddate":"2016-07-27 13:44:31.0000000","dbh":"5","planteddate":null,"updateddate":"2019-03-14 15:41:13.0000000","geometry":"POINT(-73.72927182502043 40.70007165976571)","genusspecies":"Zelkova serrata - Japanese zelkova"}},{"type":"Feature","geometry":{"type":"Point","coordinates":[-73.81746399470647,40.67538463048977]},"properties":{"tpcondition":"Good","stumpdiameter":"0","riskratingdate":null,"riskrating":null,"objectid":"4016570","globalid":"F0D25145-E6FA-4354-8A8B-731D57D9D38C","tpstructure":"Full","plantingspaceglobalid":"7C025E2F-0596-4545-95CB-9297E62E072E","createddate":"2016-07-27 13:18:02.0000000","dbh":"12","planteddate":null,"updateddate":null,"geometry":"POINT(-73.81746399470647 40.67538463048977)","genusspecies":"Gleditsia triacanthos var. inermis - Thornless honeylocust"}},{"type":"Feature","geometry":{"type":"Point","coordinates":[-73.71981390485567,40.73145405652331]},"properties":{"tpcondition":"Unknown","stumpdiameter":"0","riskratingdate":"2016-11-28 10:49:02.0000000","riskrating":"9","objectid":"4016571","globalid":"F187835F-62E4-45FA-930A-AC6B1D5181FF","tpstructure":"Retired","plantingspaceglobalid":"CD198C42-A2EB-45EE-8F43-64178E36A13A","createddate":"2016-06-30 10:34:23.0000000","dbh":"0","planteddate":null,"updateddate":"2017-11-21 04:11:11.0000000","geometry":"POINT(-73.71981390485567 40.73145405652331)","genusspecies":"Acer platanoides - Norway maple"}},{"type":"Feature","geometry":{"type":"Point","coordinates":[-73.74331367932783,40.720001417311686]},"properties":{"tpcondition":"Good","stumpdiameter":"0","riskratingdate":null,"riskrating":null,"objectid":"4016572","globalid":"1F79C179-3E42-4EDE-AD1F-BBA1DC6BF597","tpstructure":"Full","plantingspaceglobalid":"F200ADB0-91F9-411B-A05B-1C940F41833A","createddate":"2016-07-27 13:13:50.0000000","dbh":"6","planteddate":null,"updateddate":"2017-11-29 10:08:40.0000000","geometry":"POINT(-73.74331367932783 40.720001417311686)","genusspecies":"Acer saccharum - sugar maple"}},{"type":"Feature","geometry":{"type":"Point","coordinates":[-73.82653498583323,40.7873604425012]},"properties":{"tpcondition":"Good","stumpdiameter":"0","riskratingdate":null,"riskrating":null,"objectid":"4016573","globalid":"DF43AFE9-B437-4126-A81E-DC06626440E2","tpstructure":"Retired","plantingspaceglobalid":"1FB870A1-0784-4025-B5BC-1287E77089E5","createddate":"2016-07-27 14:15:39.0000000","dbh":"19","planteddate":null,"updateddate":"2024-03-19 14:50:07.0000000","geometry":"POINT(-73.82653498583323 40.7873604425012)","genusspecies":"Platanus x acerifolia - London planetree"}},{"type":"Feature","geometry":{"type":"Point","coordinates":[-73.73746447144492,40.73426359483918]},"properties":{"tpcondition":"Good","stumpdiameter":null,"riskratingdate":"2025-09-26 15:29:21.0000000","riskrating":"7","objectid":"4016574","globalid":"57E085FB-BDD1-44DF-A48B-7918E48BCD58","tpstructure":"Full","plantingspaceglobalid":"AD6B03EB-E702-48C0-B80B-C5014A50620C","createddate":"2016-07-27 14:09:47.0000000","dbh":"21","planteddate":null,"updateddate":"2025-09-26 15:29:21.0000000","geometry":"POINT(-73.73746447144492 40.73426359483918)","genusspecies":"Quercus palustris - pin oak"}},{"type":"Feature","geometry":{"type":"Point","coordinates":[-73.7057438507192,40.73627490491641]},"properties":{"tpcondition":"Good","stumpdiameter":null,"riskratingdate":"2020-12-31 18:04:23.0000000","riskrating":"8","objectid":"4016575","globalid":"02B99848-84E2-4948-8B07-30D2277BC733","tpstructure":"Full","plantingspaceglobalid":"EDF2B13D-BCCC-4A58-BCE3-B4D2660755B5","createddate":"2016-06-30 10:06:07.0000000","dbh":"23","planteddate":null,"updateddate":"2020-12-31 18:04:23.0000000","geometry":"POINT(-73.7057438507192 40.73627490491641)","genusspecies":"Quercus palustris - pin oak"}},{"type":"Feature","geometry":{"type":"Point","coordinates":[-73.90380200566413,40.73634168409741]},"properties":{"tpcondition":"Fair","stumpdiameter":null,"riskratingdate":"2025-07-17 15:29:39.0000000","riskrating":"7","objectid":"4016576","globalid":"EFE9FCCC-3193-45B2-BBD9-1CF836232156","tpstructure":"Full","plantingspaceglobalid":"1757E254-642C-4B6E-AFCE-662F4C44C85B","createddate":"2016-07-27 12:53:00.0000000","dbh":"19","planteddate":null,"updateddate":"2025-07-17 15:29:39.0000000","geometry":"POINT(-73.90380200566413 40.73634168409741)","genusspecies":"Gleditsia triacanthos var. inermis - Thornless honeylocust"}},{"type":"Feature","geometry":{"type":"Point","coordinates":[-73.72770310662469,40.756924383260426]},"properties":{"tpcondition":"Poor","stumpdiameter":"0","riskratingdate":"2020-02-19 19:21:00.0000000","riskrating":"9","objectid":"4016577","globalid":"1970F35D-DC8B-4C0C-9A6C-C09B3708E54D","tpstructure":"Retired","plantingspaceglobalid":"4FB36299-9860-4A1B-9840-AAF9D24D07D5","createddate":"2016-07-27 14:03:00.0000000","dbh":"17","planteddate":null,"updateddate":"2023-11-16 16:38:48.0000000","geometry":"POINT(-73.72770310662469 40.756924383260426)","genusspecies":"Quercus palustris - pin oak"}},{"type":"Feature","geometry":{"type":"Point","coordinates":[-73.79957705527531,40.787578848640216]},"properties":{"tpcondition":"Fair","stumpdiameter":null,"riskratingdate":"2022-01-25 16:14:19.0000000","riskrating":"5","objectid":"4016578","globalid":"3487B327-5AF0-4C5D-8312-8C514741C0CA","tpstructure":"Full","plantingspaceglobalid":"89497577-B6BC-4688-9E5B-86F65C9B1861","createddate":"2016-06-30 10:26:32.0000000","dbh":"7","planteddate":null,"updateddate":"2022-01-25 16:14:19.0000000","geometry":"POINT(-73.79957705527531 40.787578848640216)","genusspecies":"Pyrus calleryana - Callery pear"}},{"type":"Feature","geometry":{"type":"Point","coordinates":[-73.99230764077008,40.635070952242515]},"properties":{"tpcondition":"Fair","stumpdiameter":null,"riskratingdate":"2022-02-18 17:20:05.0000000","riskrating":"6","objectid":"4016579","globalid":"AFE16FA1-D5BF-4A4F-B942-DC8CE2770FCC","tpstructure":"Full","plantingspaceglobalid":"1815B807-6BE4-4C67-B605-36930CBD2AFA","createddate":"2016-07-27 13:53:50.0000000","dbh":"9","planteddate":null,"updateddate":"2022-02-18 17:20:05.0000000","geometry":"POINT(-73.99230764077008 40.635070952242515)","genusspecies":"Gymnocladus dioicus - Kentucky coffeetree"}},{"type":"Feature","geometry":{"type":"Point","coordinates":[-73.78186459410398,40.71841434235738]},"properties":{"tpcondition":"Good","stumpdiameter":"0","riskratingdate":null,"riskrating":null,"objectid":"4016580","globalid":"F06F6FD2-0A97-42C7-8639-C6E92761E1CD","tpstructure":"Full","plantingspaceglobalid":"6E1F66E0-5E3D-4C84-8B5A-FE8218A96481","createddate":"2016-07-27 13:13:44.0000000","dbh":"3","planteddate":null,"updateddate":"2018-01-29 14:46:04.0000000","geometry":"POINT(-73.78186459410398 40.71841434235738)","genusspecies":"Prunus serrulata 'Green leaf' - 'Green leaf' Japanese flowering cherry"}},{"type":"Feature","geometry":{"type":"Point","coordinates":[-73.73377728296208,40.72123060426208]},"properties":{"tpcondition":"Fair","stumpdiameter":null,"riskratingdate":"2025-05-21 18:07:02.0000000","riskrating":"7","objectid":"4016581","globalid":"B5B01492-6052-4999-BE41-8E684B7B8670","tpstructure":"Full","plantingspaceglobalid":"C85CA0E6-FEC7-43F4-9BC3-66252631A269","createddate":"2016-06-30 09:48:11.0000000","dbh":"16","planteddate":null,"updateddate":"2025-06-25 14:17:54.0000000","geometry":"POINT(-73.73377728296208 40.72123060426208)","genusspecies":"Fraxinus pennsylvanica - Green ash"}},{"type":"Feature","geometry":{"type":"Point","coordinates":[-73.80654969031963,40.7400083337304]},"properties":{"tpcondition":"Good","stumpdiameter":"0","riskratingdate":null,"riskrating":null,"objectid":"4016582","globalid":"3411FAA2-7945-4E6B-86B7-D577115626ED","tpstructure":"Full","plantingspaceglobalid":"3220BAC2-552C-475D-8721-2FFFACA126A5","createddate":"2016-07-27 13:33:19.0000000","dbh":"8","planteddate":null,"updateddate":"2018-09-11 20:32:15.0000000","geometry":"POINT(-73.80654969031963 40.7400083337304)","genusspecies":"Carpinus japonica - Japanese hornbeam"}},{"type":"Feature","geometry":{"type":"Point","coordinates":[-73.79905662808898,40.725692661053294]},"properties":{"tpcondition":"Fair","stumpdiameter":"0","riskratingdate":"2020-03-19 15:00:29.0000000","riskrating":"5","objectid":"4016583","globalid":"FA54E528-3829-4943-8D78-D45666EFA4BD","tpstructure":"Full","plantingspaceglobalid":"BBCDC594-F8D3-4EFA-AD4D-7F2204E80858","createddate":"2016-07-27 14:27:21.0000000","dbh":"10","planteddate":null,"updateddate":"2020-03-19 15:00:29.0000000","geometry":"POINT(-73.79905662808898 40.725692661053294)","genusspecies":"Acer ginnala - Amur maple"}},{"type":"Feature","geometry":{"type":"Point","coordinates":[-73.72901890134257,40.76535219257381]},"properties":{"tpcondition":"Fair","stumpdiameter":"0","riskratingdate":null,"riskrating":null,"objectid":"4016584","globalid":"6F002B21-60C1-44CD-BB9B-66ECFDD4E117","tpstructure":"Full","plantingspaceglobalid":"B1C93A07-4FF1-4DAB-B4CA-2978D92FBE40","createddate":"2016-07-27 14:12:03.0000000","dbh":"7","planteddate":null,"updateddate":"2017-04-26 10:09:09.0000000","geometry":"POINT(-73.72901890134257 40.76535219257381)","genusspecies":"Acer rubrum - red maple"}},{"type":"Feature","geometry":{"type":"Point","coordinates":[-73.80290908161429,40.72386915903648]},"properties":{"tpcondition":"Good","stumpdiameter":"0","riskratingdate":null,"riskrating":null,"objectid":"4016585","globalid":"87E096A8-AA37-4BCB-9CF1-256CABEEDDC3","tpstructure":"Full","plantingspaceglobalid":"31072D93-3A8E-4F4A-A7AA-44B8AAAC52B9","createddate":"2016-07-27 13:33:04.0000000","dbh":"11","planteddate":null,"updateddate":null,"geometry":"POINT(-73.80290908161429 40.72386915903648)","genusspecies":"Thuja occidentalis - arborvitae"}},{"type":"Feature","geometry":{"type":"Point","coordinates":[-73.79604155993759,40.727817909636684]},"properties":{"tpcondition":"Good","stumpdiameter":"0","riskratingdate":"2020-03-09 19:49:40.0000000","riskrating":"5","objectid":"4016586","globalid":"2165DE2E-9FEF-4C8E-8F5F-32C1BA11C3F9","tpstructure":"Full","plantingspaceglobalid":"33723CF9-08DD-4189-8514-4005F611FF2F","createddate":"2016-07-27 14:07:25.0000000","dbh":"4","planteddate":null,"updateddate":"2020-03-09 19:49:40.0000000","geometry":"POINT(-73.79604155993759 40.727817909636684)","genusspecies":"Cercis canadensis - eastern redbud"}},{"type":"Feature","geometry":{"type":"Point","coordinates":[-73.72429393673742,40.74015413729261]},"properties":{"tpcondition":"Good","stumpdiameter":"0","riskratingdate":null,"riskrating":null,"objectid":"4016587","globalid":"C193116E-CDD0-40A1-A88E-0A3FC25AD24A","tpstructure":"Full","plantingspaceglobalid":"B80E8F35-9907-4510-A846-B1AB65B9EC7E","createddate":"2016-06-30 10:00:06.0000000","dbh":"2","planteddate":null,"updateddate":null,"geometry":"POINT(-73.72429393673742 40.74015413729261)","genusspecies":"Tilia tomentosa - silver linden"}},{"type":"Feature","geometry":{"type":"Point","coordinates":[-74.03035716310677,40.627330324959004]},"properties":{"tpcondition":"Good","stumpdiameter":"0","riskratingdate":null,"riskrating":null,"objectid":"4016588","globalid":"F9D40BB3-C329-4B7B-8752-7344FBE16538","tpstructure":"Full","plantingspaceglobalid":"3832CD85-8D2E-4A85-8643-0B55C6E05235","createddate":"2016-07-27 13:43:00.0000000","dbh":"8","planteddate":null,"updateddate":null,"geometry":"POINT(-74.03035716310677 40.627330324959004)","genusspecies":"Prunus serrulata 'Green leaf' - 'Green leaf' Japanese flowering cherry"}},{"type":"Feature","geometry":{"type":"Point","coordinates":[-73.75021743009704,40.72347710313454]},"properties":{"tpcondition":"Good","stumpdiameter":"0","riskratingdate":null,"riskrating":null,"objectid":"4016589","globalid":"07EC3C16-5A9A-4E87-AC3E-65E2C81E9ECD","tpstructure":"Full","plantingspaceglobalid":"254DA1A9-3CE2-4A21-9C18-9631038046A8","createddate":"2016-07-27 13:16:58.0000000","dbh":"4","planteddate":null,"updateddate":null,"geometry":"POINT(-73.75021743009704 40.72347710313454)","genusspecies":"Prunus serrulata 'Green leaf' - 'Green leaf' Japanese flowering cherry"}},{"type":"Feature","geometry":{"type":"Point","coordinates":[-73.73968316145465,40.758645483451915]},"properties":{"tpcondition":"Good","stumpdiameter":null,"riskratingdate":"2025-03-05 18:10:59.0000000","riskrating":"6","objectid":"4016590","globalid":"AF35C4C3-E491-4BAA-8CC3-08E62BE787B5","tpstructure":"Full","plantingspaceglobalid":"1FAD6E91-B7A1-4B9D-8079-2F70E4F562F7","createddate":"2016-07-27 14:03:11.0000000","dbh":"23","planteddate":null,"updateddate":"2025-03-05 18:10:59.0000000","geometry":"POINT(-73.73968316145465 40.758645483451915)","genusspecies":"Zelkova serrata - Japanese zelkova"}},{"type":"Feature","geometry":{"type":"Point","coordinates":[-73.7579821365935,40.71336179659429]},"properties":{"tpcondition":"Unknown","stumpdiameter":"38","riskratingdate":"2021-09-30 17:22:00.0000000","riskrating":"10","objectid":"4016591","globalid":"3643E2A6-6F67-4ADC-A71C-D9D807484AC9","tpstructure":"Retired","plantingspaceglobalid":"9AE74353-7207-43E0-B037-68A557BAA2D3","createddate":"2016-07-27 12:50:00.0000000","dbh":"38","planteddate":null,"updateddate":"2024-01-09 17:13:00.0000000","geometry":"POINT(-73.7579821365935 40.71336179659429)","genusspecies":"Quercus palustris - pin oak"}},{"type":"Feature","geometry":{"type":"Point","coordinates":[-73.77091092937236,40.66956614130084]},"properties":{"tpcondition":"Good","stumpdiameter":null,"riskratingdate":"2025-07-09 14:18:35.0000000","riskrating":"4","objectid":"4016593","globalid":"08C78F02-1D43-4CA0-899B-F0B96EC6F1CB","tpstructure":"Full","plantingspaceglobalid":"83AA6286-43A0-4438-99AE-C22C2DAE2BA6","createddate":"2016-06-30 10:25:37.0000000","dbh":"15","planteddate":null,"updateddate":"2025-07-09 14:18:35.0000000","geometry":"POINT(-73.77091092937236 40.66956614130084)","genusspecies":"Gleditsia triacanthos var. inermis - Thornless honeylocust"}},{"type":"Feature","geometry":{"type":"Point","coordinates":[-73.74679078196336,40.72981621180504]},"properties":{"tpcondition":"Poor","stumpdiameter":"0","riskratingdate":"2019-06-18 10:50:28.0000000","riskrating":"7","objectid":"4016594","globalid":"5D952CCC-FA77-4847-811B-5883B4C01107","tpstructure":"Retired","plantingspaceglobalid":"3A2CDA94-7B08-4E59-9D3F-4CD6C09E01F7","createddate":"2016-06-30 09:48:20.0000000","dbh":"15","planteddate":null,"updateddate":"2022-04-07 12:22:30.0000000","geometry":"POINT(-73.74679078196336 40.72981621180504)","genusspecies":"Fraxinus pennsylvanica - Green ash"}},{"type":"Feature","geometry":{"type":"Point","coordinates":[-74.03647843440612,40.62579314899178]},"properties":{"tpcondition":"Good","stumpdiameter":null,"riskratingdate":"2022-02-15 15:10:11.0000000","riskrating":"3","objectid":"4016595","globalid":"478C4F3A-D296-400F-8DDE-C9B8E4CD4F39","tpstructure":"Full","plantingspaceglobalid":"ED791C18-71C2-4B12-AFD1-B3C18DFE45F8","createddate":"2016-07-27 12:59:55.0000000","dbh":"4","planteddate":null,"updateddate":"2022-02-15 15:10:11.0000000","geometry":"POINT(-74.03647843440612 40.62579314899178)","genusspecies":"Quercus bicolor - swamp white oak"}},{"type":"Feature","geometry":{"type":"Point","coordinates":[-73.78778850535771,40.745489898196595]},"properties":{"tpcondition":"Poor","stumpdiameter":"0","riskratingdate":null,"riskrating":null,"objectid":"4016596","globalid":"A5F6DE91-84E9-4ECD-9B39-16B20A11820E","tpstructure":"Full","plantingspaceglobalid":"7F7D4ECC-8625-4F9A-99F5-1F1077D73159","createddate":"2016-07-27 12:54:18.0000000","dbh":"7","planteddate":null,"updateddate":"2017-12-15 08:16:37.0000000","geometry":"POINT(-73.78778850535771 40.745489898196595)","genusspecies":"Quercus bicolor - swamp white oak"}},{"type":"Feature","geometry":{"type":"Point","coordinates":[-73.81720493989162,40.76287076749798]},"properties":{"tpcondition":"Poor","stumpdiameter":null,"riskratingdate":"2025-06-26 18:12:55.0000000","riskrating":"6","objectid":"4016597","globalid":"F811C8FC-7036-49DE-BD7E-4544A2863BC9","tpstructure":"Full","plantingspaceglobalid":"98E5CE40-25F5-4B15-B661-F4F9DE35D372","createddate":"2016-07-27 13:12:55.0000000","dbh":"9","planteddate":null,"updateddate":"2025-06-26 18:12:55.0000000","geometry":"POINT(-73.81720493989162 40.76287076749798)","genusspecies":"Prunus serrulata 'Not Green leaf' - 'Not Green leaf' Japanese flowering cherry"}},{"type":"Feature","geometry":{"type":"Point","coordinates":[-73.71648979839203,40.75021618759286]},"properties":{"tpcondition":"Dead","stumpdiameter":"5","riskratingdate":"2018-07-03 10:30:00.0000000","riskrating":"6","objectid":"4016598","globalid":"E421758A-433D-402A-A502-58759CEC684E","tpstructure":"Stump","plantingspaceglobalid":"B1C17488-599D-4832-99AE-A3F039FE0DE4","createddate":"2016-06-30 09:51:00.0000000","dbh":null,"planteddate":null,"updateddate":"2020-12-29 13:38:26.0000000","geometry":"POINT(-73.71648979839203 40.75021618759286)","genusspecies":"Cercidiphyllum japonicum - katsura tree"}},{"type":"Feature","geometry":{"type":"Point","coordinates":[-73.7173961447674,40.75532546103782]},"properties":{"tpcondition":"Fair","stumpdiameter":null,"riskratingdate":"2022-07-09 12:50:40.0000000","riskrating":"7","objectid":"4016599","globalid":"93466E13-3C6F-46B0-88B8-655EB0E4B9C6","tpstructure":"Full","plantingspaceglobalid":"6246526D-6CB1-44F2-A326-692E5E9FEB90","createddate":"2016-06-30 10:11:23.0000000","dbh":"8","planteddate":null,"updateddate":"2022-07-09 12:50:40.0000000","geometry":"POINT(-73.7173961447674 40.75532546103782)","genusspecies":"Zelkova serrata - Japanese zelkova"}},{"type":"Feature","geometry":{"type":"Point","coordinates":[-73.74609995719649,40.711122548747134]},"properties":{"tpcondition":"Good","stumpdiameter":"0","riskratingdate":null,"riskrating":null,"objectid":"4016600","globalid":"3041F82F-9B15-473E-A601-1EFC9B6EB318","tpstructure":"Full","plantingspaceglobalid":"B12998F9-62BF-42E1-92DD-4C39F910FD8A","createddate":"2016-07-27 13:39:16.0000000","dbh":"5","planteddate":null,"updateddate":"2019-03-07 17:12:28.0000000","geometry":"POINT(-73.74609995719649 40.711122548747134)","genusspecies":"Tilia cordata - littleleaf linden"}},{"type":"Feature","geometry":{"type":"Point","coordinates":[-73.8818845054509,40.763488955884995]},"properties":{"tpcondition":"Good","stumpdiameter":null,"riskratingdate":"2024-11-09 14:31:43.0000000","riskrating":"3","objectid":"4016601","globalid":"4F544A2A-D80C-43DE-A24C-18A922D4ADE2","tpstructure":"Full","plantingspaceglobalid":"AF3F3AE0-3305-47FA-BA0D-4E7B598C3439","createddate":"2016-07-27 13:00:32.0000000","dbh":"30","planteddate":null,"updateddate":"2024-11-09 14:31:43.0000000","geometry":"POINT(-73.8818845054509 40.763488955884995)","genusspecies":"Styphnolobium japonicum - Japanese pagoda tree"}},{"type":"Feature","geometry":{"type":"Point","coordinates":[-73.81259005425694,40.79395521372123]},"properties":{"tpcondition":"Good","stumpdiameter":null,"riskratingdate":"2022-01-14 16:53:21.0000000","riskrating":"5","objectid":"4016602","globalid":"99C0C1F5-0A03-4A74-AB25-0B9B737D40E8","tpstructure":"Full","plantingspaceglobalid":"180077E2-EBB4-4A88-B622-9D3E8343F661","createddate":"2016-06-30 10:26:45.0000000","dbh":"3","planteddate":null,"updateddate":"2022-01-14 16:53:21.0000000","geometry":"POINT(-73.81259005425694 40.79395521372123)","genusspecies":"Pyrus calleryana - Callery pear"}},{"type":"Feature","geometry":{"type":"Point","coordinates":[-73.70541327811117,40.73493401389712]},"properties":{"tpcondition":"Good","stumpdiameter":"0","riskratingdate":"2020-03-25 18:43:57.0000000","riskrating":"5","objectid":"4016603","globalid":"EF6E780F-F01F-4B44-A7AE-23A9FD7C2001","tpstructure":"Full","plantingspaceglobalid":"F5D734F5-D69C-4689-B54D-30EE6CAFF4EE","createddate":"2016-06-30 10:07:00.0000000","dbh":"14","planteddate":null,"updateddate":"2020-03-25 18:43:56.0000000","geometry":"POINT(-73.70541327811117 40.73493401389712)","genusspecies":"Zelkova serrata - Japanese zelkova"}},{"type":"Feature","geometry":{"type":"Point","coordinates":[-73.80129447052732,40.79186455851594]},"properties":{"tpcondition":"Good","stumpdiameter":"0","riskratingdate":"2022-01-11 16:45:52.0000000","riskrating":"7","objectid":"4016604","globalid":"546CB101-1A82-4FCB-BD47-9287B9B1B53C","tpstructure":"Full","plantingspaceglobalid":"14B542EA-8F4A-4C39-BABA-CB8B401EDD28","createddate":"2016-06-30 09:58:41.0000000","dbh":"10","planteddate":null,"updateddate":"2022-01-11 16:45:51.0000000","geometry":"POINT(-73.80129447052732 40.79186455851594)","genusspecies":"Acer campestre - hedge maple"}},{"type":"Feature","geometry":{"type":"Point","coordinates":[-73.76060094942457,40.696994067205395]},"properties":{"tpcondition":"Good","stumpdiameter":"0","riskratingdate":null,"riskrating":null,"objectid":"4016605","globalid":"3B4906FA-C044-440B-9933-EC23C5F32363","tpstructure":"Full","plantingspaceglobalid":"0E592527-060F-4E71-8999-E28123B61A3D","createddate":"2016-07-27 13:02:18.0000000","dbh":"4","planteddate":null,"updateddate":"2017-04-24 11:52:07.0000000","geometry":"POINT(-73.76060094942457 40.696994067205395)","genusspecies":"Acer palmatum - Japanese maple"}},{"type":"Feature","geometry":{"type":"Point","coordinates":[-73.7592519663095,40.703669844253426]},"properties":{"tpcondition":"Fair","stumpdiameter":"0","riskratingdate":null,"riskrating":null,"objectid":"4016606","globalid":"D0F9B043-4C0E-40E4-8F3D-F16AF46E36AE","tpstructure":"Full","plantingspaceglobalid":"E15C75DC-0AE1-4EC1-B4EC-07D1B3949CF6","createddate":"2016-07-27 13:45:11.0000000","dbh":"7","planteddate":null,"updateddate":"2017-04-15 09:57:43.0000000","geometry":"POINT(-73.7592519663095 40.703669844253426)","genusspecies":"Tilia americana - American basswood"}},{"type":"Feature","geometry":{"type":"Point","coordinates":[-73.75237221522644,40.69213882552738]},"properties":{"tpcondition":"Fair","stumpdiameter":null,"riskratingdate":"2024-12-06 16:50:01.0000000","riskrating":"8","objectid":"4016607","globalid":"92E45D6B-F373-47A5-8322-1C51D8E9BD2C","tpstructure":"Full","plantingspaceglobalid":"5CD57CAA-FE66-470B-9C99-8C96834FCD13","createddate":"2016-06-30 10:31:06.0000000","dbh":"27","planteddate":null,"updateddate":"2024-12-06 16:50:01.0000000","geometry":"POINT(-73.75237221522644 40.69213882552738)","genusspecies":"Quercus palustris - pin oak"}},{"type":"Feature","geometry":{"type":"Point","coordinates":[-73.73892460777019,40.759877018963294]},"properties":{"tpcondition":"Good","stumpdiameter":"0","riskratingdate":null,"riskrating":null,"objectid":"4016608","globalid":"4D765A9F-8EAF-4FB3-84D1-F69FF64E4CC9","tpstructure":"Full","plantingspaceglobalid":"4BD59ED8-5CA2-4FE4-AC91-1E468A36566E","createddate":"2016-07-27 13:27:54.0000000","dbh":"16","planteddate":null,"updateddate":"2017-05-11 10:47:32.0000000","geometry":"POINT(-73.73892460777019 40.759877018963294)","genusspecies":"Zelkova serrata - Japanese zelkova"}},{"type":"Feature","geometry":{"type":"Point","coordinates":[-74.01410484845405,40.643667084519144]},"properties":{"tpcondition":"Good","stumpdiameter":"0","riskratingdate":null,"riskrating":null,"objectid":"4016609","globalid":"35B7750E-5DC2-4A9C-915F-738420325A6C","tpstructure":"Full","plantingspaceglobalid":"F58D6014-7CB4-4FEE-BE8F-6ACFC920FB02","createddate":"2016-07-27 13:06:05.0000000","dbh":"6","planteddate":null,"updateddate":"2017-09-14 13:52:08.0000000","geometry":"POINT(-74.01410484845405 40.643667084519144)","genusspecies":"Acer - maple"}},{"type":"Feature","geometry":{"type":"Point","coordinates":[-73.74638165108091,40.72556834655247]},"properties":{"tpcondition":"Unknown","stumpdiameter":"26","riskratingdate":null,"riskrating":null,"objectid":"4016610","globalid":"88ABC106-553E-483E-A3B5-C98CC29BC9A5","tpstructure":"Retired","plantingspaceglobalid":"0535BEC8-F510-458B-8FBE-BD9AAECF9544","createddate":"2016-07-27 13:56:20.0000000","dbh":"0","planteddate":null,"updateddate":"2019-01-18 16:19:14.0000000","geometry":"POINT(-73.74638165108091 40.72556834655247)","genusspecies":"Unknown - Unknown"}},{"type":"Feature","geometry":{"type":"Point","coordinates":[-73.80494242355093,40.79072152828901]},"properties":{"tpcondition":"Good","stumpdiameter":null,"riskratingdate":"2024-12-19 17:20:42.0000000","riskrating":"5","objectid":"4016611","globalid":"4A08472E-ECB6-4443-A2FE-BEF8E2F39A1A","tpstructure":"Full","plantingspaceglobalid":"9E4605B7-BBB3-4908-8AAE-44DDC5081EC8","createddate":"2016-07-27 13:12:52.0000000","dbh":"8","planteddate":null,"updateddate":"2024-12-19 17:20:42.0000000","geometry":"POINT(-73.80494242355093 40.79072152828901)","genusspecies":"Catalpa - catalpa"}},{"type":"Feature","geometry":{"type":"Point","coordinates":[-73.7558305089351,40.702383709951]},"properties":{"tpcondition":"Fair","stumpdiameter":"0","riskratingdate":null,"riskrating":null,"objectid":"4016612","globalid":"E4909009-9BBE-420F-9E85-1B468C31C89D","tpstructure":"Full","plantingspaceglobalid":"1B1FA415-C730-42D4-BAD5-EE7A4E1DF977","createddate":"2016-07-27 14:10:56.0000000","dbh":"5","planteddate":null,"updateddate":"2017-04-18 12:36:04.0000000","geometry":"POINT(-73.7558305089351 40.702383709951)","genusspecies":"Prunus serrulata 'Green leaf' - 'Green leaf' Japanese flowering cherry"}},{"type":"Feature","geometry":{"type":"Point","coordinates":[-73.75088861727085,40.70279520297506]},"properties":{"tpcondition":"Dead","stumpdiameter":null,"riskratingdate":"2024-07-16 17:41:00.0000000","riskrating":"8","objectid":"4016613","globalid":"070E693B-A57A-4680-B798-023AD7D0794F","tpstructure":"Stump","plantingspaceglobalid":"91FC70A7-1BFA-4499-BF4A-921A5AEF3790","createddate":"2016-07-27 13:18:00.0000000","dbh":"6","planteddate":null,"updateddate":"2024-10-15 21:48:00.0000000","geometry":"POINT(-73.75088861727085 40.70279520297506)","genusspecies":"Eucommia ulmoides - Hardy Rubber Tree"}},{"type":"Feature","geometry":{"type":"Point","coordinates":[-73.94782513852348,40.62605965886142]},"properties":{"tpcondition":"Good","stumpdiameter":null,"riskratingdate":"2021-12-22 23:21:03.0000000","riskrating":"7","objectid":"4016614","globalid":"3F5CD889-5337-44CF-8610-9CEA0F4C659A","tpstructure":"Full","plantingspaceglobalid":"4F2A24DE-7F6C-4DA9-A9B5-DF7A25AF8EA5","createddate":"2016-07-27 13:10:27.0000000","dbh":"25","planteddate":null,"updateddate":"2021-12-22 23:21:03.0000000","geometry":"POINT(-73.94782513852348 40.62605965886142)","genusspecies":"Platanus x acerifolia - London planetree"}},{"type":"Feature","geometry":{"type":"Point","coordinates":[-74.03760844113364,40.62340515145582]},"properties":{"tpcondition":"Good","stumpdiameter":"0","riskratingdate":"2018-11-16 15:53:26.0000000","riskrating":"8","objectid":"4016615","globalid":"EAF8DD86-FDB2-419F-9A3A-4FB2B6596617","tpstructure":"Full","plantingspaceglobalid":"354FBA9E-DCD7-4661-BAC0-ED81F71903AC","createddate":"2016-07-27 13:38:34.0000000","dbh":"21","planteddate":null,"updateddate":"2018-11-16 20:53:26.0000000","geometry":"POINT(-74.03760844113364 40.62340515145582)","genusspecies":"Platanus x acerifolia - London planetree"}},{"type":"Feature","geometry":{"type":"Point","coordinates":[-73.70427444789004,40.74755998288052]},"properties":{"tpcondition":"Fair","stumpdiameter":null,"riskratingdate":"2020-10-20 17:45:26.0000000","riskrating":"7","objectid":"4016616","globalid":"7780200C-12BF-4F75-905B-C0FEF2987664","tpstructure":"Full","plantingspaceglobalid":"48D54E31-F15E-468C-B757-44EA30A9CD13","createddate":"2016-06-30 10:13:09.0000000","dbh":"16","planteddate":null,"updateddate":"2020-10-20 17:45:26.0000000","geometry":"POINT(-73.70427444789004 40.74755998288052)","genusspecies":"Gleditsia triacanthos var. inermis - Thornless honeylocust"}},{"type":"Feature","geometry":{"type":"Point","coordinates":[-73.72838107698206,40.764568955834136]},"properties":{"tpcondition":"Fair","stumpdiameter":"0","riskratingdate":null,"riskrating":null,"objectid":"4016617","globalid":"2BFCD88A-739C-43D2-9250-492ECB5EFF5C","tpstructure":"Full","plantingspaceglobalid":"67901215-F970-4C00-AA18-CB4CB545E2CE","createddate":"2016-07-27 14:06:14.0000000","dbh":"13","planteddate":null,"updateddate":"2017-04-25 11:04:26.0000000","geometry":"POINT(-73.72838107698206 40.764568955834136)","genusspecies":"Acer ginnala - Amur maple"}},{"type":"Feature","geometry":{"type":"Point","coordinates":[-74.12677474200453,40.55875449719576]},"properties":{"tpcondition":"Dead","stumpdiameter":"2","riskratingdate":"2022-03-08 23:15:09.0000000","riskrating":"3","objectid":"4016618","globalid":"6E73DCAF-9FA3-452F-8FE0-37E66E1E9C93","tpstructure":"Stump","plantingspaceglobalid":"877A4A64-54D1-4080-A5A0-95EA95F54AA8","createddate":"2016-06-30 10:14:22.0000000","dbh":null,"planteddate":null,"updateddate":"2022-03-08 23:15:09.0000000","geometry":"POINT(-74.12677474200453 40.55875449719576)","genusspecies":"Tilia tomentosa - silver linden"}},{"type":"Feature","geometry":{"type":"Point","coordinates":[-73.74690803650104,40.69062763905193]},"properties":{"tpcondition":"Fair","stumpdiameter":null,"riskratingdate":"2024-12-03 13:27:23.0000000","riskrating":"7","objectid":"4016619","globalid":"58DDE68F-71C4-493A-ADA3-DB04C5CD2073","tpstructure":"Full","plantingspaceglobalid":"4243F61F-CA42-4133-8A5B-A22B00EA935B","createddate":"2016-06-30 09:56:27.0000000","dbh":"5","planteddate":null,"updateddate":"2024-12-03 13:27:23.0000000","geometry":"POINT(-73.74690803650104 40.69062763905193)","genusspecies":"Prunus serrulata 'Green leaf' - 'Green leaf' Japanese flowering cherry"}},{"type":"Feature","geometry":{"type":"Point","coordinates":[-73.70970805776265,40.750271192992926]},"properties":{"tpcondition":"Fair","stumpdiameter":null,"riskratingdate":"2020-12-08 15:35:51.0000000","riskrating":"8","objectid":"4016620","globalid":"2638B3D0-DF75-444B-ADFC-5EF375E4CFF8","tpstructure":"Full","plantingspaceglobalid":"902EA3C8-A6D5-4665-84CF-34D3BC582358","createddate":"2016-06-30 10:39:24.0000000","dbh":"26","planteddate":null,"updateddate":"2020-12-08 15:35:51.0000000","geometry":"POINT(-73.70970805776265 40.750271192992926)","genusspecies":"Acer platanoides - Norway maple"}},{"type":"Feature","geometry":{"type":"Point","coordinates":[-73.78138290264711,40.747983642383545]},"properties":{"tpcondition":"Poor","stumpdiameter":"0","riskratingdate":"2025-04-21 13:19:10.0000000","riskrating":"8","objectid":"4016621","globalid":"9CBD6B5F-48BB-4379-8FA2-A9CA1F163AEB","tpstructure":"Full","plantingspaceglobalid":"FD8B7A5B-063F-4129-9DED-62EA392D7890","createddate":"2016-07-27 14:07:58.0000000","dbh":"22","planteddate":null,"updateddate":"2025-04-21 13:19:10.0000000","geometry":"POINT(-73.78138290264711 40.747983642383545)","genusspecies":"Acer rubrum - red maple"}},{"type":"Feature","geometry":{"type":"Point","coordinates":[-73.95181703417298,40.62873234096951]},"properties":{"tpcondition":"Good","stumpdiameter":null,"riskratingdate":"2022-01-12 07:25:31.0000000","riskrating":"8","objectid":"4016622","globalid":"07B6FE58-0A17-42BC-836E-D361AC130A55","tpstructure":"Full","plantingspaceglobalid":"14955D7A-6F8C-4273-9A90-0362E052F7F4","createddate":"2016-07-27 14:03:26.0000000","dbh":"22","planteddate":null,"updateddate":"2022-01-12 07:25:31.0000000","geometry":"POINT(-73.95181703417298 40.62873234096951)","genusspecies":"Quercus palustris - pin oak"}},{"type":"Feature","geometry":{"type":"Point","coordinates":[-73.75988183085201,40.67055925907042]},"properties":{"tpcondition":"Fair","stumpdiameter":null,"riskratingdate":"2023-07-19 13:19:21.0000000","riskrating":"5","objectid":"4016623","globalid":"13AD7BA0-4953-4D6C-B62F-73BF3082FAA1","tpstructure":"Full","plantingspaceglobalid":"9EA83CFC-54C2-4CA1-AFE5-BDFDA176BFE4","createddate":"2016-06-30 10:16:28.0000000","dbh":"6","planteddate":null,"updateddate":"2023-07-19 13:19:21.0000000","geometry":"POINT(-73.75988183085201 40.67055925907042)","genusspecies":"Acer platanoides 'Not Green Leaf' - 'Not Green Leaf' Norway maple"}},{"type":"Feature","geometry":{"type":"Point","coordinates":[-73.70700879723448,40.744341812433035]},"properties":{"tpcondition":"Dead","stumpdiameter":"25","riskratingdate":"2020-11-10 20:30:23.0000000","riskrating":"3","objectid":"4016624","globalid":"D56EFB8D-8A74-4222-A9B7-CD26971FD333","tpstructure":"Retired","plantingspaceglobalid":"55390122-CE90-42F4-914E-EDF2229BA910","createddate":"2016-06-30 10:37:00.0000000","dbh":null,"planteddate":null,"updateddate":"2023-06-09 13:41:28.0000000","geometry":"POINT(-73.70700879723448 40.744341812433035)","genusspecies":"Acer platanoides - Norway maple"}},{"type":"Feature","geometry":{"type":"Point","coordinates":[-74.19144114333459,40.542938384181575]},"properties":{"tpcondition":"Fair","stumpdiameter":"0","riskratingdate":null,"riskrating":null,"objectid":"4016625","globalid":"97457A60-C8DE-4F1A-B8B9-BB2FF106B8BA","tpstructure":"Full","plantingspaceglobalid":"61C48ACE-AB00-4E31-981E-6125B1438419","createddate":"2016-06-30 10:19:29.0000000","dbh":"6","planteddate":null,"updateddate":"2018-08-31 13:13:04.0000000","geometry":"POINT(-74.19144114333459 40.542938384181575)","genusspecies":"Pyrus calleryana - Callery pear"}},{"type":"Feature","geometry":{"type":"Point","coordinates":[-74.14170887164708,40.5473022048558]},"properties":{"tpcondition":"Fair","stumpdiameter":null,"riskratingdate":"2025-06-16 14:34:30.0000000","riskrating":"6","objectid":"4016626","globalid":"D524D743-9AC0-4944-949D-17D8E0EF8C7E","tpstructure":"Full","plantingspaceglobalid":"BD40A4F7-13F1-4C88-9E57-D7D3F3E0437E","createddate":"2016-06-30 09:49:55.0000000","dbh":"5","planteddate":null,"updateddate":"2025-06-16 14:34:30.0000000","geometry":"POINT(-74.14170887164708 40.5473022048558)","genusspecies":"Acer platanoides 'Not Green Leaf' - 'Not Green Leaf' Norway maple"}},{"type":"Feature","geometry":{"type":"Point","coordinates":[-73.74607332147588,40.74400580320017]},"properties":{"tpcondition":"Good","stumpdiameter":null,"riskratingdate":"2021-10-18 14:50:23.0000000","riskrating":"6","objectid":"4016627","globalid":"431A2984-F5B3-4789-B542-B8B706F57C23","tpstructure":"Full","plantingspaceglobalid":"8E8F340C-135C-4E55-9458-B6F736BEE75F","createddate":"2016-07-27 13:18:31.0000000","dbh":"8","planteddate":null,"updateddate":"2021-10-18 14:50:23.0000000","geometry":"POINT(-73.74607332147588 40.74400580320017)","genusspecies":"Syringa reticulata - Japanese tree lilac"}},{"type":"Feature","geometry":{"type":"Point","coordinates":[-74.13964498216417,40.5652630173288]},"properties":{"tpcondition":"Fair","stumpdiameter":"0","riskratingdate":"2023-11-10 21:15:21.0000000","riskrating":"4","objectid":"4016628","globalid":"74D95E21-CDC2-4FE2-A17B-1ACE9E51350A","tpstructure":"Full","plantingspaceglobalid":"C6CA2549-C7F7-4553-BB2B-C7CC010EAA12","createddate":"2016-06-30 10:27:24.0000000","dbh":"12","planteddate":null,"updateddate":"2023-11-10 21:15:21.0000000","geometry":"POINT(-74.13964498216417 40.5652630173288)","genusspecies":"Acer rubrum - red maple"}},{"type":"Feature","geometry":{"type":"Point","coordinates":[-73.73659466367936,40.70397755295814]},"properties":{"tpcondition":"Dead","stumpdiameter":"0","riskratingdate":null,"riskrating":null,"objectid":"4016629","globalid":"AE46B182-EE8E-4C75-9D01-7458FB8DE2B3","tpstructure":"Retired","plantingspaceglobalid":"904B27D6-DF0C-4B55-8242-8B8D37FC7545","createddate":"2016-07-27 13:13:57.0000000","dbh":"7","planteddate":null,"updateddate":"2024-09-16 14:17:52.0000000","geometry":"POINT(-73.73659466367936 40.70397755295814)","genusspecies":"Prunus serrulata 'Green leaf' - 'Green leaf' Japanese flowering cherry"}},{"type":"Feature","geometry":{"type":"Point","coordinates":[-73.81084886544737,40.78860131348323]},"properties":{"tpcondition":"Fair","stumpdiameter":null,"riskratingdate":"2022-01-24 16:42:24.0000000","riskrating":"6","objectid":"4016630","globalid":"279178FC-15D5-42F2-B3D3-1061A5B3F498","tpstructure":"Full","plantingspaceglobalid":"6BFFEE3B-B01B-4C7F-BDE4-5248101257DF","createddate":"2016-07-27 13:24:05.0000000","dbh":"17","planteddate":null,"updateddate":"2022-01-24 16:42:24.0000000","geometry":"POINT(-73.81084886544737 40.78860131348323)","genusspecies":"Gleditsia triacanthos var. inermis - Thornless honeylocust"}},{"type":"Feature","geometry":{"type":"Point","coordinates":[-73.79119507615061,40.74098196138675]},"properties":{"tpcondition":"Good","stumpdiameter":"0","riskratingdate":null,"riskrating":null,"objectid":"4016631","globalid":"D2BFADBA-5470-4CD0-92DE-BFE49E8F60EC","tpstructure":"Full","plantingspaceglobalid":"6A057AEA-435D-4C73-9E92-50984C7EDD7D","createddate":"2016-07-27 13:49:35.0000000","dbh":"8","planteddate":null,"updateddate":"2017-12-08 08:03:58.0000000","geometry":"POINT(-73.79119507615061 40.74098196138675)","genusspecies":"Tilia cordata - littleleaf linden"}},{"type":"Feature","geometry":{"type":"Point","coordinates":[-74.24312176494654,40.51401078866557]},"properties":{"tpcondition":"Good","stumpdiameter":"0","riskratingdate":null,"riskrating":null,"objectid":"4016632","globalid":"20BAD25E-DAE2-4A9F-B3CF-9B45F95B21C8","tpstructure":"Full","plantingspaceglobalid":"4754E841-F5AB-4020-AE3A-3F979C47A41E","createddate":"2016-06-30 10:08:16.0000000","dbh":"11","planteddate":null,"updateddate":"2018-03-28 11:03:20.0000000","geometry":"POINT(-74.24312176494654 40.51401078866557)","genusspecies":"Pyrus calleryana - Callery pear"}},{"type":"Feature","geometry":{"type":"Point","coordinates":[-73.74378935110542,40.698039435878094]},"properties":{"tpcondition":"Fair","stumpdiameter":"0","riskratingdate":"2019-05-16 09:28:38.0000000","riskrating":"5","objectid":"4016633","globalid":"C7C4567B-9EA7-47F7-B7F0-694B2F197EB8","tpstructure":"Full","plantingspaceglobalid":"E2335BFB-D366-4B69-A184-A4E674C2441C","createddate":"2016-06-30 10:16:05.0000000","dbh":"6","planteddate":null,"updateddate":"2019-05-16 13:28:39.0000000","geometry":"POINT(-73.74378935110542 40.698039435878094)","genusspecies":"Ulmus americana - American elm"}},{"type":"Feature","geometry":{"type":"Point","coordinates":[-73.75679801955191,40.70089598807207]},"properties":{"tpcondition":"Fair","stumpdiameter":"0","riskratingdate":null,"riskrating":null,"objectid":"4016634","globalid":"E2088DAD-9309-466D-B4D4-60AB1DF7C0A8","tpstructure":"Full","plantingspaceglobalid":"B1A142CA-9754-437C-B279-E3C79A47BC2D","createddate":"2016-07-27 14:12:17.0000000","dbh":"4","planteddate":null,"updateddate":"2017-04-20 11:31:36.0000000","geometry":"POINT(-73.75679801955191 40.70089598807207)","genusspecies":"Gleditsia triacanthos var. inermis - Thornless honeylocust"}},{"type":"Feature","geometry":{"type":"Point","coordinates":[-73.70120046350803,40.73697430819435]},"properties":{"tpcondition":"Good","stumpdiameter":"0","riskratingdate":null,"riskrating":null,"objectid":"4016635","globalid":"D571CEBA-181E-40EC-802E-FDA6BFCBEFEC","tpstructure":"Full","plantingspaceglobalid":"A0113130-F289-4C4E-9270-03A0BC25D78F","createddate":"2016-06-30 10:01:41.0000000","dbh":"16","planteddate":null,"updateddate":null,"geometry":"POINT(-73.70120046350803 40.73697430819435)","genusspecies":"Styphnolobium japonicum - Japanese pagoda tree"}},{"type":"Feature","geometry":{"type":"Point","coordinates":[-73.71021819692716,40.739991517985345]},"properties":{"tpcondition":"Fair","stumpdiameter":null,"riskratingdate":"2020-11-16 18:18:00.0000000","riskrating":"8","objectid":"4016636","globalid":"770CFCCA-B0A8-48AF-A666-87456DB1D9DA","tpstructure":"Full","plantingspaceglobalid":"53F9EFF4-36ED-47AC-8B14-B4B37ECD27FE","createddate":"2016-06-30 10:35:24.0000000","dbh":"14","planteddate":null,"updateddate":"2020-11-16 18:18:00.0000000","geometry":"POINT(-73.71021819692716 40.739991517985345)","genusspecies":"Acer platanoides - Norway maple"}},{"type":"Feature","geometry":{"type":"Point","coordinates":[-73.73215452560636,40.73980327091321]},"properties":{"tpcondition":"Dead","stumpdiameter":"0","riskratingdate":"2020-04-10 12:26:00.0000000","riskrating":"5","objectid":"4016637","globalid":"30BAB721-91F0-4DAB-AFD7-CAD3239C5064","tpstructure":"Retired","plantingspaceglobalid":"5BF65194-73DF-40B8-AC2F-E719405AE835","createddate":"2016-07-27 12:58:00.0000000","dbh":"3","planteddate":null,"updateddate":"2020-04-18 16:32:00.0000000","geometry":"POINT(-73.73215452560636 40.73980327091321)","genusspecies":"Prunus serrulata 'Green leaf' - 'Green leaf' Japanese flowering cherry"}},{"type":"Feature","geometry":{"type":"Point","coordinates":[-73.89886446089758,40.73752427303176]},"properties":{"tpcondition":"Dead","stumpdiameter":null,"riskratingdate":"2024-09-09 13:42:00.0000000","riskrating":"6","objectid":"4016638","globalid":"0D371BA1-344A-4653-925F-B705493466C4","tpstructure":"Stump","plantingspaceglobalid":"83DB7964-B9C1-4F29-8674-7667CB7EA07D","createddate":"2016-07-27 14:04:00.0000000","dbh":"27","planteddate":null,"updateddate":"2025-03-12 18:20:00.0000000","geometry":"POINT(-73.89886446089758 40.73752427303176)","genusspecies":"Catalpa speciosa - northern catalpa"}},{"type":"Feature","geometry":{"type":"Point","coordinates":[-73.90006247967167,40.735754415776384]},"properties":{"tpcondition":"Fair","stumpdiameter":null,"riskratingdate":"2024-09-13 12:56:36.0000000","riskrating":"7","objectid":"4016639","globalid":"4A3AFE3A-6543-4E6E-B882-A70130C41381","tpstructure":"Full","plantingspaceglobalid":"E3DC38A1-1EAE-4E52-A6ED-6F68DAFE2F43","createddate":"2016-07-27 13:01:36.0000000","dbh":"16","planteddate":null,"updateddate":"2024-09-13 12:56:36.0000000","geometry":"POINT(-73.90006247967167 40.735754415776384)","genusspecies":"Tilia cordata - littleleaf linden"}},{"type":"Feature","geometry":{"type":"Point","coordinates":[-73.79841322832695,40.730538101745644]},"properties":{"tpcondition":"Fair","stumpdiameter":"0","riskratingdate":"2020-03-12 15:37:45.0000000","riskrating":"6","objectid":"4016641","globalid":"72F687AB-72C6-40FC-835D-65741A8F6A83","tpstructure":"Full","plantingspaceglobalid":"39CB600A-C4E8-440F-BF6F-0A9F5273E80A","createddate":"2016-07-27 14:26:00.0000000","dbh":"18","planteddate":null,"updateddate":"2020-03-12 15:37:45.0000000","geometry":"POINT(-73.79841322832695 40.730538101745644)","genusspecies":"Acer platanoides 'Not Green Leaf' - 'Not Green Leaf' Norway maple"}},{"type":"Feature","geometry":{"type":"Point","coordinates":[-73.77828441088542,40.71461104892767]},"properties":{"tpcondition":"Unknown","stumpdiameter":"12","riskratingdate":"2017-06-07 10:57:53.0000000","riskrating":"3","objectid":"4016642","globalid":"D5F80651-8375-46F7-8CDE-6BA49FDD1FF7","tpstructure":"Retired","plantingspaceglobalid":"BEFFDBA0-EB79-435F-9172-A332F8CB4173","createddate":"2016-07-27 14:23:00.0000000","dbh":"10","planteddate":null,"updateddate":"2017-11-21 04:11:11.0000000","geometry":"POINT(-73.77828441088542 40.71461104892767)","genusspecies":"Koelreuteria paniculata - goldenrain tree"}},{"type":"Feature","geometry":{"type":"Point","coordinates":[-73.71690495145154,40.742071917077546]},"properties":{"tpcondition":"Good","stumpdiameter":"0","riskratingdate":null,"riskrating":null,"objectid":"4016643","globalid":"5724D06A-0C50-4CC1-9A59-2D9685EF7451","tpstructure":"Full","plantingspaceglobalid":"5B9E085A-02DA-4CB1-AA29-BD4C49943B8E","createddate":"2016-06-30 09:49:52.0000000","dbh":"6","planteddate":null,"updateddate":"2017-04-15 09:30:25.0000000","geometry":"POINT(-73.71690495145154 40.742071917077546)","genusspecies":"Acer platanoides 'Not Green Leaf' - 'Not Green Leaf' Norway maple"}},{"type":"Feature","geometry":{"type":"Point","coordinates":[-73.7598666183463,40.74170841612083]},"properties":{"tpcondition":"Good","stumpdiameter":null,"riskratingdate":"2021-11-04 18:51:41.0000000","riskrating":"4","objectid":"4016644","globalid":"B60F01D7-75DB-4DD2-9754-AF42319FB331","tpstructure":"Full","plantingspaceglobalid":"7A469D2D-C009-419C-A5C5-DEEF7E7404CD","createddate":"2016-07-27 13:19:02.0000000","dbh":"6","planteddate":null,"updateddate":"2021-11-04 18:51:41.0000000","geometry":"POINT(-73.7598666183463 40.74170841612083)","genusspecies":"Aesculus x carnea - red horse-chestnut"}},{"type":"Feature","geometry":{"type":"Point","coordinates":[-73.82340681440441,40.7971871503384]},"properties":{"tpcondition":"Good","stumpdiameter":"0","riskratingdate":null,"riskrating":null,"objectid":"4016645","globalid":"54F2568E-9287-41D2-8ABD-86AA721EB261","tpstructure":"Full","plantingspaceglobalid":"7078855B-FE4F-42F6-B507-9B898B9FFCD3","createddate":"2016-06-30 10:05:28.0000000","dbh":"11","planteddate":null,"updateddate":null,"geometry":"POINT(-73.82340681440441 40.7971871503384)","genusspecies":"Carpinus betulus - European hornbeam"}},{"type":"Feature","geometry":{"type":"Point","coordinates":[-73.75599377270345,40.73567385147896]},"properties":{"tpcondition":"Fair","stumpdiameter":null,"riskratingdate":"2021-11-08 16:44:42.0000000","riskrating":"6","objectid":"4016646","globalid":"E9486696-808B-4139-8FE2-60F14D5DCD65","tpstructure":"Full","plantingspaceglobalid":"B58F5449-5DB8-42CF-A38B-996E8B8666E7","createddate":"2016-07-27 13:45:48.0000000","dbh":"11","planteddate":null,"updateddate":"2021-11-08 16:44:42.0000000","geometry":"POINT(-73.75599377270345 40.73567385147896)","genusspecies":"Prunus serrulata 'Green leaf' - 'Green leaf' Japanese flowering cherry"}},{"type":"Feature","geometry":{"type":"Point","coordinates":[-73.74501711671653,40.720357440087355]},"properties":{"tpcondition":"Unknown","stumpdiameter":"19","riskratingdate":null,"riskrating":null,"objectid":"4016647","globalid":"97CFAF63-C6E5-4A08-9E99-9901ED69C6D1","tpstructure":"Retired","plantingspaceglobalid":"40141D20-A416-4819-A4C1-338633F242D4","createddate":"2016-07-27 14:20:35.0000000","dbh":"0","planteddate":null,"updateddate":"2024-05-02 18:39:28.0000000","geometry":"POINT(-73.74501711671653 40.720357440087355)","genusspecies":"Unknown - Unknown"}},{"type":"Feature","geometry":{"type":"Point","coordinates":[-73.71778859902282,40.73080674784519]},"properties":{"tpcondition":"Dead","stumpdiameter":"25","riskratingdate":"2023-08-09 11:22:00.0000000","riskrating":"11","objectid":"4016648","globalid":"38DCA69A-BC79-42D0-B16A-9D31D695F32B","tpstructure":"Stump","plantingspaceglobalid":"4B31B97D-AAE0-42AB-92E3-3BB01A2CC734","createddate":"2016-06-30 10:38:00.0000000","dbh":null,"planteddate":null,"updateddate":"2024-09-17 16:30:14.0000000","geometry":"POINT(-73.71778859902282 40.73080674784519)","genusspecies":"Acer platanoides - Norway maple"}},{"type":"Feature","geometry":{"type":"Point","coordinates":[-73.70428356871325,40.74831178289736]},"properties":{"tpcondition":"Good","stumpdiameter":null,"riskratingdate":"2020-11-02 20:53:32.0000000","riskrating":"8","objectid":"4016649","globalid":"BB5B2B1D-C890-444B-BFAB-89CDCC23A6BF","tpstructure":"Full","plantingspaceglobalid":"993DEEAD-4EC5-4C25-9326-6B7F9B607EFE","createddate":"2016-06-30 10:20:09.0000000","dbh":"8","planteddate":null,"updateddate":"2020-11-02 20:53:32.0000000","geometry":"POINT(-73.70428356871325 40.74831178289736)","genusspecies":"Lagerstroemia - lagerstroemia"}},{"type":"Feature","geometry":{"type":"Point","coordinates":[-73.93927947643897,40.66394893666176]},"properties":{"tpcondition":"Good","stumpdiameter":"0","riskratingdate":null,"riskrating":null,"objectid":"4016650","globalid":"8916A5BC-AA93-46E0-A0D4-ACBDEA23B3C4","tpstructure":"Full","plantingspaceglobalid":"34E2F1A4-7434-4E16-92A7-4AA73A9983BF","createddate":"2016-07-27 13:28:07.0000000","dbh":"7","planteddate":null,"updateddate":null,"geometry":"POINT(-73.93927947643897 40.66394893666176)","genusspecies":"Zelkova serrata - Japanese zelkova"}},{"type":"Feature","geometry":{"type":"Point","coordinates":[-73.76462639327261,40.67435029539539]},"properties":{"tpcondition":"Fair","stumpdiameter":"0","riskratingdate":"2023-09-18 14:33:02.0000000","riskrating":"8","objectid":"4016651","globalid":"834652F1-BAE6-4FA0-B4CB-AD17900BFC35","tpstructure":"Full","plantingspaceglobalid":"01E35752-5277-47A2-80FF-56E3ADC7ECE8","createddate":"2016-06-30 10:21:49.0000000","dbh":"30","planteddate":null,"updateddate":"2023-09-18 14:33:02.0000000","geometry":"POINT(-73.76462639327261 40.67435029539539)","genusspecies":"Quercus palustris - pin oak"}},{"type":"Feature","geometry":{"type":"Point","coordinates":[-73.81830442650109,40.79109925178314]},"properties":{"tpcondition":"Good","stumpdiameter":null,"riskratingdate":"2022-01-19 16:48:18.0000000","riskrating":"5","objectid":"4016652","globalid":"4FC7F007-E8F3-4A79-BF53-361FEE566636","tpstructure":"Full","plantingspaceglobalid":"085296E2-8E2D-4882-B32C-CA640204BBC7","createddate":"2016-06-30 10:22:10.0000000","dbh":"6","planteddate":null,"updateddate":"2022-01-19 16:48:18.0000000","geometry":"POINT(-73.81830442650109 40.79109925178314)","genusspecies":"Ulmus parvifolia - Chinese elm"}},{"type":"Feature","geometry":{"type":"Point","coordinates":[-73.76562212905162,40.702755712336035]},"properties":{"tpcondition":"Good","stumpdiameter":"0","riskratingdate":null,"riskrating":null,"objectid":"4016653","globalid":"5EABA9A0-2139-4E4F-B45C-A3A18C837C5D","tpstructure":"Full","plantingspaceglobalid":"18971048-3931-4244-866D-B42C0CFC932D","createddate":"2016-07-27 14:13:58.0000000","dbh":"5","planteddate":null,"updateddate":"2017-04-25 10:33:42.0000000","geometry":"POINT(-73.76562212905162 40.702755712336035)","genusspecies":"Quercus rubra - northern red oak"}},{"type":"Feature","geometry":{"type":"Point","coordinates":[-73.76826748756896,40.700296595950384]},"properties":{"tpcondition":"Good","stumpdiameter":"0","riskratingdate":null,"riskrating":null,"objectid":"4016654","globalid":"0484DDC0-B184-4ACC-8E86-F8E164CB81D2","tpstructure":"Full","plantingspaceglobalid":"0BA148D6-6441-4B39-9E06-3163BB12DD76","createddate":"2016-07-27 13:08:49.0000000","dbh":"3","planteddate":null,"updateddate":"2017-05-01 09:06:46.0000000","geometry":"POINT(-73.76826748756896 40.700296595950384)","genusspecies":"Crataegus - Hawthorn"}},{"type":"Feature","geometry":{"type":"Point","coordinates":[-74.17017833052132,40.53506656699928]},"properties":{"tpcondition":"Fair","stumpdiameter":"0","riskratingdate":null,"riskrating":null,"objectid":"4016655","globalid":"BD56684A-A20F-479B-AA8F-5F6959D15B72","tpstructure":"Full","plantingspaceglobalid":"49F28020-6ECA-4013-808F-5E31C3E669AB","createddate":"2016-06-30 10:18:08.0000000","dbh":"11","planteddate":null,"updateddate":"2017-07-18 12:07:06.0000000","geometry":"POINT(-74.17017833052132 40.53506656699928)","genusspecies":"Quercus palustris - pin oak"}},{"type":"Feature","geometry":{"type":"Point","coordinates":[-73.82153172185204,40.777391383567796]},"properties":{"tpcondition":"Fair","stumpdiameter":null,"riskratingdate":"2025-10-17 15:15:14.0000000","riskrating":"7","objectid":"4016656","globalid":"6D2F257E-E209-4DAB-BC45-B08FD3C08767","tpstructure":"Full","plantingspaceglobalid":"52F5E9E8-7C9D-4A6C-AAF0-63B49C27E1ED","createddate":"2016-07-27 13:21:47.0000000","dbh":"30","planteddate":null,"updateddate":"2025-10-17 15:15:14.0000000","geometry":"POINT(-73.82153172185204 40.777391383567796)","genusspecies":"Platanus x acerifolia - London planetree"}},{"type":"Feature","geometry":{"type":"Point","coordinates":[-73.86524401160445,40.76079881658053]},"properties":{"tpcondition":"Good","stumpdiameter":null,"riskratingdate":"2022-03-04 15:07:23.0000000","riskrating":"5","objectid":"4016657","globalid":"16C757B0-16F9-4E14-A12A-0135C9024CD7","tpstructure":"Full","plantingspaceglobalid":"F6D89480-B514-486C-B811-A6654FF81E8A","createddate":"2016-07-27 13:36:20.0000000","dbh":"7","planteddate":null,"updateddate":"2022-03-04 15:07:23.0000000","geometry":"POINT(-73.86524401160445 40.76079881658053)","genusspecies":"Tilia cordata - littleleaf linden"}},{"type":"Feature","geometry":{"type":"Point","coordinates":[-73.82507559953235,40.66623000680718]},"properties":{"tpcondition":"Fair","stumpdiameter":null,"riskratingdate":"2025-08-30 16:31:44.0000000","riskrating":"8","objectid":"4016658","globalid":"14FB7FEA-22DD-499A-8BF6-EBD056DDC574","tpstructure":"Full","plantingspaceglobalid":"8DD4254C-93EE-4EC8-9E3C-4195C53954BB","createddate":"2016-07-27 13:14:16.0000000","dbh":"15","planteddate":null,"updateddate":"2025-08-30 16:31:44.0000000","geometry":"POINT(-73.82507559953235 40.66623000680718)","genusspecies":"Fraxinus pennsylvanica - Green ash"}},{"type":"Feature","geometry":{"type":"Point","coordinates":[-73.77548410938293,40.726118445306405]},"properties":{"tpcondition":"Unknown","stumpdiameter":"12","riskratingdate":null,"riskrating":null,"objectid":"4016659","globalid":"1307B3FB-ACCA-4223-A00A-EDE19DDBCB8A","tpstructure":"Retired","plantingspaceglobalid":"E7DC04C8-5707-4B8A-B0A0-47C01ACF476E","createddate":"2016-07-27 12:52:33.0000000","dbh":"0","planteddate":null,"updateddate":"2024-07-28 23:23:41.0000000","geometry":"POINT(-73.77548410938293 40.726118445306405)","genusspecies":"Unknown - Unknown"}},{"type":"Feature","geometry":{"type":"Point","coordinates":[-73.9978534246887,40.63650652852696]},"properties":{"tpcondition":"Unknown","stumpdiameter":"21","riskratingdate":"2020-11-09 18:31:00.0000000","riskrating":"8","objectid":"4016660","globalid":"401CAE32-6352-4FC8-A2E6-0CF6413F0C33","tpstructure":"Retired","plantingspaceglobalid":"E67E7863-43FC-40A9-B3E3-AAAF12B2A3BB","createddate":"2016-07-27 13:31:00.0000000","dbh":"21","planteddate":null,"updateddate":"2024-04-01 16:11:23.0000000","geometry":"POINT(-73.9978534246887 40.63650652852696)","genusspecies":"Salix babylonica - Weeping willow"}},{"type":"Feature","geometry":{"type":"Point","coordinates":[-73.76007216086536,40.66766893959502]},"properties":{"tpcondition":"Fair","stumpdiameter":null,"riskratingdate":"2023-07-18 15:07:31.0000000","riskrating":"6","objectid":"4016661","globalid":"87D9B754-A8B1-46A0-B537-969A84E97454","tpstructure":"Full","plantingspaceglobalid":"827A8AAC-682C-4893-A7F2-C4E04A8C227E","createddate":"2016-06-30 10:35:53.0000000","dbh":"23","planteddate":null,"updateddate":"2023-07-18 15:07:31.0000000","geometry":"POINT(-73.76007216086536 40.66766893959502)","genusspecies":"Acer platanoides - Norway maple"}},{"type":"Feature","geometry":{"type":"Point","coordinates":[-73.9909086048495,40.62887524979104]},"properties":{"tpcondition":"Good","stumpdiameter":null,"riskratingdate":"2024-08-01 18:27:25.0000000","riskrating":"5","objectid":"4016662","globalid":"85713FBC-05A3-4669-BA80-6ACDD265A906","tpstructure":"Full","plantingspaceglobalid":"5F54A507-FE6B-4D0B-837E-DBB83F607E91","createddate":"2016-07-27 12:56:01.0000000","dbh":"22","planteddate":null,"updateddate":"2024-08-01 18:27:25.0000000","geometry":"POINT(-73.9909086048495 40.62887524979104)","genusspecies":"Quercus palustris - pin oak"}},{"type":"Feature","geometry":{"type":"Point","coordinates":[-73.70611592582189,40.7390885027772]},"properties":{"tpcondition":"Critical","stumpdiameter":"0","riskratingdate":null,"riskrating":null,"objectid":"4016663","globalid":"E0DA6F02-81E6-4FA9-A415-7A949A56C255","tpstructure":"Retired","plantingspaceglobalid":"E4CB6F4B-6BF8-44A4-A57D-06B364BA7B7C","createddate":"2016-06-30 10:01:00.0000000","dbh":"6","planteddate":null,"updateddate":"2020-12-09 18:08:34.0000000","geometry":"POINT(-73.70611592582189 40.7390885027772)","genusspecies":"Prunus serrulata 'Green leaf' - 'Green leaf' Japanese flowering cherry"}},{"type":"Feature","geometry":{"type":"Point","coordinates":[-73.7978135782206,40.72219867391757]},"properties":{"tpcondition":"Good","stumpdiameter":"0","riskratingdate":null,"riskrating":null,"objectid":"4016664","globalid":"3BD11787-F0E1-4ABA-A416-A4F6EB241FE5","tpstructure":"Full","plantingspaceglobalid":"A34AFEDA-70CC-439B-96B6-574739F42EC7","createddate":"2016-07-27 12:50:50.0000000","dbh":"3","planteddate":null,"updateddate":null,"geometry":"POINT(-73.7978135782206 40.72219867391757)","genusspecies":"Amelanchier - serviceberry"}},{"type":"Feature","geometry":{"type":"Point","coordinates":[-74.17242896624857,40.5529351450389]},"properties":{"tpcondition":"Fair","stumpdiameter":"0","riskratingdate":null,"riskrating":null,"objectid":"4016665","globalid":"5473EC0F-E15C-4B18-885F-BEA18DD08858","tpstructure":"Full","plantingspaceglobalid":"B60431FA-0756-4D0B-853E-B2201A109CD9","createddate":"2016-06-30 10:25:50.0000000","dbh":"4","planteddate":null,"updateddate":"2017-08-11 11:37:54.0000000","geometry":"POINT(-74.17242896624857 40.5529351450389)","genusspecies":"Liquidambar styraciflua - sweetgum"}},{"type":"Feature","geometry":{"type":"Point","coordinates":[-73.81357722224142,40.79470389274028]},"properties":{"tpcondition":"Fair","stumpdiameter":null,"riskratingdate":"2022-01-14 16:11:16.0000000","riskrating":"5","objectid":"4016666","globalid":"95893099-523A-41CF-BEFB-89972EC7B9D1","tpstructure":"Full","plantingspaceglobalid":"8F093AED-83C5-4E71-8D95-BE285AA8EE72","createddate":"2016-06-30 09:59:51.0000000","dbh":"7","planteddate":null,"updateddate":"2022-01-14 16:11:16.0000000","geometry":"POINT(-73.81357722224142 40.79470389274028)","genusspecies":"Quercus bicolor - swamp white oak"}},{"type":"Feature","geometry":{"type":"Point","coordinates":[-73.82184069117991,40.67043719685873]},"properties":{"tpcondition":"Good","stumpdiameter":null,"riskratingdate":"2025-09-08 18:21:19.0000000","riskrating":"7","objectid":"4016667","globalid":"294EC186-CFD2-42D7-8661-A943B9D76A45","tpstructure":"Full","plantingspaceglobalid":"2571260F-38B9-457E-9B5C-ED6FB30839F8","createddate":"2016-07-27 14:23:45.0000000","dbh":"21","planteddate":null,"updateddate":"2025-09-08 18:21:19.0000000","geometry":"POINT(-73.82184069117991 40.67043719685873)","genusspecies":"Gleditsia triacanthos var. inermis - Thornless honeylocust"}},{"type":"Feature","geometry":{"type":"Point","coordinates":[-73.76593110143328,40.70242600508721]},"properties":{"tpcondition":"Good","stumpdiameter":"0","riskratingdate":null,"riskrating":null,"objectid":"4016668","globalid":"08BA7C77-0BCF-4396-8124-5B8ABBC44154","tpstructure":"Full","plantingspaceglobalid":"75790443-5401-46F6-B219-8209651807DF","createddate":"2016-07-27 14:16:21.0000000","dbh":"3","planteddate":null,"updateddate":"2017-04-24 14:35:13.0000000","geometry":"POINT(-73.76593110143328 40.70242600508721)","genusspecies":"Prunus serrulata 'Green leaf' - 'Green leaf' Japanese flowering cherry"}},{"type":"Feature","geometry":{"type":"Point","coordinates":[-73.81308845104947,40.77425232598018]},"properties":{"tpcondition":"Fair","stumpdiameter":"0","riskratingdate":"2025-05-30 15:35:37.0000000","riskrating":"7","objectid":"4016669","globalid":"01CCA0A9-C3BC-4996-8CA2-EFD5A628F604","tpstructure":"Full","plantingspaceglobalid":"A03C5A9F-27DE-4014-8F43-1AAA7D63CD28","createddate":"2016-07-27 13:01:52.0000000","dbh":"25","planteddate":null,"updateddate":"2025-05-30 15:35:37.0000000","geometry":"POINT(-73.81308845104947 40.77425232598018)","genusspecies":"Prunus serotina - black cherry"}},{"type":"Feature","geometry":{"type":"Point","coordinates":[-73.71998155799623,40.742026123689584]},"properties":{"tpcondition":"Good","stumpdiameter":null,"riskratingdate":"2024-09-29 13:17:33.0000000","riskrating":"5","objectid":"4016670","globalid":"B7879F47-5408-4F90-933B-5C15EC07F3A7","tpstructure":"Full","plantingspaceglobalid":"09ADA482-136E-4567-85A2-03DCDB37B44C","createddate":"2016-06-30 10:03:43.0000000","dbh":"19","planteddate":null,"updateddate":"2024-09-29 13:17:33.0000000","geometry":"POINT(-73.71998155799623 40.742026123689584)","genusspecies":"Tilia cordata - littleleaf linden"}},{"type":"Feature","geometry":{"type":"Point","coordinates":[-73.77643335905961,40.71543326741571]},"properties":{"tpcondition":"Good","stumpdiameter":"0","riskratingdate":null,"riskrating":null,"objectid":"4016671","globalid":"53F70BB7-6DE1-4B9E-8C48-EE07459F5765","tpstructure":"Full","plantingspaceglobalid":"64FB4D87-56F7-4E10-8A98-464997DEDA83","createddate":"2016-07-27 14:13:36.0000000","dbh":"5","planteddate":null,"updateddate":"2018-02-02 11:27:35.0000000","geometry":"POINT(-73.77643335905961 40.71543326741571)","genusspecies":"Cercis canadensis - eastern redbud"}},{"type":"Feature","geometry":{"type":"Point","coordinates":[-73.82378981972593,40.670362795337205]},"properties":{"tpcondition":"Good","stumpdiameter":null,"riskratingdate":"2025-09-09 14:09:43.0000000","riskrating":"7","objectid":"4016672","globalid":"A75C7CE9-2D29-4A38-AD7A-5BAEC6E7B32F","tpstructure":"Full","plantingspaceglobalid":"BCE62213-F541-4146-974F-778C287EB9A6","createddate":"2016-07-27 13:03:29.0000000","dbh":"20","planteddate":null,"updateddate":"2025-09-09 14:09:43.0000000","geometry":"POINT(-73.82378981972593 40.670362795337205)","genusspecies":"Gleditsia triacanthos var. inermis - Thornless honeylocust"}},{"type":"Feature","geometry":{"type":"Point","coordinates":[-73.78454992503896,40.747157073721816]},"properties":{"tpcondition":"Good","stumpdiameter":"0","riskratingdate":null,"riskrating":null,"objectid":"4016673","globalid":"22493224-D7B1-4EB4-93C8-CAC8B4DFF706","tpstructure":"Full","plantingspaceglobalid":"96DB0207-C800-4C38-9656-285226752F24","createddate":"2016-07-27 13:52:59.0000000","dbh":"5","planteddate":null,"updateddate":"2017-12-14 13:16:04.0000000","geometry":"POINT(-73.78454992503896 40.747157073721816)","genusspecies":"Zelkova serrata - Japanese zelkova"}},{"type":"Feature","geometry":{"type":"Point","coordinates":[-73.99743921268283,40.63829972753664]},"properties":{"tpcondition":"Fair","stumpdiameter":null,"riskratingdate":"2022-02-14 18:13:05.0000000","riskrating":"5","objectid":"4016674","globalid":"78709D12-9A1E-4560-ACE8-E570A56B3E69","tpstructure":"Full","plantingspaceglobalid":"1054F078-31E5-4CB2-AB8D-D10F6D485A6C","createddate":"2016-07-27 14:25:04.0000000","dbh":"6","planteddate":null,"updateddate":"2022-02-14 18:13:05.0000000","geometry":"POINT(-73.99743921268283 40.63829972753664)","genusspecies":"Styphnolobium japonicum - Japanese pagoda tree"}},{"type":"Feature","geometry":{"type":"Point","coordinates":[-73.7337441159472,40.72756739445628]},"properties":{"tpcondition":"Poor","stumpdiameter":"0","riskratingdate":"2024-04-11 13:55:08.0000000","riskrating":"8","objectid":"4016675","globalid":"5703DF0E-03BC-466B-A5B4-EEE53B9528CF","tpstructure":"Full","plantingspaceglobalid":"BA089FE9-7C41-4D14-89E9-C886966C3D91","createddate":"2016-06-30 10:22:41.0000000","dbh":"30","planteddate":null,"updateddate":"2024-04-11 13:55:08.0000000","geometry":"POINT(-73.7337441159472 40.72756739445628)","genusspecies":"Platanus x acerifolia - London planetree"}},{"type":"Feature","geometry":{"type":"Point","coordinates":[-73.78626752776124,40.755294955013284]},"properties":{"tpcondition":"Good","stumpdiameter":"0","riskratingdate":null,"riskrating":null,"objectid":"4016677","globalid":"6AD2C92E-8479-4A80-8A83-F66B774F2C2A","tpstructure":"Full","plantingspaceglobalid":"3E818287-7012-410A-A462-C3C9AE62B5DC","createddate":"2016-07-27 14:09:07.0000000","dbh":"9","planteddate":null,"updateddate":"2017-12-27 09:28:55.0000000","geometry":"POINT(-73.78626752776124 40.755294955013284)","genusspecies":"Liquidambar styraciflua - sweetgum"}},{"type":"Feature","geometry":{"type":"Point","coordinates":[-73.71434092720696,40.738045419105354]},"properties":{"tpcondition":"Fair","stumpdiameter":null,"riskratingdate":"2025-07-29 14:58:45.0000000","riskrating":"8","objectid":"4016678","globalid":"4031F0EA-EFDE-445F-B55C-17086B42E12A","tpstructure":"Full","plantingspaceglobalid":"01D07EF8-07BF-4874-AAB9-595A7A39D958","createddate":"2016-06-30 10:29:21.0000000","dbh":"18","planteddate":null,"updateddate":"2025-07-29 14:58:45.0000000","geometry":"POINT(-73.71434092720696 40.738045419105354)","genusspecies":"Pyrus calleryana - Callery pear"}},{"type":"Feature","geometry":{"type":"Point","coordinates":[-73.74647802262977,40.6922843668767]},"properties":{"tpcondition":"Dead","stumpdiameter":"14","riskratingdate":"2021-03-09 16:30:00.0000000","riskrating":"8","objectid":"4016679","globalid":"E3525E0E-1EB4-4961-BBF1-AFDD0DDF1A91","tpstructure":"Retired","plantingspaceglobalid":"B4E3B35E-6DB9-4ABE-817D-942D8DAA6285","createddate":"2016-06-30 10:36:00.0000000","dbh":"14","planteddate":null,"updateddate":"2024-11-01 15:16:05.0000000","geometry":"POINT(-73.74647802262977 40.6922843668767)","genusspecies":"Acer platanoides - Norway maple"}},{"type":"Feature","geometry":{"type":"Point","coordinates":[-73.70706073736717,40.74219513924435]},"properties":{"tpcondition":"Good","stumpdiameter":null,"riskratingdate":"2020-11-10 18:10:14.0000000","riskrating":"6","objectid":"4016680","globalid":"159BCD45-F9EB-41A0-B9EB-97164BF76919","tpstructure":"Full","plantingspaceglobalid":"0AE03C6A-A169-4D8D-BF96-18FE5B1CF575","createddate":"2016-06-30 10:28:21.0000000","dbh":"16","planteddate":null,"updateddate":"2020-11-10 18:10:14.0000000","geometry":"POINT(-73.70706073736717 40.74219513924435)","genusspecies":"Ginkgo biloba - maidenhair tree"}},{"type":"Feature","geometry":{"type":"Point","coordinates":[-74.01185978441714,40.64245388507714]},"properties":{"tpcondition":"Good","stumpdiameter":null,"riskratingdate":"2024-09-12 18:14:17.0000000","riskrating":"4","objectid":"4016681","globalid":"364BF0AC-3814-439E-8C10-E8AAC2B95965","tpstructure":"Full","plantingspaceglobalid":"8B428826-7CAB-4C1E-A72E-3AE77491B928","createddate":"2016-07-27 13:28:33.0000000","dbh":"9","planteddate":null,"updateddate":"2024-09-12 18:14:17.0000000","geometry":"POINT(-74.01185978441714 40.64245388507714)","genusspecies":"Tilia cordata - littleleaf linden"}},{"type":"Feature","geometry":{"type":"Point","coordinates":[-73.7017663694069,40.75032545092823]},"properties":{"tpcondition":"Good","stumpdiameter":null,"riskratingdate":"2021-01-07 20:10:21.0000000","riskrating":"7","objectid":"4016682","globalid":"65185000-D2B4-4FC1-B15E-FDDE5D1337A0","tpstructure":"Full","plantingspaceglobalid":"11FABF2E-390D-4A40-9823-81FF58ABA058","createddate":"2016-06-30 10:15:59.0000000","dbh":"14","planteddate":null,"updateddate":"2021-01-07 20:10:21.0000000","geometry":"POINT(-73.7017663694069 40.75032545092823)","genusspecies":"Ginkgo biloba - maidenhair tree"}},{"type":"Feature","geometry":{"type":"Point","coordinates":[-73.82333299231173,40.796708822237505]},"properties":{"tpcondition":"Good","stumpdiameter":null,"riskratingdate":"2022-01-25 17:06:33.0000000","riskrating":"5","objectid":"4016683","globalid":"92664CCE-9DEE-4EEC-9FBF-4F629DD73E5A","tpstructure":"Full","plantingspaceglobalid":"843019AD-2C11-4DA0-A31E-BC6B70FA5B3B","createddate":"2016-06-30 10:28:48.0000000","dbh":"6","planteddate":null,"updateddate":"2022-01-25 17:06:33.0000000","geometry":"POINT(-73.82333299231173 40.796708822237505)","genusspecies":"Quercus palustris - pin oak"}},{"type":"Feature","geometry":{"type":"Point","coordinates":[-73.74298873793644,40.697459471737915]},"properties":{"tpcondition":"Fair","stumpdiameter":"0","riskratingdate":"2019-05-15 11:19:43.0000000","riskrating":"5","objectid":"4016684","globalid":"77F334F9-E44A-4B25-BFBE-B2A4D8FA81FB","tpstructure":"Full","plantingspaceglobalid":"BD8F7B0B-C8EB-476C-B7C7-1BF79A3D9D82","createddate":"2016-07-27 13:12:42.0000000","dbh":"26","planteddate":null,"updateddate":"2019-05-15 15:19:43.0000000","geometry":"POINT(-73.74298873793644 40.697459471737915)","genusspecies":"Quercus palustris - pin oak"}},{"type":"Feature","geometry":{"type":"Point","coordinates":[-73.72077839867657,40.76036904516437]},"properties":{"tpcondition":"Fair","stumpdiameter":null,"riskratingdate":"2023-11-27 16:18:31.0000000","riskrating":"8","objectid":"4016685","globalid":"A74817DC-F532-492E-BF8C-73E6D8386974","tpstructure":"Full","plantingspaceglobalid":"16D246D4-8CBC-4B35-8194-F35BB43747DB","createddate":"2016-06-30 10:31:08.0000000","dbh":"31","planteddate":null,"updateddate":"2023-11-27 16:18:31.0000000","geometry":"POINT(-73.72077839867657 40.76036904516437)","genusspecies":"Quercus palustris - pin oak"}},{"type":"Feature","geometry":{"type":"Point","coordinates":[-74.0281678183887,40.63385139069716]},"properties":{"tpcondition":"Poor","stumpdiameter":null,"riskratingdate":"2025-09-24 18:58:02.0000000","riskrating":"7","objectid":"4016686","globalid":"B5FB9258-5CCD-48F3-A521-381064998AFA","tpstructure":"Full","plantingspaceglobalid":"2E9AA275-8FD1-4F5C-AA47-247993F00AE4","createddate":"2016-07-27 13:14:08.0000000","dbh":"8","planteddate":null,"updateddate":"2025-09-24 19:00:55.0000000","geometry":"POINT(-74.0281678183887 40.63385139069716)","genusspecies":"Prunus cerasifera - cherry plum"}},{"type":"Feature","geometry":{"type":"Point","coordinates":[-73.79755529626816,40.76552585874304]},"properties":{"tpcondition":"Fair","stumpdiameter":null,"riskratingdate":"2025-01-20 16:13:06.0000000","riskrating":"6","objectid":"4016687","globalid":"B37A87E1-A845-4EE3-AFA6-89E5F608E5E4","tpstructure":"Full","plantingspaceglobalid":"D1835396-E132-4137-AE20-E851972C9035","createddate":"2016-07-27 13:13:59.0000000","dbh":"10","planteddate":null,"updateddate":"2025-01-20 16:13:06.0000000","geometry":"POINT(-73.79755529626816 40.76552585874304)","genusspecies":"Prunus serrulata 'Green leaf' - 'Green leaf' Japanese flowering cherry"}},{"type":"Feature","geometry":{"type":"Point","coordinates":[-73.80911843478304,40.78592494182655]},"properties":{"tpcondition":"Fair","stumpdiameter":"0","riskratingdate":null,"riskrating":null,"objectid":"4016688","globalid":"31E15714-2BA6-4407-96A3-2B3CCA60F461","tpstructure":"Full","plantingspaceglobalid":"7C84E8E5-5AEF-4FA5-A874-249821C3DC2B","createddate":"2016-07-27 12:59:19.0000000","dbh":"4","planteddate":null,"updateddate":"2017-08-24 10:23:57.0000000","geometry":"POINT(-73.80911843478304 40.78592494182655)","genusspecies":"Acer platanoides 'Not Green Leaf' - 'Not Green Leaf' Norway maple"}},{"type":"Feature","geometry":{"type":"Point","coordinates":[-73.73701850410336,40.696024158593154]},"properties":{"tpcondition":"Fair","stumpdiameter":"0","riskratingdate":null,"riskrating":null,"objectid":"4016689","globalid":"1FCAB832-AD20-4F52-8C15-0B9F039BD8B7","tpstructure":"Full","plantingspaceglobalid":"6559C253-2C06-40C7-AAF2-FDD8AB9860E8","createddate":"2016-07-27 14:29:01.0000000","dbh":"13","planteddate":null,"updateddate":"2019-03-07 19:10:04.0000000","geometry":"POINT(-73.73701850410336 40.696024158593154)","genusspecies":"Quercus palustris - pin oak"}},{"type":"Feature","geometry":{"type":"Point","coordinates":[-74.03056263583369,40.623237170342406]},"properties":{"tpcondition":"Good","stumpdiameter":"0","riskratingdate":null,"riskrating":null,"objectid":"4016690","globalid":"952541C8-76C5-4EA2-8B51-25574804B389","tpstructure":"Full","plantingspaceglobalid":"393A4543-64C8-41EA-A02B-020EB1BEAFD5","createddate":"2016-07-27 14:23:56.0000000","dbh":"4","planteddate":null,"updateddate":null,"geometry":"POINT(-74.03056263583369 40.623237170342406)","genusspecies":"Ginkgo biloba - maidenhair tree"}},{"type":"Feature","geometry":{"type":"Point","coordinates":[-73.7095793126824,40.732647532836886]},"properties":{"tpcondition":"Fair","stumpdiameter":"0","riskratingdate":"2020-03-18 15:32:31.0000000","riskrating":"7","objectid":"4016691","globalid":"F75FFFDB-04A2-4C65-ACB4-ED8C97C4E949","tpstructure":"Full","plantingspaceglobalid":"1A1B0847-7ECE-4006-A7FC-A6381DF3BE7C","createddate":"2016-06-30 09:55:22.0000000","dbh":"15","planteddate":null,"updateddate":"2020-03-18 15:32:31.0000000","geometry":"POINT(-73.7095793126824 40.732647532836886)","genusspecies":"Styphnolobium japonicum - Japanese pagoda tree"}},{"type":"Feature","geometry":{"type":"Point","coordinates":[-74.15172160995523,40.635441287818786]},"properties":{"tpcondition":"Fair","stumpdiameter":"0","riskratingdate":null,"riskrating":null,"objectid":"4016692","globalid":"E15A1CEA-3CB0-4C6B-99C7-C9EB839D45BF","tpstructure":"Full","plantingspaceglobalid":"B4F85397-1FA0-449A-AF45-C0C54477535E","createddate":"2016-06-30 09:56:25.0000000","dbh":"4","planteddate":null,"updateddate":"2018-11-20 15:11:44.0000000","geometry":"POINT(-74.15172160995523 40.635441287818786)","genusspecies":"Prunus serrulata 'Green leaf' - 'Green leaf' Japanese flowering cherry"}},{"type":"Feature","geometry":{"type":"Point","coordinates":[-73.72298056991707,40.72521153600763]},"properties":{"tpcondition":"Good","stumpdiameter":"0","riskratingdate":"2024-02-09 17:24:50.0000000","riskrating":"8","objectid":"4016693","globalid":"79C974E0-9B7F-40D0-836C-4A9E3F784825","tpstructure":"Full","plantingspaceglobalid":"3C9BDAC1-CA59-46B1-816B-D4A11EC802F0","createddate":"2016-06-30 10:19:20.0000000","dbh":"38","planteddate":null,"updateddate":"2024-02-09 17:24:50.0000000","geometry":"POINT(-73.72298056991707 40.72521153600763)","genusspecies":"Platanus x acerifolia - London planetree"}},{"type":"Feature","geometry":{"type":"Point","coordinates":[-73.70094428817531,40.74282003197659]},"properties":{"tpcondition":"Good","stumpdiameter":null,"riskratingdate":"2021-01-07 18:33:51.0000000","riskrating":"7","objectid":"4016694","globalid":"FF5EE1E7-4382-4841-BA8C-9AC596024059","tpstructure":"Full","plantingspaceglobalid":"6AEE9705-874C-43D6-B3D6-CA8AF4D04797","createddate":"2016-06-30 09:51:24.0000000","dbh":"28","planteddate":null,"updateddate":"2021-01-07 18:33:51.0000000","geometry":"POINT(-73.70094428817531 40.74282003197659)","genusspecies":"Platanus x acerifolia - London planetree"}},{"type":"Feature","geometry":{"type":"Point","coordinates":[-73.81602147185048,40.7911483205779]},"properties":{"tpcondition":"Good","stumpdiameter":null,"riskratingdate":"2022-01-13 13:21:35.0000000","riskrating":"8","objectid":"4016695","globalid":"4CF8F2A9-9E38-4221-9767-F26F8E340D09","tpstructure":"Full","plantingspaceglobalid":"DD9565EF-E95C-413F-B075-8E84C0DEB09A","createddate":"2016-06-30 10:23:27.0000000","dbh":"29","planteddate":null,"updateddate":"2022-01-13 13:21:35.0000000","geometry":"POINT(-73.81602147185048 40.7911483205779)","genusspecies":"Quercus palustris - pin oak"}},{"type":"Feature","geometry":{"type":"Point","coordinates":[-73.73906927357044,40.707473724959996]},"properties":{"tpcondition":"Dead","stumpdiameter":"13","riskratingdate":null,"riskrating":null,"objectid":"4016696","globalid":"A49B9858-6B12-4418-9C2E-1D141B7E3522","tpstructure":"Retired","plantingspaceglobalid":"297ED684-DAE6-478F-818A-BD431A057B5B","createddate":"2016-07-27 12:58:00.0000000","dbh":"0","planteddate":null,"updateddate":"2018-12-12 18:35:24.0000000","geometry":"POINT(-73.73906927357044 40.707473724959996)","genusspecies":"Unknown - Unknown"}},{"type":"Feature","geometry":{"type":"Point","coordinates":[-73.99584838623396,40.62788459382365]},"properties":{"tpcondition":"Fair","stumpdiameter":null,"riskratingdate":"2023-10-14 19:23:21.0000000","riskrating":"4","objectid":"4016697","globalid":"925BA385-5F14-467C-9B69-5E1C9B20CBA4","tpstructure":"Full","plantingspaceglobalid":"EFD0B87D-E4D1-4967-A1A9-F67FC949918E","createddate":"2016-07-27 13:45:17.0000000","dbh":"6","planteddate":null,"updateddate":"2023-10-14 19:23:21.0000000","geometry":"POINT(-73.99584838623396 40.62788459382365)","genusspecies":"Tilia americana - American basswood"}},{"type":"Feature","geometry":{"type":"Point","coordinates":[-73.81522418901133,40.76047042383714]},"properties":{"tpcondition":"Dead","stumpdiameter":"0","riskratingdate":"2019-10-08 00:00:00.0000000","riskrating":"0","objectid":"4016698","globalid":"3EED0478-95CB-4BD8-A58E-A3261CF9706F","tpstructure":"Retired","plantingspaceglobalid":"C5C8FC6F-45B7-4FCF-A782-54A3F130D78F","createddate":"2016-07-27 13:08:00.0000000","dbh":"14","planteddate":null,"updateddate":"2024-05-14 13:14:00.0000000","geometry":"POINT(-73.81522418901133 40.76047042383714)","genusspecies":"Prunus - Cherry"}},{"type":"Feature","geometry":{"type":"Point","coordinates":[-73.72470511035785,40.73582235638503]},"properties":{"tpcondition":"Dead","stumpdiameter":"0","riskratingdate":"2019-06-25 13:10:00.0000000","riskrating":"7","objectid":"4016699","globalid":"D2620052-7297-4D11-A4BF-8C9C2A353E59","tpstructure":"Retired","plantingspaceglobalid":"9ECE26E2-F5A0-4291-BD4D-E7DD9A24142E","createddate":"2016-06-30 09:52:00.0000000","dbh":"21","planteddate":null,"updateddate":"2021-10-20 14:53:00.0000000","geometry":"POINT(-73.72470511035785 40.73582235638503)","genusspecies":"Fraxinus pennsylvanica - Green ash"}},{"type":"Feature","geometry":{"type":"Point","coordinates":[-73.70925018431639,40.751313457878005]},"properties":{"tpcondition":"Fair","stumpdiameter":null,"riskratingdate":"2020-12-08 17:42:31.0000000","riskrating":"6","objectid":"4016700","globalid":"A79FDC1B-98BD-414F-9A0D-42ECA5426D66","tpstructure":"Full","plantingspaceglobalid":"DCADE6C4-3479-489A-AFE5-147DA91C735A","createddate":"2016-06-30 10:08:52.0000000","dbh":"20","planteddate":null,"updateddate":"2020-12-08 17:42:31.0000000","geometry":"POINT(-73.70925018431639 40.751313457878005)","genusspecies":"Ginkgo biloba - maidenhair tree"}},{"type":"Feature","geometry":{"type":"Point","coordinates":[-73.75551225852567,40.701346395261666]},"properties":{"tpcondition":"Fair","stumpdiameter":"0","riskratingdate":null,"riskrating":null,"objectid":"4016701","globalid":"46B3BCD1-F584-4C7C-AA09-660A0147EE4D","tpstructure":"Full","plantingspaceglobalid":"9A77129D-0A6E-4C27-9EA9-3E1444B07887","createddate":"2016-07-27 13:26:05.0000000","dbh":"4","planteddate":null,"updateddate":"2017-04-20 11:16:11.0000000","geometry":"POINT(-73.75551225852567 40.701346395261666)","genusspecies":"Prunus serrulata 'Green leaf' - 'Green leaf' Japanese flowering cherry"}},{"type":"Feature","geometry":{"type":"Point","coordinates":[-74.16319841503831,40.603010341542564]},"properties":{"tpcondition":"Unknown","stumpdiameter":"14","riskratingdate":null,"riskrating":null,"objectid":"4016702","globalid":"F10C511A-DF29-462B-AB93-9356B8AD8974","tpstructure":"Retired","plantingspaceglobalid":"4F37670C-D503-4C85-B2FB-96DD4A5B7680","createddate":"2016-06-30 10:09:11.0000000","dbh":"0","planteddate":null,"updateddate":"2017-10-13 12:32:03.0000000","geometry":"POINT(-74.16319841503831 40.603010341542564)","genusspecies":"Unknown - Unknown"}},{"type":"Feature","geometry":{"type":"Point","coordinates":[-73.76610849444543,40.72455278288388]},"properties":{"tpcondition":"Good","stumpdiameter":"0","riskratingdate":null,"riskrating":null,"objectid":"4016703","globalid":"F05C1549-5B1F-4997-BB45-6FA95A4C8833","tpstructure":"Full","plantingspaceglobalid":"73672557-2A4D-4135-B542-1E3825C0A931","createddate":"2016-07-27 13:44:56.0000000","dbh":"39","planteddate":null,"updateddate":"2019-01-29 15:18:37.0000000","geometry":"POINT(-73.76610849444543 40.72455278288388)","genusspecies":"Quercus rubra - northern red oak"}},{"type":"Feature","geometry":{"type":"Point","coordinates":[-74.03616928277475,40.61564778861392]},"properties":{"tpcondition":"Fair","stumpdiameter":null,"riskratingdate":"2023-06-13 18:17:39.0000000","riskrating":"7","objectid":"4016704","globalid":"FE6107FA-0B71-4C5A-89B4-26A0C513AAF7","tpstructure":"Full","plantingspaceglobalid":"FE95FF82-8053-4698-A767-2C423630C5B9","createddate":"2016-07-27 12:47:01.0000000","dbh":"23","planteddate":null,"updateddate":"2023-06-13 18:17:39.0000000","geometry":"POINT(-74.03616928277475 40.61564778861392)","genusspecies":"Quercus palustris - pin oak"}},{"type":"Feature","geometry":{"type":"Point","coordinates":[-73.70909321563003,40.739598275909174]},"properties":{"tpcondition":"Fair","stumpdiameter":null,"riskratingdate":"2020-11-16 16:42:20.0000000","riskrating":"8","objectid":"4016705","globalid":"800EAD8D-762D-4DE5-B6A5-BF096EED0A5C","tpstructure":"Full","plantingspaceglobalid":"6BD15B8D-5AB7-4EFA-BFA0-D7B15ACF4589","createddate":"2016-06-30 10:39:10.0000000","dbh":"15","planteddate":null,"updateddate":"2020-11-16 16:42:20.0000000","geometry":"POINT(-73.70909321563003 40.739598275909174)","genusspecies":"Acer platanoides - Norway maple"}},{"type":"Feature","geometry":{"type":"Point","coordinates":[-73.72268001105742,40.75224384439848]},"properties":{"tpcondition":"Fair","stumpdiameter":"0","riskratingdate":null,"riskrating":null,"objectid":"4016706","globalid":"F39A111C-8FB3-45EA-8F49-97B56EBBBACE","tpstructure":"Full","plantingspaceglobalid":"35994A3F-D0EF-4933-801A-5B194269D1F6","createddate":"2016-06-30 10:17:48.0000000","dbh":"44","planteddate":null,"updateddate":"2017-04-06 14:27:18.0000000","geometry":"POINT(-73.72268001105742 40.75224384439848)","genusspecies":"Acer saccharinum - silver maple"}},{"type":"Feature","geometry":{"type":"Point","coordinates":[-73.71376641026664,40.7439422668099]},"properties":{"tpcondition":"Good","stumpdiameter":null,"riskratingdate":"2020-10-27 20:46:23.0000000","riskrating":"6","objectid":"4016707","globalid":"CE289215-9AC5-46DC-9ACD-894011A36521","tpstructure":"Full","plantingspaceglobalid":"E099371D-5970-4951-9EFE-DA84E8924094","createddate":"2016-06-30 10:36:44.0000000","dbh":"13","planteddate":null,"updateddate":"2020-10-27 20:46:23.0000000","geometry":"POINT(-73.71376641026664 40.7439422668099)","genusspecies":"Acer platanoides - Norway maple"}},{"type":"Feature","geometry":{"type":"Point","coordinates":[-73.71195359912329,40.73073849407353]},"properties":{"tpcondition":"Dead","stumpdiameter":null,"riskratingdate":"2025-03-04 14:38:00.0000000","riskrating":"10","objectid":"4016708","globalid":"330F9C06-8534-4004-81D5-A08A20C762C3","tpstructure":"Stump","plantingspaceglobalid":"2BFD03FA-FCC3-4105-9E6D-741D9AC5FC0B","createddate":"2016-06-30 10:19:00.0000000","dbh":"36","planteddate":null,"updateddate":"2025-03-09 17:25:00.0000000","geometry":"POINT(-73.71195359912329 40.73073849407353)","genusspecies":"Acer rubrum - red maple"}},{"type":"Feature","geometry":{"type":"Point","coordinates":[-73.73960830032227,40.69819727641712]},"properties":{"tpcondition":"Good","stumpdiameter":"0","riskratingdate":null,"riskrating":null,"objectid":"4016709","globalid":"DA3F8BC8-B907-4CE5-9E5C-4E30A358FD92","tpstructure":"Full","plantingspaceglobalid":"75AC66FE-7F2C-42E1-BA1A-281FD3820AB1","createddate":"2016-06-30 10:10:08.0000000","dbh":"32","planteddate":null,"updateddate":"2019-03-09 15:32:21.0000000","geometry":"POINT(-73.73960830032227 40.69819727641712)","genusspecies":"Platanus x acerifolia - London planetree"}},{"type":"Feature","geometry":{"type":"Point","coordinates":[-73.73853813538372,40.76715643510411]},"properties":{"tpcondition":"Fair","stumpdiameter":"0","riskratingdate":null,"riskrating":null,"objectid":"4016710","globalid":"D91C83DC-9B33-4BDA-8A8E-E1F544FC329E","tpstructure":"Full","plantingspaceglobalid":"45CAB007-4183-4A93-B997-C459E7B8D783","createddate":"2016-07-27 13:53:39.0000000","dbh":"3","planteddate":null,"updateddate":"2017-04-26 14:55:42.0000000","geometry":"POINT(-73.73853813538372 40.76715643510411)","genusspecies":"Gymnocladus dioicus - Kentucky coffeetree"}},{"type":"Feature","geometry":{"type":"Point","coordinates":[-73.80386079262581,40.79278496059514]},"properties":{"tpcondition":"Good","stumpdiameter":null,"riskratingdate":"2022-01-13 17:29:45.0000000","riskrating":"4","objectid":"4016711","globalid":"A052F8A3-6B87-40A8-AD99-544B6B916433","tpstructure":"Full","plantingspaceglobalid":"E2E2B798-6DC8-491D-8AAD-1395FDD540DF","createddate":"2016-06-30 10:09:22.0000000","dbh":"3","planteddate":null,"updateddate":"2022-01-13 17:29:45.0000000","geometry":"POINT(-73.80386079262581 40.79278496059514)","genusspecies":"Lagerstroemia - lagerstroemia"}},{"type":"Feature","geometry":{"type":"Point","coordinates":[-73.79712856951426,40.725139068616954]},"properties":{"tpcondition":"Dead","stumpdiameter":null,"riskratingdate":"2024-12-02 16:12:00.0000000","riskrating":"8","objectid":"4016712","globalid":"6E744A41-C13A-411E-9C79-68CA0ABE6257","tpstructure":"Retired","plantingspaceglobalid":"8426885C-1139-4D10-978B-CD43C9624B06","createddate":"2016-07-27 12:56:00.0000000","dbh":"27","planteddate":null,"updateddate":"2025-01-29 11:46:00.0000000","geometry":"POINT(-73.79712856951426 40.725139068616954)","genusspecies":"Tilia cordata - littleleaf linden"}},{"type":"Feature","geometry":{"type":"Point","coordinates":[-73.810253411973,40.723609384683144]},"properties":{"tpcondition":"Good","stumpdiameter":"0","riskratingdate":"2017-06-09 04:00:00.0000000","riskrating":"3","objectid":"4016713","globalid":"A75C8343-D2AC-4C70-B4C0-1AA64997869E","tpstructure":"Full","plantingspaceglobalid":"18C345CC-9F66-4D8A-875B-FE66F1A84DB5","createddate":"2016-07-27 13:59:12.0000000","dbh":"16","planteddate":null,"updateddate":"2017-11-21 04:11:11.0000000","geometry":"POINT(-73.810253411973 40.723609384683144)","genusspecies":"Ginkgo biloba - maidenhair tree"}},{"type":"Feature","geometry":{"type":"Point","coordinates":[-73.81374606782836,40.79167599214856]},"properties":{"tpcondition":"Fair","stumpdiameter":null,"riskratingdate":"2022-01-18 16:41:57.0000000","riskrating":"5","objectid":"4016714","globalid":"78545171-7354-4A7A-8857-DE019755858B","tpstructure":"Full","plantingspaceglobalid":"314022E1-492D-42DF-B460-6CCC522B73C6","createddate":"2016-06-30 09:48:28.0000000","dbh":"7","planteddate":null,"updateddate":"2022-01-18 16:41:57.0000000","geometry":"POINT(-73.81374606782836 40.79167599214856)","genusspecies":"Tilia tomentosa - silver linden"}},{"type":"Feature","geometry":{"type":"Point","coordinates":[-74.24721799792023,40.5069950591722]},"properties":{"tpcondition":"Fair","stumpdiameter":null,"riskratingdate":"2024-06-11 18:41:11.0000000","riskrating":"6","objectid":"4016715","globalid":"6BDF4595-D6DE-4879-94A8-4000648ACC05","tpstructure":"Full","plantingspaceglobalid":"E07D1876-EFA7-46E3-9A2A-CD29464A6736","createddate":"2016-06-30 09:55:47.0000000","dbh":"15","planteddate":null,"updateddate":"2024-06-11 18:41:11.0000000","geometry":"POINT(-74.24721799792023 40.5069950591722)","genusspecies":"Acer saccharinum - silver maple"}},{"type":"Feature","geometry":{"type":"Point","coordinates":[-74.002930865336,40.64174255518068]},"properties":{"tpcondition":"Good","stumpdiameter":"0","riskratingdate":null,"riskrating":null,"objectid":"4016716","globalid":"636FEEE6-385B-46D8-B86C-6F772B064E2B","tpstructure":"Full","plantingspaceglobalid":"A5DD08DC-6A25-43CA-8F1D-79C0E3545352","createddate":"2016-07-27 13:32:51.0000000","dbh":"2","planteddate":null,"updateddate":"2019-01-30 18:35:56.0000000","geometry":"POINT(-74.002930865336 40.64174255518068)","genusspecies":"Crataegus - Hawthorn"}},{"type":"Feature","geometry":{"type":"Point","coordinates":[-73.73634176829398,40.70843264064454]},"properties":{"tpcondition":"Good","stumpdiameter":"0","riskratingdate":null,"riskrating":null,"objectid":"4016717","globalid":"BB19402C-7961-4C6B-B617-DE9C72F533D3","tpstructure":"Full","plantingspaceglobalid":"AC02FD7C-7F00-4CB7-9C1C-EEA67ED68759","createddate":"2016-07-27 13:55:16.0000000","dbh":"12","planteddate":null,"updateddate":"2019-04-19 16:31:18.0000000","geometry":"POINT(-73.73634176829398 40.70843264064454)","genusspecies":"Acer rubrum - red maple"}},{"type":"Feature","geometry":{"type":"Point","coordinates":[-73.72734128307437,40.751777897520874]},"properties":{"tpcondition":"Fair","stumpdiameter":null,"riskratingdate":"2023-11-20 13:01:23.0000000","riskrating":"5","objectid":"4016718","globalid":"DFFEF934-82C9-48F9-B180-0D4A0990B0D5","tpstructure":"Full","plantingspaceglobalid":"99006F42-2231-4EAA-BA83-A510DB0EE1E4","createddate":"2016-07-27 14:28:24.0000000","dbh":"7","planteddate":null,"updateddate":"2023-11-20 13:01:23.0000000","geometry":"POINT(-73.72734128307437 40.751777897520874)","genusspecies":"Prunus cerasifera - cherry plum"}},{"type":"Feature","geometry":{"type":"Point","coordinates":[-73.78795269576992,40.745833802484896]},"properties":{"tpcondition":"Dead","stumpdiameter":"0","riskratingdate":"2017-06-06 10:26:00.0000000","riskrating":"3","objectid":"4016719","globalid":"536BFCF5-F491-46A4-98BF-58084F7606E9","tpstructure":"Retired","plantingspaceglobalid":"87DE909E-1124-4CEA-B3AD-55C23DA5DC28","createddate":"2016-07-27 13:22:00.0000000","dbh":"3","planteddate":null,"updateddate":"2024-05-21 11:59:05.0000000","geometry":"POINT(-73.78795269576992 40.745833802484896)","genusspecies":"Tilia cordata - littleleaf linden"}},{"type":"Feature","geometry":{"type":"Point","coordinates":[-73.74927060493339,40.67114819598299]},"properties":{"tpcondition":"Good","stumpdiameter":"0","riskratingdate":null,"riskrating":null,"objectid":"4016720","globalid":"C381868A-841D-4602-8ACA-10044FD2A192","tpstructure":"Full","plantingspaceglobalid":"F88BE522-F7F3-4EA8-A007-F65B78E9E3CE","createddate":"2016-06-30 09:47:10.0000000","dbh":"5","planteddate":null,"updateddate":null,"geometry":"POINT(-73.74927060493339 40.67114819598299)","genusspecies":"Prunus cerasifera - cherry plum"}},{"type":"Feature","geometry":{"type":"Point","coordinates":[-73.76377065616153,40.695391789373716]},"properties":{"tpcondition":"Dead","stumpdiameter":"0","riskratingdate":"2017-11-02 23:55:00.0000000","riskrating":"9","objectid":"4016721","globalid":"132FA870-37F7-48DA-9D84-B138F2E1A52C","tpstructure":"Retired","plantingspaceglobalid":"DCFF0D79-872F-4ADE-8DF4-19B6E42B745C","createddate":"2016-07-27 13:42:00.0000000","dbh":"8","planteddate":null,"updateddate":"2024-04-02 17:26:15.0000000","geometry":"POINT(-73.76377065616153 40.695391789373716)","genusspecies":"Unknown - Unknown"}},{"type":"Feature","geometry":{"type":"Point","coordinates":[-73.72171391931585,40.73048164002025]},"properties":{"tpcondition":"Fair","stumpdiameter":null,"riskratingdate":"2025-06-21 14:25:18.0000000","riskrating":"5","objectid":"4016722","globalid":"292F23DD-D4FD-4FAA-B91C-E77690BFB252","tpstructure":"Full","plantingspaceglobalid":"4F08F155-010B-4CB0-8FBD-6978C1992026","createddate":"2016-06-30 10:06:00.0000000","dbh":"36","planteddate":null,"updateddate":"2025-06-21 14:25:18.0000000","geometry":"POINT(-73.72171391931585 40.73048164002025)","genusspecies":"Quercus palustris - pin oak"}},{"type":"Feature","geometry":{"type":"Point","coordinates":[-73.70842617890544,40.74268314742367]},"properties":{"tpcondition":"Good","stumpdiameter":null,"riskratingdate":"2023-01-06 19:10:33.0000000","riskrating":"6","objectid":"4016723","globalid":"07A78D45-AF8C-4A5D-A4E2-49D4A93C3EB3","tpstructure":"Full","plantingspaceglobalid":"DF0ED85E-3EB2-4525-946E-4B6B27D1DFD7","createddate":"2016-06-30 09:57:12.0000000","dbh":"17","planteddate":null,"updateddate":"2023-01-06 19:10:33.0000000","geometry":"POINT(-73.70842617890544 40.74268314742367)","genusspecies":"Gleditsia triacanthos var. inermis - Thornless honeylocust"}},{"type":"Feature","geometry":{"type":"Point","coordinates":[-73.77828462661535,40.72805292444801]},"properties":{"tpcondition":"Good","stumpdiameter":"0","riskratingdate":null,"riskrating":null,"objectid":"4016724","globalid":"AD888EB9-7058-421F-8578-9A9874B12B46","tpstructure":"Full","plantingspaceglobalid":"DD5E80F7-24E5-45AB-A158-08ED26B77B05","createddate":"2016-07-27 14:28:22.0000000","dbh":"7","planteddate":null,"updateddate":"2017-07-05 10:39:13.0000000","geometry":"POINT(-73.77828462661535 40.72805292444801)","genusspecies":"Acer platanoides - Norway maple"}},{"type":"Feature","geometry":{"type":"Point","coordinates":[-74.02631260113428,40.62519442199092]},"properties":{"tpcondition":"Unknown","stumpdiameter":"27","riskratingdate":null,"riskrating":null,"objectid":"4016725","globalid":"D174C3F4-FB32-4D4A-AE74-25A8732C66F1","tpstructure":"Retired","plantingspaceglobalid":"4BE29C7F-FEF6-4C37-B62F-CE4CC40E2E07","createddate":"2016-07-27 13:26:00.0000000","dbh":"24","planteddate":null,"updateddate":"2024-04-11 16:44:24.0000000","geometry":"POINT(-74.02631260113428 40.62519442199092)","genusspecies":"Quercus palustris - pin oak"}},{"type":"Feature","geometry":{"type":"Point","coordinates":[-73.72506290173614,40.738011256483595]},"properties":{"tpcondition":"Unknown","stumpdiameter":"9","riskratingdate":null,"riskrating":null,"objectid":"4016726","globalid":"3B9E9CA3-007E-4216-81B8-DDD49EBCC10B","tpstructure":"Retired","plantingspaceglobalid":"A4C0E47E-7AA1-49A2-A7D3-E0FC283D7A19","createddate":"2016-06-30 10:09:13.0000000","dbh":"0","planteddate":null,"updateddate":"2024-10-14 17:55:03.0000000","geometry":"POINT(-73.72506290173614 40.738011256483595)","genusspecies":"Unknown - Unknown"}},{"type":"Feature","geometry":{"type":"Point","coordinates":[-73.73951103849421,40.77379737921055]},"properties":{"tpcondition":"Good","stumpdiameter":"0","riskratingdate":null,"riskrating":null,"objectid":"4016727","globalid":"8D62C2C1-2DE9-486A-B1D7-72A5D49A3774","tpstructure":"Full","plantingspaceglobalid":"F4448EFF-BAE5-43A5-BB97-1E2F015DBE71","createddate":"2016-07-27 13:34:21.0000000","dbh":"4","planteddate":null,"updateddate":null,"geometry":"POINT(-73.73951103849421 40.77379737921055)","genusspecies":"Taxodium distichum - bald cypress"}},{"type":"Feature","geometry":{"type":"Point","coordinates":[-73.9818988344218,40.62604630409547]},"properties":{"tpcondition":"Good","stumpdiameter":null,"riskratingdate":"2019-09-30 17:18:04.0000000","riskrating":"4","objectid":"4016728","globalid":"2784AE9B-0AE6-492A-B8CC-44C6D438DAF0","tpstructure":"Full","plantingspaceglobalid":"24E156A2-D11F-4DE9-B5CE-94E5CFDFC64B","createddate":"2016-07-27 13:17:37.0000000","dbh":"12","planteddate":null,"updateddate":"2019-09-30 17:18:04.0000000","geometry":"POINT(-73.9818988344218 40.62604630409547)","genusspecies":"Gleditsia triacanthos var. inermis - Thornless honeylocust"}},{"type":"Feature","geometry":{"type":"Point","coordinates":[-73.75843820797759,40.72416499927312]},"properties":{"tpcondition":"Good","stumpdiameter":"0","riskratingdate":null,"riskrating":null,"objectid":"4016729","globalid":"2DE5A3B2-5122-4E9F-9C1D-4AD7501FEECC","tpstructure":"Full","plantingspaceglobalid":"F9AAEE2B-C1FB-4F4B-841D-3DE0C8150F78","createddate":"2016-07-27 14:28:58.0000000","dbh":"31","planteddate":null,"updateddate":"2018-03-20 13:26:00.0000000","geometry":"POINT(-73.75843820797759 40.72416499927312)","genusspecies":"Quercus palustris - pin oak"}},{"type":"Feature","geometry":{"type":"Point","coordinates":[-73.73397352157568,40.75624469932633]},"properties":{"tpcondition":"Excellent","stumpdiameter":null,"riskratingdate":"2023-11-24 15:10:34.0000000","riskrating":"6","objectid":"4016730","globalid":"FB6BEA17-824D-4F43-9DB4-2BD2BD1A2AF0","tpstructure":"Full","plantingspaceglobalid":"131A247D-3633-4881-BD79-206E4B4CBF6E","createddate":"2016-07-27 13:52:09.0000000","dbh":"14","planteddate":null,"updateddate":"2023-11-24 15:10:34.0000000","geometry":"POINT(-73.73397352157568 40.75624469932633)","genusspecies":"Quercus palustris - pin oak"}},{"type":"Feature","geometry":{"type":"Point","coordinates":[-73.71336428458913,40.73287515980348]},"properties":{"tpcondition":"Poor","stumpdiameter":null,"riskratingdate":"2025-10-13 13:33:38.0000000","riskrating":"7","objectid":"4016731","globalid":"E829D00A-0201-4BB0-AF42-CCF5E9AB0D36","tpstructure":"Full","plantingspaceglobalid":"8B81FB70-B0FF-411D-84A3-9082660FC974","createddate":"2016-06-30 09:49:43.0000000","dbh":"11","planteddate":null,"updateddate":"2025-10-13 13:33:38.0000000","geometry":"POINT(-73.71336428458913 40.73287515980348)","genusspecies":"Acer platanoides 'Not Green Leaf' - 'Not Green Leaf' Norway maple"}},{"type":"Feature","geometry":{"type":"Point","coordinates":[-74.02435232557688,40.630416624162876]},"properties":{"tpcondition":"Good","stumpdiameter":null,"riskratingdate":"2024-06-27 19:28:40.0000000","riskrating":"3","objectid":"4016732","globalid":"8B2AB99D-61F2-4C15-84AB-5203FCEE7016","tpstructure":"Full","plantingspaceglobalid":"D25365C9-CF26-4EA2-8614-3951290595B1","createddate":"2016-07-27 14:24:14.0000000","dbh":"19","planteddate":null,"updateddate":"2024-06-27 19:28:40.0000000","geometry":"POINT(-74.02435232557688 40.630416624162876)","genusspecies":"Platanus x acerifolia - London planetree"}},{"type":"Feature","geometry":{"type":"Point","coordinates":[-73.75625273449826,40.68970096645446]},"properties":{"tpcondition":"Good","stumpdiameter":null,"riskratingdate":"2024-12-11 14:25:51.0000000","riskrating":"8","objectid":"4016734","globalid":"1C6D875D-519B-4A6B-AEF2-3C66F59A0852","tpstructure":"Full","plantingspaceglobalid":"B13885FF-27F2-45A6-9E2E-0A74043933E4","createddate":"2016-06-30 10:12:57.0000000","dbh":"38","planteddate":null,"updateddate":"2024-12-11 14:25:51.0000000","geometry":"POINT(-73.75625273449826 40.68970096645446)","genusspecies":"Quercus palustris - pin oak"}},{"type":"Feature","geometry":{"type":"Point","coordinates":[-73.86304753221464,40.704282659756]},"properties":{"tpcondition":"Good","stumpdiameter":null,"riskratingdate":"2024-01-04 14:10:25.0000000","riskrating":"7","objectid":"4016735","globalid":"4E42F131-D16A-4210-8A40-1E9F635ED662","tpstructure":"Full","plantingspaceglobalid":"A30D1711-3092-4A28-BAF0-E8F9AF29FF51","createddate":"2016-07-27 13:14:29.0000000","dbh":"29","planteddate":null,"updateddate":"2024-01-04 14:10:25.0000000","geometry":"POINT(-73.86304753221464 40.704282659756)","genusspecies":"Ailanthus altissima - tree of heaven"}},{"type":"Feature","geometry":{"type":"Point","coordinates":[-73.74295037113836,40.77099196205706]},"properties":{"tpcondition":"Dead","stumpdiameter":"18","riskratingdate":"2024-05-24 17:43:58.0000000","riskrating":"7","objectid":"4016736","globalid":"D66D5B45-16F8-4FE3-BE2F-45C0B80E7FB6","tpstructure":"Stump","plantingspaceglobalid":"CC3FEA2F-EC9E-477F-8E2F-AED9FB6D7FA3","createddate":"2016-07-27 13:20:56.0000000","dbh":null,"planteddate":null,"updateddate":"2024-05-24 17:47:57.0000000","geometry":"POINT(-73.74295037113836 40.77099196205706)","genusspecies":"Fraxinus pennsylvanica - Green ash"}},{"type":"Feature","geometry":{"type":"Point","coordinates":[-73.71693409874209,40.74632384187896]},"properties":{"tpcondition":"Fair","stumpdiameter":null,"riskratingdate":"2021-01-08 15:12:57.0000000","riskrating":"8","objectid":"4016737","globalid":"AFC8E82F-5CFB-499A-9C5D-D5A064C6437B","tpstructure":"Full","plantingspaceglobalid":"1D975275-FD6E-4A51-8601-6969035D13E8","createddate":"2016-06-30 10:24:36.0000000","dbh":"27","planteddate":null,"updateddate":"2021-01-08 15:12:57.0000000","geometry":"POINT(-73.71693409874209 40.74632384187896)","genusspecies":"Platanus x acerifolia - London planetree"}},{"type":"Feature","geometry":{"type":"Point","coordinates":[-74.17042878306381,40.534962913700355]},"properties":{"tpcondition":"Fair","stumpdiameter":"0","riskratingdate":null,"riskrating":null,"objectid":"4016738","globalid":"334C02DE-117C-4143-ACEC-9D6F8B602999","tpstructure":"Full","plantingspaceglobalid":"E52FFD1E-B219-4283-A43B-602BFEB3CADC","createddate":"2016-06-30 10:36:57.0000000","dbh":"7","planteddate":null,"updateddate":"2017-07-18 12:05:05.0000000","geometry":"POINT(-74.17042878306381 40.534962913700355)","genusspecies":"Acer platanoides - Norway maple"}},{"type":"Feature","geometry":{"type":"Point","coordinates":[-73.79164146544245,40.75108900340527]},"properties":{"tpcondition":"Good","stumpdiameter":"0","riskratingdate":null,"riskrating":null,"objectid":"4016739","globalid":"21692D6A-AD9E-440D-92BA-44E456D2612B","tpstructure":"Full","plantingspaceglobalid":"81A02717-8292-4633-BF88-B3AD1ACE7F87","createddate":"2016-07-27 13:24:27.0000000","dbh":"3","planteddate":null,"updateddate":null,"geometry":"POINT(-73.79164146544245 40.75108900340527)","genusspecies":"Gleditsia triacanthos var. inermis - Thornless honeylocust"}},{"type":"Feature","geometry":{"type":"Point","coordinates":[-73.70328054316465,40.73989167475378]},"properties":{"tpcondition":"Good","stumpdiameter":null,"riskratingdate":"2020-12-11 16:24:30.0000000","riskrating":"6","objectid":"4016740","globalid":"EE57D0F0-8A07-4BC0-9E40-D9FDFB8285CE","tpstructure":"Full","plantingspaceglobalid":"1170B11E-B356-48BF-973C-647C2E64D709","createddate":"2016-06-30 10:30:29.0000000","dbh":"22","planteddate":null,"updateddate":"2020-12-11 16:24:30.0000000","geometry":"POINT(-73.70328054316465 40.73989167475378)","genusspecies":"Acer saccharinum - silver maple"}},{"type":"Feature","geometry":{"type":"Point","coordinates":[-73.81984639280148,40.79723831139674]},"properties":{"tpcondition":"Good","stumpdiameter":null,"riskratingdate":"2022-01-02 04:09:06.0000000","riskrating":"6","objectid":"4016741","globalid":"64488282-5464-411E-9549-0DC0A5AE2661","tpstructure":"Full","plantingspaceglobalid":"53BA1E83-0EBB-48B6-9C91-08602D03A0ED","createddate":"2016-06-30 09:54:03.0000000","dbh":"5","planteddate":null,"updateddate":"2022-01-02 04:09:06.0000000","geometry":"POINT(-73.81984639280148 40.79723831139674)","genusspecies":"Cercis canadensis - eastern redbud"}},{"type":"Feature","geometry":{"type":"Point","coordinates":[-74.03456333454307,40.63462312102817]},"properties":{"tpcondition":"Good","stumpdiameter":null,"riskratingdate":"2023-04-21 12:43:06.0000000","riskrating":"7","objectid":"4016742","globalid":"2A6926C2-49EB-4E6D-932F-4C1077195735","tpstructure":"Full","plantingspaceglobalid":"B6E6B51A-83A2-48F3-9D64-3194A0DEFF6D","createddate":"2016-07-27 12:58:28.0000000","dbh":"7","planteddate":null,"updateddate":"2023-04-21 12:43:06.0000000","geometry":"POINT(-74.03456333454307 40.63462312102817)","genusspecies":"Prunus serrulata 'Green leaf' - 'Green leaf' Japanese flowering cherry"}},{"type":"Feature","geometry":{"type":"Point","coordinates":[-74.11704963421427,40.60386754588588]},"properties":{"tpcondition":"Good","stumpdiameter":null,"riskratingdate":"2024-03-28 13:53:00.0000000","riskrating":"6","objectid":"4016743","globalid":"B7D5EAE6-CF42-431E-A947-71234F9964AA","tpstructure":"Full","plantingspaceglobalid":"5CF07199-EA35-4165-B860-229F018F661F","createddate":"2016-06-30 10:10:47.0000000","dbh":"6","planteddate":null,"updateddate":"2024-03-28 13:53:00.0000000","geometry":"POINT(-74.11704963421427 40.60386754588588)","genusspecies":"Acer rubrum - red maple"}},{"type":"Feature","geometry":{"type":"Point","coordinates":[-73.90367209652774,40.73648257469416]},"properties":{"tpcondition":"Fair","stumpdiameter":null,"riskratingdate":"2024-09-06 13:06:35.0000000","riskrating":"8","objectid":"4016744","globalid":"FEF6F42A-AF02-442A-A02C-6291016817A6","tpstructure":"Full","plantingspaceglobalid":"A2910B95-52A0-4CB8-99DD-F3B46DF2F113","createddate":"2016-07-27 13:42:34.0000000","dbh":"15","planteddate":null,"updateddate":"2024-09-06 13:06:35.0000000","geometry":"POINT(-73.90367209652774 40.73648257469416)","genusspecies":"Gleditsia triacanthos var. inermis - Thornless honeylocust"}},{"type":"Feature","geometry":{"type":"Point","coordinates":[-73.97986809635366,40.62216190628738]},"properties":{"tpcondition":"Dead","stumpdiameter":"3","riskratingdate":null,"riskrating":null,"objectid":"4016745","globalid":"9539D080-91D8-421A-99EE-3CF23DB4424B","tpstructure":"Retired","plantingspaceglobalid":"F89D1641-0C9D-411B-895C-2E557606CEDB","createddate":"2016-07-27 13:50:50.0000000","dbh":"4","planteddate":null,"updateddate":"2025-02-24 15:28:34.0000000","geometry":"POINT(-73.97986809635366 40.62216190628738)","genusspecies":"Unknown - Unknown"}},{"type":"Feature","geometry":{"type":"Point","coordinates":[-73.73032272655713,40.69811707210209]},"properties":{"tpcondition":"Good","stumpdiameter":"0","riskratingdate":null,"riskrating":null,"objectid":"4016746","globalid":"9F6323B4-606A-4767-A8F6-05199CA5C6E6","tpstructure":"Full","plantingspaceglobalid":"03000749-8BA1-4DED-A0A6-B86AB2F68069","createddate":"2016-07-27 14:26:09.0000000","dbh":"12","planteddate":null,"updateddate":"2019-03-13 18:01:54.0000000","geometry":"POINT(-73.73032272655713 40.69811707210209)","genusspecies":"Gleditsia triacanthos var. inermis - Thornless honeylocust"}},{"type":"Feature","geometry":{"type":"Point","coordinates":[-73.78497286464362,40.75390959379171]},"properties":{"tpcondition":"Poor","stumpdiameter":"0","riskratingdate":"2020-01-06 15:34:00.0000000","riskrating":"8","objectid":"4016747","globalid":"C3E5A9C4-0746-4B02-B9F3-A09714096470","tpstructure":"Stump","plantingspaceglobalid":"AB460839-996C-4517-93F8-D9A6E77BCC23","createddate":"2016-07-27 13:31:00.0000000","dbh":"22","planteddate":null,"updateddate":"2020-03-11 17:48:00.0000000","geometry":"POINT(-73.78497286464362 40.75390959379171)","genusspecies":"Salix babylonica - Weeping willow"}},{"type":"Feature","geometry":{"type":"Point","coordinates":[-73.79684498370128,40.78947185045815]},"properties":{"tpcondition":"Dead","stumpdiameter":"0","riskratingdate":"2022-01-03 17:46:00.0000000","riskrating":"8","objectid":"4016748","globalid":"B64A91B9-3C2A-47C6-9B16-9624B439F908","tpstructure":"Retired","plantingspaceglobalid":"13E8F2AF-8FF3-4421-847B-428F03D87809","createddate":"2016-06-30 09:55:00.0000000","dbh":"20","planteddate":null,"updateddate":"2025-11-12 19:37:01.0000000","geometry":"POINT(-73.79684498370128 40.78947185045815)","genusspecies":"Acer saccharinum - silver maple"}},{"type":"Feature","geometry":{"type":"Point","coordinates":[-73.7704269444794,40.701822385037445]},"properties":{"tpcondition":"Fair","stumpdiameter":"0","riskratingdate":null,"riskrating":null,"objectid":"4016749","globalid":"590E86FA-DE10-489C-BD29-C78FEEAFB868","tpstructure":"Full","plantingspaceglobalid":"1E4D6C80-CD3E-40DB-86C0-0E8302A5FBDB","createddate":"2016-07-27 14:17:12.0000000","dbh":"4","planteddate":null,"updateddate":"2017-04-28 08:28:27.0000000","geometry":"POINT(-73.7704269444794 40.701822385037445)","genusspecies":"Gleditsia triacanthos var. inermis - Thornless honeylocust"}},{"type":"Feature","geometry":{"type":"Point","coordinates":[-73.77978002380527,40.75150036623157]},"properties":{"tpcondition":"Good","stumpdiameter":"0","riskratingdate":null,"riskrating":null,"objectid":"4016750","globalid":"FB296E76-6461-4802-A4B5-B4E8DF308EF1","tpstructure":"Full","plantingspaceglobalid":"9C9C6E69-651C-4390-85C1-8037E197F8A6","createddate":"2016-07-27 13:52:12.0000000","dbh":"26","planteddate":null,"updateddate":"2018-01-08 11:53:14.0000000","geometry":"POINT(-73.77978002380527 40.75150036623157)","genusspecies":"Quercus palustris - pin oak"}},{"type":"Feature","geometry":{"type":"Point","coordinates":[-73.71837686418172,40.73807324556776]},"properties":{"tpcondition":"Dead","stumpdiameter":null,"riskratingdate":"2023-11-03 14:08:00.0000000","riskrating":"9","objectid":"4016751","globalid":"701F1731-E9AD-41D3-A523-75E16565004C","tpstructure":"Stump","plantingspaceglobalid":"42391C66-FE71-474C-BC84-1FC441B7EB6E","createddate":"2016-06-30 10:10:00.0000000","dbh":"11","planteddate":null,"updateddate":"2025-03-27 22:11:00.0000000","geometry":"POINT(-73.71837686418172 40.73807324556776)","genusspecies":"Pyrus calleryana - Callery pear"}},{"type":"Feature","geometry":{"type":"Point","coordinates":[-73.76119956694271,40.70813587241538]},"properties":{"tpcondition":"Dead","stumpdiameter":"23","riskratingdate":"2020-10-22 19:18:00.0000000","riskrating":"3","objectid":"4016752","globalid":"16AD86FD-24CB-4D45-8B7D-CE2F5851A717","tpstructure":"Retired","plantingspaceglobalid":"F7E4018D-C897-4BC5-8561-8B3522063A49","createddate":"2016-07-27 14:12:00.0000000","dbh":"23","planteddate":null,"updateddate":"2021-01-28 18:14:00.0000000","geometry":"POINT(-73.76119956694271 40.70813587241538)","genusspecies":"Tilia americana - American basswood"}},{"type":"Feature","geometry":{"type":"Point","coordinates":[-73.80757912273683,40.789108269116745]},"properties":{"tpcondition":"Fair","stumpdiameter":null,"riskratingdate":"2022-01-28 16:23:13.0000000","riskrating":"7","objectid":"4016753","globalid":"8AF1592C-9B76-4DAB-A729-AA38FCBF5A04","tpstructure":"Full","plantingspaceglobalid":"CD4370DD-BCE1-45EA-896A-4A1BFF70DE89","createddate":"2016-07-27 13:06:20.0000000","dbh":"31","planteddate":null,"updateddate":"2022-01-28 16:23:13.0000000","geometry":"POINT(-73.80757912273683 40.789108269116745)","genusspecies":"Acer saccharinum - silver maple"}},{"type":"Feature","geometry":{"type":"Point","coordinates":[-73.81803129280551,40.744234563911746]},"properties":{"tpcondition":"Good","stumpdiameter":"0","riskratingdate":"2018-01-12 11:11:42.0000000","riskrating":"3","objectid":"4016754","globalid":"AB655B8D-1092-4820-926A-9DAE65588398","tpstructure":"Full","plantingspaceglobalid":"CDE351FA-C35B-4159-9D84-30B496D53265","createddate":"2016-07-27 13:17:47.0000000","dbh":"12","planteddate":null,"updateddate":"2018-09-21 17:09:48.0000000","geometry":"POINT(-73.81803129280551 40.744234563911746)","genusspecies":"Gleditsia triacanthos var. inermis - Thornless honeylocust"}},{"type":"Feature","geometry":{"type":"Point","coordinates":[-73.78642477729065,40.71734939514716]},"properties":{"tpcondition":"Unknown","stumpdiameter":"0","riskratingdate":null,"riskrating":null,"objectid":"4016755","globalid":"462D86D1-2A25-4A20-8A06-0DF095219DE4","tpstructure":"Retired","plantingspaceglobalid":"10128502-FA8F-4DC0-8E0C-E332CBB44118","createddate":"2016-07-27 13:34:52.0000000","dbh":"0","planteddate":null,"updateddate":"2016-01-01 12:19:01.0000000","geometry":"POINT(-73.78642477729065 40.71734939514716)","genusspecies":"Prunus serrulata 'Green leaf' - 'Green leaf' Japanese flowering cherry"}},{"type":"Feature","geometry":{"type":"Point","coordinates":[-73.72761099427385,40.72398643810364]},"properties":{"tpcondition":"Dead","stumpdiameter":"33","riskratingdate":"2021-01-27 15:46:00.0000000","riskrating":"9","objectid":"4016756","globalid":"04E61C70-00A9-4EBB-9229-BE186310ACA7","tpstructure":"Retired","plantingspaceglobalid":"C963292E-A933-48BC-8D94-EC56BF707CA9","createddate":"2016-06-30 10:24:00.0000000","dbh":null,"planteddate":null,"updateddate":"2023-11-14 18:19:36.0000000","geometry":"POINT(-73.72761099427385 40.72398643810364)","genusspecies":"Platanus x acerifolia - London planetree"}},{"type":"Feature","geometry":{"type":"Point","coordinates":[-73.70327407946542,40.73951010569156]},"properties":{"tpcondition":"Good","stumpdiameter":null,"riskratingdate":"2025-05-29 15:55:55.0000000","riskrating":"7","objectid":"4016757","globalid":"6F3AB5EC-D029-4D10-8BB5-4BE86798E57D","tpstructure":"Full","plantingspaceglobalid":"282DC71F-BA2A-48B8-9B3E-052AF6B0E914","createddate":"2016-06-30 09:54:47.0000000","dbh":"21","planteddate":null,"updateddate":"2025-05-29 15:55:55.0000000","geometry":"POINT(-73.70327407946542 40.73951010569156)","genusspecies":"Tilia cordata - littleleaf linden"}},{"type":"Feature","geometry":{"type":"Point","coordinates":[-73.7193036826337,40.75405692809258]},"properties":{"tpcondition":"Unknown","stumpdiameter":"14","riskratingdate":null,"riskrating":null,"objectid":"4016758","globalid":"48B2CC17-929E-429F-BAF5-C848B76AA439","tpstructure":"Retired","plantingspaceglobalid":"6AAEEBCA-8CAE-4F49-A1EF-BC259C3B8635","createddate":"2016-06-30 10:13:44.0000000","dbh":"0","planteddate":null,"updateddate":"2020-12-16 17:04:17.0000000","geometry":"POINT(-73.7193036826337 40.75405692809258)","genusspecies":"Unknown - Unknown"}},{"type":"Feature","geometry":{"type":"Point","coordinates":[-73.79373786764616,40.725025360489184]},"properties":{"tpcondition":"Poor","stumpdiameter":null,"riskratingdate":"2021-08-03 19:05:54.0000000","riskrating":"7","objectid":"4016759","globalid":"85410B4B-DC22-4638-BF5B-C11A5A7EB72E","tpstructure":"Retired","plantingspaceglobalid":"9ED35E9E-A983-4504-8934-7D1541082A38","createddate":"2016-07-27 13:10:07.0000000","dbh":"11","planteddate":null,"updateddate":"2022-06-14 18:34:48.0000000","geometry":"POINT(-73.79373786764616 40.725025360489184)","genusspecies":"Fraxinus pennsylvanica - Green ash"}},{"type":"Feature","geometry":{"type":"Point","coordinates":[-73.75916605103963,40.717593557792824]},"properties":{"tpcondition":"Good","stumpdiameter":"0","riskratingdate":null,"riskrating":null,"objectid":"4016760","globalid":"7A8AA65D-81AA-4C29-8B89-550F405EE314","tpstructure":"Full","plantingspaceglobalid":"AD0CEF0E-B04A-4DA7-839D-E5227D67D4D6","createddate":"2016-07-27 14:19:00.0000000","dbh":"8","planteddate":null,"updateddate":"2019-03-14 16:04:41.0000000","geometry":"POINT(-73.75916605103963 40.717593557792824)","genusspecies":"Koelreuteria paniculata - goldenrain tree"}},{"type":"Feature","geometry":{"type":"Point","coordinates":[-73.76657314941795,40.678290617189006]},"properties":{"tpcondition":"Good","stumpdiameter":null,"riskratingdate":"2025-02-07 13:28:03.0000000","riskrating":"7","objectid":"4016761","globalid":"49F04ADE-4642-4F68-A3EE-1BB6544C9E41","tpstructure":"Full","plantingspaceglobalid":"4C6BA0AA-F586-41FD-A57D-F06A5FC20D06","createddate":"2016-07-27 14:21:45.0000000","dbh":"17","planteddate":null,"updateddate":"2025-02-07 13:28:03.0000000","geometry":"POINT(-73.76657314941795 40.678290617189006)","genusspecies":"Gleditsia triacanthos var. inermis - Thornless honeylocust"}},{"type":"Feature","geometry":{"type":"Point","coordinates":[-73.7453508655752,40.74879717841816]},"properties":{"tpcondition":"Good","stumpdiameter":null,"riskratingdate":"2021-10-12 15:48:50.0000000","riskrating":"8","objectid":"4016762","globalid":"D0AC1C5A-8A66-457C-9751-CA4B7E168FEE","tpstructure":"Full","plantingspaceglobalid":"6A5D7CFC-ABC7-4243-A397-832327C5FA64","createddate":"2016-07-27 14:25:27.0000000","dbh":"29","planteddate":null,"updateddate":"2021-10-12 15:48:50.0000000","geometry":"POINT(-73.7453508655752 40.74879717841816)","genusspecies":"Platanus x acerifolia - London planetree"}},{"type":"Feature","geometry":{"type":"Point","coordinates":[-74.17346913305245,40.533322181863646]},"properties":{"tpcondition":"Fair","stumpdiameter":"0","riskratingdate":null,"riskrating":null,"objectid":"4016763","globalid":"85F0BE91-5AAC-401A-9EAB-7E814E1A807E","tpstructure":"Full","plantingspaceglobalid":"0594552F-B32E-4D4E-A8E0-F72D1FAAB1FC","createddate":"2016-06-30 09:49:05.0000000","dbh":"6","planteddate":null,"updateddate":"2017-07-17 15:29:01.0000000","geometry":"POINT(-74.17346913305245 40.533322181863646)","genusspecies":"Pyrus calleryana - Callery pear"}},{"type":"Feature","geometry":{"type":"Point","coordinates":[-73.7084155223162,40.73479561256253]},"properties":{"tpcondition":"Good","stumpdiameter":"0","riskratingdate":"2020-03-20 19:27:11.0000000","riskrating":"6","objectid":"4016764","globalid":"6D2E1BE1-D001-4CB0-A57D-E51BE20A9036","tpstructure":"Full","plantingspaceglobalid":"4FC2108B-E4CB-49D2-92CB-10AA7CA1C304","createddate":"2016-06-30 10:30:00.0000000","dbh":"16","planteddate":null,"updateddate":"2020-03-20 19:27:11.0000000","geometry":"POINT(-73.7084155223162 40.73479561256253)","genusspecies":"Platanus x acerifolia - London planetree"}},{"type":"Feature","geometry":{"type":"Point","coordinates":[-73.91635911271982,40.76346579208804]},"properties":{"tpcondition":"Good","stumpdiameter":"0","riskratingdate":"2020-03-11 15:10:26.0000000","riskrating":"3","objectid":"4016765","globalid":"A35BEAAB-98B2-4C49-AA3F-981881B79240","tpstructure":"Full","plantingspaceglobalid":"B09B7868-F8AD-4D22-BE58-254BBA42D96D","createddate":"2016-07-27 14:15:12.0000000","dbh":"5","planteddate":null,"updateddate":"2020-03-11 15:10:26.0000000","geometry":"POINT(-73.91635911271982 40.76346579208804)","genusspecies":"Ginkgo biloba - maidenhair tree"}},{"type":"Feature","geometry":{"type":"Point","coordinates":[-73.72947691610746,40.74053417553963]},"properties":{"tpcondition":"Poor","stumpdiameter":"0","riskratingdate":null,"riskrating":null,"objectid":"4016766","globalid":"FFA4DA4C-D425-4A3A-A7A1-57AAFF1B4CEC","tpstructure":"Full","plantingspaceglobalid":"4DB01A06-C137-46D8-ABCE-5307D60CFB55","createddate":"2016-07-27 13:04:33.0000000","dbh":"2","planteddate":null,"updateddate":null,"geometry":"POINT(-73.72947691610746 40.74053417553963)","genusspecies":"Prunus cerasifera - cherry plum"}},{"type":"Feature","geometry":{"type":"Point","coordinates":[-73.73217468011428,40.72429387673527]},"properties":{"tpcondition":"Good","stumpdiameter":"0","riskratingdate":null,"riskrating":null,"objectid":"4016767","globalid":"449870AB-0524-4042-B55D-EE62211BFFD1","tpstructure":"Full","plantingspaceglobalid":"7A7AE5CA-7958-46A2-80A3-D5E87A2BB5A8","createddate":"2016-07-27 13:21:25.0000000","dbh":"17","planteddate":null,"updateddate":"2017-12-01 11:16:38.0000000","geometry":"POINT(-73.73217468011428 40.72429387673527)","genusspecies":"Gleditsia triacanthos var. inermis - Thornless honeylocust"}},{"type":"Feature","geometry":{"type":"Point","coordinates":[-73.80864489179235,40.71890163925176]},"properties":{"tpcondition":"Critical","stumpdiameter":"12","riskratingdate":"2018-07-06 12:30:00.0000000","riskrating":"9","objectid":"4016768","globalid":"08521D78-0C38-4F8E-B81F-7B1EE47A0A1F","tpstructure":"Retired","plantingspaceglobalid":"8879655D-FC4B-4414-8D30-FE1D0F895527","createddate":"2016-07-27 14:23:00.0000000","dbh":"11","planteddate":null,"updateddate":"2020-03-16 20:22:00.0000000","geometry":"POINT(-73.80864489179235 40.71890163925176)","genusspecies":"Unknown - Unknown"}},{"type":"Feature","geometry":{"type":"Point","coordinates":[-73.79400194469024,40.758348790226485]},"properties":{"tpcondition":"Fair","stumpdiameter":null,"riskratingdate":"2023-09-05 13:10:42.0000000","riskrating":"6","objectid":"4016769","globalid":"1871EAB7-3D48-4185-9F76-CE2A4AF6A9A3","tpstructure":"Full","plantingspaceglobalid":"57FBAE98-56EE-4EC0-8552-C12B7FC96E85","createddate":"2016-07-27 13:55:36.0000000","dbh":"16","planteddate":null,"updateddate":"2023-09-05 13:10:42.0000000","geometry":"POINT(-73.79400194469024 40.758348790226485)","genusspecies":"Tilia cordata - littleleaf linden"}},{"type":"Feature","geometry":{"type":"Point","coordinates":[-74.20409954424044,40.53756303224266]},"properties":{"tpcondition":"Fair","stumpdiameter":null,"riskratingdate":"2021-10-20 13:16:04.0000000","riskrating":"6","objectid":"4016770","globalid":"57B28FA3-4591-4411-AC8B-B02955A9900C","tpstructure":"Full","plantingspaceglobalid":"654E37FC-504B-41F1-9BBC-16654620311E","createddate":"2016-06-30 09:59:33.0000000","dbh":"7","planteddate":null,"updateddate":"2021-10-20 13:16:04.0000000","geometry":"POINT(-74.20409954424044 40.53756303224266)","genusspecies":"Syringa reticulata - Japanese tree lilac"}},{"type":"Feature","geometry":{"type":"Point","coordinates":[-73.87147838698603,40.76779826211055]},"properties":{"tpcondition":"Good","stumpdiameter":"0","riskratingdate":null,"riskrating":null,"objectid":"4016771","globalid":"BA00E7E2-01A0-495A-A31C-C523E55AB19C","tpstructure":"Full","plantingspaceglobalid":"636BFE7F-E948-42FA-B05E-3CDF5CDE3157","createddate":"2016-07-27 14:21:20.0000000","dbh":"11","planteddate":null,"updateddate":"2018-12-10 12:39:33.0000000","geometry":"POINT(-73.87147838698603 40.76779826211055)","genusspecies":"Prunus serrulata 'Green leaf' - 'Green leaf' Japanese flowering cherry"}},{"type":"Feature","geometry":{"type":"Point","coordinates":[-73.72572575505123,40.730588338958064]},"properties":{"tpcondition":"Good","stumpdiameter":"0","riskratingdate":"2017-08-01 14:31:04.0000000","riskrating":"3","objectid":"4016772","globalid":"E6E3212D-549C-4458-BA67-1D1D6A6B0C59","tpstructure":"Full","plantingspaceglobalid":"67AD39A8-FC47-467E-BBF4-387F9A76A993","createddate":"2016-07-27 14:17:59.0000000","dbh":"30","planteddate":null,"updateddate":"2017-11-21 04:11:11.0000000","geometry":"POINT(-73.72572575505123 40.730588338958064)","genusspecies":"Platanus x acerifolia - London planetree"}},{"type":"Feature","geometry":{"type":"Point","coordinates":[-73.70101573760424,40.73915356305931]},"properties":{"tpcondition":"Good","stumpdiameter":"0","riskratingdate":"2020-03-20 14:52:47.0000000","riskrating":"3","objectid":"4016773","globalid":"130492F9-96A0-4115-833E-4AEB6CE5BAAD","tpstructure":"Full","plantingspaceglobalid":"0B76426A-54B9-4774-952A-D3A9F957B132","createddate":"2016-06-30 10:00:00.0000000","dbh":"9","planteddate":null,"updateddate":"2020-03-20 14:52:47.0000000","geometry":"POINT(-73.70101573760424 40.73915356305931)","genusspecies":"Gleditsia triacanthos var. inermis - Thornless honeylocust"}},{"type":"Feature","geometry":{"type":"Point","coordinates":[-73.72831752076146,40.65289730727783]},"properties":{"tpcondition":"Good","stumpdiameter":null,"riskratingdate":"2023-05-02 15:33:05.0000000","riskrating":"5","objectid":"4016774","globalid":"44390B95-09F2-4436-A68B-BD95DB0DD98F","tpstructure":"Full","plantingspaceglobalid":"DE06AC03-D053-4487-AADC-47CF619E65D0","createddate":"2016-07-27 14:24:13.0000000","dbh":"23","planteddate":null,"updateddate":"2023-05-02 15:33:05.0000000","geometry":"POINT(-73.72831752076146 40.65289730727783)","genusspecies":"Platanus x acerifolia - London planetree"}},{"type":"Feature","geometry":{"type":"Point","coordinates":[-73.7187418114454,40.73084569068244]},"properties":{"tpcondition":"Good","stumpdiameter":"0","riskratingdate":null,"riskrating":null,"objectid":"4016775","globalid":"57BB05BF-9A06-4BC1-8A06-1822DDF11ECD","tpstructure":"Full","plantingspaceglobalid":"9BE231D0-B503-4E8B-9E6B-429984050BCC","createddate":"2016-06-30 10:26:06.0000000","dbh":"14","planteddate":null,"updateddate":"2017-04-12 13:18:26.0000000","geometry":"POINT(-73.7187418114454 40.73084569068244)","genusspecies":"Liquidambar styraciflua - sweetgum"}},{"type":"Feature","geometry":{"type":"Point","coordinates":[-73.86798526755078,40.7574831817388]},"properties":{"tpcondition":"Dead","stumpdiameter":"0","riskratingdate":null,"riskrating":null,"objectid":"4016776","globalid":"8F948803-511A-486C-984C-46B9C90D25B4","tpstructure":"Retired","plantingspaceglobalid":"B1A5B56E-3C97-4C96-96B3-BC1C059A4547","createddate":"2016-07-27 13:01:00.0000000","dbh":"8","planteddate":null,"updateddate":"2017-01-24 03:34:02.0000000","geometry":"POINT(-73.86798526755078 40.7574831817388)","genusspecies":"Tilia cordata - littleleaf linden"}},{"type":"Feature","geometry":{"type":"Point","coordinates":[-73.74942947611532,40.671206984353375]},"properties":{"tpcondition":"Dead","stumpdiameter":null,"riskratingdate":null,"riskrating":null,"objectid":"4016777","globalid":"A7E37A9D-4A44-44C5-AE9E-25F3D216EF9D","tpstructure":"Retired","plantingspaceglobalid":"35286F5B-826E-4218-BF71-509B9CA5ACEA","createddate":"2016-06-30 10:12:00.0000000","dbh":"4","planteddate":null,"updateddate":"2024-05-06 12:21:39.0000000","geometry":"POINT(-73.74942947611532 40.671206984353375)","genusspecies":"Pyrus calleryana - Callery pear"}},{"type":"Feature","geometry":{"type":"Point","coordinates":[-73.75638162534723,40.69322742440483]},"properties":{"tpcondition":"Dead","stumpdiameter":"0","riskratingdate":"2017-06-21 10:18:00.0000000","riskrating":"6","objectid":"4016778","globalid":"5D2A3C33-04C7-4EEA-88B1-A3E4DA09CC86","tpstructure":"Retired","plantingspaceglobalid":"FCAB2E4F-8C75-4AEA-A16A-08A8D4BBCF8D","createddate":"2016-07-27 13:48:00.0000000","dbh":"11","planteddate":null,"updateddate":"2024-12-04 15:54:00.0000000","geometry":"POINT(-73.75638162534723 40.69322742440483)","genusspecies":"Prunus cerasifera - cherry plum"}},{"type":"Feature","geometry":{"type":"Point","coordinates":[-73.94762416624927,40.62187290032193]},"properties":{"tpcondition":"Poor","stumpdiameter":"0","riskratingdate":"2017-12-04 11:36:17.0000000","riskrating":"9","objectid":"4016779","globalid":"2AD63F42-83AF-4F0E-ADEF-8E76CE2C26AD","tpstructure":"Retired","plantingspaceglobalid":"06E53E6D-E717-4E3C-9E4D-B690EC2CE511","createddate":"2016-07-27 14:22:19.0000000","dbh":"23","planteddate":null,"updateddate":"2018-10-29 14:17:45.0000000","geometry":"POINT(-73.94762416624927 40.62187290032193)","genusspecies":"Quercus robur - English oak"}},{"type":"Feature","geometry":{"type":"Point","coordinates":[-73.72990027605431,40.69738413895726]},"properties":{"tpcondition":"Good","stumpdiameter":"0","riskratingdate":null,"riskrating":null,"objectid":"4016780","globalid":"B86C4B47-1BFA-4B31-92B8-0C9E71A20674","tpstructure":"Full","plantingspaceglobalid":"AD57DA19-530B-4CD7-8943-BCFB12EFB32E","createddate":"2016-07-27 13:46:52.0000000","dbh":"8","planteddate":null,"updateddate":"2019-03-11 16:47:22.0000000","geometry":"POINT(-73.72990027605431 40.69738413895726)","genusspecies":"Acer campestre - hedge maple"}},{"type":"Feature","geometry":{"type":"Point","coordinates":[-73.70621486564934,40.74516394235571]},"properties":{"tpcondition":"Good","stumpdiameter":null,"riskratingdate":"2020-11-03 02:32:50.0000000","riskrating":"5","objectid":"4016781","globalid":"86CBDA2A-2710-405C-A2A1-E804EB02C989","tpstructure":"Full","plantingspaceglobalid":"88A68885-87DA-4B9C-8FAF-9EB8CA6FF0F0","createddate":"2016-06-30 10:29:38.0000000","dbh":"20","planteddate":null,"updateddate":"2020-11-03 02:32:50.0000000","geometry":"POINT(-73.70621486564934 40.74516394235571)","genusspecies":"Ginkgo biloba - maidenhair tree"}},{"type":"Feature","geometry":{"type":"Point","coordinates":[-73.70769898881387,40.74108587851554]},"properties":{"tpcondition":"Good","stumpdiameter":null,"riskratingdate":"2020-12-10 18:33:15.0000000","riskrating":"7","objectid":"4016782","globalid":"E6946217-8E86-4F16-9A4D-9751CE674122","tpstructure":"Full","plantingspaceglobalid":"C352EA9E-EEC6-4EF6-8930-164CE1BD7C07","createddate":"2016-06-30 10:22:21.0000000","dbh":"13","planteddate":null,"updateddate":"2020-12-10 18:33:15.0000000","geometry":"POINT(-73.70769898881387 40.74108587851554)","genusspecies":"Gleditsia triacanthos var. inermis - Thornless honeylocust"}},{"type":"Feature","geometry":{"type":"Point","coordinates":[-73.9018652518559,40.61804470288374]},"properties":{"tpcondition":"Good","stumpdiameter":"0","riskratingdate":null,"riskrating":null,"objectid":"4016783","globalid":"B02F54F0-880A-4654-873C-0D984E59DF60","tpstructure":"Full","plantingspaceglobalid":"B8ADCEA2-33D8-47B3-BCD3-2D7764053095","createddate":"2016-07-27 13:46:16.0000000","dbh":"22","planteddate":null,"updateddate":"2018-10-29 13:32:56.0000000","geometry":"POINT(-73.9018652518559 40.61804470288374)","genusspecies":"Platanus x acerifolia - London planetree"}},{"type":"Feature","geometry":{"type":"Point","coordinates":[-73.72038996639469,40.74321780109641]},"properties":{"tpcondition":"Dead","stumpdiameter":null,"riskratingdate":"2025-03-07 13:26:00.0000000","riskrating":"8","objectid":"4016784","globalid":"6AA60BE4-815E-4B54-99CE-A3D514D0C3BB","tpstructure":"Stump","plantingspaceglobalid":"D30E3FD5-7D2C-45A2-AA94-08A72B8E7682","createddate":"2016-06-30 10:34:00.0000000","dbh":"20","planteddate":null,"updateddate":"2025-03-29 22:07:00.0000000","geometry":"POINT(-73.72038996639469 40.74321780109641)","genusspecies":"Acer platanoides - Norway maple"}},{"type":"Feature","geometry":{"type":"Point","coordinates":[-73.9493708394963,40.621682814581774]},"properties":{"tpcondition":"Fair","stumpdiameter":null,"riskratingdate":"2024-11-05 17:20:30.0000000","riskrating":"4","objectid":"4016785","globalid":"70671B2D-2824-41A2-A814-5125C68391F0","tpstructure":"Full","plantingspaceglobalid":"8F32AB41-24B9-4C79-AC18-9AEF32B46D29","createddate":"2016-07-27 13:16:20.0000000","dbh":"24","planteddate":null,"updateddate":"2024-11-05 17:20:30.0000000","geometry":"POINT(-73.9493708394963 40.621682814581774)","genusspecies":"Prunus serrulata 'Green leaf' - 'Green leaf' Japanese flowering cherry"}},{"type":"Feature","geometry":{"type":"Point","coordinates":[-73.79044149981488,40.72197055052059]},"properties":{"tpcondition":"Good","stumpdiameter":"0","riskratingdate":null,"riskrating":null,"objectid":"4016786","globalid":"63719869-6310-4C38-8067-33054F699842","tpstructure":"Full","plantingspaceglobalid":"37A37EA4-FB20-4B58-ADBF-990E072346FA","createddate":"2016-07-27 12:54:01.0000000","dbh":"13","planteddate":null,"updateddate":"2017-05-12 10:41:53.0000000","geometry":"POINT(-73.79044149981488 40.72197055052059)","genusspecies":"Platanus x acerifolia - London planetree"}},{"type":"Feature","geometry":{"type":"Point","coordinates":[-74.14445034581478,40.549797143729386]},"properties":{"tpcondition":"Dead","stumpdiameter":"14","riskratingdate":"2023-08-04 10:40:40.0000000","riskrating":"9","objectid":"4016787","globalid":"612E6FC7-F2A9-4FD8-9AFC-5C56B62FCC60","tpstructure":"Stump","plantingspaceglobalid":"9B4834B6-77F2-400E-967D-2C5095CE3AFD","createddate":"2016-06-30 10:05:51.0000000","dbh":"11","planteddate":null,"updateddate":"2023-08-23 14:25:47.0000000","geometry":"POINT(-74.14445034581478 40.549797143729386)","genusspecies":"Fraxinus pennsylvanica - Green ash"}},{"type":"Feature","geometry":{"type":"Point","coordinates":[-73.72225616870072,40.73026015402104]},"properties":{"tpcondition":"Good","stumpdiameter":"0","riskratingdate":null,"riskrating":null,"objectid":"4016788","globalid":"3591C7AC-6B95-4536-8188-0F8A43E5FC8C","tpstructure":"Full","plantingspaceglobalid":"E3904B11-F9C7-4990-ADAF-737C6DBD8316","createddate":"2016-06-30 10:15:31.0000000","dbh":"20","planteddate":null,"updateddate":"2017-04-06 14:18:25.0000000","geometry":"POINT(-73.72225616870072 40.73026015402104)","genusspecies":"Zelkova serrata - Japanese zelkova"}},{"type":"Feature","geometry":{"type":"Point","coordinates":[-73.75046073251553,40.68901398617413]},"properties":{"tpcondition":"Fair","stumpdiameter":null,"riskratingdate":"2024-12-05 13:48:52.0000000","riskrating":"5","objectid":"4016789","globalid":"4B5228CC-BBA2-42E6-AED3-F3B23EEE56D9","tpstructure":"Full","plantingspaceglobalid":"AA47BB92-8615-419B-8C76-1AA4E8941988","createddate":"2016-07-27 13:00:16.0000000","dbh":"5","planteddate":null,"updateddate":"2024-12-05 13:48:52.0000000","geometry":"POINT(-73.75046073251553 40.68901398617413)","genusspecies":"Carpinus betulus - European hornbeam"}},{"type":"Feature","geometry":{"type":"Point","coordinates":[-73.72569538269845,40.73672091884476]},"properties":{"tpcondition":"Fair","stumpdiameter":null,"riskratingdate":"2024-02-20 15:18:39.0000000","riskrating":"10","objectid":"4016790","globalid":"A17CF79C-50C0-494D-8F51-E06F1E396F90","tpstructure":"Full","plantingspaceglobalid":"9C5C87A3-0AE2-4E2D-B18A-46C5EF6ECEDE","createddate":"2016-06-30 10:36:11.0000000","dbh":"21","planteddate":null,"updateddate":"2024-04-01 18:43:35.0000000","geometry":"POINT(-73.72569538269845 40.73672091884476)","genusspecies":"Acer platanoides - Norway maple"}},{"type":"Feature","geometry":{"type":"Point","coordinates":[-73.76942593901657,40.70337396847681]},"properties":{"tpcondition":"Good","stumpdiameter":null,"riskratingdate":"2021-12-01 18:42:28.0000000","riskrating":"4","objectid":"4016791","globalid":"C9661F2F-FE3E-4F43-B851-4FE9D616372E","tpstructure":"Full","plantingspaceglobalid":"11725487-4B56-4510-947C-FA05FE627F1A","createddate":"2016-07-27 14:12:18.0000000","dbh":"14","planteddate":null,"updateddate":"2021-12-01 18:42:28.0000000","geometry":"POINT(-73.76942593901657 40.70337396847681)","genusspecies":"Gleditsia triacanthos var. inermis - Thornless honeylocust"}},{"type":"Feature","geometry":{"type":"Point","coordinates":[-73.76947397163886,40.7060026119663]},"properties":{"tpcondition":"Good","stumpdiameter":"0","riskratingdate":null,"riskrating":null,"objectid":"4016792","globalid":"7A0FC607-7FF3-4290-8AF2-C2402BFA92C4","tpstructure":"Full","plantingspaceglobalid":"85BD5AEA-56CC-4745-B453-659201DADEC2","createddate":"2016-07-27 13:06:37.0000000","dbh":"7","planteddate":null,"updateddate":"2017-04-20 14:44:01.0000000","geometry":"POINT(-73.76947397163886 40.7060026119663)","genusspecies":"Koelreuteria paniculata - goldenrain tree"}},{"type":"Feature","geometry":{"type":"Point","coordinates":[-73.75197123724446,40.72405940656804]},"properties":{"tpcondition":"Good","stumpdiameter":null,"riskratingdate":"2023-01-17 19:06:26.0000000","riskrating":"3","objectid":"4016793","globalid":"89C5E1FB-7FF6-49A1-B924-4421E049F35E","tpstructure":"Full","plantingspaceglobalid":"C943661D-2586-485A-99AD-9B84D921E7D9","createddate":"2016-07-27 13:44:48.0000000","dbh":"10","planteddate":null,"updateddate":"2023-01-17 19:06:26.0000000","geometry":"POINT(-73.75197123724446 40.72405940656804)","genusspecies":"Zelkova serrata - Japanese zelkova"}},{"type":"Feature","geometry":{"type":"Point","coordinates":[-73.80578373551485,40.71621918644603]},"properties":{"tpcondition":"Good","stumpdiameter":"0","riskratingdate":null,"riskrating":null,"objectid":"4016794","globalid":"59847460-7860-4CDB-81C9-AE38486C26B5","tpstructure":"Full","plantingspaceglobalid":"03EA081E-2508-463A-A6FF-ADD6785F6EA7","createddate":"2016-07-27 13:02:00.0000000","dbh":"2","planteddate":null,"updateddate":"2020-03-13 17:29:00.0000000","geometry":"POINT(-73.80578373551485 40.71621918644603)","genusspecies":"Acer palmatum - Japanese maple"}},{"type":"Feature","geometry":{"type":"Point","coordinates":[-73.81534234672787,40.7610908523382]},"properties":{"tpcondition":"Good","stumpdiameter":"0","riskratingdate":"2019-12-26 15:31:22.0000000","riskrating":"3","objectid":"4016795","globalid":"75FC49CA-9C7F-4137-8AC6-F8035A247589","tpstructure":"Full","plantingspaceglobalid":"32381F9C-54E6-4004-AD17-A3F35D94B2E0","createddate":"2016-07-27 13:08:06.0000000","dbh":"15","planteddate":null,"updateddate":"2019-12-26 15:31:22.0000000","geometry":"POINT(-73.81534234672787 40.7610908523382)","genusspecies":"Quercus palustris - pin oak"}},{"type":"Feature","geometry":{"type":"Point","coordinates":[-73.81618292658356,40.78579330167137]},"properties":{"tpcondition":"Fair","stumpdiameter":"0","riskratingdate":null,"riskrating":null,"objectid":"4016796","globalid":"1825B12F-4AD4-4BAE-BCEF-C7B29673B56A","tpstructure":"Full","plantingspaceglobalid":"9AFCE8B6-A70D-4CD9-9B44-F89B5577C30E","createddate":"2016-07-27 14:14:26.0000000","dbh":"3","planteddate":null,"updateddate":"2017-07-10 16:09:41.0000000","geometry":"POINT(-73.81618292658356 40.78579330167137)","genusspecies":"Prunus serrulata 'Green leaf' - 'Green leaf' Japanese flowering cherry"}},{"type":"Feature","geometry":{"type":"Point","coordinates":[-73.80585403607094,40.75403326956077]},"properties":{"tpcondition":"Fair","stumpdiameter":"0","riskratingdate":"2019-12-06 15:43:25.0000000","riskrating":"6","objectid":"4016797","globalid":"7439190D-0132-4227-B002-956927672B1F","tpstructure":"Full","plantingspaceglobalid":"C06390A4-B633-4A33-A47D-BF7EA1B37D13","createddate":"2016-07-27 14:03:49.0000000","dbh":"11","planteddate":null,"updateddate":"2019-12-06 15:43:25.0000000","geometry":"POINT(-73.80585403607094 40.75403326956077)","genusspecies":"Acer platanoides - Norway maple"}},{"type":"Feature","geometry":{"type":"Point","coordinates":[-73.80861458912534,40.75454474432993]},"properties":{"tpcondition":"Dead","stumpdiameter":"19","riskratingdate":"2019-07-09 13:22:00.0000000","riskrating":"8","objectid":"4016798","globalid":"28A5BEB9-3A8B-498B-953D-758AF09E1483","tpstructure":"Retired","plantingspaceglobalid":"ED1C04A5-45F9-4D04-8B78-A450D3164DF2","createddate":"2016-07-27 12:58:00.0000000","dbh":"14","planteddate":null,"updateddate":"2025-01-22 18:56:00.0000000","geometry":"POINT(-73.80861458912534 40.75454474432993)","genusspecies":"Acer saccharum - sugar maple"}},{"type":"Feature","geometry":{"type":"Point","coordinates":[-73.86212835841386,40.70532515184007]},"properties":{"tpcondition":"Good","stumpdiameter":null,"riskratingdate":"2023-12-15 18:00:24.0000000","riskrating":"5","objectid":"4016799","globalid":"4E28CF4A-B9D4-41A1-B39A-C566B1919329","tpstructure":"Full","plantingspaceglobalid":"0BBD5077-94F0-4954-AAC5-59941854174B","createddate":"2016-07-27 12:55:28.0000000","dbh":"7","planteddate":null,"updateddate":"2023-12-15 18:00:24.0000000","geometry":"POINT(-73.86212835841386 40.70532515184007)","genusspecies":"Zelkova serrata - Japanese zelkova"}},{"type":"Feature","geometry":{"type":"Point","coordinates":[-74.02388469154329,40.62071047404229]},"properties":{"tpcondition":"Fair","stumpdiameter":"0","riskratingdate":null,"riskrating":null,"objectid":"4016800","globalid":"2897904E-8FAE-4992-A169-89EB41CACBC4","tpstructure":"Full","plantingspaceglobalid":"D70B275E-BF3E-4025-AD12-7ACAF9F2C142","createddate":"2016-07-27 13:42:14.0000000","dbh":"5","planteddate":null,"updateddate":"2017-03-30 08:52:22.0000000","geometry":"POINT(-74.02388469154329 40.62071047404229)","genusspecies":"Zelkova serrata - Japanese zelkova"}},{"type":"Feature","geometry":{"type":"Point","coordinates":[-73.8202203258415,40.795663713954454]},"properties":{"tpcondition":"Good","stumpdiameter":null,"riskratingdate":"2022-01-03 16:25:56.0000000","riskrating":"5","objectid":"4016801","globalid":"3EDBBDFA-E269-4FA8-9069-312360A6544B","tpstructure":"Full","plantingspaceglobalid":"22A117E8-9605-48A5-B098-9D911D84A208","createddate":"2016-06-30 09:58:19.0000000","dbh":"6","planteddate":null,"updateddate":"2022-01-03 16:25:56.0000000","geometry":"POINT(-73.8202203258415 40.795663713954454)","genusspecies":"Cornus florida - flowering dogwood"}},{"type":"Feature","geometry":{"type":"Point","coordinates":[-73.94139649675338,40.66481230523524]},"properties":{"tpcondition":"Fair","stumpdiameter":null,"riskratingdate":"2025-08-25 15:01:45.0000000","riskrating":"8","objectid":"4016802","globalid":"84DC5E84-E4B6-49C3-98C7-CC8A832136FD","tpstructure":"Full","plantingspaceglobalid":"265665DB-0C13-484E-B52A-1CF0352F8522","createddate":"2016-07-27 14:08:42.0000000","dbh":"23","planteddate":null,"updateddate":"2025-08-25 15:01:45.0000000","geometry":"POINT(-73.94139649675338 40.66481230523524)","genusspecies":"Fraxinus americana - white ash"}},{"type":"Feature","geometry":{"type":"Point","coordinates":[-73.76316573442705,40.69011741131528]},"properties":{"tpcondition":"Fair","stumpdiameter":"0","riskratingdate":null,"riskrating":null,"objectid":"4016803","globalid":"5F5463E1-8983-42D9-9676-5CF654134995","tpstructure":"Retired","plantingspaceglobalid":"2E7116B5-A40D-41B1-9751-60CA9334CDDA","createddate":"2016-07-27 13:54:21.0000000","dbh":"3","planteddate":null,"updateddate":"2025-01-10 14:26:55.0000000","geometry":"POINT(-73.76316573442705 40.69011741131528)","genusspecies":"Ginkgo biloba - maidenhair tree"}},{"type":"Feature","geometry":{"type":"Point","coordinates":[-73.80362225355019,40.72064901140933]},"properties":{"tpcondition":"Poor","stumpdiameter":"0","riskratingdate":"2020-04-01 13:38:55.0000000","riskrating":"3","objectid":"4016804","globalid":"C3BF6554-5F57-4A97-BD9F-AB6D87116C14","tpstructure":"Full","plantingspaceglobalid":"D2CB8829-76EC-4C37-B82E-62F7EEBE767D","createddate":"2016-07-27 13:44:00.0000000","dbh":"5","planteddate":null,"updateddate":"2020-04-01 13:38:54.0000000","geometry":"POINT(-73.80362225355019 40.72064901140933)","genusspecies":"Tilia cordata - littleleaf linden"}},{"type":"Feature","geometry":{"type":"Point","coordinates":[-73.82318253647074,40.796390977776554]},"properties":{"tpcondition":"Good","stumpdiameter":null,"riskratingdate":"2022-01-25 18:04:22.0000000","riskrating":"7","objectid":"4016805","globalid":"6723A79C-D429-497A-9144-EC50F8D56EC9","tpstructure":"Full","plantingspaceglobalid":"8A0256B2-8AAC-4043-B2F0-A88C72C38240","createddate":"2016-06-30 09:54:53.0000000","dbh":"12","planteddate":null,"updateddate":"2022-01-25 18:04:22.0000000","geometry":"POINT(-73.82318253647074 40.796390977776554)","genusspecies":"Fagus sylvatica - European beech"}},{"type":"Feature","geometry":{"type":"Point","coordinates":[-74.17321575746573,40.533135319170576]},"properties":{"tpcondition":"Fair","stumpdiameter":"0","riskratingdate":null,"riskrating":null,"objectid":"4016806","globalid":"99027860-70A6-44D1-8BFF-E5A0E91A17DE","tpstructure":"Full","plantingspaceglobalid":"F6DCF00B-25DC-44EC-A2FD-00F637793EF1","createddate":"2016-06-30 10:19:30.0000000","dbh":"7","planteddate":null,"updateddate":"2017-07-17 13:18:40.0000000","geometry":"POINT(-74.17321575746573 40.533135319170576)","genusspecies":"Pyrus calleryana - Callery pear"}},{"type":"Feature","geometry":{"type":"Point","coordinates":[-73.79648821239368,40.766431708327325]},"properties":{"tpcondition":"Good","stumpdiameter":"0","riskratingdate":null,"riskrating":null,"objectid":"4016807","globalid":"BFE1D438-5A39-4680-8369-D841506D4135","tpstructure":"Full","plantingspaceglobalid":"1BEBDE1C-DA86-46A9-B4BE-4EF9DC4BD70F","createddate":"2016-07-27 13:22:23.0000000","dbh":"18","planteddate":null,"updateddate":"2017-02-04 12:48:02.0000000","geometry":"POINT(-73.79648821239368 40.766431708327325)","genusspecies":"Aesculus hippocastanum - horse chestnut"}},{"type":"Feature","geometry":{"type":"Point","coordinates":[-73.7467526280504,40.692873137325066]},"properties":{"tpcondition":"Good","stumpdiameter":null,"riskratingdate":"2024-11-21 16:49:47.0000000","riskrating":"5","objectid":"4016808","globalid":"B716B177-ABB0-4F2A-BE21-30330CA26A5F","tpstructure":"Full","plantingspaceglobalid":"319B8B08-5929-4A92-8E2E-E1920DB25450","createddate":"2016-06-30 10:30:32.0000000","dbh":"3","planteddate":null,"updateddate":"2024-11-21 16:49:47.0000000","geometry":"POINT(-73.7467526280504 40.692873137325066)","genusspecies":"Juniperus virginiana - eastern redcedar"}},{"type":"Feature","geometry":{"type":"Point","coordinates":[-73.70090606643427,40.74247238752335]},"properties":{"tpcondition":"Good","stumpdiameter":null,"riskratingdate":"2021-01-07 18:27:15.0000000","riskrating":"7","objectid":"4016809","globalid":"79908FB1-7C45-4C14-8863-7EA194ABF4F5","tpstructure":"Full","plantingspaceglobalid":"5B9DEEB7-9A26-4911-84C4-DE449ABC0C32","createddate":"2016-06-30 09:51:11.0000000","dbh":"18","planteddate":null,"updateddate":"2021-01-07 18:27:15.0000000","geometry":"POINT(-73.70090606643427 40.74247238752335)","genusspecies":"Platanus x acerifolia - London planetree"}},{"type":"Feature","geometry":{"type":"Point","coordinates":[-73.80328508833851,40.74690535567491]},"properties":{"tpcondition":"Good","stumpdiameter":"0","riskratingdate":null,"riskrating":null,"objectid":"4016810","globalid":"B9CF917E-BF91-47D9-8BFE-1AF5805F25E4","tpstructure":"Full","plantingspaceglobalid":"19748047-27A4-4F28-BC12-CE2E0AAC4194","createddate":"2016-07-27 14:09:45.0000000","dbh":"29","planteddate":null,"updateddate":"2019-01-08 14:52:36.0000000","geometry":"POINT(-73.80328508833851 40.74690535567491)","genusspecies":"Quercus palustris - pin oak"}},{"type":"Feature","geometry":{"type":"Point","coordinates":[-73.78278454599982,40.74279951603098]},"properties":{"tpcondition":"Good","stumpdiameter":"0","riskratingdate":"2020-05-14 17:31:58.0000000","riskrating":"9","objectid":"4016811","globalid":"1A2942BC-78F3-43C7-9FAF-D36C5AFBBCAB","tpstructure":"Full","plantingspaceglobalid":"C64684EE-5CEE-4D4A-8308-42D3DEC5FFE5","createddate":"2016-07-27 14:02:25.0000000","dbh":"21","planteddate":null,"updateddate":"2020-05-14 17:31:58.0000000","geometry":"POINT(-73.78278454599982 40.74279951603098)","genusspecies":"Platanus x acerifolia - London planetree"}},{"type":"Feature","geometry":{"type":"Point","coordinates":[-73.75447276296431,40.68566891967186]},"properties":{"tpcondition":"Fair","stumpdiameter":null,"riskratingdate":"2024-12-26 17:09:30.0000000","riskrating":"8","objectid":"4016812","globalid":"3E43A07C-CBD5-4C85-B79C-1CD02C74117A","tpstructure":"Full","plantingspaceglobalid":"679703A6-37EE-4922-8705-4CD88413DC6C","createddate":"2016-07-27 12:57:09.0000000","dbh":"17","planteddate":null,"updateddate":"2024-12-26 17:09:30.0000000","geometry":"POINT(-73.75447276296431 40.68566891967186)","genusspecies":"Gleditsia triacanthos var. inermis - Thornless honeylocust"}},{"type":"Feature","geometry":{"type":"Point","coordinates":[-73.86960545946522,40.75193063377016]},"properties":{"tpcondition":"Good","stumpdiameter":"0","riskratingdate":null,"riskrating":null,"objectid":"4016813","globalid":"898331E7-17F2-4B26-BB12-8F901DD07522","tpstructure":"Full","plantingspaceglobalid":"88F3FC23-7123-4399-8299-D1EC424EB0F3","createddate":"2016-07-27 13:14:09.0000000","dbh":"5","planteddate":null,"updateddate":"2017-03-17 07:14:10.0000000","geometry":"POINT(-73.86960545946522 40.75193063377016)","genusspecies":"Prunus serrulata 'Green leaf' - 'Green leaf' Japanese flowering cherry"}},{"type":"Feature","geometry":{"type":"Point","coordinates":[-73.70296651956868,40.747033291378905]},"properties":{"tpcondition":"Fair","stumpdiameter":null,"riskratingdate":"2020-10-22 05:33:38.0000000","riskrating":"7","objectid":"4016814","globalid":"3E404021-FA88-4195-A9BF-CC12F60C6610","tpstructure":"Full","plantingspaceglobalid":"138720E7-2D37-408E-B0E0-56ABFAEE7BF8","createddate":"2016-06-30 10:24:45.0000000","dbh":"14","planteddate":null,"updateddate":"2020-10-22 05:33:38.0000000","geometry":"POINT(-73.70296651956868 40.747033291378905)","genusspecies":"Platanus x acerifolia - London planetree"}},{"type":"Feature","geometry":{"type":"Point","coordinates":[-73.72512648949011,40.740334449052426]},"properties":{"tpcondition":"Good","stumpdiameter":"0","riskratingdate":null,"riskrating":null,"objectid":"4016815","globalid":"2FF0314D-F5B3-4A8F-B3C6-48EE9D62B962","tpstructure":"Full","plantingspaceglobalid":"895A19BA-F098-4F7F-9D87-09A7C60EB10E","createddate":"2016-06-30 10:28:19.0000000","dbh":"3","planteddate":null,"updateddate":null,"geometry":"POINT(-73.72512648949011 40.740334449052426)","genusspecies":"Gleditsia triacanthos var. inermis - Thornless honeylocust"}},{"type":"Feature","geometry":{"type":"Point","coordinates":[-73.70639557881299,40.747727864528336]},"properties":{"tpcondition":"Good","stumpdiameter":null,"riskratingdate":"2020-11-02 18:27:14.0000000","riskrating":"6","objectid":"4016816","globalid":"B0609AE8-D958-4A35-BBA2-0471827384B1","tpstructure":"Full","plantingspaceglobalid":"17BAF913-60D0-4E2F-B245-E5F1DDBA551E","createddate":"2016-06-30 10:30:47.0000000","dbh":"15","planteddate":null,"updateddate":"2020-11-02 18:27:14.0000000","geometry":"POINT(-73.70639557881299 40.747727864528336)","genusspecies":"Gleditsia triacanthos var. inermis - Thornless honeylocust"}},{"type":"Feature","geometry":{"type":"Point","coordinates":[-73.82208185460482,40.79478967681102]},"properties":{"tpcondition":"Good","stumpdiameter":null,"riskratingdate":"2022-01-18 13:29:28.0000000","riskrating":"4","objectid":"4016817","globalid":"660675CF-83D7-47EB-A158-0F2E49E4F017","tpstructure":"Full","plantingspaceglobalid":"849A0B4D-1B84-4224-AC45-115C7F610E2F","createddate":"2016-06-30 10:09:33.0000000","dbh":"5","planteddate":null,"updateddate":"2022-01-18 13:29:28.0000000","geometry":"POINT(-73.82208185460482 40.79478967681102)","genusspecies":"Prunus serrulata 'Green leaf' - 'Green leaf' Japanese flowering cherry"}},{"type":"Feature","geometry":{"type":"Point","coordinates":[-73.86202225974631,40.57454803738892]},"properties":{"tpcondition":"Good","stumpdiameter":"0","riskratingdate":null,"riskrating":null,"objectid":"4016818","globalid":"92BB2D6C-8BB4-4926-94DE-823739E1C436","tpstructure":"Full","plantingspaceglobalid":"82AD2A2E-0CEB-4F13-A65E-54C544EFB508","createddate":"2016-07-27 13:50:52.0000000","dbh":"14","planteddate":null,"updateddate":"2019-02-18 13:45:50.0000000","geometry":"POINT(-73.86202225974631 40.57454803738892)","genusspecies":"Gleditsia triacanthos var. inermis - Thornless honeylocust"}},{"type":"Feature","geometry":{"type":"Point","coordinates":[-73.79263317986467,40.743587785232435]},"properties":{"tpcondition":"Dead","stumpdiameter":"11","riskratingdate":null,"riskrating":null,"objectid":"4016819","globalid":"CB698653-2531-470F-8E47-F1D85F33D389","tpstructure":"Retired","plantingspaceglobalid":"53A4C64B-C8E7-4EBB-879D-4F5DABD2BC1B","createddate":"2016-07-27 13:22:03.0000000","dbh":"0","planteddate":null,"updateddate":"2018-03-16 07:51:45.0000000","geometry":"POINT(-73.79263317986467 40.743587785232435)","genusspecies":"Unknown - Unknown"}},{"type":"Feature","geometry":{"type":"Point","coordinates":[-73.78243737321037,40.719196385874525]},"properties":{"tpcondition":"Poor","stumpdiameter":"0","riskratingdate":null,"riskrating":null,"objectid":"4016820","globalid":"A32502E3-E66F-4B4A-8F00-AF59CC80C1F9","tpstructure":"Full","plantingspaceglobalid":"F18FF433-C85D-43BD-A492-6B618FE14463","createddate":"2016-07-27 13:13:58.0000000","dbh":"3","planteddate":null,"updateddate":"2018-01-29 13:55:47.0000000","geometry":"POINT(-73.78243737321037 40.719196385874525)","genusspecies":"Prunus serrulata 'Green leaf' - 'Green leaf' Japanese flowering cherry"}},{"type":"Feature","geometry":{"type":"Point","coordinates":[-73.81043406913449,40.72795407775691]},"properties":{"tpcondition":"Good","stumpdiameter":"0","riskratingdate":"2020-03-10 13:30:15.0000000","riskrating":"7","objectid":"4016821","globalid":"E812DC63-FC80-4E2D-BBE0-5A2021352B57","tpstructure":"Full","plantingspaceglobalid":"C6FAC3FC-A7A0-41A0-AC64-7AF6BFD4136E","createddate":"2016-07-27 14:10:00.0000000","dbh":"13","planteddate":null,"updateddate":"2020-03-10 13:30:14.0000000","geometry":"POINT(-73.81043406913449 40.72795407775691)","genusspecies":"Platanus x acerifolia - London planetree"}},{"type":"Feature","geometry":{"type":"Point","coordinates":[-73.80203733443997,40.720477249323544]},"properties":{"tpcondition":"Fair","stumpdiameter":"0","riskratingdate":"2020-03-31 13:00:48.0000000","riskrating":"3","objectid":"4016822","globalid":"34510DC3-86A3-4252-A9E8-B1463C7A1EF0","tpstructure":"Full","plantingspaceglobalid":"6DA1CFF5-4CA2-4334-A673-8EBDD0E631BD","createddate":"2016-07-27 13:53:00.0000000","dbh":"8","planteddate":null,"updateddate":"2020-03-31 13:00:47.0000000","geometry":"POINT(-73.80203733443997 40.720477249323544)","genusspecies":"Acer platanoides 'Not Green Leaf' - 'Not Green Leaf' Norway maple"}},{"type":"Feature","geometry":{"type":"Point","coordinates":[-73.72140453582466,40.743224110429374]},"properties":{"tpcondition":"Fair","stumpdiameter":null,"riskratingdate":"2023-10-30 17:23:34.0000000","riskrating":"9","objectid":"4016823","globalid":"E213719A-F696-453F-BB95-B94DA3DAC8CE","tpstructure":"Full","plantingspaceglobalid":"B7095FE9-0EBD-4018-8957-871C6CC51DF5","createddate":"2016-06-30 10:29:08.0000000","dbh":"27","planteddate":null,"updateddate":"2023-10-30 17:23:34.0000000","geometry":"POINT(-73.72140453582466 40.743224110429374)","genusspecies":"Platanus x acerifolia - London planetree"}},{"type":"Feature","geometry":{"type":"Point","coordinates":[-73.79383995121036,40.757629024285045]},"properties":{"tpcondition":"Dead","stumpdiameter":null,"riskratingdate":"2021-12-28 16:47:21.0000000","riskrating":"6","objectid":"4016824","globalid":"C2A12E76-CBD1-4FE3-A7FF-9E9E0EB23C15","tpstructure":"Full","plantingspaceglobalid":"EA72E8CE-5FC2-4E80-BA8E-264156941A26","createddate":"2016-07-27 13:40:36.0000000","dbh":"5","planteddate":null,"updateddate":"2021-12-28 16:47:21.0000000","geometry":"POINT(-73.79383995121036 40.757629024285045)","genusspecies":"Prunus cerasifera - cherry plum"}},{"type":"Feature","geometry":{"type":"Point","coordinates":[-74.15639261901855,40.632595073237255]},"properties":{"tpcondition":"Good","stumpdiameter":"0","riskratingdate":null,"riskrating":null,"objectid":"4016825","globalid":"E283E416-7E1E-44A5-8494-7EF84B57301F","tpstructure":"Full","plantingspaceglobalid":"EEA14102-4B33-456D-8393-65AEB471B367","createddate":"2016-06-30 10:14:44.0000000","dbh":"16","planteddate":null,"updateddate":null,"geometry":"POINT(-74.15639261901855 40.632595073237255)","genusspecies":"Quercus palustris - pin oak"}},{"type":"Feature","geometry":{"type":"Point","coordinates":[-73.8015646051472,40.79350208636442]},"properties":{"tpcondition":"Fair","stumpdiameter":null,"riskratingdate":"2022-01-13 13:58:43.0000000","riskrating":"7","objectid":"4016826","globalid":"9D8F60C0-B309-4F13-8146-434BE301F7FC","tpstructure":"Full","plantingspaceglobalid":"99D957AE-5C97-495B-A6AF-7A5C0E24FB88","createddate":"2016-06-30 10:06:36.0000000","dbh":"27","planteddate":null,"updateddate":"2022-01-13 13:58:43.0000000","geometry":"POINT(-73.8015646051472 40.79350208636442)","genusspecies":"Tilia americana - American basswood"}},{"type":"Feature","geometry":{"type":"Point","coordinates":[-73.75880725154246,40.71122504298469]},"properties":{"tpcondition":"Dead","stumpdiameter":"24","riskratingdate":"2017-06-22 09:56:00.0000000","riskrating":"3","objectid":"4016827","globalid":"8A4C8C03-27FC-4387-BDF2-89A41FC6B9E5","tpstructure":"Retired","plantingspaceglobalid":"E2DE8D22-BA4E-49EB-953C-6BA255D6F784","createddate":"2016-06-30 10:04:00.0000000","dbh":"0","planteddate":null,"updateddate":"2017-12-07 14:14:00.0000000","geometry":"POINT(-73.75880725154246 40.71122504298469)","genusspecies":"Unknown - Unknown"}},{"type":"Feature","geometry":{"type":"Point","coordinates":[-73.70939263604588,40.7430279555784]},"properties":{"tpcondition":"Fair","stumpdiameter":null,"riskratingdate":"2020-11-05 04:57:40.0000000","riskrating":"7","objectid":"4016828","globalid":"64FDF9E3-04FF-4D22-895F-AA7C648C9893","tpstructure":"Full","plantingspaceglobalid":"403A3223-3239-4409-95E1-A096EE3A55F5","createddate":"2016-06-30 10:39:29.0000000","dbh":"22","planteddate":null,"updateddate":"2020-11-09 21:56:48.0000000","geometry":"POINT(-73.70939263604588 40.7430279555784)","genusspecies":"Acer platanoides - Norway maple"}},{"type":"Feature","geometry":{"type":"Point","coordinates":[-73.70229656976062,40.73996944958345]},"properties":{"tpcondition":"Unknown","stumpdiameter":"46","riskratingdate":null,"riskrating":null,"objectid":"4016829","globalid":"E85C9D99-4BC6-40C0-A719-717637A5D17C","tpstructure":"Retired","plantingspaceglobalid":"4A7E4E58-3DA8-4737-AF83-CB79B9B8AC4A","createddate":"2016-06-30 10:23:51.0000000","dbh":"0","planteddate":null,"updateddate":"2017-12-28 11:50:57.0000000","geometry":"POINT(-73.70229656976062 40.73996944958345)","genusspecies":"Unknown - Unknown"}},{"type":"Feature","geometry":{"type":"Point","coordinates":[-73.9858562280366,40.63058794395841]},"properties":{"tpcondition":"Poor","stumpdiameter":null,"riskratingdate":"2022-02-14 20:17:00.0000000","riskrating":"8","objectid":"4016830","globalid":"9513F62E-F6C3-4A33-A866-7A201D13233B","tpstructure":"Full","plantingspaceglobalid":"DAB86B61-4A67-4861-AD99-41E41BC8B016","createddate":"2016-07-27 13:41:33.0000000","dbh":"13","planteddate":null,"updateddate":"2022-02-14 20:17:00.0000000","geometry":"POINT(-73.9858562280366 40.63058794395841)","genusspecies":"Tilia cordata - littleleaf linden"}},{"type":"Feature","geometry":{"type":"Point","coordinates":[-73.71152026526069,40.73083308796131]},"properties":{"tpcondition":"Fair","stumpdiameter":null,"riskratingdate":"2025-04-30 15:20:41.0000000","riskrating":"7","objectid":"4016831","globalid":"C2C9D985-B149-41B0-AD07-6994686925EB","tpstructure":"Full","plantingspaceglobalid":"0DCCAE7F-6839-403E-B50E-C1421DA79D23","createddate":"2016-06-30 09:48:01.0000000","dbh":"26","planteddate":null,"updateddate":"2025-06-20 14:09:23.0000000","geometry":"POINT(-73.71152026526069 40.73083308796131)","genusspecies":"Fraxinus pennsylvanica - Green ash"}},{"type":"Feature","geometry":{"type":"Point","coordinates":[-73.74370210668768,40.70608284137572]},"properties":{"tpcondition":"Fair","stumpdiameter":null,"riskratingdate":"2024-04-05 12:46:55.0000000","riskrating":"8","objectid":"4016832","globalid":"13FC63D0-EB5F-4558-AD0C-931C7DDFFA6C","tpstructure":"Full","plantingspaceglobalid":"AECA3272-0255-4930-AB75-966E97B385C0","createddate":"2016-07-27 13:27:42.0000000","dbh":"26","planteddate":null,"updateddate":"2024-04-05 12:46:55.0000000","geometry":"POINT(-73.74370210668768 40.70608284137572)","genusspecies":"Platanus x acerifolia - London planetree"}},{"type":"Feature","geometry":{"type":"Point","coordinates":[-73.86855089257031,40.75813231178204]},"properties":{"tpcondition":"Fair","stumpdiameter":null,"riskratingdate":"2024-06-07 15:00:34.0000000","riskrating":"7","objectid":"4016833","globalid":"1BE273F7-F8EB-4A73-8C55-6BA6C95882C0","tpstructure":"Full","plantingspaceglobalid":"160265F0-B431-43B5-85E0-4819662A01AB","createddate":"2016-07-27 12:57:18.0000000","dbh":"19","planteddate":null,"updateddate":"2024-06-27 14:47:32.0000000","geometry":"POINT(-73.86855089257031 40.75813231178204)","genusspecies":"Fraxinus pennsylvanica - Green ash"}},{"type":"Feature","geometry":{"type":"Point","coordinates":[-73.72488451976396,40.75538826896621]},"properties":{"tpcondition":"Good","stumpdiameter":null,"riskratingdate":"2023-11-14 14:19:19.0000000","riskrating":"5","objectid":"4016834","globalid":"7295365A-7DE0-4A0E-9DD8-53728A981475","tpstructure":"Full","plantingspaceglobalid":"8FDFC00E-ED8D-4D9F-9A9E-26FD8A7AE30D","createddate":"2016-07-27 13:34:02.0000000","dbh":"10","planteddate":null,"updateddate":"2023-11-14 14:19:19.0000000","geometry":"POINT(-73.72488451976396 40.75538826896621)","genusspecies":"Carpinus betulus - European hornbeam"}},{"type":"Feature","geometry":{"type":"Point","coordinates":[-73.73186818402375,40.77141820348436]},"properties":{"tpcondition":"Good","stumpdiameter":"0","riskratingdate":null,"riskrating":null,"objectid":"4016835","globalid":"013C9AD2-9879-4D69-A939-B76AE0812113","tpstructure":"Full","plantingspaceglobalid":"F8EF1591-5E13-498E-9632-91A0665C9D3E","createddate":"2016-07-27 13:08:24.0000000","dbh":"36","planteddate":null,"updateddate":null,"geometry":"POINT(-73.73186818402375 40.77141820348436)","genusspecies":"Quercus palustris - pin oak"}},{"type":"Feature","geometry":{"type":"Point","coordinates":[-73.71144673883188,40.74963993706707]},"properties":{"tpcondition":"Dead","stumpdiameter":null,"riskratingdate":"2024-11-18 15:32:10.0000000","riskrating":"6","objectid":"4016836","globalid":"602F0951-DD49-4A77-815E-231C0CD74631","tpstructure":"Shaft","plantingspaceglobalid":"402A9C19-F82E-4812-AE48-D77D3D13AC2F","createddate":"2016-06-30 10:18:46.0000000","dbh":"12","planteddate":null,"updateddate":"2024-11-18 15:32:10.0000000","geometry":"POINT(-73.71144673883188 40.74963993706707)","genusspecies":"Ginkgo biloba - maidenhair tree"}},{"type":"Feature","geometry":{"type":"Point","coordinates":[-74.18373442718676,40.55298056065166]},"properties":{"tpcondition":"Poor","stumpdiameter":null,"riskratingdate":"2024-04-18 14:39:45.0000000","riskrating":"8","objectid":"4016837","globalid":"0C439EAF-EE92-4D4B-AD6C-959ED9746D9A","tpstructure":"Full","plantingspaceglobalid":"DEE33D39-6FE9-4513-BA24-3ECC1F100F05","createddate":"2016-06-30 09:48:08.0000000","dbh":"15","planteddate":null,"updateddate":"2024-04-18 14:39:45.0000000","geometry":"POINT(-74.18373442718676 40.55298056065166)","genusspecies":"Fraxinus pennsylvanica - Green ash"}},{"type":"Feature","geometry":{"type":"Point","coordinates":[-73.77972583384337,40.746621993337165]},"properties":{"tpcondition":"Good","stumpdiameter":"0","riskratingdate":null,"riskrating":null,"objectid":"4016838","globalid":"B8BB0CA7-5801-4D85-A296-7604AC4D7F46","tpstructure":"Full","plantingspaceglobalid":"B2BCFCC6-7474-41A4-98EF-BA7E4AE396C4","createddate":"2016-07-27 14:18:17.0000000","dbh":"4","planteddate":null,"updateddate":"2017-12-13 07:30:42.0000000","geometry":"POINT(-73.77972583384337 40.746621993337165)","genusspecies":"Zelkova serrata - Japanese zelkova"}},{"type":"Feature","geometry":{"type":"Point","coordinates":[-74.16587467842074,40.60201139828099]},"properties":{"tpcondition":"Good","stumpdiameter":null,"riskratingdate":"2024-03-11 17:20:34.0000000","riskrating":"3","objectid":"4016839","globalid":"D617B47C-5C1E-43B5-813D-2938D1942F9A","tpstructure":"Full","plantingspaceglobalid":"5DC0829F-EE72-4278-A578-808AC5DFC342","createddate":"2016-06-30 09:47:39.0000000","dbh":"4","planteddate":null,"updateddate":"2024-03-11 17:20:34.0000000","geometry":"POINT(-74.16587467842074 40.60201139828099)","genusspecies":"Tilia cordata - littleleaf linden"}},{"type":"Feature","geometry":{"type":"Point","coordinates":[-73.73410798745968,40.77208536513226]},"properties":{"tpcondition":"Good","stumpdiameter":"0","riskratingdate":"2022-09-08 13:17:13.0000000","riskrating":"3","objectid":"4016840","globalid":"D982AA9F-9CEB-48E0-8395-D6BA5B2F5F7F","tpstructure":"Full","plantingspaceglobalid":"9C236F30-DC03-48DB-A55B-81DE1D08067B","createddate":"2016-07-27 13:58:00.0000000","dbh":"8","planteddate":null,"updateddate":"2022-09-08 13:17:13.0000000","geometry":"POINT(-73.73410798745968 40.77208536513226)","genusspecies":"Zelkova serrata - Japanese zelkova"}},{"type":"Feature","geometry":{"type":"Point","coordinates":[-73.99083254601844,40.62688823968912]},"properties":{"tpcondition":"Unknown","stumpdiameter":"12","riskratingdate":"2022-07-21 16:21:00.0000000","riskrating":"8","objectid":"4016841","globalid":"8459E7F8-DDCA-4B43-9830-A4A27DF119FA","tpstructure":"Retired","plantingspaceglobalid":"30EDB3D7-F066-4C0B-A309-4D0561AFE9B9","createddate":"2016-07-27 13:42:00.0000000","dbh":"10","planteddate":null,"updateddate":"2024-01-08 17:26:00.0000000","geometry":"POINT(-73.99083254601844 40.62688823968912)","genusspecies":"Acer saccharum - sugar maple"}},{"type":"Feature","geometry":{"type":"Point","coordinates":[-73.95100854085938,40.628589890101864]},"properties":{"tpcondition":"Fair","stumpdiameter":null,"riskratingdate":"2025-03-04 19:40:47.0000000","riskrating":"8","objectid":"4016842","globalid":"4EAAC2A5-A78D-4144-8F6D-40EF986A9C2A","tpstructure":"Full","plantingspaceglobalid":"4DF6B3CF-5D29-4557-8CEA-093F996E3669","createddate":"2016-07-27 13:21:08.0000000","dbh":"18","planteddate":null,"updateddate":"2025-03-04 19:40:47.0000000","geometry":"POINT(-73.95100854085938 40.628589890101864)","genusspecies":"Gleditsia triacanthos var. inermis - Thornless honeylocust"}},{"type":"Feature","geometry":{"type":"Point","coordinates":[-73.77833076843406,40.727912751222824]},"properties":{"tpcondition":"Good","stumpdiameter":"0","riskratingdate":null,"riskrating":null,"objectid":"4016843","globalid":"971A6D76-5EA2-44AD-B2DC-01462EA3AD49","tpstructure":"Full","plantingspaceglobalid":"453F4239-06B7-467F-B74C-900C0C42B996","createddate":"2016-07-27 13:52:00.0000000","dbh":"25","planteddate":null,"updateddate":"2017-07-05 10:13:04.0000000","geometry":"POINT(-73.77833076843406 40.727912751222824)","genusspecies":"Platanus x acerifolia - London planetree"}},{"type":"Feature","geometry":{"type":"Point","coordinates":[-74.00108961601262,40.62949101439745]},"properties":{"tpcondition":"Good","stumpdiameter":"0","riskratingdate":null,"riskrating":null,"objectid":"4016844","globalid":"0AED93BB-8617-4E49-9B5D-7B4211C24026","tpstructure":"Full","plantingspaceglobalid":"F06D31AE-1B5D-400F-860E-7CC0D9CC1E38","createddate":"2016-07-27 13:34:20.0000000","dbh":"6","planteddate":null,"updateddate":"2017-10-04 09:05:41.0000000","geometry":"POINT(-74.00108961601262 40.62949101439745)","genusspecies":"Taxodium distichum - bald cypress"}},{"type":"Feature","geometry":{"type":"Point","coordinates":[-73.73084783795386,40.712115228215296]},"properties":{"tpcondition":"Dead","stumpdiameter":null,"riskratingdate":"2019-04-30 08:44:00.0000000","riskrating":"4","objectid":"4016845","globalid":"111682F7-6EB0-4811-99A3-B1877CC6EA7F","tpstructure":"Retired","plantingspaceglobalid":"BE176BBD-3D5C-41F4-9260-9CFA5463AFFF","createddate":"2016-07-27 14:05:00.0000000","dbh":"7","planteddate":null,"updateddate":"2024-09-10 15:33:04.0000000","geometry":"POINT(-73.73084783795386 40.712115228215296)","genusspecies":"Prunus serrulata 'Green leaf' - 'Green leaf' Japanese flowering cherry"}},{"type":"Feature","geometry":{"type":"Point","coordinates":[-73.72984076208819,40.72630147636636]},"properties":{"tpcondition":"Dead","stumpdiameter":null,"riskratingdate":"2022-02-11 16:35:00.0000000","riskrating":"9","objectid":"4016846","globalid":"43AFFBEE-1B6D-4C06-869E-968443166CDF","tpstructure":"Retired","plantingspaceglobalid":"6C714EC1-48C3-493D-9A63-339DD866CABC","createddate":"2016-06-30 09:54:00.0000000","dbh":"15","planteddate":null,"updateddate":"2024-10-16 14:52:02.0000000","geometry":"POINT(-73.72984076208819 40.72630147636636)","genusspecies":"Tilia cordata - littleleaf linden"}},{"type":"Feature","geometry":{"type":"Point","coordinates":[-73.70841456646649,40.734793639627036]},"properties":{"tpcondition":"Unknown","stumpdiameter":"22","riskratingdate":null,"riskrating":null,"objectid":"4016847","globalid":"12FF0674-BE58-48CA-A843-A7CBAE95B555","tpstructure":"Retired","plantingspaceglobalid":"7A688359-FD23-47D8-9D0B-7B7F783DD472","createddate":"2016-06-30 10:06:55.0000000","dbh":"0","planteddate":null,"updateddate":"2017-12-28 12:43:13.0000000","geometry":"POINT(-73.70841456646649 40.734793639627036)","genusspecies":"Unknown - Unknown"}},{"type":"Feature","geometry":{"type":"Point","coordinates":[-73.82234486335976,40.745403084077516]},"properties":{"tpcondition":"Good","stumpdiameter":"0","riskratingdate":null,"riskrating":null,"objectid":"4016848","globalid":"50029DB0-4388-457C-9CE8-79198FBC0D25","tpstructure":"Full","plantingspaceglobalid":"9D753CBF-DE03-42A6-8E40-1B803A246BBF","createddate":"2016-07-27 14:07:24.0000000","dbh":"8","planteddate":null,"updateddate":"2018-09-25 13:24:01.0000000","geometry":"POINT(-73.82234486335976 40.745403084077516)","genusspecies":"Cornus florida - flowering dogwood"}},{"type":"Feature","geometry":{"type":"Point","coordinates":[-73.80044863892353,40.79426842750005]},"properties":{"tpcondition":"Good","stumpdiameter":null,"riskratingdate":"2022-01-19 13:20:01.0000000","riskrating":"9","objectid":"4016849","globalid":"FB38E77F-0723-439C-A14B-071893A8CA90","tpstructure":"Full","plantingspaceglobalid":"6968C0AB-93D0-44FE-8B64-BCEF2D439856","createddate":"2016-06-30 10:37:18.0000000","dbh":"14","planteddate":null,"updateddate":"2022-01-19 13:20:01.0000000","geometry":"POINT(-73.80044863892353 40.79426842750005)","genusspecies":"Acer platanoides - Norway maple"}},{"type":"Feature","geometry":{"type":"Point","coordinates":[-73.7165559715867,40.74393905129514]},"properties":{"tpcondition":"Good","stumpdiameter":null,"riskratingdate":"2020-10-26 20:19:38.0000000","riskrating":"6","objectid":"4016850","globalid":"4B906434-F775-4549-83E9-F5FF6E6F723E","tpstructure":"Full","plantingspaceglobalid":"E291185C-51C1-4634-A0A3-0DAB6D00E6CB","createddate":"2016-06-30 10:39:26.0000000","dbh":"13","planteddate":null,"updateddate":"2020-10-26 20:19:38.0000000","geometry":"POINT(-73.7165559715867 40.74393905129514)","genusspecies":"Acer platanoides - Norway maple"}},{"type":"Feature","geometry":{"type":"Point","coordinates":[-73.77259149113756,40.70090135482189]},"properties":{"tpcondition":"Fair","stumpdiameter":"0","riskratingdate":null,"riskrating":null,"objectid":"4016851","globalid":"956ADCAE-B1CF-408F-814F-4337C0C595EE","tpstructure":"Full","plantingspaceglobalid":"70F13355-F1A2-4693-AC5E-70CA5A86A140","createddate":"2016-07-27 12:59:02.0000000","dbh":"5","planteddate":null,"updateddate":"2017-04-24 12:17:23.0000000","geometry":"POINT(-73.77259149113756 40.70090135482189)","genusspecies":"Zelkova serrata - Japanese zelkova"}},{"type":"Feature","geometry":{"type":"Point","coordinates":[-73.74645876675467,40.69381260551943]},"properties":{"tpcondition":"Good","stumpdiameter":null,"riskratingdate":"2024-11-21 15:34:15.0000000","riskrating":"6","objectid":"4016852","globalid":"CC69B3C6-4816-4870-9C96-32BDAE92D724","tpstructure":"Full","plantingspaceglobalid":"DCE34EB4-D520-4658-A0A1-DA7A93EEFEDE","createddate":"2016-06-30 09:48:57.0000000","dbh":"16","planteddate":null,"updateddate":"2024-11-21 15:34:15.0000000","geometry":"POINT(-73.74645876675467 40.69381260551943)","genusspecies":"Quercus palustris - pin oak"}},{"type":"Feature","geometry":{"type":"Point","coordinates":[-73.74356246962107,40.71141362675345]},"properties":{"tpcondition":"Good","stumpdiameter":"0","riskratingdate":"2019-02-04 08:45:53.0000000","riskrating":"8","objectid":"4016853","globalid":"2A40A86C-E051-4CF4-B60E-AEB00B20E115","tpstructure":"Full","plantingspaceglobalid":"8F2B6C60-CA81-469F-9BDC-6A065ACC16F8","createddate":"2016-07-27 13:57:30.0000000","dbh":"39","planteddate":null,"updateddate":"2019-03-12 14:16:16.0000000","geometry":"POINT(-73.74356246962107 40.71141362675345)","genusspecies":"Quercus palustris - pin oak"}},{"type":"Feature","geometry":{"type":"Point","coordinates":[-73.82131562024507,40.77897705149578]},"properties":{"tpcondition":"Poor","stumpdiameter":null,"riskratingdate":"2025-04-18 14:23:27.0000000","riskrating":"8","objectid":"4016854","globalid":"5D98E3E5-6EDD-4288-B6F6-122C9616892A","tpstructure":"Full","plantingspaceglobalid":"A6401381-DE96-43CB-AFF7-CA5B37848346","createddate":"2016-07-27 13:37:49.0000000","dbh":"34","planteddate":null,"updateddate":"2025-04-18 14:23:27.0000000","geometry":"POINT(-73.82131562024507 40.77897705149578)","genusspecies":"Quercus robur - English oak"}},{"type":"Feature","geometry":{"type":"Point","coordinates":[-73.77788745230426,40.719914491971224]},"properties":{"tpcondition":"Good","stumpdiameter":"0","riskratingdate":null,"riskrating":null,"objectid":"4016855","globalid":"FDB79A59-3498-4579-8B41-C74A48FD54AE","tpstructure":"Full","plantingspaceglobalid":"A455F93F-A585-4D30-BB53-1457C6FD58F1","createddate":"2016-07-27 13:22:53.0000000","dbh":"8","planteddate":null,"updateddate":"2018-01-26 08:43:31.0000000","geometry":"POINT(-73.77788745230426 40.719914491971224)","genusspecies":"Prunus serrulata 'Green leaf' - 'Green leaf' Japanese flowering cherry"}},{"type":"Feature","geometry":{"type":"Point","coordinates":[-73.77310662061147,40.70176279552855]},"properties":{"tpcondition":"Fair","stumpdiameter":null,"riskratingdate":"2025-05-12 14:06:35.0000000","riskrating":"7","objectid":"4016856","globalid":"FB8E5216-2F62-43DF-8BBB-1D167F7ED651","tpstructure":"Full","plantingspaceglobalid":"963DB624-636D-4953-B998-E0CCE6B99451","createddate":"2016-07-27 12:55:32.0000000","dbh":"6","planteddate":null,"updateddate":"2025-05-12 14:06:35.0000000","geometry":"POINT(-73.77310662061147 40.70176279552855)","genusspecies":"Zelkova serrata - Japanese zelkova"}},{"type":"Feature","geometry":{"type":"Point","coordinates":[-73.82174546729115,40.775152014640334]},"properties":{"tpcondition":"Poor","stumpdiameter":null,"riskratingdate":"2025-10-24 13:53:37.0000000","riskrating":"7","objectid":"4016857","globalid":"CC1A35CA-A936-4CEF-AE62-C4F3427001E8","tpstructure":"Full","plantingspaceglobalid":"7E71AEEF-191C-4688-B77D-0E7B1C95F4A0","createddate":"2016-07-27 13:57:33.0000000","dbh":"13","planteddate":null,"updateddate":"2025-10-24 13:53:37.0000000","geometry":"POINT(-73.82174546729115 40.775152014640334)","genusspecies":"Acer rubrum - red maple"}},{"type":"Feature","geometry":{"type":"Point","coordinates":[-73.80291975470428,40.72023204934333]},"properties":{"tpcondition":"Good","stumpdiameter":"0","riskratingdate":"2020-03-19 15:26:53.0000000","riskrating":"3","objectid":"4016858","globalid":"5F75911D-62F9-4387-9110-96D9CEBBC110","tpstructure":"Full","plantingspaceglobalid":"324E8F88-0CA3-4083-B417-31C8BEF53CF5","createddate":"2016-07-27 14:13:00.0000000","dbh":"11","planteddate":null,"updateddate":"2020-03-19 15:26:53.0000000","geometry":"POINT(-73.80291975470428 40.72023204934333)","genusspecies":"Prunus serrulata 'Green leaf' - 'Green leaf' Japanese flowering cherry"}},{"type":"Feature","geometry":{"type":"Point","coordinates":[-73.77090229976469,40.67063809680655]},"properties":{"tpcondition":"Fair","stumpdiameter":"0","riskratingdate":null,"riskrating":null,"objectid":"4016859","globalid":"0F585C91-04CF-4458-A837-B21CE229DE07","tpstructure":"Retired","plantingspaceglobalid":"DA3C64AC-6D13-473B-BDB4-63C40E397BB1","createddate":"2016-06-30 09:47:15.0000000","dbh":"5","planteddate":null,"updateddate":"2023-10-10 15:50:55.0000000","geometry":"POINT(-73.77090229976469 40.67063809680655)","genusspecies":"Acer saccharum - sugar maple"}},{"type":"Feature","geometry":{"type":"Point","coordinates":[-73.70655953872073,40.74028166114689]},"properties":{"tpcondition":"Fair","stumpdiameter":null,"riskratingdate":"2023-11-22 01:47:49.0000000","riskrating":"5","objectid":"4016860","globalid":"76B6113B-9B5E-4F7B-928C-023F53093216","tpstructure":"Full","plantingspaceglobalid":"621C51D3-5F24-44FC-97BF-48BF85021301","createddate":"2016-06-30 09:51:21.0000000","dbh":"15","planteddate":null,"updateddate":"2023-11-22 01:47:49.0000000","geometry":"POINT(-73.70655953872073 40.74028166114689)","genusspecies":"Ulmus americana - American elm"}},{"type":"Feature","geometry":{"type":"Point","coordinates":[-73.82657066366065,40.792700712951216]},"properties":{"tpcondition":"Good","stumpdiameter":null,"riskratingdate":"2024-02-28 16:09:36.0000000","riskrating":"3","objectid":"4016861","globalid":"73C4DF56-AF7F-4F01-8107-63E35F8B1E29","tpstructure":"Full","plantingspaceglobalid":"6613A32A-AE19-4A0F-B653-0FA3D3C1E73E","createddate":"2016-06-30 10:07:33.0000000","dbh":"12","planteddate":null,"updateddate":"2024-02-28 16:09:36.0000000","geometry":"POINT(-73.82657066366065 40.792700712951216)","genusspecies":"Prunus serrulata 'Green leaf' - 'Green leaf' Japanese flowering cherry"}},{"type":"Feature","geometry":{"type":"Point","coordinates":[-73.73744945445046,40.753305546067864]},"properties":{"tpcondition":"Dead","stumpdiameter":"7","riskratingdate":null,"riskrating":null,"objectid":"4016862","globalid":"417D591A-3922-4F3F-A9C0-B09600872141","tpstructure":"Stump","plantingspaceglobalid":"0499AEED-18BD-42DE-A01F-15C47525F113","createddate":"2016-07-27 13:58:11.0000000","dbh":null,"planteddate":null,"updateddate":"2023-11-09 14:55:48.0000000","geometry":"POINT(-73.73744945445046 40.753305546067864)","genusspecies":"Pinus - pine"}},{"type":"Feature","geometry":{"type":"Point","coordinates":[-73.88316128762582,40.767368008613346]},"properties":{"tpcondition":"Good","stumpdiameter":"0","riskratingdate":null,"riskrating":null,"objectid":"4016863","globalid":"651886DF-CA22-44F0-9E2E-9897F6DE90E8","tpstructure":"Full","plantingspaceglobalid":"ACAC300E-DD9B-47FC-B4E8-4DF2CA5658BF","createddate":"2016-07-27 14:05:54.0000000","dbh":"3","planteddate":null,"updateddate":null,"geometry":"POINT(-73.88316128762582 40.767368008613346)","genusspecies":"Prunus serrulata 'Green leaf' - 'Green leaf' Japanese flowering cherry"}},{"type":"Feature","geometry":{"type":"Point","coordinates":[-73.7998693868464,40.72517734270075]},"properties":{"tpcondition":"Good","stumpdiameter":"0","riskratingdate":"2021-08-26 10:53:37.0000000","riskrating":"6","objectid":"4016864","globalid":"C2B01AB4-95FA-4915-AE22-F35C35CD0ACA","tpstructure":"Full","plantingspaceglobalid":"B2F1F599-FC77-429F-A823-E239294CB9DA","createddate":"2016-07-27 13:31:00.0000000","dbh":"13","planteddate":null,"updateddate":"2021-08-26 10:53:36.0000000","geometry":"POINT(-73.7998693868464 40.72517734270075)","genusspecies":"Tilia cordata - littleleaf linden"}},{"type":"Feature","geometry":{"type":"Point","coordinates":[-73.77973970744624,40.75141630419345]},"properties":{"tpcondition":"Good","stumpdiameter":"0","riskratingdate":null,"riskrating":null,"objectid":"4016865","globalid":"F7E722B1-6F5B-4297-8758-B672BAE2023D","tpstructure":"Full","plantingspaceglobalid":"ACFE3569-C8D8-4B71-9A12-CE07A072BE6B","createddate":"2016-07-27 13:55:12.0000000","dbh":"19","planteddate":null,"updateddate":"2018-01-08 11:52:12.0000000","geometry":"POINT(-73.77973970744624 40.75141630419345)","genusspecies":"Quercus palustris - pin oak"}},{"type":"Feature","geometry":{"type":"Point","coordinates":[-74.18125879821248,40.54157763530745]},"properties":{"tpcondition":"Fair","stumpdiameter":"0","riskratingdate":null,"riskrating":null,"objectid":"4016866","globalid":"193EEF77-A272-4397-AAFF-C0C3B99954F0","tpstructure":"Full","plantingspaceglobalid":"B4EA54F4-032A-49FB-B5D8-4C534B140D30","createddate":"2016-06-30 09:53:17.0000000","dbh":"8","planteddate":null,"updateddate":"2018-01-15 08:20:35.0000000","geometry":"POINT(-74.18125879821248 40.54157763530745)","genusspecies":"Pyrus calleryana - Callery pear"}},{"type":"Feature","geometry":{"type":"Point","coordinates":[-73.77957736697181,40.74716849017576]},"properties":{"tpcondition":"Fair","stumpdiameter":"0","riskratingdate":null,"riskrating":null,"objectid":"4016867","globalid":"306EA61A-8D6F-4048-9A47-3C512C08351B","tpstructure":"Full","plantingspaceglobalid":"A14AEF89-E68F-4D1E-89D2-30B9F70B62E5","createddate":"2016-07-27 13:41:52.0000000","dbh":"19","planteddate":null,"updateddate":"2017-12-12 10:54:01.0000000","geometry":"POINT(-73.77957736697181 40.74716849017576)","genusspecies":"Tilia cordata - littleleaf linden"}},{"type":"Feature","geometry":{"type":"Point","coordinates":[-74.03212254046959,40.62059919088685]},"properties":{"tpcondition":"Unknown","stumpdiameter":"6","riskratingdate":"2017-06-12 13:45:00.0000000","riskrating":"7","objectid":"4016868","globalid":"510F747C-8015-4E63-A259-4EE2793EC5F0","tpstructure":"Retired","plantingspaceglobalid":"3FFA13C3-26E1-44BF-A88F-38728596F20F","createddate":"2016-07-27 13:01:00.0000000","dbh":"6","planteddate":null,"updateddate":"2019-03-18 19:30:00.0000000","geometry":"POINT(-74.03212254046959 40.62059919088685)","genusspecies":"Tilia cordata - littleleaf linden"}},{"type":"Feature","geometry":{"type":"Point","coordinates":[-74.13595252950445,40.56769643397134]},"properties":{"tpcondition":"Excellent","stumpdiameter":null,"riskratingdate":"2024-01-26 15:04:34.0000000","riskrating":"4","objectid":"4016869","globalid":"BF5E7CC7-26C9-4770-997A-64790CBA0AF9","tpstructure":"Full","plantingspaceglobalid":"5979805D-C090-4C49-8D94-130DBAE4466C","createddate":"2016-07-27 13:04:40.0000000","dbh":"5","planteddate":null,"updateddate":"2024-01-26 15:04:34.0000000","geometry":"POINT(-74.13595252950445 40.56769643397134)","genusspecies":"Prunus serrulata 'Green leaf' - 'Green leaf' Japanese flowering cherry"}},{"type":"Feature","geometry":{"type":"Point","coordinates":[-73.72078034400596,40.76129367741715]},"properties":{"tpcondition":"Good","stumpdiameter":null,"riskratingdate":"2023-11-22 15:23:35.0000000","riskrating":"3","objectid":"4016870","globalid":"2E174739-3646-4B38-9076-26B77F3B7E0F","tpstructure":"Full","plantingspaceglobalid":"E31A7C2E-D48E-4203-AE4A-A62AC23B9E69","createddate":"2016-07-27 13:13:32.0000000","dbh":"10","planteddate":null,"updateddate":"2023-11-22 15:23:35.0000000","geometry":"POINT(-73.72078034400596 40.76129367741715)","genusspecies":"Ginkgo biloba - maidenhair tree"}},{"type":"Feature","geometry":{"type":"Point","coordinates":[-73.90369232401727,40.73600824482452]},"properties":{"tpcondition":"Good","stumpdiameter":null,"riskratingdate":"2024-09-06 13:22:52.0000000","riskrating":"9","objectid":"4016871","globalid":"F5C238D2-9975-4A72-84D4-78C09B701B18","tpstructure":"Full","plantingspaceglobalid":"1A83DC32-8F67-4138-80C1-BB102E7BAA96","createddate":"2016-07-27 13:39:49.0000000","dbh":"20","planteddate":null,"updateddate":"2024-09-06 13:22:52.0000000","geometry":"POINT(-73.90369232401727 40.73600824482452)","genusspecies":"Gleditsia triacanthos var. inermis - Thornless honeylocust"}},{"type":"Feature","geometry":{"type":"Point","coordinates":[-73.76072509841617,40.679117074033286]},"properties":{"tpcondition":"Fair","stumpdiameter":null,"riskratingdate":"2025-05-15 16:55:31.0000000","riskrating":"3","objectid":"4016872","globalid":"FD18E868-E29C-46DA-8822-C98EB6E782E9","tpstructure":"Full","plantingspaceglobalid":"0A347922-1C98-4F5C-96CF-E6F5FD38E2A6","createddate":"2016-07-27 14:13:11.0000000","dbh":"3","planteddate":null,"updateddate":"2025-05-15 16:55:31.0000000","geometry":"POINT(-73.76072509841617 40.679117074033286)","genusspecies":"Prunus cistena 'Schmidt's' - 'Schmidt's' Purple-leaf sand cherry"}},{"type":"Feature","geometry":{"type":"Point","coordinates":[-73.79765627679015,40.787835097246116]},"properties":{"tpcondition":"Good","stumpdiameter":"0","riskratingdate":null,"riskrating":null,"objectid":"4016873","globalid":"E62B4E3B-D01C-464B-A254-81DF90193123","tpstructure":"Retired","plantingspaceglobalid":"BDDBFCA8-187C-44A8-97B0-1FDC804EFCE1","createddate":"2016-06-30 09:45:35.0000000","dbh":"3","planteddate":null,"updateddate":"2022-01-27 13:28:13.0000000","geometry":"POINT(-73.79765627679015 40.787835097246116)","genusspecies":"Prunus serrulata 'Green leaf' - 'Green leaf' Japanese flowering cherry"}},{"type":"Feature","geometry":{"type":"Point","coordinates":[-73.80678625295302,40.721180243971396]},"properties":{"tpcondition":"Good","stumpdiameter":null,"riskratingdate":"2021-08-13 19:47:33.0000000","riskrating":"3","objectid":"4016874","globalid":"F091088E-28F0-422B-9D70-9AB91BCD3C01","tpstructure":"Full","plantingspaceglobalid":"12185B07-239D-41D7-9278-7B482A671AC6","createddate":"2016-07-27 13:36:32.0000000","dbh":"7","planteddate":null,"updateddate":"2021-08-13 19:47:33.0000000","geometry":"POINT(-73.80678625295302 40.721180243971396)","genusspecies":"Tilia cordata - littleleaf linden"}},{"type":"Feature","geometry":{"type":"Point","coordinates":[-73.70915095834089,40.74201496726366]},"properties":{"tpcondition":"Good","stumpdiameter":null,"riskratingdate":"2020-11-05 04:45:33.0000000","riskrating":"7","objectid":"4016875","globalid":"565E4F32-E9DF-4686-B768-16AB891A2C6A","tpstructure":"Full","plantingspaceglobalid":"9DB0E897-1DCE-4AC8-9AC6-3A3570B95574","createddate":"2016-06-30 10:19:52.0000000","dbh":"16","planteddate":null,"updateddate":"2020-11-05 04:45:33.0000000","geometry":"POINT(-73.70915095834089 40.74201496726366)","genusspecies":"Acer rubrum - red maple"}},{"type":"Feature","geometry":{"type":"Point","coordinates":[-73.73737276323513,40.72418069543529]},"properties":{"tpcondition":"Fair","stumpdiameter":null,"riskratingdate":"2025-01-28 14:44:03.0000000","riskrating":"8","objectid":"4016876","globalid":"F8740D95-D309-4D8D-B1F2-C9FB9331EBAF","tpstructure":"Full","plantingspaceglobalid":"6FF63D4E-4941-44A3-A499-783AE743FB17","createddate":"2016-06-30 10:26:11.0000000","dbh":"32","planteddate":null,"updateddate":"2025-01-28 14:44:03.0000000","geometry":"POINT(-73.73737276323513 40.72418069543529)","genusspecies":"Platanus x acerifolia - London planetree"}},{"type":"Feature","geometry":{"type":"Point","coordinates":[-73.76649518600786,40.70304612105502]},"properties":{"tpcondition":"Good","stumpdiameter":"0","riskratingdate":null,"riskrating":null,"objectid":"4016877","globalid":"497B7C00-292F-4CC8-B423-02BBB16DCBEA","tpstructure":"Full","plantingspaceglobalid":"7543554B-847B-475B-900F-70B4989EC984","createddate":"2016-07-27 13:31:43.0000000","dbh":"13","planteddate":null,"updateddate":"2017-04-19 14:33:29.0000000","geometry":"POINT(-73.76649518600786 40.70304612105502)","genusspecies":"Juglans nigra - black walnut"}},{"type":"Feature","geometry":{"type":"Point","coordinates":[-73.7400170676258,40.724209903640364]},"properties":{"tpcondition":"Good","stumpdiameter":"0","riskratingdate":null,"riskrating":null,"objectid":"4016878","globalid":"F2BBA442-A6D7-463B-9AD4-3A78750010E3","tpstructure":"Full","plantingspaceglobalid":"0D112F15-A06D-46C1-9852-BACCFE78D6C3","createddate":"2016-07-27 14:00:11.0000000","dbh":"5","planteddate":null,"updateddate":"2017-12-05 08:26:25.0000000","geometry":"POINT(-73.7400170676258 40.724209903640364)","genusspecies":"Tilia cordata - littleleaf linden"}},{"type":"Feature","geometry":{"type":"Point","coordinates":[-73.89784035000416,40.73652560735664]},"properties":{"tpcondition":"Good","stumpdiameter":null,"riskratingdate":"2024-09-06 13:52:36.0000000","riskrating":"6","objectid":"4016879","globalid":"DC6B013A-F810-47EF-9D06-3D701FD46947","tpstructure":"Full","plantingspaceglobalid":"FF7088E9-AC6C-4067-8CAF-4288F54A842F","createddate":"2016-07-27 13:20:28.0000000","dbh":"8","planteddate":null,"updateddate":"2024-09-06 13:52:36.0000000","geometry":"POINT(-73.89784035000416 40.73652560735664)","genusspecies":"Prunus serrulata 'Green leaf' - 'Green leaf' Japanese flowering cherry"}},{"type":"Feature","geometry":{"type":"Point","coordinates":[-73.72423773964597,40.739926172940855]},"properties":{"tpcondition":"Good","stumpdiameter":"0","riskratingdate":null,"riskrating":null,"objectid":"4016880","globalid":"45C9851C-D1FA-4F62-BF1F-9530EB63C986","tpstructure":"Full","plantingspaceglobalid":"FBA2AC6E-6ADE-4F69-9DE0-E40BE9374F99","createddate":"2016-06-30 10:13:23.0000000","dbh":"2","planteddate":null,"updateddate":"2017-04-14 13:04:43.0000000","geometry":"POINT(-73.72423773964597 40.739926172940855)","genusspecies":"Tilia americana - American basswood"}},{"type":"Feature","geometry":{"type":"Point","coordinates":[-73.80657122765459,40.75474315235808]},"properties":{"tpcondition":"Fair","stumpdiameter":null,"riskratingdate":"2024-07-09 13:46:01.0000000","riskrating":"8","objectid":"4016881","globalid":"59D607DF-204B-4F79-915B-1027E86F1922","tpstructure":"Full","plantingspaceglobalid":"F47BE139-4A6B-43DA-9E65-B5D2858A0A46","createddate":"2016-07-27 14:28:53.0000000","dbh":"48","planteddate":null,"updateddate":"2024-07-09 13:46:01.0000000","geometry":"POINT(-73.80657122765459 40.75474315235808)","genusspecies":"Quercus palustris - pin oak"}},{"type":"Feature","geometry":{"type":"Point","coordinates":[-73.72110331968383,40.75480390214556]},"properties":{"tpcondition":"Good","stumpdiameter":null,"riskratingdate":"2020-12-08 18:32:37.0000000","riskrating":"5","objectid":"4016882","globalid":"FECCFDE6-B256-4F7E-A73C-C12458EA72A8","tpstructure":"Full","plantingspaceglobalid":"39211B33-4F35-4884-A5E1-2747B9ED0191","createddate":"2016-06-30 09:47:52.0000000","dbh":"8","planteddate":null,"updateddate":"2020-12-08 18:32:37.0000000","geometry":"POINT(-73.72110331968383 40.75480390214556)","genusspecies":"Tilia cordata - littleleaf linden"}},{"type":"Feature","geometry":{"type":"Point","coordinates":[-74.03475482817302,40.61530006852211]},"properties":{"tpcondition":"Good","stumpdiameter":"0","riskratingdate":null,"riskrating":null,"objectid":"4016883","globalid":"733C8E07-09CD-4439-99A4-3446B1727BDB","tpstructure":"Full","plantingspaceglobalid":"9C05D7EF-D290-4AEE-AB48-0A147DA3AA62","createddate":"2016-07-27 12:55:36.0000000","dbh":"10","planteddate":null,"updateddate":null,"geometry":"POINT(-74.03475482817302 40.61530006852211)","genusspecies":"Zelkova serrata - Japanese zelkova"}},{"type":"Feature","geometry":{"type":"Point","coordinates":[-73.77361472589104,40.70261209895386]},"properties":{"tpcondition":"Fair","stumpdiameter":"0","riskratingdate":null,"riskrating":null,"objectid":"4016884","globalid":"636BA4E2-0F75-4BFE-B118-A96FC09CEF56","tpstructure":"Full","plantingspaceglobalid":"7F78B906-640A-48D6-994D-DF1B2543D9BF","createddate":"2016-07-27 12:51:15.0000000","dbh":"7","planteddate":null,"updateddate":"2017-04-24 11:36:31.0000000","geometry":"POINT(-73.77361472589104 40.70261209895386)","genusspecies":"Styphnolobium japonicum - Japanese pagoda tree"}},{"type":"Feature","geometry":{"type":"Point","coordinates":[-74.03769649379639,40.6321740485147]},"properties":{"tpcondition":"Fair","stumpdiameter":null,"riskratingdate":"2024-12-17 15:56:09.0000000","riskrating":"6","objectid":"4016885","globalid":"3514EB92-1645-45EE-B5DD-518A32E8EC50","tpstructure":"Full","plantingspaceglobalid":"C5F9BA0D-E85C-4409-A834-CEB5D0A5FB87","createddate":"2016-07-27 14:17:02.0000000","dbh":"8","planteddate":null,"updateddate":"2024-12-17 15:56:09.0000000","geometry":"POINT(-74.03769649379639 40.6321740485147)","genusspecies":"Quercus palustris - pin oak"}},{"type":"Feature","geometry":{"type":"Point","coordinates":[-73.80736548757567,40.73995360517178]},"properties":{"tpcondition":"Good","stumpdiameter":"0","riskratingdate":null,"riskrating":null,"objectid":"4016886","globalid":"55A93D79-A2EB-4C60-BDB3-E8C663C9FEE9","tpstructure":"Full","plantingspaceglobalid":"BB7F3CC6-5087-472C-9508-BE0F8CB82851","createddate":"2016-07-27 14:12:03.0000000","dbh":"4","planteddate":null,"updateddate":"2018-09-11 20:04:58.0000000","geometry":"POINT(-73.80736548757567 40.73995360517178)","genusspecies":"Quercus palustris - pin oak"}},{"type":"Feature","geometry":{"type":"Point","coordinates":[-73.9014353002364,40.613110220387]},"properties":{"tpcondition":"Good","stumpdiameter":"0","riskratingdate":null,"riskrating":null,"objectid":"4016887","globalid":"0715EF72-9843-40FF-88A0-947525884D54","tpstructure":"Full","plantingspaceglobalid":"2C39D2BF-AAFF-4F9D-9F59-A1032F3E1975","createddate":"2016-07-27 12:50:01.0000000","dbh":"9","planteddate":null,"updateddate":null,"geometry":"POINT(-73.9014353002364 40.613110220387)","genusspecies":"Acer rubrum - red maple"}},{"type":"Feature","geometry":{"type":"Point","coordinates":[-73.75852860705123,40.69602654329967]},"properties":{"tpcondition":"Good","stumpdiameter":null,"riskratingdate":"2025-10-29 17:15:44.0000000","riskrating":"3","objectid":"4016888","globalid":"B58B6188-D966-4F9A-AC3C-8F4026389617","tpstructure":"Full","plantingspaceglobalid":"E99B8F5B-0B9E-441B-A502-16C18786FDD7","createddate":"2016-07-27 13:51:18.0000000","dbh":"12","planteddate":null,"updateddate":"2025-10-29 17:15:44.0000000","geometry":"POINT(-73.75852860705123 40.69602654329967)","genusspecies":"Prunus serrulata 'Green leaf' - 'Green leaf' Japanese flowering cherry"}},{"type":"Feature","geometry":{"type":"Point","coordinates":[-74.03241623921029,40.63248249775251]},"properties":{"tpcondition":"Fair","stumpdiameter":null,"riskratingdate":"2023-11-03 16:14:52.0000000","riskrating":"7","objectid":"4016889","globalid":"5BCADABF-4D12-4F93-9009-7943F5ABDF00","tpstructure":"Full","plantingspaceglobalid":"EF14EF93-F6EF-438C-84B8-43B0BAECF841","createddate":"2016-07-27 12:59:06.0000000","dbh":"9","planteddate":null,"updateddate":"2023-11-03 16:14:52.0000000","geometry":"POINT(-74.03241623921029 40.63248249775251)","genusspecies":"Acer platanoides 'Not Green Leaf' - 'Not Green Leaf' Norway maple"}},{"type":"Feature","geometry":{"type":"Point","coordinates":[-73.80206687158118,40.72301773037548]},"properties":{"tpcondition":"Poor","stumpdiameter":null,"riskratingdate":"2025-10-19 14:06:51.0000000","riskrating":"9","objectid":"4016890","globalid":"6CCE178C-8CF4-4C5F-A3EE-694A2C92D926","tpstructure":"Full","plantingspaceglobalid":"E3681E3F-E7BE-4CDE-91A7-0E9F4D2795E7","createddate":"2016-07-27 14:02:00.0000000","dbh":"27","planteddate":null,"updateddate":"2025-10-19 14:06:51.0000000","geometry":"POINT(-73.80206687158118 40.72301773037548)","genusspecies":"Platanus x acerifolia - London planetree"}},{"type":"Feature","geometry":{"type":"Point","coordinates":[-74.02713014241681,40.62977288560538]},"properties":{"tpcondition":"Good","stumpdiameter":"0","riskratingdate":null,"riskrating":null,"objectid":"4016891","globalid":"A04DFE34-E729-434D-A762-23AD6B4D1861","tpstructure":"Retired","plantingspaceglobalid":"DFA163B2-F907-4D95-8A44-BA76B3F35910","createddate":"2016-07-27 14:00:00.0000000","dbh":"2","planteddate":null,"updateddate":"2024-11-27 16:56:08.0000000","geometry":"POINT(-74.02713014241681 40.62977288560538)","genusspecies":"Tilia cordata - littleleaf linden"}},{"type":"Feature","geometry":{"type":"Point","coordinates":[-73.724961301383,40.755507569713735]},"properties":{"tpcondition":"Good","stumpdiameter":"0","riskratingdate":null,"riskrating":null,"objectid":"4016892","globalid":"72D5F468-E648-4084-A72D-64CBE6D5A9D2","tpstructure":"Retired","plantingspaceglobalid":"9AB80062-7650-4ECC-B0D1-BD792D5FB8AF","createddate":"2016-07-27 14:28:34.0000000","dbh":"12","planteddate":null,"updateddate":"2021-09-08 14:39:17.0000000","geometry":"POINT(-73.724961301383 40.755507569713735)","genusspecies":"Prunus serrulata 'Green leaf' - 'Green leaf' Japanese flowering cherry"}},{"type":"Feature","geometry":{"type":"Point","coordinates":[-73.98697535490464,40.62217158186737]},"properties":{"tpcondition":"Good","stumpdiameter":"0","riskratingdate":null,"riskrating":null,"objectid":"4016893","globalid":"2E74327F-9055-44EE-B073-9A7BC0CA13D8","tpstructure":"Full","plantingspaceglobalid":"E08BEA2E-84C3-4F44-A9A1-476420EE6094","createddate":"2016-07-27 12:54:28.0000000","dbh":"3","planteddate":null,"updateddate":null,"geometry":"POINT(-73.98697535490464 40.62217158186737)","genusspecies":"Quercus bicolor - swamp white oak"}},{"type":"Feature","geometry":{"type":"Point","coordinates":[-73.70689422242266,40.73104429191823]},"properties":{"tpcondition":"Fair","stumpdiameter":"0","riskratingdate":"2020-03-19 21:49:32.0000000","riskrating":"7","objectid":"4016894","globalid":"4D62EAE3-53AC-4577-A7BA-5552F3C2F6A2","tpstructure":"Full","plantingspaceglobalid":"C402859E-A834-434C-92DC-867A115C176B","createddate":"2016-06-30 10:24:00.0000000","dbh":"17","planteddate":null,"updateddate":"2020-03-19 21:49:31.0000000","geometry":"POINT(-73.70689422242266 40.73104429191823)","genusspecies":"Zelkova serrata - Japanese zelkova"}},{"type":"Feature","geometry":{"type":"Point","coordinates":[-73.74992641511915,40.7213871129355]},"properties":{"tpcondition":"Poor","stumpdiameter":null,"riskratingdate":"2023-02-02 16:25:00.0000000","riskrating":"6","objectid":"4016895","globalid":"B8F06826-7964-4D29-AF49-3F505ECBA9F2","tpstructure":"Retired","plantingspaceglobalid":"20321F85-7CDF-40C9-833F-7E778F1D2CB1","createddate":"2016-07-27 13:47:00.0000000","dbh":"21","planteddate":null,"updateddate":"2023-02-02 16:25:00.0000000","geometry":"POINT(-73.74992641511915 40.7213871129355)","genusspecies":"Fraxinus pennsylvanica - Green ash"}},{"type":"Feature","geometry":{"type":"Point","coordinates":[-73.75698081539068,40.67137879205482]},"properties":{"tpcondition":"Good","stumpdiameter":null,"riskratingdate":"2024-12-31 13:22:37.0000000","riskrating":"5","objectid":"4016896","globalid":"46833729-F5C3-4C10-95E3-A58D4EC5E0AC","tpstructure":"Full","plantingspaceglobalid":"33A8017D-E612-4EF7-A7D2-7E9777C55227","createddate":"2016-07-27 13:49:41.0000000","dbh":"9","planteddate":null,"updateddate":"2024-12-31 13:22:37.0000000","geometry":"POINT(-73.75698081539068 40.67137879205482)","genusspecies":"Tilia cordata - littleleaf linden"}},{"type":"Feature","geometry":{"type":"Point","coordinates":[-73.76099713430034,40.70282581276936]},"properties":{"tpcondition":"Good","stumpdiameter":"0","riskratingdate":null,"riskrating":null,"objectid":"4016897","globalid":"5E758609-A37F-4BA0-8DC7-4A813621E61D","tpstructure":"Full","plantingspaceglobalid":"4B3057D2-0E33-411E-A172-1B81B9733C65","createddate":"2016-07-27 13:59:03.0000000","dbh":"5","planteddate":null,"updateddate":"2017-04-26 10:31:25.0000000","geometry":"POINT(-73.76099713430034 40.70282581276936)","genusspecies":"Ginkgo biloba - maidenhair tree"}},{"type":"Feature","geometry":{"type":"Point","coordinates":[-73.81905907610337,40.78060056049662]},"properties":{"tpcondition":"Good","stumpdiameter":null,"riskratingdate":"2025-10-02 13:30:22.0000000","riskrating":"7","objectid":"4016898","globalid":"F0290003-E0A1-4D6A-A6F4-6D0031462193","tpstructure":"Full","plantingspaceglobalid":"77F1D2FD-4124-446C-AEC7-ED04D5863526","createddate":"2016-07-27 13:00:09.0000000","dbh":"10","planteddate":null,"updateddate":"2025-10-02 13:30:22.0000000","geometry":"POINT(-73.81905907610337 40.78060056049662)","genusspecies":"Carpinus betulus - European hornbeam"}},{"type":"Feature","geometry":{"type":"Point","coordinates":[-74.02596743099399,40.62832332147757]},"properties":{"tpcondition":"Fair","stumpdiameter":null,"riskratingdate":"2024-12-02 18:28:33.0000000","riskrating":"7","objectid":"4016899","globalid":"A0159B40-ABC9-46D4-B844-D372AB42CFF9","tpstructure":"Full","plantingspaceglobalid":"4E97F086-88B7-4BBE-BA05-333D87C85590","createddate":"2016-07-27 14:00:24.0000000","dbh":"28","planteddate":null,"updateddate":"2024-12-02 18:28:33.0000000","geometry":"POINT(-74.02596743099399 40.62832332147757)","genusspecies":"Quercus palustris - pin oak"}},{"type":"Feature","geometry":{"type":"Point","coordinates":[-73.82166981334073,40.776087005790146]},"properties":{"tpcondition":"Fair","stumpdiameter":null,"riskratingdate":"2025-10-01 11:30:57.0000000","riskrating":"8","objectid":"4016900","globalid":"D5E87EC7-0DDC-4C06-BA18-14A761FACF00","tpstructure":"Full","plantingspaceglobalid":"3CD1B28C-A47C-414C-B576-7048D35274EB","createddate":"2016-07-27 12:48:50.0000000","dbh":"27","planteddate":null,"updateddate":"2025-10-01 11:30:57.0000000","geometry":"POINT(-73.82166981334073 40.776087005790146)","genusspecies":"Fraxinus pennsylvanica - Green ash"}},{"type":"Feature","geometry":{"type":"Point","coordinates":[-73.78709939100563,40.71832192199707]},"properties":{"tpcondition":"Good","stumpdiameter":"0","riskratingdate":null,"riskrating":null,"objectid":"4016901","globalid":"08A480B5-ABA6-44A9-A3E9-DBF3A38830EF","tpstructure":"Full","plantingspaceglobalid":"11D681A9-BE2F-4BF5-80D7-17D55C0B378E","createddate":"2016-07-27 13:34:49.0000000","dbh":"8","planteddate":null,"updateddate":"2017-01-02 07:45:03.0000000","geometry":"POINT(-73.78709939100563 40.71832192199707)","genusspecies":"Prunus serrulata 'Green leaf' - 'Green leaf' Japanese flowering cherry"}},{"type":"Feature","geometry":{"type":"Point","coordinates":[-73.88120864457777,40.76747164620253]},"properties":{"tpcondition":"Good","stumpdiameter":"0","riskratingdate":"2020-02-03 18:06:09.0000000","riskrating":"3","objectid":"4016902","globalid":"2B894881-9690-4F2C-800C-F93B3E06CB72","tpstructure":"Full","plantingspaceglobalid":"E30A4A07-5877-4B9B-A369-4B2FF86EAA82","createddate":"2016-07-27 13:56:00.0000000","dbh":"6","planteddate":null,"updateddate":"2020-02-03 18:06:09.0000000","geometry":"POINT(-73.88120864457777 40.76747164620253)","genusspecies":"Quercus rubra - northern red oak"}},{"type":"Feature","geometry":{"type":"Point","coordinates":[-73.7459793520391,40.734567199283354]},"properties":{"tpcondition":"Good","stumpdiameter":null,"riskratingdate":"2021-10-18 18:53:39.0000000","riskrating":"6","objectid":"4016903","globalid":"D94F5338-92AB-4372-B102-AAB3BF66C781","tpstructure":"Full","plantingspaceglobalid":"46A014AC-74C7-474D-8681-D67213AC89A9","createddate":"2016-06-30 10:10:41.0000000","dbh":"35","planteddate":null,"updateddate":"2021-10-18 18:53:39.0000000","geometry":"POINT(-73.7459793520391 40.734567199283354)","genusspecies":"Quercus palustris - pin oak"}},{"type":"Feature","geometry":{"type":"Point","coordinates":[-73.73251551804144,40.72541275802131]},"properties":{"tpcondition":"Good","stumpdiameter":"0","riskratingdate":null,"riskrating":null,"objectid":"4016904","globalid":"E213DBB4-F79C-42C7-A711-68F2FA10B495","tpstructure":"Full","plantingspaceglobalid":"88B94A15-653B-4AEB-86DE-32AF5D3ACB78","createddate":"2016-06-30 10:25:43.0000000","dbh":"16","planteddate":null,"updateddate":"2017-12-05 10:46:23.0000000","geometry":"POINT(-73.73251551804144 40.72541275802131)","genusspecies":"Gleditsia triacanthos var. inermis - Thornless honeylocust"}},{"type":"Feature","geometry":{"type":"Point","coordinates":[-73.81808866810682,40.668174957850454]},"properties":{"tpcondition":"Good","stumpdiameter":null,"riskratingdate":"2025-07-18 15:53:23.0000000","riskrating":"9","objectid":"4016905","globalid":"4089D24D-F635-4756-BC04-897ABD640D3C","tpstructure":"Full","plantingspaceglobalid":"606E4C4C-C2B8-44D9-9C02-3ECABFA395BA","createddate":"2016-07-27 13:26:21.0000000","dbh":"35","planteddate":null,"updateddate":"2025-07-18 15:53:23.0000000","geometry":"POINT(-73.81808866810682 40.668174957850454)","genusspecies":"Quercus palustris - pin oak"}},{"type":"Feature","geometry":{"type":"Point","coordinates":[-73.7617801365756,40.686216109241734]},"properties":{"tpcondition":"Fair","stumpdiameter":null,"riskratingdate":"2025-01-07 19:06:11.0000000","riskrating":"8","objectid":"4016906","globalid":"5D00B2A2-1A87-43DA-80BF-A59735E43966","tpstructure":"Full","plantingspaceglobalid":"46CC4AD9-5C27-4FCB-B193-9FFE3EDA42D4","createddate":"2016-06-30 10:02:54.0000000","dbh":"28","planteddate":null,"updateddate":"2025-01-07 19:06:11.0000000","geometry":"POINT(-73.7617801365756 40.686216109241734)","genusspecies":"Quercus palustris - pin oak"}},{"type":"Feature","geometry":{"type":"Point","coordinates":[-73.77891535288279,40.745034496393984]},"properties":{"tpcondition":"Good","stumpdiameter":"0","riskratingdate":null,"riskrating":null,"objectid":"4016907","globalid":"55F837E7-F76C-4799-9F38-415DA493F2E7","tpstructure":"Full","plantingspaceglobalid":"E57C020A-306C-4ED8-AF4F-9E2B4F94BCE4","createddate":"2016-07-27 13:20:24.0000000","dbh":"8","planteddate":null,"updateddate":"2017-12-19 10:46:15.0000000","geometry":"POINT(-73.77891535288279 40.745034496393984)","genusspecies":"Prunus serrulata 'Green leaf' - 'Green leaf' Japanese flowering cherry"}},{"type":"Feature","geometry":{"type":"Point","coordinates":[-73.71711248036178,40.736927848474046]},"properties":{"tpcondition":"Good","stumpdiameter":"0","riskratingdate":null,"riskrating":null,"objectid":"4016908","globalid":"1C438F83-4241-4DF3-9A65-052BD2DE4F1E","tpstructure":"Full","plantingspaceglobalid":"582DC37B-C657-470B-9739-D60AD667EB3B","createddate":"2016-06-30 10:27:32.0000000","dbh":"27","planteddate":null,"updateddate":"2017-04-11 11:50:39.0000000","geometry":"POINT(-73.71711248036178 40.736927848474046)","genusspecies":"Platanus x acerifolia - London planetree"}},{"type":"Feature","geometry":{"type":"Point","coordinates":[-73.73169346452272,40.727876941308075]},"properties":{"tpcondition":"Fair","stumpdiameter":"0","riskratingdate":null,"riskrating":null,"objectid":"4016909","globalid":"B77EE8B3-6799-4C11-A6FE-D0255B04D2C3","tpstructure":"Full","plantingspaceglobalid":"132B9CA3-9A43-4FDB-A895-71EC4A344239","createddate":"2016-07-27 13:56:56.0000000","dbh":"13","planteddate":null,"updateddate":"2017-04-13 10:22:07.0000000","geometry":"POINT(-73.73169346452272 40.727876941308075)","genusspecies":"Gleditsia triacanthos var. inermis - Thornless honeylocust"}},{"type":"Feature","geometry":{"type":"Point","coordinates":[-73.76207482796177,40.688420671013596]},"properties":{"tpcondition":"Good","stumpdiameter":null,"riskratingdate":"2025-01-10 14:11:36.0000000","riskrating":"6","objectid":"4016910","globalid":"B4C76233-5538-41CF-BB3F-3B20589532D9","tpstructure":"Full","plantingspaceglobalid":"9905392D-B4AD-475F-8CFD-C4910BC902D0","createddate":"2016-07-27 13:01:43.0000000","dbh":"13","planteddate":null,"updateddate":"2025-01-10 14:11:36.0000000","geometry":"POINT(-73.76207482796177 40.688420671013596)","genusspecies":"Tilia cordata - littleleaf linden"}},{"type":"Feature","geometry":{"type":"Point","coordinates":[-73.7186192217728,40.726601991592666]},"properties":{"tpcondition":"Fair","stumpdiameter":null,"riskratingdate":"2020-05-27 17:56:59.0000000","riskrating":"4","objectid":"4016911","globalid":"5BB9F605-0EC8-4F4D-81C6-C21584A90225","tpstructure":"Full","plantingspaceglobalid":"0E03F80C-329D-4C0A-8D58-078D3EBE21FA","createddate":"2016-06-30 10:18:36.0000000","dbh":"16","planteddate":null,"updateddate":"2020-05-27 17:56:59.0000000","geometry":"POINT(-73.7186192217728 40.726601991592666)","genusspecies":"Zelkova serrata - Japanese zelkova"}},{"type":"Feature","geometry":{"type":"Point","coordinates":[-73.95375520063733,40.62852011889467]},"properties":{"tpcondition":"Good","stumpdiameter":null,"riskratingdate":"2022-01-12 07:34:19.0000000","riskrating":"8","objectid":"4016912","globalid":"2B86D7CE-DE82-406C-BD30-DBE44189A042","tpstructure":"Full","plantingspaceglobalid":"7D82C4AF-076F-4A68-8C7F-B692FA45689D","createddate":"2016-07-27 13:05:24.0000000","dbh":"23","planteddate":null,"updateddate":"2022-01-12 07:34:19.0000000","geometry":"POINT(-73.95375520063733 40.62852011889467)","genusspecies":"Zelkova serrata - Japanese zelkova"}},{"type":"Feature","geometry":{"type":"Point","coordinates":[-73.82511159687826,40.79302432152418]},"properties":{"tpcondition":"Fair","stumpdiameter":null,"riskratingdate":"2024-02-28 17:05:44.0000000","riskrating":"5","objectid":"4016913","globalid":"2579127D-6CDB-4D9A-985B-1F53E01A0D5F","tpstructure":"Full","plantingspaceglobalid":"0023EB18-9193-4CF1-AA99-2447B735F64B","createddate":"2016-06-30 09:59:40.0000000","dbh":"6","planteddate":null,"updateddate":"2024-02-28 17:05:44.0000000","geometry":"POINT(-73.82511159687826 40.79302432152418)","genusspecies":"Lagerstroemia indica - Crape Myrtle"}},{"type":"Feature","geometry":{"type":"Point","coordinates":[-73.78472579726808,40.757762995185075]},"properties":{"tpcondition":"Poor","stumpdiameter":"0","riskratingdate":"2019-08-05 16:21:46.0000000","riskrating":"8","objectid":"4016914","globalid":"13EC543A-39BD-45B5-8B40-9C660EFD389C","tpstructure":"Retired","plantingspaceglobalid":"2F489730-6DE7-4074-A9A3-6C90C2D2ADCA","createddate":"2016-07-27 13:31:18.0000000","dbh":"16","planteddate":null,"updateddate":"2022-06-21 17:46:34.0000000","geometry":"POINT(-73.78472579726808 40.757762995185075)","genusspecies":"Fraxinus pennsylvanica - Green ash"}},{"type":"Feature","geometry":{"type":"Point","coordinates":[-73.75964382995136,40.698757949481895]},"properties":{"tpcondition":"Unknown","stumpdiameter":null,"riskratingdate":null,"riskrating":null,"objectid":"4016915","globalid":"22DCCB4B-837A-45B9-B1D6-E4761A2EC7A8","tpstructure":"Retired","plantingspaceglobalid":"C0A440FC-5F83-446E-971C-1F31ABEBADD8","createddate":"2016-07-27 14:16:03.0000000","dbh":"0","planteddate":null,"updateddate":"2017-04-25 08:14:52.0000000","geometry":"POINT(-73.75964382995136 40.698757949481895)","genusspecies":"Unknown - Unknown"}},{"type":"Feature","geometry":{"type":"Point","coordinates":[-73.82485296585799,40.66695623788287]},"properties":{"tpcondition":"Critical","stumpdiameter":"0","riskratingdate":"2017-09-15 11:41:28.0000000","riskrating":"12","objectid":"4016916","globalid":"817A9D57-4FD8-4080-9C97-8F7C24D5F0B6","tpstructure":"Retired","plantingspaceglobalid":"A15EB980-6626-46D2-82D0-0DA67F5F8031","createddate":"2016-07-27 14:26:00.0000000","dbh":"9","planteddate":null,"updateddate":"2017-12-22 10:19:39.0000000","geometry":"POINT(-73.82485296585799 40.66695623788287)","genusspecies":"Magnolia - magnolia"}},{"type":"Feature","geometry":{"type":"Point","coordinates":[-73.71177192508502,40.738931485399]},"properties":{"tpcondition":"Good","stumpdiameter":null,"riskratingdate":"2020-11-17 18:36:36.0000000","riskrating":"4","objectid":"4016917","globalid":"03F8F1F5-2B93-45D1-A22D-BB0BF7A182D8","tpstructure":"Full","plantingspaceglobalid":"F1043217-C640-4EC2-BB36-AD4E39A18CBD","createddate":"2016-06-30 09:58:10.0000000","dbh":"17","planteddate":null,"updateddate":"2020-11-17 18:36:36.0000000","geometry":"POINT(-73.71177192508502 40.738931485399)","genusspecies":"Metasequoia glyptostroboides - dawn redwood"}},{"type":"Feature","geometry":{"type":"Point","coordinates":[-73.75654806339058,40.73928240619585]},"properties":{"tpcondition":"Critical","stumpdiameter":"0","riskratingdate":"2017-10-18 10:12:34.0000000","riskrating":"12","objectid":"4016918","globalid":"3ED9DDF2-2ED8-4BD7-9D56-1D2AE276554A","tpstructure":"Retired","plantingspaceglobalid":"F0D139DB-80A1-4522-ABF8-DC6A99CB2D45","createddate":"2016-07-27 13:17:00.0000000","dbh":"17","planteddate":null,"updateddate":"2021-10-25 18:35:08.0000000","geometry":"POINT(-73.75654806339058 40.73928240619585)","genusspecies":"Acer - maple"}},{"type":"Feature","geometry":{"type":"Point","coordinates":[-73.78278797878411,40.75702923039695]},"properties":{"tpcondition":"Poor","stumpdiameter":"0","riskratingdate":"2018-03-03 10:01:01.0000000","riskrating":"10","objectid":"4016919","globalid":"340CE39D-1CC8-40EF-AAA6-61CA0BF3C000","tpstructure":"Full","plantingspaceglobalid":"A9DF2EED-8DA1-4A11-AF1E-D16044E51605","createddate":"2016-07-27 12:50:21.0000000","dbh":"32","planteddate":null,"updateddate":"2018-05-29 15:21:52.0000000","geometry":"POINT(-73.78278797878411 40.75702923039695)","genusspecies":"Quercus palustris - pin oak"}},{"type":"Feature","geometry":{"type":"Point","coordinates":[-73.71373024368016,40.738602163125364]},"properties":{"tpcondition":"Good","stumpdiameter":null,"riskratingdate":"2021-10-18 14:35:58.0000000","riskrating":"4","objectid":"4016920","globalid":"C4A4CF39-B917-47C3-BF39-3D934C92BF02","tpstructure":"Full","plantingspaceglobalid":"9D4BD515-A8C5-41A8-B5EF-3650D3A2274B","createddate":"2016-06-30 10:35:13.0000000","dbh":"15","planteddate":null,"updateddate":"2021-10-18 14:35:58.0000000","geometry":"POINT(-73.71373024368016 40.738602163125364)","genusspecies":"Acer platanoides - Norway maple"}},{"type":"Feature","geometry":{"type":"Point","coordinates":[-73.79722496335575,40.725642635082714]},"properties":{"tpcondition":"Good","stumpdiameter":null,"riskratingdate":"2024-11-22 18:16:10.0000000","riskrating":"4","objectid":"4016921","globalid":"2F8179BC-0607-4040-B023-B6F350611BD0","tpstructure":"Full","plantingspaceglobalid":"24406765-2A5E-448D-ABF1-E6B7061D8D29","createddate":"2016-07-27 13:05:15.0000000","dbh":"6","planteddate":null,"updateddate":"2024-11-22 18:16:10.0000000","geometry":"POINT(-73.79722496335575 40.725642635082714)","genusspecies":"Quercus velutina - black oak"}},{"type":"Feature","geometry":{"type":"Point","coordinates":[-73.75700564198777,40.68216770106306]},"properties":{"tpcondition":"Good","stumpdiameter":null,"riskratingdate":"2025-06-20 12:49:47.0000000","riskrating":"6","objectid":"4016922","globalid":"C4A45894-3CC5-4BC6-B84A-E4497E714887","tpstructure":"Full","plantingspaceglobalid":"703B9485-1453-416C-AB4C-C0931E2637F1","createddate":"2016-07-27 14:22:07.0000000","dbh":"26","planteddate":null,"updateddate":"2025-06-20 12:49:47.0000000","geometry":"POINT(-73.75700564198777 40.68216770106306)","genusspecies":"Platanus x acerifolia - London planetree"}},{"type":"Feature","geometry":{"type":"Point","coordinates":[-73.76279339284974,40.69918347846362]},"properties":{"tpcondition":"Fair","stumpdiameter":null,"riskratingdate":"2024-11-18 16:25:02.0000000","riskrating":"6","objectid":"4016923","globalid":"947D0033-6CAE-41CD-80D2-34A2E3231B3C","tpstructure":"Full","plantingspaceglobalid":"8F066CA3-847D-40A3-A65E-669658CB940A","createddate":"2016-07-27 14:17:24.0000000","dbh":"14","planteddate":null,"updateddate":"2024-11-18 16:25:02.0000000","geometry":"POINT(-73.76279339284974 40.69918347846362)","genusspecies":"Gleditsia triacanthos var. inermis - Thornless honeylocust"}},{"type":"Feature","geometry":{"type":"Point","coordinates":[-73.82309010941664,40.77238897666668]},"properties":{"tpcondition":"Fair","stumpdiameter":null,"riskratingdate":"2025-10-03 12:53:01.0000000","riskrating":"8","objectid":"4016924","globalid":"F3B87F4B-62B1-4FD6-9BD3-145E7157C605","tpstructure":"Full","plantingspaceglobalid":"0529CDD8-64C8-4EC2-9257-C1BE3861A42F","createddate":"2016-07-27 13:59:56.0000000","dbh":"19","planteddate":null,"updateddate":"2025-10-03 12:53:01.0000000","geometry":"POINT(-73.82309010941664 40.77238897666668)","genusspecies":"Tilia cordata - littleleaf linden"}},{"type":"Feature","geometry":{"type":"Point","coordinates":[-73.81072615109504,40.78799977586258]},"properties":{"tpcondition":"Good","stumpdiameter":null,"riskratingdate":"2022-01-24 16:35:19.0000000","riskrating":"5","objectid":"4016925","globalid":"16CD6FED-028A-4DD8-8EAD-9B578F0084DA","tpstructure":"Full","plantingspaceglobalid":"6AA7083F-FD28-4F72-B003-7AE771024419","createddate":"2016-06-30 10:09:23.0000000","dbh":"2","planteddate":null,"updateddate":"2022-01-24 16:35:19.0000000","geometry":"POINT(-73.81072615109504 40.78799977586258)","genusspecies":"Quercus velutina - black oak"}},{"type":"Feature","geometry":{"type":"Point","coordinates":[-73.76754343952234,40.7190965269241]},"properties":{"tpcondition":"Poor","stumpdiameter":"0","riskratingdate":"2018-02-22 09:47:00.0000000","riskrating":"4","objectid":"4016926","globalid":"C49284F4-D808-42E2-8448-38CFEAF78C1F","tpstructure":"Retired","plantingspaceglobalid":"E20F6616-E379-46F9-8758-9330EA937780","createddate":"2016-07-27 14:20:00.0000000","dbh":"10","planteddate":null,"updateddate":"2024-07-20 01:15:13.0000000","geometry":"POINT(-73.76754343952234 40.7190965269241)","genusspecies":"Acer pseudoplatanus - sycamore maple"}},{"type":"Feature","geometry":{"type":"Point","coordinates":[-73.79019894249113,40.72445830760196]},"properties":{"tpcondition":"Poor","stumpdiameter":"0","riskratingdate":"2017-08-11 12:17:00.0000000","riskrating":"9","objectid":"4016927","globalid":"15107806-6541-4B55-A9E7-D38C65524CD4","tpstructure":"Retired","plantingspaceglobalid":"5E223AE1-376A-49DF-A7E1-6842DBD731C4","createddate":"2016-07-27 14:13:00.0000000","dbh":"31","planteddate":null,"updateddate":"2020-02-14 12:59:00.0000000","geometry":"POINT(-73.79019894249113 40.72445830760196)","genusspecies":"Carya cordiformis - bitternut hickory"}},{"type":"Feature","geometry":{"type":"Point","coordinates":[-73.87347532048142,40.763521105545394]},"properties":{"tpcondition":"Good","stumpdiameter":"0","riskratingdate":null,"riskrating":null,"objectid":"4016928","globalid":"89381088-DAEB-49CF-A9D4-5B875E3964A5","tpstructure":"Full","plantingspaceglobalid":"3BBC59F0-7166-4CEA-8EC5-700E896916F4","createddate":"2016-07-27 14:10:54.0000000","dbh":"7","planteddate":null,"updateddate":"2018-12-05 13:13:29.0000000","geometry":"POINT(-73.87347532048142 40.763521105545394)","genusspecies":"Prunus serrulata 'Green leaf' - 'Green leaf' Japanese flowering cherry"}},{"type":"Feature","geometry":{"type":"Point","coordinates":[-73.71533770756454,40.74197034496875]},"properties":{"tpcondition":"Good","stumpdiameter":null,"riskratingdate":"2020-10-26 18:14:02.0000000","riskrating":"6","objectid":"4016929","globalid":"856E61F3-562D-4366-B402-A3DDAB0893E6","tpstructure":"Full","plantingspaceglobalid":"562C396B-5FD6-43C9-AE6E-94D940191BF4","createddate":"2016-06-30 09:53:59.0000000","dbh":"17","planteddate":null,"updateddate":"2020-10-26 18:14:02.0000000","geometry":"POINT(-73.71533770756454 40.74197034496875)","genusspecies":"Ginkgo biloba - maidenhair tree"}},{"type":"Feature","geometry":{"type":"Point","coordinates":[-73.75810941295317,40.693610688436806]},"properties":{"tpcondition":"Good","stumpdiameter":"0","riskratingdate":null,"riskrating":null,"objectid":"4016930","globalid":"D1433F58-C1BC-4F1B-9A45-B7A5D418F49D","tpstructure":"Full","plantingspaceglobalid":"7BCF414F-9535-451D-918D-4A6F33899463","createddate":"2016-07-27 13:18:23.0000000","dbh":"31","planteddate":null,"updateddate":"2017-04-20 10:44:59.0000000","geometry":"POINT(-73.75810941295317 40.693610688436806)","genusspecies":"Platanus x acerifolia - London planetree"}},{"type":"Feature","geometry":{"type":"Point","coordinates":[-73.92238947564934,40.758777417285174]},"properties":{"tpcondition":"Dead","stumpdiameter":"16","riskratingdate":"2019-06-12 17:26:00.0000000","riskrating":"8","objectid":"4016931","globalid":"AF7B9A41-9681-4F78-876A-933E4AF12CCF","tpstructure":"Retired","plantingspaceglobalid":"7AC23CDC-8AB3-451C-AB18-15D98EC13C0C","createddate":"2016-07-27 13:38:00.0000000","dbh":"16","planteddate":null,"updateddate":"2020-01-27 18:36:00.0000000","geometry":"POINT(-73.92238947564934 40.758777417285174)","genusspecies":"Metasequoia glyptostroboides - dawn redwood"}},{"type":"Feature","geometry":{"type":"Point","coordinates":[-73.78788675941972,40.74618666944106]},"properties":{"tpcondition":"Good","stumpdiameter":"0","riskratingdate":null,"riskrating":null,"objectid":"4016933","globalid":"EC8AC37A-8B7D-4834-B144-E60E01605E4C","tpstructure":"Full","plantingspaceglobalid":"8C6C42EC-93EB-43A2-BD47-DA0978F4B972","createddate":"2016-07-27 14:24:24.0000000","dbh":"25","planteddate":null,"updateddate":"2017-12-15 08:20:28.0000000","geometry":"POINT(-73.78788675941972 40.74618666944106)","genusspecies":"Platanus x acerifolia - London planetree"}},{"type":"Feature","geometry":{"type":"Point","coordinates":[-73.72746223634124,40.75166804568395]},"properties":{"tpcondition":"Good","stumpdiameter":null,"riskratingdate":"2023-11-20 13:03:08.0000000","riskrating":"3","objectid":"4016935","globalid":"0EBA2EEA-DF1E-4182-A361-02B501F86E87","tpstructure":"Full","plantingspaceglobalid":"E911F03C-0702-4631-B8BA-94963128BD63","createddate":"2016-07-27 14:28:23.0000000","dbh":"3","planteddate":null,"updateddate":"2023-11-20 13:03:08.0000000","geometry":"POINT(-73.72746223634124 40.75166804568395)","genusspecies":"Prunus cerasifera - cherry plum"}},{"type":"Feature","geometry":{"type":"Point","coordinates":[-73.82094132556861,40.74574484616756]},"properties":{"tpcondition":"Dead","stumpdiameter":"0","riskratingdate":"2018-07-16 10:54:23.0000000","riskrating":"6","objectid":"4016936","globalid":"07693EDA-EDEB-4531-B31D-2AEE69A5EC16","tpstructure":"Retired","plantingspaceglobalid":"68913FD8-5A93-46B3-8E25-985E99677B62","createddate":"2016-07-27 13:45:46.0000000","dbh":"9","planteddate":null,"updateddate":"2019-05-21 12:01:21.0000000","geometry":"POINT(-73.82094132556861 40.74574484616756)","genusspecies":"Acer platanoides - Norway maple"}},{"type":"Feature","geometry":{"type":"Point","coordinates":[-73.7265572840832,40.744194360688184]},"properties":{"tpcondition":"Fair","stumpdiameter":"0","riskratingdate":null,"riskrating":null,"objectid":"4016937","globalid":"F22321DF-5E18-4B89-A20D-0952E3380188","tpstructure":"Full","plantingspaceglobalid":"567B9CAF-C721-4A8A-9BE4-83F47214839A","createddate":"2016-07-27 13:07:23.0000000","dbh":"7","planteddate":null,"updateddate":"2017-04-10 09:49:38.0000000","geometry":"POINT(-73.7265572840832 40.744194360688184)","genusspecies":"Carpinus betulus - European hornbeam"}},{"type":"Feature","geometry":{"type":"Point","coordinates":[-73.70676165522521,40.73357562036368]},"properties":{"tpcondition":"Good","stumpdiameter":null,"riskratingdate":"2024-10-30 17:08:23.0000000","riskrating":"4","objectid":"4016938","globalid":"1FACADD2-48FC-4BE2-8CA3-15FD1D6FCD28","tpstructure":"Full","plantingspaceglobalid":"DCE09514-6EE4-48CC-BD4E-C55B8D5859BC","createddate":"2016-06-30 09:50:53.0000000","dbh":"23","planteddate":null,"updateddate":"2024-10-30 17:08:23.0000000","geometry":"POINT(-73.70676165522521 40.73357562036368)","genusspecies":"Styphnolobium japonicum - Japanese pagoda tree"}},{"type":"Feature","geometry":{"type":"Point","coordinates":[-73.8209229476601,40.78884010391601]},"properties":{"tpcondition":"Good","stumpdiameter":null,"riskratingdate":"2025-09-19 13:08:33.0000000","riskrating":"7","objectid":"4016939","globalid":"46412B75-A49B-4927-B83D-E118913CC686","tpstructure":"Full","plantingspaceglobalid":"8F0175BA-760E-420D-B83D-97311E3473DA","createddate":"2016-07-27 12:54:53.0000000","dbh":"13","planteddate":null,"updateddate":"2025-09-19 13:08:33.0000000","geometry":"POINT(-73.8209229476601 40.78884010391601)","genusspecies":"Quercus alba - white oak"}},{"type":"Feature","geometry":{"type":"Point","coordinates":[-73.79729078365503,40.79286167619017]},"properties":{"tpcondition":"Good","stumpdiameter":null,"riskratingdate":"2022-01-18 18:38:28.0000000","riskrating":"6","objectid":"4016940","globalid":"75596241-9DD6-4FAC-B6EA-F3815E061282","tpstructure":"Full","plantingspaceglobalid":"58B404C6-6D98-4AE2-BF58-5054CC97F1F3","createddate":"2016-07-27 14:10:43.0000000","dbh":"9","planteddate":null,"updateddate":"2022-01-18 18:38:28.0000000","geometry":"POINT(-73.79729078365503 40.79286167619017)","genusspecies":"Gleditsia triacanthos var. inermis - Thornless honeylocust"}},{"type":"Feature","geometry":{"type":"Point","coordinates":[-73.93920221277415,40.67374456033063]},"properties":{"tpcondition":"Fair","stumpdiameter":"0","riskratingdate":null,"riskrating":null,"objectid":"4016941","globalid":"D251DB0A-DB52-44FE-B06C-E3AD295C053D","tpstructure":"Retired","plantingspaceglobalid":"1D4B4FE6-9AA1-44CD-B669-3740FDFFF9B1","createddate":"2016-07-27 13:49:10.0000000","dbh":"3","planteddate":null,"updateddate":"2023-12-29 14:20:46.0000000","geometry":"POINT(-73.93920221277415 40.67374456033063)","genusspecies":"Acer rubrum - red maple"}},{"type":"Feature","geometry":{"type":"Point","coordinates":[-74.03404821672467,40.63599236789355]},"properties":{"tpcondition":"Good","stumpdiameter":null,"riskratingdate":"2024-03-18 18:29:42.0000000","riskrating":"6","objectid":"4016942","globalid":"66D8FD97-3E77-4F02-9458-220522439E59","tpstructure":"Full","plantingspaceglobalid":"305DA1E3-BF93-4266-A3D6-D6DEC568B398","createddate":"2016-07-27 14:21:28.0000000","dbh":"6","planteddate":null,"updateddate":"2024-03-18 18:29:42.0000000","geometry":"POINT(-74.03404821672467 40.63599236789355)","genusspecies":"Tilia americana - American basswood"}},{"type":"Feature","geometry":{"type":"Point","coordinates":[-73.74395732855089,40.709899334820726]},"properties":{"tpcondition":"Fair","stumpdiameter":"0","riskratingdate":"2019-05-09 14:09:13.0000000","riskrating":"5","objectid":"4016943","globalid":"F6BB6240-390C-49C0-B360-0D915A393CF2","tpstructure":"Full","plantingspaceglobalid":"DC104998-19D0-454E-AEB1-E763C6A25C46","createddate":"2016-07-27 13:13:36.0000000","dbh":"7","planteddate":null,"updateddate":"2019-04-23 19:54:56.0000000","geometry":"POINT(-73.74395732855089 40.709899334820726)","genusspecies":"Gleditsia triacanthos var. inermis - Thornless honeylocust"}},{"type":"Feature","geometry":{"type":"Point","coordinates":[-73.75995966996695,40.693398357964085]},"properties":{"tpcondition":"Good","stumpdiameter":"0","riskratingdate":null,"riskrating":null,"objectid":"4016944","globalid":"0817CFB9-A873-4DA9-AE34-0B6973D86839","tpstructure":"Full","plantingspaceglobalid":"E80D453A-CF35-4455-A344-1974DB6C1C89","createddate":"2016-07-27 14:03:49.0000000","dbh":"5","planteddate":null,"updateddate":"2017-04-20 11:17:36.0000000","geometry":"POINT(-73.75995966996695 40.693398357964085)","genusspecies":"Prunus cerasifera - cherry plum"}},{"type":"Feature","geometry":{"type":"Point","coordinates":[-73.7212263387341,40.72656215301283]},"properties":{"tpcondition":"Good","stumpdiameter":"0","riskratingdate":null,"riskrating":null,"objectid":"4016945","globalid":"8EAF1911-10F5-493D-AAA8-61AA896B541F","tpstructure":"Full","plantingspaceglobalid":"6902A2BE-A99C-4F77-AE72-917285C11AE2","createddate":"2016-06-30 09:54:12.0000000","dbh":"4","planteddate":null,"updateddate":"2017-04-05 12:12:56.0000000","geometry":"POINT(-73.7212263387341 40.72656215301283)","genusspecies":"Ginkgo biloba - maidenhair tree"}},{"type":"Feature","geometry":{"type":"Point","coordinates":[-73.79572175350962,40.724467647804815]},"properties":{"tpcondition":"Good","stumpdiameter":"0","riskratingdate":"2020-04-03 14:59:00.0000000","riskrating":"9","objectid":"4016946","globalid":"70074894-7577-4368-A3AD-BAB22503E9CC","tpstructure":"Full","plantingspaceglobalid":"DBFFF112-5FAF-40A0-A8CB-B4EF70EFF094","createddate":"2016-07-27 13:42:00.0000000","dbh":"4","planteddate":null,"updateddate":"2024-11-26 16:19:30.0000000","geometry":"POINT(-73.79572175350962 40.724467647804815)","genusspecies":"Zelkova serrata - Japanese zelkova"}},{"type":"Feature","geometry":{"type":"Point","coordinates":[-73.76060108368152,40.68498657918182]},"properties":{"tpcondition":"Good","stumpdiameter":null,"riskratingdate":"2025-05-20 15:18:14.0000000","riskrating":"5","objectid":"4016947","globalid":"353A5184-0691-4CA0-A487-7981B6CAED35","tpstructure":"Full","plantingspaceglobalid":"1E657242-E750-43CE-A580-08279ABD2843","createddate":"2016-06-30 10:19:27.0000000","dbh":"16","planteddate":null,"updateddate":"2025-05-20 15:18:14.0000000","geometry":"POINT(-73.76060108368152 40.68498657918182)","genusspecies":"Tilia tomentosa - silver linden"}},{"type":"Feature","geometry":{"type":"Point","coordinates":[-73.72082394994273,40.739405424914814]},"properties":{"tpcondition":"Good","stumpdiameter":"0","riskratingdate":null,"riskrating":null,"objectid":"4016948","globalid":"0974353E-B39C-4D99-A42D-33E5ABFD725F","tpstructure":"Full","plantingspaceglobalid":"B3C71DDB-0644-4743-8E66-21003DBEDD95","createddate":"2016-06-30 09:56:12.0000000","dbh":"7","planteddate":null,"updateddate":"2017-04-07 11:19:56.0000000","geometry":"POINT(-73.72082394994273 40.739405424914814)","genusspecies":"Pyrus calleryana - Callery pear"}},{"type":"Feature","geometry":{"type":"Point","coordinates":[-74.16605825663484,40.61060342949819]},"properties":{"tpcondition":"Good","stumpdiameter":"0","riskratingdate":null,"riskrating":null,"objectid":"4016949","globalid":"50E22C39-A152-46D2-830F-84093AD2E66A","tpstructure":"Full","plantingspaceglobalid":"4866C32D-4E6F-4ECC-A837-245A0AA18A95","createddate":"2016-06-30 10:00:35.0000000","dbh":"2","planteddate":null,"updateddate":null,"geometry":"POINT(-74.16605825663484 40.61060342949819)","genusspecies":"Amelanchier - serviceberry"}},{"type":"Feature","geometry":{"type":"Point","coordinates":[-73.98426820698162,40.62669366835649]},"properties":{"tpcondition":"Good","stumpdiameter":"0","riskratingdate":"2019-11-08 19:42:45.0000000","riskrating":"3","objectid":"4016950","globalid":"27502AA8-60DD-411B-B62A-2A4C4DB8E868","tpstructure":"Full","plantingspaceglobalid":"EB0312E0-D9DF-4053-9E25-517D516305F5","createddate":"2016-07-27 13:11:25.0000000","dbh":"11","planteddate":null,"updateddate":"2019-11-08 19:42:45.0000000","geometry":"POINT(-73.98426820698162 40.62669366835649)","genusspecies":"Carpinus betulus - European hornbeam"}},{"type":"Feature","geometry":{"type":"Point","coordinates":[-73.7547809488289,40.72278895137149]},"properties":{"tpcondition":"Dead","stumpdiameter":"24","riskratingdate":"2022-07-21 18:17:00.0000000","riskrating":"10","objectid":"4016951","globalid":"9E604339-D0B3-4E20-9745-AD03649AB706","tpstructure":"Stump","plantingspaceglobalid":"7435B6CB-6997-451D-83F3-BC1F8FC96359","createddate":"2016-07-27 14:22:00.0000000","dbh":null,"planteddate":null,"updateddate":"2024-10-14 13:58:45.0000000","geometry":"POINT(-73.7547809488289 40.72278895137149)","genusspecies":"Acer platanoides - Norway maple"}},{"type":"Feature","geometry":{"type":"Point","coordinates":[-74.02970959762821,40.62562850237394]},"properties":{"tpcondition":"Unknown","stumpdiameter":"18","riskratingdate":null,"riskrating":null,"objectid":"4016952","globalid":"257C94DE-628A-4179-9AD6-F1121151A84F","tpstructure":"Retired","plantingspaceglobalid":"BBEFF08D-2676-41B3-9BD5-C7BBAE963B4D","createddate":"2016-07-27 14:18:00.0000000","dbh":"0","planteddate":null,"updateddate":"2019-03-12 19:07:00.0000000","geometry":"POINT(-74.02970959762821 40.62562850237394)","genusspecies":"Unknown - Unknown"}},{"type":"Feature","geometry":{"type":"Point","coordinates":[-73.73364026153996,40.75650863653284]},"properties":{"tpcondition":"Fair","stumpdiameter":null,"riskratingdate":"2024-01-17 15:44:25.0000000","riskrating":"6","objectid":"4016953","globalid":"565DED4D-9279-4FA0-92A6-ABC8994014D3","tpstructure":"Full","plantingspaceglobalid":"73DE5302-FDD6-4F12-BB72-44573281C7D2","createddate":"2016-07-27 13:38:37.0000000","dbh":"24","planteddate":null,"updateddate":"2024-01-17 15:44:25.0000000","geometry":"POINT(-73.73364026153996 40.75650863653284)","genusspecies":"Platanus x acerifolia - London planetree"}},{"type":"Feature","geometry":{"type":"Point","coordinates":[-73.71017585474927,40.73115924398829]},"properties":{"tpcondition":"Good","stumpdiameter":null,"riskratingdate":"2021-04-29 16:16:28.0000000","riskrating":"5","objectid":"4016954","globalid":"0ECAB959-4615-47C3-A89B-3DB7AAC4E81A","tpstructure":"Full","plantingspaceglobalid":"7D582DD3-80FB-4F3F-BFD2-41A50366F2F2","createddate":"2016-06-30 10:09:44.0000000","dbh":"7","planteddate":null,"updateddate":"2021-04-29 16:16:28.0000000","geometry":"POINT(-73.71017585474927 40.73115924398829)","genusspecies":"Prunus serrulata 'Green leaf' - 'Green leaf' Japanese flowering cherry"}},{"type":"Feature","geometry":{"type":"Point","coordinates":[-73.76114817669546,40.696853946483486]},"properties":{"tpcondition":"Good","stumpdiameter":"0","riskratingdate":"2017-10-16 13:48:01.0000000","riskrating":"5","objectid":"4016955","globalid":"1338B57E-5933-494E-83C6-FF330AB368EF","tpstructure":"Full","plantingspaceglobalid":"5479BF06-400B-4074-B7C2-D37101C388EB","createddate":"2016-07-27 13:13:20.0000000","dbh":"18","planteddate":null,"updateddate":"2018-03-10 13:49:00.0000000","geometry":"POINT(-73.76114817669546 40.696853946483486)","genusspecies":"Gleditsia triacanthos var. inermis - Thornless honeylocust"}},{"type":"Feature","geometry":{"type":"Point","coordinates":[-73.75163071277744,40.74293712616424]},"properties":{"tpcondition":"Fair","stumpdiameter":null,"riskratingdate":"2024-08-28 18:57:11.0000000","riskrating":"8","objectid":"4016956","globalid":"6EA496AD-5276-4F3D-BEED-8C1AAC04B850","tpstructure":"Full","plantingspaceglobalid":"BA069935-8DFC-4CCE-BBEA-83BB06E8251D","createddate":"2016-07-27 13:20:44.0000000","dbh":"26","planteddate":null,"updateddate":"2025-06-26 12:08:20.0000000","geometry":"POINT(-73.75163071277744 40.74293712616424)","genusspecies":"Fraxinus pennsylvanica - Green ash"}},{"type":"Feature","geometry":{"type":"Point","coordinates":[-73.98955878281836,40.629112853895045]},"properties":{"tpcondition":"Good","stumpdiameter":"0","riskratingdate":null,"riskrating":null,"objectid":"4016957","globalid":"0B936D30-6EF1-4141-9BB6-8FDE669C345E","tpstructure":"Full","plantingspaceglobalid":"52A9AE33-129C-454F-BB08-15E4AC0287D1","createddate":"2016-07-27 13:16:48.0000000","dbh":"2","planteddate":null,"updateddate":null,"geometry":"POINT(-73.98955878281836 40.629112853895045)","genusspecies":"Prunus cerasifera - cherry plum"}},{"type":"Feature","geometry":{"type":"Point","coordinates":[-73.76326461388507,40.66801515853691]},"properties":{"tpcondition":"Good","stumpdiameter":null,"riskratingdate":"2025-11-06 16:18:11.0000000","riskrating":"6","objectid":"4016958","globalid":"38A3A09B-703F-4F87-8AA1-CB13B50D69B2","tpstructure":"Full","plantingspaceglobalid":"C73A225E-8C1F-4501-994D-33BD716EBE5C","createddate":"2016-06-30 10:03:15.0000000","dbh":"14","planteddate":null,"updateddate":"2025-11-06 16:18:11.0000000","geometry":"POINT(-73.76326461388507 40.66801515853691)","genusspecies":"Gleditsia triacanthos var. inermis - Thornless honeylocust"}},{"type":"Feature","geometry":{"type":"Point","coordinates":[-74.16469655132711,40.61162019815116]},"properties":{"tpcondition":"Dead","stumpdiameter":"7","riskratingdate":"2025-04-28 15:41:35.0000000","riskrating":"7","objectid":"4016959","globalid":"9032438D-C34C-48E1-BC91-D5A2492D6170","tpstructure":"Stump","plantingspaceglobalid":"8F0E36D2-A236-49C9-BA64-CDEA47106497","createddate":"2016-06-30 09:46:20.0000000","dbh":"7","planteddate":null,"updateddate":"2025-09-09 12:59:32.0000000","geometry":"POINT(-74.16469655132711 40.61162019815116)","genusspecies":"Pyrus calleryana - Callery pear"}},{"type":"Feature","geometry":{"type":"Point","coordinates":[-73.70456332535359,40.74607892819817]},"properties":{"tpcondition":"Good","stumpdiameter":"0","riskratingdate":"2021-01-21 13:28:06.0000000","riskrating":"9","objectid":"4016960","globalid":"56968957-DBCC-4897-9FF2-D30CB4ADD887","tpstructure":"Full","plantingspaceglobalid":"2FEC8FD4-B917-4606-9536-732BD597700C","createddate":"2016-06-30 10:26:08.0000000","dbh":"26","planteddate":null,"updateddate":"2021-01-21 13:28:06.0000000","geometry":"POINT(-73.70456332535359 40.74607892819817)","genusspecies":"Platanus x acerifolia - London planetree"}},{"type":"Feature","geometry":{"type":"Point","coordinates":[-73.74941673609995,40.671853758857296]},"properties":{"tpcondition":"Good","stumpdiameter":"0","riskratingdate":null,"riskrating":null,"objectid":"4016961","globalid":"C760A370-0319-48D8-9DB8-ECD9947A9E00","tpstructure":"Full","plantingspaceglobalid":"B41012EC-C652-48CF-95F9-9A7B4090DCC3","createddate":"2016-06-30 10:16:23.0000000","dbh":"9","planteddate":null,"updateddate":null,"geometry":"POINT(-73.74941673609995 40.671853758857296)","genusspecies":"Acer platanoides 'Not Green Leaf' - 'Not Green Leaf' Norway maple"}},{"type":"Feature","geometry":{"type":"Point","coordinates":[-73.75768690391708,40.74869224369086]},"properties":{"tpcondition":"Unknown","stumpdiameter":"0","riskratingdate":null,"riskrating":null,"objectid":"4016962","globalid":"1239B1C7-27B1-49BD-BB23-63ED6F0754AF","tpstructure":"Retired","plantingspaceglobalid":"3FE550E3-F7A9-41FF-A322-71DAFBA6EA4A","createddate":"2016-07-27 14:25:52.0000000","dbh":"0","planteddate":null,"updateddate":"2021-10-12 17:27:36.0000000","geometry":"POINT(-73.75768690391708 40.74869224369086)","genusspecies":"Gleditsia triacanthos var. inermis - Thornless honeylocust"}},{"type":"Feature","geometry":{"type":"Point","coordinates":[-73.7604278119272,40.67899817068424]},"properties":{"tpcondition":"Dead","stumpdiameter":"0","riskratingdate":"2019-04-11 15:20:00.0000000","riskrating":"5","objectid":"4016963","globalid":"65AE1322-400E-47CD-AFD4-568788244ABE","tpstructure":"Retired","plantingspaceglobalid":"530DC80E-A07E-49F9-A13B-BE50A6F68DE7","createddate":"2016-07-27 13:53:00.0000000","dbh":"5","planteddate":null,"updateddate":"2022-04-27 18:19:00.0000000","geometry":"POINT(-73.7604278119272 40.67899817068424)","genusspecies":"Unknown - Unknown"}},{"type":"Feature","geometry":{"type":"Point","coordinates":[-73.82181906973555,40.667899145943224]},"properties":{"tpcondition":"Poor","stumpdiameter":"0","riskratingdate":"2017-11-30 15:12:00.0000000","riskrating":"12","objectid":"4016964","globalid":"37F7CB88-90D8-406E-9F95-0C1EDCD4579F","tpstructure":"Retired","plantingspaceglobalid":"AC4C549F-B89B-42BA-8298-F6E3C2B87B53","createddate":"2016-07-27 13:23:00.0000000","dbh":"13","planteddate":null,"updateddate":"2017-12-13 13:05:00.0000000","geometry":"POINT(-73.82181906973555 40.667899145943224)","genusspecies":"Fraxinus americana - white ash"}},{"type":"Feature","geometry":{"type":"Point","coordinates":[-74.0316386494439,40.62944339824086]},"properties":{"tpcondition":"Good","stumpdiameter":null,"riskratingdate":"2024-12-10 13:41:19.0000000","riskrating":"7","objectid":"4016965","globalid":"54045B83-DA9A-4AB9-AF97-465BB2D1B988","tpstructure":"Full","plantingspaceglobalid":"4D663048-3B48-4331-8D67-CD516DBF1B8C","createddate":"2016-07-27 12:58:00.0000000","dbh":"20","planteddate":null,"updateddate":"2024-12-10 13:41:19.0000000","geometry":"POINT(-74.0316386494439 40.62944339824086)","genusspecies":"Platanus x acerifolia - London planetree"}},{"type":"Feature","geometry":{"type":"Point","coordinates":[-73.73456732947123,40.72525147117657]},"properties":{"tpcondition":"Good","stumpdiameter":"0","riskratingdate":"2018-03-09 15:14:38.0000000","riskrating":"8","objectid":"4016966","globalid":"49B4153E-1694-440D-8FD5-442C0B0E8A5B","tpstructure":"Full","plantingspaceglobalid":"BFFF913E-C5AD-4B1A-AE24-1E6F1F4F92AA","createddate":"2016-06-30 10:16:48.0000000","dbh":"32","planteddate":null,"updateddate":"2018-03-09 15:14:38.0000000","geometry":"POINT(-73.73456732947123 40.72525147117657)","genusspecies":"Acer saccharinum - silver maple"}},{"type":"Feature","geometry":{"type":"Point","coordinates":[-74.2026472909706,40.537536395743466]},"properties":{"tpcondition":"Fair","stumpdiameter":null,"riskratingdate":"2021-10-20 14:54:03.0000000","riskrating":"6","objectid":"4016967","globalid":"372B8DDA-BF57-4E30-ADD0-1E37B96E6A3F","tpstructure":"Full","plantingspaceglobalid":"62D282D0-D07D-46A5-95DA-570D243AB100","createddate":"2016-06-30 09:53:14.0000000","dbh":"10","planteddate":null,"updateddate":"2021-10-20 14:54:03.0000000","geometry":"POINT(-74.2026472909706 40.537536395743466)","genusspecies":"Pyrus calleryana - Callery pear"}},{"type":"Feature","geometry":{"type":"Point","coordinates":[-73.79893438544855,40.78633553147819]},"properties":{"tpcondition":"Good","stumpdiameter":null,"riskratingdate":"2022-04-01 17:35:28.0000000","riskrating":"4","objectid":"4016968","globalid":"3271A62C-AC0A-4AFE-87B4-F0A75083B9A6","tpstructure":"Full","plantingspaceglobalid":"B49DF518-F77A-4AEB-8BFB-8D333BB0A1EA","createddate":"2016-06-30 10:32:55.0000000","dbh":"20","planteddate":null,"updateddate":"2022-04-01 17:35:28.0000000","geometry":"POINT(-73.79893438544855 40.78633553147819)","genusspecies":"Liquidambar styraciflua - sweetgum"}},{"type":"Feature","geometry":{"type":"Point","coordinates":[-73.75190011162432,40.69314445389214]},"properties":{"tpcondition":"Dead","stumpdiameter":"19","riskratingdate":null,"riskrating":null,"objectid":"4016969","globalid":"654A4D1B-42B7-4832-9A33-314157180056","tpstructure":"Retired","plantingspaceglobalid":"C7AFF696-AB28-48E1-A31F-677A17BB6C70","createddate":"2016-06-30 10:03:50.0000000","dbh":"0","planteddate":null,"updateddate":"2019-02-19 18:21:15.0000000","geometry":"POINT(-73.75190011162432 40.69314445389214)","genusspecies":"Unknown - Unknown"}},{"type":"Feature","geometry":{"type":"Point","coordinates":[-73.8070055275602,40.79477249370637]},"properties":{"tpcondition":"Fair","stumpdiameter":null,"riskratingdate":"2022-01-28 15:47:37.0000000","riskrating":"5","objectid":"4016970","globalid":"BD381446-C04C-4031-8B28-97FB957BB2DF","tpstructure":"Full","plantingspaceglobalid":"90D3E5FC-D754-4D62-86B1-F34C3167E7F4","createddate":"2016-07-27 13:34:42.0000000","dbh":"8","planteddate":null,"updateddate":"2022-01-28 15:47:37.0000000","geometry":"POINT(-73.8070055275602 40.79477249370637)","genusspecies":"Prunus serrulata 'Green leaf' - 'Green leaf' Japanese flowering cherry"}},{"type":"Feature","geometry":{"type":"Point","coordinates":[-73.80924651524253,40.73991720932077]},"properties":{"tpcondition":"Fair","stumpdiameter":"0","riskratingdate":null,"riskrating":null,"objectid":"4016971","globalid":"CCE9C601-A7F3-41B2-BAC5-BB5CCCA06030","tpstructure":"Full","plantingspaceglobalid":"6CCF7F3C-7F32-4578-AB41-27F573162B24","createddate":"2016-07-27 14:06:48.0000000","dbh":"4","planteddate":null,"updateddate":"2018-09-14 14:01:13.0000000","geometry":"POINT(-73.80924651524253 40.73991720932077)","genusspecies":"Zelkova serrata - Japanese zelkova"}},{"type":"Feature","geometry":{"type":"Point","coordinates":[-73.7376163895911,40.76392833275991]},"properties":{"tpcondition":"Critical","stumpdiameter":null,"riskratingdate":"2024-08-27 15:34:00.0000000","riskrating":"7","objectid":"4016972","globalid":"80B9AA18-F821-431C-AA71-7154C26CF9AE","tpstructure":"Stump","plantingspaceglobalid":"E02CB015-F9D0-47AD-A396-C5D0928635E1","createddate":"2016-07-27 13:48:00.0000000","dbh":"9","planteddate":null,"updateddate":"2024-12-09 19:38:00.0000000","geometry":"POINT(-73.7376163895911 40.76392833275991)","genusspecies":"Gleditsia triacanthos var. inermis - Thornless honeylocust"}},{"type":"Feature","geometry":{"type":"Point","coordinates":[-73.78094886280195,40.72851061990104]},"properties":{"tpcondition":"Dead","stumpdiameter":"0","riskratingdate":null,"riskrating":null,"objectid":"4016973","globalid":"0410F133-A1EB-4127-80EE-01EE114D0193","tpstructure":"Retired","plantingspaceglobalid":"D2E818E8-A48C-449D-B381-01D9F73644CE","createddate":"2016-07-27 14:15:00.0000000","dbh":"21","planteddate":null,"updateddate":"2017-07-03 09:43:33.0000000","geometry":"POINT(-73.78094886280195 40.72851061990104)","genusspecies":"Unknown - Unknown"}},{"type":"Feature","geometry":{"type":"Point","coordinates":[-73.73340628462604,40.70021392332277]},"properties":{"tpcondition":"Dead","stumpdiameter":"0","riskratingdate":null,"riskrating":null,"objectid":"4016974","globalid":"24E4CBBB-E1F2-4F80-82CC-23FF2B3A4A52","tpstructure":"Retired","plantingspaceglobalid":"5C9174C7-2D25-4A69-9E96-417E93FDC88D","createddate":"2016-07-27 13:25:10.0000000","dbh":"2","planteddate":null,"updateddate":"2019-03-15 16:09:39.0000000","geometry":"POINT(-73.73340628462604 40.70021392332277)","genusspecies":"Unknown - Unknown"}},{"type":"Feature","geometry":{"type":"Point","coordinates":[-73.71640830820094,40.74843965572168]},"properties":{"tpcondition":"Fair","stumpdiameter":null,"riskratingdate":"2020-12-29 16:47:23.0000000","riskrating":"7","objectid":"4016975","globalid":"08E11091-535C-473A-8753-3036EEAE565A","tpstructure":"Full","plantingspaceglobalid":"7F3EFC44-DE11-4F61-8108-BE34AAC084CE","createddate":"2016-06-30 09:51:49.0000000","dbh":"18","planteddate":null,"updateddate":"2020-12-29 16:47:23.0000000","geometry":"POINT(-73.71640830820094 40.74843965572168)","genusspecies":"Acer platanoides - Norway maple"}},{"type":"Feature","geometry":{"type":"Point","coordinates":[-73.7117863013401,40.73358992005698]},"properties":{"tpcondition":"Good","stumpdiameter":null,"riskratingdate":"2021-08-17 15:27:38.0000000","riskrating":"3","objectid":"4016976","globalid":"427E3B4F-3AD0-4EDF-8B22-413D1AC97DC4","tpstructure":"Full","plantingspaceglobalid":"590A28AE-EBCE-469D-A4D6-7B4852C8FEAA","createddate":"2016-06-30 10:39:20.0000000","dbh":"22","planteddate":null,"updateddate":"2021-08-17 15:27:38.0000000","geometry":"POINT(-73.7117863013401 40.73358992005698)","genusspecies":"Quercus - Oak"}},{"type":"Feature","geometry":{"type":"Point","coordinates":[-73.73243036659979,40.70394172735923]},"properties":{"tpcondition":"Good","stumpdiameter":"0","riskratingdate":null,"riskrating":null,"objectid":"4016977","globalid":"4E2F3A96-2E3D-45CA-A842-0130B6A74D95","tpstructure":"Full","plantingspaceglobalid":"C64AC986-6E2A-48D2-AEE8-2978C1001509","createddate":"2016-07-27 13:38:33.0000000","dbh":"28","planteddate":null,"updateddate":"2019-03-21 11:49:03.0000000","geometry":"POINT(-73.73243036659979 40.70394172735923)","genusspecies":"Platanus x acerifolia - London planetree"}},{"type":"Feature","geometry":{"type":"Point","coordinates":[-73.77939980153872,40.75416938206396]},"properties":{"tpcondition":"Fair","stumpdiameter":null,"riskratingdate":"2024-08-23 22:04:29.0000000","riskrating":"6","objectid":"4016978","globalid":"D7D0504D-2BFF-4964-804A-EE8BA339448D","tpstructure":"Full","plantingspaceglobalid":"3BFF487C-1693-4145-8BDE-A596EF31FF26","createddate":"2016-07-27 12:57:31.0000000","dbh":"25","planteddate":null,"updateddate":"2025-06-30 14:34:15.0000000","geometry":"POINT(-73.77939980153872 40.75416938206396)","genusspecies":"Fraxinus pennsylvanica - Green ash"}},{"type":"Feature","geometry":{"type":"Point","coordinates":[-73.79362455290814,40.766652932059436]},"properties":{"tpcondition":"Good","stumpdiameter":"0","riskratingdate":null,"riskrating":null,"objectid":"4016979","globalid":"9416693D-7BF1-40D7-8170-3B265637DEF1","tpstructure":"Full","plantingspaceglobalid":"D9936D9A-10F5-4506-B75C-BDB390E186D6","createddate":"2016-07-27 13:24:40.0000000","dbh":"29","planteddate":null,"updateddate":"2017-02-01 16:03:40.0000000","geometry":"POINT(-73.79362455290814 40.766652932059436)","genusspecies":"Platanus x acerifolia - London planetree"}},{"type":"Feature","geometry":{"type":"Point","coordinates":[-73.75058458367798,40.7178204488931]},"properties":{"tpcondition":"Fair","stumpdiameter":null,"riskratingdate":"2025-05-16 17:51:15.0000000","riskrating":"8","objectid":"4016981","globalid":"B6FA4637-6FED-46BB-B616-4994A1987BE3","tpstructure":"Full","plantingspaceglobalid":"ED7641C4-F198-4E23-BB88-2EB08F758853","createddate":"2016-07-27 12:57:27.0000000","dbh":"14","planteddate":null,"updateddate":"2025-06-24 17:22:48.0000000","geometry":"POINT(-73.75058458367798 40.7178204488931)","genusspecies":"Fraxinus pennsylvanica - Green ash"}},{"type":"Feature","geometry":{"type":"Point","coordinates":[-73.76079420688296,40.685630943745]},"properties":{"tpcondition":"Good","stumpdiameter":null,"riskratingdate":"2025-05-20 15:27:28.0000000","riskrating":"5","objectid":"4016982","globalid":"3974FAD6-D777-4185-B924-877A14049CFB","tpstructure":"Full","plantingspaceglobalid":"96C15759-F248-4F26-B27E-775C2DB80A1A","createddate":"2016-06-30 10:25:40.0000000","dbh":"18","planteddate":null,"updateddate":"2025-05-20 15:27:28.0000000","geometry":"POINT(-73.76079420688296 40.685630943745)","genusspecies":"Ginkgo biloba - maidenhair tree"}},{"type":"Feature","geometry":{"type":"Point","coordinates":[-74.12240994216742,40.560612947742584]},"properties":{"tpcondition":"Dead","stumpdiameter":"15","riskratingdate":"2023-08-09 19:33:43.0000000","riskrating":"7","objectid":"4016983","globalid":"94531707-8B68-48C6-B812-768620D68CFB","tpstructure":"Stump","plantingspaceglobalid":"7D99DE81-E803-4FFC-B96E-58AE70592176","createddate":"2016-06-30 10:30:14.0000000","dbh":"10","planteddate":null,"updateddate":"2023-10-18 13:23:36.0000000","geometry":"POINT(-74.12240994216742 40.560612947742584)","genusspecies":"Acer ginnala - Amur maple"}},{"type":"Feature","geometry":{"type":"Point","coordinates":[-73.86839555164762,40.75280040421057]},"properties":{"tpcondition":"Dead","stumpdiameter":"24","riskratingdate":null,"riskrating":null,"objectid":"4016984","globalid":"52BFB29C-CB36-4A77-B624-B5D02934F19B","tpstructure":"Retired","plantingspaceglobalid":"0E4FA415-6160-4A81-BD1E-B02F64E35231","createddate":"2016-07-27 13:27:00.0000000","dbh":"0","planteddate":null,"updateddate":"2017-09-29 12:35:00.0000000","geometry":"POINT(-73.86839555164762 40.75280040421057)","genusspecies":"Unknown - Unknown"}},{"type":"Feature","geometry":{"type":"Point","coordinates":[-74.1773677618745,40.551098046526015]},"properties":{"tpcondition":"Dead","stumpdiameter":"10","riskratingdate":"2020-07-28 19:49:50.0000000","riskrating":"7","objectid":"4016985","globalid":"00FC03EF-3DAC-45EE-9A4A-D797855FE4BA","tpstructure":"Stump","plantingspaceglobalid":"4E48B5EF-B874-44DD-8DB7-2F28A126CF2B","createddate":"2016-06-30 09:54:38.0000000","dbh":null,"planteddate":null,"updateddate":"2021-03-08 18:48:58.0000000","geometry":"POINT(-74.1773677618745 40.551098046526015)","genusspecies":"Acer platanoides 'Not Green Leaf' - 'Not Green Leaf' Norway maple"}},{"type":"Feature","geometry":{"type":"Point","coordinates":[-73.90486573361271,40.621390321940034]},"properties":{"tpcondition":"Fair","stumpdiameter":null,"riskratingdate":"2024-06-12 16:23:31.0000000","riskrating":"7","objectid":"4016986","globalid":"8C783B59-849B-4B8C-8FAA-DCA76F109FAA","tpstructure":"Full","plantingspaceglobalid":"222524D7-AAD0-4B0F-AD28-BC1269567638","createddate":"2016-07-27 14:19:46.0000000","dbh":"27","planteddate":null,"updateddate":"2024-06-12 16:23:31.0000000","geometry":"POINT(-73.90486573361271 40.621390321940034)","genusspecies":"Quercus palustris - pin oak"}},{"type":"Feature","geometry":{"type":"Point","coordinates":[-73.80295981210267,40.79271435197345]},"properties":{"tpcondition":"Fair","stumpdiameter":null,"riskratingdate":"2022-01-13 17:47:58.0000000","riskrating":"7","objectid":"4016987","globalid":"48CB7414-8A6C-42F3-AE42-1D2E4E3F28F3","tpstructure":"Full","plantingspaceglobalid":"92D4FEBF-6D94-43D2-AC85-981E5E95C555","createddate":"2016-06-30 10:32:22.0000000","dbh":"21","planteddate":null,"updateddate":"2022-01-13 17:47:58.0000000","geometry":"POINT(-73.80295981210267 40.79271435197345)","genusspecies":"Tilia americana - American basswood"}},{"type":"Feature","geometry":{"type":"Point","coordinates":[-73.71101087553978,40.73950058516302]},"properties":{"tpcondition":"Good","stumpdiameter":null,"riskratingdate":"2020-11-16 19:54:11.0000000","riskrating":"6","objectid":"4016988","globalid":"C8B9754E-A0FF-45F2-9882-4AF5641BB669","tpstructure":"Full","plantingspaceglobalid":"B9A0642E-1ADC-43DD-B1A8-9F0C48604FE0","createddate":"2016-06-30 10:28:18.0000000","dbh":"12","planteddate":null,"updateddate":"2020-11-16 19:54:11.0000000","geometry":"POINT(-73.71101087553978 40.73950058516302)","genusspecies":"Gleditsia triacanthos var. inermis - Thornless honeylocust"}},{"type":"Feature","geometry":{"type":"Point","coordinates":[-74.03345158039528,40.63046503253679]},"properties":{"tpcondition":"Unknown","stumpdiameter":"14","riskratingdate":null,"riskrating":null,"objectid":"4016989","globalid":"267A0D57-6858-4397-9978-5A4739D7C69F","tpstructure":"Retired","plantingspaceglobalid":"E037E30A-8CE0-40A5-BDEE-D16521544D0A","createddate":"2016-07-27 13:21:59.0000000","dbh":"0","planteddate":null,"updateddate":"2018-04-24 00:00:00.0000000","geometry":"POINT(-74.03345158039528 40.63046503253679)","genusspecies":"Unknown - Unknown"}},{"type":"Feature","geometry":{"type":"Point","coordinates":[-73.8140181692701,40.74412303161658]},"properties":{"tpcondition":"Fair","stumpdiameter":"0","riskratingdate":null,"riskrating":null,"objectid":"4016990","globalid":"F9737FAE-9D06-47B6-A202-6D2954D3D4BA","tpstructure":"Full","plantingspaceglobalid":"C6A9CE81-CE64-4CC6-BF05-CCD2F2F1074F","createddate":"2016-07-27 13:35:25.0000000","dbh":"3","planteddate":null,"updateddate":"2018-12-18 18:13:13.0000000","geometry":"POINT(-73.8140181692701 40.74412303161658)","genusspecies":"Ginkgo biloba - maidenhair tree"}},{"type":"Feature","geometry":{"type":"Point","coordinates":[-74.16299116320593,40.60360709411242]},"properties":{"tpcondition":"Good","stumpdiameter":"0","riskratingdate":null,"riskrating":null,"objectid":"4016991","globalid":"ED751CAE-DABE-404B-AAEE-85FB6E235016","tpstructure":"Full","plantingspaceglobalid":"C64B067E-25D4-45A1-A184-E41051160525","createddate":"2016-06-30 10:06:13.0000000","dbh":"11","planteddate":null,"updateddate":"2017-10-13 12:23:11.0000000","geometry":"POINT(-74.16299116320593 40.60360709411242)","genusspecies":"Quercus palustris - pin oak"}},{"type":"Feature","geometry":{"type":"Point","coordinates":[-73.76045166529363,40.67304068725528]},"properties":{"tpcondition":"Fair","stumpdiameter":null,"riskratingdate":"2024-12-05 17:14:56.0000000","riskrating":"7","objectid":"4016992","globalid":"8EAB5A7D-9386-4191-85B2-8F1E77A6ACDE","tpstructure":"Full","plantingspaceglobalid":"B6968A55-5C8D-47E0-A73C-BDA3757ABF99","createddate":"2016-07-27 13:48:40.0000000","dbh":"17","planteddate":null,"updateddate":"2024-12-05 17:14:56.0000000","geometry":"POINT(-73.76045166529363 40.67304068725528)","genusspecies":"Prunus serrulata 'Green leaf' - 'Green leaf' Japanese flowering cherry"}},{"type":"Feature","geometry":{"type":"Point","coordinates":[-73.79764396849512,40.78792546505358]},"properties":{"tpcondition":"Good","stumpdiameter":null,"riskratingdate":"2022-01-27 13:23:49.0000000","riskrating":"5","objectid":"4016993","globalid":"75C61ED2-68E2-4DF1-87A3-3E5DA6B31D3F","tpstructure":"Full","plantingspaceglobalid":"FC5DF62E-81A5-4C8B-97B6-023F99C7D29F","createddate":"2016-06-30 10:01:57.0000000","dbh":"6","planteddate":null,"updateddate":"2022-01-27 13:23:49.0000000","geometry":"POINT(-73.79764396849512 40.78792546505358)","genusspecies":"Prunus serrulata 'Green leaf' - 'Green leaf' Japanese flowering cherry"}},{"type":"Feature","geometry":{"type":"Point","coordinates":[-73.98773689615487,40.62957702428488]},"properties":{"tpcondition":"Good","stumpdiameter":"0","riskratingdate":"2019-11-12 21:33:18.0000000","riskrating":"3","objectid":"4016994","globalid":"CC73F29E-8125-4F6B-9E53-86CD2D69BAA9","tpstructure":"Full","plantingspaceglobalid":"0104F9A7-A1F0-4F15-B981-FE3A77EF705B","createddate":"2016-07-27 14:19:57.0000000","dbh":"8","planteddate":null,"updateddate":"2019-11-12 21:33:18.0000000","geometry":"POINT(-73.98773689615487 40.62957702428488)","genusspecies":"Acer rubrum - red maple"}},{"type":"Feature","geometry":{"type":"Point","coordinates":[-73.79091461080694,40.74955735424904]},"properties":{"tpcondition":"Good","stumpdiameter":null,"riskratingdate":"2025-10-03 19:41:14.0000000","riskrating":"9","objectid":"4016995","globalid":"913ED669-F7F0-489D-ABE5-CA6CFE34FE46","tpstructure":"Full","plantingspaceglobalid":"96313D3F-3ABF-4947-9B41-99C0A590AB80","createddate":"2016-07-27 13:46:20.0000000","dbh":"30","planteddate":null,"updateddate":"2025-10-03 19:41:14.0000000","geometry":"POINT(-73.79091461080694 40.74955735424904)","genusspecies":"Platanus x acerifolia - London planetree"}},{"type":"Feature","geometry":{"type":"Point","coordinates":[-73.82469611699925,40.67129334513276]},"properties":{"tpcondition":"Poor","stumpdiameter":"0","riskratingdate":"2018-05-10 09:10:59.0000000","riskrating":"3","objectid":"4016996","globalid":"3FED30CE-5449-4324-8F50-8E49351E7578","tpstructure":"Retired","plantingspaceglobalid":"9608946D-7622-46FB-A1D5-778826A9EF78","createddate":"2016-07-27 12:57:35.0000000","dbh":"13","planteddate":null,"updateddate":"2022-06-20 15:22:28.0000000","geometry":"POINT(-73.82469611699925 40.67129334513276)","genusspecies":"Fraxinus pennsylvanica - Green ash"}},{"type":"Feature","geometry":{"type":"Point","coordinates":[-73.82071211603093,40.79235009373325]},"properties":{"tpcondition":"Poor","stumpdiameter":null,"riskratingdate":"2022-03-08 14:45:19.0000000","riskrating":"7","objectid":"4016997","globalid":"8BD92623-4568-4E57-AB5A-52665EF6B65E","tpstructure":"Full","plantingspaceglobalid":"9CC62342-28C6-4EEF-BFF4-B1E50E21C9C9","createddate":"2016-06-30 10:36:12.0000000","dbh":"16","planteddate":null,"updateddate":"2022-03-08 14:45:19.0000000","geometry":"POINT(-73.82071211603093 40.79235009373325)","genusspecies":"Acer platanoides - Norway maple"}},{"type":"Feature","geometry":{"type":"Point","coordinates":[-73.76327216699758,40.70444056843998]},"properties":{"tpcondition":"Good","stumpdiameter":"0","riskratingdate":null,"riskrating":null,"objectid":"4016998","globalid":"443B1B66-9FFE-4A48-B908-6BA22DEBF0F5","tpstructure":"Full","plantingspaceglobalid":"C3AEA694-110A-4E91-9800-0D08483E8190","createddate":"2016-07-27 13:41:44.0000000","dbh":"5","planteddate":null,"updateddate":"2017-04-25 08:09:27.0000000","geometry":"POINT(-73.76327216699758 40.70444056843998)","genusspecies":"Tilia cordata - littleleaf linden"}},{"type":"Feature","geometry":{"type":"Point","coordinates":[-73.8152619222472,40.79231411904531]},"properties":{"tpcondition":"Good","stumpdiameter":null,"riskratingdate":"2022-01-24 14:58:57.0000000","riskrating":"4","objectid":"4016999","globalid":"D253C3E7-2EEF-4916-90D9-648D437C6CC9","tpstructure":"Full","plantingspaceglobalid":"FBABDF46-69E0-4E9B-85AE-324DE439D1EA","createddate":"2016-06-30 10:31:56.0000000","dbh":"7","planteddate":null,"updateddate":"2022-01-24 14:58:57.0000000","geometry":"POINT(-73.8152619222472 40.79231411904531)","genusspecies":"Quercus palustris - pin oak"}},{"type":"Feature","geometry":{"type":"Point","coordinates":[-73.70547090226954,40.732090437057934]},"properties":{"tpcondition":"Fair","stumpdiameter":null,"riskratingdate":"2024-10-07 13:58:24.0000000","riskrating":"7","objectid":"4017000","globalid":"E60A6C7B-2517-48FE-909C-05EFAB934745","tpstructure":"Full","plantingspaceglobalid":"9B6E77B3-2444-4E8F-8334-09C73AFD1F9C","createddate":"2016-06-30 10:38:00.0000000","dbh":"16","planteddate":null,"updateddate":"2024-10-07 13:58:24.0000000","geometry":"POINT(-73.70547090226954 40.732090437057934)","genusspecies":"Acer platanoides - Norway maple"}},{"type":"Feature","geometry":{"type":"Point","coordinates":[-73.71300584828339,40.75184180467507]},"properties":{"tpcondition":"Good","stumpdiameter":null,"riskratingdate":"2020-12-09 17:58:44.0000000","riskrating":"3","objectid":"4017001","globalid":"467A38A5-560F-4399-8D39-B64A91984FC1","tpstructure":"Full","plantingspaceglobalid":"E7BCA922-F2D2-4112-85FC-9123CB1B71C0","createddate":"2016-06-30 10:25:12.0000000","dbh":"9","planteddate":null,"updateddate":"2020-12-09 17:58:44.0000000","geometry":"POINT(-73.71300584828339 40.75184180467507)","genusspecies":"Quercus rubra - northern red oak"}},{"type":"Feature","geometry":{"type":"Point","coordinates":[-73.7543263402956,40.711821332461525]},"properties":{"tpcondition":"Fair","stumpdiameter":"0","riskratingdate":"2018-05-07 11:53:12.0000000","riskrating":"8","objectid":"4017002","globalid":"6F9C8056-C2D7-430A-B957-2F97B19899B6","tpstructure":"Full","plantingspaceglobalid":"6A67C497-3919-4C11-A8AB-1A7438887DDF","createddate":"2016-06-30 09:55:43.0000000","dbh":"33","planteddate":null,"updateddate":"2018-05-07 11:53:12.0000000","geometry":"POINT(-73.7543263402956 40.711821332461525)","genusspecies":"Acer saccharinum - silver maple"}},{"type":"Feature","geometry":{"type":"Point","coordinates":[-74.03410137527766,40.616261180320826]},"properties":{"tpcondition":"Fair","stumpdiameter":null,"riskratingdate":"2025-02-17 19:00:05.0000000","riskrating":"7","objectid":"4017003","globalid":"00C6E53F-B5EC-465D-921A-E1F770F202FF","tpstructure":"Full","plantingspaceglobalid":"5F599E51-FD20-41E4-AB27-8B0DE338800E","createddate":"2016-07-27 14:29:53.0000000","dbh":"15","planteddate":null,"updateddate":"2025-02-17 19:00:05.0000000","geometry":"POINT(-74.03410137527766 40.616261180320826)","genusspecies":"Gleditsia triacanthos var. inermis - Thornless honeylocust"}},{"type":"Feature","geometry":{"type":"Point","coordinates":[-73.76787846306766,40.701228017929466]},"properties":{"tpcondition":"Good","stumpdiameter":"0","riskratingdate":null,"riskrating":null,"objectid":"4017004","globalid":"0878165F-644E-42FE-99B4-1C1AA818AF1F","tpstructure":"Full","plantingspaceglobalid":"0CAE80FA-C688-4EC4-8C69-91E44FA4F04C","createddate":"2016-07-27 13:26:10.0000000","dbh":"6","planteddate":null,"updateddate":"2017-04-25 11:52:59.0000000","geometry":"POINT(-73.76787846306766 40.701228017929466)","genusspecies":"Prunus serrulata 'Green leaf' - 'Green leaf' Japanese flowering cherry"}},{"type":"Feature","geometry":{"type":"Point","coordinates":[-73.77871272978872,40.71549284918169]},"properties":{"tpcondition":"Dead","stumpdiameter":"15","riskratingdate":"2018-06-26 12:09:00.0000000","riskrating":"6","objectid":"4017005","globalid":"DCAA9DB9-A8BF-4AB2-BF0A-68F3EA4E4A95","tpstructure":"Retired","plantingspaceglobalid":"783DFA20-E9B5-4B93-8D97-573520A5DB9F","createddate":"2016-07-27 13:48:00.0000000","dbh":"0","planteddate":null,"updateddate":"2019-03-19 17:06:36.0000000","geometry":"POINT(-73.77871272978872 40.71549284918169)","genusspecies":"Acer saccharum - sugar maple"}},{"type":"Feature","geometry":{"type":"Point","coordinates":[-74.03478935836509,40.63238839448522]},"properties":{"tpcondition":"Fair","stumpdiameter":null,"riskratingdate":"2024-12-16 19:16:12.0000000","riskrating":"7","objectid":"4017006","globalid":"DA17C717-1BAD-46DA-AEDB-CDDE691A5AEB","tpstructure":"Full","plantingspaceglobalid":"825EE4B2-686E-400D-9715-8604238E3396","createddate":"2016-07-27 13:59:27.0000000","dbh":"32","planteddate":null,"updateddate":"2024-12-16 19:16:12.0000000","geometry":"POINT(-74.03478935836509 40.63238839448522)","genusspecies":"Platanus x acerifolia - London planetree"}},{"type":"Feature","geometry":{"type":"Point","coordinates":[-73.7090616128275,40.741774902230105]},"properties":{"tpcondition":"Good","stumpdiameter":null,"riskratingdate":"2020-11-05 04:47:30.0000000","riskrating":"7","objectid":"4017007","globalid":"A8866630-1444-4FB5-9D7A-66FC41460E9A","tpstructure":"Full","plantingspaceglobalid":"87B6A1E5-4440-41C8-82E2-45EBECF3B2DF","createddate":"2016-06-30 10:14:38.0000000","dbh":"17","planteddate":null,"updateddate":"2020-11-05 04:47:30.0000000","geometry":"POINT(-73.7090616128275 40.741774902230105)","genusspecies":"Acer rubrum - red maple"}},{"type":"Feature","geometry":{"type":"Point","coordinates":[-73.76896034099529,40.709180474391296]},"properties":{"tpcondition":"Good","stumpdiameter":"0","riskratingdate":null,"riskrating":null,"objectid":"4017008","globalid":"00885B21-AF65-419B-AD7E-6FFFBB0F7BF2","tpstructure":"Full","plantingspaceglobalid":"30C9B097-22A2-44E9-8CB8-66CBE95A2532","createddate":"2016-07-27 14:23:12.0000000","dbh":"5","planteddate":null,"updateddate":"2017-04-20 13:03:05.0000000","geometry":"POINT(-73.76896034099529 40.709180474391296)","genusspecies":"Koelreuteria paniculata - goldenrain tree"}},{"type":"Feature","geometry":{"type":"Point","coordinates":[-73.80029841484138,40.720713947231644]},"properties":{"tpcondition":"Dead","stumpdiameter":"0","riskratingdate":"2021-04-20 15:27:00.0000000","riskrating":"9","objectid":"4017009","globalid":"F76B78D3-253A-4E5B-A47E-E36EDCC6611D","tpstructure":"Retired","plantingspaceglobalid":"A30C5A6F-7BFD-4DF0-8199-EE9D1EC3E33A","createddate":"2016-07-27 14:21:00.0000000","dbh":"12","planteddate":null,"updateddate":"2024-02-16 18:23:00.0000000","geometry":"POINT(-73.80029841484138 40.720713947231644)","genusspecies":"Prunus cerasifera - cherry plum"}},{"type":"Feature","geometry":{"type":"Point","coordinates":[-73.71391159261219,40.74829880847954]},"properties":{"tpcondition":"Good","stumpdiameter":null,"riskratingdate":"2020-12-29 17:58:29.0000000","riskrating":"6","objectid":"4017010","globalid":"70A099DE-4B2D-4B45-9833-2876EC08BE3C","tpstructure":"Full","plantingspaceglobalid":"35E91E46-77CB-4073-930A-42C6A62B1F9F","createddate":"2016-07-27 13:38:26.0000000","dbh":"15","planteddate":null,"updateddate":"2020-12-29 17:58:29.0000000","geometry":"POINT(-73.71391159261219 40.74829880847954)","genusspecies":"Acer - maple"}},{"type":"Feature","geometry":{"type":"Point","coordinates":[-73.79700259970262,40.787265501860375]},"properties":{"tpcondition":"Good","stumpdiameter":null,"riskratingdate":"2022-01-26 13:58:15.0000000","riskrating":"6","objectid":"4017011","globalid":"99F7BE81-57D6-45CB-AD8D-E4FAF8B62C62","tpstructure":"Full","plantingspaceglobalid":"9567BE1B-5350-42BF-B60B-ABA196A7EE74","createddate":"2016-06-30 10:04:40.0000000","dbh":"23","planteddate":null,"updateddate":"2022-01-26 13:58:15.0000000","geometry":"POINT(-73.79700259970262 40.787265501860375)","genusspecies":"Platanus x acerifolia - London planetree"}},{"type":"Feature","geometry":{"type":"Point","coordinates":[-73.82123719873192,40.743469933185395]},"properties":{"tpcondition":"Good","stumpdiameter":"0","riskratingdate":"2018-04-17 11:09:30.0000000","riskrating":"6","objectid":"4017012","globalid":"BE922BBE-CFE3-45C7-A225-0721698C2786","tpstructure":"Full","plantingspaceglobalid":"5D71DFEB-34A2-4438-A10F-5F781ACC09A2","createddate":"2016-07-27 13:55:52.0000000","dbh":"10","planteddate":null,"updateddate":"2018-09-24 13:43:55.0000000","geometry":"POINT(-73.82123719873192 40.743469933185395)","genusspecies":"Tilia cordata - littleleaf linden"}},{"type":"Feature","geometry":{"type":"Point","coordinates":[-73.73446630732337,40.72740624646213]},"properties":{"tpcondition":"Fair","stumpdiameter":"0","riskratingdate":null,"riskrating":null,"objectid":"4017013","globalid":"C8670C70-B067-4E13-8F84-0859161256F3","tpstructure":"Full","plantingspaceglobalid":"5EEA1F7E-B63E-41EA-B0BD-BFFDEEE8DC3D","createddate":"2016-06-30 10:12:07.0000000","dbh":"23","planteddate":null,"updateddate":"2017-11-27 13:27:12.0000000","geometry":"POINT(-73.73446630732337 40.72740624646213)","genusspecies":"Platanus x acerifolia - London planetree"}},{"type":"Feature","geometry":{"type":"Point","coordinates":[-73.74431471621085,40.69731630452561]},"properties":{"tpcondition":"Fair","stumpdiameter":null,"riskratingdate":"2025-06-16 15:02:08.0000000","riskrating":"9","objectid":"4017014","globalid":"E5D10000-2F77-4256-BE27-F70190C73D2A","tpstructure":"Full","plantingspaceglobalid":"039F50E2-74EE-4797-A673-EC7F7B2B412E","createddate":"2016-06-30 10:23:47.0000000","dbh":"37","planteddate":null,"updateddate":"2025-06-16 15:02:08.0000000","geometry":"POINT(-73.74431471621085 40.69731630452561)","genusspecies":"Quercus rubra - northern red oak"}},{"type":"Feature","geometry":{"type":"Point","coordinates":[-73.82012268631905,40.67332362012459]},"properties":{"tpcondition":"Dead","stumpdiameter":"19","riskratingdate":"2020-04-14 19:25:00.0000000","riskrating":"7","objectid":"4017015","globalid":"DC2B1104-4CDE-4EB5-8C32-CCCA6C08670D","tpstructure":"Stump","plantingspaceglobalid":"D4E305B6-2EF5-4429-A958-4B4D1A0316BF","createddate":"2016-07-27 14:08:00.0000000","dbh":null,"planteddate":null,"updateddate":"2024-04-02 11:34:51.0000000","geometry":"POINT(-73.82012268631905 40.67332362012459)","genusspecies":"Acer rubrum - red maple"}},{"type":"Feature","geometry":{"type":"Point","coordinates":[-73.73056370433088,40.723069961795]},"properties":{"tpcondition":"Fair","stumpdiameter":"0","riskratingdate":null,"riskrating":null,"objectid":"4017016","globalid":"AEB6430F-E4DF-41F3-A82D-B2E2612AB858","tpstructure":"Full","plantingspaceglobalid":"43D8E966-5406-49CC-9BB4-F95041B2A4D7","createddate":"2016-06-30 10:16:48.0000000","dbh":"30","planteddate":null,"updateddate":"2017-12-01 13:46:43.0000000","geometry":"POINT(-73.73056370433088 40.723069961795)","genusspecies":"Acer saccharinum - silver maple"}},{"type":"Feature","geometry":{"type":"Point","coordinates":[-73.99759520519827,40.63309088753087]},"properties":{"tpcondition":"Good","stumpdiameter":null,"riskratingdate":"2023-12-16 16:03:59.0000000","riskrating":"4","objectid":"4017017","globalid":"00CB3655-B455-4931-A6F1-6A014D4DA2A5","tpstructure":"Full","plantingspaceglobalid":"3CFBA9B9-87C7-4CDC-859B-3FF7F3221879","createddate":"2016-07-27 14:03:30.0000000","dbh":"4","planteddate":null,"updateddate":"2023-12-16 16:03:59.0000000","geometry":"POINT(-73.99759520519827 40.63309088753087)","genusspecies":"Quercus alba - white oak"}},{"type":"Feature","geometry":{"type":"Point","coordinates":[-73.71673763144449,40.73023637401431]},"properties":{"tpcondition":"Good","stumpdiameter":"0","riskratingdate":null,"riskrating":null,"objectid":"4017018","globalid":"E81F7390-26E3-49C1-8669-D4923BD04680","tpstructure":"Full","plantingspaceglobalid":"FA846DBD-2ADB-4FD0-9149-D62C1B17125F","createddate":"2016-07-27 13:44:55.0000000","dbh":"15","planteddate":null,"updateddate":"2017-04-12 11:36:22.0000000","geometry":"POINT(-73.71673763144449 40.73023637401431)","genusspecies":"Zelkova serrata - Japanese zelkova"}},{"type":"Feature","geometry":{"type":"Point","coordinates":[-73.86633861303926,40.75101354449447]},"properties":{"tpcondition":"Good","stumpdiameter":"0","riskratingdate":null,"riskrating":null,"objectid":"4017019","globalid":"12E29D40-1981-4C1A-AA5C-820D58346190","tpstructure":"Full","plantingspaceglobalid":"BAA1F7F5-1EE2-4D53-8876-D19312B83B4F","createddate":"2016-07-27 13:34:46.0000000","dbh":"7","planteddate":null,"updateddate":"2017-03-15 14:35:23.0000000","geometry":"POINT(-73.86633861303926 40.75101354449447)","genusspecies":"Prunus serrulata 'Green leaf' - 'Green leaf' Japanese flowering cherry"}},{"type":"Feature","geometry":{"type":"Point","coordinates":[-73.7045328895398,40.73220506019563]},"properties":{"tpcondition":"Fair","stumpdiameter":"0","riskratingdate":null,"riskrating":null,"objectid":"4017020","globalid":"4E0B1290-B8ED-4099-93ED-F04B9EF4BA0E","tpstructure":"Full","plantingspaceglobalid":"A24F066C-7727-42A2-9CDE-D6558B711F7E","createddate":"2016-06-30 10:16:39.0000000","dbh":"13","planteddate":null,"updateddate":null,"geometry":"POINT(-73.7045328895398 40.73220506019563)","genusspecies":"Acer platanoides 'Not Green Leaf' - 'Not Green Leaf' Norway maple"}},{"type":"Feature","geometry":{"type":"Point","coordinates":[-74.00808407948557,40.65280478927902]},"properties":{"tpcondition":"Good","stumpdiameter":"0","riskratingdate":"2019-07-30 10:10:35.0000000","riskrating":"4","objectid":"4017021","globalid":"D1C2DA30-5B3E-4FFD-A356-6C3767C2C260","tpstructure":"Full","plantingspaceglobalid":"6360A4B9-331B-4E89-A4BB-D3033804C53A","createddate":"2016-07-27 13:29:19.0000000","dbh":"16","planteddate":null,"updateddate":"2019-07-30 14:10:36.0000000","geometry":"POINT(-74.00808407948557 40.65280478927902)","genusspecies":"Quercus palustris - pin oak"}},{"type":"Feature","geometry":{"type":"Point","coordinates":[-73.91324424495936,40.76729797843212]},"properties":{"tpcondition":"Good","stumpdiameter":"0","riskratingdate":null,"riskrating":null,"objectid":"4017022","globalid":"0835422E-25C1-4844-9C27-D492EE13895B","tpstructure":"Full","plantingspaceglobalid":"64844B23-9C5F-4310-A517-D3888C0DAB9B","createddate":"2016-07-27 13:11:00.0000000","dbh":"4","planteddate":null,"updateddate":"2017-05-25 16:11:00.0000000","geometry":"POINT(-73.91324424495936 40.76729797843212)","genusspecies":"Ulmus americana - American elm"}},{"type":"Feature","geometry":{"type":"Point","coordinates":[-73.70568098151101,40.7498932918121]},"properties":{"tpcondition":"Fair","stumpdiameter":null,"riskratingdate":"2020-11-03 19:00:17.0000000","riskrating":"8","objectid":"4017023","globalid":"90727855-839B-4A8B-A1B2-210C00EC140B","tpstructure":"Full","plantingspaceglobalid":"6A21FEB1-51F4-4BB1-916C-088C7CA049D6","createddate":"2016-06-30 09:55:21.0000000","dbh":"20","planteddate":null,"updateddate":"2020-11-03 19:00:17.0000000","geometry":"POINT(-73.70568098151101 40.7498932918121)","genusspecies":"Styphnolobium japonicum - Japanese pagoda tree"}},{"type":"Feature","geometry":{"type":"Point","coordinates":[-73.92635086954564,40.75251232093502]},"properties":{"tpcondition":"Good","stumpdiameter":"0","riskratingdate":null,"riskrating":null,"objectid":"4017024","globalid":"76632B6E-059D-4028-AE17-7512D0D3D3B5","tpstructure":"Full","plantingspaceglobalid":"793CB3C1-8FE7-4CC8-BB5B-6C510F5D73B7","createddate":"2016-07-27 14:12:32.0000000","dbh":"5","planteddate":null,"updateddate":"2017-11-06 10:52:34.0000000","geometry":"POINT(-73.92635086954564 40.75251232093502)","genusspecies":"Gleditsia triacanthos var. inermis - Thornless honeylocust"}},{"type":"Feature","geometry":{"type":"Point","coordinates":[-73.82625478807833,40.668634573196655]},"properties":{"tpcondition":"Fair","stumpdiameter":null,"riskratingdate":"2025-09-04 15:06:06.0000000","riskrating":"8","objectid":"4017025","globalid":"7FC5F1F1-D7DB-426B-9C8B-E63A63EAEC7D","tpstructure":"Full","plantingspaceglobalid":"8CFEAF38-1A20-42C7-9B21-37278CA3BCE8","createddate":"2016-07-27 13:37:04.0000000","dbh":"24","planteddate":null,"updateddate":"2025-09-04 15:06:06.0000000","geometry":"POINT(-73.82625478807833 40.668634573196655)","genusspecies":"Fraxinus pennsylvanica - Green ash"}},{"type":"Feature","geometry":{"type":"Point","coordinates":[-73.7460393084486,40.7687575863911]},"properties":{"tpcondition":"Good","stumpdiameter":"0","riskratingdate":null,"riskrating":null,"objectid":"4017026","globalid":"1B6DEB5B-3536-401B-AC72-AC042A73E05E","tpstructure":"Full","plantingspaceglobalid":"AB8AA490-D45D-4071-B5D8-B0D6DAD49DB5","createddate":"2016-07-27 13:02:26.0000000","dbh":"4","planteddate":null,"updateddate":null,"geometry":"POINT(-73.7460393084486 40.7687575863911)","genusspecies":"Acer palmatum - Japanese maple"}},{"type":"Feature","geometry":{"type":"Point","coordinates":[-73.7079502528019,40.73913452073302]},"properties":{"tpcondition":"Good","stumpdiameter":null,"riskratingdate":"2020-12-07 19:24:10.0000000","riskrating":"7","objectid":"4017027","globalid":"5B2E87DE-039E-4C4B-B0FD-BFFF7CF462F5","tpstructure":"Full","plantingspaceglobalid":"BC23D577-47E3-4AE0-90AA-12166F72B1DD","createddate":"2016-06-30 10:10:38.0000000","dbh":"13","planteddate":null,"updateddate":"2020-12-07 19:24:10.0000000","geometry":"POINT(-73.7079502528019 40.73913452073302)","genusspecies":"Acer rubrum - red maple"}},{"type":"Feature","geometry":{"type":"Point","coordinates":[-73.70585411898568,40.75062993042703]},"properties":{"tpcondition":"Good","stumpdiameter":null,"riskratingdate":"2020-10-26 18:21:01.0000000","riskrating":"3","objectid":"4017028","globalid":"2E5DD58E-50BB-4190-9A1E-2704031C2C4F","tpstructure":"Full","plantingspaceglobalid":"1DF38491-2D56-45D5-8629-F9FCFBCD8F81","createddate":"2016-06-30 10:33:13.0000000","dbh":"13","planteddate":null,"updateddate":"2020-10-26 18:21:01.0000000","geometry":"POINT(-73.70585411898568 40.75062993042703)","genusspecies":"Acer platanoides - Norway maple"}},{"type":"Feature","geometry":{"type":"Point","coordinates":[-73.74656682303234,40.69236858476974]},"properties":{"tpcondition":"Good","stumpdiameter":null,"riskratingdate":"2024-11-22 14:07:14.0000000","riskrating":"6","objectid":"4017029","globalid":"8BBB7ABB-E0D4-4582-BCE8-0EDA117ED73D","tpstructure":"Full","plantingspaceglobalid":"B67C7549-94B0-4ECE-838B-905C01AB6BF7","createddate":"2016-06-30 10:14:07.0000000","dbh":"15","planteddate":null,"updateddate":"2024-11-22 14:07:14.0000000","geometry":"POINT(-73.74656682303234 40.69236858476974)","genusspecies":"Platanus x acerifolia - London planetree"}},{"type":"Feature","geometry":{"type":"Point","coordinates":[-73.96040978965733,40.68115632090984]},"properties":{"tpcondition":"Dead","stumpdiameter":"0","riskratingdate":"2018-06-25 10:07:00.0000000","riskrating":"5","objectid":"4017030","globalid":"F277A7C3-36D3-4AD3-AC50-E1BBA82B7C91","tpstructure":"Retired","plantingspaceglobalid":"0B6E48B4-4D43-4422-9BFC-883863BDF677","createddate":"2016-07-27 13:34:00.0000000","dbh":"2","planteddate":null,"updateddate":"2018-11-01 17:43:00.0000000","geometry":"POINT(-73.96040978965733 40.68115632090984)","genusspecies":"Chamaecyparis pisifera - sawara-cypress"}},{"type":"Feature","geometry":{"type":"Point","coordinates":[-74.03048282629555,40.63439869252837]},"properties":{"tpcondition":"Dead","stumpdiameter":"0","riskratingdate":"2019-05-15 12:28:00.0000000","riskrating":"8","objectid":"4017031","globalid":"C4FC24C4-57EB-448E-8DA7-74EDD9F74408","tpstructure":"Retired","plantingspaceglobalid":"6D0B2182-6879-4169-B2CA-CB1AA355A4C2","createddate":"2016-07-27 13:19:00.0000000","dbh":"1","planteddate":null,"updateddate":"2019-10-30 17:51:00.0000000","geometry":"POINT(-74.03048282629555 40.63439869252837)","genusspecies":"Acer campestre - hedge maple"}},{"type":"Feature","geometry":{"type":"Point","coordinates":[-73.75813760769766,40.67390495024645]},"properties":{"tpcondition":"Good","stumpdiameter":null,"riskratingdate":"2025-01-03 14:45:18.0000000","riskrating":"8","objectid":"4017032","globalid":"2E2CC987-7540-4E8F-8F1C-3A417CDE22FF","tpstructure":"Full","plantingspaceglobalid":"A1BBB10B-3CC8-4232-86A1-FA8F52EEF3F8","createddate":"2016-06-30 10:27:38.0000000","dbh":"28","planteddate":null,"updateddate":"2025-01-03 14:45:18.0000000","geometry":"POINT(-73.75813760769766 40.67390495024645)","genusspecies":"Platanus x acerifolia - London planetree"}},{"type":"Feature","geometry":{"type":"Point","coordinates":[-73.78344048842101,40.74544001199977]},"properties":{"tpcondition":"Good","stumpdiameter":"0","riskratingdate":null,"riskrating":null,"objectid":"4017033","globalid":"A3EF35CE-AA80-44AF-B734-7A3A9D443F5E","tpstructure":"Full","plantingspaceglobalid":"DDA25311-427A-439A-9582-DC1D942BDE7D","createddate":"2016-07-27 13:00:08.0000000","dbh":"8","planteddate":null,"updateddate":"2017-12-18 08:58:41.0000000","geometry":"POINT(-73.78344048842101 40.74544001199977)","genusspecies":"Carpinus betulus - European hornbeam"}},{"type":"Feature","geometry":{"type":"Point","coordinates":[-74.16906068283969,40.5292840815347]},"properties":{"tpcondition":"Fair","stumpdiameter":"0","riskratingdate":null,"riskrating":null,"objectid":"4017034","globalid":"68FF8381-FC56-470B-BE83-DF8867E9E840","tpstructure":"Full","plantingspaceglobalid":"B77FCE9A-7B95-40AB-B4D6-7322407ECC2C","createddate":"2016-06-30 09:49:52.0000000","dbh":"8","planteddate":null,"updateddate":"2017-05-12 13:54:46.0000000","geometry":"POINT(-74.16906068283969 40.5292840815347)","genusspecies":"Acer platanoides 'Not Green Leaf' - 'Not Green Leaf' Norway maple"}},{"type":"Feature","geometry":{"type":"Point","coordinates":[-73.70520279319202,40.73135478443063]},"properties":{"tpcondition":"Good","stumpdiameter":"0","riskratingdate":null,"riskrating":null,"objectid":"4017035","globalid":"A73BF39A-B2F0-4DD1-8D93-DB3AB6075679","tpstructure":"Full","plantingspaceglobalid":"19E064F1-09DD-4271-82E4-295136D0FB90","createddate":"2016-06-30 10:21:11.0000000","dbh":"41","planteddate":null,"updateddate":null,"geometry":"POINT(-73.70520279319202 40.73135478443063)","genusspecies":"Platanus x acerifolia - London planetree"}},{"type":"Feature","geometry":{"type":"Point","coordinates":[-73.8173851665036,40.77636336969318]},"properties":{"tpcondition":"Good","stumpdiameter":"0","riskratingdate":null,"riskrating":null,"objectid":"4017036","globalid":"991424F0-5755-43E7-ACE6-3C9DF8A85CE8","tpstructure":"Full","plantingspaceglobalid":"726E8552-60CE-4F72-821E-91495A74E5CF","createddate":"2016-07-27 13:55:08.0000000","dbh":"7","planteddate":null,"updateddate":null,"geometry":"POINT(-73.8173851665036 40.77636336969318)","genusspecies":"Prunus serrulata 'Green leaf' - 'Green leaf' Japanese flowering cherry"}},{"type":"Feature","geometry":{"type":"Point","coordinates":[-73.8214854411321,40.77936215376351]},"properties":{"tpcondition":"Poor","stumpdiameter":null,"riskratingdate":"2024-09-09 17:04:33.0000000","riskrating":"8","objectid":"4017037","globalid":"F8CAC158-2ED6-4503-8625-76B778ED57B3","tpstructure":"Full","plantingspaceglobalid":"CAA75BF1-1E69-4FEB-B05D-5235BFF25302","createddate":"2016-07-27 13:51:41.0000000","dbh":"24","planteddate":null,"updateddate":"2024-09-09 17:04:33.0000000","geometry":"POINT(-73.8214854411321 40.77936215376351)","genusspecies":"Acer pseudoplatanus - sycamore maple"}},{"type":"Feature","geometry":{"type":"Point","coordinates":[-74.25185671929557,40.51122146310362]},"properties":{"tpcondition":"Good","stumpdiameter":"0","riskratingdate":null,"riskrating":null,"objectid":"4017038","globalid":"ED41672E-C6C2-4D6A-8BD8-2BEEFFACA686","tpstructure":"Full","plantingspaceglobalid":"EBAA0C32-28C5-4898-8B5B-9C499093C785","createddate":"2016-06-30 10:21:15.0000000","dbh":"15","planteddate":null,"updateddate":"2018-03-30 10:33:56.0000000","geometry":"POINT(-74.25185671929557 40.51122146310362)","genusspecies":"Pyrus calleryana - Callery pear"}},{"type":"Feature","geometry":{"type":"Point","coordinates":[-73.75804737152684,40.67490058243281]},"properties":{"tpcondition":"Good","stumpdiameter":null,"riskratingdate":"2025-01-03 15:57:39.0000000","riskrating":"7","objectid":"4017039","globalid":"37DF401E-BB0A-4AA8-A9A7-2258501E947E","tpstructure":"Full","plantingspaceglobalid":"049CC2E2-D27F-4600-AA41-60B8D6ACE7C3","createddate":"2016-06-30 10:17:09.0000000","dbh":"13","planteddate":null,"updateddate":"2025-01-03 15:57:39.0000000","geometry":"POINT(-73.75804737152684 40.67490058243281)","genusspecies":"Pyrus calleryana - Callery pear"}},{"type":"Feature","geometry":{"type":"Point","coordinates":[-73.80968723928203,40.725160096195644]},"properties":{"tpcondition":"Good","stumpdiameter":"0","riskratingdate":"2020-03-16 20:46:41.0000000","riskrating":"4","objectid":"4017040","globalid":"6FDFD589-ABE5-40A3-8BB0-C93FAF809064","tpstructure":"Full","plantingspaceglobalid":"768EB385-4BCD-4F6E-B8AF-774D58AAFCAB","createddate":"2016-07-27 13:16:56.0000000","dbh":"6","planteddate":null,"updateddate":"2020-03-16 20:46:41.0000000","geometry":"POINT(-73.80968723928203 40.725160096195644)","genusspecies":"Prunus serrulata 'Green leaf' - 'Green leaf' Japanese flowering cherry"}},{"type":"Feature","geometry":{"type":"Point","coordinates":[-73.73611987679193,40.72629537657696]},"properties":{"tpcondition":"Good","stumpdiameter":"0","riskratingdate":null,"riskrating":null,"objectid":"4017041","globalid":"4642880C-03FF-4B81-B259-BC3DE13839DB","tpstructure":"Full","plantingspaceglobalid":"39D11F5E-B042-48B7-9683-E2CA36BE54A1","createddate":"2016-06-30 10:10:26.0000000","dbh":"14","planteddate":null,"updateddate":"2017-11-27 11:31:34.0000000","geometry":"POINT(-73.73611987679193 40.72629537657696)","genusspecies":"Pyrus calleryana - Callery pear"}},{"type":"Feature","geometry":{"type":"Point","coordinates":[-74.12684689318654,40.558013603411965]},"properties":{"tpcondition":"Good","stumpdiameter":null,"riskratingdate":"2022-03-04 00:28:19.0000000","riskrating":"3","objectid":"4017042","globalid":"0C321F4E-8CE0-4F09-8339-7A1ED072D692","tpstructure":"Full","plantingspaceglobalid":"BEF253F5-01D2-4A18-9A25-06E4AB7F0D3C","createddate":"2016-06-30 10:21:47.0000000","dbh":"8","planteddate":null,"updateddate":"2022-03-04 00:28:19.0000000","geometry":"POINT(-74.12684689318654 40.558013603411965)","genusspecies":"Quercus palustris - pin oak"}},{"type":"Feature","geometry":{"type":"Point","coordinates":[-73.81118575936485,40.740067206675846]},"properties":{"tpcondition":"Dead","stumpdiameter":"48","riskratingdate":"2017-09-21 12:01:00.0000000","riskrating":"11","objectid":"4017043","globalid":"32397D07-C3A1-47F8-A7B6-5D836CEF652C","tpstructure":"Retired","plantingspaceglobalid":"C6E12264-2188-472A-AE1F-5C03C0A84919","createddate":"2016-07-27 13:29:00.0000000","dbh":"38","planteddate":null,"updateddate":"2019-09-12 14:48:46.0000000","geometry":"POINT(-73.81118575936485 40.740067206675846)","genusspecies":"Quercus palustris - pin oak"}},{"type":"Feature","geometry":{"type":"Point","coordinates":[-73.70096607340311,40.74121561624609]},"properties":{"tpcondition":"Good","stumpdiameter":null,"riskratingdate":"2020-12-31 19:30:38.0000000","riskrating":"8","objectid":"4017044","globalid":"6CB8D8A4-5F89-4CAD-85D8-3C20DF1E09CF","tpstructure":"Full","plantingspaceglobalid":"08CE939E-B7FD-4528-A5E3-B58098F44D95","createddate":"2016-07-27 13:17:52.0000000","dbh":"12","planteddate":null,"updateddate":"2020-12-31 19:30:38.0000000","geometry":"POINT(-73.70096607340311 40.74121561624609)","genusspecies":"Ginkgo biloba - maidenhair tree"}},{"type":"Feature","geometry":{"type":"Point","coordinates":[-73.8216865653817,40.77587222184885]},"properties":{"tpcondition":"Fair","stumpdiameter":null,"riskratingdate":"2025-10-01 11:33:32.0000000","riskrating":"8","objectid":"4017045","globalid":"C76B54ED-292F-45EA-9CDF-A469E2B78C89","tpstructure":"Full","plantingspaceglobalid":"EE3BC91C-2F38-4F64-8E7B-99DFA6FC53EC","createddate":"2016-07-27 13:17:13.0000000","dbh":"29","planteddate":null,"updateddate":"2025-10-01 11:33:32.0000000","geometry":"POINT(-73.8216865653817 40.77587222184885)","genusspecies":"Fraxinus americana - white ash"}},{"type":"Feature","geometry":{"type":"Point","coordinates":[-73.73276762740176,40.726053998414926]},"properties":{"tpcondition":"Fair","stumpdiameter":"0","riskratingdate":"2024-04-08 13:50:47.0000000","riskrating":"8","objectid":"4017046","globalid":"71185822-C55A-4749-BB5F-E7C646215F7F","tpstructure":"Full","plantingspaceglobalid":"CA8F8D3E-F8F4-43FB-AE01-DD1FAD2E951C","createddate":"2016-06-30 10:03:51.0000000","dbh":"20","planteddate":null,"updateddate":"2024-04-08 13:50:47.0000000","geometry":"POINT(-73.73276762740176 40.726053998414926)","genusspecies":"Zelkova serrata - Japanese zelkova"}},{"type":"Feature","geometry":{"type":"Point","coordinates":[-73.80428055970958,40.79288984092677]},"properties":{"tpcondition":"Fair","stumpdiameter":null,"riskratingdate":"2022-01-13 17:22:09.0000000","riskrating":"5","objectid":"4017047","globalid":"E4A3F471-D9E5-4850-AF54-DECE468A00F4","tpstructure":"Full","plantingspaceglobalid":"FB52A0E3-418E-44D3-A759-212758593564","createddate":"2016-06-30 09:56:38.0000000","dbh":"7","planteddate":null,"updateddate":"2022-01-13 17:22:09.0000000","geometry":"POINT(-73.80428055970958 40.79288984092677)","genusspecies":"Prunus serrulata 'Green leaf' - 'Green leaf' Japanese flowering cherry"}},{"type":"Feature","geometry":{"type":"Point","coordinates":[-73.93686998791448,40.66764818382884]},"properties":{"tpcondition":"Good","stumpdiameter":"0","riskratingdate":null,"riskrating":null,"objectid":"4017048","globalid":"D8A66312-7078-440D-ADED-4D111823D55F","tpstructure":"Full","plantingspaceglobalid":"66598883-EF55-45E9-A5A8-9DDAECAA1CC9","createddate":"2016-07-27 13:12:24.0000000","dbh":"5","planteddate":null,"updateddate":null,"geometry":"POINT(-73.93686998791448 40.66764818382884)","genusspecies":"Pyrus calleryana - Callery pear"}},{"type":"Feature","geometry":{"type":"Point","coordinates":[-73.94027445192398,40.669034360056244]},"properties":{"tpcondition":"Fair","stumpdiameter":null,"riskratingdate":"2020-04-24 17:06:51.0000000","riskrating":"7","objectid":"4017049","globalid":"9C7AF8CA-F166-4BAA-B75B-A03B83738D70","tpstructure":"Full","plantingspaceglobalid":"8CD6E046-6777-4FBD-A0D0-14547C1D8EA6","createddate":"2016-07-27 14:00:50.0000000","dbh":"45","planteddate":null,"updateddate":"2020-04-24 17:06:51.0000000","geometry":"POINT(-73.94027445192398 40.669034360056244)","genusspecies":"Quercus rubra - northern red oak"}},{"type":"Feature","geometry":{"type":"Point","coordinates":[-73.73786160057499,40.72352199873315]},"properties":{"tpcondition":"Good","stumpdiameter":"0","riskratingdate":null,"riskrating":null,"objectid":"4017050","globalid":"EE3B95AD-9751-4612-8BD4-0BA57F0CDE27","tpstructure":"Full","plantingspaceglobalid":"1CD9F942-FFD5-4075-8A92-B0301FCDD11C","createddate":"2016-06-30 10:27:28.0000000","dbh":"18","planteddate":null,"updateddate":"2017-11-29 13:23:19.0000000","geometry":"POINT(-73.73786160057499 40.72352199873315)","genusspecies":"Quercus palustris - pin oak"}},{"type":"Feature","geometry":{"type":"Point","coordinates":[-74.03231716430182,40.61946411795354]},"properties":{"tpcondition":"Good","stumpdiameter":"0","riskratingdate":null,"riskrating":null,"objectid":"4017051","globalid":"0F8D7FFA-D6C2-4383-9975-0E69651BD50E","tpstructure":"Full","plantingspaceglobalid":"25F29DC7-3DC3-4409-9762-1ED94C5A9841","createddate":"2016-07-27 12:54:15.0000000","dbh":"2","planteddate":null,"updateddate":null,"geometry":"POINT(-74.03231716430182 40.61946411795354)","genusspecies":"Quercus bicolor - swamp white oak"}},{"type":"Feature","geometry":{"type":"Point","coordinates":[-73.70901944873751,40.73415254091034]},"properties":{"tpcondition":"Fair","stumpdiameter":"0","riskratingdate":"2020-03-18 19:57:25.0000000","riskrating":"7","objectid":"4017052","globalid":"2F3C409E-298E-4F11-8E6D-5F5D093BA917","tpstructure":"Full","plantingspaceglobalid":"BAA4114B-6B98-437A-961D-947E5A5B7040","createddate":"2016-06-30 10:30:20.0000000","dbh":"19","planteddate":null,"updateddate":"2020-03-18 19:57:25.0000000","geometry":"POINT(-73.70901944873751 40.73415254091034)","genusspecies":"Platanus x acerifolia - London planetree"}},{"type":"Feature","geometry":{"type":"Point","coordinates":[-73.7084644976482,40.72971877143538]},"properties":{"tpcondition":"Dead","stumpdiameter":"14","riskratingdate":"2021-08-06 15:13:00.0000000","riskrating":"8","objectid":"4017053","globalid":"54AF868F-E122-4CDC-B42F-5407BDF2A35B","tpstructure":"Retired","plantingspaceglobalid":"CF7552C3-9D9A-4721-A57A-51368926BE10","createddate":"2016-06-30 10:38:00.0000000","dbh":null,"planteddate":null,"updateddate":"2023-11-15 18:36:55.0000000","geometry":"POINT(-73.7084644976482 40.72971877143538)","genusspecies":"Acer platanoides - Norway maple"}},{"type":"Feature","geometry":{"type":"Point","coordinates":[-73.7942882457651,40.76963038243719]},"properties":{"tpcondition":"Dead","stumpdiameter":"0","riskratingdate":"2023-05-18 13:31:40.0000000","riskrating":"6","objectid":"4017054","globalid":"D70993A9-0903-4F9D-A486-1D0D18E44CAD","tpstructure":"Full","plantingspaceglobalid":"2BCE8D95-6E03-4F15-AD54-B314E462B850","createddate":"2016-07-27 13:50:11.0000000","dbh":"4","planteddate":null,"updateddate":"2023-05-18 13:31:40.0000000","geometry":"POINT(-73.7942882457651 40.76963038243719)","genusspecies":"Cornus mas - Cornelian cherry"}},{"type":"Feature","geometry":{"type":"Point","coordinates":[-74.16743276754826,40.527255185359756]},"properties":{"tpcondition":"Dead","stumpdiameter":"5","riskratingdate":"2018-08-28 09:39:00.0000000","riskrating":"7","objectid":"4017055","globalid":"9F2EB3BB-CDC2-45C2-B56D-831BEA718C19","tpstructure":"Retired","plantingspaceglobalid":"E4F02DB3-3250-4CB6-B84A-8BF807F83A96","createddate":"2016-06-30 09:54:00.0000000","dbh":"5","planteddate":null,"updateddate":"2019-11-20 14:47:00.0000000","geometry":"POINT(-74.16743276754826 40.527255185359756)","genusspecies":"Acer platanoides 'Not Green Leaf' - 'Not Green Leaf' Norway maple"}},{"type":"Feature","geometry":{"type":"Point","coordinates":[-73.81629192368672,40.7921385131349]},"properties":{"tpcondition":"Fair","stumpdiameter":null,"riskratingdate":"2022-01-11 13:35:59.0000000","riskrating":"6","objectid":"4017056","globalid":"B67F81AE-7DCC-49D6-A7EA-4770C736D0EF","tpstructure":"Full","plantingspaceglobalid":"14E4A8AD-DE91-4A3E-A834-15366F742D23","createddate":"2016-06-30 10:12:08.0000000","dbh":"12","planteddate":null,"updateddate":"2022-01-11 13:35:59.0000000","geometry":"POINT(-73.81629192368672 40.7921385131349)","genusspecies":"Acer pseudoplatanus - sycamore maple"}},{"type":"Feature","geometry":{"type":"Point","coordinates":[-73.70478428903375,40.736064094239104]},"properties":{"tpcondition":"Fair","stumpdiameter":"0","riskratingdate":"2020-03-26 14:03:41.0000000","riskrating":"5","objectid":"4017057","globalid":"6472B248-960A-4E49-B31A-DAE89451EDF7","tpstructure":"Full","plantingspaceglobalid":"E1C6A469-F610-48DF-A38A-6096C10B580D","createddate":"2016-06-30 09:55:00.0000000","dbh":"6","planteddate":null,"updateddate":"2020-03-26 14:03:41.0000000","geometry":"POINT(-73.70478428903375 40.736064094239104)","genusspecies":"Thuja occidentalis - arborvitae"}},{"type":"Feature","geometry":{"type":"Point","coordinates":[-74.0349807645853,40.61440599787002]},"properties":{"tpcondition":"Good","stumpdiameter":"0","riskratingdate":null,"riskrating":null,"objectid":"4017058","globalid":"D736AE85-F039-4357-BB67-0F6698717BAD","tpstructure":"Full","plantingspaceglobalid":"7F3F73A8-BC38-420F-B6F9-E906AEDF0BDE","createddate":"2016-07-27 13:41:22.0000000","dbh":"3","planteddate":null,"updateddate":null,"geometry":"POINT(-74.0349807645853 40.61440599787002)","genusspecies":"Platanus x acerifolia - London planetree"}},{"type":"Feature","geometry":{"type":"Point","coordinates":[-73.76890675137453,40.692491678443986]},"properties":{"tpcondition":"Dead","stumpdiameter":"0","riskratingdate":null,"riskrating":null,"objectid":"4017059","globalid":"F2E09E1E-0A82-4BD9-9D91-051703E4AB82","tpstructure":"Retired","plantingspaceglobalid":"1B196D1F-473B-4D63-8A16-81D0024C236A","createddate":"2016-07-27 13:50:00.0000000","dbh":"18","planteddate":null,"updateddate":"2024-04-18 16:18:25.0000000","geometry":"POINT(-73.76890675137453 40.692491678443986)","genusspecies":"Acer platanoides - Norway maple"}},{"type":"Feature","geometry":{"type":"Point","coordinates":[-73.77188659401794,40.671313775719234]},"properties":{"tpcondition":"Good","stumpdiameter":null,"riskratingdate":"2023-09-14 12:02:46.0000000","riskrating":"8","objectid":"4017060","globalid":"6D2E3E2D-283A-4053-AF78-9EE615FD1474","tpstructure":"Full","plantingspaceglobalid":"F96B138A-D6F6-4E71-934A-6A76114069DB","createddate":"2016-06-30 10:33:02.0000000","dbh":"23","planteddate":null,"updateddate":"2023-09-14 12:02:46.0000000","geometry":"POINT(-73.77188659401794 40.671313775719234)","genusspecies":"Gleditsia triacanthos var. inermis - Thornless honeylocust"}},{"type":"Feature","geometry":{"type":"Point","coordinates":[-73.7646466758776,40.69926339057749]},"properties":{"tpcondition":"Good","stumpdiameter":"0","riskratingdate":null,"riskrating":null,"objectid":"4017061","globalid":"0B996E39-45F6-4C39-8903-43A2A8D8A93D","tpstructure":"Full","plantingspaceglobalid":"B95906EA-D186-4018-AFF5-DDFFBF1E8746","createddate":"2016-07-27 13:03:05.0000000","dbh":"3","planteddate":null,"updateddate":"2017-04-26 07:43:46.0000000","geometry":"POINT(-73.7646466758776 40.69926339057749)","genusspecies":"Prunus serrulata 'Not Green leaf' - 'Not Green leaf' Japanese flowering cherry"}},{"type":"Feature","geometry":{"type":"Point","coordinates":[-73.75099602338771,40.66781678205137]},"properties":{"tpcondition":"Dead","stumpdiameter":null,"riskratingdate":null,"riskrating":null,"objectid":"4017062","globalid":"F404231D-41E1-4B45-BCAC-14FBB492FE07","tpstructure":"Retired","plantingspaceglobalid":"75214011-C980-4FCD-826D-839F406AB776","createddate":"2016-07-27 12:53:00.0000000","dbh":"11","planteddate":null,"updateddate":"2020-04-10 23:20:00.0000000","geometry":"POINT(-73.75099602338771 40.66781678205137)","genusspecies":"Fraxinus pennsylvanica - Green ash"}},{"type":"Feature","geometry":{"type":"Point","coordinates":[-73.80919980920602,40.79161457253404]},"properties":{"tpcondition":"Good","stumpdiameter":null,"riskratingdate":"2022-01-26 18:18:45.0000000","riskrating":"5","objectid":"4017063","globalid":"DF6E1F6D-F70E-4548-AB43-66AB40D1C860","tpstructure":"Retired","plantingspaceglobalid":"0E77EE08-11C7-446A-BB0B-6FCDF2E4C1E4","createddate":"2016-06-30 10:01:39.0000000","dbh":"5","planteddate":null,"updateddate":"2022-01-26 18:19:13.0000000","geometry":"POINT(-73.80919980920602 40.79161457253404)","genusspecies":"Liquidambar styraciflua - sweetgum"}},{"type":"Feature","geometry":{"type":"Point","coordinates":[-73.82735710993597,40.66819256781181]},"properties":{"tpcondition":"Good","stumpdiameter":null,"riskratingdate":"2025-08-25 18:07:35.0000000","riskrating":"6","objectid":"4017064","globalid":"5CC4DC17-2FD0-482F-AF28-6EE590D176F5","tpstructure":"Full","plantingspaceglobalid":"EDC41678-F0FA-4D73-A117-C7DF0658B2C5","createddate":"2016-07-27 13:29:46.0000000","dbh":"13","planteddate":null,"updateddate":"2025-08-25 18:07:35.0000000","geometry":"POINT(-73.82735710993597 40.66819256781181)","genusspecies":"Ginkgo biloba - maidenhair tree"}},{"type":"Feature","geometry":{"type":"Point","coordinates":[-73.73718423583836,40.70483206713966]},"properties":{"tpcondition":"Good","stumpdiameter":"0","riskratingdate":null,"riskrating":null,"objectid":"4017065","globalid":"A88B14E5-C2E8-4FA8-962F-3F6668351CF0","tpstructure":"Full","plantingspaceglobalid":"5E2EFD9D-241A-4F9A-846F-87943AEAE333","createddate":"2016-07-27 12:54:20.0000000","dbh":"8","planteddate":null,"updateddate":"2019-03-21 16:58:11.0000000","geometry":"POINT(-73.73718423583836 40.70483206713966)","genusspecies":"Thuja occidentalis - arborvitae"}},{"type":"Feature","geometry":{"type":"Point","coordinates":[-73.7043995439619,40.75006827642809]},"properties":{"tpcondition":"Good","stumpdiameter":"0","riskratingdate":null,"riskrating":null,"objectid":"4017066","globalid":"9A7812D7-1B36-4CE7-B6CC-4437FB28F04A","tpstructure":"Full","plantingspaceglobalid":"6B6D3E9C-79B7-4FD8-960E-B089AE6319A6","createddate":"2016-06-30 09:51:29.0000000","dbh":"4","planteddate":null,"updateddate":null,"geometry":"POINT(-73.7043995439619 40.75006827642809)","genusspecies":"Platanus x acerifolia - London planetree"}},{"type":"Feature","geometry":{"type":"Point","coordinates":[-73.74946141358558,40.68880111115698]},"properties":{"tpcondition":"Good","stumpdiameter":null,"riskratingdate":"2025-06-14 16:47:18.0000000","riskrating":"5","objectid":"4017067","globalid":"EBA75926-DE98-430E-95DB-03821AB64D10","tpstructure":"Full","plantingspaceglobalid":"9D5100CB-A452-4628-AE9B-A525AD7965A2","createddate":"2016-06-30 10:03:39.0000000","dbh":"15","planteddate":null,"updateddate":"2025-06-14 16:47:18.0000000","geometry":"POINT(-73.74946141358558 40.68880111115698)","genusspecies":"Tilia cordata - littleleaf linden"}},{"type":"Feature","geometry":{"type":"Point","coordinates":[-74.01368302943307,40.6543582382731]},"properties":{"tpcondition":"Good","stumpdiameter":"0","riskratingdate":"2019-07-29 10:06:24.0000000","riskrating":"3","objectid":"4017068","globalid":"54E23BD8-FD2C-4348-8507-54E1556124A7","tpstructure":"Full","plantingspaceglobalid":"536E9FD7-3AA1-426E-9331-82DA14DF7B42","createddate":"2016-07-27 12:54:53.0000000","dbh":"4","planteddate":null,"updateddate":"2019-07-29 14:06:57.0000000","geometry":"POINT(-74.01368302943307 40.6543582382731)","genusspecies":"Gymnocladus dioicus - Kentucky coffeetree"}},{"type":"Feature","geometry":{"type":"Point","coordinates":[-73.80513217461248,40.725925187669894]},"properties":{"tpcondition":"Dead","stumpdiameter":"15","riskratingdate":"2021-11-22 16:02:00.0000000","riskrating":"9","objectid":"4017069","globalid":"D56C3B13-0472-4EC9-B3B3-3B5E01F68D6F","tpstructure":"Retired","plantingspaceglobalid":"D2C0B398-4125-4A21-87B3-33C7C0E77754","createddate":"2016-07-27 13:22:00.0000000","dbh":"15","planteddate":null,"updateddate":"2023-11-01 17:27:52.0000000","geometry":"POINT(-73.80513217461248 40.725925187669894)","genusspecies":"Tilia cordata - littleleaf linden"}},{"type":"Feature","geometry":{"type":"Point","coordinates":[-73.71146701647302,40.740383557152796]},"properties":{"tpcondition":"Good","stumpdiameter":null,"riskratingdate":"2020-11-16 20:20:58.0000000","riskrating":"7","objectid":"4017070","globalid":"D9F941D2-1091-4CA1-8331-AB3114AAA0B4","tpstructure":"Full","plantingspaceglobalid":"C74AEC78-2441-4B59-AA60-5E8E64EDE1B6","createddate":"2016-06-30 10:06:25.0000000","dbh":"15","planteddate":null,"updateddate":"2020-11-16 20:20:58.0000000","geometry":"POINT(-73.71146701647302 40.740383557152796)","genusspecies":"Gleditsia triacanthos var. inermis - Thornless honeylocust"}},{"type":"Feature","geometry":{"type":"Point","coordinates":[-73.75189569666232,40.71147362102275]},"properties":{"tpcondition":"Fair","stumpdiameter":"0","riskratingdate":null,"riskrating":null,"objectid":"4017071","globalid":"C381D1AE-36A0-410A-B7BB-7C286661DDD3","tpstructure":"Full","plantingspaceglobalid":"707C4941-38D3-458C-B100-30246C0E3B74","createddate":"2016-07-27 14:19:50.0000000","dbh":"6","planteddate":null,"updateddate":"2019-02-28 14:30:56.0000000","geometry":"POINT(-73.75189569666232 40.71147362102275)","genusspecies":"Acer rubrum - red maple"}},{"type":"Feature","geometry":{"type":"Point","coordinates":[-73.76529421592073,40.71914699108279]},"properties":{"tpcondition":"Good","stumpdiameter":"0","riskratingdate":"2020-08-05 20:50:20.0000000","riskrating":"5","objectid":"4017072","globalid":"AA1EB8FF-DDFC-44B1-95C8-67822239019A","tpstructure":"Full","plantingspaceglobalid":"75E7242D-E23C-4C11-B6D6-1EE175F29086","createddate":"2016-07-27 12:52:58.0000000","dbh":"22","planteddate":null,"updateddate":"2020-08-05 20:50:20.0000000","geometry":"POINT(-73.76529421592073 40.71914699108279)","genusspecies":"Tilia americana - American basswood"}},{"type":"Feature","geometry":{"type":"Point","coordinates":[-73.70589808170845,40.75035464403521]},"properties":{"tpcondition":"Good","stumpdiameter":null,"riskratingdate":"2020-10-27 18:41:20.0000000","riskrating":"5","objectid":"4017073","globalid":"EB132208-3BBC-48CB-8385-14DB62223516","tpstructure":"Full","plantingspaceglobalid":"6825BDDF-DE0F-4960-8A4B-4DE5BC5274B9","createddate":"2016-06-30 10:19:05.0000000","dbh":"22","planteddate":null,"updateddate":"2020-10-27 18:41:20.0000000","geometry":"POINT(-73.70589808170845 40.75035464403521)","genusspecies":"Quercus phellos - willow oak"}},{"type":"Feature","geometry":{"type":"Point","coordinates":[-73.80474190247347,40.72532198279631]},"properties":{"tpcondition":"Dead","stumpdiameter":null,"riskratingdate":"2021-10-20 11:26:17.0000000","riskrating":"6","objectid":"4017074","globalid":"CC42A91C-7BAA-4E5D-8DBC-4275181F6971","tpstructure":"Full","plantingspaceglobalid":"79334D85-A57D-4A95-AB69-58D8FA33D49D","createddate":"2016-07-27 13:23:00.0000000","dbh":"5","planteddate":null,"updateddate":"2021-10-20 11:26:17.0000000","geometry":"POINT(-73.80474190247347 40.72532198279631)","genusspecies":"Prunus cerasifera - cherry plum"}},{"type":"Feature","geometry":{"type":"Point","coordinates":[-73.71010200756754,40.73882960022005]},"properties":{"tpcondition":"Poor","stumpdiameter":null,"riskratingdate":"2025-11-03 18:36:01.0000000","riskrating":"7","objectid":"4017075","globalid":"6DCA8EEB-DBD2-4D26-A941-E6FF8CE9C773","tpstructure":"Full","plantingspaceglobalid":"50CF5A41-1B8C-4750-8B47-7C1A9703E934","createddate":"2016-06-30 10:19:42.0000000","dbh":"18","planteddate":null,"updateddate":"2025-11-03 18:36:01.0000000","geometry":"POINT(-73.71010200756754 40.73882960022005)","genusspecies":"Pyrus calleryana - Callery pear"}},{"type":"Feature","geometry":{"type":"Point","coordinates":[-73.76249744849022,40.6938549465503]},"properties":{"tpcondition":"Poor","stumpdiameter":null,"riskratingdate":"2023-08-13 22:32:00.0000000","riskrating":"9","objectid":"4017076","globalid":"5F93C0AF-4B1E-451B-A475-01066365823C","tpstructure":"Stump","plantingspaceglobalid":"8AE92E1F-C1F1-4424-BFA6-79CC47392237","createddate":"2016-07-27 13:58:00.0000000","dbh":"20","planteddate":null,"updateddate":"2025-05-05 18:26:00.0000000","geometry":"POINT(-73.76249744849022 40.6938549465503)","genusspecies":"Tilia cordata - littleleaf linden"}},{"type":"Feature","geometry":{"type":"Point","coordinates":[-73.7204563271385,40.73579449850161]},"properties":{"tpcondition":"Good","stumpdiameter":"0","riskratingdate":null,"riskrating":null,"objectid":"4017077","globalid":"A45E20C5-203D-454C-8F18-03D92198F007","tpstructure":"Full","plantingspaceglobalid":"5FB967F8-D2AB-435B-95A0-DEA21369D897","createddate":"2016-06-30 10:35:17.0000000","dbh":"2","planteddate":null,"updateddate":"2017-04-07 08:28:47.0000000","geometry":"POINT(-73.7204563271385 40.73579449850161)","genusspecies":"Quercus acutissima - sawtooth oak"}},{"type":"Feature","geometry":{"type":"Point","coordinates":[-73.78843387822238,40.750768884962184]},"properties":{"tpcondition":"Good","stumpdiameter":"0","riskratingdate":null,"riskrating":null,"objectid":"4017078","globalid":"F3192778-0FE4-4C23-98E3-7E747C32AC67","tpstructure":"Full","plantingspaceglobalid":"63A31212-967D-41CE-82CC-22A3D1DCEF2E","createddate":"2016-07-27 13:37:31.0000000","dbh":"4","planteddate":null,"updateddate":null,"geometry":"POINT(-73.78843387822238 40.750768884962184)","genusspecies":"Prunus serrulata 'Green leaf' - 'Green leaf' Japanese flowering cherry"}},{"type":"Feature","geometry":{"type":"Point","coordinates":[-74.0212931149245,40.636968682220704]},"properties":{"tpcondition":"Good","stumpdiameter":null,"riskratingdate":"2021-08-24 05:24:50.0000000","riskrating":"8","objectid":"4017079","globalid":"9CC27BEB-C70D-4F3A-8D0F-C4E7747B24A3","tpstructure":"Full","plantingspaceglobalid":"69729B71-1CAC-4DD4-8EF6-3EE5B2C01C96","createddate":"2016-07-27 12:58:00.0000000","dbh":"17","planteddate":null,"updateddate":"2021-08-24 05:24:50.0000000","geometry":"POINT(-74.0212931149245 40.636968682220704)","genusspecies":"Platanus x acerifolia - London planetree"}},{"type":"Feature","geometry":{"type":"Point","coordinates":[-73.80152833691167,40.791164643942444]},"properties":{"tpcondition":"Good","stumpdiameter":null,"riskratingdate":"2022-01-11 15:44:33.0000000","riskrating":"4","objectid":"4017080","globalid":"67A8C2C5-12F0-4579-A023-67DB75486F2C","tpstructure":"Full","plantingspaceglobalid":"2E83FFEE-2C6C-48D9-AE58-1EC6AD697029","createddate":"2016-06-30 10:12:10.0000000","dbh":"2","planteddate":null,"updateddate":"2022-01-11 15:44:33.0000000","geometry":"POINT(-73.80152833691167 40.791164643942444)","genusspecies":"Fagus grandifolia - American beech"}},{"type":"Feature","geometry":{"type":"Point","coordinates":[-73.75744343077773,40.681842298060076]},"properties":{"tpcondition":"Good","stumpdiameter":"0","riskratingdate":null,"riskrating":null,"objectid":"4017081","globalid":"AF63B77A-85C2-45CB-BFA5-BA4243D6422B","tpstructure":"Retired","plantingspaceglobalid":"4CACC25E-0CF6-43E2-AA22-F01DBF3D836F","createddate":"2016-07-27 13:28:18.0000000","dbh":"2","planteddate":null,"updateddate":"2024-12-03 16:33:50.0000000","geometry":"POINT(-73.75744343077773 40.681842298060076)","genusspecies":"Quercus rubra - northern red oak"}},{"type":"Feature","geometry":{"type":"Point","coordinates":[-73.81834817369011,40.66945594060336]},"properties":{"tpcondition":"Good","stumpdiameter":null,"riskratingdate":"2025-06-23 18:54:36.0000000","riskrating":"7","objectid":"4017082","globalid":"ED1456C4-1C5C-4FDC-A2AA-BA660D52E328","tpstructure":"Full","plantingspaceglobalid":"694E9964-4C1A-44C3-8763-61707BFDC496","createddate":"2016-07-27 12:59:05.0000000","dbh":"13","planteddate":null,"updateddate":"2025-06-23 18:54:36.0000000","geometry":"POINT(-73.81834817369011 40.66945594060336)","genusspecies":"Acer platanoides 'Not Green Leaf' - 'Not Green Leaf' Norway maple"}},{"type":"Feature","geometry":{"type":"Point","coordinates":[-73.71517440360886,40.74546985237422]},"properties":{"tpcondition":"Good","stumpdiameter":null,"riskratingdate":"2020-12-28 17:12:34.0000000","riskrating":"3","objectid":"4017083","globalid":"BBE891FA-F730-486B-B715-24F6CD7BE529","tpstructure":"Full","plantingspaceglobalid":"868A84CA-294C-41C9-B1AA-CC39A24584B5","createddate":"2016-06-30 09:58:43.0000000","dbh":"7","planteddate":null,"updateddate":"2020-12-28 17:12:34.0000000","geometry":"POINT(-73.71517440360886 40.74546985237422)","genusspecies":"Quercus palustris - pin oak"}},{"type":"Feature","geometry":{"type":"Point","coordinates":[-73.7927139304214,40.72633190696254]},"properties":{"tpcondition":"Good","stumpdiameter":"0","riskratingdate":"2020-03-09 20:07:48.0000000","riskrating":"5","objectid":"4017084","globalid":"E365E605-9ECE-4E7F-8D7D-A334BCE67522","tpstructure":"Full","plantingspaceglobalid":"CFC628A2-A1DB-475F-986F-65E72B801D50","createddate":"2016-07-27 13:21:04.0000000","dbh":"4","planteddate":null,"updateddate":"2020-03-09 20:07:48.0000000","geometry":"POINT(-73.7927139304214 40.72633190696254)","genusspecies":"Ginkgo biloba - maidenhair tree"}},{"type":"Feature","geometry":{"type":"Point","coordinates":[-73.709111372356,40.73403127880957]},"properties":{"tpcondition":"Fair","stumpdiameter":null,"riskratingdate":"2023-08-28 13:44:09.0000000","riskrating":"7","objectid":"4017086","globalid":"9EC13F69-A9FD-4718-A2B7-276C6DBC6814","tpstructure":"Full","plantingspaceglobalid":"90E4DFCD-8EB8-4EDF-A161-D58888392D4C","createddate":"2016-06-30 09:46:04.0000000","dbh":"20","planteddate":null,"updateddate":"2024-06-12 17:14:08.0000000","geometry":"POINT(-73.709111372356 40.73403127880957)","genusspecies":"Fraxinus pennsylvanica - Green ash"}},{"type":"Feature","geometry":{"type":"Point","coordinates":[-73.8605899057142,40.703220136719324]},"properties":{"tpcondition":"Poor","stumpdiameter":null,"riskratingdate":"2021-07-23 18:37:13.0000000","riskrating":"8","objectid":"4017087","globalid":"2976E0C6-C9EF-49FC-9D4D-97F72752B3F0","tpstructure":"Retired","plantingspaceglobalid":"810005CC-B70E-4231-83F3-56A3615174D6","createddate":"2016-07-27 13:31:29.0000000","dbh":"13","planteddate":null,"updateddate":"2022-09-19 15:10:19.0000000","geometry":"POINT(-73.8605899057142 40.703220136719324)","genusspecies":"Fraxinus pennsylvanica - Green ash"}},{"type":"Feature","geometry":{"type":"Point","coordinates":[-73.86387302766711,40.759744239782734]},"properties":{"tpcondition":"Dead","stumpdiameter":"0","riskratingdate":"2018-01-08 09:21:00.0000000","riskrating":"3","objectid":"4017088","globalid":"AA2123FE-02C9-40C1-B789-936A6399D33B","tpstructure":"Stump","plantingspaceglobalid":"B90740EC-87FD-43DC-8EEF-CF58736C4306","createddate":"2016-07-27 13:58:00.0000000","dbh":"11","planteddate":null,"updateddate":"2024-05-23 15:05:00.0000000","geometry":"POINT(-73.86387302766711 40.759744239782734)","genusspecies":"Acer saccharum - sugar maple"}},{"type":"Feature","geometry":{"type":"Point","coordinates":[-74.02246374923962,40.6220830533153]},"properties":{"tpcondition":"Fair","stumpdiameter":"0","riskratingdate":null,"riskrating":null,"objectid":"4017089","globalid":"25C7168D-83D7-4ED9-8957-E74548121712","tpstructure":"Full","plantingspaceglobalid":"8E10ECDA-262B-453B-85EF-F53986FC3C28","createddate":"2016-07-27 13:30:41.0000000","dbh":"8","planteddate":null,"updateddate":"2017-03-29 08:32:58.0000000","geometry":"POINT(-74.02246374923962 40.6220830533153)","genusspecies":"Zelkova serrata - Japanese zelkova"}},{"type":"Feature","geometry":{"type":"Point","coordinates":[-73.94896095339593,40.62660645577386]},"properties":{"tpcondition":"Good","stumpdiameter":null,"riskratingdate":"2025-07-04 14:09:56.0000000","riskrating":"6","objectid":"4017090","globalid":"61164110-6312-4D36-8644-F14E710AC7CD","tpstructure":"Full","plantingspaceglobalid":"FF65C430-C2D4-42EA-B57E-328C9CAA7F6B","createddate":"2016-07-27 14:20:33.0000000","dbh":"33","planteddate":null,"updateddate":"2025-07-04 14:09:56.0000000","geometry":"POINT(-73.94896095339593 40.62660645577386)","genusspecies":"Platanus x acerifolia - London planetree"}},{"type":"Feature","geometry":{"type":"Point","coordinates":[-73.80369190817466,40.768941586524974]},"properties":{"tpcondition":"Good","stumpdiameter":null,"riskratingdate":"2025-02-24 19:25:04.0000000","riskrating":"3","objectid":"4017091","globalid":"60942781-061D-4F5F-8905-BCC884730560","tpstructure":"Full","plantingspaceglobalid":"AA59B8D0-0D76-445F-943E-C7E0CE13086F","createddate":"2016-07-27 12:56:19.0000000","dbh":"19","planteddate":null,"updateddate":"2025-02-24 19:25:04.0000000","geometry":"POINT(-73.80369190817466 40.768941586524974)","genusspecies":"Tilia cordata - littleleaf linden"}},{"type":"Feature","geometry":{"type":"Point","coordinates":[-73.71347299855684,40.74351155553409]},"properties":{"tpcondition":"Dead","stumpdiameter":null,"riskratingdate":"2025-09-26 16:32:09.0000000","riskrating":"7","objectid":"4017092","globalid":"14CA6029-1BAC-4866-B231-0D57B34C17F1","tpstructure":"Full","plantingspaceglobalid":"BA72D625-4F6B-4062-9044-798C6F3169F3","createddate":"2016-06-30 10:33:21.0000000","dbh":"11","planteddate":null,"updateddate":"2025-09-26 16:32:09.0000000","geometry":"POINT(-73.71347299855684 40.74351155553409)","genusspecies":"Acer platanoides - Norway maple"}},{"type":"Feature","geometry":{"type":"Point","coordinates":[-73.87575887340417,40.70336577595346]},"properties":{"tpcondition":"Dead","stumpdiameter":"6","riskratingdate":null,"riskrating":null,"objectid":"4017093","globalid":"1C352FE5-56E8-4B55-8891-0A6132B4FA70","tpstructure":"Retired","plantingspaceglobalid":"711F256F-272E-49CA-A300-C54994018A3E","createddate":"2016-07-27 13:37:00.0000000","dbh":"3","planteddate":null,"updateddate":"2017-08-21 12:30:00.0000000","geometry":"POINT(-73.87575887340417 40.70336577595346)","genusspecies":"Prunus serrulata 'Green leaf' - 'Green leaf' Japanese flowering cherry"}},{"type":"Feature","geometry":{"type":"Point","coordinates":[-74.03216160254928,40.617408722030255]},"properties":{"tpcondition":"Good","stumpdiameter":"0","riskratingdate":null,"riskrating":null,"objectid":"4017094","globalid":"A51BE031-1B31-474D-9AB7-ABB6CEE1431C","tpstructure":"Full","plantingspaceglobalid":"7504B355-9D36-4FA7-9DE9-A44534A98D77","createddate":"2016-07-27 13:45:53.0000000","dbh":"12","planteddate":null,"updateddate":"2017-09-02 12:34:24.0000000","geometry":"POINT(-74.03216160254928 40.617408722030255)","genusspecies":"Prunus serrulata 'Green leaf' - 'Green leaf' Japanese flowering cherry"}},{"type":"Feature","geometry":{"type":"Point","coordinates":[-73.70783814213532,40.749820288536604]},"properties":{"tpcondition":"Good","stumpdiameter":null,"riskratingdate":"2020-10-30 18:30:51.0000000","riskrating":"6","objectid":"4017095","globalid":"7DBB1279-1E69-419A-A3A1-1BB579D19E7E","tpstructure":"Full","plantingspaceglobalid":"136D3D5A-931A-4716-BEE1-DFAEDDBD8F06","createddate":"2016-06-30 10:02:20.0000000","dbh":"20","planteddate":null,"updateddate":"2020-10-30 18:30:51.0000000","geometry":"POINT(-73.70783814213532 40.749820288536604)","genusspecies":"Platanus x acerifolia - London planetree"}},{"type":"Feature","geometry":{"type":"Point","coordinates":[-73.87636217278803,40.761567789848485]},"properties":{"tpcondition":"Good","stumpdiameter":"0","riskratingdate":null,"riskrating":null,"objectid":"4017096","globalid":"53F16E82-5781-4C1E-8F6C-4C1DADE1E489","tpstructure":"Full","plantingspaceglobalid":"4DEEA188-BFC8-4AC7-8046-6AEB1B3E7903","createddate":"2016-07-27 13:35:38.0000000","dbh":"14","planteddate":null,"updateddate":"2018-12-04 18:37:43.0000000","geometry":"POINT(-73.87636217278803 40.761567789848485)","genusspecies":"Gleditsia triacanthos var. inermis - Thornless honeylocust"}},{"type":"Feature","geometry":{"type":"Point","coordinates":[-73.7527385353017,40.72562896516774]},"properties":{"tpcondition":"Good","stumpdiameter":"0","riskratingdate":null,"riskrating":null,"objectid":"4017097","globalid":"7555ED85-5F41-4BEA-9810-BCC1229775F1","tpstructure":"Full","plantingspaceglobalid":"F2C7FA0B-BD90-472F-BFE6-1E2FA577E1AA","createddate":"2016-06-30 10:16:27.0000000","dbh":"8","planteddate":null,"updateddate":"2017-11-22 09:40:57.0000000","geometry":"POINT(-73.7527385353017 40.72562896516774)","genusspecies":"Acer platanoides 'Not Green Leaf' - 'Not Green Leaf' Norway maple"}},{"type":"Feature","geometry":{"type":"Point","coordinates":[-73.78622000565242,40.717274102928535]},"properties":{"tpcondition":"Good","stumpdiameter":"0","riskratingdate":null,"riskrating":null,"objectid":"4017098","globalid":"62F2CCE2-C66F-4333-9EA8-45264C0285B4","tpstructure":"Full","plantingspaceglobalid":"8A28D46D-EF43-4249-930B-C8B215B54971","createddate":"2016-07-27 12:49:20.0000000","dbh":"3","planteddate":null,"updateddate":"2017-01-06 06:46:55.0000000","geometry":"POINT(-73.78622000565242 40.717274102928535)","genusspecies":"Quercus bicolor - swamp white oak"}},{"type":"Feature","geometry":{"type":"Point","coordinates":[-73.75319957703273,40.67057170366945]},"properties":{"tpcondition":"Good","stumpdiameter":"0","riskratingdate":null,"riskrating":null,"objectid":"4017099","globalid":"F45708FA-DC8C-4774-B13B-A3D16C0D57F1","tpstructure":"Full","plantingspaceglobalid":"58C74988-2E9A-4218-9360-997F4D8AF4D9","createddate":"2016-06-30 09:53:19.0000000","dbh":"5","planteddate":null,"updateddate":null,"geometry":"POINT(-73.75319957703273 40.67057170366945)","genusspecies":"Pyrus calleryana - Callery pear"}},{"type":"Feature","geometry":{"type":"Point","coordinates":[-73.71056065148774,40.729900533308616]},"properties":{"tpcondition":"Fair","stumpdiameter":null,"riskratingdate":"2020-11-09 17:01:00.0000000","riskrating":"10","objectid":"4017100","globalid":"F428C702-A59C-4D0F-8804-05FB72CB981A","tpstructure":"Full","plantingspaceglobalid":"0B2E8EA1-584E-429C-A5E8-89611D50DB37","createddate":"2016-06-30 10:35:00.0000000","dbh":"20","planteddate":null,"updateddate":"2024-09-18 14:59:17.0000000","geometry":"POINT(-73.71056065148774 40.729900533308616)","genusspecies":"Acer platanoides - Norway maple"}},{"type":"Feature","geometry":{"type":"Point","coordinates":[-73.82154111039388,40.77732286132135]},"properties":{"tpcondition":"Good","stumpdiameter":null,"riskratingdate":"2025-10-21 15:37:06.0000000","riskrating":"4","objectid":"4017101","globalid":"89E2E0A6-6CA2-4D22-B843-C373C4EAC972","tpstructure":"Full","plantingspaceglobalid":"6EF2EF3C-6CDE-4EBF-BB68-0B534A4B541E","createddate":"2016-07-27 13:21:51.0000000","dbh":"31","planteddate":null,"updateddate":"2025-10-21 15:37:06.0000000","geometry":"POINT(-73.82154111039388 40.77732286132135)","genusspecies":"Platanus x acerifolia - London planetree"}},{"type":"Feature","geometry":{"type":"Point","coordinates":[-73.7581931182579,40.71628069598619]},"properties":{"tpcondition":"Dead","stumpdiameter":"21","riskratingdate":null,"riskrating":null,"objectid":"4017102","globalid":"B7A71CB7-F7D1-441B-B718-1C84AE14A4C1","tpstructure":"Retired","plantingspaceglobalid":"148CE336-7C9B-49B0-9A15-81DB6FFADF75","createddate":"2016-07-27 13:56:01.0000000","dbh":"0","planteddate":null,"updateddate":"2024-03-19 14:58:00.0000000","geometry":"POINT(-73.7581931182579 40.71628069598619)","genusspecies":"Unknown - Unknown"}},{"type":"Feature","geometry":{"type":"Point","coordinates":[-73.81025713687737,40.71957590495033]},"properties":{"tpcondition":"Good","stumpdiameter":"0","riskratingdate":null,"riskrating":null,"objectid":"4017103","globalid":"643496AA-508E-4083-BE49-99F873325533","tpstructure":"Full","plantingspaceglobalid":"626A0601-E098-44D8-B571-FC68AF3A4EC3","createddate":"2016-07-27 13:53:06.0000000","dbh":"4","planteddate":null,"updateddate":null,"geometry":"POINT(-73.81025713687737 40.71957590495033)","genusspecies":"Zelkova serrata - Japanese zelkova"}},{"type":"Feature","geometry":{"type":"Point","coordinates":[-73.75245079499649,40.71228909300394]},"properties":{"tpcondition":"Good","stumpdiameter":"0","riskratingdate":null,"riskrating":null,"objectid":"4017104","globalid":"AE55CCB3-DCE3-40F7-9BAC-D74B27D1948F","tpstructure":"Retired","plantingspaceglobalid":"7BDD4506-094C-4D7C-8890-6DF1AD8ABC1C","createddate":"2016-07-27 12:56:00.0000000","dbh":"16","planteddate":null,"updateddate":"2017-01-25 21:30:00.0000000","geometry":"POINT(-73.75245079499649 40.71228909300394)","genusspecies":"Acer rubrum - red maple"}},{"type":"Feature","geometry":{"type":"Point","coordinates":[-73.95369284486164,40.62668366401422]},"properties":{"tpcondition":"Fair","stumpdiameter":null,"riskratingdate":"2022-01-12 12:20:46.0000000","riskrating":"6","objectid":"4017105","globalid":"1E463348-EAF7-4538-978D-D5C0871D4A85","tpstructure":"Full","plantingspaceglobalid":"79DA47C8-AA42-4923-B4CA-A99E9907150D","createddate":"2016-07-27 13:50:12.0000000","dbh":"21","planteddate":null,"updateddate":"2022-01-12 12:20:46.0000000","geometry":"POINT(-73.95369284486164 40.62668366401422)","genusspecies":"Robinia pseudoacacia - black locust"}},{"type":"Feature","geometry":{"type":"Point","coordinates":[-73.7221273727659,40.739929123124405]},"properties":{"tpcondition":"Good","stumpdiameter":null,"riskratingdate":"2025-09-03 14:51:25.0000000","riskrating":"6","objectid":"4017106","globalid":"C76FD754-144B-4EF7-ACAE-A06F227BA4FB","tpstructure":"Full","plantingspaceglobalid":"F7FAF4DF-E5A1-4AD7-A892-06F7D3A034A8","createddate":"2016-06-30 10:13:00.0000000","dbh":"36","planteddate":null,"updateddate":"2025-09-03 14:51:25.0000000","geometry":"POINT(-73.7221273727659 40.739929123124405)","genusspecies":"Platanus occidentalis - American sycamore"}},{"type":"Feature","geometry":{"type":"Point","coordinates":[-73.81005654150538,40.77095202938775]},"properties":{"tpcondition":"Fair","stumpdiameter":"0","riskratingdate":null,"riskrating":null,"objectid":"4017107","globalid":"2649A390-365C-4B67-95C1-A4D2D527F9F2","tpstructure":"Full","plantingspaceglobalid":"9A321869-E421-46DB-9A40-04372A2F0012","createddate":"2016-07-27 13:23:29.0000000","dbh":"14","planteddate":null,"updateddate":"2017-08-09 12:36:41.0000000","geometry":"POINT(-73.81005654150538 40.77095202938775)","genusspecies":"Quercus robur - English oak"}},{"type":"Feature","geometry":{"type":"Point","coordinates":[-73.70760480851617,40.731482941212256]},"properties":{"tpcondition":"Fair","stumpdiameter":null,"riskratingdate":"2021-04-29 14:08:40.0000000","riskrating":"7","objectid":"4017108","globalid":"1199815A-0543-45DF-AB9E-7F89BF88B9D3","tpstructure":"Full","plantingspaceglobalid":"83161CF4-9E14-493A-99EA-37F621B1A89B","createddate":"2016-06-30 09:57:01.0000000","dbh":"18","planteddate":null,"updateddate":"2021-04-29 14:08:40.0000000","geometry":"POINT(-73.70760480851617 40.731482941212256)","genusspecies":"Gleditsia triacanthos var. inermis - Thornless honeylocust"}},{"type":"Feature","geometry":{"type":"Point","coordinates":[-73.7423819303872,40.71144911924127]},"properties":{"tpcondition":"Good","stumpdiameter":"0","riskratingdate":null,"riskrating":null,"objectid":"4017109","globalid":"99C05ED6-F96A-4757-A516-117F05395391","tpstructure":"Full","plantingspaceglobalid":"845BBC08-2422-49A6-B399-E31B56ABB1D0","createddate":"2016-07-27 13:26:01.0000000","dbh":"8","planteddate":null,"updateddate":"2019-03-12 16:39:13.0000000","geometry":"POINT(-73.7423819303872 40.71144911924127)","genusspecies":"Prunus serrulata 'Green leaf' - 'Green leaf' Japanese flowering cherry"}},{"type":"Feature","geometry":{"type":"Point","coordinates":[-73.80616023499758,40.72423145312164]},"properties":{"tpcondition":"Good","stumpdiameter":null,"riskratingdate":"2024-03-26 14:04:43.0000000","riskrating":"7","objectid":"4017110","globalid":"CC2F7EEE-5ED6-4587-84EC-0AC9B7B7680D","tpstructure":"Full","plantingspaceglobalid":"59038F21-6776-4CC9-B321-775353EAAC18","createddate":"2016-07-27 13:04:01.0000000","dbh":"22","planteddate":null,"updateddate":"2024-03-26 14:04:43.0000000","geometry":"POINT(-73.80616023499758 40.72423145312164)","genusspecies":"Fraxinus pennsylvanica - Green ash"}},{"type":"Feature","geometry":{"type":"Point","coordinates":[-73.802017056337,40.789313188211]},"properties":{"tpcondition":"Poor","stumpdiameter":null,"riskratingdate":"2024-02-02 13:12:09.0000000","riskrating":"5","objectid":"4017111","globalid":"8FD898E0-2312-4359-802C-3DDD3AD37D10","tpstructure":"Full","plantingspaceglobalid":"BC46EA3D-FAC6-4E5E-AC09-B6218E005EF0","createddate":"2016-07-27 13:24:13.0000000","dbh":"15","planteddate":null,"updateddate":"2024-02-02 13:12:09.0000000","geometry":"POINT(-73.802017056337 40.789313188211)","genusspecies":"Tilia americana - American basswood"}},{"type":"Feature","geometry":{"type":"Point","coordinates":[-73.81359711480059,40.795324552454595]},"properties":{"tpcondition":"Dead","stumpdiameter":null,"riskratingdate":"2022-03-15 16:23:00.0000000","riskrating":"8","objectid":"4017112","globalid":"C5983771-5218-446C-9ABA-353D5C4FA520","tpstructure":"Stump","plantingspaceglobalid":"83FDAAD5-706D-40BB-B93D-69D4F268DE2F","createddate":"2016-06-30 10:35:00.0000000","dbh":"19","planteddate":null,"updateddate":"2024-11-12 18:54:00.0000000","geometry":"POINT(-73.81359711480059 40.795324552454595)","genusspecies":"Acer platanoides - Norway maple"}},{"type":"Feature","geometry":{"type":"Point","coordinates":[-74.0336451174389,40.6288100568563]},"properties":{"tpcondition":"Good","stumpdiameter":null,"riskratingdate":"2024-12-11 16:38:22.0000000","riskrating":"3","objectid":"4017113","globalid":"5016DF36-B61B-4178-A07B-0BECE41628D0","tpstructure":"Full","plantingspaceglobalid":"639C744B-E46F-4C6D-8448-AB9D0712E30D","createddate":"2016-07-27 13:41:27.0000000","dbh":"19","planteddate":null,"updateddate":"2024-12-11 16:38:22.0000000","geometry":"POINT(-74.0336451174389 40.6288100568563)","genusspecies":"Platanus x acerifolia - London planetree"}},{"type":"Feature","geometry":{"type":"Point","coordinates":[-73.79600409669459,40.79032016087647]},"properties":{"tpcondition":"Dead","stumpdiameter":"8","riskratingdate":"2023-12-21 17:36:30.0000000","riskrating":"7","objectid":"4017114","globalid":"46490D72-34CF-4E9A-88F5-67C9525C24A2","tpstructure":"Stump","plantingspaceglobalid":"D19B6A47-59C3-40A5-8758-EFDE57CC8467","createddate":"2016-06-30 10:17:21.0000000","dbh":"10","planteddate":null,"updateddate":"2024-05-14 14:47:03.0000000","geometry":"POINT(-73.79600409669459 40.79032016087647)","genusspecies":"Pyrus calleryana - Callery pear"}},{"type":"Feature","geometry":{"type":"Point","coordinates":[-73.71586945827463,40.72888952937197]},"properties":{"tpcondition":"Good","stumpdiameter":"0","riskratingdate":null,"riskrating":null,"objectid":"4017115","globalid":"8E83AE6B-2D05-43D9-8689-BC30EB1C58E2","tpstructure":"Full","plantingspaceglobalid":"88A196E7-DB86-4E09-A6CA-4E5452D80F00","createddate":"2016-06-30 10:22:37.0000000","dbh":"3","planteddate":null,"updateddate":"2017-04-10 11:12:09.0000000","geometry":"POINT(-73.71586945827463 40.72888952937197)","genusspecies":"Malus - apple"}},{"type":"Feature","geometry":{"type":"Point","coordinates":[-73.80330214672509,40.720626728713476]},"properties":{"tpcondition":"Good","stumpdiameter":"0","riskratingdate":null,"riskrating":null,"objectid":"4017116","globalid":"C0FAE9F8-FB52-4F7B-88C9-BD2EE2B8CF79","tpstructure":"Full","plantingspaceglobalid":"3C89282C-11E4-40DA-9DC8-A8AA873B177B","createddate":"2016-07-27 12:47:00.0000000","dbh":"3","planteddate":null,"updateddate":"2020-03-19 18:07:00.0000000","geometry":"POINT(-73.80330214672509 40.720626728713476)","genusspecies":"Syringa reticulata - Japanese tree lilac"}},{"type":"Feature","geometry":{"type":"Point","coordinates":[-73.73589162482268,40.72051863276544]},"properties":{"tpcondition":"Good","stumpdiameter":null,"riskratingdate":"2025-10-26 20:37:20.0000000","riskrating":"9","objectid":"4017117","globalid":"42122390-4B08-4021-92F6-19E08AF6076C","tpstructure":"Full","plantingspaceglobalid":"AC73352F-BAF5-48D6-8C3D-C1797EEDF3F4","createddate":"2016-06-30 10:27:17.0000000","dbh":"34","planteddate":null,"updateddate":"2025-10-26 20:37:20.0000000","geometry":"POINT(-73.73589162482268 40.72051863276544)","genusspecies":"Quercus palustris - pin oak"}},{"type":"Feature","geometry":{"type":"Point","coordinates":[-73.79613890975945,40.78736638587248]},"properties":{"tpcondition":"Fair","stumpdiameter":null,"riskratingdate":"2025-10-12 20:26:57.0000000","riskrating":"7","objectid":"4017118","globalid":"E54221BD-CA42-48C5-9C4C-5665A19282C4","tpstructure":"Full","plantingspaceglobalid":"FA225DB4-78E5-4035-BB57-3D93A7DFD769","createddate":"2016-07-27 13:21:30.0000000","dbh":"26","planteddate":null,"updateddate":"2025-10-12 20:26:57.0000000","geometry":"POINT(-73.79613890975945 40.78736638587248)","genusspecies":"Platanus x acerifolia - London planetree"}},{"type":"Feature","geometry":{"type":"Point","coordinates":[-73.70947308044586,40.750121201978175]},"properties":{"tpcondition":"Poor","stumpdiameter":null,"riskratingdate":"2023-11-20 15:46:00.0000000","riskrating":"9","objectid":"4017119","globalid":"AAECCE7B-80AD-4C30-8A9E-F87307946FF7","tpstructure":"Stump","plantingspaceglobalid":"93976931-2D4E-4568-9B75-B323ECA57623","createddate":"2016-06-30 10:35:00.0000000","dbh":"18","planteddate":null,"updateddate":"2025-04-11 21:59:00.0000000","geometry":"POINT(-73.70947308044586 40.750121201978175)","genusspecies":"Acer platanoides - Norway maple"}},{"type":"Feature","geometry":{"type":"Point","coordinates":[-73.7548953292107,40.67084488077098]},"properties":{"tpcondition":"Good","stumpdiameter":"0","riskratingdate":null,"riskrating":null,"objectid":"4017120","globalid":"DBCC2580-99AB-4FE4-B9E7-8289AB441E22","tpstructure":"Full","plantingspaceglobalid":"986C53D3-9794-4F82-BE58-60512CA01961","createddate":"2016-07-27 14:10:59.0000000","dbh":"6","planteddate":null,"updateddate":null,"geometry":"POINT(-73.7548953292107 40.67084488077098)","genusspecies":"Prunus serrulata 'Green leaf' - 'Green leaf' Japanese flowering cherry"}},{"type":"Feature","geometry":{"type":"Point","coordinates":[-73.71877007506554,40.74353473254481]},"properties":{"tpcondition":"Poor","stumpdiameter":"0","riskratingdate":"2016-09-22 09:58:57.0000000","riskrating":"3","objectid":"4017121","globalid":"5712435C-CE92-43CE-ACC7-99FBEE29A7B7","tpstructure":"Retired","plantingspaceglobalid":"43638450-3A72-41C6-B513-6E53C33023B3","createddate":"2016-06-30 10:35:00.0000000","dbh":"10","planteddate":null,"updateddate":"2017-11-21 04:11:11.0000000","geometry":"POINT(-73.71877007506554 40.74353473254481)","genusspecies":"Acer platanoides - Norway maple"}},{"type":"Feature","geometry":{"type":"Point","coordinates":[-73.81071633161193,40.757942149910036]},"properties":{"tpcondition":"Good","stumpdiameter":null,"riskratingdate":"2021-08-31 18:43:06.0000000","riskrating":"7","objectid":"4017123","globalid":"CC39CEA1-1CFD-4627-AEA0-041EE0FC172D","tpstructure":"Full","plantingspaceglobalid":"AD91B6FA-0E5B-4560-8DDA-7B8A285FFF04","createddate":"2016-07-27 14:03:06.0000000","dbh":"42","planteddate":null,"updateddate":"2021-08-31 18:43:06.0000000","geometry":"POINT(-73.81071633161193 40.757942149910036)","genusspecies":"Quercus rubra - northern red oak"}},{"type":"Feature","geometry":{"type":"Point","coordinates":[-73.72097795375296,40.74437493799879]},"properties":{"tpcondition":"Fair","stumpdiameter":"0","riskratingdate":null,"riskrating":null,"objectid":"4017124","globalid":"D7EDB234-45AD-4E97-894D-C2E60672157B","tpstructure":"Full","plantingspaceglobalid":"09F66325-3148-4733-9EF6-051C59F0010A","createddate":"2016-06-30 10:33:44.0000000","dbh":"17","planteddate":null,"updateddate":"2017-04-06 11:19:17.0000000","geometry":"POINT(-73.72097795375296 40.74437493799879)","genusspecies":"Acer platanoides - Norway maple"}},{"type":"Feature","geometry":{"type":"Point","coordinates":[-73.794137733143,40.75850531913649]},"properties":{"tpcondition":"Good","stumpdiameter":"0","riskratingdate":null,"riskrating":null,"objectid":"4017125","globalid":"35C856E4-C1D3-4DEE-81F5-4F13AA8E263A","tpstructure":"Retired","plantingspaceglobalid":"46779B39-269E-417A-94D3-AB60EC50AAE2","createddate":"2016-07-27 13:06:32.0000000","dbh":"1","planteddate":null,"updateddate":"2017-02-07 02:05:26.0000000","geometry":"POINT(-73.794137733143 40.75850531913649)","genusspecies":"Cornus mas - Cornelian cherry"}},{"type":"Feature","geometry":{"type":"Point","coordinates":[-74.0347994765816,40.62918638643096]},"properties":{"tpcondition":"Good","stumpdiameter":null,"riskratingdate":"2024-12-11 17:25:41.0000000","riskrating":"7","objectid":"4017126","globalid":"48543C98-9D17-4411-AD3D-D3D953690EBF","tpstructure":"Full","plantingspaceglobalid":"5C54D7D0-DD07-4C28-B5D8-2BBEDC7D1A0C","createddate":"2016-07-27 14:15:13.0000000","dbh":"8","planteddate":null,"updateddate":"2024-12-11 17:25:41.0000000","geometry":"POINT(-74.0347994765816 40.62918638643096)","genusspecies":"Tilia americana - American basswood"}},{"type":"Feature","geometry":{"type":"Point","coordinates":[-73.71717242123177,40.750651794293766]},"properties":{"tpcondition":"Dead","stumpdiameter":"18","riskratingdate":null,"riskrating":null,"objectid":"4017127","globalid":"29484FD2-7A84-4E58-BD42-AA7EF71CD23C","tpstructure":"Retired","plantingspaceglobalid":"23B24A8E-D0D3-4A97-B2B2-D8A3C59E689E","createddate":"2016-06-30 09:51:00.0000000","dbh":"0","planteddate":null,"updateddate":"2017-11-15 13:36:00.0000000","geometry":"POINT(-73.71717242123177 40.750651794293766)","genusspecies":"Acer platanoides - Norway maple"}},{"type":"Feature","geometry":{"type":"Point","coordinates":[-73.75843521693088,40.71335657133476]},"properties":{"tpcondition":"Good","stumpdiameter":null,"riskratingdate":"2025-09-09 15:29:53.0000000","riskrating":"5","objectid":"4017128","globalid":"6441AA30-F687-45DC-8707-0344995214FE","tpstructure":"Full","plantingspaceglobalid":"F0DB9C23-8DC1-4A2B-B9F5-D784F7B380D1","createddate":"2016-07-27 13:30:18.0000000","dbh":"11","planteddate":null,"updateddate":"2025-09-09 15:29:53.0000000","geometry":"POINT(-73.75843521693088 40.71335657133476)","genusspecies":"Platanus x acerifolia - London planetree"}},{"type":"Feature","geometry":{"type":"Point","coordinates":[-74.03537047757146,40.62707597154299]},"properties":{"tpcondition":"Fair","stumpdiameter":"0","riskratingdate":"2022-04-28 17:02:59.0000000","riskrating":"9","objectid":"4017129","globalid":"57FEF543-615E-4F3E-A445-A103420A2723","tpstructure":"Full","plantingspaceglobalid":"4DD99337-E10E-4D4B-992F-DDB9B6A4168F","createddate":"2016-07-27 13:39:00.0000000","dbh":"28","planteddate":null,"updateddate":"2022-04-28 17:02:59.0000000","geometry":"POINT(-74.03537047757146 40.62707597154299)","genusspecies":"Aesculus hippocastanum - horse chestnut"}},{"type":"Feature","geometry":{"type":"Point","coordinates":[-73.78616924857279,40.72030188947903]},"properties":{"tpcondition":"Good","stumpdiameter":null,"riskratingdate":"2020-09-25 15:36:21.0000000","riskrating":"4","objectid":"4017130","globalid":"4008D819-6F62-419B-B99F-8A47B01114F9","tpstructure":"Full","plantingspaceglobalid":"333B8136-ED5B-4174-998B-9160BEBB0C74","createddate":"2016-07-27 14:04:33.0000000","dbh":"32","planteddate":null,"updateddate":"2020-09-25 15:36:21.0000000","geometry":"POINT(-73.78616924857279 40.72030188947903)","genusspecies":"Platanus x acerifolia - London planetree"}},{"type":"Feature","geometry":{"type":"Point","coordinates":[-73.70926665240589,40.74813073242245]},"properties":{"tpcondition":"Good","stumpdiameter":null,"riskratingdate":"2020-10-20 18:40:41.0000000","riskrating":"6","objectid":"4017131","globalid":"182E71DE-ADE6-4745-8242-207153357C14","tpstructure":"Full","plantingspaceglobalid":"9B0028C2-4CB7-4AE0-B7DC-0B84F666E2C7","createddate":"2016-06-30 09:46:56.0000000","dbh":"10","planteddate":null,"updateddate":"2020-10-20 18:40:41.0000000","geometry":"POINT(-73.70926665240589 40.74813073242245)","genusspecies":"Tilia cordata - littleleaf linden"}},{"type":"Feature","geometry":{"type":"Point","coordinates":[-73.98025611339763,40.6241447425489]},"properties":{"tpcondition":"Fair","stumpdiameter":"0","riskratingdate":"2019-09-26 10:59:39.0000000","riskrating":"9","objectid":"4017132","globalid":"BFFBE62D-FB9E-4B2C-ABD0-5BA140638B09","tpstructure":"Full","plantingspaceglobalid":"FEA1A05F-8782-46E0-8EA3-F80F93F5CB4C","createddate":"2016-07-27 14:25:24.0000000","dbh":"33","planteddate":null,"updateddate":"2019-09-26 17:25:28.0000000","geometry":"POINT(-73.98025611339763 40.6241447425489)","genusspecies":"Platanus x acerifolia - London planetree"}},{"type":"Feature","geometry":{"type":"Point","coordinates":[-73.95093992739673,40.619056461193345]},"properties":{"tpcondition":"Good","stumpdiameter":null,"riskratingdate":"2024-11-04 13:55:14.0000000","riskrating":"7","objectid":"4017133","globalid":"D593C92B-5318-4C1D-BF32-CB68FB663433","tpstructure":"Full","plantingspaceglobalid":"2F879D16-9BD7-4BA0-9E32-08A99235A515","createddate":"2016-07-27 13:04:06.0000000","dbh":"22","planteddate":null,"updateddate":"2024-11-04 13:55:14.0000000","geometry":"POINT(-73.95093992739673 40.619056461193345)","genusspecies":"Platanus x acerifolia - London planetree"}},{"type":"Feature","geometry":{"type":"Point","coordinates":[-73.74669323172387,40.72999787751656]},"properties":{"tpcondition":"Fair","stumpdiameter":null,"riskratingdate":"2025-05-01 15:19:33.0000000","riskrating":"6","objectid":"4017134","globalid":"4FF296AD-6DE1-4931-BCE8-830AD460E6E6","tpstructure":"Full","plantingspaceglobalid":"35C55A69-36AA-4CF1-B198-14E383D16DE5","createddate":"2016-07-27 13:41:21.0000000","dbh":"17","planteddate":null,"updateddate":"2025-06-25 16:55:26.0000000","geometry":"POINT(-73.74669323172387 40.72999787751656)","genusspecies":"Fraxinus pennsylvanica - Green ash"}},{"type":"Feature","geometry":{"type":"Point","coordinates":[-73.82512361855093,40.66917052610141]},"properties":{"tpcondition":"Dead","stumpdiameter":"20","riskratingdate":"2017-12-29 09:10:00.0000000","riskrating":"9","objectid":"4017135","globalid":"798B085E-9152-48D5-8956-4B74A90F3DE0","tpstructure":"Retired","plantingspaceglobalid":"067843EE-565C-4F35-9F8F-08B455E49DD4","createddate":"2016-07-27 13:26:00.0000000","dbh":"0","planteddate":null,"updateddate":"2018-02-16 15:13:50.0000000","geometry":"POINT(-73.82512361855093 40.66917052610141)","genusspecies":"Fraxinus pennsylvanica - Green ash"}},{"type":"Feature","geometry":{"type":"Point","coordinates":[-73.73900079293665,40.70122248311613]},"properties":{"tpcondition":"Good","stumpdiameter":"0","riskratingdate":null,"riskrating":null,"objectid":"4017136","globalid":"246BBF19-F754-4817-AC67-5DC726B973E9","tpstructure":"Full","plantingspaceglobalid":"AB58DBB0-B1D3-4AC7-9C79-56F94A02D25C","createddate":"2016-07-27 13:56:50.0000000","dbh":"4","planteddate":null,"updateddate":"2019-03-18 13:06:27.0000000","geometry":"POINT(-73.73900079293665 40.70122248311613)","genusspecies":"Prunus serrulata 'Green leaf' - 'Green leaf' Japanese flowering cherry"}},{"type":"Feature","geometry":{"type":"Point","coordinates":[-73.70537723708344,40.75188555563485]},"properties":{"tpcondition":"Good","stumpdiameter":null,"riskratingdate":"2020-10-23 17:41:40.0000000","riskrating":"3","objectid":"4017137","globalid":"E15920BA-059A-4DFF-B68A-E7DE7F2C969F","tpstructure":"Full","plantingspaceglobalid":"675A7333-55DB-4DE1-B1DC-BD8CE899C4FE","createddate":"2016-06-30 09:53:22.0000000","dbh":"4","planteddate":null,"updateddate":"2020-10-23 17:41:40.0000000","geometry":"POINT(-73.70537723708344 40.75188555563485)","genusspecies":"Pyrus calleryana - Callery pear"}},{"type":"Feature","geometry":{"type":"Point","coordinates":[-73.76971096404839,40.70463510303075]},"properties":{"tpcondition":"Good","stumpdiameter":null,"riskratingdate":"2025-03-06 14:58:39.0000000","riskrating":"7","objectid":"4017138","globalid":"C0236364-A5EC-416D-AFD7-741B10FA9EB2","tpstructure":"Full","plantingspaceglobalid":"9DCEACAC-8771-4703-9FAC-600286055358","createddate":"2016-07-27 14:20:39.0000000","dbh":"16","planteddate":null,"updateddate":"2025-03-06 14:58:39.0000000","geometry":"POINT(-73.76971096404839 40.70463510303075)","genusspecies":"Zelkova serrata - Japanese zelkova"}},{"type":"Feature","geometry":{"type":"Point","coordinates":[-74.1632895525481,40.602747919444774]},"properties":{"tpcondition":"Good","stumpdiameter":"0","riskratingdate":null,"riskrating":null,"objectid":"4017139","globalid":"E055AA27-B6AC-41A7-B914-8BF44E79448E","tpstructure":"Full","plantingspaceglobalid":"335D01C0-97E6-43EC-A8DA-3A1FFEF33CD3","createddate":"2016-06-30 10:02:49.0000000","dbh":"13","planteddate":null,"updateddate":"2017-10-13 12:37:20.0000000","geometry":"POINT(-74.1632895525481 40.602747919444774)","genusspecies":"Acer rubrum - red maple"}},{"type":"Feature","geometry":{"type":"Point","coordinates":[-73.72547097645752,40.757791240335685]},"properties":{"tpcondition":"Fair","stumpdiameter":null,"riskratingdate":"2023-11-17 13:29:11.0000000","riskrating":"7","objectid":"4017140","globalid":"217C7C52-BD21-43B7-8E4A-0EE0057DBC24","tpstructure":"Full","plantingspaceglobalid":"DABF9590-BEF1-49E3-973C-9588A0C214B1","createddate":"2016-07-27 13:16:14.0000000","dbh":"21","planteddate":null,"updateddate":"2023-11-17 13:29:11.0000000","geometry":"POINT(-73.72547097645752 40.757791240335685)","genusspecies":"Quercus palustris - pin oak"}},{"type":"Feature","geometry":{"type":"Point","coordinates":[-73.78961362340773,40.751435958741745]},"properties":{"tpcondition":"Good","stumpdiameter":"0","riskratingdate":null,"riskrating":null,"objectid":"4017141","globalid":"0E9BE819-0012-4084-AF39-F211E84926CC","tpstructure":"Full","plantingspaceglobalid":"55EDD0AB-0EDC-4B17-A0E8-3C117616969D","createddate":"2016-07-27 13:25:02.0000000","dbh":"4","planteddate":null,"updateddate":null,"geometry":"POINT(-73.78961362340773 40.751435958741745)","genusspecies":"Zelkova serrata - Japanese zelkova"}},{"type":"Feature","geometry":{"type":"Point","coordinates":[-74.0197987242271,40.635431258852435]},"properties":{"tpcondition":"Fair","stumpdiameter":null,"riskratingdate":"2023-10-16 16:26:06.0000000","riskrating":"8","objectid":"4017142","globalid":"8CD77EEA-B74B-40B0-A6EA-468B96A5E1EC","tpstructure":"Full","plantingspaceglobalid":"B7BB937F-FEBB-4318-B25C-3F8C757C54BC","createddate":"2016-07-27 13:35:45.0000000","dbh":"16","planteddate":null,"updateddate":"2023-10-16 16:26:06.0000000","geometry":"POINT(-74.0197987242271 40.635431258852435)","genusspecies":"Platanus x acerifolia - London planetree"}}], "crs" : { "type": "name", "properties": { "name": "urn:ogc:def:crs:OGC:1.3:CRS84" } } }